observed_at,asset_id,site_id,cell_id,is_operating,operating_state,voltage_raw,rotation_raw,pressure_raw,vibration_raw,relative_vibration_z,relative_vibration_zone,generator_version
2026-08-05T23:00:00+09:00,CMP-S03-L01-01,S03,S03-L01,1,running,145.7509,450.7279,105.8066,40.9856,-0.1046,A,relation-reasoning-agent-eval-v3.1
2026-08-05T23:00:00+09:00,CMP-S03-L02-01,S03,S03-L02,1,running,173.1924,464.46,92.6773,53.3194,2.129,C,relation-reasoning-agent-eval-v3.1
2026-08-05T23:00:00+09:00,CMP-S03-L03-01,S03,S03-L03,1,running,157.5795,411.1542,94.1066,31.9429,-1.2832,B,relation-reasoning-agent-eval-v3.1
2026-08-05T23:00:00+09:00,CMP-S03-L04-01,S03,S03-L04,1,running,192.3615,451.7412,105.1127,34.7614,-0.7511,A,relation-reasoning-agent-eval-v3.1
2026-08-05T23:00:00+09:00,CMP-S03-L05-01,S03,S03-L05,1,running,163.8219,357.0403,99.3128,44.9441,0.7728,A,relation-reasoning-agent-eval-v3.1
2026-08-05T23:10:00+09:00,CMP-S03-L01-01,S03,S03-L01,1,running,166.006,468.5559,101.6525,42.7544,0.223,A,relation-reasoning-agent-eval-v3.1
2026-08-05T23:10:00+09:00,CMP-S03-L02-01,S03,S03-L02,1,running,176.7274,482.9796,98.5846,52.6751,2.0097,C,relation-reasoning-agent-eval-v3.1
2026-08-05T23:10:00+09:00,CMP-S03-L03-01,S03,S03-L03,1,running,169.7133,419.8846,91.5318,31.8012,-1.3095,B,relation-reasoning-agent-eval-v3.1
2026-08-05T23:10:00+09:00,CMP-S03-L04-01,S03,S03-L04,1,running,184.5675,410.2456,103.8526,38.9292,0.0207,A,relation-reasoning-agent-eval-v3.1
2026-08-05T23:10:00+09:00,CMP-S03-L05-01,S03,S03-L05,1,running,167.1087,346.7445,104.9328,43.5704,0.5184,A,relation-reasoning-agent-eval-v3.1
2026-08-05T23:20:00+09:00,CMP-S03-L01-01,S03,S03-L01,1,running,176.7013,493.2327,100.3535,35.9629,-1.0347,B,relation-reasoning-agent-eval-v3.1
2026-08-05T23:20:00+09:00,CMP-S03-L02-01,S03,S03-L02,1,running,158.4147,486.0165,98.6835,46.0857,0.7895,A,relation-reasoning-agent-eval-v3.1
2026-08-05T23:20:00+09:00,CMP-S03-L03-01,S03,S03-L03,1,running,176.9716,407.536,91.5081,35.1546,-0.6885,A,relation-reasoning-agent-eval-v3.1
2026-08-05T23:20:00+09:00,CMP-S03-L04-01,S03,S03-L04,1,running,199.699,466.8679,109.3998,38.4144,-0.0746,A,relation-reasoning-agent-eval-v3.1
2026-08-05T23:20:00+09:00,CMP-S03-L05-01,S03,S03-L05,1,running,168.8994,357.9568,107.4127,44.0656,0.6101,A,relation-reasoning-agent-eval-v3.1
2026-08-05T23:30:00+09:00,CMP-S03-L01-01,S03,S03-L01,1,running,183.0321,476.2636,93.0308,35.6285,-1.0966,B,relation-reasoning-agent-eval-v3.1
2026-08-05T23:30:00+09:00,CMP-S03-L02-01,S03,S03-L02,1,running,150.971,477.1791,99.8319,49.0489,1.3382,B,relation-reasoning-agent-eval-v3.1
2026-08-05T23:30:00+09:00,CMP-S03-L03-01,S03,S03-L03,1,running,163.7166,448.7676,90.4178,34.0257,-0.8975,A,relation-reasoning-agent-eval-v3.1
2026-08-05T23:30:00+09:00,CMP-S03-L04-01,S03,S03-L04,1,running,185.1575,477.5717,105.1444,35.4292,-0.6274,A,relation-reasoning-agent-eval-v3.1
2026-08-05T23:30:00+09:00,CMP-S03-L05-01,S03,S03-L05,1,running,161.6784,379.4061,102.0855,41.3465,0.1066,A,relation-reasoning-agent-eval-v3.1
2026-08-05T23:40:00+09:00,CMP-S03-L01-01,S03,S03-L01,1,running,192.5599,512.5741,89.2097,35.7174,-1.0802,B,relation-reasoning-agent-eval-v3.1
2026-08-05T23:40:00+09:00,CMP-S03-L02-01,S03,S03-L02,1,running,171.0224,501.5593,101.7132,45.6745,0.7133,A,relation-reasoning-agent-eval-v3.1
2026-08-05T23:40:00+09:00,CMP-S03-L03-01,S03,S03-L03,1,running,151.9163,423.4172,85.062,35.222,-0.676,A,relation-reasoning-agent-eval-v3.1
2026-08-05T23:40:00+09:00,CMP-S03-L04-01,S03,S03-L04,1,running,175.6697,531.9263,109.6423,35.1071,-0.6871,A,relation-reasoning-agent-eval-v3.1
2026-08-05T23:40:00+09:00,CMP-S03-L05-01,S03,S03-L05,1,running,166.1263,429.9724,97.2979,46.6089,1.0811,B,relation-reasoning-agent-eval-v3.1
2026-08-05T23:50:00+09:00,CMP-S03-L01-01,S03,S03-L01,1,running,179.5303,475.8191,89.2692,46.3244,0.8841,A,relation-reasoning-agent-eval-v3.1
2026-08-05T23:50:00+09:00,CMP-S03-L02-01,S03,S03-L02,1,running,159.548,488.9433,101.5706,48.7657,1.2858,B,relation-reasoning-agent-eval-v3.1
2026-08-05T23:50:00+09:00,CMP-S03-L03-01,S03,S03-L03,1,running,163.8612,432.693,91.4129,34.5054,-0.8087,A,relation-reasoning-agent-eval-v3.1
2026-08-05T23:50:00+09:00,CMP-S03-L04-01,S03,S03-L04,1,running,171.0519,576.1059,108.6023,29.7716,-1.6751,B,relation-reasoning-agent-eval-v3.1
2026-08-05T23:50:00+09:00,CMP-S03-L05-01,S03,S03-L05,1,running,173.0945,404.649,95.7448,40.782,0.0021,A,relation-reasoning-agent-eval-v3.1
2026-08-06T00:00:00+09:00,CMP-S03-L01-01,S03,S03-L01,1,running,165.9291,439.6048,88.9248,44.7804,0.5982,A,relation-reasoning-agent-eval-v3.1
2026-08-06T00:00:00+09:00,CMP-S03-L02-01,S03,S03-L02,1,running,152.0049,476.5858,98.7016,48.7931,1.2908,B,relation-reasoning-agent-eval-v3.1
2026-08-06T00:00:00+09:00,CMP-S03-L03-01,S03,S03-L03,1,running,172.5265,393.3996,97.5624,37.6142,-0.233,A,relation-reasoning-agent-eval-v3.1
2026-08-06T00:00:00+09:00,CMP-S03-L04-01,S03,S03-L04,1,running,162.5937,511.8715,107.0159,27.2145,-2.1487,C,relation-reasoning-agent-eval-v3.1
2026-08-06T00:00:00+09:00,CMP-S03-L05-01,S03,S03-L05,1,running,181.2257,462.6794,91.3598,39.082,-0.3128,A,relation-reasoning-agent-eval-v3.1
2026-08-06T00:10:00+09:00,CMP-S03-L01-01,S03,S03-L01,1,running,168.4413,401.9978,95.3958,48.1426,1.2208,B,relation-reasoning-agent-eval-v3.1
2026-08-06T00:10:00+09:00,CMP-S03-L02-01,S03,S03-L02,1,running,161.2909,481.6207,98.1329,50.5945,1.6244,B,relation-reasoning-agent-eval-v3.1
2026-08-06T00:10:00+09:00,CMP-S03-L03-01,S03,S03-L03,1,running,165.3342,422.9532,102.5017,43.4707,0.8515,A,relation-reasoning-agent-eval-v3.1
2026-08-06T00:10:00+09:00,CMP-S03-L04-01,S03,S03-L04,1,running,146.5012,425.7404,106.5679,32.9079,-1.0943,B,relation-reasoning-agent-eval-v3.1
2026-08-06T00:10:00+09:00,CMP-S03-L05-01,S03,S03-L05,1,running,193.7906,427.6615,95.6271,36.384,-0.8124,A,relation-reasoning-agent-eval-v3.1
2026-08-06T00:20:00+09:00,CMP-S03-L01-01,S03,S03-L01,1,running,183.1622,388.3104,105.9318,44.4549,0.5379,A,relation-reasoning-agent-eval-v3.1
2026-08-06T00:20:00+09:00,CMP-S03-L02-01,S03,S03-L02,1,running,160.2077,465.9563,95.7417,42.9328,0.2056,A,relation-reasoning-agent-eval-v3.1
2026-08-06T00:20:00+09:00,CMP-S03-L03-01,S03,S03-L03,1,running,182.515,429.1833,96.8748,44.8689,1.1104,B,relation-reasoning-agent-eval-v3.1
2026-08-06T00:20:00+09:00,CMP-S03-L04-01,S03,S03-L04,1,running,153.5171,459.5645,98.5611,40.4976,0.3112,A,relation-reasoning-agent-eval-v3.1
2026-08-06T00:20:00+09:00,CMP-S03-L05-01,S03,S03-L05,1,running,196.4599,418.3436,104.1744,42.0789,0.2422,A,relation-reasoning-agent-eval-v3.1
2026-08-06T00:30:00+09:00,CMP-S03-L01-01,S03,S03-L01,1,running,181.7046,384.0763,103.2185,38.0514,-0.6479,A,relation-reasoning-agent-eval-v3.1
2026-08-06T00:30:00+09:00,CMP-S03-L02-01,S03,S03-L02,1,running,152.5772,504.9873,97.9565,42.2646,0.0818,A,relation-reasoning-agent-eval-v3.1
2026-08-06T00:30:00+09:00,CMP-S03-L03-01,S03,S03-L03,1,running,157.5492,415.226,100.7662,43.941,0.9386,A,relation-reasoning-agent-eval-v3.1
2026-08-06T00:30:00+09:00,CMP-S03-L04-01,S03,S03-L04,1,running,156.1796,426.1208,98.2575,36.3242,-0.4617,A,relation-reasoning-agent-eval-v3.1
2026-08-06T00:30:00+09:00,CMP-S03-L05-01,S03,S03-L05,1,running,191.4297,426.2054,100.9783,43.9285,0.5847,A,relation-reasoning-agent-eval-v3.1
2026-08-06T00:40:00+09:00,CMP-S03-L01-01,S03,S03-L01,1,running,171.4433,338.7896,107.8443,35.71,-1.0815,B,relation-reasoning-agent-eval-v3.1
2026-08-06T00:40:00+09:00,CMP-S03-L02-01,S03,S03-L02,1,running,167.542,471.5227,96.9596,40.6536,-0.2165,A,relation-reasoning-agent-eval-v3.1
2026-08-06T00:40:00+09:00,CMP-S03-L03-01,S03,S03-L03,1,running,164.6038,418.8504,102.2156,48.2636,1.7391,B,relation-reasoning-agent-eval-v3.1
2026-08-06T00:40:00+09:00,CMP-S03-L04-01,S03,S03-L04,1,running,152.327,446.3107,94.8334,37.0929,-0.3194,A,relation-reasoning-agent-eval-v3.1
2026-08-06T00:40:00+09:00,CMP-S03-L05-01,S03,S03-L05,1,running,185.7678,463.273,99.1493,40.0782,-0.1283,A,relation-reasoning-agent-eval-v3.1
2026-08-06T00:50:00+09:00,CMP-S03-L01-01,S03,S03-L01,1,running,166.5327,387.0915,97.7153,39.7691,-0.3298,A,relation-reasoning-agent-eval-v3.1
2026-08-06T00:50:00+09:00,CMP-S03-L02-01,S03,S03-L02,1,running,161.485,491.9871,103.252,42.9556,0.2098,A,relation-reasoning-agent-eval-v3.1
2026-08-06T00:50:00+09:00,CMP-S03-L03-01,S03,S03-L03,1,running,152.0819,398.9578,97.9509,46.2269,1.3619,B,relation-reasoning-agent-eval-v3.1
2026-08-06T00:50:00+09:00,CMP-S03-L04-01,S03,S03-L04,1,running,165.0232,468.2366,99.5775,40.2402,0.2635,A,relation-reasoning-agent-eval-v3.1
2026-08-06T00:50:00+09:00,CMP-S03-L05-01,S03,S03-L05,1,running,172.7219,510.198,94.9369,42.634,0.345,A,relation-reasoning-agent-eval-v3.1
2026-08-06T01:00:00+09:00,CMP-S03-L01-01,S03,S03-L01,1,running,162.245,421.5813,91.7617,42.6477,0.2032,A,relation-reasoning-agent-eval-v3.1
2026-08-06T01:00:00+09:00,CMP-S03-L02-01,S03,S03-L02,1,running,169.1918,487.2606,101.2171,48.5668,1.2489,B,relation-reasoning-agent-eval-v3.1
2026-08-06T01:00:00+09:00,CMP-S03-L03-01,S03,S03-L03,1,running,172.5752,437.84,99.9695,46.8018,1.4684,B,relation-reasoning-agent-eval-v3.1
2026-08-06T01:00:00+09:00,CMP-S03-L04-01,S03,S03-L04,1,running,170.0565,502.7447,101.3572,38.8647,0.0088,A,relation-reasoning-agent-eval-v3.1
2026-08-06T01:00:00+09:00,CMP-S03-L05-01,S03,S03-L05,1,running,185.4231,548.8995,99.0978,45.9948,0.9674,A,relation-reasoning-agent-eval-v3.1
2026-08-06T01:10:00+09:00,CMP-S03-L01-01,S03,S03-L01,1,running,171.9052,446.8958,93.9439,45.6333,0.7561,A,relation-reasoning-agent-eval-v3.1
2026-08-06T01:10:00+09:00,CMP-S03-L02-01,S03,S03-L02,1,running,146.6188,496.1689,101.4011,46.1288,0.7974,A,relation-reasoning-agent-eval-v3.1
2026-08-06T01:10:00+09:00,CMP-S03-L03-01,S03,S03-L03,1,running,167.4449,453.9453,95.4871,36.0089,-0.5303,A,relation-reasoning-agent-eval-v3.1
2026-08-06T01:10:00+09:00,CMP-S03-L04-01,S03,S03-L04,1,running,155.0809,458.7084,106.5532,42.9373,0.7629,A,relation-reasoning-agent-eval-v3.1
2026-08-06T01:10:00+09:00,CMP-S03-L05-01,S03,S03-L05,1,running,170.0659,520.2946,96.7392,40.9669,0.0363,A,relation-reasoning-agent-eval-v3.1
2026-08-06T01:20:00+09:00,CMP-S03-L01-01,S03,S03-L01,1,running,155.6113,436.4903,94.045,46.1528,0.8523,A,relation-reasoning-agent-eval-v3.1
2026-08-06T01:20:00+09:00,CMP-S03-L02-01,S03,S03-L02,1,running,153.3282,451.5454,103.2243,47.3657,1.0265,B,relation-reasoning-agent-eval-v3.1
2026-08-06T01:20:00+09:00,CMP-S03-L03-01,S03,S03-L03,1,running,175.894,413.4078,85.971,32.6044,-1.1608,B,relation-reasoning-agent-eval-v3.1
2026-08-06T01:20:00+09:00,CMP-S03-L04-01,S03,S03-L04,1,running,164.2346,506.8568,106.4735,41.7663,0.5461,A,relation-reasoning-agent-eval-v3.1
2026-08-06T01:20:00+09:00,CMP-S03-L05-01,S03,S03-L05,1,running,186.653,511.1203,98.9161,44.3167,0.6566,A,relation-reasoning-agent-eval-v3.1
2026-08-06T01:30:00+09:00,CMP-S03-L01-01,S03,S03-L01,1,running,164.6682,423.3887,92.4283,47.8417,1.1651,B,relation-reasoning-agent-eval-v3.1
2026-08-06T01:30:00+09:00,CMP-S03-L02-01,S03,S03-L02,1,running,161.867,470.0459,97.9685,49.0288,1.3345,B,relation-reasoning-agent-eval-v3.1
2026-08-06T01:30:00+09:00,CMP-S03-L03-01,S03,S03-L03,1,running,182.0892,475.2025,87.7895,29.595,-1.7181,B,relation-reasoning-agent-eval-v3.1
2026-08-06T01:30:00+09:00,CMP-S03-L04-01,S03,S03-L04,1,running,163.7262,455.6191,108.7226,46.5462,1.4313,B,relation-reasoning-agent-eval-v3.1
2026-08-06T01:30:00+09:00,CMP-S03-L05-01,S03,S03-L05,1,running,169.6552,518.3015,101.2825,42.8775,0.3901,A,relation-reasoning-agent-eval-v3.1
2026-08-06T01:40:00+09:00,CMP-S03-L01-01,S03,S03-L01,1,running,166.421,484.7476,95.0883,44.2461,0.4992,A,relation-reasoning-agent-eval-v3.1
2026-08-06T01:40:00+09:00,CMP-S03-L02-01,S03,S03-L02,1,running,173.2812,493.0325,111.8202,41.3021,-0.0964,A,relation-reasoning-agent-eval-v3.1
2026-08-06T01:40:00+09:00,CMP-S03-L03-01,S03,S03-L03,1,running,179.956,475.0927,84.452,36.8403,-0.3763,A,relation-reasoning-agent-eval-v3.1
2026-08-06T01:40:00+09:00,CMP-S03-L04-01,S03,S03-L04,1,running,168.3706,450.9423,108.2189,36.6867,-0.3946,A,relation-reasoning-agent-eval-v3.1
2026-08-06T01:40:00+09:00,CMP-S03-L05-01,S03,S03-L05,1,running,182.5018,494.6198,105.772,42.8573,0.3864,A,relation-reasoning-agent-eval-v3.1
2026-08-06T01:50:00+09:00,CMP-S03-L01-01,S03,S03-L01,1,running,169.7979,476.6892,95.8163,44.9849,0.636,A,relation-reasoning-agent-eval-v3.1
2026-08-06T01:50:00+09:00,CMP-S03-L02-01,S03,S03-L02,1,running,176.3109,479.7497,109.8016,33.7662,-1.4919,B,relation-reasoning-agent-eval-v3.1
2026-08-06T01:50:00+09:00,CMP-S03-L03-01,S03,S03-L03,1,running,179.2838,426.5425,97.0122,37.9711,-0.1669,A,relation-reasoning-agent-eval-v3.1
2026-08-06T01:50:00+09:00,CMP-S03-L04-01,S03,S03-L04,1,running,183.475,467.1716,100.8309,35.674,-0.5821,A,relation-reasoning-agent-eval-v3.1
2026-08-06T01:50:00+09:00,CMP-S03-L05-01,S03,S03-L05,1,running,165.5423,494.7245,112.8491,41.4557,0.1268,A,relation-reasoning-agent-eval-v3.1
2026-08-06T02:00:00+09:00,CMP-S03-L01-01,S03,S03-L01,1,running,162.565,459.6547,102.6341,43.0122,0.2707,A,relation-reasoning-agent-eval-v3.1
2026-08-06T02:00:00+09:00,CMP-S03-L02-01,S03,S03-L02,1,running,168.2757,445.8632,109.8166,40.5193,-0.2414,A,relation-reasoning-agent-eval-v3.1
2026-08-06T02:00:00+09:00,CMP-S03-L03-01,S03,S03-L03,1,running,174.6881,452.7818,92.3898,38.9316,0.011,A,relation-reasoning-agent-eval-v3.1
2026-08-06T02:00:00+09:00,CMP-S03-L04-01,S03,S03-L04,1,running,192.166,470.1411,97.9203,40.7676,0.3612,A,relation-reasoning-agent-eval-v3.1
2026-08-06T02:00:00+09:00,CMP-S03-L05-01,S03,S03-L05,1,running,155.6609,502.7852,110.063,37.2818,-0.6461,A,relation-reasoning-agent-eval-v3.1
2026-08-06T02:10:00+09:00,CMP-S03-L01-01,S03,S03-L01,1,running,155.3234,399.3833,105.8323,40.5385,-0.1873,A,relation-reasoning-agent-eval-v3.1
2026-08-06T02:10:00+09:00,CMP-S03-L02-01,S03,S03-L02,1,running,179.8281,375.1311,113.8912,41.8446,0.0041,A,relation-reasoning-agent-eval-v3.1
2026-08-06T02:10:00+09:00,CMP-S03-L03-01,S03,S03-L03,1,running,177.9104,429.3529,84.1654,37.7379,-0.2101,A,relation-reasoning-agent-eval-v3.1
2026-08-06T02:10:00+09:00,CMP-S03-L04-01,S03,S03-L04,1,running,198.1105,458.6042,98.0093,40.757,0.3592,A,relation-reasoning-agent-eval-v3.1
2026-08-06T02:10:00+09:00,CMP-S03-L05-01,S03,S03-L05,1,running,163.9589,463.658,113.8019,33.611,-1.3259,B,relation-reasoning-agent-eval-v3.1
2026-08-06T02:20:00+09:00,CMP-S03-L01-01,S03,S03-L01,1,running,165.6154,401.4036,107.9273,38.2645,-0.6085,A,relation-reasoning-agent-eval-v3.1
2026-08-06T02:20:00+09:00,CMP-S03-L02-01,S03,S03-L02,1,running,177.5268,431.3567,112.6986,43.2738,0.2687,A,relation-reasoning-agent-eval-v3.1
2026-08-06T02:20:00+09:00,CMP-S03-L03-01,S03,S03-L03,1,running,184.0244,451.5988,93.8802,36.9999,-0.3468,A,relation-reasoning-agent-eval-v3.1
2026-08-06T02:20:00+09:00,CMP-S03-L04-01,S03,S03-L04,1,running,202.0612,450.325,99.1402,33.9958,-0.8929,A,relation-reasoning-agent-eval-v3.1
2026-08-06T02:20:00+09:00,CMP-S03-L05-01,S03,S03-L05,1,running,172.7307,435.2128,109.4345,26.4166,-2.6582,C,relation-reasoning-agent-eval-v3.1
2026-08-06T02:30:00+09:00,CMP-S03-L01-01,S03,S03-L01,1,running,153.0826,393.1565,106.5538,36.0434,-1.0198,B,relation-reasoning-agent-eval-v3.1
2026-08-06T02:30:00+09:00,CMP-S03-L02-01,S03,S03-L02,1,running,171.3364,441.6468,111.2515,46.9152,0.9431,A,relation-reasoning-agent-eval-v3.1
2026-08-06T02:30:00+09:00,CMP-S03-L03-01,S03,S03-L03,1,running,183.8468,487.9898,96.0925,35.9892,-0.5339,A,relation-reasoning-agent-eval-v3.1
2026-08-06T02:30:00+09:00,CMP-S03-L04-01,S03,S03-L04,1,running,197.2767,428.1698,104.1849,36.1992,-0.4848,A,relation-reasoning-agent-eval-v3.1
2026-08-06T02:30:00+09:00,CMP-S03-L05-01,S03,S03-L05,1,running,174.8476,423.7369,106.8432,35.0256,-1.064,B,relation-reasoning-agent-eval-v3.1
2026-08-06T02:40:00+09:00,CMP-S03-L01-01,S03,S03-L01,1,running,143.2852,462.6186,102.612,32.2627,-1.7199,B,relation-reasoning-agent-eval-v3.1
2026-08-06T02:40:00+09:00,CMP-S03-L02-01,S03,S03-L02,1,running,176.5388,430.3935,113.1113,49.3294,1.3901,B,relation-reasoning-agent-eval-v3.1
2026-08-06T02:40:00+09:00,CMP-S03-L03-01,S03,S03-L03,1,running,189.4076,497.805,87.3152,36.9417,-0.3575,A,relation-reasoning-agent-eval-v3.1
2026-08-06T02:40:00+09:00,CMP-S03-L04-01,S03,S03-L04,1,running,198.3387,437.1211,98.3626,39.5703,0.1394,A,relation-reasoning-agent-eval-v3.1
2026-08-06T02:40:00+09:00,CMP-S03-L05-01,S03,S03-L05,1,running,185.7583,418.2935,113.3294,35.7019,-0.9387,A,relation-reasoning-agent-eval-v3.1
2026-08-06T02:50:00+09:00,CMP-S03-L01-01,S03,S03-L01,1,running,159.2551,449.2737,103.4261,39.4536,-0.3883,A,relation-reasoning-agent-eval-v3.1
2026-08-06T02:50:00+09:00,CMP-S03-L02-01,S03,S03-L02,1,running,177.2618,427.322,109.9053,49.106,1.3488,B,relation-reasoning-agent-eval-v3.1
2026-08-06T02:50:00+09:00,CMP-S03-L03-01,S03,S03-L03,1,running,200.4763,498.0819,88.3205,36.6583,-0.41,A,relation-reasoning-agent-eval-v3.1
2026-08-06T02:50:00+09:00,CMP-S03-L04-01,S03,S03-L04,1,running,179.7145,452.0425,104.8006,42.4145,0.6661,A,relation-reasoning-agent-eval-v3.1
2026-08-06T02:50:00+09:00,CMP-S03-L05-01,S03,S03-L05,1,running,199.5765,457.33,114.9646,34.0616,-1.2425,B,relation-reasoning-agent-eval-v3.1
2026-08-06T03:00:00+09:00,CMP-S03-L01-01,S03,S03-L01,1,running,165.1033,414.1105,105.4314,45.3901,0.7111,A,relation-reasoning-agent-eval-v3.1
2026-08-06T03:00:00+09:00,CMP-S03-L02-01,S03,S03-L02,1,running,180.6399,451.6856,110.8221,48.3383,1.2066,B,relation-reasoning-agent-eval-v3.1
2026-08-06T03:00:00+09:00,CMP-S03-L03-01,S03,S03-L03,1,running,189.4588,543.5206,86.6664,38.9413,0.0127,A,relation-reasoning-agent-eval-v3.1
2026-08-06T03:00:00+09:00,CMP-S03-L04-01,S03,S03-L04,1,running,176.5532,443.4457,102.7057,40.2429,0.264,A,relation-reasoning-agent-eval-v3.1
2026-08-06T03:00:00+09:00,CMP-S03-L05-01,S03,S03-L05,1,running,181.144,423.2773,111.0167,35.3688,-1.0004,B,relation-reasoning-agent-eval-v3.1
2026-08-06T03:10:00+09:00,CMP-S03-L01-01,S03,S03-L01,1,running,169.3658,411.8073,102.0804,46.3049,0.8805,A,relation-reasoning-agent-eval-v3.1
2026-08-06T03:10:00+09:00,CMP-S03-L02-01,S03,S03-L02,1,running,154.804,448.2736,105.4896,48.638,1.2621,B,relation-reasoning-agent-eval-v3.1
2026-08-06T03:10:00+09:00,CMP-S03-L03-01,S03,S03-L03,1,running,168.3567,517.6814,89.12,39.571,0.1294,A,relation-reasoning-agent-eval-v3.1
2026-08-06T03:10:00+09:00,CMP-S03-L04-01,S03,S03-L04,1,running,188.4431,447.5415,98.959,38.3822,-0.0806,A,relation-reasoning-agent-eval-v3.1
2026-08-06T03:10:00+09:00,CMP-S03-L05-01,S03,S03-L05,1,running,197.1626,462.2993,103.644,34.9127,-1.0849,B,relation-reasoning-agent-eval-v3.1
2026-08-06T03:20:00+09:00,CMP-S03-L01-01,S03,S03-L01,1,running,171.7581,431.0884,96.8239,41.4991,-0.0095,A,relation-reasoning-agent-eval-v3.1
2026-08-06T03:20:00+09:00,CMP-S03-L02-01,S03,S03-L02,1,running,155.8218,411.0866,107.3102,45.1709,0.62,A,relation-reasoning-agent-eval-v3.1
2026-08-06T03:20:00+09:00,CMP-S03-L03-01,S03,S03-L03,1,running,160.0998,467.6531,90.3644,37.9174,-0.1769,A,relation-reasoning-agent-eval-v3.1
2026-08-06T03:20:00+09:00,CMP-S03-L04-01,S03,S03-L04,1,running,191.5769,405.2113,102.5424,44.9122,1.1287,B,relation-reasoning-agent-eval-v3.1
2026-08-06T03:20:00+09:00,CMP-S03-L05-01,S03,S03-L05,1,running,190.6906,444.4389,96.88,37.962,-0.5202,A,relation-reasoning-agent-eval-v3.1
2026-08-06T03:30:00+09:00,CMP-S03-L01-01,S03,S03-L01,1,running,174.4341,436.9289,96.9605,45.3208,0.6983,A,relation-reasoning-agent-eval-v3.1
2026-08-06T03:30:00+09:00,CMP-S03-L02-01,S03,S03-L02,1,running,146.3804,429.719,109.5057,41.965,0.0264,A,relation-reasoning-agent-eval-v3.1
2026-08-06T03:30:00+09:00,CMP-S03-L03-01,S03,S03-L03,1,running,165.5555,505.6185,96.9324,35.8717,-0.5557,A,relation-reasoning-agent-eval-v3.1
2026-08-06T03:30:00+09:00,CMP-S03-L04-01,S03,S03-L04,1,running,193.1375,407.8488,105.2433,48.6766,1.8258,B,relation-reasoning-agent-eval-v3.1
2026-08-06T03:30:00+09:00,CMP-S03-L05-01,S03,S03-L05,1,running,175.3326,429.5134,93.7319,42.0152,0.2304,A,relation-reasoning-agent-eval-v3.1
2026-08-06T03:40:00+09:00,CMP-S03-L01-01,S03,S03-L01,1,running,175.0618,428.5367,91.286,44.8206,0.6056,A,relation-reasoning-agent-eval-v3.1
2026-08-06T03:40:00+09:00,CMP-S03-L02-01,S03,S03-L02,1,running,170.3766,439.2404,102.9958,46.8039,0.9224,A,relation-reasoning-agent-eval-v3.1
2026-08-06T03:40:00+09:00,CMP-S03-L03-01,S03,S03-L03,1,running,167.0282,448.5081,94.2353,33.3387,-1.0248,B,relation-reasoning-agent-eval-v3.1
2026-08-06T03:40:00+09:00,CMP-S03-L04-01,S03,S03-L04,1,running,182.3395,405.3751,103.6376,43.3158,0.833,A,relation-reasoning-agent-eval-v3.1
2026-08-06T03:40:00+09:00,CMP-S03-L05-01,S03,S03-L05,1,running,186.8201,481.731,101.0251,46.3438,1.032,B,relation-reasoning-agent-eval-v3.1
2026-08-06T03:50:00+09:00,CMP-S03-L01-01,S03,S03-L01,1,running,166.9069,418.2833,96.1456,42.8655,0.2436,A,relation-reasoning-agent-eval-v3.1
2026-08-06T03:50:00+09:00,CMP-S03-L02-01,S03,S03-L02,1,running,167.4954,425.8119,107.1702,51.8526,1.8574,B,relation-reasoning-agent-eval-v3.1
2026-08-06T03:50:00+09:00,CMP-S03-L03-01,S03,S03-L03,1,running,166.6602,444.9459,94.5774,34.9844,-0.72,A,relation-reasoning-agent-eval-v3.1
2026-08-06T03:50:00+09:00,CMP-S03-L04-01,S03,S03-L04,1,running,176.9086,404.6399,99.0179,43.887,0.9388,A,relation-reasoning-agent-eval-v3.1
2026-08-06T03:50:00+09:00,CMP-S03-L05-01,S03,S03-L05,1,running,192.0652,439.2805,99.9253,43.1061,0.4324,A,relation-reasoning-agent-eval-v3.1
2026-08-06T04:00:00+09:00,CMP-S03-L01-01,S03,S03-L01,1,running,152.3342,410.692,99.145,47.668,1.1329,B,relation-reasoning-agent-eval-v3.1
2026-08-06T04:00:00+09:00,CMP-S03-L02-01,S03,S03-L02,1,running,168.3475,369.0499,111.4631,52.4059,1.9599,B,relation-reasoning-agent-eval-v3.1
2026-08-06T04:00:00+09:00,CMP-S03-L03-01,S03,S03-L03,1,running,178.5935,426.2929,92.5287,41.1419,0.4203,A,relation-reasoning-agent-eval-v3.1
2026-08-06T04:00:00+09:00,CMP-S03-L04-01,S03,S03-L04,1,running,173.2119,423.704,99.8084,43.5889,0.8836,A,relation-reasoning-agent-eval-v3.1
2026-08-06T04:00:00+09:00,CMP-S03-L05-01,S03,S03-L05,1,running,176.0638,470.8622,103.5809,41.7456,0.1805,A,relation-reasoning-agent-eval-v3.1
2026-08-06T04:10:00+09:00,CMP-S03-L01-01,S03,S03-L01,1,running,155.8687,418.5448,101.2475,42.7734,0.2265,A,relation-reasoning-agent-eval-v3.1
2026-08-06T04:10:00+09:00,CMP-S03-L02-01,S03,S03-L02,1,running,167.1273,345.9017,107.28,56.6158,2.7395,C,relation-reasoning-agent-eval-v3.1
2026-08-06T04:10:00+09:00,CMP-S03-L03-01,S03,S03-L03,1,running,177.464,427.3626,89.5982,33.4966,-0.9955,A,relation-reasoning-agent-eval-v3.1
2026-08-06T04:10:00+09:00,CMP-S03-L04-01,S03,S03-L04,1,running,177.3122,458.5652,106.2648,44.771,1.1025,B,relation-reasoning-agent-eval-v3.1
2026-08-06T04:10:00+09:00,CMP-S03-L05-01,S03,S03-L05,1,running,161.7572,451.5218,101.7422,39.8027,-0.1793,A,relation-reasoning-agent-eval-v3.1
2026-08-06T04:20:00+09:00,CMP-S03-L01-01,S03,S03-L01,1,running,153.8958,387.4711,113.9529,48.2542,1.2415,B,relation-reasoning-agent-eval-v3.1
2026-08-06T04:20:00+09:00,CMP-S03-L02-01,S03,S03-L02,1,running,161.1715,318.7756,113.0227,50.4055,1.5894,B,relation-reasoning-agent-eval-v3.1
2026-08-06T04:20:00+09:00,CMP-S03-L03-01,S03,S03-L03,1,running,168.6483,412.8043,84.5896,33.4544,-1.0033,B,relation-reasoning-agent-eval-v3.1
2026-08-06T04:20:00+09:00,CMP-S03-L04-01,S03,S03-L04,1,running,182.7416,488.074,101.1815,50.3782,2.1409,C,relation-reasoning-agent-eval-v3.1
2026-08-06T04:20:00+09:00,CMP-S03-L05-01,S03,S03-L05,1,running,172.8369,437.8267,102.0354,38.3443,-0.4494,A,relation-reasoning-agent-eval-v3.1
2026-08-06T04:30:00+09:00,CMP-S03-L01-01,S03,S03-L01,1,running,146.4136,394.4379,109.3221,48.4691,1.2813,B,relation-reasoning-agent-eval-v3.1
2026-08-06T04:30:00+09:00,CMP-S03-L02-01,S03,S03-L02,1,running,142.6337,335.1152,102.3744,50.6894,1.642,B,relation-reasoning-agent-eval-v3.1
2026-08-06T04:30:00+09:00,CMP-S03-L03-01,S03,S03-L03,1,running,167.1738,409.5789,91.1605,38.2065,-0.1233,A,relation-reasoning-agent-eval-v3.1
2026-08-06T04:30:00+09:00,CMP-S03-L04-01,S03,S03-L04,1,running,180.7486,525.3328,109.6724,42.1929,0.6251,A,relation-reasoning-agent-eval-v3.1
2026-08-06T04:30:00+09:00,CMP-S03-L05-01,S03,S03-L05,1,running,173.54,521.4941,98.7717,43.4682,0.4995,A,relation-reasoning-agent-eval-v3.1
2026-08-06T04:40:00+09:00,CMP-S03-L01-01,S03,S03-L01,1,running,132.607,407.9659,106.3954,46.2986,0.8793,A,relation-reasoning-agent-eval-v3.1
2026-08-06T04:40:00+09:00,CMP-S03-L02-01,S03,S03-L02,1,running,157.3601,392.1437,110.6052,55.1643,2.4707,C,relation-reasoning-agent-eval-v3.1
2026-08-06T04:40:00+09:00,CMP-S03-L03-01,S03,S03-L03,1,running,162.1781,412.8702,86.3054,40.8374,0.3639,A,relation-reasoning-agent-eval-v3.1
2026-08-06T04:40:00+09:00,CMP-S03-L04-01,S03,S03-L04,1,running,174.3515,479.5117,113.5971,45.4869,1.2351,B,relation-reasoning-agent-eval-v3.1
2026-08-06T04:40:00+09:00,CMP-S03-L05-01,S03,S03-L05,1,running,180.5741,498.2397,103.8743,43.5987,0.5237,A,relation-reasoning-agent-eval-v3.1
2026-08-06T04:50:00+09:00,CMP-S03-L01-01,S03,S03-L01,1,running,142.7277,384.332,112.4964,39.8204,-0.3203,A,relation-reasoning-agent-eval-v3.1
2026-08-06T04:50:00+09:00,CMP-S03-L02-01,S03,S03-L02,1,running,161.0628,407.5983,110.5154,47.646,1.0784,B,relation-reasoning-agent-eval-v3.1
2026-08-06T04:50:00+09:00,CMP-S03-L03-01,S03,S03-L03,1,running,155.1955,380.9074,81.0502,38.5045,-0.0681,A,relation-reasoning-agent-eval-v3.1
2026-08-06T04:50:00+09:00,CMP-S03-L04-01,S03,S03-L04,1,running,191.2874,441.9977,107.5149,43.5976,0.8852,A,relation-reasoning-agent-eval-v3.1
2026-08-06T04:50:00+09:00,CMP-S03-L05-01,S03,S03-L05,1,running,167.2264,503.5647,104.9481,37.0052,-0.6974,A,relation-reasoning-agent-eval-v3.1
2026-08-06T05:00:00+09:00,CMP-S03-L01-01,S03,S03-L01,1,running,162.5664,419.5055,105.957,49.0971,1.3976,B,relation-reasoning-agent-eval-v3.1
2026-08-06T05:00:00+09:00,CMP-S03-L02-01,S03,S03-L02,1,running,149.2044,380.1645,109.8837,54.2309,2.2978,C,relation-reasoning-agent-eval-v3.1
2026-08-06T05:00:00+09:00,CMP-S03-L03-01,S03,S03-L03,1,running,152.8029,404.649,81.55,42.476,0.6673,A,relation-reasoning-agent-eval-v3.1
2026-08-06T05:00:00+09:00,CMP-S03-L04-01,S03,S03-L04,1,running,194.3325,470.2807,106.1838,37.3961,-0.2632,A,relation-reasoning-agent-eval-v3.1
2026-08-06T05:00:00+09:00,CMP-S03-L05-01,S03,S03-L05,1,running,173.3046,447.8681,101.3915,38.3005,-0.4575,A,relation-reasoning-agent-eval-v3.1
2026-08-06T05:10:00+09:00,CMP-S03-L01-01,S03,S03-L01,1,running,167.2901,452.7953,104.6571,46.0115,0.8262,A,relation-reasoning-agent-eval-v3.1
2026-08-06T05:10:00+09:00,CMP-S03-L02-01,S03,S03-L02,1,running,150.4526,406.8292,103.8042,47.0704,0.9718,A,relation-reasoning-agent-eval-v3.1
2026-08-06T05:10:00+09:00,CMP-S03-L03-01,S03,S03-L03,1,running,154.6645,444.6381,82.4906,43.2074,0.8028,A,relation-reasoning-agent-eval-v3.1
2026-08-06T05:10:00+09:00,CMP-S03-L04-01,S03,S03-L04,1,running,199.3967,486.2852,111.0485,39.9015,0.2008,A,relation-reasoning-agent-eval-v3.1
2026-08-06T05:10:00+09:00,CMP-S03-L05-01,S03,S03-L05,1,running,204.7623,421.3085,103.5978,44.4863,0.688,A,relation-reasoning-agent-eval-v3.1
2026-08-06T05:20:00+09:00,CMP-S03-L01-01,S03,S03-L01,1,running,159.9243,448.3704,105.0016,51.0613,1.7613,B,relation-reasoning-agent-eval-v3.1
2026-08-06T05:20:00+09:00,CMP-S03-L02-01,S03,S03-L02,1,running,145.9175,440.8415,107.3951,45.9791,0.7697,A,relation-reasoning-agent-eval-v3.1
2026-08-06T05:20:00+09:00,CMP-S03-L03-01,S03,S03-L03,1,running,145.0201,416.7564,86.9768,40.9136,0.378,A,relation-reasoning-agent-eval-v3.1
2026-08-06T05:20:00+09:00,CMP-S03-L04-01,S03,S03-L04,1,running,184.4386,479.9469,114.7184,37.694,-0.208,A,relation-reasoning-agent-eval-v3.1
2026-08-06T05:20:00+09:00,CMP-S03-L05-01,S03,S03-L05,1,running,189.3648,488.9606,98.4406,35.2311,-1.0259,B,relation-reasoning-agent-eval-v3.1
2026-08-06T05:30:00+09:00,CMP-S03-L01-01,S03,S03-L01,1,running,148.9429,476.0606,102.9412,49.1021,1.3985,B,relation-reasoning-agent-eval-v3.1
2026-08-06T05:30:00+09:00,CMP-S03-L02-01,S03,S03-L02,1,running,162.3059,466.5154,97.5083,53.9896,2.2531,C,relation-reasoning-agent-eval-v3.1
2026-08-06T05:30:00+09:00,CMP-S03-L03-01,S03,S03-L03,1,running,155.3354,423.6804,92.4585,43.8296,0.918,A,relation-reasoning-agent-eval-v3.1
2026-08-06T05:30:00+09:00,CMP-S03-L04-01,S03,S03-L04,1,running,173.0747,453.2194,111.4608,37.3358,-0.2744,A,relation-reasoning-agent-eval-v3.1
2026-08-06T05:30:00+09:00,CMP-S03-L05-01,S03,S03-L05,1,running,182.3477,533.496,100.943,32.9226,-1.4534,B,relation-reasoning-agent-eval-v3.1
2026-08-06T05:40:00+09:00,CMP-S03-L01-01,S03,S03-L01,1,running,157.8917,435.1345,108.8228,45.3542,0.7044,A,relation-reasoning-agent-eval-v3.1
2026-08-06T05:40:00+09:00,CMP-S03-L02-01,S03,S03-L02,1,running,158.7845,508.5017,89.6334,57.5452,2.9116,C,relation-reasoning-agent-eval-v3.1
2026-08-06T05:40:00+09:00,CMP-S03-L03-01,S03,S03-L03,1,running,154.8053,401.2475,90.903,39.4562,0.1081,A,relation-reasoning-agent-eval-v3.1
2026-08-06T05:40:00+09:00,CMP-S03-L04-01,S03,S03-L04,1,running,176.2993,471.7004,109.8401,37.5955,-0.2263,A,relation-reasoning-agent-eval-v3.1
2026-08-06T05:40:00+09:00,CMP-S03-L05-01,S03,S03-L05,1,running,194.564,528.0063,103.7634,39.0807,-0.313,A,relation-reasoning-agent-eval-v3.1
2026-08-06T05:50:00+09:00,CMP-S03-L01-01,S03,S03-L01,1,running,147.1847,432.6095,101.2154,36.6278,-0.9116,A,relation-reasoning-agent-eval-v3.1
2026-08-06T05:50:00+09:00,CMP-S03-L02-01,S03,S03-L02,1,running,170.3539,434.8433,88.8391,59.5787,3.2882,D,relation-reasoning-agent-eval-v3.1
2026-08-06T05:50:00+09:00,CMP-S03-L03-01,S03,S03-L03,1,running,162.4368,436.2092,88.7965,45.2013,1.172,B,relation-reasoning-agent-eval-v3.1
2026-08-06T05:50:00+09:00,CMP-S03-L04-01,S03,S03-L04,1,running,167.0029,491.3217,116.3516,39.8748,0.1958,A,relation-reasoning-agent-eval-v3.1
2026-08-06T05:50:00+09:00,CMP-S03-L05-01,S03,S03-L05,1,running,193.5526,456.4203,104.9325,44.6419,0.7168,A,relation-reasoning-agent-eval-v3.1
2026-08-06T06:00:00+09:00,CMP-S03-L01-01,S03,S03-L01,1,running,164.3285,467.8799,98.9761,36.2342,-0.9845,A,relation-reasoning-agent-eval-v3.1
2026-08-06T06:00:00+09:00,CMP-S03-L02-01,S03,S03-L02,1,running,145.6198,410.0419,92.0789,57.7448,2.9485,C,relation-reasoning-agent-eval-v3.1
2026-08-06T06:00:00+09:00,CMP-S03-L03-01,S03,S03-L03,1,running,164.5213,454.6139,84.8688,41.2243,0.4355,A,relation-reasoning-agent-eval-v3.1
2026-08-06T06:00:00+09:00,CMP-S03-L04-01,S03,S03-L04,1,running,160.4221,470.3285,113.9233,43.051,0.784,A,relation-reasoning-agent-eval-v3.1
2026-08-06T06:00:00+09:00,CMP-S03-L05-01,S03,S03-L05,1,running,187.1963,428.001,112.31,41.843,0.1985,A,relation-reasoning-agent-eval-v3.1
2026-08-06T06:10:00+09:00,CMP-S03-L01-01,S03,S03-L01,1,running,161.0929,506.4001,92.6303,37.2191,-0.8021,A,relation-reasoning-agent-eval-v3.1
2026-08-06T06:10:00+09:00,CMP-S03-L02-01,S03,S03-L02,1,running,167.9335,409.9167,94.8474,57.4986,2.903,C,relation-reasoning-agent-eval-v3.1
2026-08-06T06:10:00+09:00,CMP-S03-L03-01,S03,S03-L03,1,running,164.1597,438.5725,82.7124,51.537,2.3453,C,relation-reasoning-agent-eval-v3.1
2026-08-06T06:10:00+09:00,CMP-S03-L04-01,S03,S03-L04,1,running,170.311,425.8546,112.0458,41.3317,0.4656,A,relation-reasoning-agent-eval-v3.1
2026-08-06T06:10:00+09:00,CMP-S03-L05-01,S03,S03-L05,1,running,170.8381,451.6988,113.1692,45.5186,0.8792,A,relation-reasoning-agent-eval-v3.1
2026-08-06T06:20:00+09:00,CMP-S03-L01-01,S03,S03-L01,1,running,167.2582,491.1774,99.9197,44.222,0.4948,A,relation-reasoning-agent-eval-v3.1
2026-08-06T06:20:00+09:00,CMP-S03-L02-01,S03,S03-L02,1,running,169.2261,459.3941,96.5481,50.3564,1.5803,B,relation-reasoning-agent-eval-v3.1
2026-08-06T06:20:00+09:00,CMP-S03-L03-01,S03,S03-L03,1,running,156.0056,407.0987,83.0737,46.7571,1.4601,B,relation-reasoning-agent-eval-v3.1
2026-08-06T06:20:00+09:00,CMP-S03-L04-01,S03,S03-L04,1,running,166.645,441.3816,110.2465,40.7242,0.3531,A,relation-reasoning-agent-eval-v3.1
2026-08-06T06:20:00+09:00,CMP-S03-L05-01,S03,S03-L05,1,running,179.054,447.9078,114.8757,41.5516,0.1446,A,relation-reasoning-agent-eval-v3.1
2026-08-06T06:30:00+09:00,CMP-S03-L01-01,S03,S03-L01,1,running,184.2243,529.5212,97.9831,40.7763,-0.1433,A,relation-reasoning-agent-eval-v3.1
2026-08-06T06:30:00+09:00,CMP-S03-L02-01,S03,S03-L02,1,running,159.0004,446.3773,98.7421,50.4546,1.5985,B,relation-reasoning-agent-eval-v3.1
2026-08-06T06:30:00+09:00,CMP-S03-L03-01,S03,S03-L03,1,running,165.2602,455.0728,84.921,43.7667,0.9063,A,relation-reasoning-agent-eval-v3.1
2026-08-06T06:30:00+09:00,CMP-S03-L04-01,S03,S03-L04,1,running,169.1204,464.3519,102.8012,37.3349,-0.2745,A,relation-reasoning-agent-eval-v3.1
2026-08-06T06:30:00+09:00,CMP-S03-L05-01,S03,S03-L05,1,running,165.7008,424.3123,113.5445,38.7277,-0.3784,A,relation-reasoning-agent-eval-v3.1
2026-08-06T06:40:00+09:00,CMP-S03-L01-01,S03,S03-L01,1,running,188.051,532.9406,108.2484,48.019,1.1979,B,relation-reasoning-agent-eval-v3.1
2026-08-06T06:40:00+09:00,CMP-S03-L02-01,S03,S03-L02,1,running,135.6888,429.6984,107.6377,54.9523,2.4314,C,relation-reasoning-agent-eval-v3.1
2026-08-06T06:40:00+09:00,CMP-S03-L03-01,S03,S03-L03,1,running,187.5769,461.7869,91.4485,39.0767,0.0378,A,relation-reasoning-agent-eval-v3.1
2026-08-06T06:40:00+09:00,CMP-S03-L04-01,S03,S03-L04,1,running,165.5307,444.6788,98.4138,37.05,-0.3273,A,relation-reasoning-agent-eval-v3.1
2026-08-06T06:40:00+09:00,CMP-S03-L05-01,S03,S03-L05,1,running,171.0905,512.7303,112.6107,33.1748,-1.4067,B,relation-reasoning-agent-eval-v3.1
2026-08-06T06:50:00+09:00,CMP-S03-L01-01,S03,S03-L01,1,running,179.1767,528.9912,102.1118,43.5534,0.371,A,relation-reasoning-agent-eval-v3.1
2026-08-06T06:50:00+09:00,CMP-S03-L02-01,S03,S03-L02,1,running,140.1664,407.135,101.7932,54.4922,2.3462,C,relation-reasoning-agent-eval-v3.1
2026-08-06T06:50:00+09:00,CMP-S03-L03-01,S03,S03-L03,1,running,193.212,434.7712,99.575,37.5267,-0.2492,A,relation-reasoning-agent-eval-v3.1
2026-08-06T06:50:00+09:00,CMP-S03-L04-01,S03,S03-L04,1,running,180.7257,410.8112,97.7012,36.2693,-0.4719,A,relation-reasoning-agent-eval-v3.1
2026-08-06T06:50:00+09:00,CMP-S03-L05-01,S03,S03-L05,1,running,174.3035,497.0202,111.0777,32.9079,-1.4561,B,relation-reasoning-agent-eval-v3.1
2026-08-06T07:00:00+09:00,CMP-S03-L01-01,S03,S03-L01,1,running,177.6076,512.6409,110.2333,43.9833,0.4506,A,relation-reasoning-agent-eval-v3.1
2026-08-06T07:00:00+09:00,CMP-S03-L02-01,S03,S03-L02,1,running,145.0833,422.1902,106.1357,51.6678,1.8232,B,relation-reasoning-agent-eval-v3.1
2026-08-06T07:00:00+09:00,CMP-S03-L03-01,S03,S03-L03,1,running,194.7765,464.6912,96.4414,36.4506,-0.4485,A,relation-reasoning-agent-eval-v3.1
2026-08-06T07:00:00+09:00,CMP-S03-L04-01,S03,S03-L04,1,running,186.1067,374.166,99.7667,42.4035,0.6641,A,relation-reasoning-agent-eval-v3.1
2026-08-06T07:00:00+09:00,CMP-S03-L05-01,S03,S03-L05,1,running,176.8972,537.4702,109.4859,33.7022,-1.309,B,relation-reasoning-agent-eval-v3.1
2026-08-06T07:10:00+09:00,CMP-S03-L01-01,S03,S03-L01,1,running,168.8224,550.3445,106.5161,39.3807,-0.4018,A,relation-reasoning-agent-eval-v3.1
2026-08-06T07:10:00+09:00,CMP-S03-L02-01,S03,S03-L02,1,running,154.3584,475.8411,100.1642,48.9507,1.32,B,relation-reasoning-agent-eval-v3.1
2026-08-06T07:10:00+09:00,CMP-S03-L03-01,S03,S03-L03,1,running,174.8205,494.3312,97.8641,41.7197,0.5273,A,relation-reasoning-agent-eval-v3.1
2026-08-06T07:10:00+09:00,CMP-S03-L04-01,S03,S03-L04,1,running,192.0164,383.6604,101.8411,36.4691,-0.4349,A,relation-reasoning-agent-eval-v3.1
2026-08-06T07:10:00+09:00,CMP-S03-L05-01,S03,S03-L05,1,running,184.8599,502.9618,103.96,32.9449,-1.4493,B,relation-reasoning-agent-eval-v3.1
2026-08-06T07:20:00+09:00,CMP-S03-L01-01,S03,S03-L01,1,running,168.7492,506.0096,111.3804,40.4713,-0.1998,A,relation-reasoning-agent-eval-v3.1
2026-08-06T07:20:00+09:00,CMP-S03-L02-01,S03,S03-L02,1,running,160.3871,431.5784,106.4095,39.4956,-0.4309,A,relation-reasoning-agent-eval-v3.1
2026-08-06T07:20:00+09:00,CMP-S03-L03-01,S03,S03-L03,1,running,156.7205,485.0983,102.6248,45.9335,1.3076,B,relation-reasoning-agent-eval-v3.1
2026-08-06T07:20:00+09:00,CMP-S03-L04-01,S03,S03-L04,1,running,184.4906,409.032,108.8709,45.0871,1.1611,B,relation-reasoning-agent-eval-v3.1
2026-08-06T07:20:00+09:00,CMP-S03-L05-01,S03,S03-L05,1,running,187.6432,446.4741,99.1533,37.4262,-0.6194,A,relation-reasoning-agent-eval-v3.1
2026-08-06T07:30:00+09:00,CMP-S03-L01-01,S03,S03-L01,1,running,160.9574,488.0109,102.031,36.287,-0.9747,A,relation-reasoning-agent-eval-v3.1
2026-08-06T07:30:00+09:00,CMP-S03-L02-01,S03,S03-L02,1,running,146.3563,425.7312,106.4478,42.8026,0.1815,A,relation-reasoning-agent-eval-v3.1
2026-08-06T07:30:00+09:00,CMP-S03-L03-01,S03,S03-L03,1,running,170.0192,526.7674,102.2861,42.2775,0.6306,A,relation-reasoning-agent-eval-v3.1
2026-08-06T07:30:00+09:00,CMP-S03-L04-01,S03,S03-L04,1,running,153.8666,483.9262,110.4361,44.7378,1.0964,B,relation-reasoning-agent-eval-v3.1
2026-08-06T07:30:00+09:00,CMP-S03-L05-01,S03,S03-L05,1,running,184.5961,440.7349,106.0202,38.6102,-0.4001,A,relation-reasoning-agent-eval-v3.1
2026-08-06T07:40:00+09:00,CMP-S03-L01-01,S03,S03-L01,1,running,155.6345,485.2998,103.9643,42.8982,0.2496,A,relation-reasoning-agent-eval-v3.1
2026-08-06T07:40:00+09:00,CMP-S03-L02-01,S03,S03-L02,1,running,149.3638,440.2199,103.639,43.8824,0.3814,A,relation-reasoning-agent-eval-v3.1
2026-08-06T07:40:00+09:00,CMP-S03-L03-01,S03,S03-L03,1,running,162.2157,484.8536,104.0662,38.378,-0.0916,A,relation-reasoning-agent-eval-v3.1
2026-08-06T07:40:00+09:00,CMP-S03-L04-01,S03,S03-L04,1,running,153.2956,490.2476,105.7208,41.5257,0.5016,A,relation-reasoning-agent-eval-v3.1
2026-08-06T07:40:00+09:00,CMP-S03-L05-01,S03,S03-L05,1,running,194.3383,440.5379,113.6569,41.8704,0.2036,A,relation-reasoning-agent-eval-v3.1
2026-08-06T07:50:00+09:00,CMP-S03-L01-01,S03,S03-L01,1,running,156.5798,466.0467,101.659,48.2587,1.2423,B,relation-reasoning-agent-eval-v3.1
2026-08-06T07:50:00+09:00,CMP-S03-L02-01,S03,S03-L02,1,running,140.609,451.8422,107.5939,44.3129,0.4612,A,relation-reasoning-agent-eval-v3.1
2026-08-06T07:50:00+09:00,CMP-S03-L03-01,S03,S03-L03,1,running,166.6125,496.2528,100.1527,41.3042,0.4503,A,relation-reasoning-agent-eval-v3.1
2026-08-06T07:50:00+09:00,CMP-S03-L04-01,S03,S03-L04,1,running,150.1565,460.4411,105.447,39.2451,0.0792,A,relation-reasoning-agent-eval-v3.1
2026-08-06T07:50:00+09:00,CMP-S03-L05-01,S03,S03-L05,1,running,185.0527,393.2857,102.9668,42.7669,0.3696,A,relation-reasoning-agent-eval-v3.1
2026-08-06T08:00:00+09:00,CMP-S03-L01-01,S03,S03-L01,1,running,182.4327,448.4679,92.8997,49.791,1.5261,B,relation-reasoning-agent-eval-v3.1
2026-08-06T08:00:00+09:00,CMP-S03-L02-01,S03,S03-L02,1,running,146.2942,420.9755,107.6961,45.1966,0.6248,A,relation-reasoning-agent-eval-v3.1
2026-08-06T08:00:00+09:00,CMP-S03-L03-01,S03,S03-L03,1,running,171.1598,479.1911,101.5179,41.5536,0.4965,A,relation-reasoning-agent-eval-v3.1
2026-08-06T08:00:00+09:00,CMP-S03-L04-01,S03,S03-L04,1,running,131.7755,417.3074,105.9796,41.9759,0.5849,A,relation-reasoning-agent-eval-v3.1
2026-08-06T08:00:00+09:00,CMP-S03-L05-01,S03,S03-L05,1,running,179.4979,370.7749,99.5386,37.7071,-0.5674,A,relation-reasoning-agent-eval-v3.1
2026-08-06T08:10:00+09:00,CMP-S03-L01-01,S03,S03-L01,1,running,190.0225,424.1025,88.2417,48.5187,1.2905,B,relation-reasoning-agent-eval-v3.1
2026-08-06T08:10:00+09:00,CMP-S03-L02-01,S03,S03-L02,1,running,152.7053,461.0563,101.1305,47.7793,1.1031,B,relation-reasoning-agent-eval-v3.1
2026-08-06T08:10:00+09:00,CMP-S03-L03-01,S03,S03-L03,1,running,174.8021,451.5621,100.3796,39.0278,0.0288,A,relation-reasoning-agent-eval-v3.1
2026-08-06T08:10:00+09:00,CMP-S03-L04-01,S03,S03-L04,1,running,130.2227,460.4938,98.7104,44.1515,0.9878,A,relation-reasoning-agent-eval-v3.1
2026-08-06T08:10:00+09:00,CMP-S03-L05-01,S03,S03-L05,1,running,169.0937,348.4994,96.525,41.9476,0.2179,A,relation-reasoning-agent-eval-v3.1
2026-08-06T08:20:00+09:00,CMP-S03-L01-01,S03,S03-L01,1,running,189.7441,430.2873,98.8427,48.9244,1.3656,B,relation-reasoning-agent-eval-v3.1
2026-08-06T08:20:00+09:00,CMP-S03-L02-01,S03,S03-L02,1,running,147.4396,469.4305,104.8905,44.308,0.4603,A,relation-reasoning-agent-eval-v3.1
2026-08-06T08:20:00+09:00,CMP-S03-L03-01,S03,S03-L03,1,running,165.3624,473.7613,102.4479,39.1658,0.0543,A,relation-reasoning-agent-eval-v3.1
2026-08-06T08:20:00+09:00,CMP-S03-L04-01,S03,S03-L04,1,running,152.9649,428.5565,101.9168,47.5733,1.6215,B,relation-reasoning-agent-eval-v3.1
2026-08-06T08:20:00+09:00,CMP-S03-L05-01,S03,S03-L05,1,running,172.7283,383.4264,92.3322,40.4125,-0.0664,A,relation-reasoning-agent-eval-v3.1
2026-08-06T08:30:00+09:00,CMP-S03-L01-01,S03,S03-L01,1,running,166.0745,404.8874,95.4207,46.62,0.9389,A,relation-reasoning-agent-eval-v3.1
2026-08-06T08:30:00+09:00,CMP-S03-L02-01,S03,S03-L02,1,running,163.363,465.3512,106.2049,43.5463,0.3192,A,relation-reasoning-agent-eval-v3.1
2026-08-06T08:30:00+09:00,CMP-S03-L03-01,S03,S03-L03,1,running,172.5262,456.8986,105.3555,34.381,-0.8317,A,relation-reasoning-agent-eval-v3.1
2026-08-06T08:30:00+09:00,CMP-S03-L04-01,S03,S03-L04,1,running,151.5932,404.5449,103.3603,48.4902,1.7913,B,relation-reasoning-agent-eval-v3.1
2026-08-06T08:30:00+09:00,CMP-S03-L05-01,S03,S03-L05,1,running,165.4707,406.181,97.808,43.3398,0.4757,A,relation-reasoning-agent-eval-v3.1
2026-08-06T08:40:00+09:00,CMP-S03-L01-01,S03,S03-L01,1,running,166.9531,388.9023,93.9373,40.0467,-0.2784,A,relation-reasoning-agent-eval-v3.1
2026-08-06T08:40:00+09:00,CMP-S03-L02-01,S03,S03-L02,1,running,155.9754,447.7767,107.9089,44.3434,0.4668,A,relation-reasoning-agent-eval-v3.1
2026-08-06T08:40:00+09:00,CMP-S03-L03-01,S03,S03-L03,1,running,171.0721,467.5197,99.6934,36.6092,-0.4191,A,relation-reasoning-agent-eval-v3.1
2026-08-06T08:40:00+09:00,CMP-S03-L04-01,S03,S03-L04,1,running,162.6872,429.1684,102.0869,40.7857,0.3645,A,relation-reasoning-agent-eval-v3.1
2026-08-06T08:40:00+09:00,CMP-S03-L05-01,S03,S03-L05,1,running,174.6416,386.6061,101.5961,41.0301,0.048,A,relation-reasoning-agent-eval-v3.1
2026-08-06T08:50:00+09:00,CMP-S03-L01-01,S03,S03-L01,1,running,160.3995,367.7914,92.9325,40.4602,-0.2019,A,relation-reasoning-agent-eval-v3.1
2026-08-06T08:50:00+09:00,CMP-S03-L02-01,S03,S03-L02,1,running,171.2142,428.4613,105.5583,45.5132,0.6834,A,relation-reasoning-agent-eval-v3.1
2026-08-06T08:50:00+09:00,CMP-S03-L03-01,S03,S03-L03,1,running,172.2512,434.5286,97.9777,38.9802,0.0199,A,relation-reasoning-agent-eval-v3.1
2026-08-06T08:50:00+09:00,CMP-S03-L04-01,S03,S03-L04,1,running,155.9005,430.9706,95.7277,41.8275,0.5574,A,relation-reasoning-agent-eval-v3.1
2026-08-06T08:50:00+09:00,CMP-S03-L05-01,S03,S03-L05,1,running,195.8434,441.5985,98.8777,33.8975,-1.2729,B,relation-reasoning-agent-eval-v3.1
2026-08-06T09:00:00+09:00,CMP-S03-L01-01,S03,S03-L01,1,running,161.5906,388.1566,94.2637,43.3559,0.3344,A,relation-reasoning-agent-eval-v3.1
2026-08-06T09:00:00+09:00,CMP-S03-L02-01,S03,S03-L02,1,running,163.1758,431.5269,101.5324,51.8658,1.8599,B,relation-reasoning-agent-eval-v3.1
2026-08-06T09:00:00+09:00,CMP-S03-L03-01,S03,S03-L03,1,running,171.8501,477.8854,96.1638,38.9529,0.0149,A,relation-reasoning-agent-eval-v3.1
2026-08-06T09:00:00+09:00,CMP-S03-L04-01,S03,S03-L04,1,running,153.7456,479.0947,102.4966,39.3507,0.0988,A,relation-reasoning-agent-eval-v3.1
2026-08-06T09:00:00+09:00,CMP-S03-L05-01,S03,S03-L05,1,running,200.7112,449.2425,109.181,35.6095,-0.9558,A,relation-reasoning-agent-eval-v3.1
2026-08-06T09:10:00+09:00,CMP-S03-L01-01,S03,S03-L01,1,running,164.6202,472.4162,90.5929,43.9991,0.4535,A,relation-reasoning-agent-eval-v3.1
2026-08-06T09:10:00+09:00,CMP-S03-L02-01,S03,S03-L02,1,running,159.3403,448.9066,100.725,49.3119,1.3869,B,relation-reasoning-agent-eval-v3.1
2026-08-06T09:10:00+09:00,CMP-S03-L03-01,S03,S03-L03,1,running,182.4231,440.5842,104.4513,33.7766,-0.9437,A,relation-reasoning-agent-eval-v3.1
2026-08-06T09:10:00+09:00,CMP-S03-L04-01,S03,S03-L04,1,running,164.6014,486.1337,105.921,29.067,-1.8056,B,relation-reasoning-agent-eval-v3.1
2026-08-06T09:10:00+09:00,CMP-S03-L05-01,S03,S03-L05,1,running,193.2824,451.5516,104.3445,39.9004,-0.1612,A,relation-reasoning-agent-eval-v3.1
2026-08-06T09:20:00+09:00,CMP-S03-L01-01,S03,S03-L01,1,running,178.4189,430.2381,92.6263,42.528,0.1811,A,relation-reasoning-agent-eval-v3.1
2026-08-06T09:20:00+09:00,CMP-S03-L02-01,S03,S03-L02,1,running,169.1583,428.2115,102.8703,47.3134,1.0168,B,relation-reasoning-agent-eval-v3.1
2026-08-06T09:20:00+09:00,CMP-S03-L03-01,S03,S03-L03,1,running,177.0299,399.3891,101.8521,33.0542,-1.0775,B,relation-reasoning-agent-eval-v3.1
2026-08-06T09:20:00+09:00,CMP-S03-L04-01,S03,S03-L04,1,running,161.0726,458.3008,102.2751,28.0673,-1.9907,B,relation-reasoning-agent-eval-v3.1
2026-08-06T09:20:00+09:00,CMP-S03-L05-01,S03,S03-L05,1,running,189.2994,436.9223,107.2907,42.2358,0.2713,A,relation-reasoning-agent-eval-v3.1
2026-08-06T09:30:00+09:00,CMP-S03-L01-01,S03,S03-L01,1,running,180.119,410.3516,93.2465,43.9616,0.4465,A,relation-reasoning-agent-eval-v3.1
2026-08-06T09:30:00+09:00,CMP-S03-L02-01,S03,S03-L02,1,running,155.8812,372.946,99.4987,48.6152,1.2579,B,relation-reasoning-agent-eval-v3.1
2026-08-06T09:30:00+09:00,CMP-S03-L03-01,S03,S03-L03,1,running,171.4723,375.5677,97.132,37.8208,-0.1947,A,relation-reasoning-agent-eval-v3.1
2026-08-06T09:30:00+09:00,CMP-S03-L04-01,S03,S03-L04,1,running,145.1979,468.6984,103.0329,28.8875,-1.8389,B,relation-reasoning-agent-eval-v3.1
2026-08-06T09:30:00+09:00,CMP-S03-L05-01,S03,S03-L05,1,running,193.582,456.3477,107.7095,42.3206,0.287,A,relation-reasoning-agent-eval-v3.1
2026-08-06T09:40:00+09:00,CMP-S03-L01-01,S03,S03-L01,1,running,179.8459,413.5507,95.8986,42.0016,0.0836,A,relation-reasoning-agent-eval-v3.1
2026-08-06T09:40:00+09:00,CMP-S03-L02-01,S03,S03-L02,1,running,147.1725,396.7477,103.3905,49.9218,1.4998,B,relation-reasoning-agent-eval-v3.1
2026-08-06T09:40:00+09:00,CMP-S03-L03-01,S03,S03-L03,1,running,165.8954,387.6156,97.7667,33.3591,-1.021,B,relation-reasoning-agent-eval-v3.1
2026-08-06T09:40:00+09:00,CMP-S03-L04-01,S03,S03-L04,1,running,158.1309,474.8288,94.3145,31.0265,-1.4428,B,relation-reasoning-agent-eval-v3.1
2026-08-06T09:40:00+09:00,CMP-S03-L05-01,S03,S03-L05,1,running,189.5849,463.3978,108.5529,39.834,-0.1735,A,relation-reasoning-agent-eval-v3.1
2026-08-06T09:50:00+09:00,CMP-S03-L01-01,S03,S03-L01,1,running,169.0157,466.8033,92.3373,47.6868,1.1364,B,relation-reasoning-agent-eval-v3.1
2026-08-06T09:50:00+09:00,CMP-S03-L02-01,S03,S03-L02,1,running,149.5507,441.7641,98.3375,44.5585,0.5066,A,relation-reasoning-agent-eval-v3.1
2026-08-06T09:50:00+09:00,CMP-S03-L03-01,S03,S03-L03,1,running,178.3076,407.149,103.1603,28.9916,-1.8298,B,relation-reasoning-agent-eval-v3.1
2026-08-06T09:50:00+09:00,CMP-S03-L04-01,S03,S03-L04,1,running,170.2762,486.1802,100.3809,34.5576,-0.7888,A,relation-reasoning-agent-eval-v3.1
2026-08-06T09:50:00+09:00,CMP-S03-L05-01,S03,S03-L05,1,running,189.5922,452.9347,108.4928,34.2068,-1.2156,B,relation-reasoning-agent-eval-v3.1
2026-08-06T10:00:00+09:00,CMP-S03-L01-01,S03,S03-L01,1,running,164.1444,477.6527,95.0088,42.4265,0.1623,A,relation-reasoning-agent-eval-v3.1
2026-08-06T10:00:00+09:00,CMP-S03-L02-01,S03,S03-L02,1,running,149.8799,417.318,100.1712,49.1851,1.3634,B,relation-reasoning-agent-eval-v3.1
2026-08-06T10:00:00+09:00,CMP-S03-L03-01,S03,S03-L03,1,running,188.6895,396.7962,98.9638,27.2321,-2.1556,C,relation-reasoning-agent-eval-v3.1
2026-08-06T10:00:00+09:00,CMP-S03-L04-01,S03,S03-L04,1,running,179.0161,445.4663,100.4187,39.9256,0.2052,A,relation-reasoning-agent-eval-v3.1
2026-08-06T10:00:00+09:00,CMP-S03-L05-01,S03,S03-L05,1,running,201.321,426.974,111.5356,36.8313,-0.7296,A,relation-reasoning-agent-eval-v3.1
2026-08-06T10:10:00+09:00,CMP-S03-L01-01,S03,S03-L01,1,running,152.9439,523.6833,94.1392,47.0655,1.0214,B,relation-reasoning-agent-eval-v3.1
2026-08-06T10:10:00+09:00,CMP-S03-L02-01,S03,S03-L02,1,running,170.0986,429.304,95.3607,46.2913,0.8275,A,relation-reasoning-agent-eval-v3.1
2026-08-06T10:10:00+09:00,CMP-S03-L03-01,S03,S03-L03,1,running,188.2251,407.6307,95.1557,27.2881,-2.1453,C,relation-reasoning-agent-eval-v3.1
2026-08-06T10:10:00+09:00,CMP-S03-L04-01,S03,S03-L04,1,running,182.8484,438.4541,91.6734,42.2747,0.6403,A,relation-reasoning-agent-eval-v3.1
2026-08-06T10:10:00+09:00,CMP-S03-L05-01,S03,S03-L05,1,running,195.7145,419.4542,104.6597,41.0028,0.0429,A,relation-reasoning-agent-eval-v3.1
2026-08-06T10:20:00+09:00,CMP-S03-L01-01,S03,S03-L01,1,running,169.3649,471.599,96.2615,43.5405,0.3686,A,relation-reasoning-agent-eval-v3.1
2026-08-06T10:20:00+09:00,CMP-S03-L02-01,S03,S03-L02,1,running,171.2016,449.8345,98.5427,40.5428,-0.237,A,relation-reasoning-agent-eval-v3.1
2026-08-06T10:20:00+09:00,CMP-S03-L03-01,S03,S03-L03,1,running,184.7026,435.4849,100.2018,28.2912,-1.9595,B,relation-reasoning-agent-eval-v3.1
2026-08-06T10:20:00+09:00,CMP-S03-L04-01,S03,S03-L04,1,running,171.2878,440.8606,96.9331,38.8332,0.0029,A,relation-reasoning-agent-eval-v3.1
2026-08-06T10:20:00+09:00,CMP-S03-L05-01,S03,S03-L05,1,running,190.6386,421.5176,103.175,34.8626,-1.0941,B,relation-reasoning-agent-eval-v3.1
2026-08-06T10:30:00+09:00,CMP-S03-L01-01,S03,S03-L01,1,running,163.5143,402.2843,98.854,45.6773,0.7643,A,relation-reasoning-agent-eval-v3.1
2026-08-06T10:30:00+09:00,CMP-S03-L02-01,S03,S03-L02,1,running,176.5261,441.3852,94.5722,47.3051,1.0153,B,relation-reasoning-agent-eval-v3.1
2026-08-06T10:30:00+09:00,CMP-S03-L03-01,S03,S03-L03,1,running,180.001,435.0241,106.2356,31.4661,-1.3715,B,relation-reasoning-agent-eval-v3.1
2026-08-06T10:30:00+09:00,CMP-S03-L04-01,S03,S03-L04,1,running,180.8936,456.998,98.0846,36.7255,-0.3874,A,relation-reasoning-agent-eval-v3.1
2026-08-06T10:30:00+09:00,CMP-S03-L05-01,S03,S03-L05,1,running,191.9508,444.7971,104.8407,41.5975,0.1531,A,relation-reasoning-agent-eval-v3.1
2026-08-06T10:40:00+09:00,CMP-S03-L01-01,S03,S03-L01,1,running,172.7941,405.645,95.0218,45.7485,0.7775,A,relation-reasoning-agent-eval-v3.1
2026-08-06T10:40:00+09:00,CMP-S03-L02-01,S03,S03-L02,1,running,179.2282,444.3565,94.9968,46.5001,0.8662,A,relation-reasoning-agent-eval-v3.1
2026-08-06T10:40:00+09:00,CMP-S03-L03-01,S03,S03-L03,1,running,197.0604,416.945,109.0231,31.823,-1.3054,B,relation-reasoning-agent-eval-v3.1
2026-08-06T10:40:00+09:00,CMP-S03-L04-01,S03,S03-L04,1,running,164.9209,493.7229,96.7681,37.3809,-0.266,A,relation-reasoning-agent-eval-v3.1
2026-08-06T10:40:00+09:00,CMP-S03-L05-01,S03,S03-L05,1,running,186.2694,426.4448,102.5058,38.6663,-0.3897,A,relation-reasoning-agent-eval-v3.1
2026-08-06T10:50:00+09:00,CMP-S03-L01-01,S03,S03-L01,1,running,171.6314,397.085,99.5346,45.377,0.7087,A,relation-reasoning-agent-eval-v3.1
2026-08-06T10:50:00+09:00,CMP-S03-L02-01,S03,S03-L02,1,running,165.3804,437.2905,96.4809,49.7953,1.4764,B,relation-reasoning-agent-eval-v3.1
2026-08-06T10:50:00+09:00,CMP-S03-L03-01,S03,S03-L03,1,running,198.7647,415.2312,104.1075,30.0418,-1.6353,B,relation-reasoning-agent-eval-v3.1
2026-08-06T10:50:00+09:00,CMP-S03-L04-01,S03,S03-L04,1,running,149.6435,540.2323,94.6466,31.2157,-1.4077,B,relation-reasoning-agent-eval-v3.1
2026-08-06T10:50:00+09:00,CMP-S03-L05-01,S03,S03-L05,1,running,178.9255,428.2224,101.8033,38.1142,-0.492,A,relation-reasoning-agent-eval-v3.1
2026-08-06T11:00:00+09:00,CMP-S03-L01-01,S03,S03-L01,1,running,172.9603,427.9895,95.6649,37.7671,-0.7006,A,relation-reasoning-agent-eval-v3.1
2026-08-06T11:00:00+09:00,CMP-S03-L02-01,S03,S03-L02,0,maintenance,188.8385,388.3588,109.1967,49.4524,1.4129,B,relation-reasoning-agent-eval-v3.1
2026-08-06T11:00:00+09:00,CMP-S03-L03-01,S03,S03-L03,1,running,199.7986,450.4704,93.6766,35.9755,-0.5365,A,relation-reasoning-agent-eval-v3.1
2026-08-06T11:00:00+09:00,CMP-S03-L04-01,S03,S03-L04,1,running,150.9128,568.3965,101.2895,35.2794,-0.6552,A,relation-reasoning-agent-eval-v3.1
2026-08-06T11:00:00+09:00,CMP-S03-L05-01,S03,S03-L05,1,running,174.7536,449.0926,96.2046,39.3397,-0.265,A,relation-reasoning-agent-eval-v3.1
2026-08-06T11:10:00+09:00,CMP-S03-L01-01,S03,S03-L01,1,running,155.4811,462.5996,96.694,40.5683,-0.1818,A,relation-reasoning-agent-eval-v3.1
2026-08-06T11:10:00+09:00,CMP-S03-L02-01,S03,S03-L02,0,maintenance,180.6655,455.5232,107.1321,48.7133,1.276,B,relation-reasoning-agent-eval-v3.1
2026-08-06T11:10:00+09:00,CMP-S03-L03-01,S03,S03-L03,1,running,202.1805,410.3023,100.5138,40.3589,0.2753,A,relation-reasoning-agent-eval-v3.1
2026-08-06T11:10:00+09:00,CMP-S03-L04-01,S03,S03-L04,1,running,159.6598,509.6639,106.1336,28.7543,-1.8635,B,relation-reasoning-agent-eval-v3.1
2026-08-06T11:10:00+09:00,CMP-S03-L05-01,S03,S03-L05,1,running,176.4675,447.4166,100.1814,42.718,0.3606,A,relation-reasoning-agent-eval-v3.1
2026-08-06T11:20:00+09:00,CMP-S03-L01-01,S03,S03-L01,1,running,159.0418,404.7417,99.9941,47.6258,1.1251,B,relation-reasoning-agent-eval-v3.1
2026-08-06T11:20:00+09:00,CMP-S03-L02-01,S03,S03-L02,0,maintenance,156.5216,426.0654,107.6172,49.0222,1.3333,B,relation-reasoning-agent-eval-v3.1
2026-08-06T11:20:00+09:00,CMP-S03-L03-01,S03,S03-L03,1,running,193.1553,421.2655,98.158,39.4655,0.1098,A,relation-reasoning-agent-eval-v3.1
2026-08-06T11:20:00+09:00,CMP-S03-L04-01,S03,S03-L04,1,running,168.6199,504.7082,113.1891,25.5632,-2.4545,C,relation-reasoning-agent-eval-v3.1
2026-08-06T11:20:00+09:00,CMP-S03-L05-01,S03,S03-L05,1,running,186.2116,482.3379,101.8422,44.4879,0.6883,A,relation-reasoning-agent-eval-v3.1
2026-08-06T11:30:00+09:00,CMP-S03-L01-01,S03,S03-L01,1,running,177.1463,455.5019,94.1507,48.7504,1.3334,B,relation-reasoning-agent-eval-v3.1
2026-08-06T11:30:00+09:00,CMP-S03-L02-01,S03,S03-L02,0,maintenance,156.6066,477.0155,104.4243,47.1191,0.9808,A,relation-reasoning-agent-eval-v3.1
2026-08-06T11:30:00+09:00,CMP-S03-L03-01,S03,S03-L03,1,running,190.1776,417.2078,102.6115,36.647,-0.4121,A,relation-reasoning-agent-eval-v3.1
2026-08-06T11:30:00+09:00,CMP-S03-L04-01,S03,S03-L04,1,running,183.5111,447.3511,115.4182,27.6692,-2.0645,C,relation-reasoning-agent-eval-v3.1
2026-08-06T11:30:00+09:00,CMP-S03-L05-01,S03,S03-L05,1,running,185.5453,506.4257,105.9533,44.0343,0.6043,A,relation-reasoning-agent-eval-v3.1
2026-08-06T11:40:00+09:00,CMP-S03-L01-01,S03,S03-L01,1,running,177.3974,391.5165,91.5245,55.0007,2.4908,C,relation-reasoning-agent-eval-v3.1
2026-08-06T11:40:00+09:00,CMP-S03-L02-01,S03,S03-L02,0,maintenance,167.4856,446.6724,105.0671,41.584,-0.0442,A,relation-reasoning-agent-eval-v3.1
2026-08-06T11:40:00+09:00,CMP-S03-L03-01,S03,S03-L03,1,running,188.9788,440.5359,106.7945,37.9634,-0.1683,A,relation-reasoning-agent-eval-v3.1
2026-08-06T11:40:00+09:00,CMP-S03-L04-01,S03,S03-L04,1,running,176.6443,440.0972,104.828,25.7946,-2.4116,C,relation-reasoning-agent-eval-v3.1
2026-08-06T11:40:00+09:00,CMP-S03-L05-01,S03,S03-L05,1,running,179.1801,566.0763,109.6,43.2249,0.4544,A,relation-reasoning-agent-eval-v3.1
2026-08-06T11:50:00+09:00,CMP-S03-L01-01,S03,S03-L01,1,running,178.7197,417.7369,95.834,48.3372,1.2568,B,relation-reasoning-agent-eval-v3.1
2026-08-06T11:50:00+09:00,CMP-S03-L02-01,S03,S03-L02,0,maintenance,165.9049,485.4729,102.5117,44.1797,0.4365,A,relation-reasoning-agent-eval-v3.1
2026-08-06T11:50:00+09:00,CMP-S03-L03-01,S03,S03-L03,1,running,200.6113,466.2382,99.0295,38.7815,-0.0168,A,relation-reasoning-agent-eval-v3.1
2026-08-06T11:50:00+09:00,CMP-S03-L04-01,S03,S03-L04,1,running,177.6926,415.8975,105.1418,24.213,-2.7045,C,relation-reasoning-agent-eval-v3.1
2026-08-06T11:50:00+09:00,CMP-S03-L05-01,S03,S03-L05,1,running,189.6273,502.1347,103.7313,47.9251,1.3248,B,relation-reasoning-agent-eval-v3.1
2026-08-06T12:00:00+09:00,CMP-S03-L01-01,S03,S03-L01,1,running,161.8168,394.165,96.4763,43.5035,0.3617,A,relation-reasoning-agent-eval-v3.1
2026-08-06T12:00:00+09:00,CMP-S03-L02-01,S03,S03-L02,0,maintenance,166.7213,489.7395,98.8702,40.0584,-0.3267,A,relation-reasoning-agent-eval-v3.1
2026-08-06T12:00:00+09:00,CMP-S03-L03-01,S03,S03-L03,1,running,209.4205,436.6178,99.3156,36.6826,-0.4055,A,relation-reasoning-agent-eval-v3.1
2026-08-06T12:00:00+09:00,CMP-S03-L04-01,S03,S03-L04,1,running,169.7986,484.9862,99.1508,27.313,-2.1304,C,relation-reasoning-agent-eval-v3.1
2026-08-06T12:00:00+09:00,CMP-S03-L05-01,S03,S03-L05,1,running,199.8517,493.1647,105.9004,57.6507,3.1259,D,relation-reasoning-agent-eval-v3.1
2026-08-06T12:10:00+09:00,CMP-S03-L01-01,S03,S03-L01,1,running,179.3722,458.3478,97.211,39.5321,-0.3737,A,relation-reasoning-agent-eval-v3.1
2026-08-06T12:10:00+09:00,CMP-S03-L02-01,S03,S03-L02,0,maintenance,142.1018,495.9213,96.0224,43.9148,0.3874,A,relation-reasoning-agent-eval-v3.1
2026-08-06T12:10:00+09:00,CMP-S03-L03-01,S03,S03-L03,1,running,193.738,468.3098,100.4187,38.7001,-0.0319,A,relation-reasoning-agent-eval-v3.1
2026-08-06T12:10:00+09:00,CMP-S03-L04-01,S03,S03-L04,1,running,167.9994,444.1188,99.9186,31.7855,-1.3022,B,relation-reasoning-agent-eval-v3.1
2026-08-06T12:10:00+09:00,CMP-S03-L05-01,S03,S03-L05,1,running,199.747,437.9154,95.4891,54.2516,2.4964,C,relation-reasoning-agent-eval-v3.1
2026-08-06T12:20:00+09:00,CMP-S03-L01-01,S03,S03-L01,1,running,196.1328,444.7575,94.5031,37.6709,-0.7184,A,relation-reasoning-agent-eval-v3.1
2026-08-06T12:20:00+09:00,CMP-S03-L02-01,S03,S03-L02,0,maintenance,157.8805,460.4993,99.7076,39.5599,-0.419,A,relation-reasoning-agent-eval-v3.1
2026-08-06T12:20:00+09:00,CMP-S03-L03-01,S03,S03-L03,1,running,181.4183,431.7568,102.2186,38.4321,-0.0815,A,relation-reasoning-agent-eval-v3.1
2026-08-06T12:20:00+09:00,CMP-S03-L04-01,S03,S03-L04,1,running,182.0451,473.795,107.0133,34.3588,-0.8257,A,relation-reasoning-agent-eval-v3.1
2026-08-06T12:20:00+09:00,CMP-S03-L05-01,S03,S03-L05,1,running,193.9952,458.3653,91.7926,52.2616,2.1279,C,relation-reasoning-agent-eval-v3.1
2026-08-06T12:30:00+09:00,CMP-S03-L01-01,S03,S03-L01,1,running,195.1865,488.7252,90.3883,38.4337,-0.5771,A,relation-reasoning-agent-eval-v3.1
2026-08-06T12:30:00+09:00,CMP-S03-L02-01,S03,S03-L02,0,maintenance,189.0513,486.1733,100.5148,39.1878,-0.4879,A,relation-reasoning-agent-eval-v3.1
2026-08-06T12:30:00+09:00,CMP-S03-L03-01,S03,S03-L03,1,running,181.2613,435.2876,96.478,38.8578,-0.0027,A,relation-reasoning-agent-eval-v3.1
2026-08-06T12:30:00+09:00,CMP-S03-L04-01,S03,S03-L04,1,running,171.1123,470.71,104.89,39.1306,0.058,A,relation-reasoning-agent-eval-v3.1
2026-08-06T12:30:00+09:00,CMP-S03-L05-01,S03,S03-L05,1,running,192.2688,486.5187,100.4782,43.178,0.4457,A,relation-reasoning-agent-eval-v3.1
2026-08-06T12:40:00+09:00,CMP-S03-L01-01,S03,S03-L01,1,running,194.7966,448.9164,88.6921,43.6782,0.3941,A,relation-reasoning-agent-eval-v3.1
2026-08-06T12:40:00+09:00,CMP-S03-L02-01,S03,S03-L02,0,maintenance,182.2354,442.7961,98.9716,39.9207,-0.3522,A,relation-reasoning-agent-eval-v3.1
2026-08-06T12:40:00+09:00,CMP-S03-L03-01,S03,S03-L03,1,running,165.1571,410.4659,98.414,48.0712,1.7035,B,relation-reasoning-agent-eval-v3.1
2026-08-06T12:40:00+09:00,CMP-S03-L04-01,S03,S03-L04,1,running,159.138,476.1399,104.4943,41.6393,0.5226,A,relation-reasoning-agent-eval-v3.1
2026-08-06T12:40:00+09:00,CMP-S03-L05-01,S03,S03-L05,1,running,188.6924,464.3701,100.8154,47.1011,1.1722,B,relation-reasoning-agent-eval-v3.1
2026-08-06T12:50:00+09:00,CMP-S03-L01-01,S03,S03-L01,1,running,180.7118,465.8961,93.6503,39.9937,-0.2882,A,relation-reasoning-agent-eval-v3.1
2026-08-06T12:50:00+09:00,CMP-S03-L02-01,S03,S03-L02,0,maintenance,173.2035,462.8033,105.5293,39.8085,-0.373,A,relation-reasoning-agent-eval-v3.1
2026-08-06T12:50:00+09:00,CMP-S03-L03-01,S03,S03-L03,1,running,162.4039,427.3084,92.782,45.5439,1.2355,B,relation-reasoning-agent-eval-v3.1
2026-08-06T12:50:00+09:00,CMP-S03-L04-01,S03,S03-L04,1,running,145.8627,486.1019,105.3022,38.9259,0.0201,A,relation-reasoning-agent-eval-v3.1
2026-08-06T12:50:00+09:00,CMP-S03-L05-01,S03,S03-L05,1,running,191.4672,437.2592,105.2609,57.0937,3.0227,D,relation-reasoning-agent-eval-v3.1
2026-08-06T13:00:00+09:00,CMP-S03-L01-01,S03,S03-L01,1,running,173.0875,434.4045,94.5436,39.0818,-0.4571,A,relation-reasoning-agent-eval-v3.1
2026-08-06T13:00:00+09:00,CMP-S03-L02-01,S03,S03-L02,0,maintenance,182.0187,440.5134,108.3244,43.2141,0.2577,A,relation-reasoning-agent-eval-v3.1
2026-08-06T13:00:00+09:00,CMP-S03-L03-01,S03,S03-L03,1,running,181.0006,403.3999,97.9465,44.5351,1.0486,B,relation-reasoning-agent-eval-v3.1
2026-08-06T13:00:00+09:00,CMP-S03-L04-01,S03,S03-L04,1,running,140.9568,493.0285,106.6951,38.4655,-0.0652,A,relation-reasoning-agent-eval-v3.1
2026-08-06T13:00:00+09:00,CMP-S03-L05-01,S03,S03-L05,1,running,187.6492,410.1946,105.7774,47.2614,1.2019,B,relation-reasoning-agent-eval-v3.1
2026-08-06T13:10:00+09:00,CMP-S03-L01-01,S03,S03-L01,1,running,185.8853,446.4734,88.6062,37.7846,-0.6973,A,relation-reasoning-agent-eval-v3.1
2026-08-06T13:10:00+09:00,CMP-S03-L02-01,S03,S03-L02,0,maintenance,191.2669,457.2422,106.6114,52.8133,2.0353,C,relation-reasoning-agent-eval-v3.1
2026-08-06T13:10:00+09:00,CMP-S03-L03-01,S03,S03-L03,1,running,173.2129,461.3246,103.638,48.2218,1.7314,B,relation-reasoning-agent-eval-v3.1
2026-08-06T13:10:00+09:00,CMP-S03-L04-01,S03,S03-L04,1,running,154.012,472.7602,106.3852,39.6854,0.1608,A,relation-reasoning-agent-eval-v3.1
2026-08-06T13:10:00+09:00,CMP-S03-L05-01,S03,S03-L05,1,running,201.0738,434.9974,104.1228,43.0362,0.4195,A,relation-reasoning-agent-eval-v3.1
2026-08-06T13:20:00+09:00,CMP-S03-L01-01,S03,S03-L01,1,running,199.408,461.8205,90.0033,44.1983,0.4904,A,relation-reasoning-agent-eval-v3.1
2026-08-06T13:20:00+09:00,CMP-S03-L02-01,S03,S03-L02,0,maintenance,178.0603,476.9065,100.3605,53.9181,2.2399,C,relation-reasoning-agent-eval-v3.1
2026-08-06T13:20:00+09:00,CMP-S03-L03-01,S03,S03-L03,1,running,162.8746,469.6719,100.2546,38.9859,0.021,A,relation-reasoning-agent-eval-v3.1
2026-08-06T13:20:00+09:00,CMP-S03-L04-01,S03,S03-L04,1,running,155.4039,496.6103,108.1969,34.472,-0.8047,A,relation-reasoning-agent-eval-v3.1
2026-08-06T13:20:00+09:00,CMP-S03-L05-01,S03,S03-L05,1,running,192.2428,458.0217,98.0962,49.1106,1.5444,B,relation-reasoning-agent-eval-v3.1
2026-08-06T13:30:00+09:00,CMP-S03-L01-01,S03,S03-L01,1,running,174.3279,430.0411,90.674,45.3235,0.6988,A,relation-reasoning-agent-eval-v3.1
2026-08-06T13:30:00+09:00,CMP-S03-L02-01,S03,S03-L02,0,maintenance,169.9113,492.7878,98.3053,41.8236,0.0002,A,relation-reasoning-agent-eval-v3.1
2026-08-06T13:30:00+09:00,CMP-S03-L03-01,S03,S03-L03,1,running,163.8205,453.7324,101.9332,37.919,-0.1766,A,relation-reasoning-agent-eval-v3.1
2026-08-06T13:30:00+09:00,CMP-S03-L04-01,S03,S03-L04,1,running,157.1727,472.6529,101.3415,32.2172,-1.2223,B,relation-reasoning-agent-eval-v3.1
2026-08-06T13:30:00+09:00,CMP-S03-L05-01,S03,S03-L05,1,running,195.6284,429.1753,93.8305,45.8668,0.9437,A,relation-reasoning-agent-eval-v3.1
2026-08-06T13:40:00+09:00,CMP-S03-L01-01,S03,S03-L01,1,running,159.1587,461.525,94.3991,45.2578,0.6866,A,relation-reasoning-agent-eval-v3.1
2026-08-06T13:40:00+09:00,CMP-S03-L02-01,S03,S03-L02,0,maintenance,170.6032,496.9631,96.3159,41.9571,0.0249,A,relation-reasoning-agent-eval-v3.1
2026-08-06T13:40:00+09:00,CMP-S03-L03-01,S03,S03-L03,1,running,170.3868,460.0019,99.2918,41.0864,0.41,A,relation-reasoning-agent-eval-v3.1
2026-08-06T13:40:00+09:00,CMP-S03-L04-01,S03,S03-L04,1,running,162.8319,480.2645,100.7071,34.983,-0.7101,A,relation-reasoning-agent-eval-v3.1
2026-08-06T13:40:00+09:00,CMP-S03-L05-01,S03,S03-L05,1,running,186.8677,419.2875,99.2936,43.6646,0.5359,A,relation-reasoning-agent-eval-v3.1
2026-08-06T13:50:00+09:00,CMP-S03-L01-01,S03,S03-L01,1,running,148.6726,512.7508,96.9217,45.6069,0.7512,A,relation-reasoning-agent-eval-v3.1
2026-08-06T13:50:00+09:00,CMP-S03-L02-01,S03,S03-L02,0,maintenance,176.256,475.2221,91.7483,38.3875,-0.6361,A,relation-reasoning-agent-eval-v3.1
2026-08-06T13:50:00+09:00,CMP-S03-L03-01,S03,S03-L03,1,running,152.4693,445.1075,104.6494,36.3202,-0.4726,A,relation-reasoning-agent-eval-v3.1
2026-08-06T13:50:00+09:00,CMP-S03-L04-01,S03,S03-L04,1,running,187.1931,453.4885,96.6121,35.45,-0.6236,A,relation-reasoning-agent-eval-v3.1
2026-08-06T13:50:00+09:00,CMP-S03-L05-01,S03,S03-L05,1,running,171.9708,417.1197,96.9406,46.3518,1.0335,B,relation-reasoning-agent-eval-v3.1
2026-08-06T14:00:00+09:00,CMP-S03-L01-01,S03,S03-L01,1,running,156.7955,493.8093,96.1908,42.9458,0.2585,A,relation-reasoning-agent-eval-v3.1
2026-08-06T14:00:00+09:00,CMP-S03-L02-01,S03,S03-L02,0,maintenance,164.1311,458.2833,101.8845,44.1734,0.4353,A,relation-reasoning-agent-eval-v3.1
2026-08-06T14:00:00+09:00,CMP-S03-L03-01,S03,S03-L03,1,running,159.3342,441.2446,103.6611,37.8556,-0.1883,A,relation-reasoning-agent-eval-v3.1
2026-08-06T14:00:00+09:00,CMP-S03-L04-01,S03,S03-L04,1,running,169.5067,442.1824,101.932,32.9916,-1.0788,B,relation-reasoning-agent-eval-v3.1
2026-08-06T14:00:00+09:00,CMP-S03-L05-01,S03,S03-L05,1,running,182.3019,435.3511,100.8245,51.576,2.0009,C,relation-reasoning-agent-eval-v3.1
2026-08-06T14:10:00+09:00,CMP-S03-L01-01,S03,S03-L01,1,running,151.9851,445.9054,97.0225,44.3851,0.525,A,relation-reasoning-agent-eval-v3.1
2026-08-06T14:10:00+09:00,CMP-S03-L02-01,S03,S03-L02,0,maintenance,165.9639,466.9104,99.5235,46.0169,0.7767,A,relation-reasoning-agent-eval-v3.1
2026-08-06T14:10:00+09:00,CMP-S03-L03-01,S03,S03-L03,1,running,152.7675,445.9526,96.9032,39.6293,0.1402,A,relation-reasoning-agent-eval-v3.1
2026-08-06T14:10:00+09:00,CMP-S03-L04-01,S03,S03-L04,1,running,148.6386,467.6955,101.9143,42.7828,0.7343,A,relation-reasoning-agent-eval-v3.1
2026-08-06T14:10:00+09:00,CMP-S03-L05-01,S03,S03-L05,1,running,175.9757,402.541,102.8303,55.2567,2.6826,C,relation-reasoning-agent-eval-v3.1
2026-08-06T14:20:00+09:00,CMP-S03-L01-01,S03,S03-L01,1,running,159.8556,461.4879,88.8246,41.6832,0.0246,A,relation-reasoning-agent-eval-v3.1
2026-08-06T14:20:00+09:00,CMP-S03-L02-01,S03,S03-L02,0,maintenance,175.6712,429.5957,98.3614,44.7618,0.5443,A,relation-reasoning-agent-eval-v3.1
2026-08-06T14:20:00+09:00,CMP-S03-L03-01,S03,S03-L03,1,running,167.9041,365.2769,97.8151,42.7507,0.7182,A,relation-reasoning-agent-eval-v3.1
2026-08-06T14:20:00+09:00,CMP-S03-L04-01,S03,S03-L04,1,running,160.349,448.1126,111.2302,37.3217,-0.277,A,relation-reasoning-agent-eval-v3.1
2026-08-06T14:20:00+09:00,CMP-S03-L05-01,S03,S03-L05,1,running,161.4505,440.3968,107.1103,51.9507,2.0703,C,relation-reasoning-agent-eval-v3.1
2026-08-06T14:30:00+09:00,CMP-S03-L01-01,S03,S03-L01,1,running,181.2083,473.8803,92.0109,39.3256,-0.412,A,relation-reasoning-agent-eval-v3.1
2026-08-06T14:30:00+09:00,CMP-S03-L02-01,S03,S03-L02,0,maintenance,160.8285,437.07,93.7438,47.9001,1.1255,B,relation-reasoning-agent-eval-v3.1
2026-08-06T14:30:00+09:00,CMP-S03-L03-01,S03,S03-L03,1,running,162.6798,386.8498,97.3438,39.3969,0.0971,A,relation-reasoning-agent-eval-v3.1
2026-08-06T14:30:00+09:00,CMP-S03-L04-01,S03,S03-L04,1,running,163.3067,428.5448,117.4572,40.6111,0.3322,A,relation-reasoning-agent-eval-v3.1
2026-08-06T14:30:00+09:00,CMP-S03-L05-01,S03,S03-L05,1,running,163.6552,422.9051,108.3401,45.2243,0.8247,A,relation-reasoning-agent-eval-v3.1
2026-08-06T14:40:00+09:00,CMP-S03-L01-01,S03,S03-L01,1,running,186.8464,426.8304,96.9057,40.05,-0.2778,A,relation-reasoning-agent-eval-v3.1
2026-08-06T14:40:00+09:00,CMP-S03-L02-01,S03,S03-L02,0,maintenance,161.8341,485.9586,92.3891,44.7475,0.5416,A,relation-reasoning-agent-eval-v3.1
2026-08-06T14:40:00+09:00,CMP-S03-L03-01,S03,S03-L03,1,running,164.0743,383.8569,92.7135,31.9408,-1.2836,B,relation-reasoning-agent-eval-v3.1
2026-08-06T14:40:00+09:00,CMP-S03-L04-01,S03,S03-L04,1,running,168.4485,433.9462,120.0885,45.8628,1.3047,B,relation-reasoning-agent-eval-v3.1
2026-08-06T14:40:00+09:00,CMP-S03-L05-01,S03,S03-L05,1,running,172.6923,420.3866,110.3226,40.7617,-0.0017,A,relation-reasoning-agent-eval-v3.1
2026-08-06T14:50:00+09:00,CMP-S03-L01-01,S03,S03-L01,1,running,183.2442,402.669,97.8878,42.7389,0.2201,A,relation-reasoning-agent-eval-v3.1
2026-08-06T14:50:00+09:00,CMP-S03-L02-01,S03,S03-L02,0,maintenance,160.6271,483.5979,99.172,44.6621,0.5258,A,relation-reasoning-agent-eval-v3.1
2026-08-06T14:50:00+09:00,CMP-S03-L03-01,S03,S03-L03,1,running,155.6386,407.8307,95.5999,30.4165,-1.5659,B,relation-reasoning-agent-eval-v3.1
2026-08-06T14:50:00+09:00,CMP-S03-L04-01,S03,S03-L04,1,running,162.0136,446.6425,116.9966,38.4287,-0.072,A,relation-reasoning-agent-eval-v3.1
2026-08-06T14:50:00+09:00,CMP-S03-L05-01,S03,S03-L05,1,running,167.3353,434.0477,113.4873,37.0506,-0.6889,A,relation-reasoning-agent-eval-v3.1
2026-08-06T15:00:00+09:00,CMP-S03-L01-01,S03,S03-L01,1,running,181.9819,408.046,93.1469,37.1641,-0.8122,A,relation-reasoning-agent-eval-v3.1
2026-08-06T15:00:00+09:00,CMP-S03-L02-01,S03,S03-L02,0,maintenance,154.1421,507.2823,105.7064,44.0771,0.4175,A,relation-reasoning-agent-eval-v3.1
2026-08-06T15:00:00+09:00,CMP-S03-L03-01,S03,S03-L03,1,running,166.156,383.4232,89.6307,32.3322,-1.2112,B,relation-reasoning-agent-eval-v3.1
2026-08-06T15:00:00+09:00,CMP-S03-L04-01,S03,S03-L04,1,running,147.0289,397.0979,113.2296,29.1763,-1.7854,B,relation-reasoning-agent-eval-v3.1
2026-08-06T15:00:00+09:00,CMP-S03-L05-01,S03,S03-L05,1,running,177.846,477.3515,111.4052,45.234,0.8265,A,relation-reasoning-agent-eval-v3.1
2026-08-06T15:10:00+09:00,CMP-S03-L01-01,S03,S03-L01,1,running,167.0949,424.0671,90.4312,35.8337,-1.0586,B,relation-reasoning-agent-eval-v3.1
2026-08-06T15:10:00+09:00,CMP-S03-L02-01,S03,S03-L02,0,maintenance,165.9284,495.9441,110.614,42.7866,0.1785,A,relation-reasoning-agent-eval-v3.1
2026-08-06T15:10:00+09:00,CMP-S03-L03-01,S03,S03-L03,1,running,172.3752,354.9003,90.1284,33.9915,-0.9039,A,relation-reasoning-agent-eval-v3.1
2026-08-06T15:10:00+09:00,CMP-S03-L04-01,S03,S03-L04,1,running,157.1324,433.1496,107.7179,39.2511,0.0803,A,relation-reasoning-agent-eval-v3.1
2026-08-06T15:10:00+09:00,CMP-S03-L05-01,S03,S03-L05,1,running,190.2552,447.675,110.4637,44.0194,0.6016,A,relation-reasoning-agent-eval-v3.1
2026-08-06T15:20:00+09:00,CMP-S03-L01-01,S03,S03-L01,1,running,169.5128,407.4455,88.4735,33.3912,-1.5109,B,relation-reasoning-agent-eval-v3.1
2026-08-06T15:20:00+09:00,CMP-S03-L02-01,S03,S03-L02,0,maintenance,152.7775,503.5296,119.2675,37.8095,-0.7432,A,relation-reasoning-agent-eval-v3.1
2026-08-06T15:20:00+09:00,CMP-S03-L03-01,S03,S03-L03,1,running,170.0699,304.2461,104.414,31.7941,-1.3108,B,relation-reasoning-agent-eval-v3.1
2026-08-06T15:20:00+09:00,CMP-S03-L04-01,S03,S03-L04,1,running,167.4441,424.0732,105.2283,44.5805,1.0673,B,relation-reasoning-agent-eval-v3.1
2026-08-06T15:20:00+09:00,CMP-S03-L05-01,S03,S03-L05,1,running,184.826,400.2557,109.4281,47.5536,1.256,B,relation-reasoning-agent-eval-v3.1
2026-08-06T15:30:00+09:00,CMP-S03-L01-01,S03,S03-L01,1,running,158.2368,433.9286,85.8228,34.2063,-1.36,B,relation-reasoning-agent-eval-v3.1
2026-08-06T15:30:00+09:00,CMP-S03-L02-01,S03,S03-L02,0,maintenance,170.0929,506.9434,113.2304,37.4291,-0.8136,A,relation-reasoning-agent-eval-v3.1
2026-08-06T15:30:00+09:00,CMP-S03-L03-01,S03,S03-L03,1,running,163.1588,366.0542,102.0066,36.2652,-0.4828,A,relation-reasoning-agent-eval-v3.1
2026-08-06T15:30:00+09:00,CMP-S03-L04-01,S03,S03-L04,1,running,161.9754,463.5998,107.8065,45.9062,1.3127,B,relation-reasoning-agent-eval-v3.1
2026-08-06T15:30:00+09:00,CMP-S03-L05-01,S03,S03-L05,1,running,191.1028,395.7297,108.177,49.0092,1.5256,B,relation-reasoning-agent-eval-v3.1
2026-08-06T15:40:00+09:00,CMP-S03-L01-01,S03,S03-L01,1,running,166.0544,451.6614,90.406,32.9048,-1.601,B,relation-reasoning-agent-eval-v3.1
2026-08-06T15:40:00+09:00,CMP-S03-L02-01,S03,S03-L02,0,maintenance,154.9193,435.6942,110.9866,36.7876,-0.9324,A,relation-reasoning-agent-eval-v3.1
2026-08-06T15:40:00+09:00,CMP-S03-L03-01,S03,S03-L03,1,running,153.3307,373.026,97.7517,36.448,-0.449,A,relation-reasoning-agent-eval-v3.1
2026-08-06T15:40:00+09:00,CMP-S03-L04-01,S03,S03-L04,1,running,168.2615,473.6056,106.6907,40.9107,0.3877,A,relation-reasoning-agent-eval-v3.1
2026-08-06T15:40:00+09:00,CMP-S03-L05-01,S03,S03-L05,1,running,204.1261,388.4842,104.3102,48.6871,1.4659,B,relation-reasoning-agent-eval-v3.1
2026-08-06T15:50:00+09:00,CMP-S03-L01-01,S03,S03-L01,1,running,160.5772,421.5011,98.3845,33.364,-1.516,B,relation-reasoning-agent-eval-v3.1
2026-08-06T15:50:00+09:00,CMP-S03-L02-01,S03,S03-L02,0,maintenance,154.9451,432.3651,113.9576,42.8371,0.1879,A,relation-reasoning-agent-eval-v3.1
2026-08-06T15:50:00+09:00,CMP-S03-L03-01,S03,S03-L03,1,running,159.9547,399.0124,103.2847,41.6447,0.5134,A,relation-reasoning-agent-eval-v3.1
2026-08-06T15:50:00+09:00,CMP-S03-L04-01,S03,S03-L04,1,running,155.659,515.5164,109.633,37.0489,-0.3275,A,relation-reasoning-agent-eval-v3.1
2026-08-06T15:50:00+09:00,CMP-S03-L05-01,S03,S03-L05,1,running,197.4864,396.0436,106.1099,43.7569,0.553,A,relation-reasoning-agent-eval-v3.1
2026-08-06T16:00:00+09:00,CMP-S03-L01-01,S03,S03-L01,1,running,165.0617,422.896,90.0812,33.127,-1.5598,B,relation-reasoning-agent-eval-v3.1
2026-08-06T16:00:00+09:00,CMP-S03-L02-01,S03,S03-L02,0,maintenance,153.9354,470.3879,107.4762,45.7647,0.73,A,relation-reasoning-agent-eval-v3.1
2026-08-06T16:00:00+09:00,CMP-S03-L03-01,S03,S03-L03,1,running,158.7421,427.8925,107.1201,40.5773,0.3157,A,relation-reasoning-agent-eval-v3.1
2026-08-06T16:00:00+09:00,CMP-S03-L04-01,S03,S03-L04,1,running,169.8617,511.9369,107.1805,39.0538,0.0438,A,relation-reasoning-agent-eval-v3.1
2026-08-06T16:00:00+09:00,CMP-S03-L05-01,S03,S03-L05,1,running,189.5731,406.8939,101.4875,38.6532,-0.3922,A,relation-reasoning-agent-eval-v3.1
2026-08-06T16:10:00+09:00,CMP-S03-L01-01,S03,S03-L01,1,running,158.9981,448.1666,91.7114,37.2649,-0.7936,A,relation-reasoning-agent-eval-v3.1
2026-08-06T16:10:00+09:00,CMP-S03-L02-01,S03,S03-L02,0,maintenance,140.4016,486.3761,107.1956,43.3915,0.2905,A,relation-reasoning-agent-eval-v3.1
2026-08-06T16:10:00+09:00,CMP-S03-L03-01,S03,S03-L03,1,running,173.5645,425.4771,104.3824,39.707,0.1545,A,relation-reasoning-agent-eval-v3.1
2026-08-06T16:10:00+09:00,CMP-S03-L04-01,S03,S03-L04,1,running,185.3736,478.4865,100.0689,39.5537,0.1364,A,relation-reasoning-agent-eval-v3.1
2026-08-06T16:10:00+09:00,CMP-S03-L05-01,S03,S03-L05,1,running,191.0754,430.8077,108.7264,37.8403,-0.5427,A,relation-reasoning-agent-eval-v3.1
2026-08-06T16:20:00+09:00,CMP-S03-L01-01,S03,S03-L01,1,running,156.9508,509.1554,94.8483,40.3439,-0.2234,A,relation-reasoning-agent-eval-v3.1
2026-08-06T16:20:00+09:00,CMP-S03-L02-01,S03,S03-L02,0,maintenance,150.8783,455.4365,103.1954,49.1117,1.3498,B,relation-reasoning-agent-eval-v3.1
2026-08-06T16:20:00+09:00,CMP-S03-L03-01,S03,S03-L03,1,running,166.4442,460.9265,102.919,35.1099,-0.6968,A,relation-reasoning-agent-eval-v3.1
2026-08-06T16:20:00+09:00,CMP-S03-L04-01,S03,S03-L04,1,running,172.2579,466.5295,102.6857,41.3392,0.467,A,relation-reasoning-agent-eval-v3.1
2026-08-06T16:20:00+09:00,CMP-S03-L05-01,S03,S03-L05,1,running,192.4954,430.6919,110.5596,34.3892,-1.1818,B,relation-reasoning-agent-eval-v3.1
2026-08-06T16:30:00+09:00,CMP-S03-L01-01,S03,S03-L01,1,running,145.3366,490.543,102.5703,43.0756,0.2825,A,relation-reasoning-agent-eval-v3.1
2026-08-06T16:30:00+09:00,CMP-S03-L02-01,S03,S03-L02,0,maintenance,162.2554,392.5861,100.3093,44.7255,0.5376,A,relation-reasoning-agent-eval-v3.1
2026-08-06T16:30:00+09:00,CMP-S03-L03-01,S03,S03-L03,1,running,156.5264,420.815,105.1052,37.0526,-0.337,A,relation-reasoning-agent-eval-v3.1
2026-08-06T16:30:00+09:00,CMP-S03-L04-01,S03,S03-L04,1,running,187.0111,446.1825,102.0467,39.8082,0.1835,A,relation-reasoning-agent-eval-v3.1
2026-08-06T16:30:00+09:00,CMP-S03-L05-01,S03,S03-L05,1,running,185.0239,487.6915,117.7736,33.9407,-1.2649,B,relation-reasoning-agent-eval-v3.1
2026-08-06T16:40:00+09:00,CMP-S03-L01-01,S03,S03-L01,1,running,142.9201,477.3888,98.0252,41.6595,0.0202,A,relation-reasoning-agent-eval-v3.1
2026-08-06T16:40:00+09:00,CMP-S03-L02-01,S03,S03-L02,0,maintenance,167.2882,411.8855,103.8016,50.8465,1.6711,B,relation-reasoning-agent-eval-v3.1
2026-08-06T16:40:00+09:00,CMP-S03-L03-01,S03,S03-L03,1,running,170.3644,429.7367,103.8795,36.7937,-0.385,A,relation-reasoning-agent-eval-v3.1
2026-08-06T16:40:00+09:00,CMP-S03-L04-01,S03,S03-L04,1,running,200.4676,468.9482,107.4552,40.8666,0.3795,A,relation-reasoning-agent-eval-v3.1
2026-08-06T16:40:00+09:00,CMP-S03-L05-01,S03,S03-L05,1,running,182.0728,554.1263,115.5633,39.954,-0.1513,A,relation-reasoning-agent-eval-v3.1
2026-08-06T16:50:00+09:00,CMP-S03-L01-01,S03,S03-L01,1,running,160.3063,403.6259,94.6027,38.4473,-0.5746,A,relation-reasoning-agent-eval-v3.1
2026-08-06T16:50:00+09:00,CMP-S03-L02-01,S03,S03-L02,0,maintenance,164.1265,397.2204,100.1361,45.3864,0.6599,A,relation-reasoning-agent-eval-v3.1
2026-08-06T16:50:00+09:00,CMP-S03-L03-01,S03,S03-L03,1,running,181.5585,434.176,99.006,35.1989,-0.6803,A,relation-reasoning-agent-eval-v3.1
2026-08-06T16:50:00+09:00,CMP-S03-L04-01,S03,S03-L04,1,running,198.1117,476.5266,104.4463,44.0895,0.9763,A,relation-reasoning-agent-eval-v3.1
2026-08-06T16:50:00+09:00,CMP-S03-L05-01,S03,S03-L05,1,running,185.7396,560.4927,109.5189,30.3885,-1.9227,B,relation-reasoning-agent-eval-v3.1
2026-08-06T17:00:00+09:00,CMP-S03-L01-01,S03,S03-L01,1,running,150.9367,429.3978,93.7683,39.6468,-0.3525,A,relation-reasoning-agent-eval-v3.1
2026-08-06T17:00:00+09:00,CMP-S03-L02-01,S03,S03-L02,0,maintenance,156.1826,404.4184,101.502,42.738,0.1695,A,relation-reasoning-agent-eval-v3.1
2026-08-06T17:00:00+09:00,CMP-S03-L03-01,S03,S03-L03,1,running,174.2223,437.3554,97.962,30.552,-1.5408,B,relation-reasoning-agent-eval-v3.1
2026-08-06T17:00:00+09:00,CMP-S03-L04-01,S03,S03-L04,1,running,183.2482,475.0178,105.5748,42.6454,0.7089,A,relation-reasoning-agent-eval-v3.1
2026-08-06T17:00:00+09:00,CMP-S03-L05-01,S03,S03-L05,1,running,182.5053,567.3271,113.4974,36.8265,-0.7305,A,relation-reasoning-agent-eval-v3.1
2026-08-06T17:10:00+09:00,CMP-S03-L01-01,S03,S03-L01,1,running,177.1816,464.4246,95.5905,43.0094,0.2702,A,relation-reasoning-agent-eval-v3.1
2026-08-06T17:10:00+09:00,CMP-S03-L02-01,S03,S03-L02,0,maintenance,152.6879,434.6568,102.8569,40.3998,-0.2635,A,relation-reasoning-agent-eval-v3.1
2026-08-06T17:10:00+09:00,CMP-S03-L03-01,S03,S03-L03,1,running,164.7572,404.0927,87.3406,33.5074,-0.9935,A,relation-reasoning-agent-eval-v3.1
2026-08-06T17:10:00+09:00,CMP-S03-L04-01,S03,S03-L04,1,running,176.0988,422.1351,106.7925,44.324,1.0198,B,relation-reasoning-agent-eval-v3.1
2026-08-06T17:10:00+09:00,CMP-S03-L05-01,S03,S03-L05,1,running,174.6735,535.287,103.1452,34.9953,-1.0696,B,relation-reasoning-agent-eval-v3.1
2026-08-06T17:20:00+09:00,CMP-S03-L01-01,S03,S03-L01,1,running,181.1594,489.3663,96.887,43.7555,0.4084,A,relation-reasoning-agent-eval-v3.1
2026-08-06T17:20:00+09:00,CMP-S03-L02-01,S03,S03-L02,0,maintenance,167.4386,393.8287,109.4994,47.7575,1.0991,B,relation-reasoning-agent-eval-v3.1
2026-08-06T17:20:00+09:00,CMP-S03-L03-01,S03,S03-L03,1,running,159.919,420.426,80.0107,33.2463,-1.0419,B,relation-reasoning-agent-eval-v3.1
2026-08-06T17:20:00+09:00,CMP-S03-L04-01,S03,S03-L04,1,running,183.6236,437.1855,104.5824,42.2113,0.6285,A,relation-reasoning-agent-eval-v3.1
2026-08-06T17:20:00+09:00,CMP-S03-L05-01,S03,S03-L05,1,running,183.1438,545.5418,108.4043,33.8162,-1.2879,B,relation-reasoning-agent-eval-v3.1
2026-08-06T17:30:00+09:00,CMP-S03-L01-01,S03,S03-L01,1,running,168.2195,456.3379,96.7233,40.2858,-0.2341,A,relation-reasoning-agent-eval-v3.1
2026-08-06T17:30:00+09:00,CMP-S03-L02-01,S03,S03-L02,0,maintenance,173.7925,405.0257,107.4764,45.623,0.7038,A,relation-reasoning-agent-eval-v3.1
2026-08-06T17:30:00+09:00,CMP-S03-L03-01,S03,S03-L03,1,running,181.9588,410.4045,84.1266,38.8329,-0.0073,A,relation-reasoning-agent-eval-v3.1
2026-08-06T17:30:00+09:00,CMP-S03-L04-01,S03,S03-L04,1,running,168.0439,424.2744,107.0802,45.6588,1.2669,B,relation-reasoning-agent-eval-v3.1
2026-08-06T17:30:00+09:00,CMP-S03-L05-01,S03,S03-L05,1,running,173.56,487.9933,111.4249,37.3422,-0.635,A,relation-reasoning-agent-eval-v3.1
2026-08-06T17:40:00+09:00,CMP-S03-L01-01,S03,S03-L01,1,running,177.5197,457.5489,93.7169,43.9436,0.4432,A,relation-reasoning-agent-eval-v3.1
2026-08-06T17:40:00+09:00,CMP-S03-L02-01,S03,S03-L02,0,maintenance,166.6412,426.6885,103.0183,50.8569,1.673,B,relation-reasoning-agent-eval-v3.1
2026-08-06T17:40:00+09:00,CMP-S03-L03-01,S03,S03-L03,1,running,172.584,446.9714,87.9877,38.5033,-0.0684,A,relation-reasoning-agent-eval-v3.1
2026-08-06T17:40:00+09:00,CMP-S03-L04-01,S03,S03-L04,1,running,171.5089,443.096,110.6044,44.0188,0.9632,A,relation-reasoning-agent-eval-v3.1
2026-08-06T17:40:00+09:00,CMP-S03-L05-01,S03,S03-L05,1,running,155.2087,484.8146,112.7045,39.798,-0.1802,A,relation-reasoning-agent-eval-v3.1
2026-08-06T17:50:00+09:00,CMP-S03-L01-01,S03,S03-L01,1,running,185.4051,412.1887,83.3096,45.8382,0.7941,A,relation-reasoning-agent-eval-v3.1
2026-08-06T17:50:00+09:00,CMP-S03-L02-01,S03,S03-L02,0,maintenance,141.2905,434.6379,97.2179,55.54,2.5403,C,relation-reasoning-agent-eval-v3.1
2026-08-06T17:50:00+09:00,CMP-S03-L03-01,S03,S03-L03,1,running,153.8736,436.6747,86.425,41.8409,0.5497,A,relation-reasoning-agent-eval-v3.1
2026-08-06T17:50:00+09:00,CMP-S03-L04-01,S03,S03-L04,1,running,175.6932,452.6228,109.0241,43.6681,0.8983,A,relation-reasoning-agent-eval-v3.1
2026-08-06T17:50:00+09:00,CMP-S03-L05-01,S03,S03-L05,1,running,152.899,528.5639,110.4488,42.3187,0.2866,A,relation-reasoning-agent-eval-v3.1
2026-08-06T18:00:00+09:00,CMP-S03-L01-01,S03,S03-L01,1,running,169.5121,411.81,93.64,46.1032,0.8431,A,relation-reasoning-agent-eval-v3.1
2026-08-06T18:00:00+09:00,CMP-S03-L02-01,S03,S03-L02,0,maintenance,162.5384,455.4074,102.237,50.4666,1.6007,B,relation-reasoning-agent-eval-v3.1
2026-08-06T18:00:00+09:00,CMP-S03-L03-01,S03,S03-L03,1,running,149.2012,416.838,87.0986,36.6884,-0.4044,A,relation-reasoning-agent-eval-v3.1
2026-08-06T18:00:00+09:00,CMP-S03-L04-01,S03,S03-L04,1,running,174.9579,476.9717,115.8662,44.2192,1.0003,B,relation-reasoning-agent-eval-v3.1
2026-08-06T18:00:00+09:00,CMP-S03-L05-01,S03,S03-L05,1,running,172.745,486.3107,110.0691,44.106,0.6176,A,relation-reasoning-agent-eval-v3.1
2026-08-06T18:10:00+09:00,CMP-S03-L01-01,S03,S03-L01,1,running,165.0085,459.9714,99.2349,49.6903,1.5074,B,relation-reasoning-agent-eval-v3.1
2026-08-06T18:10:00+09:00,CMP-S03-L02-01,S03,S03-L02,0,maintenance,166.8272,455.5261,106.0031,43.571,0.3238,A,relation-reasoning-agent-eval-v3.1
2026-08-06T18:10:00+09:00,CMP-S03-L03-01,S03,S03-L03,1,running,154.4706,392.9407,89.6525,40.4411,0.2905,A,relation-reasoning-agent-eval-v3.1
2026-08-06T18:10:00+09:00,CMP-S03-L04-01,S03,S03-L04,1,running,169.719,465.9206,114.9174,46.4996,1.4226,B,relation-reasoning-agent-eval-v3.1
2026-08-06T18:10:00+09:00,CMP-S03-L05-01,S03,S03-L05,1,running,169.7833,494.2902,111.8996,44.0387,0.6051,A,relation-reasoning-agent-eval-v3.1
2026-08-06T18:20:00+09:00,CMP-S03-L01-01,S03,S03-L01,1,running,160.0785,456.1489,99.1994,48.1397,1.2203,B,relation-reasoning-agent-eval-v3.1
2026-08-06T18:20:00+09:00,CMP-S03-L02-01,S03,S03-L02,0,maintenance,155.9964,472.3898,108.678,43.8016,0.3665,A,relation-reasoning-agent-eval-v3.1
2026-08-06T18:20:00+09:00,CMP-S03-L03-01,S03,S03-L03,1,running,155.8752,437.7864,99.7813,43.0122,0.7666,A,relation-reasoning-agent-eval-v3.1
2026-08-06T18:20:00+09:00,CMP-S03-L04-01,S03,S03-L04,1,running,166.5308,453.4076,110.7668,46.017,1.3333,B,relation-reasoning-agent-eval-v3.1
2026-08-06T18:20:00+09:00,CMP-S03-L05-01,S03,S03-L05,1,running,182.7637,525.7935,115.9485,38.9113,-0.3444,A,relation-reasoning-agent-eval-v3.1
2026-08-06T18:30:00+09:00,CMP-S03-L01-01,S03,S03-L01,1,running,170.2146,461.6985,103.4764,42.5986,0.1941,A,relation-reasoning-agent-eval-v3.1
2026-08-06T18:30:00+09:00,CMP-S03-L02-01,S03,S03-L02,0,maintenance,162.1899,441.843,99.5064,50.4431,1.5964,B,relation-reasoning-agent-eval-v3.1
2026-08-06T18:30:00+09:00,CMP-S03-L03-01,S03,S03-L03,1,running,166.9384,441.6771,92.173,44.8625,1.1093,B,relation-reasoning-agent-eval-v3.1
2026-08-06T18:30:00+09:00,CMP-S03-L04-01,S03,S03-L04,1,running,162.8785,465.2948,104.5415,39.6228,0.1491,A,relation-reasoning-agent-eval-v3.1
2026-08-06T18:30:00+09:00,CMP-S03-L05-01,S03,S03-L05,1,running,185.5973,479.4858,119.0375,35.5466,-0.9675,A,relation-reasoning-agent-eval-v3.1
2026-08-06T18:40:00+09:00,CMP-S03-L01-01,S03,S03-L01,1,running,195.5693,520.4395,96.4823,46.5467,0.9253,A,relation-reasoning-agent-eval-v3.1
2026-08-06T18:40:00+09:00,CMP-S03-L02-01,S03,S03-L02,0,maintenance,169.1945,432.7373,97.139,48.3943,1.217,B,relation-reasoning-agent-eval-v3.1
2026-08-06T18:40:00+09:00,CMP-S03-L03-01,S03,S03-L03,1,running,181.8036,501.0021,97.3527,42.6112,0.6924,A,relation-reasoning-agent-eval-v3.1
2026-08-06T18:40:00+09:00,CMP-S03-L04-01,S03,S03-L04,1,running,158.5822,486.0045,114.7635,37.7666,-0.1946,A,relation-reasoning-agent-eval-v3.1
2026-08-06T18:40:00+09:00,CMP-S03-L05-01,S03,S03-L05,1,running,178.9755,505.5151,116.4494,37.3871,-0.6266,A,relation-reasoning-agent-eval-v3.1
2026-08-06T18:50:00+09:00,CMP-S03-L01-01,S03,S03-L01,1,running,177.4965,527.1068,92.4067,41.6887,0.0256,A,relation-reasoning-agent-eval-v3.1
2026-08-06T18:50:00+09:00,CMP-S03-L02-01,S03,S03-L02,0,maintenance,171.0738,430.1863,94.0975,46.7545,0.9133,A,relation-reasoning-agent-eval-v3.1
2026-08-06T18:50:00+09:00,CMP-S03-L03-01,S03,S03-L03,1,running,193.1837,413.1978,96.1863,40.4014,0.2831,A,relation-reasoning-agent-eval-v3.1
2026-08-06T18:50:00+09:00,CMP-S03-L04-01,S03,S03-L04,1,running,154.5112,484.876,113.229,36.7176,-0.3888,A,relation-reasoning-agent-eval-v3.1
2026-08-06T18:50:00+09:00,CMP-S03-L05-01,S03,S03-L05,1,running,176.8333,494.6808,111.604,42.5243,0.3247,A,relation-reasoning-agent-eval-v3.1
2026-08-06T19:00:00+09:00,CMP-S03-L01-01,S03,S03-L01,1,running,161.6293,520.8018,98.5199,45.1227,0.6616,A,relation-reasoning-agent-eval-v3.1
2026-08-06T19:00:00+09:00,CMP-S03-L02-01,S03,S03-L02,1,running,172.8119,391.407,98.8141,42.418,0.1103,A,relation-reasoning-agent-eval-v3.1
2026-08-06T19:00:00+09:00,CMP-S03-L03-01,S03,S03-L03,1,running,192.2045,425.6245,96.8095,43.9832,0.9464,A,relation-reasoning-agent-eval-v3.1
2026-08-06T19:00:00+09:00,CMP-S03-L04-01,S03,S03-L04,1,running,157.886,486.0125,106.6698,37.5625,-0.2324,A,relation-reasoning-agent-eval-v3.1
2026-08-06T19:00:00+09:00,CMP-S03-L05-01,S03,S03-L05,1,running,184.626,487.207,104.309,42.3597,0.2942,A,relation-reasoning-agent-eval-v3.1
2026-08-06T19:10:00+09:00,CMP-S03-L01-01,S03,S03-L01,1,running,158.7191,548.0279,90.4167,43.4598,0.3536,A,relation-reasoning-agent-eval-v3.1
2026-08-06T19:10:00+09:00,CMP-S03-L02-01,S03,S03-L02,1,running,157.4054,423.373,92.7153,43.2358,0.2617,A,relation-reasoning-agent-eval-v3.1
2026-08-06T19:10:00+09:00,CMP-S03-L03-01,S03,S03-L03,1,running,200.7277,435.7643,94.8572,44.8341,1.104,B,relation-reasoning-agent-eval-v3.1
2026-08-06T19:10:00+09:00,CMP-S03-L04-01,S03,S03-L04,1,running,167.5679,507.1304,107.8098,41.1698,0.4356,A,relation-reasoning-agent-eval-v3.1
2026-08-06T19:10:00+09:00,CMP-S03-L05-01,S03,S03-L05,1,running,189.3405,494.2249,110.1986,40.5887,-0.0337,A,relation-reasoning-agent-eval-v3.1
2026-08-06T19:20:00+09:00,CMP-S03-L01-01,S03,S03-L01,1,running,170.4961,588.1748,91.1646,34.4972,-1.3061,B,relation-reasoning-agent-eval-v3.1
2026-08-06T19:20:00+09:00,CMP-S03-L02-01,S03,S03-L02,1,running,169.9656,417.1381,101.9068,39.1659,-0.492,A,relation-reasoning-agent-eval-v3.1
2026-08-06T19:20:00+09:00,CMP-S03-L03-01,S03,S03-L03,1,running,204.0988,464.286,91.5681,46.1505,1.3478,B,relation-reasoning-agent-eval-v3.1
2026-08-06T19:20:00+09:00,CMP-S03-L04-01,S03,S03-L04,1,running,177.9998,476.9588,105.181,39.5271,0.1314,A,relation-reasoning-agent-eval-v3.1
2026-08-06T19:20:00+09:00,CMP-S03-L05-01,S03,S03-L05,1,running,172.9821,466.9449,107.2918,32.0318,-1.6184,B,relation-reasoning-agent-eval-v3.1
2026-08-06T19:30:00+09:00,CMP-S03-L01-01,S03,S03-L01,1,running,145.4688,554.2774,100.4993,38.5955,-0.5472,A,relation-reasoning-agent-eval-v3.1
2026-08-06T19:30:00+09:00,CMP-S03-L02-01,S03,S03-L02,1,running,178.2869,352.2109,105.9213,38.8002,-0.5597,A,relation-reasoning-agent-eval-v3.1
2026-08-06T19:30:00+09:00,CMP-S03-L03-01,S03,S03-L03,1,running,185.433,501.6808,90.3169,43.3039,0.8206,A,relation-reasoning-agent-eval-v3.1
2026-08-06T19:30:00+09:00,CMP-S03-L04-01,S03,S03-L04,1,running,178.2852,472.654,103.2206,40.1238,0.2419,A,relation-reasoning-agent-eval-v3.1
2026-08-06T19:30:00+09:00,CMP-S03-L05-01,S03,S03-L05,1,running,174.9728,439.2116,96.5403,35.1631,-1.0385,B,relation-reasoning-agent-eval-v3.1
2026-08-06T19:40:00+09:00,CMP-S03-L01-01,S03,S03-L01,1,running,141.8596,538.1486,93.525,41.2336,-0.0586,A,relation-reasoning-agent-eval-v3.1
2026-08-06T19:40:00+09:00,CMP-S03-L02-01,S03,S03-L02,1,running,154.096,400.7007,99.335,38.5538,-0.6053,A,relation-reasoning-agent-eval-v3.1
2026-08-06T19:40:00+09:00,CMP-S03-L03-01,S03,S03-L03,1,running,173.8988,460.0118,92.8994,47.0168,1.5082,B,relation-reasoning-agent-eval-v3.1
2026-08-06T19:40:00+09:00,CMP-S03-L04-01,S03,S03-L04,1,running,186.2494,519.3013,102.6022,35.4431,-0.6249,A,relation-reasoning-agent-eval-v3.1
2026-08-06T19:40:00+09:00,CMP-S03-L05-01,S03,S03-L05,1,running,164.8561,490.4584,97.9162,37.9876,-0.5154,A,relation-reasoning-agent-eval-v3.1
2026-08-06T19:50:00+09:00,CMP-S03-L01-01,S03,S03-L01,1,running,152.4373,483.1589,98.1658,42.0905,0.1001,A,relation-reasoning-agent-eval-v3.1
2026-08-06T19:50:00+09:00,CMP-S03-L02-01,S03,S03-L02,1,running,153.8092,402.9239,100.2854,35.1963,-1.2271,B,relation-reasoning-agent-eval-v3.1
2026-08-06T19:50:00+09:00,CMP-S03-L03-01,S03,S03-L03,1,running,166.5037,447.7018,96.3429,46.5355,1.4191,B,relation-reasoning-agent-eval-v3.1
2026-08-06T19:50:00+09:00,CMP-S03-L04-01,S03,S03-L04,1,running,170.3134,470.661,93.2399,37.9193,-0.1663,A,relation-reasoning-agent-eval-v3.1
2026-08-06T19:50:00+09:00,CMP-S03-L05-01,S03,S03-L05,1,running,168.0807,478.5244,103.068,37.4368,-0.6174,A,relation-reasoning-agent-eval-v3.1
2026-08-06T20:00:00+09:00,CMP-S03-L01-01,S03,S03-L01,1,running,168.7314,453.1084,97.9843,41.5332,-0.0032,A,relation-reasoning-agent-eval-v3.1
2026-08-06T20:00:00+09:00,CMP-S03-L02-01,S03,S03-L02,1,running,139.7804,421.7635,100.251,32.943,-1.6444,B,relation-reasoning-agent-eval-v3.1
2026-08-06T20:00:00+09:00,CMP-S03-L03-01,S03,S03-L03,1,running,171.8797,455.5173,98.1582,49.3519,1.9406,B,relation-reasoning-agent-eval-v3.1
2026-08-06T20:00:00+09:00,CMP-S03-L04-01,S03,S03-L04,1,running,177.8964,470.0725,98.3998,35.327,-0.6464,A,relation-reasoning-agent-eval-v3.1
2026-08-06T20:00:00+09:00,CMP-S03-L05-01,S03,S03-L05,1,running,182.6191,439.4005,102.1335,35.5899,-0.9594,A,relation-reasoning-agent-eval-v3.1
2026-08-06T20:10:00+09:00,CMP-S03-L01-01,S03,S03-L01,1,running,180.7654,445.9957,97.2248,38.8655,-0.4972,A,relation-reasoning-agent-eval-v3.1
2026-08-06T20:10:00+09:00,CMP-S03-L02-01,S03,S03-L02,1,running,154.0071,484.6169,95.4161,38.7224,-0.5741,A,relation-reasoning-agent-eval-v3.1
2026-08-06T20:10:00+09:00,CMP-S03-L03-01,S03,S03-L03,1,running,157.7372,421.9853,107.0386,42.8861,0.7433,A,relation-reasoning-agent-eval-v3.1
2026-08-06T20:10:00+09:00,CMP-S03-L04-01,S03,S03-L04,1,running,164.418,522.6803,96.7256,36.2667,-0.4723,A,relation-reasoning-agent-eval-v3.1
2026-08-06T20:10:00+09:00,CMP-S03-L05-01,S03,S03-L05,1,running,201.3467,424.4339,100.6331,34.0863,-1.2379,B,relation-reasoning-agent-eval-v3.1
2026-08-06T20:20:00+09:00,CMP-S03-L01-01,S03,S03-L01,1,running,178.0598,409.629,92.7751,43.264,0.3174,A,relation-reasoning-agent-eval-v3.1
2026-08-06T20:20:00+09:00,CMP-S03-L02-01,S03,S03-L02,1,running,159.6793,464.2717,104.1964,41.7036,-0.022,A,relation-reasoning-agent-eval-v3.1
2026-08-06T20:20:00+09:00,CMP-S03-L03-01,S03,S03-L03,1,running,163.1697,445.2034,105.7294,40.763,0.3501,A,relation-reasoning-agent-eval-v3.1
2026-08-06T20:20:00+09:00,CMP-S03-L04-01,S03,S03-L04,1,running,158.63,486.4348,101.101,34.932,-0.7195,A,relation-reasoning-agent-eval-v3.1
2026-08-06T20:20:00+09:00,CMP-S03-L05-01,S03,S03-L05,1,running,186.3259,426.7958,98.2145,32.0621,-1.6128,B,relation-reasoning-agent-eval-v3.1
2026-08-06T20:30:00+09:00,CMP-S03-L01-01,S03,S03-L01,1,running,166.6497,403.7308,90.0082,43.6513,0.3891,A,relation-reasoning-agent-eval-v3.1
2026-08-06T20:30:00+09:00,CMP-S03-L02-01,S03,S03-L02,1,running,158.6007,468.6719,102.4544,38.0183,-0.7045,A,relation-reasoning-agent-eval-v3.1
2026-08-06T20:30:00+09:00,CMP-S03-L03-01,S03,S03-L03,1,running,175.7015,462.8106,98.3854,43.5731,0.8705,A,relation-reasoning-agent-eval-v3.1
2026-08-06T20:30:00+09:00,CMP-S03-L04-01,S03,S03-L04,1,running,150.5849,517.7803,110.6943,35.7802,-0.5624,A,relation-reasoning-agent-eval-v3.1
2026-08-06T20:30:00+09:00,CMP-S03-L05-01,S03,S03-L05,1,running,164.3605,433.8421,99.0743,39.4846,-0.2382,A,relation-reasoning-agent-eval-v3.1
2026-08-06T20:40:00+09:00,CMP-S03-L01-01,S03,S03-L01,1,running,166.3481,431.9554,86.7328,44.5327,0.5523,A,relation-reasoning-agent-eval-v3.1
2026-08-06T20:40:00+09:00,CMP-S03-L02-01,S03,S03-L02,1,running,179.4585,463.5237,111.0673,29.147,-2.3473,C,relation-reasoning-agent-eval-v3.1
2026-08-06T20:40:00+09:00,CMP-S03-L03-01,S03,S03-L03,1,running,177.6233,460.7083,100.3469,30.835,-1.4884,B,relation-reasoning-agent-eval-v3.1
2026-08-06T20:40:00+09:00,CMP-S03-L04-01,S03,S03-L04,1,running,148.8337,555.3067,102.0753,38.1886,-0.1164,A,relation-reasoning-agent-eval-v3.1
2026-08-06T20:40:00+09:00,CMP-S03-L05-01,S03,S03-L05,1,running,167.2819,435.2387,98.0933,37.4387,-0.6171,A,relation-reasoning-agent-eval-v3.1
2026-08-06T20:50:00+09:00,CMP-S03-L01-01,S03,S03-L01,1,running,133.7839,436.3444,91.7307,51.8515,1.9077,B,relation-reasoning-agent-eval-v3.1
2026-08-06T20:50:00+09:00,CMP-S03-L02-01,S03,S03-L02,1,running,178.9896,485.703,107.0443,34.0008,-1.4485,B,relation-reasoning-agent-eval-v3.1
2026-08-06T20:50:00+09:00,CMP-S03-L03-01,S03,S03-L03,1,running,151.5849,439.3857,103.3816,35.0808,-0.7022,A,relation-reasoning-agent-eval-v3.1
2026-08-06T20:50:00+09:00,CMP-S03-L04-01,S03,S03-L04,1,running,145.5075,504.7918,95.7197,38.0306,-0.1457,A,relation-reasoning-agent-eval-v3.1
2026-08-06T20:50:00+09:00,CMP-S03-L05-01,S03,S03-L05,1,running,178.5235,462.9698,98.6911,37.3571,-0.6322,A,relation-reasoning-agent-eval-v3.1
2026-08-06T21:00:00+09:00,CMP-S03-L01-01,S03,S03-L01,1,running,129.6333,409.7055,96.0549,46.2739,0.8748,A,relation-reasoning-agent-eval-v3.1
2026-08-06T21:00:00+09:00,CMP-S03-L02-01,S03,S03-L02,1,running,176.1306,476.6169,109.0248,30.9991,-2.0044,C,relation-reasoning-agent-eval-v3.1
2026-08-06T21:00:00+09:00,CMP-S03-L03-01,S03,S03-L03,1,running,168.0899,412.7738,98.9756,33.5858,-0.979,A,relation-reasoning-agent-eval-v3.1
2026-08-06T21:00:00+09:00,CMP-S03-L04-01,S03,S03-L04,1,running,138.894,443.3378,94.3998,33.0506,-1.0679,B,relation-reasoning-agent-eval-v3.1
2026-08-06T21:00:00+09:00,CMP-S03-L05-01,S03,S03-L05,1,running,175.7163,473.6973,94.888,35.8666,-0.9082,A,relation-reasoning-agent-eval-v3.1
2026-08-06T21:10:00+09:00,CMP-S03-L01-01,S03,S03-L01,1,running,151.8779,400.5683,102.8798,40.0718,-0.2738,A,relation-reasoning-agent-eval-v3.1
2026-08-06T21:10:00+09:00,CMP-S03-L02-01,S03,S03-L02,1,running,141.833,440.1279,103.6156,41.3735,-0.0832,A,relation-reasoning-agent-eval-v3.1
2026-08-06T21:10:00+09:00,CMP-S03-L03-01,S03,S03-L03,1,running,162.2709,418.5213,100.6543,38.7475,-0.0231,A,relation-reasoning-agent-eval-v3.1
2026-08-06T21:10:00+09:00,CMP-S03-L04-01,S03,S03-L04,1,running,141.474,411.3183,97.1371,34.1811,-0.8586,A,relation-reasoning-agent-eval-v3.1
2026-08-06T21:10:00+09:00,CMP-S03-L05-01,S03,S03-L05,1,running,178.2568,486.8147,106.1434,32.6848,-1.4974,B,relation-reasoning-agent-eval-v3.1
2026-08-06T21:20:00+09:00,CMP-S03-L01-01,S03,S03-L01,1,running,155.6485,394.1335,100.1585,43.0064,0.2697,A,relation-reasoning-agent-eval-v3.1
2026-08-06T21:20:00+09:00,CMP-S03-L02-01,S03,S03-L02,1,running,142.9684,419.0418,102.5937,41.5226,-0.0556,A,relation-reasoning-agent-eval-v3.1
2026-08-06T21:20:00+09:00,CMP-S03-L03-01,S03,S03-L03,1,running,164.5593,459.6641,100.4721,39.3149,0.0819,A,relation-reasoning-agent-eval-v3.1
2026-08-06T21:20:00+09:00,CMP-S03-L04-01,S03,S03-L04,1,running,154.7465,434.0757,89.8804,40.6496,0.3393,A,relation-reasoning-agent-eval-v3.1
2026-08-06T21:20:00+09:00,CMP-S03-L05-01,S03,S03-L05,1,running,194.3052,434.7365,105.3217,40.6806,-0.0167,A,relation-reasoning-agent-eval-v3.1
2026-08-06T21:30:00+09:00,CMP-S03-L01-01,S03,S03-L01,1,running,146.6539,352.4357,96.4298,43.698,0.3977,A,relation-reasoning-agent-eval-v3.1
2026-08-06T21:30:00+09:00,CMP-S03-L02-01,S03,S03-L02,1,running,163.5098,420.381,98.8312,42.8468,0.1897,A,relation-reasoning-agent-eval-v3.1
2026-08-06T21:30:00+09:00,CMP-S03-L03-01,S03,S03-L03,1,running,171.1327,437.4696,108.1323,47.0195,1.5087,B,relation-reasoning-agent-eval-v3.1
2026-08-06T21:30:00+09:00,CMP-S03-L04-01,S03,S03-L04,1,running,156.3792,442.8526,95.0554,36.759,-0.3812,A,relation-reasoning-agent-eval-v3.1
2026-08-06T21:30:00+09:00,CMP-S03-L05-01,S03,S03-L05,1,running,194.3167,433.348,99.3766,39.8989,-0.1615,A,relation-reasoning-agent-eval-v3.1
2026-08-06T21:40:00+09:00,CMP-S03-L01-01,S03,S03-L01,1,running,137.4896,414.2072,95.8207,45.2091,0.6776,A,relation-reasoning-agent-eval-v3.1
2026-08-06T21:40:00+09:00,CMP-S03-L02-01,S03,S03-L02,1,running,159.1485,435.8179,93.7538,42.0313,0.0386,A,relation-reasoning-agent-eval-v3.1
2026-08-06T21:40:00+09:00,CMP-S03-L03-01,S03,S03-L03,1,running,164.3158,434.4242,96.454,43.5131,0.8594,A,relation-reasoning-agent-eval-v3.1
2026-08-06T21:40:00+09:00,CMP-S03-L04-01,S03,S03-L04,1,running,166.9125,421.5074,95.8756,28.782,-1.8584,B,relation-reasoning-agent-eval-v3.1
2026-08-06T21:40:00+09:00,CMP-S03-L05-01,S03,S03-L05,1,running,176.2575,454.5409,98.3966,39.3332,-0.2662,A,relation-reasoning-agent-eval-v3.1
2026-08-06T21:50:00+09:00,CMP-S03-L01-01,S03,S03-L01,1,running,132.8636,409.8305,93.7277,42.8168,0.2346,A,relation-reasoning-agent-eval-v3.1
2026-08-06T21:50:00+09:00,CMP-S03-L02-01,S03,S03-L02,1,running,163.9121,483.8834,94.7276,40.8073,-0.188,A,relation-reasoning-agent-eval-v3.1
2026-08-06T21:50:00+09:00,CMP-S03-L03-01,S03,S03-L03,1,running,168.7355,404.9635,95.8611,45.669,1.2586,B,relation-reasoning-agent-eval-v3.1
2026-08-06T21:50:00+09:00,CMP-S03-L04-01,S03,S03-L04,1,running,168.7378,430.7688,97.4004,30.0677,-1.6203,B,relation-reasoning-agent-eval-v3.1
2026-08-06T21:50:00+09:00,CMP-S03-L05-01,S03,S03-L05,1,running,156.5221,404.7629,102.9731,43.9287,0.5848,A,relation-reasoning-agent-eval-v3.1
2026-08-06T22:00:00+09:00,CMP-S03-L01-01,S03,S03-L01,1,running,150.4268,382.3041,99.1005,46.163,0.8542,A,relation-reasoning-agent-eval-v3.1
2026-08-06T22:00:00+09:00,CMP-S03-L02-01,S03,S03-L02,1,running,178.5446,441.6723,101.4889,45.87,0.7495,A,relation-reasoning-agent-eval-v3.1
2026-08-06T22:00:00+09:00,CMP-S03-L03-01,S03,S03-L03,1,running,162.9469,447.4104,95.1569,40.8042,0.3577,A,relation-reasoning-agent-eval-v3.1
2026-08-06T22:00:00+09:00,CMP-S03-L04-01,S03,S03-L04,1,running,154.1522,440.6255,96.4222,35.0268,-0.702,A,relation-reasoning-agent-eval-v3.1
2026-08-06T22:00:00+09:00,CMP-S03-L05-01,S03,S03-L05,1,running,168.2832,390.8576,103.8342,38.418,-0.4357,A,relation-reasoning-agent-eval-v3.1
2026-08-06T22:10:00+09:00,CMP-S03-L01-01,S03,S03-L01,1,running,145.0541,370.3155,102.2345,38.457,-0.5728,A,relation-reasoning-agent-eval-v3.1
2026-08-06T22:10:00+09:00,CMP-S03-L02-01,S03,S03-L02,1,running,170.5343,471.3673,104.7151,40.5398,-0.2376,A,relation-reasoning-agent-eval-v3.1
2026-08-06T22:10:00+09:00,CMP-S03-L03-01,S03,S03-L03,1,running,159.0798,417.3076,84.945,45.5494,1.2365,B,relation-reasoning-agent-eval-v3.1
2026-08-06T22:10:00+09:00,CMP-S03-L04-01,S03,S03-L04,1,running,164.932,461.4507,100.1783,27.7894,-2.0422,C,relation-reasoning-agent-eval-v3.1
2026-08-06T22:10:00+09:00,CMP-S03-L05-01,S03,S03-L05,1,running,189.0147,390.683,102.5291,40.5594,-0.0392,A,relation-reasoning-agent-eval-v3.1
2026-08-06T22:20:00+09:00,CMP-S03-L01-01,S03,S03-L01,1,running,159.0006,383.1253,96.0388,39.8668,-0.3117,A,relation-reasoning-agent-eval-v3.1
2026-08-06T22:20:00+09:00,CMP-S03-L02-01,S03,S03-L02,1,running,155.6613,497.7886,106.5803,45.1855,0.6227,A,relation-reasoning-agent-eval-v3.1
2026-08-06T22:20:00+09:00,CMP-S03-L03-01,S03,S03-L03,1,running,171.5454,445.7667,92.912,43.6067,0.8767,A,relation-reasoning-agent-eval-v3.1
2026-08-06T22:20:00+09:00,CMP-S03-L04-01,S03,S03-L04,1,running,162.4882,479.3125,103.1363,26.2681,-2.3239,C,relation-reasoning-agent-eval-v3.1
2026-08-06T22:20:00+09:00,CMP-S03-L05-01,S03,S03-L05,1,running,177.9589,362.3731,97.7398,42.8433,0.3838,A,relation-reasoning-agent-eval-v3.1
2026-08-06T22:30:00+09:00,CMP-S03-L01-01,S03,S03-L01,1,running,161.1186,416.2039,93.4317,40.8933,-0.1216,A,relation-reasoning-agent-eval-v3.1
2026-08-06T22:30:00+09:00,CMP-S03-L02-01,S03,S03-L02,1,running,152.6019,501.9379,105.1372,43.9129,0.3871,A,relation-reasoning-agent-eval-v3.1
2026-08-06T22:30:00+09:00,CMP-S03-L03-01,S03,S03-L03,1,running,168.1665,405.7357,84.9257,50.1597,2.0902,C,relation-reasoning-agent-eval-v3.1
2026-08-06T22:30:00+09:00,CMP-S03-L04-01,S03,S03-L04,1,running,168.355,438.7637,103.8013,30.2231,-1.5915,B,relation-reasoning-agent-eval-v3.1
2026-08-06T22:30:00+09:00,CMP-S03-L05-01,S03,S03-L05,1,running,187.4468,387.5041,96.6885,46.6927,1.0966,B,relation-reasoning-agent-eval-v3.1
2026-08-06T22:40:00+09:00,CMP-S03-L01-01,S03,S03-L01,1,running,159.9676,375.6584,91.8429,36.795,-0.8806,A,relation-reasoning-agent-eval-v3.1
2026-08-06T22:40:00+09:00,CMP-S03-L02-01,S03,S03-L02,1,running,133.0942,496.3667,100.9527,42.0582,0.0436,A,relation-reasoning-agent-eval-v3.1
2026-08-06T22:40:00+09:00,CMP-S03-L03-01,S03,S03-L03,1,running,175.4062,413.2693,91.0602,49.7271,2.0101,C,relation-reasoning-agent-eval-v3.1
2026-08-06T22:40:00+09:00,CMP-S03-L04-01,S03,S03-L04,1,running,174.559,437.5383,102.0795,37.0429,-0.3286,A,relation-reasoning-agent-eval-v3.1
2026-08-06T22:40:00+09:00,CMP-S03-L05-01,S03,S03-L05,1,running,185.3738,373.8361,103.1295,40.7681,-0.0005,A,relation-reasoning-agent-eval-v3.1
2026-08-06T22:50:00+09:00,CMP-S03-L01-01,S03,S03-L01,1,running,164.2542,374.9732,90.0357,39.2139,-0.4327,A,relation-reasoning-agent-eval-v3.1
2026-08-06T22:50:00+09:00,CMP-S03-L02-01,S03,S03-L02,1,running,137.1216,560.7454,99.965,39.1115,-0.5021,A,relation-reasoning-agent-eval-v3.1
2026-08-06T22:50:00+09:00,CMP-S03-L03-01,S03,S03-L03,1,running,198.7858,426.2945,96.9354,44.9372,1.1231,B,relation-reasoning-agent-eval-v3.1
2026-08-06T22:50:00+09:00,CMP-S03-L04-01,S03,S03-L04,1,running,161.1101,396.7953,111.242,46.167,1.3611,B,relation-reasoning-agent-eval-v3.1
2026-08-06T22:50:00+09:00,CMP-S03-L05-01,S03,S03-L05,1,running,188.9406,417.5103,105.431,42.5734,0.3338,A,relation-reasoning-agent-eval-v3.1
2026-08-06T23:00:00+09:00,CMP-S03-L01-01,S03,S03-L01,1,running,165.8666,355.5108,86.4823,45.1872,0.6735,A,relation-reasoning-agent-eval-v3.1
2026-08-06T23:00:00+09:00,CMP-S03-L02-01,S03,S03-L02,1,running,143.351,525.0023,96.6226,42.4688,0.1197,A,relation-reasoning-agent-eval-v3.1
2026-08-06T23:00:00+09:00,CMP-S03-L03-01,S03,S03-L03,1,running,178.7363,382.4152,99.6903,43.3437,0.828,A,relation-reasoning-agent-eval-v3.1
2026-08-06T23:00:00+09:00,CMP-S03-L04-01,S03,S03-L04,1,running,172.351,393.0483,116.5622,39.2736,0.0845,A,relation-reasoning-agent-eval-v3.1
2026-08-06T23:00:00+09:00,CMP-S03-L05-01,S03,S03-L05,1,running,191.259,414.3309,104.8612,49.8684,1.6847,B,relation-reasoning-agent-eval-v3.1
2026-08-06T23:10:00+09:00,CMP-S03-L01-01,S03,S03-L01,1,running,171.8364,352.545,85.1989,45.6551,0.7602,A,relation-reasoning-agent-eval-v3.1
2026-08-06T23:10:00+09:00,CMP-S03-L02-01,S03,S03-L02,1,running,167.369,537.9221,105.7493,43.5828,0.326,A,relation-reasoning-agent-eval-v3.1
2026-08-06T23:10:00+09:00,CMP-S03-L03-01,S03,S03-L03,1,running,191.5567,385.4046,97.2392,48.7802,1.8348,B,relation-reasoning-agent-eval-v3.1
2026-08-06T23:10:00+09:00,CMP-S03-L04-01,S03,S03-L04,1,running,196.4907,376.8601,108.3941,35.7526,-0.5675,A,relation-reasoning-agent-eval-v3.1
2026-08-06T23:10:00+09:00,CMP-S03-L05-01,S03,S03-L05,1,running,186.5822,439.8754,107.7056,43.2886,0.4662,A,relation-reasoning-agent-eval-v3.1
2026-08-06T23:20:00+09:00,CMP-S03-L01-01,S03,S03-L01,1,running,184.0566,358.3133,90.0424,46.6114,0.9373,A,relation-reasoning-agent-eval-v3.1
2026-08-06T23:20:00+09:00,CMP-S03-L02-01,S03,S03-L02,1,running,168.927,525.3337,103.6245,38.054,-0.6979,A,relation-reasoning-agent-eval-v3.1
2026-08-06T23:20:00+09:00,CMP-S03-L03-01,S03,S03-L03,1,running,195.0729,355.8916,97.6962,42.46,0.6644,A,relation-reasoning-agent-eval-v3.1
2026-08-06T23:20:00+09:00,CMP-S03-L04-01,S03,S03-L04,1,running,186.4046,396.1236,105.5388,35.987,-0.5241,A,relation-reasoning-agent-eval-v3.1
2026-08-06T23:20:00+09:00,CMP-S03-L05-01,S03,S03-L05,1,running,187.3754,480.5294,109.0853,40.9209,0.0278,A,relation-reasoning-agent-eval-v3.1
2026-08-06T23:30:00+09:00,CMP-S03-L01-01,S03,S03-L01,1,running,175.9809,429.6346,91.8537,43.6388,0.3868,A,relation-reasoning-agent-eval-v3.1
2026-08-06T23:30:00+09:00,CMP-S03-L02-01,S03,S03-L02,1,running,170.6123,496.0934,99.4433,33.1028,-1.6148,B,relation-reasoning-agent-eval-v3.1
2026-08-06T23:30:00+09:00,CMP-S03-L03-01,S03,S03-L03,1,running,199.9551,368.5662,103.0587,43.3615,0.8313,A,relation-reasoning-agent-eval-v3.1
2026-08-06T23:30:00+09:00,CMP-S03-L04-01,S03,S03-L04,1,running,196.9169,420.9859,100.4494,37.8492,-0.1793,A,relation-reasoning-agent-eval-v3.1
2026-08-06T23:30:00+09:00,CMP-S03-L05-01,S03,S03-L05,1,running,178.9677,499.3049,106.6397,42.3018,0.2835,A,relation-reasoning-agent-eval-v3.1
2026-08-06T23:40:00+09:00,CMP-S03-L01-01,S03,S03-L01,1,running,176.1639,425.4997,92.828,39.3763,-0.4026,A,relation-reasoning-agent-eval-v3.1
2026-08-06T23:40:00+09:00,CMP-S03-L02-01,S03,S03-L02,1,running,173.2706,506.8263,102.6561,30.6963,-2.0604,C,relation-reasoning-agent-eval-v3.1
2026-08-06T23:40:00+09:00,CMP-S03-L03-01,S03,S03-L03,1,running,189.2578,313.1379,102.9809,38.4237,-0.0831,A,relation-reasoning-agent-eval-v3.1
2026-08-06T23:40:00+09:00,CMP-S03-L04-01,S03,S03-L04,1,running,201.5063,365.1326,102.1889,37.5757,-0.2299,A,relation-reasoning-agent-eval-v3.1
2026-08-06T23:40:00+09:00,CMP-S03-L05-01,S03,S03-L05,1,running,186.872,502.4108,96.7643,42.582,0.3354,A,relation-reasoning-agent-eval-v3.1
2026-08-06T23:50:00+09:00,CMP-S03-L01-01,S03,S03-L01,1,running,175.142,450.7995,97.7301,43.1352,0.2935,A,relation-reasoning-agent-eval-v3.1
2026-08-06T23:50:00+09:00,CMP-S03-L02-01,S03,S03-L02,1,running,173.4276,481.2291,104.6963,38.6553,-0.5865,A,relation-reasoning-agent-eval-v3.1
2026-08-06T23:50:00+09:00,CMP-S03-L03-01,S03,S03-L03,1,running,192.0244,385.8634,97.7464,35.1155,-0.6957,A,relation-reasoning-agent-eval-v3.1
2026-08-06T23:50:00+09:00,CMP-S03-L04-01,S03,S03-L04,1,running,188.7092,340.0718,101.3046,41.4326,0.4843,A,relation-reasoning-agent-eval-v3.1
2026-08-06T23:50:00+09:00,CMP-S03-L05-01,S03,S03-L05,1,running,193.976,477.6233,101.067,44.5614,0.7019,A,relation-reasoning-agent-eval-v3.1
2026-08-07T00:00:00+09:00,CMP-S03-L01-01,S03,S03-L01,1,running,172.4234,452.9218,100.9661,43.7864,0.4141,A,relation-reasoning-agent-eval-v3.1
2026-08-07T00:00:00+09:00,CMP-S03-L02-01,S03,S03-L02,1,running,189.0026,500.75,102.9325,43.5595,0.3216,A,relation-reasoning-agent-eval-v3.1
2026-08-07T00:00:00+09:00,CMP-S03-L03-01,S03,S03-L03,1,running,177.3803,336.4704,95.5654,37.8947,-0.1811,A,relation-reasoning-agent-eval-v3.1
2026-08-07T00:00:00+09:00,CMP-S03-L04-01,S03,S03-L04,1,running,194.4875,328.6467,103.5534,40.3023,0.275,A,relation-reasoning-agent-eval-v3.1
2026-08-07T00:00:00+09:00,CMP-S03-L05-01,S03,S03-L05,1,running,214.0557,442.8667,97.4154,42.1924,0.2632,A,relation-reasoning-agent-eval-v3.1
2026-08-07T00:10:00+09:00,CMP-S03-L01-01,S03,S03-L01,1,running,179.5132,405.2625,94.383,36.919,-0.8576,A,relation-reasoning-agent-eval-v3.1
2026-08-07T00:10:00+09:00,CMP-S03-L02-01,S03,S03-L02,1,running,180.3019,475.4065,101.6098,39.5113,-0.428,A,relation-reasoning-agent-eval-v3.1
2026-08-07T00:10:00+09:00,CMP-S03-L03-01,S03,S03-L03,1,running,172.8975,331.3025,92.3964,40.4492,0.292,A,relation-reasoning-agent-eval-v3.1
2026-08-07T00:10:00+09:00,CMP-S03-L04-01,S03,S03-L04,1,running,200.7016,364.7287,104.5379,41.5799,0.5116,A,relation-reasoning-agent-eval-v3.1
2026-08-07T00:10:00+09:00,CMP-S03-L05-01,S03,S03-L05,1,running,200.5051,449.9934,96.7877,48.4346,1.4192,B,relation-reasoning-agent-eval-v3.1
2026-08-07T00:20:00+09:00,CMP-S03-L01-01,S03,S03-L01,1,running,177.4483,412.2589,93.0084,34.2838,-1.3456,B,relation-reasoning-agent-eval-v3.1
2026-08-07T00:20:00+09:00,CMP-S03-L02-01,S03,S03-L02,1,running,177.5058,507.3855,108.0515,48.3053,1.2005,B,relation-reasoning-agent-eval-v3.1
2026-08-07T00:20:00+09:00,CMP-S03-L03-01,S03,S03-L03,1,running,178.0364,322.3233,94.7594,41.065,0.406,A,relation-reasoning-agent-eval-v3.1
2026-08-07T00:20:00+09:00,CMP-S03-L04-01,S03,S03-L04,1,running,182.9078,351.7433,113.1037,34.6571,-0.7704,A,relation-reasoning-agent-eval-v3.1
2026-08-07T00:20:00+09:00,CMP-S03-L05-01,S03,S03-L05,1,running,184.3565,442.1,97.3232,39.8384,-0.1727,A,relation-reasoning-agent-eval-v3.1
2026-08-07T00:30:00+09:00,CMP-S03-L01-01,S03,S03-L01,1,running,190.5999,403.4451,96.5271,40.9054,-0.1194,A,relation-reasoning-agent-eval-v3.1
2026-08-07T00:30:00+09:00,CMP-S03-L02-01,S03,S03-L02,1,running,162.0917,499.6819,108.4505,44.7325,0.5389,A,relation-reasoning-agent-eval-v3.1
2026-08-07T00:30:00+09:00,CMP-S03-L03-01,S03,S03-L03,1,running,173.7787,367.1572,93.3305,39.1476,0.0509,A,relation-reasoning-agent-eval-v3.1
2026-08-07T00:30:00+09:00,CMP-S03-L04-01,S03,S03-L04,1,running,200.1354,394.1118,115.2102,31.385,-1.3764,B,relation-reasoning-agent-eval-v3.1
2026-08-07T00:30:00+09:00,CMP-S03-L05-01,S03,S03-L05,1,running,173.1812,452.0194,93.3931,40.5947,-0.0326,A,relation-reasoning-agent-eval-v3.1
2026-08-07T00:40:00+09:00,CMP-S03-L01-01,S03,S03-L01,1,running,187.0733,376.134,100.5461,41.7953,0.0454,A,relation-reasoning-agent-eval-v3.1
2026-08-07T00:40:00+09:00,CMP-S03-L02-01,S03,S03-L02,1,running,159.8941,454.0324,99.9291,50.35,1.5791,B,relation-reasoning-agent-eval-v3.1
2026-08-07T00:40:00+09:00,CMP-S03-L03-01,S03,S03-L03,1,running,182.8471,408.0528,95.0849,40.674,0.3336,A,relation-reasoning-agent-eval-v3.1
2026-08-07T00:40:00+09:00,CMP-S03-L04-01,S03,S03-L04,1,running,200.3125,427.4598,108.4177,36.8308,-0.3679,A,relation-reasoning-agent-eval-v3.1
2026-08-07T00:40:00+09:00,CMP-S03-L05-01,S03,S03-L05,1,running,193.8204,469.9066,94.4083,40.2914,-0.0888,A,relation-reasoning-agent-eval-v3.1
2026-08-07T00:50:00+09:00,CMP-S03-L01-01,S03,S03-L01,1,running,194.7577,411.9279,100.6147,43.4299,0.3481,A,relation-reasoning-agent-eval-v3.1
2026-08-07T00:50:00+09:00,CMP-S03-L02-01,S03,S03-L02,1,running,152.1971,495.116,97.4757,45.7459,0.7265,A,relation-reasoning-agent-eval-v3.1
2026-08-07T00:50:00+09:00,CMP-S03-L03-01,S03,S03-L03,1,running,167.4192,456.6248,98.653,36.9669,-0.3529,A,relation-reasoning-agent-eval-v3.1
2026-08-07T00:50:00+09:00,CMP-S03-L04-01,S03,S03-L04,1,running,192.0598,365.9344,99.2393,35.534,-0.608,A,relation-reasoning-agent-eval-v3.1
2026-08-07T00:50:00+09:00,CMP-S03-L05-01,S03,S03-L05,1,running,188.2427,497.9374,85.4442,39.5203,-0.2316,A,relation-reasoning-agent-eval-v3.1
2026-08-07T01:00:00+09:00,CMP-S03-L01-01,S03,S03-L01,1,running,190.7462,415.0118,98.2676,41.5679,0.0033,A,relation-reasoning-agent-eval-v3.1
2026-08-07T01:00:00+09:00,CMP-S03-L02-01,S03,S03-L02,1,running,143.4533,498.5995,103.873,42.9219,0.2036,A,relation-reasoning-agent-eval-v3.1
2026-08-07T01:00:00+09:00,CMP-S03-L03-01,S03,S03-L03,1,running,157.3434,459.7872,98.6617,33.0394,-1.0802,B,relation-reasoning-agent-eval-v3.1
2026-08-07T01:00:00+09:00,CMP-S03-L04-01,S03,S03-L04,1,running,173.3913,370.0235,105.2307,39.5079,0.1279,A,relation-reasoning-agent-eval-v3.1
2026-08-07T01:00:00+09:00,CMP-S03-L05-01,S03,S03-L05,1,running,179.9091,575.0488,89.6331,43.7933,0.5597,A,relation-reasoning-agent-eval-v3.1
2026-08-07T01:10:00+09:00,CMP-S03-L01-01,S03,S03-L01,1,running,185.3902,461.5206,96.0471,41.4489,-0.0188,A,relation-reasoning-agent-eval-v3.1
2026-08-07T01:10:00+09:00,CMP-S03-L02-01,S03,S03-L02,1,running,140.9393,438.5811,103.8895,39.6492,-0.4025,A,relation-reasoning-agent-eval-v3.1
2026-08-07T01:10:00+09:00,CMP-S03-L03-01,S03,S03-L03,1,running,159.0042,403.2015,99.0207,34.6901,-0.7745,A,relation-reasoning-agent-eval-v3.1
2026-08-07T01:10:00+09:00,CMP-S03-L04-01,S03,S03-L04,1,running,154.9556,345.4918,106.9494,32.1642,-1.2321,B,relation-reasoning-agent-eval-v3.1
2026-08-07T01:10:00+09:00,CMP-S03-L05-01,S03,S03-L05,1,running,173.3594,542.2162,88.2283,37.5579,-0.595,A,relation-reasoning-agent-eval-v3.1
2026-08-07T01:20:00+09:00,CMP-S03-L01-01,S03,S03-L01,1,running,177.3668,436.2478,102.3346,43.288,0.3218,A,relation-reasoning-agent-eval-v3.1
2026-08-07T01:20:00+09:00,CMP-S03-L02-01,S03,S03-L02,1,running,168.3483,427.7585,98.6735,39.6893,-0.3951,A,relation-reasoning-agent-eval-v3.1
2026-08-07T01:20:00+09:00,CMP-S03-L03-01,S03,S03-L03,1,running,154.7952,420.545,99.204,34.6045,-0.7904,A,relation-reasoning-agent-eval-v3.1
2026-08-07T01:20:00+09:00,CMP-S03-L04-01,S03,S03-L04,1,running,166.8535,352.0934,109.3179,38.4188,-0.0738,A,relation-reasoning-agent-eval-v3.1
2026-08-07T01:20:00+09:00,CMP-S03-L05-01,S03,S03-L05,1,running,178.2164,544.8369,89.5652,37.744,-0.5605,A,relation-reasoning-agent-eval-v3.1
2026-08-07T01:30:00+09:00,CMP-S03-L01-01,S03,S03-L01,1,running,176.2339,450.5277,96.2998,37.2664,-0.7933,A,relation-reasoning-agent-eval-v3.1
2026-08-07T01:30:00+09:00,CMP-S03-L02-01,S03,S03-L02,1,running,157.7179,429.0954,97.1542,44.3782,0.4732,A,relation-reasoning-agent-eval-v3.1
2026-08-07T01:30:00+09:00,CMP-S03-L03-01,S03,S03-L03,1,running,156.5386,391.5511,99.6696,37.5471,-0.2454,A,relation-reasoning-agent-eval-v3.1
2026-08-07T01:30:00+09:00,CMP-S03-L04-01,S03,S03-L04,1,running,175.7685,380.2059,105.802,37.2193,-0.2959,A,relation-reasoning-agent-eval-v3.1
2026-08-07T01:30:00+09:00,CMP-S03-L05-01,S03,S03-L05,1,running,187.6164,533.9293,92.0895,40.0312,-0.137,A,relation-reasoning-agent-eval-v3.1
2026-08-07T01:40:00+09:00,CMP-S03-L01-01,S03,S03-L01,1,running,176.8898,464.7295,106.9545,35.6557,-1.0916,B,relation-reasoning-agent-eval-v3.1
2026-08-07T01:40:00+09:00,CMP-S03-L02-01,S03,S03-L02,1,running,173.5763,447.4808,101.2311,37.0925,-0.8759,A,relation-reasoning-agent-eval-v3.1
2026-08-07T01:40:00+09:00,CMP-S03-L03-01,S03,S03-L03,1,running,153.6063,424.4495,98.8104,37.1027,-0.3277,A,relation-reasoning-agent-eval-v3.1
2026-08-07T01:40:00+09:00,CMP-S03-L04-01,S03,S03-L04,1,running,178.7341,373.0683,104.4752,36.8592,-0.3626,A,relation-reasoning-agent-eval-v3.1
2026-08-07T01:40:00+09:00,CMP-S03-L05-01,S03,S03-L05,1,running,170.8859,525.1542,101.7906,44.9792,0.7793,A,relation-reasoning-agent-eval-v3.1
2026-08-07T01:50:00+09:00,CMP-S03-L01-01,S03,S03-L01,1,running,180.5377,450.8186,106.2493,40.4657,-0.2008,A,relation-reasoning-agent-eval-v3.1
2026-08-07T01:50:00+09:00,CMP-S03-L02-01,S03,S03-L02,1,running,185.883,449.4789,103.8782,38.6772,-0.5825,A,relation-reasoning-agent-eval-v3.1
2026-08-07T01:50:00+09:00,CMP-S03-L03-01,S03,S03-L03,1,running,138.9119,431.7432,97.3995,36.9837,-0.3498,A,relation-reasoning-agent-eval-v3.1
2026-08-07T01:50:00+09:00,CMP-S03-L04-01,S03,S03-L04,1,running,163.7976,388.7228,100.3492,30.1265,-1.6094,B,relation-reasoning-agent-eval-v3.1
2026-08-07T01:50:00+09:00,CMP-S03-L05-01,S03,S03-L05,1,running,189.1456,462.2142,105.5463,43.8199,0.5646,A,relation-reasoning-agent-eval-v3.1
2026-08-07T02:00:00+09:00,CMP-S03-L01-01,S03,S03-L01,1,running,185.9231,453.9798,103.9794,37.0362,-0.8359,A,relation-reasoning-agent-eval-v3.1
2026-08-07T02:00:00+09:00,CMP-S03-L02-01,S03,S03-L02,1,running,181.7885,451.2598,103.1897,44.6879,0.5306,A,relation-reasoning-agent-eval-v3.1
2026-08-07T02:00:00+09:00,CMP-S03-L03-01,S03,S03-L03,1,running,138.6653,412.111,97.708,40.739,0.3456,A,relation-reasoning-agent-eval-v3.1
2026-08-07T02:00:00+09:00,CMP-S03-L04-01,S03,S03-L04,1,running,160.8263,397.8307,100.1788,28.4519,-1.9195,B,relation-reasoning-agent-eval-v3.1
2026-08-07T02:00:00+09:00,CMP-S03-L05-01,S03,S03-L05,1,running,183.3202,521.8408,105.1108,38.7632,-0.3718,A,relation-reasoning-agent-eval-v3.1
2026-08-07T02:10:00+09:00,CMP-S03-L01-01,S03,S03-L01,1,running,180.0531,480.7768,96.0712,34.858,-1.2393,B,relation-reasoning-agent-eval-v3.1
2026-08-07T02:10:00+09:00,CMP-S03-L02-01,S03,S03-L02,1,running,148.9202,489.8318,103.5001,48.6302,1.2607,B,relation-reasoning-agent-eval-v3.1
2026-08-07T02:10:00+09:00,CMP-S03-L03-01,S03,S03-L03,1,running,143.885,426.2661,97.6223,44.0998,0.968,A,relation-reasoning-agent-eval-v3.1
2026-08-07T02:10:00+09:00,CMP-S03-L04-01,S03,S03-L04,1,running,143.8618,380.1722,94.0665,25.736,-2.4225,C,relation-reasoning-agent-eval-v3.1
2026-08-07T02:10:00+09:00,CMP-S03-L05-01,S03,S03-L05,1,running,155.3228,531.1026,107.4839,40.7287,-0.0078,A,relation-reasoning-agent-eval-v3.1
2026-08-07T02:20:00+09:00,CMP-S03-L01-01,S03,S03-L01,1,running,161.2717,492.9332,101.0094,35.2672,-1.1635,B,relation-reasoning-agent-eval-v3.1
2026-08-07T02:20:00+09:00,CMP-S03-L02-01,S03,S03-L02,1,running,146.3492,468.6541,103.8547,45.9375,0.762,A,relation-reasoning-agent-eval-v3.1
2026-08-07T02:20:00+09:00,CMP-S03-L03-01,S03,S03-L03,1,running,141.5166,425.4527,103.2805,45.647,1.2545,B,relation-reasoning-agent-eval-v3.1
2026-08-07T02:20:00+09:00,CMP-S03-L04-01,S03,S03-L04,1,running,135.6976,434.4236,95.872,31.8776,-1.2851,B,relation-reasoning-agent-eval-v3.1
2026-08-07T02:20:00+09:00,CMP-S03-L05-01,S03,S03-L05,1,running,149.9095,514.3854,99.2797,44.913,0.7671,A,relation-reasoning-agent-eval-v3.1
2026-08-07T02:30:00+09:00,CMP-S03-L01-01,S03,S03-L01,1,running,173.3177,476.3802,100.6432,39.7768,-0.3284,A,relation-reasoning-agent-eval-v3.1
2026-08-07T02:30:00+09:00,CMP-S03-L02-01,S03,S03-L02,1,running,144.0578,450.0724,107.5637,43.14,0.244,A,relation-reasoning-agent-eval-v3.1
2026-08-07T02:30:00+09:00,CMP-S03-L03-01,S03,S03-L03,1,running,166.2557,489.5118,101.8914,44.4524,1.0333,B,relation-reasoning-agent-eval-v3.1
2026-08-07T02:30:00+09:00,CMP-S03-L04-01,S03,S03-L04,1,running,154.7992,455.707,103.6457,34.9311,-0.7197,A,relation-reasoning-agent-eval-v3.1
2026-08-07T02:30:00+09:00,CMP-S03-L05-01,S03,S03-L05,1,running,152.9503,448.0266,93.7956,43.812,0.5632,A,relation-reasoning-agent-eval-v3.1
2026-08-07T02:40:00+09:00,CMP-S03-L01-01,S03,S03-L01,1,running,196.6531,435.565,100.2097,37.2348,-0.7991,A,relation-reasoning-agent-eval-v3.1
2026-08-07T02:40:00+09:00,CMP-S03-L02-01,S03,S03-L02,1,running,156.0285,506.1357,104.1392,40.0515,-0.328,A,relation-reasoning-agent-eval-v3.1
2026-08-07T02:40:00+09:00,CMP-S03-L03-01,S03,S03-L03,1,running,167.5936,481.7948,98.8267,40.4174,0.2861,A,relation-reasoning-agent-eval-v3.1
2026-08-07T02:40:00+09:00,CMP-S03-L04-01,S03,S03-L04,1,running,160.1265,430.3944,101.4215,39.7011,0.1637,A,relation-reasoning-agent-eval-v3.1
2026-08-07T02:40:00+09:00,CMP-S03-L05-01,S03,S03-L05,1,running,159.9724,447.3817,100.6926,44.9004,0.7647,A,relation-reasoning-agent-eval-v3.1
2026-08-07T02:50:00+09:00,CMP-S03-L01-01,S03,S03-L01,1,running,194.9177,484.8315,100.9004,43.1347,0.2934,A,relation-reasoning-agent-eval-v3.1
2026-08-07T02:50:00+09:00,CMP-S03-L02-01,S03,S03-L02,1,running,152.0696,491.3155,103.1648,40.6552,-0.2162,A,relation-reasoning-agent-eval-v3.1
2026-08-07T02:50:00+09:00,CMP-S03-L03-01,S03,S03-L03,1,running,184.9124,461.9235,100.5442,49.0712,1.8887,B,relation-reasoning-agent-eval-v3.1
2026-08-07T02:50:00+09:00,CMP-S03-L04-01,S03,S03-L04,1,running,149.909,465.182,105.2867,46.1327,1.3547,B,relation-reasoning-agent-eval-v3.1
2026-08-07T02:50:00+09:00,CMP-S03-L05-01,S03,S03-L05,1,running,173.158,444.738,108.5074,47.0688,1.1663,B,relation-reasoning-agent-eval-v3.1
2026-08-07T03:00:00+09:00,CMP-S03-L01-01,S03,S03-L01,1,running,175.0478,476.0941,99.911,46.5643,0.9285,A,relation-reasoning-agent-eval-v3.1
2026-08-07T03:00:00+09:00,CMP-S03-L02-01,S03,S03-L02,1,running,165.655,537.5851,97.085,35.2951,-1.2088,B,relation-reasoning-agent-eval-v3.1
2026-08-07T03:00:00+09:00,CMP-S03-L03-01,S03,S03-L03,1,running,183.288,447.1225,100.1183,43.9539,0.941,A,relation-reasoning-agent-eval-v3.1
2026-08-07T03:00:00+09:00,CMP-S03-L04-01,S03,S03-L04,1,running,150.1358,497.4857,103.963,38.1196,-0.1292,A,relation-reasoning-agent-eval-v3.1
2026-08-07T03:00:00+09:00,CMP-S03-L05-01,S03,S03-L05,1,running,168.8983,448.1591,110.2962,49.3851,1.5952,B,relation-reasoning-agent-eval-v3.1
2026-08-07T03:10:00+09:00,CMP-S03-L01-01,S03,S03-L01,1,running,166.4326,517.4718,96.3675,46.2265,0.866,A,relation-reasoning-agent-eval-v3.1
2026-08-07T03:10:00+09:00,CMP-S03-L02-01,S03,S03-L02,1,running,153.7248,548.1834,92.4958,36.6099,-0.9653,A,relation-reasoning-agent-eval-v3.1
2026-08-07T03:10:00+09:00,CMP-S03-L03-01,S03,S03-L03,1,running,164.4878,457.0366,101.9539,45.7324,1.2704,B,relation-reasoning-agent-eval-v3.1
2026-08-07T03:10:00+09:00,CMP-S03-L04-01,S03,S03-L04,1,running,154.513,510.3546,106.3624,37.4785,-0.2479,A,relation-reasoning-agent-eval-v3.1
2026-08-07T03:10:00+09:00,CMP-S03-L05-01,S03,S03-L05,1,running,164.8563,441.9939,104.7006,42.4826,0.317,A,relation-reasoning-agent-eval-v3.1
2026-08-07T03:20:00+09:00,CMP-S03-L01-01,S03,S03-L01,1,running,166.7625,467.2771,106.4709,50.5291,1.6628,B,relation-reasoning-agent-eval-v3.1
2026-08-07T03:20:00+09:00,CMP-S03-L02-01,S03,S03-L02,1,running,154.3856,553.0213,93.6851,41.6772,-0.0269,A,relation-reasoning-agent-eval-v3.1
2026-08-07T03:20:00+09:00,CMP-S03-L03-01,S03,S03-L03,1,running,169.2113,490.5302,102.5493,45.8188,1.2864,B,relation-reasoning-agent-eval-v3.1
2026-08-07T03:20:00+09:00,CMP-S03-L04-01,S03,S03-L04,1,running,170.9309,476.5925,96.6091,38.2928,-0.0971,A,relation-reasoning-agent-eval-v3.1
2026-08-07T03:20:00+09:00,CMP-S03-L05-01,S03,S03-L05,1,running,164.7492,406.2438,100.1245,44.3672,0.666,A,relation-reasoning-agent-eval-v3.1
2026-08-07T03:30:00+09:00,CMP-S03-L01-01,S03,S03-L01,1,running,179.492,451.0618,103.7673,53.4808,2.2094,C,relation-reasoning-agent-eval-v3.1
2026-08-07T03:30:00+09:00,CMP-S03-L02-01,S03,S03-L02,1,running,176.2332,483.4226,89.204,46.8207,0.9256,A,relation-reasoning-agent-eval-v3.1
2026-08-07T03:30:00+09:00,CMP-S03-L03-01,S03,S03-L03,1,running,172.6507,454.0879,97.9508,40.214,0.2484,A,relation-reasoning-agent-eval-v3.1
2026-08-07T03:30:00+09:00,CMP-S03-L04-01,S03,S03-L04,1,running,152.4978,452.2901,96.1194,32.2468,-1.2168,B,relation-reasoning-agent-eval-v3.1
2026-08-07T03:30:00+09:00,CMP-S03-L05-01,S03,S03-L05,1,running,170.9405,384.3352,97.4858,43.7368,0.5492,A,relation-reasoning-agent-eval-v3.1
2026-08-07T03:40:00+09:00,CMP-S03-L01-01,S03,S03-L01,1,running,185.0776,408.1694,103.4662,52.1353,1.9602,B,relation-reasoning-agent-eval-v3.1
2026-08-07T03:40:00+09:00,CMP-S03-L02-01,S03,S03-L02,1,running,178.6434,508.9577,93.0796,44.8587,0.5622,A,relation-reasoning-agent-eval-v3.1
2026-08-07T03:40:00+09:00,CMP-S03-L03-01,S03,S03-L03,1,running,162.0982,481.757,94.9687,37.8028,-0.1981,A,relation-reasoning-agent-eval-v3.1
2026-08-07T03:40:00+09:00,CMP-S03-L04-01,S03,S03-L04,1,running,155.7042,456.5312,105.1992,26.2753,-2.3226,C,relation-reasoning-agent-eval-v3.1
2026-08-07T03:40:00+09:00,CMP-S03-L05-01,S03,S03-L05,1,running,171.7573,391.9161,104.1222,41.4297,0.122,A,relation-reasoning-agent-eval-v3.1
2026-08-07T03:50:00+09:00,CMP-S03-L01-01,S03,S03-L01,1,running,185.6683,396.2196,102.405,45.6075,0.7514,A,relation-reasoning-agent-eval-v3.1
2026-08-07T03:50:00+09:00,CMP-S03-L02-01,S03,S03-L02,1,running,182.2973,515.9266,90.2844,45.7035,0.7187,A,relation-reasoning-agent-eval-v3.1
2026-08-07T03:50:00+09:00,CMP-S03-L03-01,S03,S03-L03,1,running,152.7744,433.5141,99.1427,29.4871,-1.738,B,relation-reasoning-agent-eval-v3.1
2026-08-07T03:50:00+09:00,CMP-S03-L04-01,S03,S03-L04,1,running,161.506,418.8677,98.4825,31.6645,-1.3246,B,relation-reasoning-agent-eval-v3.1
2026-08-07T03:50:00+09:00,CMP-S03-L05-01,S03,S03-L05,1,running,164.5535,381.311,100.9458,41.7766,0.1862,A,relation-reasoning-agent-eval-v3.1
2026-08-07T04:00:00+09:00,CMP-S03-L01-01,S03,S03-L01,1,running,187.3781,394.6953,104.1675,42.1536,0.1117,A,relation-reasoning-agent-eval-v3.1
2026-08-07T04:00:00+09:00,CMP-S03-L02-01,S03,S03-L02,1,running,184.163,497.1843,95.2008,45.0706,0.6015,A,relation-reasoning-agent-eval-v3.1
2026-08-07T04:00:00+09:00,CMP-S03-L03-01,S03,S03-L03,1,running,143.2715,430.4565,98.2077,33.2141,-1.0478,B,relation-reasoning-agent-eval-v3.1
2026-08-07T04:00:00+09:00,CMP-S03-L04-01,S03,S03-L04,1,running,159.5203,436.001,104.1143,34.2643,-0.8432,A,relation-reasoning-agent-eval-v3.1
2026-08-07T04:00:00+09:00,CMP-S03-L05-01,S03,S03-L05,1,running,185.8002,369.4395,98.9277,35.68,-0.9428,A,relation-reasoning-agent-eval-v3.1
2026-08-07T04:10:00+09:00,CMP-S03-L01-01,S03,S03-L01,1,running,207.1815,396.5764,93.4117,42.1059,0.1029,A,relation-reasoning-agent-eval-v3.1
2026-08-07T04:10:00+09:00,CMP-S03-L02-01,S03,S03-L02,1,running,195.1313,505.4046,99.1888,47.7475,1.0972,B,relation-reasoning-agent-eval-v3.1
2026-08-07T04:10:00+09:00,CMP-S03-L03-01,S03,S03-L03,1,running,132.1764,389.164,99.5097,33.5208,-0.991,A,relation-reasoning-agent-eval-v3.1
2026-08-07T04:10:00+09:00,CMP-S03-L04-01,S03,S03-L04,1,running,144.1062,410.3344,104.6328,41.3055,0.4608,A,relation-reasoning-agent-eval-v3.1
2026-08-07T04:10:00+09:00,CMP-S03-L05-01,S03,S03-L05,1,running,168.7361,412.2869,98.3828,34.8986,-1.0875,B,relation-reasoning-agent-eval-v3.1
2026-08-07T04:20:00+09:00,CMP-S03-L01-01,S03,S03-L01,1,running,210.0759,410.0673,88.0609,39.8156,-0.3212,A,relation-reasoning-agent-eval-v3.1
2026-08-07T04:20:00+09:00,CMP-S03-L02-01,S03,S03-L02,1,running,187.1691,471.6135,95.7015,51.5549,1.8023,B,relation-reasoning-agent-eval-v3.1
2026-08-07T04:20:00+09:00,CMP-S03-L03-01,S03,S03-L03,1,running,139.9266,443.9178,97.4397,32.4013,-1.1984,B,relation-reasoning-agent-eval-v3.1
2026-08-07T04:20:00+09:00,CMP-S03-L04-01,S03,S03-L04,1,running,148.2549,422.435,107.9655,44.8309,1.1136,B,relation-reasoning-agent-eval-v3.1
2026-08-07T04:20:00+09:00,CMP-S03-L05-01,S03,S03-L05,1,running,162.5454,363.7326,101.033,35.5922,-0.959,A,relation-reasoning-agent-eval-v3.1
2026-08-07T04:30:00+09:00,CMP-S03-L01-01,S03,S03-L01,1,running,202.5935,384.5028,84.4999,36.605,-0.9158,A,relation-reasoning-agent-eval-v3.1
2026-08-07T04:30:00+09:00,CMP-S03-L02-01,S03,S03-L02,1,running,166.7082,498.3835,99.4999,47.2663,1.0081,B,relation-reasoning-agent-eval-v3.1
2026-08-07T04:30:00+09:00,CMP-S03-L03-01,S03,S03-L03,1,running,147.5002,437.6275,95.7831,31.3366,-1.3955,B,relation-reasoning-agent-eval-v3.1
2026-08-07T04:30:00+09:00,CMP-S03-L04-01,S03,S03-L04,1,running,151.1231,460.4182,114.7999,46.2573,1.3778,B,relation-reasoning-agent-eval-v3.1
2026-08-07T04:30:00+09:00,CMP-S03-L05-01,S03,S03-L05,1,running,155.5878,422.6811,103.9015,37.1814,-0.6647,A,relation-reasoning-agent-eval-v3.1
2026-08-07T04:40:00+09:00,CMP-S03-L01-01,S03,S03-L01,1,running,183.4082,363.9051,85.2578,37.4826,-0.7533,A,relation-reasoning-agent-eval-v3.1
2026-08-07T04:40:00+09:00,CMP-S03-L02-01,S03,S03-L02,1,running,185.0444,477.9289,100.5251,48.0297,1.1495,B,relation-reasoning-agent-eval-v3.1
2026-08-07T04:40:00+09:00,CMP-S03-L03-01,S03,S03-L03,1,running,146.2252,454.8377,97.2407,36.0604,-0.5207,A,relation-reasoning-agent-eval-v3.1
2026-08-07T04:40:00+09:00,CMP-S03-L04-01,S03,S03-L04,1,running,151.3092,529.084,117.2349,43.307,0.8314,A,relation-reasoning-agent-eval-v3.1
2026-08-07T04:40:00+09:00,CMP-S03-L05-01,S03,S03-L05,1,running,176.859,400.8748,105.1043,33.3857,-1.3676,B,relation-reasoning-agent-eval-v3.1
2026-08-07T04:50:00+09:00,CMP-S03-L01-01,S03,S03-L01,1,running,155.46,375.8341,89.8059,35.5089,-1.1188,B,relation-reasoning-agent-eval-v3.1
2026-08-07T04:50:00+09:00,CMP-S03-L02-01,S03,S03-L02,1,running,184.0281,501.6468,93.8285,49.6883,1.4566,B,relation-reasoning-agent-eval-v3.1
2026-08-07T04:50:00+09:00,CMP-S03-L03-01,S03,S03-L03,1,running,133.7154,459.2263,92.9925,35.9786,-0.5359,A,relation-reasoning-agent-eval-v3.1
2026-08-07T04:50:00+09:00,CMP-S03-L04-01,S03,S03-L04,1,running,137.5096,506.9655,116.4592,44.3681,1.0279,B,relation-reasoning-agent-eval-v3.1
2026-08-07T04:50:00+09:00,CMP-S03-L05-01,S03,S03-L05,1,running,173.1601,456.8411,109.4991,36.1804,-0.8501,A,relation-reasoning-agent-eval-v3.1
2026-08-07T05:00:00+09:00,CMP-S03-L01-01,S03,S03-L01,1,running,144.9375,453.0402,83.3673,43.4044,0.3434,A,relation-reasoning-agent-eval-v3.1
2026-08-07T05:00:00+09:00,CMP-S03-L02-01,S03,S03-L02,1,running,194.2823,511.9987,95.9275,48.7155,1.2765,B,relation-reasoning-agent-eval-v3.1
2026-08-07T05:00:00+09:00,CMP-S03-L03-01,S03,S03-L03,1,running,153.9459,440.1313,97.9919,37.9209,-0.1762,A,relation-reasoning-agent-eval-v3.1
2026-08-07T05:00:00+09:00,CMP-S03-L04-01,S03,S03-L04,1,running,129.1049,477.4403,113.4812,33.5993,-0.9663,A,relation-reasoning-agent-eval-v3.1
2026-08-07T05:00:00+09:00,CMP-S03-L05-01,S03,S03-L05,1,running,177.5768,513.1451,101.4605,37.3656,-0.6306,A,relation-reasoning-agent-eval-v3.1
2026-08-07T05:10:00+09:00,CMP-S03-L01-01,S03,S03-L01,1,running,156.467,477.0866,86.6539,41.0792,-0.0872,A,relation-reasoning-agent-eval-v3.1
2026-08-07T05:10:00+09:00,CMP-S03-L02-01,S03,S03-L02,1,running,202.3337,542.5248,92.9592,45.9272,0.7601,A,relation-reasoning-agent-eval-v3.1
2026-08-07T05:10:00+09:00,CMP-S03-L03-01,S03,S03-L03,1,running,164.739,487.271,104.2132,37.1431,-0.3203,A,relation-reasoning-agent-eval-v3.1
2026-08-07T05:10:00+09:00,CMP-S03-L04-01,S03,S03-L04,1,running,141.3568,436.754,112.4258,38.7996,-0.0033,A,relation-reasoning-agent-eval-v3.1
2026-08-07T05:10:00+09:00,CMP-S03-L05-01,S03,S03-L05,1,running,185.5028,527.0477,105.1281,35.3793,-0.9984,A,relation-reasoning-agent-eval-v3.1
2026-08-07T05:20:00+09:00,CMP-S03-L01-01,S03,S03-L01,1,running,164.8568,456.8608,90.4585,39.8094,-0.3224,A,relation-reasoning-agent-eval-v3.1
2026-08-07T05:20:00+09:00,CMP-S03-L02-01,S03,S03-L02,1,running,168.5049,505.6567,95.6735,45.0825,0.6037,A,relation-reasoning-agent-eval-v3.1
2026-08-07T05:20:00+09:00,CMP-S03-L03-01,S03,S03-L03,1,running,172.7794,476.2733,102.96,33.5455,-0.9865,A,relation-reasoning-agent-eval-v3.1
2026-08-07T05:20:00+09:00,CMP-S03-L04-01,S03,S03-L04,1,running,151.2003,455.2488,107.7512,35.7258,-0.5725,A,relation-reasoning-agent-eval-v3.1
2026-08-07T05:20:00+09:00,CMP-S03-L05-01,S03,S03-L05,1,running,197.3502,510.8524,102.6711,32.1035,-1.6051,B,relation-reasoning-agent-eval-v3.1
2026-08-07T05:30:00+09:00,CMP-S03-L01-01,S03,S03-L01,1,running,153.3896,464.0486,99.9026,38.0809,-0.6425,A,relation-reasoning-agent-eval-v3.1
2026-08-07T05:30:00+09:00,CMP-S03-L02-01,S03,S03-L02,1,running,173.0222,475.9833,94.4153,43.1618,0.248,A,relation-reasoning-agent-eval-v3.1
2026-08-07T05:30:00+09:00,CMP-S03-L03-01,S03,S03-L03,1,running,178.7104,452.4451,100.4102,38.0764,-0.1474,A,relation-reasoning-agent-eval-v3.1
2026-08-07T05:30:00+09:00,CMP-S03-L04-01,S03,S03-L04,1,running,166.2263,466.8775,111.128,41.4109,0.4803,A,relation-reasoning-agent-eval-v3.1
2026-08-07T05:30:00+09:00,CMP-S03-L05-01,S03,S03-L05,1,running,180.4327,536.9929,99.348,31.7262,-1.6749,B,relation-reasoning-agent-eval-v3.1
2026-08-07T05:40:00+09:00,CMP-S03-L01-01,S03,S03-L01,1,running,174.7519,462.9503,90.8804,42.7027,0.2134,A,relation-reasoning-agent-eval-v3.1
2026-08-07T05:40:00+09:00,CMP-S03-L02-01,S03,S03-L02,1,running,166.3748,500.4448,100.6729,33.7263,-1.4993,B,relation-reasoning-agent-eval-v3.1
2026-08-07T05:40:00+09:00,CMP-S03-L03-01,S03,S03-L03,1,running,172.277,475.7307,97.515,40.5593,0.3124,A,relation-reasoning-agent-eval-v3.1
2026-08-07T05:40:00+09:00,CMP-S03-L04-01,S03,S03-L04,1,running,161.6131,440.0321,111.4273,41.4823,0.4935,A,relation-reasoning-agent-eval-v3.1
2026-08-07T05:40:00+09:00,CMP-S03-L05-01,S03,S03-L05,1,running,185.1441,518.0297,99.3321,26.1624,-2.7053,C,relation-reasoning-agent-eval-v3.1
2026-08-07T05:50:00+09:00,CMP-S03-L01-01,S03,S03-L01,1,running,172.1439,487.6219,86.5944,42.5891,0.1924,A,relation-reasoning-agent-eval-v3.1
2026-08-07T05:50:00+09:00,CMP-S03-L02-01,S03,S03-L02,1,running,168.5208,528.6666,98.2519,36.402,-1.0038,B,relation-reasoning-agent-eval-v3.1
2026-08-07T05:50:00+09:00,CMP-S03-L03-01,S03,S03-L03,1,running,170.0781,482.0361,97.9543,43.4924,0.8555,A,relation-reasoning-agent-eval-v3.1
2026-08-07T05:50:00+09:00,CMP-S03-L04-01,S03,S03-L04,1,running,169.8366,418.8475,106.833,37.8799,-0.1736,A,relation-reasoning-agent-eval-v3.1
2026-08-07T05:50:00+09:00,CMP-S03-L05-01,S03,S03-L05,1,running,193.2204,526.2218,103.639,28.4289,-2.2856,C,relation-reasoning-agent-eval-v3.1
2026-08-07T06:00:00+09:00,CMP-S03-L01-01,S03,S03-L01,1,running,178.5226,469.7484,81.9864,37.2249,-0.801,A,relation-reasoning-agent-eval-v3.1
2026-08-07T06:00:00+09:00,CMP-S03-L02-01,S03,S03-L02,1,running,155.0464,513.6644,99.7345,34.5335,-1.3498,B,relation-reasoning-agent-eval-v3.1
2026-08-07T06:00:00+09:00,CMP-S03-L03-01,S03,S03-L03,1,running,185.7484,482.0045,97.5968,45.2266,1.1767,B,relation-reasoning-agent-eval-v3.1
2026-08-07T06:00:00+09:00,CMP-S03-L04-01,S03,S03-L04,1,running,176.7554,410.6598,99.5246,39.3794,0.1041,A,relation-reasoning-agent-eval-v3.1
2026-08-07T06:00:00+09:00,CMP-S03-L05-01,S03,S03-L05,1,running,191.7416,477.6084,102.0725,29.6887,-2.0523,C,relation-reasoning-agent-eval-v3.1
2026-08-07T06:10:00+09:00,CMP-S03-L01-01,S03,S03-L01,1,running,192.1418,498.2888,85.1273,38.6891,-0.5298,A,relation-reasoning-agent-eval-v3.1
2026-08-07T06:10:00+09:00,CMP-S03-L02-01,S03,S03-L02,1,running,169.522,496.4679,99.8406,38.8552,-0.5495,A,relation-reasoning-agent-eval-v3.1
2026-08-07T06:10:00+09:00,CMP-S03-L03-01,S03,S03-L03,1,running,185.6621,438.7893,102.7671,44.587,1.0582,B,relation-reasoning-agent-eval-v3.1
2026-08-07T06:10:00+09:00,CMP-S03-L04-01,S03,S03-L04,1,running,178.5949,389.4404,97.7984,36.5244,-0.4246,A,relation-reasoning-agent-eval-v3.1
2026-08-07T06:10:00+09:00,CMP-S03-L05-01,S03,S03-L05,1,running,188.7967,458.6092,104.5494,30.1675,-1.9636,B,relation-reasoning-agent-eval-v3.1
2026-08-07T06:20:00+09:00,CMP-S03-L01-01,S03,S03-L01,1,running,199.2344,482.0007,93.4305,30.9452,-1.9639,B,relation-reasoning-agent-eval-v3.1
2026-08-07T06:20:00+09:00,CMP-S03-L02-01,S03,S03-L02,1,running,162.5487,475.9251,105.891,44.9662,0.5821,A,relation-reasoning-agent-eval-v3.1
2026-08-07T06:20:00+09:00,CMP-S03-L03-01,S03,S03-L03,1,running,196.1868,403.7042,92.8175,43.6241,0.8799,A,relation-reasoning-agent-eval-v3.1
2026-08-07T06:20:00+09:00,CMP-S03-L04-01,S03,S03-L04,1,running,176.3031,414.3779,97.4186,49.9467,2.061,C,relation-reasoning-agent-eval-v3.1
2026-08-07T06:20:00+09:00,CMP-S03-L05-01,S03,S03-L05,1,running,207.9602,444.3266,99.3243,35.2685,-1.019,B,relation-reasoning-agent-eval-v3.1
2026-08-07T06:30:00+09:00,CMP-S03-L01-01,S03,S03-L01,1,running,204.6366,487.9584,88.2411,31.037,-1.9469,B,relation-reasoning-agent-eval-v3.1
2026-08-07T06:30:00+09:00,CMP-S03-L02-01,S03,S03-L02,1,running,143.357,473.519,108.5154,40.0439,-0.3294,A,relation-reasoning-agent-eval-v3.1
2026-08-07T06:30:00+09:00,CMP-S03-L03-01,S03,S03-L03,1,running,181.3851,400.9429,98.6928,41.9229,0.5649,A,relation-reasoning-agent-eval-v3.1
2026-08-07T06:30:00+09:00,CMP-S03-L04-01,S03,S03-L04,1,running,178.2098,437.5439,107.8772,49.9038,2.053,C,relation-reasoning-agent-eval-v3.1
2026-08-07T06:30:00+09:00,CMP-S03-L05-01,S03,S03-L05,1,running,217.989,448.5947,101.1123,33.6531,-1.3181,B,relation-reasoning-agent-eval-v3.1
2026-08-07T06:40:00+09:00,CMP-S03-L01-01,S03,S03-L01,1,running,173.9949,497.3133,86.1768,34.4806,-1.3092,B,relation-reasoning-agent-eval-v3.1
2026-08-07T06:40:00+09:00,CMP-S03-L02-01,S03,S03-L02,1,running,138.4191,460.9701,108.0537,39.436,-0.442,A,relation-reasoning-agent-eval-v3.1
2026-08-07T06:40:00+09:00,CMP-S03-L03-01,S03,S03-L03,1,running,171.4772,394.1407,94.558,37.8086,-0.197,A,relation-reasoning-agent-eval-v3.1
2026-08-07T06:40:00+09:00,CMP-S03-L04-01,S03,S03-L04,1,running,180.1263,443.2325,108.2592,53.1108,2.6469,C,relation-reasoning-agent-eval-v3.1
2026-08-07T06:40:00+09:00,CMP-S03-L05-01,S03,S03-L05,1,running,195.8486,468.4873,107.4921,37.2967,-0.6434,A,relation-reasoning-agent-eval-v3.1
2026-08-07T06:50:00+09:00,CMP-S03-L01-01,S03,S03-L01,1,running,179.0074,503.0775,93.0191,35.1092,-1.1928,B,relation-reasoning-agent-eval-v3.1
2026-08-07T06:50:00+09:00,CMP-S03-L02-01,S03,S03-L02,1,running,139.838,376.2703,107.0498,45.3423,0.6518,A,relation-reasoning-agent-eval-v3.1
2026-08-07T06:50:00+09:00,CMP-S03-L03-01,S03,S03-L03,1,running,179.0737,412.877,92.5388,38.0108,-0.1596,A,relation-reasoning-agent-eval-v3.1
2026-08-07T06:50:00+09:00,CMP-S03-L04-01,S03,S03-L04,1,running,191.0214,425.5168,106.4904,47.2858,1.5682,B,relation-reasoning-agent-eval-v3.1
2026-08-07T06:50:00+09:00,CMP-S03-L05-01,S03,S03-L05,1,running,186.9905,426.2778,106.0211,32.8412,-1.4685,B,relation-reasoning-agent-eval-v3.1
2026-08-07T07:00:00+09:00,CMP-S03-L01-01,S03,S03-L01,1,running,194.8355,512.6527,94.7573,39.5954,-0.362,A,relation-reasoning-agent-eval-v3.1
2026-08-07T07:00:00+09:00,CMP-S03-L02-01,S03,S03-L02,1,running,141.4296,402.2395,112.9711,50.9644,1.6929,B,relation-reasoning-agent-eval-v3.1
2026-08-07T07:00:00+09:00,CMP-S03-L03-01,S03,S03-L03,1,running,172.8006,407.8262,97.9478,42.2893,0.6327,A,relation-reasoning-agent-eval-v3.1
2026-08-07T07:00:00+09:00,CMP-S03-L04-01,S03,S03-L04,1,running,179.1677,442.5656,105.9443,42.5933,0.6992,A,relation-reasoning-agent-eval-v3.1
2026-08-07T07:00:00+09:00,CMP-S03-L05-01,S03,S03-L05,1,running,193.1831,434.1032,105.3752,34.5247,-1.1567,B,relation-reasoning-agent-eval-v3.1
2026-08-07T07:10:00+09:00,CMP-S03-L01-01,S03,S03-L01,1,running,206.3781,517.7944,92.1658,35.4054,-1.1379,B,relation-reasoning-agent-eval-v3.1
2026-08-07T07:10:00+09:00,CMP-S03-L02-01,S03,S03-L02,1,running,149.6124,394.5547,118.4252,47.093,0.976,A,relation-reasoning-agent-eval-v3.1
2026-08-07T07:10:00+09:00,CMP-S03-L03-01,S03,S03-L03,1,running,167.1551,423.1743,98.9136,39.8107,0.1737,A,relation-reasoning-agent-eval-v3.1
2026-08-07T07:10:00+09:00,CMP-S03-L04-01,S03,S03-L04,1,running,182.352,418.0286,101.9432,44.8864,1.1239,B,relation-reasoning-agent-eval-v3.1
2026-08-07T07:10:00+09:00,CMP-S03-L05-01,S03,S03-L05,1,running,198.5918,397.5201,104.2487,41.8514,0.2001,A,relation-reasoning-agent-eval-v3.1
2026-08-07T07:20:00+09:00,CMP-S03-L01-01,S03,S03-L01,1,running,196.0649,500.0935,103.1294,39.1827,-0.4384,A,relation-reasoning-agent-eval-v3.1
2026-08-07T07:20:00+09:00,CMP-S03-L02-01,S03,S03-L02,1,running,146.0213,426.1892,105.8985,42.4705,0.12,A,relation-reasoning-agent-eval-v3.1
2026-08-07T07:20:00+09:00,CMP-S03-L03-01,S03,S03-L03,1,running,172.1619,468.7412,101.6743,43.7451,0.9023,A,relation-reasoning-agent-eval-v3.1
2026-08-07T07:20:00+09:00,CMP-S03-L04-01,S03,S03-L04,1,running,184.2698,428.7486,103.0858,47.7589,1.6559,B,relation-reasoning-agent-eval-v3.1
2026-08-07T07:20:00+09:00,CMP-S03-L05-01,S03,S03-L05,1,running,189.7519,443.8141,106.3247,44.6578,0.7198,A,relation-reasoning-agent-eval-v3.1
2026-08-07T07:30:00+09:00,CMP-S03-L01-01,S03,S03-L01,1,running,198.1696,469.9052,102.6754,43.2283,0.3108,A,relation-reasoning-agent-eval-v3.1
2026-08-07T07:30:00+09:00,CMP-S03-L02-01,S03,S03-L02,1,running,153.3342,417.5322,94.8244,41.812,-0.002,A,relation-reasoning-agent-eval-v3.1
2026-08-07T07:30:00+09:00,CMP-S03-L03-01,S03,S03-L03,1,running,179.305,517.3969,109.8022,49.1331,1.9001,B,relation-reasoning-agent-eval-v3.1
2026-08-07T07:30:00+09:00,CMP-S03-L04-01,S03,S03-L04,1,running,164.6882,467.8514,109.3858,46.8549,1.4884,B,relation-reasoning-agent-eval-v3.1
2026-08-07T07:30:00+09:00,CMP-S03-L05-01,S03,S03-L05,1,running,192.4056,421.4782,108.0773,47.9445,1.3284,B,relation-reasoning-agent-eval-v3.1
2026-08-07T07:40:00+09:00,CMP-S03-L01-01,S03,S03-L01,1,running,189.6606,433.2689,102.6959,45.9407,0.8131,A,relation-reasoning-agent-eval-v3.1
2026-08-07T07:40:00+09:00,CMP-S03-L02-01,S03,S03-L02,1,running,162.6828,439.0562,91.8033,36.0434,-1.0702,B,relation-reasoning-agent-eval-v3.1
2026-08-07T07:40:00+09:00,CMP-S03-L03-01,S03,S03-L03,1,running,179.8644,488.2355,104.0615,44.4672,1.0361,B,relation-reasoning-agent-eval-v3.1
2026-08-07T07:40:00+09:00,CMP-S03-L04-01,S03,S03-L04,1,running,175.7812,478.7465,109.3203,39.5502,0.1357,A,relation-reasoning-agent-eval-v3.1
2026-08-07T07:40:00+09:00,CMP-S03-L05-01,S03,S03-L05,1,running,193.5866,409.7865,105.2984,53.7953,2.4119,C,relation-reasoning-agent-eval-v3.1
2026-08-07T07:50:00+09:00,CMP-S03-L01-01,S03,S03-L01,1,running,182.289,434.5772,106.2992,41.9189,0.0683,A,relation-reasoning-agent-eval-v3.1
2026-08-07T07:50:00+09:00,CMP-S03-L02-01,S03,S03-L02,1,running,170.623,447.283,94.2825,44.2295,0.4457,A,relation-reasoning-agent-eval-v3.1
2026-08-07T07:50:00+09:00,CMP-S03-L03-01,S03,S03-L03,1,running,207.8017,464.9622,105.287,44.291,1.0034,B,relation-reasoning-agent-eval-v3.1
2026-08-07T07:50:00+09:00,CMP-S03-L04-01,S03,S03-L04,1,running,184.8028,468.6103,116.1814,39.8788,0.1966,A,relation-reasoning-agent-eval-v3.1
2026-08-07T07:50:00+09:00,CMP-S03-L05-01,S03,S03-L05,1,running,183.7459,441.0313,94.8293,52.7323,2.2151,C,relation-reasoning-agent-eval-v3.1
2026-08-07T08:00:00+09:00,CMP-S03-L01-01,S03,S03-L01,1,running,190.3618,408.7557,106.6562,45.4246,0.7175,A,relation-reasoning-agent-eval-v3.1
2026-08-07T08:00:00+09:00,CMP-S03-L02-01,S03,S03-L02,1,running,165.1703,407.9511,91.4181,47.2859,1.0117,B,relation-reasoning-agent-eval-v3.1
2026-08-07T08:00:00+09:00,CMP-S03-L03-01,S03,S03-L03,1,running,189.4424,465.9295,96.2919,42.5493,0.6809,A,relation-reasoning-agent-eval-v3.1
2026-08-07T08:00:00+09:00,CMP-S03-L04-01,S03,S03-L04,1,running,175.5494,443.2659,111.3301,44.5275,1.0574,B,relation-reasoning-agent-eval-v3.1
2026-08-07T08:00:00+09:00,CMP-S03-L05-01,S03,S03-L05,1,running,196.3803,449.7065,100.0486,50.6837,1.8357,B,relation-reasoning-agent-eval-v3.1
2026-08-07T08:10:00+09:00,CMP-S03-L01-01,S03,S03-L01,1,running,178.8702,381.9597,111.119,44.4194,0.5313,A,relation-reasoning-agent-eval-v3.1
2026-08-07T08:10:00+09:00,CMP-S03-L02-01,S03,S03-L02,1,running,156.9698,449.391,92.6364,38.9359,-0.5346,A,relation-reasoning-agent-eval-v3.1
2026-08-07T08:10:00+09:00,CMP-S03-L03-01,S03,S03-L03,1,running,169.1631,433.7449,95.6937,40.2019,0.2462,A,relation-reasoning-agent-eval-v3.1
2026-08-07T08:10:00+09:00,CMP-S03-L04-01,S03,S03-L04,1,running,168.3377,424.8204,109.741,40.012,0.2212,A,relation-reasoning-agent-eval-v3.1
2026-08-07T08:10:00+09:00,CMP-S03-L05-01,S03,S03-L05,1,running,190.3267,492.2795,99.7498,46.726,1.1028,B,relation-reasoning-agent-eval-v3.1
2026-08-07T08:20:00+09:00,CMP-S03-L01-01,S03,S03-L01,1,running,171.8952,329.5339,107.5251,36.9246,-0.8566,A,relation-reasoning-agent-eval-v3.1
2026-08-07T08:20:00+09:00,CMP-S03-L02-01,S03,S03-L02,1,running,137.4294,440.5269,98.436,36.8308,-0.9244,A,relation-reasoning-agent-eval-v3.1
2026-08-07T08:20:00+09:00,CMP-S03-L03-01,S03,S03-L03,1,running,164.6116,432.5236,93.0942,42.4322,0.6592,A,relation-reasoning-agent-eval-v3.1
2026-08-07T08:20:00+09:00,CMP-S03-L04-01,S03,S03-L04,1,running,175.9903,418.6197,116.1031,34.1345,-0.8672,A,relation-reasoning-agent-eval-v3.1
2026-08-07T08:20:00+09:00,CMP-S03-L05-01,S03,S03-L05,1,running,208.8419,478.7243,103.2738,47.4921,1.2447,B,relation-reasoning-agent-eval-v3.1
2026-08-07T08:30:00+09:00,CMP-S03-L01-01,S03,S03-L01,1,running,152.9073,330.8322,105.6429,40.5563,-0.1841,A,relation-reasoning-agent-eval-v3.1
2026-08-07T08:30:00+09:00,CMP-S03-L02-01,S03,S03-L02,1,running,130.9574,408.1734,98.1473,27.4116,-2.6687,C,relation-reasoning-agent-eval-v3.1
2026-08-07T08:30:00+09:00,CMP-S03-L03-01,S03,S03-L03,1,running,166.37,453.3633,91.8168,37.4233,-0.2684,A,relation-reasoning-agent-eval-v3.1
2026-08-07T08:30:00+09:00,CMP-S03-L04-01,S03,S03-L04,1,running,167.4669,458.4952,106.8949,36.5601,-0.418,A,relation-reasoning-agent-eval-v3.1
2026-08-07T08:30:00+09:00,CMP-S03-L05-01,S03,S03-L05,1,running,178.5881,456.4228,98.2465,41.7087,0.1737,A,relation-reasoning-agent-eval-v3.1
2026-08-07T08:40:00+09:00,CMP-S03-L01-01,S03,S03-L01,1,running,166.8614,344.7369,101.8858,44.0446,0.4619,A,relation-reasoning-agent-eval-v3.1
2026-08-07T08:40:00+09:00,CMP-S03-L02-01,S03,S03-L02,1,running,152.6857,434.2933,97.6796,28.5482,-2.4582,C,relation-reasoning-agent-eval-v3.1
2026-08-07T08:40:00+09:00,CMP-S03-L03-01,S03,S03-L03,1,running,183.4152,479.3672,96.2381,37.4901,-0.256,A,relation-reasoning-agent-eval-v3.1
2026-08-07T08:40:00+09:00,CMP-S03-L04-01,S03,S03-L04,1,running,171.3488,401.7863,105.3175,37.6806,-0.2105,A,relation-reasoning-agent-eval-v3.1
2026-08-07T08:40:00+09:00,CMP-S03-L05-01,S03,S03-L05,1,running,189.95,473.891,89.3613,42.3754,0.2971,A,relation-reasoning-agent-eval-v3.1
2026-08-07T08:50:00+09:00,CMP-S03-L01-01,S03,S03-L01,1,running,173.8155,312.7435,100.0863,43.7822,0.4133,A,relation-reasoning-agent-eval-v3.1
2026-08-07T08:50:00+09:00,CMP-S03-L02-01,S03,S03-L02,1,running,162.29,407.6466,104.3678,33.9743,-1.4534,B,relation-reasoning-agent-eval-v3.1
2026-08-07T08:50:00+09:00,CMP-S03-L03-01,S03,S03-L03,1,running,188.6227,494.0955,93.5106,35.3162,-0.6586,A,relation-reasoning-agent-eval-v3.1
2026-08-07T08:50:00+09:00,CMP-S03-L04-01,S03,S03-L04,1,running,165.0242,430.3274,109.7463,38.9366,0.0221,A,relation-reasoning-agent-eval-v3.1
2026-08-07T08:50:00+09:00,CMP-S03-L05-01,S03,S03-L05,1,running,185.9886,484.4868,92.2701,42.5881,0.3365,A,relation-reasoning-agent-eval-v3.1
2026-08-07T09:00:00+09:00,CMP-S03-L01-01,S03,S03-L01,1,running,184.3518,387.5086,97.8321,43.2954,0.3232,A,relation-reasoning-agent-eval-v3.1
2026-08-07T09:00:00+09:00,CMP-S03-L02-01,S03,S03-L02,1,running,169.0806,469.1987,103.1759,33.6665,-1.5104,B,relation-reasoning-agent-eval-v3.1
2026-08-07T09:00:00+09:00,CMP-S03-L03-01,S03,S03-L03,1,running,180.7374,496.7436,93.9868,36.9662,-0.353,A,relation-reasoning-agent-eval-v3.1
2026-08-07T09:00:00+09:00,CMP-S03-L04-01,S03,S03-L04,1,running,162.8454,426.2491,99.7436,36.0893,-0.5052,A,relation-reasoning-agent-eval-v3.1
2026-08-07T09:00:00+09:00,CMP-S03-L05-01,S03,S03-L05,1,running,163.1805,423.2446,97.6482,47.523,1.2504,B,relation-reasoning-agent-eval-v3.1
2026-08-07T09:10:00+09:00,CMP-S03-L01-01,S03,S03-L01,1,running,171.5934,448.1629,98.582,38.8326,-0.5033,A,relation-reasoning-agent-eval-v3.1
2026-08-07T09:10:00+09:00,CMP-S03-L02-01,S03,S03-L02,1,running,172.3593,456.6395,98.194,30.9522,-2.013,C,relation-reasoning-agent-eval-v3.1
2026-08-07T09:10:00+09:00,CMP-S03-L03-01,S03,S03-L03,1,running,178.0765,519.6071,98.6683,34.0613,-0.891,A,relation-reasoning-agent-eval-v3.1
2026-08-07T09:10:00+09:00,CMP-S03-L04-01,S03,S03-L04,1,running,147.0451,442.4566,103.6294,40.9518,0.3953,A,relation-reasoning-agent-eval-v3.1
2026-08-07T09:10:00+09:00,CMP-S03-L05-01,S03,S03-L05,1,running,141.8382,417.6835,91.1544,48.0585,1.3496,B,relation-reasoning-agent-eval-v3.1
2026-08-07T09:20:00+09:00,CMP-S03-L01-01,S03,S03-L01,1,running,171.7638,421.9014,102.4774,44.8623,0.6134,A,relation-reasoning-agent-eval-v3.1
2026-08-07T09:20:00+09:00,CMP-S03-L02-01,S03,S03-L02,1,running,166.6765,458.0464,100.3177,34.0235,-1.4443,B,relation-reasoning-agent-eval-v3.1
2026-08-07T09:20:00+09:00,CMP-S03-L03-01,S03,S03-L03,1,running,182.5337,505.9047,98.5024,36.8949,-0.3662,A,relation-reasoning-agent-eval-v3.1
2026-08-07T09:20:00+09:00,CMP-S03-L04-01,S03,S03-L04,1,running,172.1817,428.2358,107.8403,44.7967,1.1073,B,relation-reasoning-agent-eval-v3.1
2026-08-07T09:20:00+09:00,CMP-S03-L05-01,S03,S03-L05,1,running,167.3105,447.1138,97.657,49.6536,1.6449,B,relation-reasoning-agent-eval-v3.1
2026-08-07T09:30:00+09:00,CMP-S03-L01-01,S03,S03-L01,1,running,163.7388,418.7006,100.8069,54.2762,2.3567,C,relation-reasoning-agent-eval-v3.1
2026-08-07T09:30:00+09:00,CMP-S03-L02-01,S03,S03-L02,1,running,191.5902,478.7398,100.7656,31.6054,-1.8921,B,relation-reasoning-agent-eval-v3.1
2026-08-07T09:30:00+09:00,CMP-S03-L03-01,S03,S03-L03,1,running,183.4341,496.0114,108.1142,36.1648,-0.5014,A,relation-reasoning-agent-eval-v3.1
2026-08-07T09:30:00+09:00,CMP-S03-L04-01,S03,S03-L04,1,running,162.4931,418.6258,110.0083,39.537,0.1333,A,relation-reasoning-agent-eval-v3.1
2026-08-07T09:30:00+09:00,CMP-S03-L05-01,S03,S03-L05,1,running,167.0873,472.5693,106.3698,48.0564,1.3492,B,relation-reasoning-agent-eval-v3.1
2026-08-07T09:40:00+09:00,CMP-S03-L01-01,S03,S03-L01,1,running,155.1649,467.2994,100.0916,47.6703,1.1334,B,relation-reasoning-agent-eval-v3.1
2026-08-07T09:40:00+09:00,CMP-S03-L02-01,S03,S03-L02,1,running,185.8019,513.0174,96.4997,33.0323,-1.6278,B,relation-reasoning-agent-eval-v3.1
2026-08-07T09:40:00+09:00,CMP-S03-L03-01,S03,S03-L03,1,running,168.5125,491.3156,108.2569,33.8456,-0.9309,A,relation-reasoning-agent-eval-v3.1
2026-08-07T09:40:00+09:00,CMP-S03-L04-01,S03,S03-L04,1,running,158.0652,467.8854,107.4039,38.1253,-0.1282,A,relation-reasoning-agent-eval-v3.1
2026-08-07T09:40:00+09:00,CMP-S03-L05-01,S03,S03-L05,1,running,177.1353,479.2095,100.7827,45.4711,0.8704,A,relation-reasoning-agent-eval-v3.1
2026-08-07T09:50:00+09:00,CMP-S03-L01-01,S03,S03-L01,1,running,188.1219,428.5131,94.2639,42.4136,0.1599,A,relation-reasoning-agent-eval-v3.1
2026-08-07T09:50:00+09:00,CMP-S03-L02-01,S03,S03-L02,1,running,178.0682,544.9266,95.1283,25.2028,-3.0778,D,relation-reasoning-agent-eval-v3.1
2026-08-07T09:50:00+09:00,CMP-S03-L03-01,S03,S03-L03,1,running,172.8952,450.7083,101.1835,40.6442,0.3281,A,relation-reasoning-agent-eval-v3.1
2026-08-07T09:50:00+09:00,CMP-S03-L04-01,S03,S03-L04,1,running,152.9026,490.4518,110.8529,44.2438,1.0049,B,relation-reasoning-agent-eval-v3.1
2026-08-07T09:50:00+09:00,CMP-S03-L05-01,S03,S03-L05,1,running,179.7382,451.9348,99.6662,43.6039,0.5246,A,relation-reasoning-agent-eval-v3.1
2026-08-07T10:00:00+09:00,CMP-S03-L01-01,S03,S03-L01,1,running,178.4531,479.5472,83.5732,47.1587,1.0386,B,relation-reasoning-agent-eval-v3.1
2026-08-07T10:00:00+09:00,CMP-S03-L02-01,S03,S03-L02,1,running,177.7079,551.775,96.4677,31.2817,-1.952,B,relation-reasoning-agent-eval-v3.1
2026-08-07T10:00:00+09:00,CMP-S03-L03-01,S03,S03-L03,1,running,191.4179,428.0263,103.4617,34.7933,-0.7554,A,relation-reasoning-agent-eval-v3.1
2026-08-07T10:00:00+09:00,CMP-S03-L04-01,S03,S03-L04,1,running,144.8161,492.0829,120.1636,39.1769,0.0666,A,relation-reasoning-agent-eval-v3.1
2026-08-07T10:00:00+09:00,CMP-S03-L05-01,S03,S03-L05,1,running,169.6668,482.3179,101.1868,44.4502,0.6813,A,relation-reasoning-agent-eval-v3.1
2026-08-07T10:10:00+09:00,CMP-S03-L01-01,S03,S03-L01,1,running,164.5299,480.8246,93.2167,48.6209,1.3094,B,relation-reasoning-agent-eval-v3.1
2026-08-07T10:10:00+09:00,CMP-S03-L02-01,S03,S03-L02,1,running,172.0033,524.8338,99.9918,36.272,-1.0279,B,relation-reasoning-agent-eval-v3.1
2026-08-07T10:10:00+09:00,CMP-S03-L03-01,S03,S03-L03,1,running,192.2952,408.7828,103.1316,39.6505,0.1441,A,relation-reasoning-agent-eval-v3.1
2026-08-07T10:10:00+09:00,CMP-S03-L04-01,S03,S03-L04,1,running,148.9997,519.9656,114.9563,41.8345,0.5587,A,relation-reasoning-agent-eval-v3.1
2026-08-07T10:10:00+09:00,CMP-S03-L05-01,S03,S03-L05,1,running,164.8144,483.5133,107.4955,42.6261,0.3435,A,relation-reasoning-agent-eval-v3.1
2026-08-07T10:20:00+09:00,CMP-S03-L01-01,S03,S03-L01,1,running,173.0708,535.7122,89.768,46.5819,0.9318,A,relation-reasoning-agent-eval-v3.1
2026-08-07T10:20:00+09:00,CMP-S03-L02-01,S03,S03-L02,1,running,169.247,494.7256,99.5955,37.382,-0.8223,A,relation-reasoning-agent-eval-v3.1
2026-08-07T10:20:00+09:00,CMP-S03-L03-01,S03,S03-L03,1,running,193.1262,422.9158,98.6295,41.9856,0.5765,A,relation-reasoning-agent-eval-v3.1
2026-08-07T10:20:00+09:00,CMP-S03-L04-01,S03,S03-L04,1,running,161.9862,495.6983,114.8033,41.6708,0.5284,A,relation-reasoning-agent-eval-v3.1
2026-08-07T10:20:00+09:00,CMP-S03-L05-01,S03,S03-L05,1,running,161.8433,524.0459,100.3481,39.8003,-0.1798,A,relation-reasoning-agent-eval-v3.1
2026-08-07T10:30:00+09:00,CMP-S03-L01-01,S03,S03-L01,1,running,177.4834,537.6435,95.1048,46.9247,0.9953,A,relation-reasoning-agent-eval-v3.1
2026-08-07T10:30:00+09:00,CMP-S03-L02-01,S03,S03-L02,1,running,185.4266,484.0516,99.3593,41.1419,-0.1261,A,relation-reasoning-agent-eval-v3.1
2026-08-07T10:30:00+09:00,CMP-S03-L03-01,S03,S03-L03,1,running,208.1496,439.4445,101.8152,43.6496,0.8847,A,relation-reasoning-agent-eval-v3.1
2026-08-07T10:30:00+09:00,CMP-S03-L04-01,S03,S03-L04,1,running,177.7693,491.4941,113.9132,49.4893,1.9763,B,relation-reasoning-agent-eval-v3.1
2026-08-07T10:30:00+09:00,CMP-S03-L05-01,S03,S03-L05,1,running,152.0913,534.151,98.0209,40.0874,-0.1266,A,relation-reasoning-agent-eval-v3.1
2026-08-07T10:40:00+09:00,CMP-S03-L01-01,S03,S03-L01,1,running,166.4221,526.3624,90.5518,43.5375,0.368,A,relation-reasoning-agent-eval-v3.1
2026-08-07T10:40:00+09:00,CMP-S03-L02-01,S03,S03-L02,1,running,171.2544,501.5816,101.8923,42.7766,0.1767,A,relation-reasoning-agent-eval-v3.1
2026-08-07T10:40:00+09:00,CMP-S03-L03-01,S03,S03-L03,1,running,175.6961,439.8847,105.4827,44.3614,1.0165,B,relation-reasoning-agent-eval-v3.1
2026-08-07T10:40:00+09:00,CMP-S03-L04-01,S03,S03-L04,1,running,172.837,483.9365,115.4344,45.7447,1.2829,B,relation-reasoning-agent-eval-v3.1
2026-08-07T10:40:00+09:00,CMP-S03-L05-01,S03,S03-L05,1,running,141.328,519.7935,97.7913,44.8654,0.7582,A,relation-reasoning-agent-eval-v3.1
2026-08-07T10:50:00+09:00,CMP-S03-L01-01,S03,S03-L01,1,running,172.1687,560.0653,85.2388,41.9844,0.0804,A,relation-reasoning-agent-eval-v3.1
2026-08-07T10:50:00+09:00,CMP-S03-L02-01,S03,S03-L02,1,running,171.0437,464.2631,98.7132,40.2133,-0.298,A,relation-reasoning-agent-eval-v3.1
2026-08-07T10:50:00+09:00,CMP-S03-L03-01,S03,S03-L03,1,running,175.3913,446.772,109.2042,50.3391,2.1234,C,relation-reasoning-agent-eval-v3.1
2026-08-07T10:50:00+09:00,CMP-S03-L04-01,S03,S03-L04,1,running,174.4574,424.493,108.1735,44.4356,1.0404,B,relation-reasoning-agent-eval-v3.1
2026-08-07T10:50:00+09:00,CMP-S03-L05-01,S03,S03-L05,1,running,140.1807,476.3007,99.374,38.679,-0.3874,A,relation-reasoning-agent-eval-v3.1
2026-08-07T11:00:00+09:00,CMP-S03-L01-01,S03,S03-L01,1,running,167.1106,553.0396,89.3287,41.7957,0.0455,A,relation-reasoning-agent-eval-v3.1
2026-08-07T11:00:00+09:00,CMP-S03-L02-01,S03,S03-L02,1,running,164.0838,441.3144,96.346,34.4428,-1.3666,B,relation-reasoning-agent-eval-v3.1
2026-08-07T11:00:00+09:00,CMP-S03-L03-01,S03,S03-L03,1,running,183.0074,440.1637,102.3939,49.1787,1.9086,B,relation-reasoning-agent-eval-v3.1
2026-08-07T11:00:00+09:00,CMP-S03-L04-01,S03,S03-L04,1,running,185.6513,420.8537,105.0902,38.5796,-0.044,A,relation-reasoning-agent-eval-v3.1
2026-08-07T11:00:00+09:00,CMP-S03-L05-01,S03,S03-L05,1,running,171.2673,490.981,97.8383,34.1619,-1.2239,B,relation-reasoning-agent-eval-v3.1
2026-08-07T11:10:00+09:00,CMP-S03-L01-01,S03,S03-L01,1,running,180.565,550.122,94.6321,40.6552,-0.1657,A,relation-reasoning-agent-eval-v3.1
2026-08-07T11:10:00+09:00,CMP-S03-L02-01,S03,S03-L02,1,running,155.378,446.7,92.688,39.0484,-0.5138,A,relation-reasoning-agent-eval-v3.1
2026-08-07T11:10:00+09:00,CMP-S03-L03-01,S03,S03-L03,1,running,171.1917,374.5337,105.5835,50.0473,2.0694,C,relation-reasoning-agent-eval-v3.1
2026-08-07T11:10:00+09:00,CMP-S03-L04-01,S03,S03-L04,1,running,170.9717,399.7404,104.0725,35.828,-0.5536,A,relation-reasoning-agent-eval-v3.1
2026-08-07T11:10:00+09:00,CMP-S03-L05-01,S03,S03-L05,1,running,174.3217,472.1492,101.9337,38.2709,-0.463,A,relation-reasoning-agent-eval-v3.1
2026-08-07T11:20:00+09:00,CMP-S03-L01-01,S03,S03-L01,1,running,176.2023,521.1876,94.7619,40.5733,-0.1809,A,relation-reasoning-agent-eval-v3.1
2026-08-07T11:20:00+09:00,CMP-S03-L02-01,S03,S03-L02,1,running,149.2862,421.0414,95.6887,40.2495,-0.2913,A,relation-reasoning-agent-eval-v3.1
2026-08-07T11:20:00+09:00,CMP-S03-L03-01,S03,S03-L03,1,running,164.7757,360.9376,106.5266,46.4311,1.3997,B,relation-reasoning-agent-eval-v3.1
2026-08-07T11:20:00+09:00,CMP-S03-L04-01,S03,S03-L04,1,running,172.9736,400.7184,97.0918,33.457,-0.9927,A,relation-reasoning-agent-eval-v3.1
2026-08-07T11:20:00+09:00,CMP-S03-L05-01,S03,S03-L05,1,running,158.5038,476.9399,103.6894,43.8226,0.5651,A,relation-reasoning-agent-eval-v3.1
2026-08-07T11:30:00+09:00,CMP-S03-L01-01,S03,S03-L01,1,running,171.3806,477.4355,93.9041,40.0211,-0.2832,A,relation-reasoning-agent-eval-v3.1
2026-08-07T11:30:00+09:00,CMP-S03-L02-01,S03,S03-L02,1,running,146.182,468.9188,94.6616,46.7449,0.9115,A,relation-reasoning-agent-eval-v3.1
2026-08-07T11:30:00+09:00,CMP-S03-L03-01,S03,S03-L03,1,running,147.4297,351.5291,104.2931,37.0437,-0.3387,A,relation-reasoning-agent-eval-v3.1
2026-08-07T11:30:00+09:00,CMP-S03-L04-01,S03,S03-L04,1,running,167.3273,402.1422,95.2671,31.4815,-1.3585,B,relation-reasoning-agent-eval-v3.1
2026-08-07T11:30:00+09:00,CMP-S03-L05-01,S03,S03-L05,1,running,162.0315,437.939,104.3857,45.234,0.8265,A,relation-reasoning-agent-eval-v3.1
2026-08-07T11:40:00+09:00,CMP-S03-L01-01,S03,S03-L01,1,running,178.3791,485.7432,94.011,46.5404,0.9241,A,relation-reasoning-agent-eval-v3.1
2026-08-07T11:40:00+09:00,CMP-S03-L02-01,S03,S03-L02,1,running,147.7831,503.0888,94.3449,46.7426,0.9111,A,relation-reasoning-agent-eval-v3.1
2026-08-07T11:40:00+09:00,CMP-S03-L03-01,S03,S03-L03,1,running,153.588,382.1374,101.6255,38.8089,-0.0118,A,relation-reasoning-agent-eval-v3.1
2026-08-07T11:40:00+09:00,CMP-S03-L04-01,S03,S03-L04,1,running,149.0814,393.9162,93.9505,26.6102,-2.2606,C,relation-reasoning-agent-eval-v3.1
2026-08-07T11:40:00+09:00,CMP-S03-L05-01,S03,S03-L05,1,running,183.9529,444.1179,105.9122,40.4587,-0.0578,A,relation-reasoning-agent-eval-v3.1
2026-08-07T11:50:00+09:00,CMP-S03-L01-01,S03,S03-L01,1,running,187.738,518.35,91.7102,50.3272,1.6254,B,relation-reasoning-agent-eval-v3.1
2026-08-07T11:50:00+09:00,CMP-S03-L02-01,S03,S03-L02,1,running,156.5168,496.0672,99.7504,53.0018,2.0702,C,relation-reasoning-agent-eval-v3.1
2026-08-07T11:50:00+09:00,CMP-S03-L03-01,S03,S03-L03,1,running,151.3254,381.7687,95.7403,38.9721,0.0184,A,relation-reasoning-agent-eval-v3.1
2026-08-07T11:50:00+09:00,CMP-S03-L04-01,S03,S03-L04,1,running,157.2864,402.9581,92.3468,30.2756,-1.5818,B,relation-reasoning-agent-eval-v3.1
2026-08-07T11:50:00+09:00,CMP-S03-L05-01,S03,S03-L05,1,running,181.734,468.1441,104.9778,35.4491,-0.9855,A,relation-reasoning-agent-eval-v3.1
2026-08-07T12:00:00+09:00,CMP-S03-L01-01,S03,S03-L01,1,running,163.4019,504.3142,101.7425,46.034,0.8303,A,relation-reasoning-agent-eval-v3.1
2026-08-07T12:00:00+09:00,CMP-S03-L02-01,S03,S03-L02,1,running,155.5774,523.3695,111.7722,48.551,1.246,B,relation-reasoning-agent-eval-v3.1
2026-08-07T12:00:00+09:00,CMP-S03-L03-01,S03,S03-L03,1,running,154.6782,380.071,92.0494,35.3411,-0.654,A,relation-reasoning-agent-eval-v3.1
2026-08-07T12:00:00+09:00,CMP-S03-L04-01,S03,S03-L04,1,running,164.2325,429.064,97.0939,32.7741,-1.1191,B,relation-reasoning-agent-eval-v3.1
2026-08-07T12:00:00+09:00,CMP-S03-L05-01,S03,S03-L05,1,running,168.4972,471.0828,106.8583,39.8906,-0.163,A,relation-reasoning-agent-eval-v3.1
2026-08-07T12:10:00+09:00,CMP-S03-L01-01,S03,S03-L01,1,running,176.4781,528.9362,104.7351,51.7154,1.8824,B,relation-reasoning-agent-eval-v3.1
2026-08-07T12:10:00+09:00,CMP-S03-L02-01,S03,S03-L02,1,running,150.1143,530.3951,108.0252,44.8529,0.5612,A,relation-reasoning-agent-eval-v3.1
2026-08-07T12:10:00+09:00,CMP-S03-L03-01,S03,S03-L03,1,running,163.8791,324.9305,91.6371,40.6862,0.3359,A,relation-reasoning-agent-eval-v3.1
2026-08-07T12:10:00+09:00,CMP-S03-L04-01,S03,S03-L04,1,running,160.7238,391.1251,97.9855,30.1348,-1.6079,B,relation-reasoning-agent-eval-v3.1
2026-08-07T12:10:00+09:00,CMP-S03-L05-01,S03,S03-L05,1,running,170.57,468.0358,107.3509,44.2508,0.6444,A,relation-reasoning-agent-eval-v3.1
2026-08-07T12:20:00+09:00,CMP-S03-L01-01,S03,S03-L01,1,running,177.8518,507.4671,104.3978,48.4693,1.2813,B,relation-reasoning-agent-eval-v3.1
2026-08-07T12:20:00+09:00,CMP-S03-L02-01,S03,S03-L02,1,running,144.3563,495.448,110.3799,44.1864,0.4377,A,relation-reasoning-agent-eval-v3.1
2026-08-07T12:20:00+09:00,CMP-S03-L03-01,S03,S03-L03,1,running,173.8113,331.0993,87.7897,34.4917,-0.8113,A,relation-reasoning-agent-eval-v3.1
2026-08-07T12:20:00+09:00,CMP-S03-L04-01,S03,S03-L04,1,running,146.4352,364.2473,106.7597,32.8855,-1.0985,B,relation-reasoning-agent-eval-v3.1
2026-08-07T12:20:00+09:00,CMP-S03-L05-01,S03,S03-L05,1,running,172.2731,434.0826,102.555,40.8458,0.0139,A,relation-reasoning-agent-eval-v3.1
2026-08-07T12:30:00+09:00,CMP-S03-L01-01,S03,S03-L01,1,running,175.0909,449.1087,99.8897,42.234,0.1266,A,relation-reasoning-agent-eval-v3.1
2026-08-07T12:30:00+09:00,CMP-S03-L02-01,S03,S03-L02,1,running,123.8518,515.7115,102.7002,38.7362,-0.5716,A,relation-reasoning-agent-eval-v3.1
2026-08-07T12:30:00+09:00,CMP-S03-L03-01,S03,S03-L03,1,running,173.8376,338.3828,87.078,40.4494,0.292,A,relation-reasoning-agent-eval-v3.1
2026-08-07T12:30:00+09:00,CMP-S03-L04-01,S03,S03-L04,1,running,159.1044,358.7511,104.4472,38.5533,-0.0489,A,relation-reasoning-agent-eval-v3.1
2026-08-07T12:30:00+09:00,CMP-S03-L05-01,S03,S03-L05,1,running,150.7538,467.2621,100.4506,38.0485,-0.5041,A,relation-reasoning-agent-eval-v3.1
2026-08-07T12:40:00+09:00,CMP-S03-L01-01,S03,S03-L01,1,running,185.7591,513.3918,92.2419,38.8602,-0.4981,A,relation-reasoning-agent-eval-v3.1
2026-08-07T12:40:00+09:00,CMP-S03-L02-01,S03,S03-L02,1,running,136.6428,502.3168,97.4662,42.7774,0.1768,A,relation-reasoning-agent-eval-v3.1
2026-08-07T12:40:00+09:00,CMP-S03-L03-01,S03,S03-L03,1,running,168.6028,374.4105,92.6464,41.4481,0.477,A,relation-reasoning-agent-eval-v3.1
2026-08-07T12:40:00+09:00,CMP-S03-L04-01,S03,S03-L04,1,running,164.0999,416.0964,102.785,41.7605,0.545,A,relation-reasoning-agent-eval-v3.1
2026-08-07T12:40:00+09:00,CMP-S03-L05-01,S03,S03-L05,1,running,148.1141,520.5797,87.784,43.9694,0.5923,A,relation-reasoning-agent-eval-v3.1
2026-08-07T12:50:00+09:00,CMP-S03-L01-01,S03,S03-L01,1,running,161.0763,513.6994,95.0022,41.7204,0.0315,A,relation-reasoning-agent-eval-v3.1
2026-08-07T12:50:00+09:00,CMP-S03-L02-01,S03,S03-L02,1,running,150.9082,482.928,99.6121,39.5383,-0.423,A,relation-reasoning-agent-eval-v3.1
2026-08-07T12:50:00+09:00,CMP-S03-L03-01,S03,S03-L03,1,running,153.8909,384.6801,92.1774,44.1252,0.9727,A,relation-reasoning-agent-eval-v3.1
2026-08-07T12:50:00+09:00,CMP-S03-L04-01,S03,S03-L04,1,running,162.0213,398.4638,106.0488,45.0005,1.145,B,relation-reasoning-agent-eval-v3.1
2026-08-07T12:50:00+09:00,CMP-S03-L05-01,S03,S03-L05,1,running,171.4574,483.4918,88.938,46.4134,1.0449,B,relation-reasoning-agent-eval-v3.1
2026-08-07T13:00:00+09:00,CMP-S03-L01-01,S03,S03-L01,1,running,159.2337,468.8653,92.4562,40.8522,-0.1293,A,relation-reasoning-agent-eval-v3.1
2026-08-07T13:00:00+09:00,CMP-S03-L02-01,S03,S03-L02,1,running,160.2639,458.4816,101.8298,43.6027,0.3296,A,relation-reasoning-agent-eval-v3.1
2026-08-07T13:00:00+09:00,CMP-S03-L03-01,S03,S03-L03,1,running,169.6664,480.3943,92.0456,39.1351,0.0486,A,relation-reasoning-agent-eval-v3.1
2026-08-07T13:00:00+09:00,CMP-S03-L04-01,S03,S03-L04,1,running,172.8116,412.967,107.0687,48.3151,1.7588,B,relation-reasoning-agent-eval-v3.1
2026-08-07T13:00:00+09:00,CMP-S03-L05-01,S03,S03-L05,1,running,175.155,502.5684,89.2446,49.1764,1.5566,B,relation-reasoning-agent-eval-v3.1
2026-08-07T13:10:00+09:00,CMP-S03-L01-01,S03,S03-L01,1,running,160.3304,466.838,90.6577,31.91,-1.7852,B,relation-reasoning-agent-eval-v3.1
2026-08-07T13:10:00+09:00,CMP-S03-L02-01,S03,S03-L02,1,running,158.9108,423.1214,96.017,43.5129,0.313,A,relation-reasoning-agent-eval-v3.1
2026-08-07T13:10:00+09:00,CMP-S03-L03-01,S03,S03-L03,1,running,172.6669,467.6405,93.1998,32.1242,-1.2497,B,relation-reasoning-agent-eval-v3.1
2026-08-07T13:10:00+09:00,CMP-S03-L04-01,S03,S03-L04,1,running,168.8732,436.2599,103.6472,46.4009,1.4044,B,relation-reasoning-agent-eval-v3.1
2026-08-07T13:10:00+09:00,CMP-S03-L05-01,S03,S03-L05,1,running,195.0799,446.1002,93.2271,47.2326,1.1966,B,relation-reasoning-agent-eval-v3.1
2026-08-07T13:20:00+09:00,CMP-S03-L01-01,S03,S03-L01,1,running,164.8792,453.54,92.4314,35.1803,-1.1796,B,relation-reasoning-agent-eval-v3.1
2026-08-07T13:20:00+09:00,CMP-S03-L02-01,S03,S03-L02,1,running,168.6675,448.3065,101.6111,39.4141,-0.446,A,relation-reasoning-agent-eval-v3.1
2026-08-07T13:20:00+09:00,CMP-S03-L03-01,S03,S03-L03,1,running,181.9892,486.0821,95.9582,29.7558,-1.6883,B,relation-reasoning-agent-eval-v3.1
2026-08-07T13:20:00+09:00,CMP-S03-L04-01,S03,S03-L04,1,running,166.6164,419.5837,98.836,51.1137,2.2771,C,relation-reasoning-agent-eval-v3.1
2026-08-07T13:20:00+09:00,CMP-S03-L05-01,S03,S03-L05,1,running,198.9042,467.8958,98.0639,34.6523,-1.1331,B,relation-reasoning-agent-eval-v3.1
2026-08-07T13:30:00+09:00,CMP-S03-L01-01,S03,S03-L01,1,running,167.3901,464.1027,89.8881,27.4427,-2.6125,C,relation-reasoning-agent-eval-v3.1
2026-08-07T13:30:00+09:00,CMP-S03-L02-01,S03,S03-L02,1,running,160.6544,485.7253,102.7694,41.0971,-0.1344,A,relation-reasoning-agent-eval-v3.1
2026-08-07T13:30:00+09:00,CMP-S03-L03-01,S03,S03-L03,1,running,181.9713,518.7538,99.4546,29.3976,-1.7546,B,relation-reasoning-agent-eval-v3.1
2026-08-07T13:30:00+09:00,CMP-S03-L04-01,S03,S03-L04,1,running,180.7545,396.2242,101.4262,45.8401,1.3005,B,relation-reasoning-agent-eval-v3.1
2026-08-07T13:30:00+09:00,CMP-S03-L05-01,S03,S03-L05,1,running,186.1425,478.583,97.7521,37.6071,-0.5859,A,relation-reasoning-agent-eval-v3.1
2026-08-07T13:40:00+09:00,CMP-S03-L01-01,S03,S03-L01,1,running,176.8332,444.3066,89.0617,37.0781,-0.8282,A,relation-reasoning-agent-eval-v3.1
2026-08-07T13:40:00+09:00,CMP-S03-L02-01,S03,S03-L02,1,running,152.5738,443.1876,105.8589,43.8988,0.3845,A,relation-reasoning-agent-eval-v3.1
2026-08-07T13:40:00+09:00,CMP-S03-L03-01,S03,S03-L03,1,running,179.1222,439.5769,93.4837,29.3373,-1.7658,B,relation-reasoning-agent-eval-v3.1
2026-08-07T13:40:00+09:00,CMP-S03-L04-01,S03,S03-L04,1,running,157.2011,397.3531,96.8364,50.0062,2.072,C,relation-reasoning-agent-eval-v3.1
2026-08-07T13:40:00+09:00,CMP-S03-L05-01,S03,S03-L05,1,running,199.4217,486.8167,94.0373,38.3291,-0.4522,A,relation-reasoning-agent-eval-v3.1
2026-08-07T13:50:00+09:00,CMP-S03-L01-01,S03,S03-L01,1,running,182.4128,444.5541,81.4124,34.5795,-1.2909,B,relation-reasoning-agent-eval-v3.1
2026-08-07T13:50:00+09:00,CMP-S03-L02-01,S03,S03-L02,1,running,140.434,466.4681,104.8158,49.5155,1.4246,B,relation-reasoning-agent-eval-v3.1
2026-08-07T13:50:00+09:00,CMP-S03-L03-01,S03,S03-L03,1,running,194.6491,431.7548,93.6652,30.1536,-1.6146,B,relation-reasoning-agent-eval-v3.1
2026-08-07T13:50:00+09:00,CMP-S03-L04-01,S03,S03-L04,1,running,164.0198,393.8807,93.7035,45.1982,1.1816,B,relation-reasoning-agent-eval-v3.1
2026-08-07T13:50:00+09:00,CMP-S03-L05-01,S03,S03-L05,1,running,198.0197,509.0828,104.4298,35.7032,-0.9385,A,relation-reasoning-agent-eval-v3.1
2026-08-07T14:00:00+09:00,CMP-S03-L01-01,S03,S03-L01,1,running,173.442,458.8275,86.3232,43.9323,0.4411,A,relation-reasoning-agent-eval-v3.1
2026-08-07T14:00:00+09:00,CMP-S03-L02-01,S03,S03-L02,1,running,142.4056,483.743,98.3079,51.6111,1.8127,B,relation-reasoning-agent-eval-v3.1
2026-08-07T14:00:00+09:00,CMP-S03-L03-01,S03,S03-L03,1,running,168.2768,408.8079,102.8675,30.1961,-1.6067,B,relation-reasoning-agent-eval-v3.1
2026-08-07T14:00:00+09:00,CMP-S03-L04-01,S03,S03-L04,1,running,158.3248,385.2886,98.8292,41.847,0.5611,A,relation-reasoning-agent-eval-v3.1
2026-08-07T14:00:00+09:00,CMP-S03-L05-01,S03,S03-L05,1,running,182.4222,541.9731,97.4297,34.0556,-1.2436,B,relation-reasoning-agent-eval-v3.1
2026-08-07T14:10:00+09:00,CMP-S03-L01-01,S03,S03-L01,1,running,169.4643,437.0062,85.5958,43.9295,0.4406,A,relation-reasoning-agent-eval-v3.1
2026-08-07T14:10:00+09:00,CMP-S03-L02-01,S03,S03-L02,1,running,144.3777,449.7027,99.8359,57.5817,2.9183,C,relation-reasoning-agent-eval-v3.1
2026-08-07T14:10:00+09:00,CMP-S03-L03-01,S03,S03-L03,1,running,159.2206,402.8948,101.3779,31.5179,-1.3619,B,relation-reasoning-agent-eval-v3.1
2026-08-07T14:10:00+09:00,CMP-S03-L04-01,S03,S03-L04,1,running,165.6052,381.4214,97.2172,33.991,-0.8938,A,relation-reasoning-agent-eval-v3.1
2026-08-07T14:10:00+09:00,CMP-S03-L05-01,S03,S03-L05,1,running,174.4817,531.4828,101.2457,36.5719,-0.7776,A,relation-reasoning-agent-eval-v3.1
2026-08-07T14:20:00+09:00,CMP-S03-L01-01,S03,S03-L01,1,running,186.6848,466.0532,91.0506,48.4699,1.2814,B,relation-reasoning-agent-eval-v3.1
2026-08-07T14:20:00+09:00,CMP-S03-L02-01,S03,S03-L02,1,running,142.699,439.7677,96.792,62.6086,3.8492,D,relation-reasoning-agent-eval-v3.1
2026-08-07T14:20:00+09:00,CMP-S03-L03-01,S03,S03-L03,1,running,147.3558,400.5423,105.0476,32.7334,-1.1369,B,relation-reasoning-agent-eval-v3.1
2026-08-07T14:20:00+09:00,CMP-S03-L04-01,S03,S03-L04,1,running,167.9481,430.5487,97.403,41.0428,0.4121,A,relation-reasoning-agent-eval-v3.1
2026-08-07T14:20:00+09:00,CMP-S03-L05-01,S03,S03-L05,1,running,172.2,461.4003,93.0223,35.6315,-0.9518,A,relation-reasoning-agent-eval-v3.1
2026-08-07T14:30:00+09:00,CMP-S03-L01-01,S03,S03-L01,1,running,182.3244,432.1411,92.5962,51.128,1.7737,B,relation-reasoning-agent-eval-v3.1
2026-08-07T14:30:00+09:00,CMP-S03-L02-01,S03,S03-L02,1,running,152.9617,470.9927,98.3405,59.7669,3.323,D,relation-reasoning-agent-eval-v3.1
2026-08-07T14:30:00+09:00,CMP-S03-L03-01,S03,S03-L03,1,running,159.9416,413.8935,106.1767,38.0009,-0.1614,A,relation-reasoning-agent-eval-v3.1
2026-08-07T14:30:00+09:00,CMP-S03-L04-01,S03,S03-L04,1,running,175.0653,442.1305,99.9001,37.1246,-0.3135,A,relation-reasoning-agent-eval-v3.1
2026-08-07T14:30:00+09:00,CMP-S03-L05-01,S03,S03-L05,1,running,155.6775,465.2516,88.9973,33.8462,-1.2824,B,relation-reasoning-agent-eval-v3.1
2026-08-07T14:40:00+09:00,CMP-S03-L01-01,S03,S03-L01,1,running,195.0495,428.1258,94.3476,48.3288,1.2553,B,relation-reasoning-agent-eval-v3.1
2026-08-07T14:40:00+09:00,CMP-S03-L02-01,S03,S03-L02,1,running,135.47,424.4296,97.3667,47.6294,1.0753,B,relation-reasoning-agent-eval-v3.1
2026-08-07T14:40:00+09:00,CMP-S03-L03-01,S03,S03-L03,1,running,168.0796,395.3746,99.789,38.7785,-0.0174,A,relation-reasoning-agent-eval-v3.1
2026-08-07T14:40:00+09:00,CMP-S03-L04-01,S03,S03-L04,1,running,184.2677,486.0028,110.4699,39.1764,0.0665,A,relation-reasoning-agent-eval-v3.1
2026-08-07T14:40:00+09:00,CMP-S03-L05-01,S03,S03-L05,1,running,158.542,437.3433,90.127,31.277,-1.7581,B,relation-reasoning-agent-eval-v3.1
2026-08-07T14:50:00+09:00,CMP-S03-L01-01,S03,S03-L01,1,running,205.0739,436.9302,94.0082,41.7771,0.042,A,relation-reasoning-agent-eval-v3.1
2026-08-07T14:50:00+09:00,CMP-S03-L02-01,S03,S03-L02,1,running,137.8044,445.0701,99.8377,47.3917,1.0313,B,relation-reasoning-agent-eval-v3.1
2026-08-07T14:50:00+09:00,CMP-S03-L03-01,S03,S03-L03,1,running,173.0432,394.3399,97.4157,37.8945,-0.1811,A,relation-reasoning-agent-eval-v3.1
2026-08-07T14:50:00+09:00,CMP-S03-L04-01,S03,S03-L04,1,running,176.6748,479.6798,102.8769,38.7887,-0.0053,A,relation-reasoning-agent-eval-v3.1
2026-08-07T14:50:00+09:00,CMP-S03-L05-01,S03,S03-L05,1,running,160.345,462.9056,96.0234,36.2647,-0.8345,A,relation-reasoning-agent-eval-v3.1
2026-08-07T15:00:00+09:00,CMP-S03-L01-01,S03,S03-L01,1,running,202.4798,390.244,91.3108,40.4492,-0.2039,A,relation-reasoning-agent-eval-v3.1
2026-08-07T15:00:00+09:00,CMP-S03-L02-01,S03,S03-L02,1,running,157.84,405.017,107.4472,48.594,1.2539,B,relation-reasoning-agent-eval-v3.1
2026-08-07T15:00:00+09:00,CMP-S03-L03-01,S03,S03-L03,1,running,171.2824,389.0468,103.0905,36.8309,-0.3781,A,relation-reasoning-agent-eval-v3.1
2026-08-07T15:00:00+09:00,CMP-S03-L04-01,S03,S03-L04,1,running,174.2186,460.3951,103.9197,38.6247,-0.0357,A,relation-reasoning-agent-eval-v3.1
2026-08-07T15:00:00+09:00,CMP-S03-L05-01,S03,S03-L05,1,running,171.9923,523.3158,97.4756,39.146,-0.3009,A,relation-reasoning-agent-eval-v3.1
2026-08-07T15:10:00+09:00,CMP-S03-L01-01,S03,S03-L01,1,running,200.1927,388.1299,93.8809,33.9594,-1.4057,B,relation-reasoning-agent-eval-v3.1
2026-08-07T15:10:00+09:00,CMP-S03-L02-01,S03,S03-L02,1,running,169.8163,422.7094,106.7333,45.9831,0.7705,A,relation-reasoning-agent-eval-v3.1
2026-08-07T15:10:00+09:00,CMP-S03-L03-01,S03,S03-L03,1,running,173.2329,397.5635,98.6151,31.5078,-1.3638,B,relation-reasoning-agent-eval-v3.1
2026-08-07T15:10:00+09:00,CMP-S03-L04-01,S03,S03-L04,1,running,175.1079,469.3543,100.4498,26.7674,-2.2315,C,relation-reasoning-agent-eval-v3.1
2026-08-07T15:10:00+09:00,CMP-S03-L05-01,S03,S03-L05,1,running,173.1309,497.6891,100.9417,43.2168,0.4529,A,relation-reasoning-agent-eval-v3.1
2026-08-07T15:20:00+09:00,CMP-S03-L01-01,S03,S03-L01,1,running,208.86,402.1625,95.2639,35.046,-1.2045,B,relation-reasoning-agent-eval-v3.1
2026-08-07T15:20:00+09:00,CMP-S03-L02-01,S03,S03-L02,1,running,138.384,478.4851,106.1547,46.2291,0.816,A,relation-reasoning-agent-eval-v3.1
2026-08-07T15:20:00+09:00,CMP-S03-L03-01,S03,S03-L03,1,running,177.5444,383.4918,91.1012,39.1977,0.0602,A,relation-reasoning-agent-eval-v3.1
2026-08-07T15:20:00+09:00,CMP-S03-L04-01,S03,S03-L04,1,running,178.8121,507.91,96.4937,29.6045,-1.7061,B,relation-reasoning-agent-eval-v3.1
2026-08-07T15:20:00+09:00,CMP-S03-L05-01,S03,S03-L05,1,running,165.455,476.7813,107.4432,44.2946,0.6525,A,relation-reasoning-agent-eval-v3.1
2026-08-07T15:30:00+09:00,CMP-S03-L01-01,S03,S03-L01,1,running,219.037,411.01,98.856,31.4671,-1.8672,B,relation-reasoning-agent-eval-v3.1
2026-08-07T15:30:00+09:00,CMP-S03-L02-01,S03,S03-L02,1,running,135.6687,489.9747,111.9706,40.3281,-0.2768,A,relation-reasoning-agent-eval-v3.1
2026-08-07T15:30:00+09:00,CMP-S03-L03-01,S03,S03-L03,1,running,167.8862,359.7584,94.9108,36.3629,-0.4647,A,relation-reasoning-agent-eval-v3.1
2026-08-07T15:30:00+09:00,CMP-S03-L04-01,S03,S03-L04,1,running,171.8212,469.4741,94.4479,24.6762,-2.6187,C,relation-reasoning-agent-eval-v3.1
2026-08-07T15:30:00+09:00,CMP-S03-L05-01,S03,S03-L05,1,running,168.9496,410.2522,108.9566,41.4435,0.1246,A,relation-reasoning-agent-eval-v3.1
2026-08-07T15:40:00+09:00,CMP-S03-L01-01,S03,S03-L01,1,running,215.0392,436.8112,100.5452,36.8099,-0.8778,A,relation-reasoning-agent-eval-v3.1
2026-08-07T15:40:00+09:00,CMP-S03-L02-01,S03,S03-L02,1,running,140.4574,512.6358,112.6249,40.2835,-0.285,A,relation-reasoning-agent-eval-v3.1
2026-08-07T15:40:00+09:00,CMP-S03-L03-01,S03,S03-L03,1,running,166.556,389.826,93.5957,32.312,-1.2149,B,relation-reasoning-agent-eval-v3.1
2026-08-07T15:40:00+09:00,CMP-S03-L04-01,S03,S03-L04,1,running,158.4121,453.2082,102.3448,27.8789,-2.0256,C,relation-reasoning-agent-eval-v3.1
2026-08-07T15:40:00+09:00,CMP-S03-L05-01,S03,S03-L05,1,running,186.818,395.5887,106.4252,41.3128,0.1003,A,relation-reasoning-agent-eval-v3.1
2026-08-07T15:50:00+09:00,CMP-S03-L01-01,S03,S03-L01,1,running,192.9712,505.5864,93.8646,34.984,-1.216,B,relation-reasoning-agent-eval-v3.1
2026-08-07T15:50:00+09:00,CMP-S03-L02-01,S03,S03-L02,1,running,140.2245,486.346,113.5123,39.41,-0.4468,A,relation-reasoning-agent-eval-v3.1
2026-08-07T15:50:00+09:00,CMP-S03-L03-01,S03,S03-L03,1,running,161.3225,403.2866,101.8463,34.3929,-0.8296,A,relation-reasoning-agent-eval-v3.1
2026-08-07T15:50:00+09:00,CMP-S03-L04-01,S03,S03-L04,1,running,161.5906,451.0503,105.7608,29.5938,-1.7081,B,relation-reasoning-agent-eval-v3.1
2026-08-07T15:50:00+09:00,CMP-S03-L05-01,S03,S03-L05,1,running,184.1798,383.5163,105.6699,44.7772,0.7419,A,relation-reasoning-agent-eval-v3.1
2026-08-07T16:00:00+09:00,CMP-S03-L01-01,S03,S03-L01,1,running,200.2208,484.6974,90.0674,37.0154,-0.8398,A,relation-reasoning-agent-eval-v3.1
2026-08-07T16:00:00+09:00,CMP-S03-L02-01,S03,S03-L02,1,running,154.4494,486.7907,109.7886,38.5661,-0.6031,A,relation-reasoning-agent-eval-v3.1
2026-08-07T16:00:00+09:00,CMP-S03-L03-01,S03,S03-L03,1,running,160.7897,410.5089,97.1171,37.353,-0.2814,A,relation-reasoning-agent-eval-v3.1
2026-08-07T16:00:00+09:00,CMP-S03-L04-01,S03,S03-L04,1,running,157.5917,457.4959,111.9025,34.4256,-0.8133,A,relation-reasoning-agent-eval-v3.1
2026-08-07T16:00:00+09:00,CMP-S03-L05-01,S03,S03-L05,1,running,182.1222,424.6779,108.9251,50.5941,1.8191,B,relation-reasoning-agent-eval-v3.1
2026-08-07T16:10:00+09:00,CMP-S03-L01-01,S03,S03-L01,1,running,173.5856,485.8131,92.1101,28.2823,-2.457,C,relation-reasoning-agent-eval-v3.1
2026-08-07T16:10:00+09:00,CMP-S03-L02-01,S03,S03-L02,1,running,161.5746,475.5996,113.2598,42.5144,0.1281,A,relation-reasoning-agent-eval-v3.1
2026-08-07T16:10:00+09:00,CMP-S03-L03-01,S03,S03-L03,1,running,174.0166,453.095,90.5719,36.5776,-0.425,A,relation-reasoning-agent-eval-v3.1
2026-08-07T16:10:00+09:00,CMP-S03-L04-01,S03,S03-L04,1,running,159.424,457.0063,102.5657,39.0061,0.035,A,relation-reasoning-agent-eval-v3.1
2026-08-07T16:10:00+09:00,CMP-S03-L05-01,S03,S03-L05,1,running,178.6299,447.9651,115.3179,42.9428,0.4022,A,relation-reasoning-agent-eval-v3.1
2026-08-07T16:20:00+09:00,CMP-S03-L01-01,S03,S03-L01,1,running,195.238,459.901,95.3788,32.0801,-1.7537,B,relation-reasoning-agent-eval-v3.1
2026-08-07T16:20:00+09:00,CMP-S03-L02-01,S03,S03-L02,1,running,173.6586,464.9688,111.3203,42.8845,0.1966,A,relation-reasoning-agent-eval-v3.1
2026-08-07T16:20:00+09:00,CMP-S03-L03-01,S03,S03-L03,1,running,186.1836,481.2671,88.7893,36.9117,-0.3631,A,relation-reasoning-agent-eval-v3.1
2026-08-07T16:20:00+09:00,CMP-S03-L04-01,S03,S03-L04,1,running,168.4548,453.0649,106.9674,43.0214,0.7785,A,relation-reasoning-agent-eval-v3.1
2026-08-07T16:20:00+09:00,CMP-S03-L05-01,S03,S03-L05,1,running,179.8336,477.8629,110.7433,43.2783,0.4643,A,relation-reasoning-agent-eval-v3.1
2026-08-07T16:30:00+09:00,CMP-S03-L01-01,S03,S03-L01,1,running,184.9483,485.9978,88.9468,34.1195,-1.3761,B,relation-reasoning-agent-eval-v3.1
2026-08-07T16:30:00+09:00,CMP-S03-L02-01,S03,S03-L02,1,running,173.6103,512.3025,107.5201,45.084,0.604,A,relation-reasoning-agent-eval-v3.1
2026-08-07T16:30:00+09:00,CMP-S03-L03-01,S03,S03-L03,1,running,192.2428,441.5618,93.0952,36.9693,-0.3524,A,relation-reasoning-agent-eval-v3.1
2026-08-07T16:30:00+09:00,CMP-S03-L04-01,S03,S03-L04,1,running,150.327,428.5302,103.4923,43.3012,0.8303,A,relation-reasoning-agent-eval-v3.1
2026-08-07T16:30:00+09:00,CMP-S03-L05-01,S03,S03-L05,1,running,170.115,471.6337,111.7427,42.4063,0.3028,A,relation-reasoning-agent-eval-v3.1
2026-08-07T16:40:00+09:00,CMP-S03-L01-01,S03,S03-L01,1,running,183.0398,539.3005,85.334,36.2854,-0.975,A,relation-reasoning-agent-eval-v3.1
2026-08-07T16:40:00+09:00,CMP-S03-L02-01,S03,S03-L02,1,running,158.5502,550.9652,103.2062,41.7217,-0.0187,A,relation-reasoning-agent-eval-v3.1
2026-08-07T16:40:00+09:00,CMP-S03-L03-01,S03,S03-L03,1,running,195.775,398.439,93.6841,32.7585,-1.1322,B,relation-reasoning-agent-eval-v3.1
2026-08-07T16:40:00+09:00,CMP-S03-L04-01,S03,S03-L04,1,running,186.41,433.448,101.5386,39.0524,0.0435,A,relation-reasoning-agent-eval-v3.1
2026-08-07T16:40:00+09:00,CMP-S03-L05-01,S03,S03-L05,1,running,162.185,469.498,99.903,39.9128,-0.1589,A,relation-reasoning-agent-eval-v3.1
2026-08-07T16:50:00+09:00,CMP-S03-L01-01,S03,S03-L01,1,running,153.2608,468.6265,86.9574,41.9193,0.0684,A,relation-reasoning-agent-eval-v3.1
2026-08-07T16:50:00+09:00,CMP-S03-L02-01,S03,S03-L02,1,running,174.0937,527.7102,99.9825,43.2141,0.2577,A,relation-reasoning-agent-eval-v3.1
2026-08-07T16:50:00+09:00,CMP-S03-L03-01,S03,S03-L03,1,running,200.3877,434.9426,90.4799,33.4813,-0.9984,A,relation-reasoning-agent-eval-v3.1
2026-08-07T16:50:00+09:00,CMP-S03-L04-01,S03,S03-L04,1,running,177.1429,419.5266,99.1807,39.994,0.2179,A,relation-reasoning-agent-eval-v3.1
2026-08-07T16:50:00+09:00,CMP-S03-L05-01,S03,S03-L05,1,running,170.9533,458.6339,99.6676,33.0193,-1.4355,B,relation-reasoning-agent-eval-v3.1
2026-08-07T17:00:00+09:00,CMP-S03-L01-01,S03,S03-L01,1,running,157.9084,436.2131,93.3757,43.5022,0.3615,A,relation-reasoning-agent-eval-v3.1
2026-08-07T17:00:00+09:00,CMP-S03-L02-01,S03,S03-L02,1,running,165.3158,496.9047,102.0489,29.5161,-2.279,C,relation-reasoning-agent-eval-v3.1
2026-08-07T17:00:00+09:00,CMP-S03-L03-01,S03,S03-L03,1,running,196.4422,413.8119,87.5591,39.6993,0.1531,A,relation-reasoning-agent-eval-v3.1
2026-08-07T17:00:00+09:00,CMP-S03-L04-01,S03,S03-L04,1,running,184.3175,455.4431,97.713,39.604,0.1457,A,relation-reasoning-agent-eval-v3.1
2026-08-07T17:00:00+09:00,CMP-S03-L05-01,S03,S03-L05,1,running,194.5728,459.1755,100.2214,35.298,-1.0135,B,relation-reasoning-agent-eval-v3.1
2026-08-07T17:10:00+09:00,CMP-S03-L01-01,S03,S03-L01,1,running,165.2407,429.136,94.6349,34.8478,-1.2412,B,relation-reasoning-agent-eval-v3.1
2026-08-07T17:10:00+09:00,CMP-S03-L02-01,S03,S03-L02,1,running,144.6909,514.0787,98.1978,29.985,-2.1922,C,relation-reasoning-agent-eval-v3.1
2026-08-07T17:10:00+09:00,CMP-S03-L03-01,S03,S03-L03,1,running,190.2713,343.5829,88.5574,38.8061,-0.0123,A,relation-reasoning-agent-eval-v3.1
2026-08-07T17:10:00+09:00,CMP-S03-L04-01,S03,S03-L04,1,running,183.0555,415.0103,102.0062,34.2238,-0.8507,A,relation-reasoning-agent-eval-v3.1
2026-08-07T17:10:00+09:00,CMP-S03-L05-01,S03,S03-L05,1,running,204.9496,414.3582,94.5287,35.2919,-1.0146,B,relation-reasoning-agent-eval-v3.1
2026-08-07T17:20:00+09:00,CMP-S03-L01-01,S03,S03-L01,1,running,165.6454,420.0334,103.0449,36.9485,-0.8522,A,relation-reasoning-agent-eval-v3.1
2026-08-07T17:20:00+09:00,CMP-S03-L02-01,S03,S03-L02,1,running,154.6963,532.0961,94.0188,33.2239,-1.5924,B,relation-reasoning-agent-eval-v3.1
2026-08-07T17:20:00+09:00,CMP-S03-L03-01,S03,S03-L03,1,running,192.3076,385.3241,88.8825,43.5706,0.87,A,relation-reasoning-agent-eval-v3.1
2026-08-07T17:20:00+09:00,CMP-S03-L04-01,S03,S03-L04,1,running,165.8926,408.1592,106.8464,38.6542,-0.0302,A,relation-reasoning-agent-eval-v3.1
2026-08-07T17:20:00+09:00,CMP-S03-L05-01,S03,S03-L05,1,running,202.5609,413.7109,89.8625,41.6786,0.1681,A,relation-reasoning-agent-eval-v3.1
2026-08-07T17:30:00+09:00,CMP-S03-L01-01,S03,S03-L01,1,running,162.959,413.8619,103.3619,33.3445,-1.5196,B,relation-reasoning-agent-eval-v3.1
2026-08-07T17:30:00+09:00,CMP-S03-L02-01,S03,S03-L02,1,running,163.023,531.6451,98.8032,37.5066,-0.7993,A,relation-reasoning-agent-eval-v3.1
2026-08-07T17:30:00+09:00,CMP-S03-L03-01,S03,S03-L03,1,running,190.4043,393.4475,86.3308,35.8211,-0.5651,A,relation-reasoning-agent-eval-v3.1
2026-08-07T17:30:00+09:00,CMP-S03-L04-01,S03,S03-L04,1,running,171.5647,434.7886,100.4276,35.9827,-0.5249,A,relation-reasoning-agent-eval-v3.1
2026-08-07T17:30:00+09:00,CMP-S03-L05-01,S03,S03-L05,1,running,195.1315,447.4219,87.6404,46.3669,1.0363,B,relation-reasoning-agent-eval-v3.1
2026-08-07T17:40:00+09:00,CMP-S03-L01-01,S03,S03-L01,1,running,176.836,473.5902,104.0888,34.6271,-1.282,B,relation-reasoning-agent-eval-v3.1
2026-08-07T17:40:00+09:00,CMP-S03-L02-01,S03,S03-L02,1,running,168.4653,507.8956,101.0429,39.8008,-0.3744,A,relation-reasoning-agent-eval-v3.1
2026-08-07T17:40:00+09:00,CMP-S03-L03-01,S03,S03-L03,1,running,202.5699,385.3854,85.5975,41.2251,0.4357,A,relation-reasoning-agent-eval-v3.1
2026-08-07T17:40:00+09:00,CMP-S03-L04-01,S03,S03-L04,1,running,182.737,468.6921,96.7751,39.5362,0.1331,A,relation-reasoning-agent-eval-v3.1
2026-08-07T17:40:00+09:00,CMP-S03-L05-01,S03,S03-L05,1,running,168.1905,447.7741,93.5324,43.3913,0.4853,A,relation-reasoning-agent-eval-v3.1
2026-08-07T17:50:00+09:00,CMP-S03-L01-01,S03,S03-L01,1,running,186.5422,453.6877,106.0845,33.2166,-1.5433,B,relation-reasoning-agent-eval-v3.1
2026-08-07T17:50:00+09:00,CMP-S03-L02-01,S03,S03-L02,1,running,166.909,440.7584,105.6323,44.8234,0.5557,A,relation-reasoning-agent-eval-v3.1
2026-08-07T17:50:00+09:00,CMP-S03-L03-01,S03,S03-L03,1,running,174.9875,400.7184,85.423,40.5177,0.3047,A,relation-reasoning-agent-eval-v3.1
2026-08-07T17:50:00+09:00,CMP-S03-L04-01,S03,S03-L04,1,running,173.9014,441.5602,97.3036,34.9714,-0.7122,A,relation-reasoning-agent-eval-v3.1
2026-08-07T17:50:00+09:00,CMP-S03-L05-01,S03,S03-L05,1,running,159.8718,422.1115,98.1605,40.8974,0.0234,A,relation-reasoning-agent-eval-v3.1
2026-08-07T18:00:00+09:00,CMP-S03-L01-01,S03,S03-L01,1,running,195.0597,462.2855,114.1915,36.537,-0.9284,A,relation-reasoning-agent-eval-v3.1
2026-08-07T18:00:00+09:00,CMP-S03-L02-01,S03,S03-L02,1,running,164.4756,415.5922,96.9586,47.329,1.0197,B,relation-reasoning-agent-eval-v3.1
2026-08-07T18:00:00+09:00,CMP-S03-L03-01,S03,S03-L03,1,running,168.1987,433.76,90.5087,40.3321,0.2703,A,relation-reasoning-agent-eval-v3.1
2026-08-07T18:00:00+09:00,CMP-S03-L04-01,S03,S03-L04,1,running,168.2535,425.2095,97.5693,35.9944,-0.5228,A,relation-reasoning-agent-eval-v3.1
2026-08-07T18:00:00+09:00,CMP-S03-L05-01,S03,S03-L05,1,running,170.444,421.4053,97.055,51.7642,2.0358,C,relation-reasoning-agent-eval-v3.1
2026-08-07T18:10:00+09:00,CMP-S03-L01-01,S03,S03-L01,1,running,169.5135,457.087,109.7557,43.1452,0.2954,A,relation-reasoning-agent-eval-v3.1
2026-08-07T18:10:00+09:00,CMP-S03-L02-01,S03,S03-L02,1,running,149.5217,406.691,98.6147,42.1392,0.0586,A,relation-reasoning-agent-eval-v3.1
2026-08-07T18:10:00+09:00,CMP-S03-L03-01,S03,S03-L03,1,running,181.6225,466.7514,98.3618,38.0068,-0.1603,A,relation-reasoning-agent-eval-v3.1
2026-08-07T18:10:00+09:00,CMP-S03-L04-01,S03,S03-L04,1,running,175.68,389.3452,93.8633,32.9717,-1.0825,B,relation-reasoning-agent-eval-v3.1
2026-08-07T18:10:00+09:00,CMP-S03-L05-01,S03,S03-L05,1,running,145.3688,468.3159,97.6799,50.0177,1.7124,B,relation-reasoning-agent-eval-v3.1
2026-08-07T18:20:00+09:00,CMP-S03-L01-01,S03,S03-L01,1,running,159.3987,484.6944,107.2893,46.6751,0.9491,A,relation-reasoning-agent-eval-v3.1
2026-08-07T18:20:00+09:00,CMP-S03-L02-01,S03,S03-L02,1,running,141.85,434.3283,97.3696,37.119,-0.871,A,relation-reasoning-agent-eval-v3.1
2026-08-07T18:20:00+09:00,CMP-S03-L03-01,S03,S03-L03,1,running,185.6907,412.864,90.9977,38.7112,-0.0299,A,relation-reasoning-agent-eval-v3.1
2026-08-07T18:20:00+09:00,CMP-S03-L04-01,S03,S03-L04,1,running,201.7021,416.0466,97.5384,34.3177,-0.8333,A,relation-reasoning-agent-eval-v3.1
2026-08-07T18:20:00+09:00,CMP-S03-L05-01,S03,S03-L05,1,running,153.6245,453.5543,97.9741,49.3855,1.5953,B,relation-reasoning-agent-eval-v3.1
2026-08-07T18:30:00+09:00,CMP-S03-L01-01,S03,S03-L01,1,running,161.0134,455.9819,106.6679,48.611,1.3076,B,relation-reasoning-agent-eval-v3.1
2026-08-07T18:30:00+09:00,CMP-S03-L02-01,S03,S03-L02,1,running,151.7469,463.8261,100.6335,42.9781,0.214,A,relation-reasoning-agent-eval-v3.1
2026-08-07T18:30:00+09:00,CMP-S03-L03-01,S03,S03-L03,1,running,182.6607,395.7526,96.1409,39.3606,0.0904,A,relation-reasoning-agent-eval-v3.1
2026-08-07T18:30:00+09:00,CMP-S03-L04-01,S03,S03-L04,1,running,170.8406,444.9448,97.768,36.35,-0.4569,A,relation-reasoning-agent-eval-v3.1
2026-08-07T18:30:00+09:00,CMP-S03-L05-01,S03,S03-L05,1,running,153.6501,445.4322,101.7699,50.9891,1.8922,B,relation-reasoning-agent-eval-v3.1
2026-08-07T18:40:00+09:00,CMP-S03-L01-01,S03,S03-L01,1,running,172.0068,473.2812,106.6093,51.9991,1.935,B,relation-reasoning-agent-eval-v3.1
2026-08-07T18:40:00+09:00,CMP-S03-L02-01,S03,S03-L02,1,running,162.0544,508.0371,104.3031,42.9928,0.2167,A,relation-reasoning-agent-eval-v3.1
2026-08-07T18:40:00+09:00,CMP-S03-L03-01,S03,S03-L03,1,running,189.7027,423.4514,97.5534,37.9391,-0.1728,A,relation-reasoning-agent-eval-v3.1
2026-08-07T18:40:00+09:00,CMP-S03-L04-01,S03,S03-L04,1,running,171.2292,421.1733,99.5422,31.7634,-1.3063,B,relation-reasoning-agent-eval-v3.1
2026-08-07T18:40:00+09:00,CMP-S03-L05-01,S03,S03-L05,1,running,153.8048,453.5666,103.9236,46.1215,0.9908,A,relation-reasoning-agent-eval-v3.1
2026-08-07T18:50:00+09:00,CMP-S03-L01-01,S03,S03-L01,1,running,168.811,456.3924,103.398,49.5874,1.4884,B,relation-reasoning-agent-eval-v3.1
2026-08-07T18:50:00+09:00,CMP-S03-L02-01,S03,S03-L02,1,running,164.0089,489.3287,101.3716,39.1569,-0.4937,A,relation-reasoning-agent-eval-v3.1
2026-08-07T18:50:00+09:00,CMP-S03-L03-01,S03,S03-L03,1,running,193.9963,417.2755,90.6723,42.1832,0.6131,A,relation-reasoning-agent-eval-v3.1
2026-08-07T18:50:00+09:00,CMP-S03-L04-01,S03,S03-L04,1,running,182.7757,410.2154,106.3792,28.0584,-1.9924,B,relation-reasoning-agent-eval-v3.1
2026-08-07T18:50:00+09:00,CMP-S03-L05-01,S03,S03-L05,1,running,135.9565,391.1982,97.6945,43.4036,0.4875,A,relation-reasoning-agent-eval-v3.1
2026-08-07T19:00:00+09:00,CMP-S03-L01-01,S03,S03-L01,1,running,180.595,481.2301,99.2822,39.4432,-0.3902,A,relation-reasoning-agent-eval-v3.1
2026-08-07T19:00:00+09:00,CMP-S03-L02-01,S03,S03-L02,1,running,154.5911,481.5849,101.7163,39.7798,-0.3783,A,relation-reasoning-agent-eval-v3.1
2026-08-07T19:00:00+09:00,CMP-S03-L03-01,S03,S03-L03,1,running,182.4927,464.3853,84.2134,36.3642,-0.4645,A,relation-reasoning-agent-eval-v3.1
2026-08-07T19:00:00+09:00,CMP-S03-L04-01,S03,S03-L04,1,running,175.5419,407.64,112.0609,35.1228,-0.6842,A,relation-reasoning-agent-eval-v3.1
2026-08-07T19:00:00+09:00,CMP-S03-L05-01,S03,S03-L05,1,running,155.2755,446.6643,93.6195,42.885,0.3915,A,relation-reasoning-agent-eval-v3.1
2026-08-07T19:10:00+09:00,CMP-S03-L01-01,S03,S03-L01,1,running,173.0842,444.8578,99.0195,40.7563,-0.147,A,relation-reasoning-agent-eval-v3.1
2026-08-07T19:10:00+09:00,CMP-S03-L02-01,S03,S03-L02,1,running,164.5444,477.5018,106.2427,40.2522,-0.2908,A,relation-reasoning-agent-eval-v3.1
2026-08-07T19:10:00+09:00,CMP-S03-L03-01,S03,S03-L03,1,running,177.5255,433.5226,86.7009,39.8128,0.1741,A,relation-reasoning-agent-eval-v3.1
2026-08-07T19:10:00+09:00,CMP-S03-L04-01,S03,S03-L04,1,running,180.0733,453.598,107.8156,34.3732,-0.823,A,relation-reasoning-agent-eval-v3.1
2026-08-07T19:10:00+09:00,CMP-S03-L05-01,S03,S03-L05,1,running,157.3026,449.6582,97.1245,39.9545,-0.1512,A,relation-reasoning-agent-eval-v3.1
2026-08-07T19:20:00+09:00,CMP-S03-L01-01,S03,S03-L01,1,running,162.0222,393.8244,100.9098,36.3846,-0.9566,A,relation-reasoning-agent-eval-v3.1
2026-08-07T19:20:00+09:00,CMP-S03-L02-01,S03,S03-L02,1,running,152.1114,473.4108,103.108,33.6673,-1.5102,B,relation-reasoning-agent-eval-v3.1
2026-08-07T19:20:00+09:00,CMP-S03-L03-01,S03,S03-L03,1,running,168.0862,437.9798,91.6512,45.1496,1.1624,B,relation-reasoning-agent-eval-v3.1
2026-08-07T19:20:00+09:00,CMP-S03-L04-01,S03,S03-L04,1,running,197.9133,470.6151,106.3592,39.1994,0.0708,A,relation-reasoning-agent-eval-v3.1
2026-08-07T19:20:00+09:00,CMP-S03-L05-01,S03,S03-L05,1,running,171.5227,434.4008,96.4157,45.0383,0.7903,A,relation-reasoning-agent-eval-v3.1
2026-08-07T19:30:00+09:00,CMP-S03-L01-01,S03,S03-L01,1,running,143.9687,427.1022,94.8054,36.0801,-1.013,B,relation-reasoning-agent-eval-v3.1
2026-08-07T19:30:00+09:00,CMP-S03-L02-01,S03,S03-L02,1,running,150.0511,477.9563,103.2242,39.7369,-0.3862,A,relation-reasoning-agent-eval-v3.1
2026-08-07T19:30:00+09:00,CMP-S03-L03-01,S03,S03-L03,1,running,162.348,421.4019,92.1716,43.8728,0.926,A,relation-reasoning-agent-eval-v3.1
2026-08-07T19:30:00+09:00,CMP-S03-L04-01,S03,S03-L04,1,running,211.4444,516.1318,105.9598,40.9402,0.3931,A,relation-reasoning-agent-eval-v3.1
2026-08-07T19:30:00+09:00,CMP-S03-L05-01,S03,S03-L05,1,running,153.8686,464.8925,94.2072,46.9668,1.1474,B,relation-reasoning-agent-eval-v3.1
2026-08-07T19:40:00+09:00,CMP-S03-L01-01,S03,S03-L01,1,running,154.8075,408.5632,100.1904,47.3148,1.0675,B,relation-reasoning-agent-eval-v3.1
2026-08-07T19:40:00+09:00,CMP-S03-L02-01,S03,S03-L02,1,running,149.2104,516.8365,105.567,37.3617,-0.8261,A,relation-reasoning-agent-eval-v3.1
2026-08-07T19:40:00+09:00,CMP-S03-L03-01,S03,S03-L03,1,running,171.5589,433.193,90.7384,39.838,0.1788,A,relation-reasoning-agent-eval-v3.1
2026-08-07T19:40:00+09:00,CMP-S03-L04-01,S03,S03-L04,1,running,208.7447,543.3196,104.0726,37.0751,-0.3226,A,relation-reasoning-agent-eval-v3.1
2026-08-07T19:40:00+09:00,CMP-S03-L05-01,S03,S03-L05,1,running,148.1615,452.995,100.254,39.7825,-0.1831,A,relation-reasoning-agent-eval-v3.1
2026-08-07T19:50:00+09:00,CMP-S03-L01-01,S03,S03-L01,1,running,180.0404,407.6681,98.8571,50.762,1.7059,B,relation-reasoning-agent-eval-v3.1
2026-08-07T19:50:00+09:00,CMP-S03-L02-01,S03,S03-L02,1,running,144.5966,501.974,106.6153,37.1744,-0.8608,A,relation-reasoning-agent-eval-v3.1
2026-08-07T19:50:00+09:00,CMP-S03-L03-01,S03,S03-L03,1,running,169.1755,436.2966,93.7845,37.253,-0.2999,A,relation-reasoning-agent-eval-v3.1
2026-08-07T19:50:00+09:00,CMP-S03-L04-01,S03,S03-L04,1,running,210.403,512.4419,108.7215,34.6053,-0.78,A,relation-reasoning-agent-eval-v3.1
2026-08-07T19:50:00+09:00,CMP-S03-L05-01,S03,S03-L05,1,running,155.1209,442.2532,105.5837,34.3666,-1.186,B,relation-reasoning-agent-eval-v3.1
2026-08-07T20:00:00+09:00,CMP-S03-L01-01,S03,S03-L01,1,running,178.3946,449.3142,98.0524,51.735,1.8861,B,relation-reasoning-agent-eval-v3.1
2026-08-07T20:00:00+09:00,CMP-S03-L02-01,S03,S03-L02,1,running,163.1575,486.153,111.6892,39.825,-0.3699,A,relation-reasoning-agent-eval-v3.1
2026-08-07T20:00:00+09:00,CMP-S03-L03-01,S03,S03-L03,1,running,168.8211,459.548,95.148,40.4928,0.3001,A,relation-reasoning-agent-eval-v3.1
2026-08-07T20:00:00+09:00,CMP-S03-L04-01,S03,S03-L04,1,running,195.6069,544.8244,101.9723,43.774,0.9179,A,relation-reasoning-agent-eval-v3.1
2026-08-07T20:00:00+09:00,CMP-S03-L05-01,S03,S03-L05,1,running,161.416,414.5092,107.8308,33.1314,-1.4147,B,relation-reasoning-agent-eval-v3.1
2026-08-07T20:10:00+09:00,CMP-S03-L01-01,S03,S03-L01,1,running,183.3558,436.8151,94.2988,42.3778,0.1533,A,relation-reasoning-agent-eval-v3.1
2026-08-07T20:10:00+09:00,CMP-S03-L02-01,S03,S03-L02,1,running,159.2239,515.5737,106.1681,35.1181,-1.2416,B,relation-reasoning-agent-eval-v3.1
2026-08-07T20:10:00+09:00,CMP-S03-L03-01,S03,S03-L03,1,running,182.5804,447.6809,87.0686,41.8238,0.5466,A,relation-reasoning-agent-eval-v3.1
2026-08-07T20:10:00+09:00,CMP-S03-L04-01,S03,S03-L04,1,running,205.2945,508.1168,100.7158,43.1064,0.7943,A,relation-reasoning-agent-eval-v3.1
2026-08-07T20:10:00+09:00,CMP-S03-L05-01,S03,S03-L05,1,running,173.0968,448.2476,112.3668,30.0826,-1.9793,B,relation-reasoning-agent-eval-v3.1
2026-08-07T20:20:00+09:00,CMP-S03-L01-01,S03,S03-L01,1,running,169.1342,387.8277,101.5339,39.0381,-0.4652,A,relation-reasoning-agent-eval-v3.1
2026-08-07T20:20:00+09:00,CMP-S03-L02-01,S03,S03-L02,1,running,152.0021,447.1049,98.2508,31.6826,-1.8778,B,relation-reasoning-agent-eval-v3.1
2026-08-07T20:20:00+09:00,CMP-S03-L03-01,S03,S03-L03,1,running,170.9701,452.4517,80.1972,36.6959,-0.4031,A,relation-reasoning-agent-eval-v3.1
2026-08-07T20:20:00+09:00,CMP-S03-L04-01,S03,S03-L04,1,running,200.9197,493.3523,110.1012,42.3984,0.6632,A,relation-reasoning-agent-eval-v3.1
2026-08-07T20:20:00+09:00,CMP-S03-L05-01,S03,S03-L05,1,running,173.0631,450.2227,108.6472,31.2187,-1.7689,B,relation-reasoning-agent-eval-v3.1
2026-08-07T20:30:00+09:00,CMP-S03-L01-01,S03,S03-L01,1,running,155.9292,414.9684,98.1134,40.6619,-0.1645,A,relation-reasoning-agent-eval-v3.1
2026-08-07T20:30:00+09:00,CMP-S03-L02-01,S03,S03-L02,1,running,153.6006,462.7657,100.1905,35.7701,-1.1208,B,relation-reasoning-agent-eval-v3.1
2026-08-07T20:30:00+09:00,CMP-S03-L03-01,S03,S03-L03,1,running,176.2667,439.1938,83.2942,38.0976,-0.1435,A,relation-reasoning-agent-eval-v3.1
2026-08-07T20:30:00+09:00,CMP-S03-L04-01,S03,S03-L04,1,running,181.1328,438.077,115.2985,43.2743,0.8254,A,relation-reasoning-agent-eval-v3.1
2026-08-07T20:30:00+09:00,CMP-S03-L05-01,S03,S03-L05,1,running,185.4791,469.3867,110.2761,33.44,-1.3576,B,relation-reasoning-agent-eval-v3.1
2026-08-07T20:40:00+09:00,CMP-S03-L01-01,S03,S03-L01,1,running,153.28,473.7553,99.2322,40.7457,-0.149,A,relation-reasoning-agent-eval-v3.1
2026-08-07T20:40:00+09:00,CMP-S03-L02-01,S03,S03-L02,1,running,157.1001,436.2666,104.6188,44.1928,0.4389,A,relation-reasoning-agent-eval-v3.1
2026-08-07T20:40:00+09:00,CMP-S03-L03-01,S03,S03-L03,1,running,159.6466,453.1976,93.5248,37.0322,-0.3408,A,relation-reasoning-agent-eval-v3.1
2026-08-07T20:40:00+09:00,CMP-S03-L04-01,S03,S03-L04,1,running,174.6221,453.3785,117.5886,41.6842,0.5309,A,relation-reasoning-agent-eval-v3.1
2026-08-07T20:40:00+09:00,CMP-S03-L05-01,S03,S03-L05,1,running,182.3257,450.1729,108.4127,34.5282,-1.1561,B,relation-reasoning-agent-eval-v3.1
2026-08-07T20:50:00+09:00,CMP-S03-L01-01,S03,S03-L01,1,running,161.5466,449.8357,102.4895,37.3876,-0.7709,A,relation-reasoning-agent-eval-v3.1
2026-08-07T20:50:00+09:00,CMP-S03-L02-01,S03,S03-L02,1,running,167.008,428.862,102.5081,40.8779,-0.175,A,relation-reasoning-agent-eval-v3.1
2026-08-07T20:50:00+09:00,CMP-S03-L03-01,S03,S03-L03,1,running,170.8818,434.0984,94.5971,44.4665,1.0359,B,relation-reasoning-agent-eval-v3.1
2026-08-07T20:50:00+09:00,CMP-S03-L04-01,S03,S03-L04,1,running,153.3705,387.6579,115.7001,35.1517,-0.6788,A,relation-reasoning-agent-eval-v3.1
2026-08-07T20:50:00+09:00,CMP-S03-L05-01,S03,S03-L05,1,running,179.6374,442.6944,115.2183,37.1354,-0.6732,A,relation-reasoning-agent-eval-v3.1
2026-08-07T21:00:00+09:00,CMP-S03-L01-01,S03,S03-L01,1,running,161.4339,429.5209,98.7735,36.9761,-0.8471,A,relation-reasoning-agent-eval-v3.1
2026-08-07T21:00:00+09:00,CMP-S03-L02-01,S03,S03-L02,1,running,165.8731,434.0783,108.209,34.1453,-1.4217,B,relation-reasoning-agent-eval-v3.1
2026-08-07T21:00:00+09:00,CMP-S03-L03-01,S03,S03-L03,1,running,167.2508,430.8269,97.2152,38.5572,-0.0584,A,relation-reasoning-agent-eval-v3.1
2026-08-07T21:00:00+09:00,CMP-S03-L04-01,S03,S03-L04,1,running,165.35,408.3149,109.8502,36.2977,-0.4666,A,relation-reasoning-agent-eval-v3.1
2026-08-07T21:00:00+09:00,CMP-S03-L05-01,S03,S03-L05,1,running,181.6069,416.9256,109.4216,40.6065,-0.0304,A,relation-reasoning-agent-eval-v3.1
2026-08-07T21:10:00+09:00,CMP-S03-L01-01,S03,S03-L01,1,running,157.6199,450.2907,94.8679,44.753,0.5931,A,relation-reasoning-agent-eval-v3.1
2026-08-07T21:10:00+09:00,CMP-S03-L02-01,S03,S03-L02,1,running,167.8493,425.4451,103.7163,35.66,-1.1412,B,relation-reasoning-agent-eval-v3.1
2026-08-07T21:10:00+09:00,CMP-S03-L03-01,S03,S03-L03,1,running,167.2296,443.09,97.849,42.3717,0.648,A,relation-reasoning-agent-eval-v3.1
2026-08-07T21:10:00+09:00,CMP-S03-L04-01,S03,S03-L04,1,running,169.8982,430.2111,111.165,40.7099,0.3505,A,relation-reasoning-agent-eval-v3.1
2026-08-07T21:10:00+09:00,CMP-S03-L05-01,S03,S03-L05,1,running,178.3169,433.3936,109.8003,50.822,1.8613,B,relation-reasoning-agent-eval-v3.1
2026-08-07T21:20:00+09:00,CMP-S03-L01-01,S03,S03-L01,1,running,159.6429,444.5098,101.2426,44.9398,0.6277,A,relation-reasoning-agent-eval-v3.1
2026-08-07T21:20:00+09:00,CMP-S03-L02-01,S03,S03-L02,1,running,166.2729,385.9821,104.2372,37.9073,-0.7251,A,relation-reasoning-agent-eval-v3.1
2026-08-07T21:20:00+09:00,CMP-S03-L03-01,S03,S03-L03,1,running,171.9927,447.4271,91.9452,38.4309,-0.0818,A,relation-reasoning-agent-eval-v3.1
2026-08-07T21:20:00+09:00,CMP-S03-L04-01,S03,S03-L04,1,running,145.7855,440.0034,103.7373,42.4892,0.68,A,relation-reasoning-agent-eval-v3.1
2026-08-07T21:20:00+09:00,CMP-S03-L05-01,S03,S03-L05,1,running,183.779,434.2295,102.9747,49.2601,1.5721,B,relation-reasoning-agent-eval-v3.1
2026-08-07T21:30:00+09:00,CMP-S03-L01-01,S03,S03-L01,1,running,153.7057,468.8846,95.9315,37.4074,-0.7672,A,relation-reasoning-agent-eval-v3.1
2026-08-07T21:30:00+09:00,CMP-S03-L02-01,S03,S03-L02,1,running,179.2494,400.9357,99.9557,39.5195,-0.4265,A,relation-reasoning-agent-eval-v3.1
2026-08-07T21:30:00+09:00,CMP-S03-L03-01,S03,S03-L03,1,running,169.4049,389.7112,90.1226,44.9731,1.1297,B,relation-reasoning-agent-eval-v3.1
2026-08-07T21:30:00+09:00,CMP-S03-L04-01,S03,S03-L04,1,running,159.6671,473.2505,108.3186,43.5051,0.8681,A,relation-reasoning-agent-eval-v3.1
2026-08-07T21:30:00+09:00,CMP-S03-L05-01,S03,S03-L05,1,running,173.1039,477.8001,106.9939,50.7899,1.8554,B,relation-reasoning-agent-eval-v3.1
2026-08-07T21:40:00+09:00,CMP-S03-L01-01,S03,S03-L01,1,running,160.6744,460.1345,92.5192,38.1978,-0.6208,A,relation-reasoning-agent-eval-v3.1
2026-08-07T21:40:00+09:00,CMP-S03-L02-01,S03,S03-L02,1,running,170.5519,367.7312,111.4189,40.7889,-0.1914,A,relation-reasoning-agent-eval-v3.1
2026-08-07T21:40:00+09:00,CMP-S03-L03-01,S03,S03-L03,1,running,170.6795,373.2498,100.7611,40.0337,0.215,A,relation-reasoning-agent-eval-v3.1
2026-08-07T21:40:00+09:00,CMP-S03-L04-01,S03,S03-L04,1,running,182.5725,439.6145,101.527,43.5729,0.8807,A,relation-reasoning-agent-eval-v3.1
2026-08-07T21:40:00+09:00,CMP-S03-L05-01,S03,S03-L05,1,running,165.3538,488.5757,95.7146,41.7654,0.1842,A,relation-reasoning-agent-eval-v3.1
2026-08-07T21:50:00+09:00,CMP-S03-L01-01,S03,S03-L01,1,running,174.1307,448.1227,94.9807,37.4006,-0.7684,A,relation-reasoning-agent-eval-v3.1
2026-08-07T21:50:00+09:00,CMP-S03-L02-01,S03,S03-L02,1,running,163.7947,384.0439,108.8301,47.3705,1.0274,B,relation-reasoning-agent-eval-v3.1
2026-08-07T21:50:00+09:00,CMP-S03-L03-01,S03,S03-L03,1,running,185.0672,345.8811,100.9345,33.8852,-0.9236,A,relation-reasoning-agent-eval-v3.1
2026-08-07T21:50:00+09:00,CMP-S03-L04-01,S03,S03-L04,1,running,169.9171,419.9157,105.0354,33.1334,-1.0526,B,relation-reasoning-agent-eval-v3.1
2026-08-07T21:50:00+09:00,CMP-S03-L05-01,S03,S03-L05,1,running,168.217,461.5446,94.9987,46.0334,0.9745,A,relation-reasoning-agent-eval-v3.1
2026-08-07T22:00:00+09:00,CMP-S03-L01-01,S03,S03-L01,1,running,164.2314,444.6088,89.1399,35.3708,-1.1443,B,relation-reasoning-agent-eval-v3.1
2026-08-07T22:00:00+09:00,CMP-S03-L02-01,S03,S03-L02,1,running,166.0968,378.2765,107.0931,39.216,-0.4827,A,relation-reasoning-agent-eval-v3.1
2026-08-07T22:00:00+09:00,CMP-S03-L03-01,S03,S03-L03,1,running,176.6929,372.0523,98.0798,36.1667,-0.5011,A,relation-reasoning-agent-eval-v3.1
2026-08-07T22:00:00+09:00,CMP-S03-L04-01,S03,S03-L04,1,running,176.4036,372.4831,100.4014,35.2085,-0.6683,A,relation-reasoning-agent-eval-v3.1
2026-08-07T22:00:00+09:00,CMP-S03-L05-01,S03,S03-L05,1,running,173.858,452.1178,100.4763,40.0174,-0.1396,A,relation-reasoning-agent-eval-v3.1
2026-08-07T22:10:00+09:00,CMP-S03-L01-01,S03,S03-L01,1,running,169.2176,461.0962,87.3931,34.6372,-1.2802,B,relation-reasoning-agent-eval-v3.1
2026-08-07T22:10:00+09:00,CMP-S03-L02-01,S03,S03-L02,1,running,182.5449,376.2786,109.0616,36.059,-1.0673,B,relation-reasoning-agent-eval-v3.1
2026-08-07T22:10:00+09:00,CMP-S03-L03-01,S03,S03-L03,1,running,176.3943,407.9753,96.4102,41.0527,0.4038,A,relation-reasoning-agent-eval-v3.1
2026-08-07T22:10:00+09:00,CMP-S03-L04-01,S03,S03-L04,1,running,182.1992,384.0014,102.1726,35.6066,-0.5946,A,relation-reasoning-agent-eval-v3.1
2026-08-07T22:10:00+09:00,CMP-S03-L05-01,S03,S03-L05,1,running,180.8322,473.1401,97.5257,30.8755,-1.8325,B,relation-reasoning-agent-eval-v3.1
2026-08-07T22:20:00+09:00,CMP-S03-L01-01,S03,S03-L01,1,running,188.3733,485.9081,91.6791,36.1099,-1.0075,B,relation-reasoning-agent-eval-v3.1
2026-08-07T22:20:00+09:00,CMP-S03-L02-01,S03,S03-L02,1,running,182.9741,427.8986,103.1897,38.9153,-0.5384,A,relation-reasoning-agent-eval-v3.1
2026-08-07T22:20:00+09:00,CMP-S03-L03-01,S03,S03-L03,1,running,179.3659,412.9588,92.8329,43.0505,0.7737,A,relation-reasoning-agent-eval-v3.1
2026-08-07T22:20:00+09:00,CMP-S03-L04-01,S03,S03-L04,1,running,199.1308,386.8394,110.778,40.7283,0.3539,A,relation-reasoning-agent-eval-v3.1
2026-08-07T22:20:00+09:00,CMP-S03-L05-01,S03,S03-L05,1,running,175.3398,470.3988,100.5424,34.7842,-1.1086,B,relation-reasoning-agent-eval-v3.1
2026-08-07T22:30:00+09:00,CMP-S03-L01-01,S03,S03-L01,1,running,196.6775,436.5409,88.8633,38.7304,-0.5222,A,relation-reasoning-agent-eval-v3.1
2026-08-07T22:30:00+09:00,CMP-S03-L02-01,S03,S03-L02,1,running,160.923,459.7667,102.9593,33.6285,-1.5174,B,relation-reasoning-agent-eval-v3.1
2026-08-07T22:30:00+09:00,CMP-S03-L03-01,S03,S03-L03,1,running,191.818,485.2762,94.5527,44.5703,1.0551,B,relation-reasoning-agent-eval-v3.1
2026-08-07T22:30:00+09:00,CMP-S03-L04-01,S03,S03-L04,1,running,208.3971,378.0722,109.4578,43.5008,0.8673,A,relation-reasoning-agent-eval-v3.1
2026-08-07T22:30:00+09:00,CMP-S03-L05-01,S03,S03-L05,1,running,166.8634,458.2032,104.9281,37.1526,-0.6701,A,relation-reasoning-agent-eval-v3.1
2026-08-07T22:40:00+09:00,CMP-S03-L01-01,S03,S03-L01,1,running,208.995,498.5595,90.6186,38.5511,-0.5554,A,relation-reasoning-agent-eval-v3.1
2026-08-07T22:40:00+09:00,CMP-S03-L02-01,S03,S03-L02,1,running,171.0263,473.061,105.5539,37.5637,-0.7887,A,relation-reasoning-agent-eval-v3.1
2026-08-07T22:40:00+09:00,CMP-S03-L03-01,S03,S03-L03,1,running,168.9429,463.4264,98.6077,47.488,1.5955,B,relation-reasoning-agent-eval-v3.1
2026-08-07T22:40:00+09:00,CMP-S03-L04-01,S03,S03-L04,1,running,184.8674,428.083,101.474,43.4716,0.8619,A,relation-reasoning-agent-eval-v3.1
2026-08-07T22:40:00+09:00,CMP-S03-L05-01,S03,S03-L05,1,running,166.4095,443.998,103.8996,36.7713,-0.7407,A,relation-reasoning-agent-eval-v3.1
2026-08-07T22:50:00+09:00,CMP-S03-L01-01,S03,S03-L01,1,running,207.1266,478.3988,90.7761,37.9929,-0.6588,A,relation-reasoning-agent-eval-v3.1
2026-08-07T22:50:00+09:00,CMP-S03-L02-01,S03,S03-L02,1,running,160.7785,403.0326,104.923,39.3786,-0.4526,A,relation-reasoning-agent-eval-v3.1
2026-08-07T22:50:00+09:00,CMP-S03-L03-01,S03,S03-L03,1,running,166.9678,439.3402,92.9977,43.9179,0.9343,A,relation-reasoning-agent-eval-v3.1
2026-08-07T22:50:00+09:00,CMP-S03-L04-01,S03,S03-L04,1,running,172.0281,421.0079,96.2837,39.5164,0.1295,A,relation-reasoning-agent-eval-v3.1
2026-08-07T22:50:00+09:00,CMP-S03-L05-01,S03,S03-L05,1,running,167.3906,505.2014,99.9134,35.7218,-0.935,A,relation-reasoning-agent-eval-v3.1
2026-08-07T23:00:00+09:00,CMP-S03-L01-01,S03,S03-L01,1,running,194.627,452.3545,96.7011,41.8673,0.0587,A,relation-reasoning-agent-eval-v3.1
2026-08-07T23:00:00+09:00,CMP-S03-L02-01,S03,S03-L02,1,running,157.3246,375.6638,108.3505,35.6196,-1.1487,B,relation-reasoning-agent-eval-v3.1
2026-08-07T23:00:00+09:00,CMP-S03-L03-01,S03,S03-L03,1,running,182.6348,420.4814,87.5579,37.8282,-0.1934,A,relation-reasoning-agent-eval-v3.1
2026-08-07T23:00:00+09:00,CMP-S03-L04-01,S03,S03-L04,1,running,181.7912,411.4102,100.0653,33.6265,-0.9613,A,relation-reasoning-agent-eval-v3.1
2026-08-07T23:00:00+09:00,CMP-S03-L05-01,S03,S03-L05,1,running,150.5878,454.8353,104.2913,33.6166,-1.3249,B,relation-reasoning-agent-eval-v3.1
2026-08-07T23:10:00+09:00,CMP-S03-L01-01,S03,S03-L01,1,running,190.6374,436.7017,95.5862,44.9148,0.6231,A,relation-reasoning-agent-eval-v3.1
2026-08-07T23:10:00+09:00,CMP-S03-L02-01,S03,S03-L02,1,running,168.8989,372.448,103.5071,28.4155,-2.4828,C,relation-reasoning-agent-eval-v3.1
2026-08-07T23:10:00+09:00,CMP-S03-L03-01,S03,S03-L03,1,running,174.9003,427.937,93.593,42.3427,0.6426,A,relation-reasoning-agent-eval-v3.1
2026-08-07T23:10:00+09:00,CMP-S03-L04-01,S03,S03-L04,1,running,169.5387,404.479,99.0392,35.8467,-0.5501,A,relation-reasoning-agent-eval-v3.1
2026-08-07T23:10:00+09:00,CMP-S03-L05-01,S03,S03-L05,1,running,164.8654,384.7563,101.7157,36.9018,-0.7165,A,relation-reasoning-agent-eval-v3.1
2026-08-07T23:20:00+09:00,CMP-S03-L01-01,S03,S03-L01,1,running,205.5808,407.4075,98.4268,47.2384,1.0534,B,relation-reasoning-agent-eval-v3.1
2026-08-07T23:20:00+09:00,CMP-S03-L02-01,S03,S03-L02,1,running,161.6143,433.6135,104.11,30.5399,-2.0894,C,relation-reasoning-agent-eval-v3.1
2026-08-07T23:20:00+09:00,CMP-S03-L03-01,S03,S03-L03,1,running,176.5184,401.1273,95.2788,40.9058,0.3766,A,relation-reasoning-agent-eval-v3.1
2026-08-07T23:20:00+09:00,CMP-S03-L04-01,S03,S03-L04,1,running,161.8589,460.9597,105.9688,37.2526,-0.2898,A,relation-reasoning-agent-eval-v3.1
2026-08-07T23:20:00+09:00,CMP-S03-L05-01,S03,S03-L05,1,running,167.2738,423.8497,99.1545,32.6377,-1.5062,B,relation-reasoning-agent-eval-v3.1
2026-08-07T23:30:00+09:00,CMP-S03-L01-01,S03,S03-L01,1,running,215.5007,446.6564,92.1504,40.4511,-0.2035,A,relation-reasoning-agent-eval-v3.1
2026-08-07T23:30:00+09:00,CMP-S03-L02-01,S03,S03-L02,1,running,155.4361,444.302,104.2309,29.1805,-2.3411,C,relation-reasoning-agent-eval-v3.1
2026-08-07T23:30:00+09:00,CMP-S03-L03-01,S03,S03-L03,1,running,179.4129,422.3588,94.3478,45.2942,1.1892,B,relation-reasoning-agent-eval-v3.1
2026-08-07T23:30:00+09:00,CMP-S03-L04-01,S03,S03-L04,1,running,171.3652,448.3532,98.1417,38.9018,0.0156,A,relation-reasoning-agent-eval-v3.1
2026-08-07T23:30:00+09:00,CMP-S03-L05-01,S03,S03-L05,1,running,169.1804,470.9264,98.5697,36.7431,-0.7459,A,relation-reasoning-agent-eval-v3.1
2026-08-07T23:40:00+09:00,CMP-S03-L01-01,S03,S03-L01,1,running,211.4209,427.6481,97.0724,35.7275,-1.0783,B,relation-reasoning-agent-eval-v3.1
2026-08-07T23:40:00+09:00,CMP-S03-L02-01,S03,S03-L02,1,running,154.7935,437.5641,110.2172,37.0231,-0.8888,A,relation-reasoning-agent-eval-v3.1
2026-08-07T23:40:00+09:00,CMP-S03-L03-01,S03,S03-L03,1,running,164.288,487.7101,86.2458,47.9756,1.6858,B,relation-reasoning-agent-eval-v3.1
2026-08-07T23:40:00+09:00,CMP-S03-L04-01,S03,S03-L04,1,running,166.8205,471.1464,102.0207,41.3283,0.465,A,relation-reasoning-agent-eval-v3.1
2026-08-07T23:40:00+09:00,CMP-S03-L05-01,S03,S03-L05,1,running,158.1305,456.2931,98.1221,36.1489,-0.8559,A,relation-reasoning-agent-eval-v3.1
2026-08-07T23:50:00+09:00,CMP-S03-L01-01,S03,S03-L01,1,running,205.3861,439.797,104.567,40.6634,-0.1642,A,relation-reasoning-agent-eval-v3.1
2026-08-07T23:50:00+09:00,CMP-S03-L02-01,S03,S03-L02,1,running,150.2874,444.3507,113.5031,39.8323,-0.3686,A,relation-reasoning-agent-eval-v3.1
2026-08-07T23:50:00+09:00,CMP-S03-L03-01,S03,S03-L03,1,running,163.4751,461.9887,80.3544,44.1972,0.9861,A,relation-reasoning-agent-eval-v3.1
2026-08-07T23:50:00+09:00,CMP-S03-L04-01,S03,S03-L04,1,running,151.5567,436.4384,100.6254,45.9517,1.3212,B,relation-reasoning-agent-eval-v3.1
2026-08-07T23:50:00+09:00,CMP-S03-L05-01,S03,S03-L05,1,running,151.7778,448.8497,100.1184,32.5601,-1.5205,B,relation-reasoning-agent-eval-v3.1
2026-08-08T00:00:00+09:00,CMP-S03-L01-01,S03,S03-L01,1,running,217.1174,456.4673,102.9366,36.4342,-0.9474,A,relation-reasoning-agent-eval-v3.1
2026-08-08T00:00:00+09:00,CMP-S03-L02-01,S03,S03-L02,1,running,149.8646,440.8358,113.9072,40.3708,-0.2689,A,relation-reasoning-agent-eval-v3.1
2026-08-08T00:00:00+09:00,CMP-S03-L03-01,S03,S03-L03,1,running,164.3059,411.1501,82.9227,36.6194,-0.4172,A,relation-reasoning-agent-eval-v3.1
2026-08-08T00:00:00+09:00,CMP-S03-L04-01,S03,S03-L04,1,running,158.5795,436.1362,96.0067,41.6842,0.5309,A,relation-reasoning-agent-eval-v3.1
2026-08-08T00:00:00+09:00,CMP-S03-L05-01,S03,S03-L05,1,running,169.819,446.8787,108.843,32.7025,-1.4942,B,relation-reasoning-agent-eval-v3.1
2026-08-08T00:10:00+09:00,CMP-S03-L01-01,S03,S03-L01,1,running,213.1617,472.595,103.4836,37.0529,-0.8328,A,relation-reasoning-agent-eval-v3.1
2026-08-08T00:10:00+09:00,CMP-S03-L02-01,S03,S03-L02,1,running,159.3933,457.7087,117.0859,43.5879,0.3269,A,relation-reasoning-agent-eval-v3.1
2026-08-08T00:10:00+09:00,CMP-S03-L03-01,S03,S03-L03,1,running,144.3175,379.7591,86.6339,38.4045,-0.0867,A,relation-reasoning-agent-eval-v3.1
2026-08-08T00:10:00+09:00,CMP-S03-L04-01,S03,S03-L04,1,running,169.2361,495.7013,88.4476,37.5065,-0.2427,A,relation-reasoning-agent-eval-v3.1
2026-08-08T00:10:00+09:00,CMP-S03-L05-01,S03,S03-L05,1,running,161.7841,428.2071,98.7256,33.2093,-1.4003,B,relation-reasoning-agent-eval-v3.1
2026-08-08T00:20:00+09:00,CMP-S03-L01-01,S03,S03-L01,1,running,196.4385,499.5794,99.1487,39.6079,-0.3597,A,relation-reasoning-agent-eval-v3.1
2026-08-08T00:20:00+09:00,CMP-S03-L02-01,S03,S03-L02,1,running,164.947,453.7342,107.7601,44.0448,0.4115,A,relation-reasoning-agent-eval-v3.1
2026-08-08T00:20:00+09:00,CMP-S03-L03-01,S03,S03-L03,1,running,137.4132,422.0632,88.9442,39.7542,0.1633,A,relation-reasoning-agent-eval-v3.1
2026-08-08T00:20:00+09:00,CMP-S03-L04-01,S03,S03-L04,1,running,178.401,449.6666,91.139,43.6073,0.887,A,relation-reasoning-agent-eval-v3.1
2026-08-08T00:20:00+09:00,CMP-S03-L05-01,S03,S03-L05,1,running,162.0027,475.3267,95.1888,31.9494,-1.6336,B,relation-reasoning-agent-eval-v3.1
2026-08-08T00:30:00+09:00,CMP-S03-L01-01,S03,S03-L01,1,running,215.6992,490.8193,93.6648,39.0676,-0.4597,A,relation-reasoning-agent-eval-v3.1
2026-08-08T00:30:00+09:00,CMP-S03-L02-01,S03,S03-L02,1,running,154.1518,470.0586,105.9923,44.7696,0.5457,A,relation-reasoning-agent-eval-v3.1
2026-08-08T00:30:00+09:00,CMP-S03-L03-01,S03,S03-L03,1,running,160.9547,441.351,96.7035,36.369,-0.4636,A,relation-reasoning-agent-eval-v3.1
2026-08-08T00:30:00+09:00,CMP-S03-L04-01,S03,S03-L04,1,running,194.6352,468.2511,89.5395,36.6471,-0.4019,A,relation-reasoning-agent-eval-v3.1
2026-08-08T00:30:00+09:00,CMP-S03-L05-01,S03,S03-L05,1,running,183.0587,440.8837,99.949,33.5517,-1.3369,B,relation-reasoning-agent-eval-v3.1
2026-08-08T00:40:00+09:00,CMP-S03-L01-01,S03,S03-L01,1,running,199.9522,455.4243,95.3732,43.4371,0.3494,A,relation-reasoning-agent-eval-v3.1
2026-08-08T00:40:00+09:00,CMP-S03-L02-01,S03,S03-L02,1,running,149.0102,520.5889,111.7014,41.9336,0.0205,A,relation-reasoning-agent-eval-v3.1
2026-08-08T00:40:00+09:00,CMP-S03-L03-01,S03,S03-L03,1,running,158.2322,448.4463,96.7875,39.8808,0.1867,A,relation-reasoning-agent-eval-v3.1
2026-08-08T00:40:00+09:00,CMP-S03-L04-01,S03,S03-L04,1,running,166.2591,491.0983,90.852,44.0314,0.9656,A,relation-reasoning-agent-eval-v3.1
2026-08-08T00:40:00+09:00,CMP-S03-L05-01,S03,S03-L05,1,running,176.1043,442.0794,100.6991,37.4725,-0.6108,A,relation-reasoning-agent-eval-v3.1
2026-08-08T00:50:00+09:00,CMP-S03-L01-01,S03,S03-L01,1,running,197.983,421.555,98.7519,40.7815,-0.1424,A,relation-reasoning-agent-eval-v3.1
2026-08-08T00:50:00+09:00,CMP-S03-L02-01,S03,S03-L02,1,running,147.2706,498.9124,110.3536,42.0524,0.0426,A,relation-reasoning-agent-eval-v3.1
2026-08-08T00:50:00+09:00,CMP-S03-L03-01,S03,S03-L03,1,running,156.4035,416.2527,105.9927,42.6955,0.708,A,relation-reasoning-agent-eval-v3.1
2026-08-08T00:50:00+09:00,CMP-S03-L04-01,S03,S03-L04,1,running,183.9722,480.0428,91.7308,38.9531,0.0251,A,relation-reasoning-agent-eval-v3.1
2026-08-08T00:50:00+09:00,CMP-S03-L05-01,S03,S03-L05,1,running,194.9408,462.8343,106.8457,36.3965,-0.8101,A,relation-reasoning-agent-eval-v3.1
2026-08-08T01:00:00+09:00,CMP-S03-L01-01,S03,S03-L01,1,running,196.3586,444.3269,95.7673,44.8418,0.6095,A,relation-reasoning-agent-eval-v3.1
2026-08-08T01:00:00+09:00,CMP-S03-L02-01,S03,S03-L02,1,running,153.129,420.6463,113.644,45.6486,0.7085,A,relation-reasoning-agent-eval-v3.1
2026-08-08T01:00:00+09:00,CMP-S03-L03-01,S03,S03-L03,1,running,162.2197,427.0449,109.2597,45.5708,1.2404,B,relation-reasoning-agent-eval-v3.1
2026-08-08T01:00:00+09:00,CMP-S03-L04-01,S03,S03-L04,1,running,174.7392,432.6224,94.7357,45.6171,1.2592,B,relation-reasoning-agent-eval-v3.1
2026-08-08T01:00:00+09:00,CMP-S03-L05-01,S03,S03-L05,1,running,196.293,522.8558,106.6281,37.9258,-0.5269,A,relation-reasoning-agent-eval-v3.1
2026-08-08T01:10:00+09:00,CMP-S03-L01-01,S03,S03-L01,1,running,187.5156,432.2429,95.4464,40.7593,-0.1465,A,relation-reasoning-agent-eval-v3.1
2026-08-08T01:10:00+09:00,CMP-S03-L02-01,S03,S03-L02,1,running,152.0742,440.1886,114.6098,42.3514,0.0979,A,relation-reasoning-agent-eval-v3.1
2026-08-08T01:10:00+09:00,CMP-S03-L03-01,S03,S03-L03,1,running,150.2004,450.0461,97.8308,45.7055,1.2654,B,relation-reasoning-agent-eval-v3.1
2026-08-08T01:10:00+09:00,CMP-S03-L04-01,S03,S03-L04,1,running,184.8203,440.0715,97.2714,40.7168,0.3518,A,relation-reasoning-agent-eval-v3.1
2026-08-08T01:10:00+09:00,CMP-S03-L05-01,S03,S03-L05,1,running,196.6526,514.1,111.2894,45.6185,0.8977,A,relation-reasoning-agent-eval-v3.1
2026-08-08T01:20:00+09:00,CMP-S03-L01-01,S03,S03-L01,1,running,185.5978,383.0722,94.4908,46.5706,0.9297,A,relation-reasoning-agent-eval-v3.1
2026-08-08T01:20:00+09:00,CMP-S03-L02-01,S03,S03-L02,1,running,163.2588,431.0144,115.5782,39.1822,-0.489,A,relation-reasoning-agent-eval-v3.1
2026-08-08T01:20:00+09:00,CMP-S03-L03-01,S03,S03-L03,1,running,169.1585,488.6047,91.9306,47.1795,1.5383,B,relation-reasoning-agent-eval-v3.1
2026-08-08T01:20:00+09:00,CMP-S03-L04-01,S03,S03-L04,1,running,150.8034,429.9776,98.5473,33.1299,-1.0532,B,relation-reasoning-agent-eval-v3.1
2026-08-08T01:20:00+09:00,CMP-S03-L05-01,S03,S03-L05,1,running,187.6237,503.3905,118.1222,43.7897,0.559,A,relation-reasoning-agent-eval-v3.1
2026-08-08T01:30:00+09:00,CMP-S03-L01-01,S03,S03-L01,1,running,187.34,394.4881,96.3194,42.4425,0.1652,A,relation-reasoning-agent-eval-v3.1
2026-08-08T01:30:00+09:00,CMP-S03-L02-01,S03,S03-L02,1,running,146.8976,422.4851,113.6628,36.1719,-1.0464,B,relation-reasoning-agent-eval-v3.1
2026-08-08T01:30:00+09:00,CMP-S03-L03-01,S03,S03-L03,1,running,166.0126,467.7659,98.2311,41.7862,0.5396,A,relation-reasoning-agent-eval-v3.1
2026-08-08T01:30:00+09:00,CMP-S03-L04-01,S03,S03-L04,1,running,161.5438,427.6778,99.6812,40.7999,0.3671,A,relation-reasoning-agent-eval-v3.1
2026-08-08T01:30:00+09:00,CMP-S03-L05-01,S03,S03-L05,1,running,190.5023,466.3942,114.6652,39.1092,-0.3077,A,relation-reasoning-agent-eval-v3.1
2026-08-08T01:40:00+09:00,CMP-S03-L01-01,S03,S03-L01,1,running,187.209,429.1221,94.771,37.0249,-0.838,A,relation-reasoning-agent-eval-v3.1
2026-08-08T01:40:00+09:00,CMP-S03-L02-01,S03,S03-L02,1,running,149.4739,408.5425,104.7764,40.1025,-0.3185,A,relation-reasoning-agent-eval-v3.1
2026-08-08T01:40:00+09:00,CMP-S03-L03-01,S03,S03-L03,1,running,167.2931,470.9594,97.7505,41.3907,0.4663,A,relation-reasoning-agent-eval-v3.1
2026-08-08T01:40:00+09:00,CMP-S03-L04-01,S03,S03-L04,1,running,158.0947,454.8332,100.5236,42.3362,0.6516,A,relation-reasoning-agent-eval-v3.1
2026-08-08T01:40:00+09:00,CMP-S03-L05-01,S03,S03-L05,1,running,177.8845,434.2196,107.1381,37.9024,-0.5312,A,relation-reasoning-agent-eval-v3.1
2026-08-08T01:50:00+09:00,CMP-S03-L01-01,S03,S03-L01,1,running,191.3939,461.601,98.048,41.8419,0.054,A,relation-reasoning-agent-eval-v3.1
2026-08-08T01:50:00+09:00,CMP-S03-L02-01,S03,S03-L02,1,running,162.7347,439.7579,105.5761,44.1845,0.4374,A,relation-reasoning-agent-eval-v3.1
2026-08-08T01:50:00+09:00,CMP-S03-L03-01,S03,S03-L03,1,running,186.1806,484.3975,95.3623,39.0698,0.0365,A,relation-reasoning-agent-eval-v3.1
2026-08-08T01:50:00+09:00,CMP-S03-L04-01,S03,S03-L04,1,running,151.9215,435.5375,105.4926,46.4256,1.4089,B,relation-reasoning-agent-eval-v3.1
2026-08-08T01:50:00+09:00,CMP-S03-L05-01,S03,S03-L05,1,running,194.0254,430.9419,105.3453,36.6038,-0.7717,A,relation-reasoning-agent-eval-v3.1
2026-08-08T02:00:00+09:00,CMP-S03-L01-01,S03,S03-L01,1,running,199.1319,480.402,99.4718,46.5209,0.9205,A,relation-reasoning-agent-eval-v3.1
2026-08-08T02:00:00+09:00,CMP-S03-L02-01,S03,S03-L02,1,running,157.1819,376.4403,100.274,43.5675,0.3231,A,relation-reasoning-agent-eval-v3.1
2026-08-08T02:00:00+09:00,CMP-S03-L03-01,S03,S03-L03,1,running,180.6389,433.3999,99.5209,40.4681,0.2955,A,relation-reasoning-agent-eval-v3.1
2026-08-08T02:00:00+09:00,CMP-S03-L04-01,S03,S03-L04,1,running,163.7121,463.795,103.1832,43.3321,0.8361,A,relation-reasoning-agent-eval-v3.1
2026-08-08T02:00:00+09:00,CMP-S03-L05-01,S03,S03-L05,1,running,176.9238,434.7428,109.3104,42.8423,0.3836,A,relation-reasoning-agent-eval-v3.1
2026-08-08T02:10:00+09:00,CMP-S03-L01-01,S03,S03-L01,1,running,186.9392,450.1643,95.8575,39.1731,-0.4402,A,relation-reasoning-agent-eval-v3.1
2026-08-08T02:10:00+09:00,CMP-S03-L02-01,S03,S03-L02,1,running,167.2063,355.9331,104.0254,46.089,0.7901,A,relation-reasoning-agent-eval-v3.1
2026-08-08T02:10:00+09:00,CMP-S03-L03-01,S03,S03-L03,1,running,167.5721,416.7879,100.3252,41.9594,0.5717,A,relation-reasoning-agent-eval-v3.1
2026-08-08T02:10:00+09:00,CMP-S03-L04-01,S03,S03-L04,1,running,166.7346,462.9663,105.3189,39.2134,0.0733,A,relation-reasoning-agent-eval-v3.1
2026-08-08T02:10:00+09:00,CMP-S03-L05-01,S03,S03-L05,1,running,176.6444,477.574,107.8832,44.1249,0.6211,A,relation-reasoning-agent-eval-v3.1
2026-08-08T02:20:00+09:00,CMP-S03-L01-01,S03,S03-L01,1,running,192.6502,448.5234,102.9319,46.6135,0.9376,A,relation-reasoning-agent-eval-v3.1
2026-08-08T02:20:00+09:00,CMP-S03-L02-01,S03,S03-L02,1,running,154.6691,402.3365,107.8442,43.7178,0.351,A,relation-reasoning-agent-eval-v3.1
2026-08-08T02:20:00+09:00,CMP-S03-L03-01,S03,S03-L03,1,running,163.889,417.1342,101.3747,49.8403,2.0311,C,relation-reasoning-agent-eval-v3.1
2026-08-08T02:20:00+09:00,CMP-S03-L04-01,S03,S03-L04,1,running,159.9959,415.5437,104.6845,41.6332,0.5215,A,relation-reasoning-agent-eval-v3.1
2026-08-08T02:20:00+09:00,CMP-S03-L05-01,S03,S03-L05,1,running,183.2359,478.3939,105.9708,40.9275,0.029,A,relation-reasoning-agent-eval-v3.1
2026-08-08T02:30:00+09:00,CMP-S03-L01-01,S03,S03-L01,1,running,163.056,519.8394,105.0049,45.9907,0.8223,A,relation-reasoning-agent-eval-v3.1
2026-08-08T02:30:00+09:00,CMP-S03-L02-01,S03,S03-L02,1,running,165.8577,479.8904,107.2759,43.4081,0.2936,A,relation-reasoning-agent-eval-v3.1
2026-08-08T02:30:00+09:00,CMP-S03-L03-01,S03,S03-L03,1,running,157.0325,415.773,101.8229,49.4672,1.962,B,relation-reasoning-agent-eval-v3.1
2026-08-08T02:30:00+09:00,CMP-S03-L04-01,S03,S03-L04,1,running,172.5687,480.7342,100.3263,36.5471,-0.4204,A,relation-reasoning-agent-eval-v3.1
2026-08-08T02:30:00+09:00,CMP-S03-L05-01,S03,S03-L05,1,running,189.9268,476.3898,115.7484,46.404,1.0432,B,relation-reasoning-agent-eval-v3.1
2026-08-08T02:40:00+09:00,CMP-S03-L01-01,S03,S03-L01,1,running,174.7403,537.9498,104.4065,42.0202,0.087,A,relation-reasoning-agent-eval-v3.1
2026-08-08T02:40:00+09:00,CMP-S03-L02-01,S03,S03-L02,1,running,173.5576,462.5858,106.6086,41.3825,-0.0815,A,relation-reasoning-agent-eval-v3.1
2026-08-08T02:40:00+09:00,CMP-S03-L03-01,S03,S03-L03,1,running,158.9854,411.619,98.7807,43.6752,0.8894,A,relation-reasoning-agent-eval-v3.1
2026-08-08T02:40:00+09:00,CMP-S03-L04-01,S03,S03-L04,1,running,173.8807,466.9245,99.0948,44.8749,1.1218,B,relation-reasoning-agent-eval-v3.1
2026-08-08T02:40:00+09:00,CMP-S03-L05-01,S03,S03-L05,1,running,177.9194,479.0745,108.1306,42.692,0.3558,A,relation-reasoning-agent-eval-v3.1
2026-08-08T02:50:00+09:00,CMP-S03-L01-01,S03,S03-L01,1,running,170.7983,556.9025,100.3955,40.3528,-0.2217,A,relation-reasoning-agent-eval-v3.1
2026-08-08T02:50:00+09:00,CMP-S03-L02-01,S03,S03-L02,1,running,162.7477,447.8885,104.981,41.325,-0.0921,A,relation-reasoning-agent-eval-v3.1
2026-08-08T02:50:00+09:00,CMP-S03-L03-01,S03,S03-L03,1,running,189.9582,414.4853,94.635,40.3837,0.2799,A,relation-reasoning-agent-eval-v3.1
2026-08-08T02:50:00+09:00,CMP-S03-L04-01,S03,S03-L04,1,running,170.6326,414.6366,104.8738,40.7251,0.3533,A,relation-reasoning-agent-eval-v3.1
2026-08-08T02:50:00+09:00,CMP-S03-L05-01,S03,S03-L05,1,running,182.5136,446.8877,104.0956,45.4677,0.8698,A,relation-reasoning-agent-eval-v3.1
2026-08-08T03:00:00+09:00,CMP-S03-L01-01,S03,S03-L01,1,running,180.1712,517.1403,97.0424,41.0289,-0.0965,A,relation-reasoning-agent-eval-v3.1
2026-08-08T03:00:00+09:00,CMP-S03-L02-01,S03,S03-L02,1,running,162.0849,403.162,102.6995,40.1907,-0.3022,A,relation-reasoning-agent-eval-v3.1
2026-08-08T03:00:00+09:00,CMP-S03-L03-01,S03,S03-L03,1,running,170.3282,427.0121,100.4192,45.6802,1.2607,B,relation-reasoning-agent-eval-v3.1
2026-08-08T03:00:00+09:00,CMP-S03-L04-01,S03,S03-L04,1,running,177.2354,376.7886,116.0262,36.133,-0.4971,A,relation-reasoning-agent-eval-v3.1
2026-08-08T03:00:00+09:00,CMP-S03-L05-01,S03,S03-L05,1,running,177.0458,472.7512,101.7899,44.4218,0.6761,A,relation-reasoning-agent-eval-v3.1
2026-08-08T03:10:00+09:00,CMP-S03-L01-01,S03,S03-L01,1,running,179.195,514.6783,89.965,41.9532,0.0746,A,relation-reasoning-agent-eval-v3.1
2026-08-08T03:10:00+09:00,CMP-S03-L02-01,S03,S03-L02,1,running,167.0062,414.9729,102.3345,40.6613,-0.2151,A,relation-reasoning-agent-eval-v3.1
2026-08-08T03:10:00+09:00,CMP-S03-L03-01,S03,S03-L03,1,running,177.2383,465.0153,98.5409,42.1981,0.6158,A,relation-reasoning-agent-eval-v3.1
2026-08-08T03:10:00+09:00,CMP-S03-L04-01,S03,S03-L04,1,running,161.5594,417.9378,111.9474,42.2559,0.6368,A,relation-reasoning-agent-eval-v3.1
2026-08-08T03:10:00+09:00,CMP-S03-L05-01,S03,S03-L05,1,running,185.3991,483.3918,94.9688,41.8497,0.1998,A,relation-reasoning-agent-eval-v3.1
2026-08-08T03:20:00+09:00,CMP-S03-L01-01,S03,S03-L01,1,running,177.6998,491.2396,91.7028,42.409,0.159,A,relation-reasoning-agent-eval-v3.1
2026-08-08T03:20:00+09:00,CMP-S03-L02-01,S03,S03-L02,1,running,160.568,450.9218,101.3099,44.2654,0.4524,A,relation-reasoning-agent-eval-v3.1
2026-08-08T03:20:00+09:00,CMP-S03-L03-01,S03,S03-L03,1,running,171.6378,447.6207,101.7908,36.8094,-0.3821,A,relation-reasoning-agent-eval-v3.1
2026-08-08T03:20:00+09:00,CMP-S03-L04-01,S03,S03-L04,1,running,165.5807,341.3415,100.0457,39.2724,0.0843,A,relation-reasoning-agent-eval-v3.1
2026-08-08T03:20:00+09:00,CMP-S03-L05-01,S03,S03-L05,1,running,171.1196,471.9268,97.0126,42.6854,0.3545,A,relation-reasoning-agent-eval-v3.1
2026-08-08T03:30:00+09:00,CMP-S03-L01-01,S03,S03-L01,1,running,186.6272,435.2532,92.5213,40.2619,-0.2386,A,relation-reasoning-agent-eval-v3.1
2026-08-08T03:30:00+09:00,CMP-S03-L02-01,S03,S03-L02,1,running,175.4509,464.5563,103.7754,40.7924,-0.1908,A,relation-reasoning-agent-eval-v3.1
2026-08-08T03:30:00+09:00,CMP-S03-L03-01,S03,S03-L03,1,running,174.2331,479.2097,98.1533,36.6481,-0.4119,A,relation-reasoning-agent-eval-v3.1
2026-08-08T03:30:00+09:00,CMP-S03-L04-01,S03,S03-L04,1,running,163.6169,326.9724,100.7202,43.4066,0.8499,A,relation-reasoning-agent-eval-v3.1
2026-08-08T03:30:00+09:00,CMP-S03-L05-01,S03,S03-L05,1,running,178.337,484.2823,91.4138,37.1628,-0.6682,A,relation-reasoning-agent-eval-v3.1
2026-08-08T03:40:00+09:00,CMP-S03-L01-01,S03,S03-L01,1,running,134.7015,426.4344,94.1905,39.6109,-0.3591,A,relation-reasoning-agent-eval-v3.1
2026-08-08T03:40:00+09:00,CMP-S03-L02-01,S03,S03-L02,1,running,189.6522,437.5711,100.6285,38.1626,-0.6778,A,relation-reasoning-agent-eval-v3.1
2026-08-08T03:40:00+09:00,CMP-S03-L03-01,S03,S03-L03,1,running,168.6118,473.845,101.8911,36.329,-0.471,A,relation-reasoning-agent-eval-v3.1
2026-08-08T03:40:00+09:00,CMP-S03-L04-01,S03,S03-L04,1,running,177.3002,352.2222,102.1556,41.6619,0.5268,A,relation-reasoning-agent-eval-v3.1
2026-08-08T03:40:00+09:00,CMP-S03-L05-01,S03,S03-L05,1,running,178.3435,481.0862,94.3947,43.118,0.4346,A,relation-reasoning-agent-eval-v3.1
2026-08-08T03:50:00+09:00,CMP-S03-L01-01,S03,S03-L01,1,running,151.5725,402.6911,97.8306,39.2654,-0.4231,A,relation-reasoning-agent-eval-v3.1
2026-08-08T03:50:00+09:00,CMP-S03-L02-01,S03,S03-L02,1,running,169.7154,464.6184,97.2999,42.3487,0.0974,A,relation-reasoning-agent-eval-v3.1
2026-08-08T03:50:00+09:00,CMP-S03-L03-01,S03,S03-L03,1,running,162.8492,442.2726,103.7678,38.0625,-0.15,A,relation-reasoning-agent-eval-v3.1
2026-08-08T03:50:00+09:00,CMP-S03-L04-01,S03,S03-L04,1,running,173.8077,355.1999,96.5238,40.3202,0.2783,A,relation-reasoning-agent-eval-v3.1
2026-08-08T03:50:00+09:00,CMP-S03-L05-01,S03,S03-L05,1,running,195.6329,418.828,92.9849,43.1708,0.4444,A,relation-reasoning-agent-eval-v3.1
2026-08-08T04:00:00+09:00,CMP-S03-L01-01,S03,S03-L01,1,running,169.951,378.6551,98.4801,44.945,0.6287,A,relation-reasoning-agent-eval-v3.1
2026-08-08T04:00:00+09:00,CMP-S03-L02-01,S03,S03-L02,1,running,154.2346,455.9417,93.816,43.402,0.2925,A,relation-reasoning-agent-eval-v3.1
2026-08-08T04:00:00+09:00,CMP-S03-L03-01,S03,S03-L03,1,running,176.5938,458.921,100.7418,37.8735,-0.185,A,relation-reasoning-agent-eval-v3.1
2026-08-08T04:00:00+09:00,CMP-S03-L04-01,S03,S03-L04,1,running,167.6307,372.2613,97.2497,39.1626,0.0639,A,relation-reasoning-agent-eval-v3.1
2026-08-08T04:00:00+09:00,CMP-S03-L05-01,S03,S03-L05,1,running,184.7061,465.4378,98.7531,43.8125,0.5633,A,relation-reasoning-agent-eval-v3.1
2026-08-08T04:10:00+09:00,CMP-S03-L01-01,S03,S03-L01,1,running,158.1283,448.335,96.1807,47.7708,1.152,B,relation-reasoning-agent-eval-v3.1
2026-08-08T04:10:00+09:00,CMP-S03-L02-01,S03,S03-L02,1,running,171.1091,475.1166,91.6797,39.7615,-0.3817,A,relation-reasoning-agent-eval-v3.1
2026-08-08T04:10:00+09:00,CMP-S03-L03-01,S03,S03-L03,1,running,173.058,432.6339,98.6524,41.1093,0.4142,A,relation-reasoning-agent-eval-v3.1
2026-08-08T04:10:00+09:00,CMP-S03-L04-01,S03,S03-L04,1,running,171.803,434.2571,96.348,35.6675,-0.5833,A,relation-reasoning-agent-eval-v3.1
2026-08-08T04:10:00+09:00,CMP-S03-L05-01,S03,S03-L05,1,running,187.6227,438.775,99.5977,42.2052,0.2656,A,relation-reasoning-agent-eval-v3.1
2026-08-08T04:20:00+09:00,CMP-S03-L01-01,S03,S03-L01,1,running,164.1667,420.9791,86.8385,40.6404,-0.1685,A,relation-reasoning-agent-eval-v3.1
2026-08-08T04:20:00+09:00,CMP-S03-L02-01,S03,S03-L02,1,running,163.6688,464.7954,88.832,34.1593,-1.4191,B,relation-reasoning-agent-eval-v3.1
2026-08-08T04:20:00+09:00,CMP-S03-L03-01,S03,S03-L03,1,running,171.9084,445.617,96.7258,43.9029,0.9316,A,relation-reasoning-agent-eval-v3.1
2026-08-08T04:20:00+09:00,CMP-S03-L04-01,S03,S03-L04,1,running,179.0919,465.3108,96.8135,38.8576,0.0075,A,relation-reasoning-agent-eval-v3.1
2026-08-08T04:20:00+09:00,CMP-S03-L05-01,S03,S03-L05,1,running,162.7577,385.0138,98.6539,39.0105,-0.326,A,relation-reasoning-agent-eval-v3.1
2026-08-08T04:30:00+09:00,CMP-S03-L01-01,S03,S03-L01,1,running,163.7414,471.0374,83.8042,43.2762,0.3196,A,relation-reasoning-agent-eval-v3.1
2026-08-08T04:30:00+09:00,CMP-S03-L02-01,S03,S03-L02,1,running,172.4938,407.4061,97.1896,38.1028,-0.6889,A,relation-reasoning-agent-eval-v3.1
2026-08-08T04:30:00+09:00,CMP-S03-L03-01,S03,S03-L03,1,running,174.9351,404.0557,92.1606,38.3242,-0.1015,A,relation-reasoning-agent-eval-v3.1
2026-08-08T04:30:00+09:00,CMP-S03-L04-01,S03,S03-L04,1,running,171.1751,462.7859,98.2499,40.8618,0.3786,A,relation-reasoning-agent-eval-v3.1
2026-08-08T04:30:00+09:00,CMP-S03-L05-01,S03,S03-L05,1,running,166.4777,393.2203,98.3739,42.496,0.3195,A,relation-reasoning-agent-eval-v3.1
2026-08-08T04:40:00+09:00,CMP-S03-L01-01,S03,S03-L01,1,running,170.1274,460.4931,89.9095,41.8674,0.0587,A,relation-reasoning-agent-eval-v3.1
2026-08-08T04:40:00+09:00,CMP-S03-L02-01,S03,S03-L02,1,running,159.9406,423.9245,98.6365,38.174,-0.6757,A,relation-reasoning-agent-eval-v3.1
2026-08-08T04:40:00+09:00,CMP-S03-L03-01,S03,S03-L03,1,running,190.9457,350.341,99.3522,36.8546,-0.3737,A,relation-reasoning-agent-eval-v3.1
2026-08-08T04:40:00+09:00,CMP-S03-L04-01,S03,S03-L04,1,running,166.8313,456.6579,102.0501,40.9145,0.3884,A,relation-reasoning-agent-eval-v3.1
2026-08-08T04:40:00+09:00,CMP-S03-L05-01,S03,S03-L05,1,running,172.6347,354.5065,100.1061,40.9848,0.0396,A,relation-reasoning-agent-eval-v3.1
2026-08-08T04:50:00+09:00,CMP-S03-L01-01,S03,S03-L01,1,running,185.1718,470.2511,90.4222,43.472,0.3559,A,relation-reasoning-agent-eval-v3.1
2026-08-08T04:50:00+09:00,CMP-S03-L02-01,S03,S03-L02,1,running,139.4776,443.2611,99.8214,42.8654,0.1931,A,relation-reasoning-agent-eval-v3.1
2026-08-08T04:50:00+09:00,CMP-S03-L03-01,S03,S03-L03,1,running,177.0959,381.4144,107.3201,40.6662,0.3322,A,relation-reasoning-agent-eval-v3.1
2026-08-08T04:50:00+09:00,CMP-S03-L04-01,S03,S03-L04,1,running,173.4694,480.731,100.7749,39.235,0.0773,A,relation-reasoning-agent-eval-v3.1
2026-08-08T04:50:00+09:00,CMP-S03-L05-01,S03,S03-L05,1,running,167.5977,406.2382,102.9558,40.2104,-0.1038,A,relation-reasoning-agent-eval-v3.1
2026-08-08T05:00:00+09:00,CMP-S03-L01-01,S03,S03-L01,1,running,190.1382,451.271,97.1934,46.2852,0.8768,A,relation-reasoning-agent-eval-v3.1
2026-08-08T05:00:00+09:00,CMP-S03-L02-01,S03,S03-L02,1,running,152.6979,417.0986,102.903,39.3518,-0.4576,A,relation-reasoning-agent-eval-v3.1
2026-08-08T05:00:00+09:00,CMP-S03-L03-01,S03,S03-L03,1,running,196.1881,408.9045,104.1362,48.7044,1.8207,B,relation-reasoning-agent-eval-v3.1
2026-08-08T05:00:00+09:00,CMP-S03-L04-01,S03,S03-L04,1,running,155.294,504.7942,106.1026,42.6569,0.711,A,relation-reasoning-agent-eval-v3.1
2026-08-08T05:00:00+09:00,CMP-S03-L05-01,S03,S03-L05,1,running,168.3528,430.486,104.633,41.5042,0.1358,A,relation-reasoning-agent-eval-v3.1
2026-08-08T05:10:00+09:00,CMP-S03-L01-01,S03,S03-L01,1,running,184.3587,437.8684,96.3274,43.9726,0.4486,A,relation-reasoning-agent-eval-v3.1
2026-08-08T05:10:00+09:00,CMP-S03-L02-01,S03,S03-L02,1,running,160.9028,391.0773,103.772,41.7938,-0.0053,A,relation-reasoning-agent-eval-v3.1
2026-08-08T05:10:00+09:00,CMP-S03-L03-01,S03,S03-L03,1,running,208.2331,446.338,99.2428,44.3665,1.0174,B,relation-reasoning-agent-eval-v3.1
2026-08-08T05:10:00+09:00,CMP-S03-L04-01,S03,S03-L04,1,running,157.9674,485.5351,107.5359,40.5004,0.3117,A,relation-reasoning-agent-eval-v3.1
2026-08-08T05:10:00+09:00,CMP-S03-L05-01,S03,S03-L05,1,running,178.4415,460.8401,105.7224,39.6026,-0.2164,A,relation-reasoning-agent-eval-v3.1
2026-08-08T05:20:00+09:00,CMP-S03-L01-01,S03,S03-L01,1,running,186.2959,428.2739,98.1893,44.0342,0.46,A,relation-reasoning-agent-eval-v3.1
2026-08-08T05:20:00+09:00,CMP-S03-L02-01,S03,S03-L02,1,running,159.9116,424.6417,104.9117,46.1131,0.7945,A,relation-reasoning-agent-eval-v3.1
2026-08-08T05:20:00+09:00,CMP-S03-L03-01,S03,S03-L03,1,running,193.2638,424.7729,97.4917,41.3676,0.4621,A,relation-reasoning-agent-eval-v3.1
2026-08-08T05:20:00+09:00,CMP-S03-L04-01,S03,S03-L04,1,running,171.0886,434.5744,99.0552,43.016,0.7775,A,relation-reasoning-agent-eval-v3.1
2026-08-08T05:20:00+09:00,CMP-S03-L05-01,S03,S03-L05,1,running,192.0215,426.5566,109.0512,35.8826,-0.9052,A,relation-reasoning-agent-eval-v3.1
2026-08-08T05:30:00+09:00,CMP-S03-L01-01,S03,S03-L01,1,running,192.8059,392.9972,99.164,45.8535,0.7969,A,relation-reasoning-agent-eval-v3.1
2026-08-08T05:30:00+09:00,CMP-S03-L02-01,S03,S03-L02,1,running,151.844,478.2945,95.6941,47.496,1.0506,B,relation-reasoning-agent-eval-v3.1
2026-08-08T05:30:00+09:00,CMP-S03-L03-01,S03,S03-L03,1,running,190.1331,406.017,93.7091,32.8426,-1.1166,B,relation-reasoning-agent-eval-v3.1
2026-08-08T05:30:00+09:00,CMP-S03-L04-01,S03,S03-L04,1,running,153.5344,447.6824,99.4911,41.4321,0.4842,A,relation-reasoning-agent-eval-v3.1
2026-08-08T05:30:00+09:00,CMP-S03-L05-01,S03,S03-L05,1,running,197.915,445.6013,105.4393,41.2017,0.0798,A,relation-reasoning-agent-eval-v3.1
2026-08-08T05:40:00+09:00,CMP-S03-L01-01,S03,S03-L01,1,running,187.853,404.7546,99.8914,45.5447,0.7397,A,relation-reasoning-agent-eval-v3.1
2026-08-08T05:40:00+09:00,CMP-S03-L02-01,S03,S03-L02,1,running,140.767,519.2733,95.6621,49.1757,1.3617,B,relation-reasoning-agent-eval-v3.1
2026-08-08T05:40:00+09:00,CMP-S03-L03-01,S03,S03-L03,1,running,195.9085,491.4518,88.8344,32.657,-1.151,B,relation-reasoning-agent-eval-v3.1
2026-08-08T05:40:00+09:00,CMP-S03-L04-01,S03,S03-L04,1,running,152.5586,436.7224,95.2511,38.9246,0.0199,A,relation-reasoning-agent-eval-v3.1
2026-08-08T05:40:00+09:00,CMP-S03-L05-01,S03,S03-L05,1,running,203.6472,441.5768,102.3238,45.0327,0.7892,A,relation-reasoning-agent-eval-v3.1
2026-08-08T05:50:00+09:00,CMP-S03-L01-01,S03,S03-L01,1,running,185.6636,432.2205,104.2962,47.2541,1.0563,B,relation-reasoning-agent-eval-v3.1
2026-08-08T05:50:00+09:00,CMP-S03-L02-01,S03,S03-L02,1,running,147.9722,514.0023,99.5219,48.7429,1.2815,B,relation-reasoning-agent-eval-v3.1
2026-08-08T05:50:00+09:00,CMP-S03-L03-01,S03,S03-L03,1,running,184.8801,480.6654,94.7366,29.6141,-1.7145,B,relation-reasoning-agent-eval-v3.1
2026-08-08T05:50:00+09:00,CMP-S03-L04-01,S03,S03-L04,1,running,159.2958,425.5209,100.3088,44.9413,1.1341,B,relation-reasoning-agent-eval-v3.1
2026-08-08T05:50:00+09:00,CMP-S03-L05-01,S03,S03-L05,1,running,200.6478,425.2035,103.4019,43.2856,0.4657,A,relation-reasoning-agent-eval-v3.1
2026-08-08T06:00:00+09:00,CMP-S03-L01-01,S03,S03-L01,1,running,181.7899,456.2758,103.2532,48.7544,1.3341,B,relation-reasoning-agent-eval-v3.1
2026-08-08T06:00:00+09:00,CMP-S03-L02-01,S03,S03-L02,1,running,143.4416,481.0564,98.4233,48.6758,1.2691,B,relation-reasoning-agent-eval-v3.1
2026-08-08T06:00:00+09:00,CMP-S03-L03-01,S03,S03-L03,1,running,187.8829,447.0363,102.8131,37.0959,-0.329,A,relation-reasoning-agent-eval-v3.1
2026-08-08T06:00:00+09:00,CMP-S03-L04-01,S03,S03-L04,1,running,160.9934,393.0256,101.4795,43.2398,0.819,A,relation-reasoning-agent-eval-v3.1
2026-08-08T06:00:00+09:00,CMP-S03-L05-01,S03,S03-L05,1,running,191.1455,457.9896,106.9571,39.7382,-0.1912,A,relation-reasoning-agent-eval-v3.1
2026-08-08T06:10:00+09:00,CMP-S03-L01-01,S03,S03-L01,1,running,185.2472,457.5751,105.7578,43.5615,0.3725,A,relation-reasoning-agent-eval-v3.1
2026-08-08T06:10:00+09:00,CMP-S03-L02-01,S03,S03-L02,1,running,145.4156,434.5773,94.3177,49.2275,1.3713,B,relation-reasoning-agent-eval-v3.1
2026-08-08T06:10:00+09:00,CMP-S03-L03-01,S03,S03-L03,1,running,186.0122,441.5047,105.8834,34.8462,-0.7456,A,relation-reasoning-agent-eval-v3.1
2026-08-08T06:10:00+09:00,CMP-S03-L04-01,S03,S03-L04,1,running,161.494,410.8829,101.8203,47.5725,1.6213,B,relation-reasoning-agent-eval-v3.1
2026-08-08T06:10:00+09:00,CMP-S03-L05-01,S03,S03-L05,1,running,172.2387,456.4392,107.1377,40.1299,-0.1187,A,relation-reasoning-agent-eval-v3.1
2026-08-08T06:20:00+09:00,CMP-S03-L01-01,S03,S03-L01,1,running,184.4501,465.655,100.9977,37.0693,-0.8298,A,relation-reasoning-agent-eval-v3.1
2026-08-08T06:20:00+09:00,CMP-S03-L02-01,S03,S03-L02,1,running,145.1288,444.3908,100.2489,44.096,0.421,A,relation-reasoning-agent-eval-v3.1
2026-08-08T06:20:00+09:00,CMP-S03-L03-01,S03,S03-L03,1,running,171.2496,403.2911,95.7292,31.6733,-1.3332,B,relation-reasoning-agent-eval-v3.1
2026-08-08T06:20:00+09:00,CMP-S03-L04-01,S03,S03-L04,1,running,167.2518,423.7894,100.7582,41.2566,0.4517,A,relation-reasoning-agent-eval-v3.1
2026-08-08T06:20:00+09:00,CMP-S03-L05-01,S03,S03-L05,1,running,168.0377,497.9729,100.8717,36.204,-0.8457,A,relation-reasoning-agent-eval-v3.1
2026-08-08T06:30:00+09:00,CMP-S03-L01-01,S03,S03-L01,1,running,196.5521,478.413,94.3246,46.7407,0.9612,A,relation-reasoning-agent-eval-v3.1
2026-08-08T06:30:00+09:00,CMP-S03-L02-01,S03,S03-L02,1,running,146.8762,488.4996,100.8605,57.2079,2.8491,C,relation-reasoning-agent-eval-v3.1
2026-08-08T06:30:00+09:00,CMP-S03-L03-01,S03,S03-L03,1,running,190.8472,393.4885,97.8064,34.2885,-0.8489,A,relation-reasoning-agent-eval-v3.1
2026-08-08T06:30:00+09:00,CMP-S03-L04-01,S03,S03-L04,1,running,157.7753,358.9342,97.7834,37.0668,-0.3242,A,relation-reasoning-agent-eval-v3.1
2026-08-08T06:30:00+09:00,CMP-S03-L05-01,S03,S03-L05,1,running,147.9565,455.5998,98.2304,40.2955,-0.0881,A,relation-reasoning-agent-eval-v3.1
2026-08-08T06:40:00+09:00,CMP-S03-L01-01,S03,S03-L01,1,running,170.6276,479.9448,100.9777,48.8428,1.3505,B,relation-reasoning-agent-eval-v3.1
2026-08-08T06:40:00+09:00,CMP-S03-L02-01,S03,S03-L02,1,running,156.33,443.5761,98.3882,51.333,1.7612,B,relation-reasoning-agent-eval-v3.1
2026-08-08T06:40:00+09:00,CMP-S03-L03-01,S03,S03-L03,1,running,165.2238,422.9579,93.848,41.0977,0.4121,A,relation-reasoning-agent-eval-v3.1
2026-08-08T06:40:00+09:00,CMP-S03-L04-01,S03,S03-L04,1,running,164.9294,335.9047,102.5895,43.6561,0.8961,A,relation-reasoning-agent-eval-v3.1
2026-08-08T06:40:00+09:00,CMP-S03-L05-01,S03,S03-L05,1,running,164.7418,472.2047,95.3202,45.5854,0.8916,A,relation-reasoning-agent-eval-v3.1
2026-08-08T06:50:00+09:00,CMP-S03-L01-01,S03,S03-L01,1,running,173.5797,449.4046,96.1403,47.3645,1.0767,B,relation-reasoning-agent-eval-v3.1
2026-08-08T06:50:00+09:00,CMP-S03-L02-01,S03,S03-L02,1,running,154.4928,472.8839,99.775,58.2442,3.041,D,relation-reasoning-agent-eval-v3.1
2026-08-08T06:50:00+09:00,CMP-S03-L03-01,S03,S03-L03,1,running,164.3605,436.5846,101.5181,41.7607,0.5349,A,relation-reasoning-agent-eval-v3.1
2026-08-08T06:50:00+09:00,CMP-S03-L04-01,S03,S03-L04,1,running,157.3832,379.8566,99.07,48.0065,1.7017,B,relation-reasoning-agent-eval-v3.1
2026-08-08T06:50:00+09:00,CMP-S03-L05-01,S03,S03-L05,1,running,164.068,418.7823,99.2617,40.5994,-0.0318,A,relation-reasoning-agent-eval-v3.1
2026-08-08T07:00:00+09:00,CMP-S03-L01-01,S03,S03-L01,1,running,170.1242,404.7861,101.2493,42.1771,0.1161,A,relation-reasoning-agent-eval-v3.1
2026-08-08T07:00:00+09:00,CMP-S03-L02-01,S03,S03-L02,1,running,163.2405,462.7483,102.2212,53.2457,2.1154,C,relation-reasoning-agent-eval-v3.1
2026-08-08T07:00:00+09:00,CMP-S03-L03-01,S03,S03-L03,1,running,160.5455,418.139,111.0478,44.5804,1.057,B,relation-reasoning-agent-eval-v3.1
2026-08-08T07:00:00+09:00,CMP-S03-L04-01,S03,S03-L04,1,running,162.3836,447.3339,97.7947,51.8275,2.4093,C,relation-reasoning-agent-eval-v3.1
2026-08-08T07:00:00+09:00,CMP-S03-L05-01,S03,S03-L05,1,running,177.2764,469.4873,101.6395,46.3936,1.0412,B,relation-reasoning-agent-eval-v3.1
2026-08-08T07:10:00+09:00,CMP-S03-L01-01,S03,S03-L01,1,running,180.7645,388.0284,106.7812,38.5,-0.5648,A,relation-reasoning-agent-eval-v3.1
2026-08-08T07:10:00+09:00,CMP-S03-L02-01,S03,S03-L02,1,running,164.7108,470.8988,102.8796,47.6865,1.0859,B,relation-reasoning-agent-eval-v3.1
2026-08-08T07:10:00+09:00,CMP-S03-L03-01,S03,S03-L03,1,running,157.6209,377.6953,109.8027,42.8163,0.7303,A,relation-reasoning-agent-eval-v3.1
2026-08-08T07:10:00+09:00,CMP-S03-L04-01,S03,S03-L04,1,running,159.89,448.4646,84.6651,50.0415,2.0786,C,relation-reasoning-agent-eval-v3.1
2026-08-08T07:10:00+09:00,CMP-S03-L05-01,S03,S03-L05,1,running,172.1087,451.9498,107.8216,46.0314,0.9742,A,relation-reasoning-agent-eval-v3.1
2026-08-08T07:20:00+09:00,CMP-S03-L01-01,S03,S03-L01,1,running,170.7019,394.0357,104.0518,34.4789,-1.3095,B,relation-reasoning-agent-eval-v3.1
2026-08-08T07:20:00+09:00,CMP-S03-L02-01,S03,S03-L02,1,running,154.7138,466.2472,106.4886,44.446,0.4858,A,relation-reasoning-agent-eval-v3.1
2026-08-08T07:20:00+09:00,CMP-S03-L03-01,S03,S03-L03,1,running,161.5349,442.6952,113.328,43.2377,0.8084,A,relation-reasoning-agent-eval-v3.1
2026-08-08T07:20:00+09:00,CMP-S03-L04-01,S03,S03-L04,1,running,154.9569,454.9597,91.2868,48.6136,1.8141,B,relation-reasoning-agent-eval-v3.1
2026-08-08T07:20:00+09:00,CMP-S03-L05-01,S03,S03-L05,1,running,200.6357,478.8578,110.6279,47.0613,1.1649,B,relation-reasoning-agent-eval-v3.1
2026-08-08T07:30:00+09:00,CMP-S03-L01-01,S03,S03-L01,1,running,173.2533,342.6843,101.792,34.3957,-1.3249,B,relation-reasoning-agent-eval-v3.1
2026-08-08T07:30:00+09:00,CMP-S03-L02-01,S03,S03-L02,1,running,177.2729,461.4994,98.5561,43.7474,0.3564,A,relation-reasoning-agent-eval-v3.1
2026-08-08T07:30:00+09:00,CMP-S03-L03-01,S03,S03-L03,1,running,155.877,437.4916,115.1031,46.2051,1.3579,B,relation-reasoning-agent-eval-v3.1
2026-08-08T07:30:00+09:00,CMP-S03-L04-01,S03,S03-L04,1,running,162.2418,472.0978,99.0587,44.1135,0.9808,A,relation-reasoning-agent-eval-v3.1
2026-08-08T07:30:00+09:00,CMP-S03-L05-01,S03,S03-L05,1,running,180.6959,501.1331,107.7015,45.0878,0.7994,A,relation-reasoning-agent-eval-v3.1
2026-08-08T07:40:00+09:00,CMP-S03-L01-01,S03,S03-L01,1,running,163.4755,384.9174,97.5411,35.8077,-1.0634,B,relation-reasoning-agent-eval-v3.1
2026-08-08T07:40:00+09:00,CMP-S03-L02-01,S03,S03-L02,1,running,179.9129,515.9826,96.2274,46.1274,0.7972,A,relation-reasoning-agent-eval-v3.1
2026-08-08T07:40:00+09:00,CMP-S03-L03-01,S03,S03-L03,1,running,159.0396,435.3767,114.1521,44.5218,1.0462,B,relation-reasoning-agent-eval-v3.1
2026-08-08T07:40:00+09:00,CMP-S03-L04-01,S03,S03-L04,1,running,163.7154,421.0138,105.4905,42.5922,0.699,A,relation-reasoning-agent-eval-v3.1
2026-08-08T07:40:00+09:00,CMP-S03-L05-01,S03,S03-L05,1,running,185.2553,464.8389,111.5803,38.8407,-0.3574,A,relation-reasoning-agent-eval-v3.1
2026-08-08T07:50:00+09:00,CMP-S03-L01-01,S03,S03-L01,1,running,156.497,401.8356,101.4891,36.7682,-0.8856,A,relation-reasoning-agent-eval-v3.1
2026-08-08T07:50:00+09:00,CMP-S03-L02-01,S03,S03-L02,1,running,152.9477,532.9664,104.4506,40.2629,-0.2888,A,relation-reasoning-agent-eval-v3.1
2026-08-08T07:50:00+09:00,CMP-S03-L03-01,S03,S03-L03,1,running,152.37,419.9141,107.2911,43.7919,0.911,A,relation-reasoning-agent-eval-v3.1
2026-08-08T07:50:00+09:00,CMP-S03-L04-01,S03,S03-L04,1,running,177.7872,465.1984,105.8593,36.4282,-0.4424,A,relation-reasoning-agent-eval-v3.1
2026-08-08T07:50:00+09:00,CMP-S03-L05-01,S03,S03-L05,1,running,184.7297,476.8869,106.1106,45.8029,0.9318,A,relation-reasoning-agent-eval-v3.1
2026-08-08T08:00:00+09:00,CMP-S03-L01-01,S03,S03-L01,1,running,176.1092,357.9638,100.1758,36.5602,-0.9241,A,relation-reasoning-agent-eval-v3.1
2026-08-08T08:00:00+09:00,CMP-S03-L02-01,S03,S03-L02,1,running,162.3512,522.0789,101.2088,44.7205,0.5366,A,relation-reasoning-agent-eval-v3.1
2026-08-08T08:00:00+09:00,CMP-S03-L03-01,S03,S03-L03,1,running,146.4266,480.1069,102.6446,45.1214,1.1572,B,relation-reasoning-agent-eval-v3.1
2026-08-08T08:00:00+09:00,CMP-S03-L04-01,S03,S03-L04,1,running,165.9327,465.5517,101.5902,36.7412,-0.3845,A,relation-reasoning-agent-eval-v3.1
2026-08-08T08:00:00+09:00,CMP-S03-L05-01,S03,S03-L05,1,running,194.2435,496.0713,108.0944,44.8336,0.7523,A,relation-reasoning-agent-eval-v3.1
2026-08-08T08:10:00+09:00,CMP-S03-L01-01,S03,S03-L01,1,running,176.4482,347.6313,102.6746,32.6909,-1.6406,B,relation-reasoning-agent-eval-v3.1
2026-08-08T08:10:00+09:00,CMP-S03-L02-01,S03,S03-L02,1,running,181.4948,504.9281,96.0642,44.4668,0.4897,A,relation-reasoning-agent-eval-v3.1
2026-08-08T08:10:00+09:00,CMP-S03-L03-01,S03,S03-L03,1,running,129.4258,442.9901,97.3334,44.676,1.0747,B,relation-reasoning-agent-eval-v3.1
2026-08-08T08:10:00+09:00,CMP-S03-L04-01,S03,S03-L04,1,running,162.4373,417.1214,106.9826,46.1627,1.3602,B,relation-reasoning-agent-eval-v3.1
2026-08-08T08:10:00+09:00,CMP-S03-L05-01,S03,S03-L05,1,running,190.1386,472.5608,99.131,39.7606,-0.1871,A,relation-reasoning-agent-eval-v3.1
2026-08-08T08:20:00+09:00,CMP-S03-L01-01,S03,S03-L01,1,running,179.9093,368.6209,101.083,32.911,-1.5999,B,relation-reasoning-agent-eval-v3.1
2026-08-08T08:20:00+09:00,CMP-S03-L02-01,S03,S03-L02,1,running,170.7904,512.9454,91.1024,48.4635,1.2298,B,relation-reasoning-agent-eval-v3.1
2026-08-08T08:20:00+09:00,CMP-S03-L03-01,S03,S03-L03,1,running,157.3238,393.4623,101.1929,45.6732,1.2594,B,relation-reasoning-agent-eval-v3.1
2026-08-08T08:20:00+09:00,CMP-S03-L04-01,S03,S03-L04,1,running,163.51,448.7922,102.1183,37.8464,-0.1798,A,relation-reasoning-agent-eval-v3.1
2026-08-08T08:20:00+09:00,CMP-S03-L05-01,S03,S03-L05,1,running,194.9594,430.2239,103.7731,42.3334,0.2893,A,relation-reasoning-agent-eval-v3.1
2026-08-08T08:30:00+09:00,CMP-S03-L01-01,S03,S03-L01,1,running,178.182,412.4089,101.946,40.5648,-0.1825,A,relation-reasoning-agent-eval-v3.1
2026-08-08T08:30:00+09:00,CMP-S03-L02-01,S03,S03-L02,1,running,164.4281,503.035,97.8078,54.091,2.2719,C,relation-reasoning-agent-eval-v3.1
2026-08-08T08:30:00+09:00,CMP-S03-L03-01,S03,S03-L03,1,running,152.358,395.1083,101.0122,42.1194,0.6013,A,relation-reasoning-agent-eval-v3.1
2026-08-08T08:30:00+09:00,CMP-S03-L04-01,S03,S03-L04,1,running,165.7919,463.9371,94.6674,43.8175,0.9259,A,relation-reasoning-agent-eval-v3.1
2026-08-08T08:30:00+09:00,CMP-S03-L05-01,S03,S03-L05,1,running,185.2172,454.8417,100.3428,38.6787,-0.3874,A,relation-reasoning-agent-eval-v3.1
2026-08-08T08:40:00+09:00,CMP-S03-L01-01,S03,S03-L01,1,running,147.3307,458.8842,96.4281,45.4061,0.7141,A,relation-reasoning-agent-eval-v3.1
2026-08-08T08:40:00+09:00,CMP-S03-L02-01,S03,S03-L02,1,running,156.7991,538.5343,99.1029,51.768,1.8417,B,relation-reasoning-agent-eval-v3.1
2026-08-08T08:40:00+09:00,CMP-S03-L03-01,S03,S03-L03,1,running,148.2794,375.7587,98.1405,36.5524,-0.4296,A,relation-reasoning-agent-eval-v3.1
2026-08-08T08:40:00+09:00,CMP-S03-L04-01,S03,S03-L04,1,running,165.2138,483.0687,90.0338,42.1157,0.6108,A,relation-reasoning-agent-eval-v3.1
2026-08-08T08:40:00+09:00,CMP-S03-L05-01,S03,S03-L05,1,running,194.289,443.8171,104.4629,43.4359,0.4935,A,relation-reasoning-agent-eval-v3.1
2026-08-08T08:50:00+09:00,CMP-S03-L01-01,S03,S03-L01,1,running,160.3002,497.8427,103.4861,45.437,0.7198,A,relation-reasoning-agent-eval-v3.1
2026-08-08T08:50:00+09:00,CMP-S03-L02-01,S03,S03-L02,1,running,154.1153,530.4201,103.994,49.2542,1.3762,B,relation-reasoning-agent-eval-v3.1
2026-08-08T08:50:00+09:00,CMP-S03-L03-01,S03,S03-L03,1,running,138.8905,442.6089,100.1981,36.3274,-0.4713,A,relation-reasoning-agent-eval-v3.1
2026-08-08T08:50:00+09:00,CMP-S03-L04-01,S03,S03-L04,1,running,156.131,484.1921,99.3527,43.3114,0.8322,A,relation-reasoning-agent-eval-v3.1
2026-08-08T08:50:00+09:00,CMP-S03-L05-01,S03,S03-L05,1,running,188.8014,434.4189,101.9845,42.5735,0.3338,A,relation-reasoning-agent-eval-v3.1
2026-08-08T09:00:00+09:00,CMP-S03-L01-01,S03,S03-L01,1,running,154.9739,521.6858,100.6536,43.4452,0.3509,A,relation-reasoning-agent-eval-v3.1
2026-08-08T09:00:00+09:00,CMP-S03-L02-01,S03,S03-L02,1,running,156.7794,536.3183,106.0889,52.3401,1.9477,B,relation-reasoning-agent-eval-v3.1
2026-08-08T09:00:00+09:00,CMP-S03-L03-01,S03,S03-L03,1,running,156.0458,424.248,103.0703,33.7021,-0.9575,A,relation-reasoning-agent-eval-v3.1
2026-08-08T09:00:00+09:00,CMP-S03-L04-01,S03,S03-L04,1,running,159.5075,460.1072,98.4206,42.0793,0.6041,A,relation-reasoning-agent-eval-v3.1
2026-08-08T09:00:00+09:00,CMP-S03-L05-01,S03,S03-L05,1,running,200.2958,463.1065,100.6826,39.6636,-0.2051,A,relation-reasoning-agent-eval-v3.1
2026-08-08T09:10:00+09:00,CMP-S03-L01-01,S03,S03-L01,1,running,166.514,486.8983,97.3323,40.4111,-0.211,A,relation-reasoning-agent-eval-v3.1
2026-08-08T09:10:00+09:00,CMP-S03-L02-01,S03,S03-L02,1,running,144.5944,483.6737,94.8757,49.5944,1.4392,B,relation-reasoning-agent-eval-v3.1
2026-08-08T09:10:00+09:00,CMP-S03-L03-01,S03,S03-L03,1,running,169.6471,397.5356,108.8228,35.2756,-0.6661,A,relation-reasoning-agent-eval-v3.1
2026-08-08T09:10:00+09:00,CMP-S03-L04-01,S03,S03-L04,1,running,168.6256,433.8127,99.9641,39.362,0.1009,A,relation-reasoning-agent-eval-v3.1
2026-08-08T09:10:00+09:00,CMP-S03-L05-01,S03,S03-L05,1,running,199.199,453.4402,102.0368,38.513,-0.4181,A,relation-reasoning-agent-eval-v3.1
2026-08-08T09:20:00+09:00,CMP-S03-L01-01,S03,S03-L01,1,running,162.417,460.3552,84.6584,35.6426,-1.094,B,relation-reasoning-agent-eval-v3.1
2026-08-08T09:20:00+09:00,CMP-S03-L02-01,S03,S03-L02,1,running,179.9441,494.7131,89.6972,42.7678,0.175,A,relation-reasoning-agent-eval-v3.1
2026-08-08T09:20:00+09:00,CMP-S03-L03-01,S03,S03-L03,1,running,168.745,374.8499,98.7273,36.7681,-0.3897,A,relation-reasoning-agent-eval-v3.1
2026-08-08T09:20:00+09:00,CMP-S03-L04-01,S03,S03-L04,1,running,167.1308,410.8654,102.3945,42.5014,0.6822,A,relation-reasoning-agent-eval-v3.1
2026-08-08T09:20:00+09:00,CMP-S03-L05-01,S03,S03-L05,1,running,192.8047,428.9475,103.8352,35.3455,-1.0047,B,relation-reasoning-agent-eval-v3.1
2026-08-08T09:30:00+09:00,CMP-S03-L01-01,S03,S03-L01,1,running,160.5067,483.3746,86.8846,38.7008,-0.5277,A,relation-reasoning-agent-eval-v3.1
2026-08-08T09:30:00+09:00,CMP-S03-L02-01,S03,S03-L02,1,running,188.9719,514.2117,90.3884,43.7678,0.3602,A,relation-reasoning-agent-eval-v3.1
2026-08-08T09:30:00+09:00,CMP-S03-L03-01,S03,S03-L03,1,running,167.0725,321.8698,101.6826,39.8391,0.179,A,relation-reasoning-agent-eval-v3.1
2026-08-08T09:30:00+09:00,CMP-S03-L04-01,S03,S03-L04,1,running,149.2875,430.2526,97.7315,38.9633,0.027,A,relation-reasoning-agent-eval-v3.1
2026-08-08T09:30:00+09:00,CMP-S03-L05-01,S03,S03-L05,1,running,169.3934,426.2986,103.3536,32.0821,-1.609,B,relation-reasoning-agent-eval-v3.1
2026-08-08T09:40:00+09:00,CMP-S03-L01-01,S03,S03-L01,1,running,176.2547,528.6173,87.1251,37.2399,-0.7982,A,relation-reasoning-agent-eval-v3.1
2026-08-08T09:40:00+09:00,CMP-S03-L02-01,S03,S03-L02,1,running,163.1561,519.5665,103.2115,41.2609,-0.104,A,relation-reasoning-agent-eval-v3.1
2026-08-08T09:40:00+09:00,CMP-S03-L03-01,S03,S03-L03,1,running,150.4779,348.6646,104.2831,37.4633,-0.261,A,relation-reasoning-agent-eval-v3.1
2026-08-08T09:40:00+09:00,CMP-S03-L04-01,S03,S03-L04,1,running,152.1206,410.0955,97.3618,40.5855,0.3274,A,relation-reasoning-agent-eval-v3.1
2026-08-08T09:40:00+09:00,CMP-S03-L05-01,S03,S03-L05,1,running,183.485,432.1479,97.1979,33.9251,-1.2677,B,relation-reasoning-agent-eval-v3.1
2026-08-08T09:50:00+09:00,CMP-S03-L01-01,S03,S03-L01,1,running,194.6548,506.9237,84.6694,38.7202,-0.5241,A,relation-reasoning-agent-eval-v3.1
2026-08-08T09:50:00+09:00,CMP-S03-L02-01,S03,S03-L02,1,running,176.8185,535.3167,104.3629,43.6436,0.3372,A,relation-reasoning-agent-eval-v3.1
2026-08-08T09:50:00+09:00,CMP-S03-L03-01,S03,S03-L03,1,running,157.1309,381.8116,107.4303,39.9747,0.2041,A,relation-reasoning-agent-eval-v3.1
2026-08-08T09:50:00+09:00,CMP-S03-L04-01,S03,S03-L04,1,running,162.2548,386.4098,100.4557,41.3299,0.4653,A,relation-reasoning-agent-eval-v3.1
2026-08-08T09:50:00+09:00,CMP-S03-L05-01,S03,S03-L05,1,running,186.8799,440.7798,100.2853,35.6909,-0.9407,A,relation-reasoning-agent-eval-v3.1
2026-08-08T10:00:00+09:00,CMP-S03-L01-01,S03,S03-L01,1,running,177.3182,486.2397,90.382,34.5089,-1.3039,B,relation-reasoning-agent-eval-v3.1
2026-08-08T10:00:00+09:00,CMP-S03-L02-01,S03,S03-L02,1,running,180.3249,503.2882,108.1976,39.6612,-0.4003,A,relation-reasoning-agent-eval-v3.1
2026-08-08T10:00:00+09:00,CMP-S03-L03-01,S03,S03-L03,1,running,180.1361,411.3616,108.0451,39.1774,0.0565,A,relation-reasoning-agent-eval-v3.1
2026-08-08T10:00:00+09:00,CMP-S03-L04-01,S03,S03-L04,1,running,176.4239,462.6947,108.8551,42.9497,0.7653,A,relation-reasoning-agent-eval-v3.1
2026-08-08T10:00:00+09:00,CMP-S03-L05-01,S03,S03-L05,1,running,191.1623,438.6653,108.7455,35.2229,-1.0274,B,relation-reasoning-agent-eval-v3.1
2026-08-08T10:10:00+09:00,CMP-S03-L01-01,S03,S03-L01,1,running,186.365,466.6913,89.4168,36.6809,-0.9017,A,relation-reasoning-agent-eval-v3.1
2026-08-08T10:10:00+09:00,CMP-S03-L02-01,S03,S03-L02,1,running,162.0019,531.5788,101.008,35.122,-1.2409,B,relation-reasoning-agent-eval-v3.1
2026-08-08T10:10:00+09:00,CMP-S03-L03-01,S03,S03-L03,1,running,182.4286,421.762,107.3578,35.7543,-0.5774,A,relation-reasoning-agent-eval-v3.1
2026-08-08T10:10:00+09:00,CMP-S03-L04-01,S03,S03-L04,1,running,192.3789,505.8729,113.3849,49.9739,2.066,C,relation-reasoning-agent-eval-v3.1
2026-08-08T10:10:00+09:00,CMP-S03-L05-01,S03,S03-L05,1,running,181.4659,400.0938,103.3366,32.5627,-1.52,B,relation-reasoning-agent-eval-v3.1
2026-08-08T10:20:00+09:00,CMP-S03-L01-01,S03,S03-L01,1,running,186.0371,464.1312,93.2339,38.4466,-0.5747,A,relation-reasoning-agent-eval-v3.1
2026-08-08T10:20:00+09:00,CMP-S03-L02-01,S03,S03-L02,1,running,154.0411,501.9554,94.3065,41.4166,-0.0752,A,relation-reasoning-agent-eval-v3.1
2026-08-08T10:20:00+09:00,CMP-S03-L03-01,S03,S03-L03,1,running,175.8706,422.0561,103.1215,33.0786,-1.0729,B,relation-reasoning-agent-eval-v3.1
2026-08-08T10:20:00+09:00,CMP-S03-L04-01,S03,S03-L04,1,running,198.8893,467.981,107.2972,49.9431,2.0603,C,relation-reasoning-agent-eval-v3.1
2026-08-08T10:20:00+09:00,CMP-S03-L05-01,S03,S03-L05,1,running,187.3695,401.9046,103.7403,42.872,0.3891,A,relation-reasoning-agent-eval-v3.1
2026-08-08T10:30:00+09:00,CMP-S03-L01-01,S03,S03-L01,1,running,186.1777,421.9845,92.0782,42.9109,0.252,A,relation-reasoning-agent-eval-v3.1
2026-08-08T10:30:00+09:00,CMP-S03-L02-01,S03,S03-L02,1,running,165.8041,508.3983,96.9491,39.122,-0.5001,A,relation-reasoning-agent-eval-v3.1
2026-08-08T10:30:00+09:00,CMP-S03-L03-01,S03,S03-L03,1,running,165.9533,385.4236,103.4485,36.0256,-0.5272,A,relation-reasoning-agent-eval-v3.1
2026-08-08T10:30:00+09:00,CMP-S03-L04-01,S03,S03-L04,1,running,204.92,469.5193,114.1287,48.5831,1.8085,B,relation-reasoning-agent-eval-v3.1
2026-08-08T10:30:00+09:00,CMP-S03-L05-01,S03,S03-L05,1,running,195.7973,447.6702,101.1978,48.0864,1.3547,B,relation-reasoning-agent-eval-v3.1
2026-08-08T10:40:00+09:00,CMP-S03-L01-01,S03,S03-L01,1,running,180.4738,431.9934,94.8543,40.9524,-0.1107,A,relation-reasoning-agent-eval-v3.1
2026-08-08T10:40:00+09:00,CMP-S03-L02-01,S03,S03-L02,1,running,157.1711,480.3278,99.0577,41.3204,-0.093,A,relation-reasoning-agent-eval-v3.1
2026-08-08T10:40:00+09:00,CMP-S03-L03-01,S03,S03-L03,1,running,151.9703,422.159,103.9263,37.0066,-0.3455,A,relation-reasoning-agent-eval-v3.1
2026-08-08T10:40:00+09:00,CMP-S03-L04-01,S03,S03-L04,1,running,186.3976,464.7772,109.7906,46.1006,1.3488,B,relation-reasoning-agent-eval-v3.1
2026-08-08T10:40:00+09:00,CMP-S03-L05-01,S03,S03-L05,1,running,175.6969,449.2624,102.731,44.1115,0.6186,A,relation-reasoning-agent-eval-v3.1
2026-08-08T10:50:00+09:00,CMP-S03-L01-01,S03,S03-L01,1,running,169.0352,422.7254,83.1466,43.9389,0.4423,A,relation-reasoning-agent-eval-v3.1
2026-08-08T10:50:00+09:00,CMP-S03-L02-01,S03,S03-L02,1,running,176.4784,473.6108,103.2028,38.2984,-0.6526,A,relation-reasoning-agent-eval-v3.1
2026-08-08T10:50:00+09:00,CMP-S03-L03-01,S03,S03-L03,1,running,145.5272,429.5195,100.6056,38.5671,-0.0566,A,relation-reasoning-agent-eval-v3.1
2026-08-08T10:50:00+09:00,CMP-S03-L04-01,S03,S03-L04,1,running,172.5343,466.7789,109.5319,44.0105,0.9617,A,relation-reasoning-agent-eval-v3.1
2026-08-08T10:50:00+09:00,CMP-S03-L05-01,S03,S03-L05,1,running,168.0318,459.5131,105.4575,36.2946,-0.8289,A,relation-reasoning-agent-eval-v3.1
2026-08-08T11:00:00+09:00,CMP-S03-L01-01,S03,S03-L01,1,running,183.909,443.2687,95.5136,42.3543,0.1489,A,relation-reasoning-agent-eval-v3.1
2026-08-08T11:00:00+09:00,CMP-S03-L02-01,S03,S03-L02,1,running,176.5445,449.6276,102.3755,35.5163,-1.1678,B,relation-reasoning-agent-eval-v3.1
2026-08-08T11:00:00+09:00,CMP-S03-L03-01,S03,S03-L03,1,running,135.755,424.0952,101.9782,43.7302,0.8996,A,relation-reasoning-agent-eval-v3.1
2026-08-08T11:00:00+09:00,CMP-S03-L04-01,S03,S03-L04,1,running,175.3859,439.6904,111.3703,46.5677,1.4352,B,relation-reasoning-agent-eval-v3.1
2026-08-08T11:00:00+09:00,CMP-S03-L05-01,S03,S03-L05,1,running,163.1439,507.9469,114.2921,33.2595,-1.391,B,relation-reasoning-agent-eval-v3.1
2026-08-08T11:10:00+09:00,CMP-S03-L01-01,S03,S03-L01,1,running,169.4399,448.331,93.1878,40.2199,-0.2463,A,relation-reasoning-agent-eval-v3.1
2026-08-08T11:10:00+09:00,CMP-S03-L02-01,S03,S03-L02,1,running,160.1685,447.5157,104.2249,39.4702,-0.4356,A,relation-reasoning-agent-eval-v3.1
2026-08-08T11:10:00+09:00,CMP-S03-L03-01,S03,S03-L03,1,running,156.2341,463.4054,101.0611,39.0862,0.0396,A,relation-reasoning-agent-eval-v3.1
2026-08-08T11:10:00+09:00,CMP-S03-L04-01,S03,S03-L04,1,running,180.1074,428.4823,112.8723,41.7685,0.5465,A,relation-reasoning-agent-eval-v3.1
2026-08-08T11:10:00+09:00,CMP-S03-L05-01,S03,S03-L05,1,running,170.1462,477.6949,117.1476,36.8121,-0.7331,A,relation-reasoning-agent-eval-v3.1
2026-08-08T11:20:00+09:00,CMP-S03-L01-01,S03,S03-L01,1,running,182.1993,434.5411,92.6842,46.9407,0.9982,A,relation-reasoning-agent-eval-v3.1
2026-08-08T11:20:00+09:00,CMP-S03-L02-01,S03,S03-L02,1,running,158.7654,448.7928,104.2513,37.2787,-0.8415,A,relation-reasoning-agent-eval-v3.1
2026-08-08T11:20:00+09:00,CMP-S03-L03-01,S03,S03-L03,1,running,160.2048,426.5144,107.0543,35.1963,-0.6808,A,relation-reasoning-agent-eval-v3.1
2026-08-08T11:20:00+09:00,CMP-S03-L04-01,S03,S03-L04,1,running,175.2993,420.0218,110.1908,37.0419,-0.3288,A,relation-reasoning-agent-eval-v3.1
2026-08-08T11:20:00+09:00,CMP-S03-L05-01,S03,S03-L05,1,running,184.0234,455.2658,111.8104,41.7796,0.1868,A,relation-reasoning-agent-eval-v3.1
2026-08-08T11:30:00+09:00,CMP-S03-L01-01,S03,S03-L01,1,running,182.4526,399.4738,95.2076,44.9636,0.6321,A,relation-reasoning-agent-eval-v3.1
2026-08-08T11:30:00+09:00,CMP-S03-L02-01,S03,S03-L02,1,running,160.362,395.7524,106.8221,41.708,-0.0212,A,relation-reasoning-agent-eval-v3.1
2026-08-08T11:30:00+09:00,CMP-S03-L03-01,S03,S03-L03,1,running,151.4297,403.1744,105.5026,35.3856,-0.6457,A,relation-reasoning-agent-eval-v3.1
2026-08-08T11:30:00+09:00,CMP-S03-L04-01,S03,S03-L04,1,running,167.2569,374.8323,101.8296,40.9538,0.3956,A,relation-reasoning-agent-eval-v3.1
2026-08-08T11:30:00+09:00,CMP-S03-L05-01,S03,S03-L05,1,running,174.6162,446.207,110.0304,38.6852,-0.3862,A,relation-reasoning-agent-eval-v3.1
2026-08-08T11:40:00+09:00,CMP-S03-L01-01,S03,S03-L01,1,running,199.5515,415.7734,94.1997,45.1429,0.6653,A,relation-reasoning-agent-eval-v3.1
2026-08-08T11:40:00+09:00,CMP-S03-L02-01,S03,S03-L02,1,running,169.3641,386.3172,101.7029,43.1502,0.2458,A,relation-reasoning-agent-eval-v3.1
2026-08-08T11:40:00+09:00,CMP-S03-L03-01,S03,S03-L03,1,running,159.23,459.0266,101.7711,27.2706,-2.1485,C,relation-reasoning-agent-eval-v3.1
2026-08-08T11:40:00+09:00,CMP-S03-L04-01,S03,S03-L04,1,running,186.8504,426.386,100.3346,40.4394,0.3004,A,relation-reasoning-agent-eval-v3.1
2026-08-08T11:40:00+09:00,CMP-S03-L05-01,S03,S03-L05,1,running,167.5692,420.7683,102.2735,40.4087,-0.0671,A,relation-reasoning-agent-eval-v3.1
2026-08-08T11:50:00+09:00,CMP-S03-L01-01,S03,S03-L01,1,running,196.1258,420.2023,102.8635,38.04,-0.65,A,relation-reasoning-agent-eval-v3.1
2026-08-08T11:50:00+09:00,CMP-S03-L02-01,S03,S03-L02,1,running,166.1966,433.899,93.8156,39.0854,-0.5069,A,relation-reasoning-agent-eval-v3.1
2026-08-08T11:50:00+09:00,CMP-S03-L03-01,S03,S03-L03,1,running,188.8056,477.3321,101.2355,24.1105,-2.7337,C,relation-reasoning-agent-eval-v3.1
2026-08-08T11:50:00+09:00,CMP-S03-L04-01,S03,S03-L04,1,running,168.4728,489.6918,104.5008,44.9534,1.1363,B,relation-reasoning-agent-eval-v3.1
2026-08-08T11:50:00+09:00,CMP-S03-L05-01,S03,S03-L05,1,running,178.6203,463.7208,105.1043,42.7515,0.3668,A,relation-reasoning-agent-eval-v3.1
2026-08-08T12:00:00+09:00,CMP-S03-L01-01,S03,S03-L01,1,running,197.5055,433.7916,112.745,35.9318,-1.0404,B,relation-reasoning-agent-eval-v3.1
2026-08-08T12:00:00+09:00,CMP-S03-L02-01,S03,S03-L02,1,running,180.4815,415.0559,101.4646,43.2758,0.2691,A,relation-reasoning-agent-eval-v3.1
2026-08-08T12:00:00+09:00,CMP-S03-L03-01,S03,S03-L03,1,running,189.0076,478.9107,99.0142,24.2226,-2.7129,C,relation-reasoning-agent-eval-v3.1
2026-08-08T12:00:00+09:00,CMP-S03-L04-01,S03,S03-L04,1,running,165.9096,467.0935,108.9632,42.9288,0.7614,A,relation-reasoning-agent-eval-v3.1
2026-08-08T12:00:00+09:00,CMP-S03-L05-01,S03,S03-L05,1,running,182.1191,510.5457,99.4238,45.8078,0.9327,A,relation-reasoning-agent-eval-v3.1
2026-08-08T12:10:00+09:00,CMP-S03-L01-01,S03,S03-L01,1,running,191.9416,441.7797,106.3156,46.3961,0.8974,A,relation-reasoning-agent-eval-v3.1
2026-08-08T12:10:00+09:00,CMP-S03-L02-01,S03,S03-L02,1,running,180.4821,447.4643,101.4458,39.9668,-0.3437,A,relation-reasoning-agent-eval-v3.1
2026-08-08T12:10:00+09:00,CMP-S03-L03-01,S03,S03-L03,1,running,186.9104,471.7939,95.3247,28.1935,-1.9776,B,relation-reasoning-agent-eval-v3.1
2026-08-08T12:10:00+09:00,CMP-S03-L04-01,S03,S03-L04,1,running,176.9025,455.665,107.4901,43.118,0.7964,A,relation-reasoning-agent-eval-v3.1
2026-08-08T12:10:00+09:00,CMP-S03-L05-01,S03,S03-L05,1,running,180.1533,528.1272,99.2544,46.8031,1.1171,B,relation-reasoning-agent-eval-v3.1
2026-08-08T12:20:00+09:00,CMP-S03-L01-01,S03,S03-L01,1,running,172.1305,453.1273,105.5729,44.5164,0.5493,A,relation-reasoning-agent-eval-v3.1
2026-08-08T12:20:00+09:00,CMP-S03-L02-01,S03,S03-L02,1,running,186.4611,475.8219,95.7132,36.9149,-0.9088,A,relation-reasoning-agent-eval-v3.1
2026-08-08T12:20:00+09:00,CMP-S03-L03-01,S03,S03-L03,1,running,166.933,482.4491,92.4057,28.0073,-2.0121,C,relation-reasoning-agent-eval-v3.1
2026-08-08T12:20:00+09:00,CMP-S03-L04-01,S03,S03-L04,1,running,161.6594,463.2872,98.3147,45.3301,1.2061,B,relation-reasoning-agent-eval-v3.1
2026-08-08T12:20:00+09:00,CMP-S03-L05-01,S03,S03-L05,1,running,187.7573,503.6443,98.6882,42.0581,0.2384,A,relation-reasoning-agent-eval-v3.1
2026-08-08T12:30:00+09:00,CMP-S03-L01-01,S03,S03-L01,1,running,163.5144,449.2308,106.5427,42.1598,0.1129,A,relation-reasoning-agent-eval-v3.1
2026-08-08T12:30:00+09:00,CMP-S03-L02-01,S03,S03-L02,1,running,170.2101,528.933,96.3917,41.3196,-0.0932,A,relation-reasoning-agent-eval-v3.1
2026-08-08T12:30:00+09:00,CMP-S03-L03-01,S03,S03-L03,1,running,163.1518,457.5129,101.3933,36.0344,-0.5256,A,relation-reasoning-agent-eval-v3.1
2026-08-08T12:30:00+09:00,CMP-S03-L04-01,S03,S03-L04,1,running,164.7872,415.2577,105.313,46.0374,1.3371,B,relation-reasoning-agent-eval-v3.1
2026-08-08T12:30:00+09:00,CMP-S03-L05-01,S03,S03-L05,1,running,194.0828,468.4352,103.3348,45.8444,0.9395,A,relation-reasoning-agent-eval-v3.1
2026-08-08T12:40:00+09:00,CMP-S03-L01-01,S03,S03-L01,1,running,154.2071,448.1512,97.7616,45.2503,0.6852,A,relation-reasoning-agent-eval-v3.1
2026-08-08T12:40:00+09:00,CMP-S03-L02-01,S03,S03-L02,1,running,176.8305,545.7636,99.9893,44.9103,0.5718,A,relation-reasoning-agent-eval-v3.1
2026-08-08T12:40:00+09:00,CMP-S03-L03-01,S03,S03-L03,1,running,188.2042,476.9255,96.4849,40.0083,0.2103,A,relation-reasoning-agent-eval-v3.1
2026-08-08T12:40:00+09:00,CMP-S03-L04-01,S03,S03-L04,1,running,175.3766,400.924,102.6614,47.1309,1.5395,B,relation-reasoning-agent-eval-v3.1
2026-08-08T12:40:00+09:00,CMP-S03-L05-01,S03,S03-L05,1,running,199.473,480.2089,101.7196,37.0655,-0.6862,A,relation-reasoning-agent-eval-v3.1
2026-08-08T12:50:00+09:00,CMP-S03-L01-01,S03,S03-L01,1,running,158.985,412.5728,94.1697,47.827,1.1624,B,relation-reasoning-agent-eval-v3.1
2026-08-08T12:50:00+09:00,CMP-S03-L02-01,S03,S03-L02,1,running,179.4947,562.0735,97.8709,42.8122,0.1833,A,relation-reasoning-agent-eval-v3.1
2026-08-08T12:50:00+09:00,CMP-S03-L03-01,S03,S03-L03,1,running,200.0335,468.2172,96.5007,38.5201,-0.0653,A,relation-reasoning-agent-eval-v3.1
2026-08-08T12:50:00+09:00,CMP-S03-L04-01,S03,S03-L04,1,running,187.2075,376.045,96.6316,45.7341,1.2809,B,relation-reasoning-agent-eval-v3.1
2026-08-08T12:50:00+09:00,CMP-S03-L05-01,S03,S03-L05,1,running,205.5352,449.6375,102.3188,38.2653,-0.464,A,relation-reasoning-agent-eval-v3.1
2026-08-08T13:00:00+09:00,CMP-S03-L01-01,S03,S03-L01,1,running,146.1386,437.4059,94.3048,45.3242,0.6989,A,relation-reasoning-agent-eval-v3.1
2026-08-08T13:00:00+09:00,CMP-S03-L02-01,S03,S03-L02,1,running,147.9625,524.8046,100.4202,48.0094,1.1457,B,relation-reasoning-agent-eval-v3.1
2026-08-08T13:00:00+09:00,CMP-S03-L03-01,S03,S03-L03,1,running,197.404,435.6223,92.8082,45.1478,1.1621,B,relation-reasoning-agent-eval-v3.1
2026-08-08T13:00:00+09:00,CMP-S03-L04-01,S03,S03-L04,1,running,192.9211,425.3807,102.2458,41.8663,0.5646,A,relation-reasoning-agent-eval-v3.1
2026-08-08T13:00:00+09:00,CMP-S03-L05-01,S03,S03-L05,1,running,194.5642,493.828,93.9093,37.0875,-0.6821,A,relation-reasoning-agent-eval-v3.1
2026-08-08T13:10:00+09:00,CMP-S03-L01-01,S03,S03-L01,1,running,135.6527,422.1077,90.4725,43.9707,0.4482,A,relation-reasoning-agent-eval-v3.1
2026-08-08T13:10:00+09:00,CMP-S03-L02-01,S03,S03-L02,1,running,170.1919,489.3456,103.0998,48.8565,1.3026,B,relation-reasoning-agent-eval-v3.1
2026-08-08T13:10:00+09:00,CMP-S03-L03-01,S03,S03-L03,1,running,182.1257,419.1967,96.1665,46.6587,1.4419,B,relation-reasoning-agent-eval-v3.1
2026-08-08T13:10:00+09:00,CMP-S03-L04-01,S03,S03-L04,1,running,174.6876,494.9535,95.1827,39.0213,0.0378,A,relation-reasoning-agent-eval-v3.1
2026-08-08T13:10:00+09:00,CMP-S03-L05-01,S03,S03-L05,1,running,206.3127,493.9647,86.2435,34.3906,-1.1815,B,relation-reasoning-agent-eval-v3.1
2026-08-08T13:20:00+09:00,CMP-S03-L01-01,S03,S03-L01,1,running,136.7075,387.8897,95.2193,42.7845,0.2286,A,relation-reasoning-agent-eval-v3.1
2026-08-08T13:20:00+09:00,CMP-S03-L02-01,S03,S03-L02,1,running,158.8301,484.4848,100.7364,46.0713,0.7868,A,relation-reasoning-agent-eval-v3.1
2026-08-08T13:20:00+09:00,CMP-S03-L03-01,S03,S03-L03,1,running,174.9562,396.0445,97.9217,40.6869,0.336,A,relation-reasoning-agent-eval-v3.1
2026-08-08T13:20:00+09:00,CMP-S03-L04-01,S03,S03-L04,1,running,181.0943,445.3339,97.4687,37.2841,-0.2839,A,relation-reasoning-agent-eval-v3.1
2026-08-08T13:20:00+09:00,CMP-S03-L05-01,S03,S03-L05,1,running,174.4427,446.5954,90.6525,34.0293,-1.2485,B,relation-reasoning-agent-eval-v3.1
2026-08-08T13:30:00+09:00,CMP-S03-L01-01,S03,S03-L01,1,running,141.8528,421.5093,100.1799,43.7512,0.4076,A,relation-reasoning-agent-eval-v3.1
2026-08-08T13:30:00+09:00,CMP-S03-L02-01,S03,S03-L02,1,running,163.6677,447.4269,104.3505,43.0886,0.2344,A,relation-reasoning-agent-eval-v3.1
2026-08-08T13:30:00+09:00,CMP-S03-L03-01,S03,S03-L03,1,running,170.3863,411.1932,106.9128,39.132,0.0481,A,relation-reasoning-agent-eval-v3.1
2026-08-08T13:30:00+09:00,CMP-S03-L04-01,S03,S03-L04,1,running,164.6004,433.6158,103.574,43.5358,0.8738,A,relation-reasoning-agent-eval-v3.1
2026-08-08T13:30:00+09:00,CMP-S03-L05-01,S03,S03-L05,1,running,176.083,440.8086,101.5249,36.1684,-0.8523,A,relation-reasoning-agent-eval-v3.1
2026-08-08T13:40:00+09:00,CMP-S03-L01-01,S03,S03-L01,1,running,164.8272,491.9958,99.5112,40.2466,-0.2414,A,relation-reasoning-agent-eval-v3.1
2026-08-08T13:40:00+09:00,CMP-S03-L02-01,S03,S03-L02,1,running,160.5429,434.7606,98.2109,38.0396,-0.7006,A,relation-reasoning-agent-eval-v3.1
2026-08-08T13:40:00+09:00,CMP-S03-L03-01,S03,S03-L03,1,running,176.6434,404.4494,107.0358,31.4897,-1.3672,B,relation-reasoning-agent-eval-v3.1
2026-08-08T13:40:00+09:00,CMP-S03-L04-01,S03,S03-L04,1,running,154.0998,419.0778,111.4305,36.9418,-0.3473,A,relation-reasoning-agent-eval-v3.1
2026-08-08T13:40:00+09:00,CMP-S03-L05-01,S03,S03-L05,1,running,189.8169,402.7444,100.52,33.8059,-1.2898,B,relation-reasoning-agent-eval-v3.1
2026-08-08T13:50:00+09:00,CMP-S03-L01-01,S03,S03-L01,1,running,186.2344,505.9907,93.2501,45.5763,0.7456,A,relation-reasoning-agent-eval-v3.1
2026-08-08T13:50:00+09:00,CMP-S03-L02-01,S03,S03-L02,1,running,156.128,436.9484,98.7896,36.1391,-1.0525,B,relation-reasoning-agent-eval-v3.1
2026-08-08T13:50:00+09:00,CMP-S03-L03-01,S03,S03-L03,1,running,197.4225,396.7924,100.4799,32.0315,-1.2669,B,relation-reasoning-agent-eval-v3.1
2026-08-08T13:50:00+09:00,CMP-S03-L04-01,S03,S03-L04,1,running,180.1666,429.3066,102.4886,41.3307,0.4654,A,relation-reasoning-agent-eval-v3.1
2026-08-08T13:50:00+09:00,CMP-S03-L05-01,S03,S03-L05,1,running,182.963,435.0529,102.1985,41.5115,0.1371,A,relation-reasoning-agent-eval-v3.1
2026-08-08T14:00:00+09:00,CMP-S03-L01-01,S03,S03-L01,1,running,183.1718,470.0355,90.1701,49.1997,1.4166,B,relation-reasoning-agent-eval-v3.1
2026-08-08T14:00:00+09:00,CMP-S03-L02-01,S03,S03-L02,1,running,161.2906,439.8023,89.5513,37.7281,-0.7583,A,relation-reasoning-agent-eval-v3.1
2026-08-08T14:00:00+09:00,CMP-S03-L03-01,S03,S03-L03,1,running,191.7915,379.1993,95.4869,34.1412,-0.8762,A,relation-reasoning-agent-eval-v3.1
2026-08-08T14:00:00+09:00,CMP-S03-L04-01,S03,S03-L04,1,running,171.0083,468.9364,111.7088,36.8974,-0.3555,A,relation-reasoning-agent-eval-v3.1
2026-08-08T14:00:00+09:00,CMP-S03-L05-01,S03,S03-L05,1,running,186.9283,469.7137,109.0754,43.9854,0.5953,A,relation-reasoning-agent-eval-v3.1
2026-08-08T14:10:00+09:00,CMP-S03-L01-01,S03,S03-L01,1,running,180.7047,488.4442,96.6016,45.0745,0.6527,A,relation-reasoning-agent-eval-v3.1
2026-08-08T14:10:00+09:00,CMP-S03-L02-01,S03,S03-L02,1,running,157.0208,435.48,92.818,42.4382,0.114,A,relation-reasoning-agent-eval-v3.1
2026-08-08T14:10:00+09:00,CMP-S03-L03-01,S03,S03-L03,1,running,190.4343,389.7387,95.0259,37.0764,-0.3326,A,relation-reasoning-agent-eval-v3.1
2026-08-08T14:10:00+09:00,CMP-S03-L04-01,S03,S03-L04,1,running,173.4582,477.3571,102.3408,38.5922,-0.0417,A,relation-reasoning-agent-eval-v3.1
2026-08-08T14:10:00+09:00,CMP-S03-L05-01,S03,S03-L05,1,running,199.0634,475.4929,100.3564,39.5083,-0.2338,A,relation-reasoning-agent-eval-v3.1
2026-08-08T14:20:00+09:00,CMP-S03-L01-01,S03,S03-L01,1,running,188.3552,484.6001,98.6424,45.758,0.7792,A,relation-reasoning-agent-eval-v3.1
2026-08-08T14:20:00+09:00,CMP-S03-L02-01,S03,S03-L02,1,running,172.2853,447.0418,99.6708,44.3868,0.4748,A,relation-reasoning-agent-eval-v3.1
2026-08-08T14:20:00+09:00,CMP-S03-L03-01,S03,S03-L03,1,running,187.8251,405.0227,98.9002,41.1788,0.4271,A,relation-reasoning-agent-eval-v3.1
2026-08-08T14:20:00+09:00,CMP-S03-L04-01,S03,S03-L04,1,running,172.5704,485.8339,98.7985,39.2504,0.0802,A,relation-reasoning-agent-eval-v3.1
2026-08-08T14:20:00+09:00,CMP-S03-L05-01,S03,S03-L05,1,running,174.4197,434.9946,103.7696,36.6822,-0.7572,A,relation-reasoning-agent-eval-v3.1
2026-08-08T14:30:00+09:00,CMP-S03-L01-01,S03,S03-L01,1,running,195.2464,480.3377,97.5972,47.349,1.0739,B,relation-reasoning-agent-eval-v3.1
2026-08-08T14:30:00+09:00,CMP-S03-L02-01,S03,S03-L02,1,running,167.5049,491.6109,92.7114,42.0128,0.0352,A,relation-reasoning-agent-eval-v3.1
2026-08-08T14:30:00+09:00,CMP-S03-L03-01,S03,S03-L03,1,running,172.6632,440.6279,101.4439,44.257,0.9971,A,relation-reasoning-agent-eval-v3.1
2026-08-08T14:30:00+09:00,CMP-S03-L04-01,S03,S03-L04,1,running,185.8052,428.7011,95.3677,35.95,-0.531,A,relation-reasoning-agent-eval-v3.1
2026-08-08T14:30:00+09:00,CMP-S03-L05-01,S03,S03-L05,1,running,157.563,432.1091,109.0567,37.9939,-0.5143,A,relation-reasoning-agent-eval-v3.1
2026-08-08T14:40:00+09:00,CMP-S03-L01-01,S03,S03-L01,1,running,178.3936,464.438,92.9753,45.577,0.7457,A,relation-reasoning-agent-eval-v3.1
2026-08-08T14:40:00+09:00,CMP-S03-L02-01,S03,S03-L02,1,running,177.71,484.3355,96.702,45.7484,0.727,A,relation-reasoning-agent-eval-v3.1
2026-08-08T14:40:00+09:00,CMP-S03-L03-01,S03,S03-L03,1,running,168.5836,436.6754,98.4557,41.7559,0.534,A,relation-reasoning-agent-eval-v3.1
2026-08-08T14:40:00+09:00,CMP-S03-L04-01,S03,S03-L04,1,running,180.5008,424.8146,98.6232,30.8576,-1.474,B,relation-reasoning-agent-eval-v3.1
2026-08-08T14:40:00+09:00,CMP-S03-L05-01,S03,S03-L05,1,running,160.8489,473.9058,104.5302,31.6727,-1.6849,B,relation-reasoning-agent-eval-v3.1
2026-08-08T14:50:00+09:00,CMP-S03-L01-01,S03,S03-L01,1,running,180.9431,460.4507,98.9728,40.3619,-0.22,A,relation-reasoning-agent-eval-v3.1
2026-08-08T14:50:00+09:00,CMP-S03-L02-01,S03,S03-L02,1,running,194.3261,482.0672,93.1168,46.1322,0.7981,A,relation-reasoning-agent-eval-v3.1
2026-08-08T14:50:00+09:00,CMP-S03-L03-01,S03,S03-L03,1,running,166.3447,467.5893,102.8297,40.2216,0.2498,A,relation-reasoning-agent-eval-v3.1
2026-08-08T14:50:00+09:00,CMP-S03-L04-01,S03,S03-L04,1,running,165.4326,442.9351,99.7766,33.1359,-1.0521,B,relation-reasoning-agent-eval-v3.1
2026-08-08T14:50:00+09:00,CMP-S03-L05-01,S03,S03-L05,1,running,157.4212,413.8879,100.6906,31.5008,-1.7167,B,relation-reasoning-agent-eval-v3.1
2026-08-08T15:00:00+09:00,CMP-S03-L01-01,S03,S03-L01,1,running,179.1163,455.6942,87.4316,39.367,-0.4043,A,relation-reasoning-agent-eval-v3.1
2026-08-08T15:00:00+09:00,CMP-S03-L02-01,S03,S03-L02,1,running,177.2754,531.5378,94.4421,36.1783,-1.0453,B,relation-reasoning-agent-eval-v3.1
2026-08-08T15:00:00+09:00,CMP-S03-L03-01,S03,S03-L03,1,running,170.2277,390.6209,100.2291,38.8978,0.0047,A,relation-reasoning-agent-eval-v3.1
2026-08-08T15:00:00+09:00,CMP-S03-L04-01,S03,S03-L04,1,running,169.0918,456.5523,103.227,30.9641,-1.4543,B,relation-reasoning-agent-eval-v3.1
2026-08-08T15:00:00+09:00,CMP-S03-L05-01,S03,S03-L05,1,running,155.1746,425.6302,95.2051,40.9848,0.0396,A,relation-reasoning-agent-eval-v3.1
2026-08-08T15:10:00+09:00,CMP-S03-L01-01,S03,S03-L01,1,running,183.4456,453.7018,89.9182,42.7572,0.2235,A,relation-reasoning-agent-eval-v3.1
2026-08-08T15:10:00+09:00,CMP-S03-L02-01,S03,S03-L02,1,running,160.1757,526.0646,101.088,39.7523,-0.3834,A,relation-reasoning-agent-eval-v3.1
2026-08-08T15:10:00+09:00,CMP-S03-L03-01,S03,S03-L03,1,running,170.964,365.652,99.3759,34.5048,-0.8088,A,relation-reasoning-agent-eval-v3.1
2026-08-08T15:10:00+09:00,CMP-S03-L04-01,S03,S03-L04,1,running,169.3124,431.9247,100.8496,33.3373,-1.0148,B,relation-reasoning-agent-eval-v3.1
2026-08-08T15:10:00+09:00,CMP-S03-L05-01,S03,S03-L05,1,running,141.6022,397.8254,93.5847,37.3506,-0.6334,A,relation-reasoning-agent-eval-v3.1
2026-08-08T15:20:00+09:00,CMP-S03-L01-01,S03,S03-L01,1,running,181.9953,527.1337,88.5506,43.1339,0.2933,A,relation-reasoning-agent-eval-v3.1
2026-08-08T15:20:00+09:00,CMP-S03-L02-01,S03,S03-L02,1,running,149.3658,500.1195,95.9084,32.1088,-1.7989,B,relation-reasoning-agent-eval-v3.1
2026-08-08T15:20:00+09:00,CMP-S03-L03-01,S03,S03-L03,1,running,176.9023,391.7723,99.5358,34.3542,-0.8367,A,relation-reasoning-agent-eval-v3.1
2026-08-08T15:20:00+09:00,CMP-S03-L04-01,S03,S03-L04,1,running,189.9747,466.976,98.3782,35.0759,-0.6929,A,relation-reasoning-agent-eval-v3.1
2026-08-08T15:20:00+09:00,CMP-S03-L05-01,S03,S03-L05,1,running,150.6348,398.0755,97.919,37.3991,-0.6244,A,relation-reasoning-agent-eval-v3.1
2026-08-08T15:30:00+09:00,CMP-S03-L01-01,S03,S03-L01,1,running,175.8939,565.298,90.2408,45.656,0.7603,A,relation-reasoning-agent-eval-v3.1
2026-08-08T15:30:00+09:00,CMP-S03-L02-01,S03,S03-L02,1,running,158.0259,432.4121,90.6444,29.831,-2.2207,C,relation-reasoning-agent-eval-v3.1
2026-08-08T15:30:00+09:00,CMP-S03-L03-01,S03,S03-L03,1,running,167.2667,400.4067,98.7774,40.6474,0.3287,A,relation-reasoning-agent-eval-v3.1
2026-08-08T15:30:00+09:00,CMP-S03-L04-01,S03,S03-L04,1,running,165.1737,426.9107,100.7884,34.4473,-0.8093,A,relation-reasoning-agent-eval-v3.1
2026-08-08T15:30:00+09:00,CMP-S03-L05-01,S03,S03-L05,1,running,163.042,390.0402,94.4651,39.4609,-0.2426,A,relation-reasoning-agent-eval-v3.1
2026-08-08T15:40:00+09:00,CMP-S03-L01-01,S03,S03-L01,1,running,176.1638,510.9082,95.8855,45.3516,0.704,A,relation-reasoning-agent-eval-v3.1
2026-08-08T15:40:00+09:00,CMP-S03-L02-01,S03,S03-L02,1,running,190.9774,431.0897,89.8993,39.636,-0.4049,A,relation-reasoning-agent-eval-v3.1
2026-08-08T15:40:00+09:00,CMP-S03-L03-01,S03,S03-L03,1,running,148.854,449.4369,100.4784,41.2597,0.4421,A,relation-reasoning-agent-eval-v3.1
2026-08-08T15:40:00+09:00,CMP-S03-L04-01,S03,S03-L04,1,running,178.5721,433.2817,92.769,39.6052,0.1459,A,relation-reasoning-agent-eval-v3.1
2026-08-08T15:40:00+09:00,CMP-S03-L05-01,S03,S03-L05,1,running,167.8904,449.2159,100.8358,43.1273,0.4364,A,relation-reasoning-agent-eval-v3.1
2026-08-08T15:50:00+09:00,CMP-S03-L01-01,S03,S03-L01,1,running,170.8285,526.8691,90.1005,45.7209,0.7723,A,relation-reasoning-agent-eval-v3.1
2026-08-08T15:50:00+09:00,CMP-S03-L02-01,S03,S03-L02,1,running,182.0049,395.1121,85.5728,34.2622,-1.4001,B,relation-reasoning-agent-eval-v3.1
2026-08-08T15:50:00+09:00,CMP-S03-L03-01,S03,S03-L03,1,running,152.0847,495.4013,96.9095,42.7546,0.7189,A,relation-reasoning-agent-eval-v3.1
2026-08-08T15:50:00+09:00,CMP-S03-L04-01,S03,S03-L04,1,running,154.9886,411.7489,95.279,50.4616,2.1563,C,relation-reasoning-agent-eval-v3.1
2026-08-08T15:50:00+09:00,CMP-S03-L05-01,S03,S03-L05,1,running,163.7953,459.1438,101.6569,44.4542,0.6821,A,relation-reasoning-agent-eval-v3.1
2026-08-08T16:00:00+09:00,CMP-S03-L01-01,S03,S03-L01,1,running,162.6386,537.7711,92.1357,47.5319,1.1077,B,relation-reasoning-agent-eval-v3.1
2026-08-08T16:00:00+09:00,CMP-S03-L02-01,S03,S03-L02,1,running,176.9956,414.3735,89.9872,35.3036,-1.2072,B,relation-reasoning-agent-eval-v3.1
2026-08-08T16:00:00+09:00,CMP-S03-L03-01,S03,S03-L03,1,running,150.9509,448.8725,99.8213,48.3479,1.7547,B,relation-reasoning-agent-eval-v3.1
2026-08-08T16:00:00+09:00,CMP-S03-L04-01,S03,S03-L04,1,running,159.0857,437.6277,101.1621,52.9407,2.6154,C,relation-reasoning-agent-eval-v3.1
2026-08-08T16:00:00+09:00,CMP-S03-L05-01,S03,S03-L05,1,running,170.5462,446.4276,102.5035,45.2319,0.8261,A,relation-reasoning-agent-eval-v3.1
2026-08-08T16:10:00+09:00,CMP-S03-L01-01,S03,S03-L01,1,running,171.9658,562.5642,92.9609,46.3498,0.8888,A,relation-reasoning-agent-eval-v3.1
2026-08-08T16:10:00+09:00,CMP-S03-L02-01,S03,S03-L02,1,running,179.1686,473.6794,88.0647,37.5333,-0.7943,A,relation-reasoning-agent-eval-v3.1
2026-08-08T16:10:00+09:00,CMP-S03-L03-01,S03,S03-L03,1,running,154.6705,437.0143,92.4005,45.8171,1.286,B,relation-reasoning-agent-eval-v3.1
2026-08-08T16:10:00+09:00,CMP-S03-L04-01,S03,S03-L04,1,running,169.5305,443.683,100.4506,52.7625,2.5824,C,relation-reasoning-agent-eval-v3.1
2026-08-08T16:10:00+09:00,CMP-S03-L05-01,S03,S03-L05,1,running,166.4813,447.4275,106.4654,43.507,0.5067,A,relation-reasoning-agent-eval-v3.1
2026-08-08T16:20:00+09:00,CMP-S03-L01-01,S03,S03-L01,1,running,164.5397,543.756,95.482,46.2586,0.8719,A,relation-reasoning-agent-eval-v3.1
2026-08-08T16:20:00+09:00,CMP-S03-L02-01,S03,S03-L02,1,running,172.5224,464.0528,92.8225,33.6257,-1.5179,B,relation-reasoning-agent-eval-v3.1
2026-08-08T16:20:00+09:00,CMP-S03-L03-01,S03,S03-L03,1,running,173.9064,407.5359,91.3238,48.6985,1.8196,B,relation-reasoning-agent-eval-v3.1
2026-08-08T16:20:00+09:00,CMP-S03-L04-01,S03,S03-L04,1,running,182.5029,409.1734,101.2578,47.5259,1.6127,B,relation-reasoning-agent-eval-v3.1
2026-08-08T16:20:00+09:00,CMP-S03-L05-01,S03,S03-L05,1,running,185.2668,467.3054,103.9468,43.0351,0.4193,A,relation-reasoning-agent-eval-v3.1
2026-08-08T16:30:00+09:00,CMP-S03-L01-01,S03,S03-L01,1,running,167.6197,504.4489,87.9547,50.8586,1.7238,B,relation-reasoning-agent-eval-v3.1
2026-08-08T16:30:00+09:00,CMP-S03-L02-01,S03,S03-L02,1,running,179.8801,458.1311,96.2142,39.2322,-0.4797,A,relation-reasoning-agent-eval-v3.1
2026-08-08T16:30:00+09:00,CMP-S03-L03-01,S03,S03-L03,1,running,178.0052,372.8165,90.6406,45.6501,1.2551,B,relation-reasoning-agent-eval-v3.1
2026-08-08T16:30:00+09:00,CMP-S03-L04-01,S03,S03-L04,1,running,182.0971,435.4229,98.3547,43.4392,0.8559,A,relation-reasoning-agent-eval-v3.1
2026-08-08T16:30:00+09:00,CMP-S03-L05-01,S03,S03-L05,1,running,192.8688,505.0956,108.8705,37.6206,-0.5834,A,relation-reasoning-agent-eval-v3.1
2026-08-08T16:40:00+09:00,CMP-S03-L01-01,S03,S03-L01,1,running,156.7625,489.8242,98.2171,50.2165,1.6049,B,relation-reasoning-agent-eval-v3.1
2026-08-08T16:40:00+09:00,CMP-S03-L02-01,S03,S03-L02,1,running,179.7645,438.1646,97.0484,37.92,-0.7227,A,relation-reasoning-agent-eval-v3.1
2026-08-08T16:40:00+09:00,CMP-S03-L03-01,S03,S03-L03,1,running,182.9902,391.464,92.4404,42.6104,0.6922,A,relation-reasoning-agent-eval-v3.1
2026-08-08T16:40:00+09:00,CMP-S03-L04-01,S03,S03-L04,1,running,150.7151,406.2458,98.6771,40.9865,0.4017,A,relation-reasoning-agent-eval-v3.1
2026-08-08T16:40:00+09:00,CMP-S03-L05-01,S03,S03-L05,1,running,175.3558,505.1478,100.8929,35.7222,-0.9349,A,relation-reasoning-agent-eval-v3.1
2026-08-08T16:50:00+09:00,CMP-S03-L01-01,S03,S03-L01,1,running,152.6145,521.2476,95.5154,46.4393,0.9054,A,relation-reasoning-agent-eval-v3.1
2026-08-08T16:50:00+09:00,CMP-S03-L02-01,S03,S03-L02,1,running,179.2767,447.5722,96.5898,44.4502,0.4866,A,relation-reasoning-agent-eval-v3.1
2026-08-08T16:50:00+09:00,CMP-S03-L03-01,S03,S03-L03,1,running,186.7905,395.913,90.3087,32.7767,-1.1288,B,relation-reasoning-agent-eval-v3.1
2026-08-08T16:50:00+09:00,CMP-S03-L04-01,S03,S03-L04,1,running,182.6234,429.9308,100.3245,41.3123,0.462,A,relation-reasoning-agent-eval-v3.1
2026-08-08T16:50:00+09:00,CMP-S03-L05-01,S03,S03-L05,1,running,182.6204,481.7331,95.4263,40.1329,-0.1182,A,relation-reasoning-agent-eval-v3.1
2026-08-08T17:00:00+09:00,CMP-S03-L01-01,S03,S03-L01,1,running,160.0514,503.7424,92.5514,45.1119,0.6596,A,relation-reasoning-agent-eval-v3.1
2026-08-08T17:00:00+09:00,CMP-S03-L02-01,S03,S03-L02,1,running,163.648,437.2837,91.2488,44.2392,0.4475,A,relation-reasoning-agent-eval-v3.1
2026-08-08T17:00:00+09:00,CMP-S03-L03-01,S03,S03-L03,1,running,175.8529,392.8864,94.6168,34.7756,-0.7587,A,relation-reasoning-agent-eval-v3.1
2026-08-08T17:00:00+09:00,CMP-S03-L04-01,S03,S03-L04,1,running,179.2983,432.2209,107.319,39.0952,0.0514,A,relation-reasoning-agent-eval-v3.1
2026-08-08T17:00:00+09:00,CMP-S03-L05-01,S03,S03-L05,1,running,199.2091,439.3527,99.3987,38.7837,-0.368,A,relation-reasoning-agent-eval-v3.1
2026-08-08T17:10:00+09:00,CMP-S03-L01-01,S03,S03-L01,1,running,150.8343,515.7432,96.9342,45.2159,0.6788,A,relation-reasoning-agent-eval-v3.1
2026-08-08T17:10:00+09:00,CMP-S03-L02-01,S03,S03-L02,1,running,166.1739,397.0119,97.3334,43.3348,0.28,A,relation-reasoning-agent-eval-v3.1
2026-08-08T17:10:00+09:00,CMP-S03-L03-01,S03,S03-L03,1,running,172.605,423.9986,96.3573,33.7501,-0.9486,A,relation-reasoning-agent-eval-v3.1
2026-08-08T17:10:00+09:00,CMP-S03-L04-01,S03,S03-L04,1,running,165.4984,476.3694,106.5123,40.4757,0.3071,A,relation-reasoning-agent-eval-v3.1
2026-08-08T17:10:00+09:00,CMP-S03-L05-01,S03,S03-L05,1,running,187.7284,434.694,94.6074,42.1054,0.2471,A,relation-reasoning-agent-eval-v3.1
2026-08-08T17:20:00+09:00,CMP-S03-L01-01,S03,S03-L01,1,running,154.5918,525.6348,99.512,44.2322,0.4967,A,relation-reasoning-agent-eval-v3.1
2026-08-08T17:20:00+09:00,CMP-S03-L02-01,S03,S03-L02,1,running,177.5604,437.037,98.6218,40.7055,-0.2069,A,relation-reasoning-agent-eval-v3.1
2026-08-08T17:20:00+09:00,CMP-S03-L03-01,S03,S03-L03,1,running,170.6847,413.4923,94.2468,32.6183,-1.1582,B,relation-reasoning-agent-eval-v3.1
2026-08-08T17:20:00+09:00,CMP-S03-L04-01,S03,S03-L04,1,running,154.7136,458.4937,106.2233,40.7452,0.357,A,relation-reasoning-agent-eval-v3.1
2026-08-08T17:20:00+09:00,CMP-S03-L05-01,S03,S03-L05,1,running,192.829,438.8248,100.1628,41.0826,0.0577,A,relation-reasoning-agent-eval-v3.1
2026-08-08T17:30:00+09:00,CMP-S03-L01-01,S03,S03-L01,1,running,158.803,450.4183,99.5174,46.2428,0.869,A,relation-reasoning-agent-eval-v3.1
2026-08-08T17:30:00+09:00,CMP-S03-L02-01,S03,S03-L02,1,running,180.1059,473.6558,100.7863,39.286,-0.4698,A,relation-reasoning-agent-eval-v3.1
2026-08-08T17:30:00+09:00,CMP-S03-L03-01,S03,S03-L03,1,running,157.4392,429.2487,93.8315,39.8884,0.1881,A,relation-reasoning-agent-eval-v3.1
2026-08-08T17:30:00+09:00,CMP-S03-L04-01,S03,S03-L04,1,running,171.6812,445.6968,96.2826,39.4713,0.1211,A,relation-reasoning-agent-eval-v3.1
2026-08-08T17:30:00+09:00,CMP-S03-L05-01,S03,S03-L05,1,running,182.5963,414.1725,100.804,43.1889,0.4478,A,relation-reasoning-agent-eval-v3.1
2026-08-08T17:40:00+09:00,CMP-S03-L01-01,S03,S03-L01,1,running,168.1376,451.9242,104.7394,39.5815,-0.3646,A,relation-reasoning-agent-eval-v3.1
2026-08-08T17:40:00+09:00,CMP-S03-L02-01,S03,S03-L02,1,running,175.6969,514.1695,99.6556,35.249,-1.2173,B,relation-reasoning-agent-eval-v3.1
2026-08-08T17:40:00+09:00,CMP-S03-L03-01,S03,S03-L03,1,running,165.5106,445.7966,95.4153,35.3055,-0.6606,A,relation-reasoning-agent-eval-v3.1
2026-08-08T17:40:00+09:00,CMP-S03-L04-01,S03,S03-L04,1,running,157.9182,447.5408,100.6219,39.7798,0.1782,A,relation-reasoning-agent-eval-v3.1
2026-08-08T17:40:00+09:00,CMP-S03-L05-01,S03,S03-L05,1,running,206.1395,455.5635,96.9658,36.3418,-0.8202,A,relation-reasoning-agent-eval-v3.1
2026-08-08T17:50:00+09:00,CMP-S03-L01-01,S03,S03-L01,1,running,167.4862,417.1798,109.5634,41.2818,-0.0497,A,relation-reasoning-agent-eval-v3.1
2026-08-08T17:50:00+09:00,CMP-S03-L02-01,S03,S03-L02,1,running,175.9353,523.3235,100.3358,46.1226,0.7963,A,relation-reasoning-agent-eval-v3.1
2026-08-08T17:50:00+09:00,CMP-S03-L03-01,S03,S03-L03,1,running,165.1521,453.3964,89.0134,43.5258,0.8617,A,relation-reasoning-agent-eval-v3.1
2026-08-08T17:50:00+09:00,CMP-S03-L04-01,S03,S03-L04,1,running,174.175,428.9452,98.7228,36.4246,-0.4431,A,relation-reasoning-agent-eval-v3.1
2026-08-08T17:50:00+09:00,CMP-S03-L05-01,S03,S03-L05,1,running,182.9846,443.5292,92.1427,39.7936,-0.181,A,relation-reasoning-agent-eval-v3.1
2026-08-08T18:00:00+09:00,CMP-S03-L01-01,S03,S03-L01,1,running,160.3888,442.0536,103.4691,46.2544,0.8711,A,relation-reasoning-agent-eval-v3.1
2026-08-08T18:00:00+09:00,CMP-S03-L02-01,S03,S03-L02,1,running,166.2571,492.3875,99.3449,39.8704,-0.3615,A,relation-reasoning-agent-eval-v3.1
2026-08-08T18:00:00+09:00,CMP-S03-L03-01,S03,S03-L03,1,running,150.2427,465.9375,93.0118,42.4764,0.6674,A,relation-reasoning-agent-eval-v3.1
2026-08-08T18:00:00+09:00,CMP-S03-L04-01,S03,S03-L04,1,running,165.1964,439.8817,94.1835,38.2061,-0.1132,A,relation-reasoning-agent-eval-v3.1
2026-08-08T18:00:00+09:00,CMP-S03-L05-01,S03,S03-L05,1,running,172.6112,444.832,100.016,44.3769,0.6678,A,relation-reasoning-agent-eval-v3.1
2026-08-08T18:10:00+09:00,CMP-S03-L01-01,S03,S03-L01,1,running,171.69,439.1917,103.1298,45.7101,0.7704,A,relation-reasoning-agent-eval-v3.1
2026-08-08T18:10:00+09:00,CMP-S03-L02-01,S03,S03-L02,1,running,164.2249,428.6368,99.1538,40.8434,-0.1813,A,relation-reasoning-agent-eval-v3.1
2026-08-08T18:10:00+09:00,CMP-S03-L03-01,S03,S03-L03,1,running,169.7964,397.7867,95.4714,40.5355,0.308,A,relation-reasoning-agent-eval-v3.1
2026-08-08T18:10:00+09:00,CMP-S03-L04-01,S03,S03-L04,1,running,163.3452,438.7257,96.5498,38.8578,0.0075,A,relation-reasoning-agent-eval-v3.1
2026-08-08T18:10:00+09:00,CMP-S03-L05-01,S03,S03-L05,1,running,170.8288,441.8694,101.4511,37.5483,-0.5968,A,relation-reasoning-agent-eval-v3.1
2026-08-08T18:20:00+09:00,CMP-S03-L01-01,S03,S03-L01,1,running,165.7897,434.9493,105.9832,46.4203,0.9019,A,relation-reasoning-agent-eval-v3.1
2026-08-08T18:20:00+09:00,CMP-S03-L02-01,S03,S03-L02,1,running,168.8925,430.6723,101.0572,42.9878,0.2158,A,relation-reasoning-agent-eval-v3.1
2026-08-08T18:20:00+09:00,CMP-S03-L03-01,S03,S03-L03,1,running,171.2345,363.65,95.8061,36.4156,-0.455,A,relation-reasoning-agent-eval-v3.1
2026-08-08T18:20:00+09:00,CMP-S03-L04-01,S03,S03-L04,1,running,162.8653,503.2311,98.7503,39.3065,0.0906,A,relation-reasoning-agent-eval-v3.1
2026-08-08T18:20:00+09:00,CMP-S03-L05-01,S03,S03-L05,1,running,184.2748,436.8121,96.0317,33.7538,-1.2995,B,relation-reasoning-agent-eval-v3.1
2026-08-08T18:30:00+09:00,CMP-S03-L01-01,S03,S03-L01,1,running,149.4205,392.1947,93.556,43.6531,0.3894,A,relation-reasoning-agent-eval-v3.1
2026-08-08T18:30:00+09:00,CMP-S03-L02-01,S03,S03-L02,1,running,167.6864,421.6099,101.7772,44.3359,0.4654,A,relation-reasoning-agent-eval-v3.1
2026-08-08T18:30:00+09:00,CMP-S03-L03-01,S03,S03-L03,1,running,157.3538,374.5879,104.1017,26.0975,-2.3657,C,relation-reasoning-agent-eval-v3.1
2026-08-08T18:30:00+09:00,CMP-S03-L04-01,S03,S03-L04,1,running,150.7408,471.444,98.6398,35.5245,-0.6098,A,relation-reasoning-agent-eval-v3.1
2026-08-08T18:30:00+09:00,CMP-S03-L05-01,S03,S03-L05,1,running,178.8969,462.2887,97.5704,38.075,-0.4992,A,relation-reasoning-agent-eval-v3.1
2026-08-08T18:40:00+09:00,CMP-S03-L01-01,S03,S03-L01,1,running,152.1382,462.6701,100.4657,40.3156,-0.2286,A,relation-reasoning-agent-eval-v3.1
2026-08-08T18:40:00+09:00,CMP-S03-L02-01,S03,S03-L02,1,running,157.9512,429.8945,98.8934,48.8166,1.2952,B,relation-reasoning-agent-eval-v3.1
2026-08-08T18:40:00+09:00,CMP-S03-L03-01,S03,S03-L03,1,running,171.2396,330.8519,104.7895,32.3469,-1.2084,B,relation-reasoning-agent-eval-v3.1
2026-08-08T18:40:00+09:00,CMP-S03-L04-01,S03,S03-L04,1,running,152.6638,510.6928,103.197,40.5112,0.3137,A,relation-reasoning-agent-eval-v3.1
2026-08-08T18:40:00+09:00,CMP-S03-L05-01,S03,S03-L05,1,running,166.6077,451.7443,101.6225,39.8659,-0.1676,A,relation-reasoning-agent-eval-v3.1
2026-08-08T18:50:00+09:00,CMP-S03-L01-01,S03,S03-L01,1,running,171.7828,466.9619,102.9412,44.9228,0.6246,A,relation-reasoning-agent-eval-v3.1
2026-08-08T18:50:00+09:00,CMP-S03-L02-01,S03,S03-L02,1,running,171.9596,434.28,98.3372,49.6326,1.4463,B,relation-reasoning-agent-eval-v3.1
2026-08-08T18:50:00+09:00,CMP-S03-L03-01,S03,S03-L03,1,running,163.1838,335.6274,96.0403,32.6111,-1.1595,B,relation-reasoning-agent-eval-v3.1
2026-08-08T18:50:00+09:00,CMP-S03-L04-01,S03,S03-L04,1,running,169.7792,475.4466,103.2723,43.8971,0.9407,A,relation-reasoning-agent-eval-v3.1
2026-08-08T18:50:00+09:00,CMP-S03-L05-01,S03,S03-L05,1,running,182.0355,422.7218,108.5135,39.2666,-0.2786,A,relation-reasoning-agent-eval-v3.1
2026-08-08T19:00:00+09:00,CMP-S03-L01-01,S03,S03-L01,1,running,164.0801,442.5555,100.4212,43.4649,0.3546,A,relation-reasoning-agent-eval-v3.1
2026-08-08T19:00:00+09:00,CMP-S03-L02-01,S03,S03-L02,1,running,177.5372,412.2875,105.5828,49.3334,1.3909,B,relation-reasoning-agent-eval-v3.1
2026-08-08T19:00:00+09:00,CMP-S03-L03-01,S03,S03-L03,1,running,147.7787,338.3748,98.6261,38.7506,-0.0226,A,relation-reasoning-agent-eval-v3.1
2026-08-08T19:00:00+09:00,CMP-S03-L04-01,S03,S03-L04,1,running,160.372,487.1695,101.544,46.1331,1.3548,B,relation-reasoning-agent-eval-v3.1
2026-08-08T19:00:00+09:00,CMP-S03-L05-01,S03,S03-L05,1,running,183.6725,424.5321,110.797,39.3863,-0.2564,A,relation-reasoning-agent-eval-v3.1
2026-08-08T19:10:00+09:00,CMP-S03-L01-01,S03,S03-L01,1,running,153.2203,432.3314,100.2641,41.1914,-0.0664,A,relation-reasoning-agent-eval-v3.1
2026-08-08T19:10:00+09:00,CMP-S03-L02-01,S03,S03-L02,1,running,180.2192,454.3632,100.9699,47.6377,1.0769,B,relation-reasoning-agent-eval-v3.1
2026-08-08T19:10:00+09:00,CMP-S03-L03-01,S03,S03-L03,1,running,166.6333,358.7686,103.4061,41.2207,0.4349,A,relation-reasoning-agent-eval-v3.1
2026-08-08T19:10:00+09:00,CMP-S03-L04-01,S03,S03-L04,1,running,169.5934,513.7093,107.391,45.3683,1.2131,B,relation-reasoning-agent-eval-v3.1
2026-08-08T19:10:00+09:00,CMP-S03-L05-01,S03,S03-L05,1,running,166.5702,427.3031,109.393,37.3595,-0.6317,A,relation-reasoning-agent-eval-v3.1
2026-08-08T19:20:00+09:00,CMP-S03-L01-01,S03,S03-L01,1,running,144.6491,422.5953,102.0705,40.5472,-0.1857,A,relation-reasoning-agent-eval-v3.1
2026-08-08T19:20:00+09:00,CMP-S03-L02-01,S03,S03-L02,1,running,190.2013,445.6266,104.0788,50.3993,1.5883,B,relation-reasoning-agent-eval-v3.1
2026-08-08T19:20:00+09:00,CMP-S03-L03-01,S03,S03-L03,1,running,175.5856,404.5611,100.2875,45.3572,1.2009,B,relation-reasoning-agent-eval-v3.1
2026-08-08T19:20:00+09:00,CMP-S03-L04-01,S03,S03-L04,1,running,180.0428,511.5649,103.5581,42.4845,0.6791,A,relation-reasoning-agent-eval-v3.1
2026-08-08T19:20:00+09:00,CMP-S03-L05-01,S03,S03-L05,1,running,171.6394,414.451,108.9846,37.7145,-0.566,A,relation-reasoning-agent-eval-v3.1
2026-08-08T19:30:00+09:00,CMP-S03-L01-01,S03,S03-L01,1,running,153.7353,456.9164,94.3634,45.4804,0.7278,A,relation-reasoning-agent-eval-v3.1
2026-08-08T19:30:00+09:00,CMP-S03-L02-01,S03,S03-L02,1,running,182.0936,449.6161,99.9033,44.1524,0.4314,A,relation-reasoning-agent-eval-v3.1
2026-08-08T19:30:00+09:00,CMP-S03-L03-01,S03,S03-L03,1,running,165.8947,396.0964,103.7868,37.5443,-0.246,A,relation-reasoning-agent-eval-v3.1
2026-08-08T19:30:00+09:00,CMP-S03-L04-01,S03,S03-L04,1,running,184.5879,483.3748,104.7881,42.1051,0.6088,A,relation-reasoning-agent-eval-v3.1
2026-08-08T19:30:00+09:00,CMP-S03-L05-01,S03,S03-L05,1,running,180.4354,407.5779,106.2771,36.1848,-0.8493,A,relation-reasoning-agent-eval-v3.1
2026-08-08T19:40:00+09:00,CMP-S03-L01-01,S03,S03-L01,1,running,158.0137,463.467,90.4958,47.814,1.16,B,relation-reasoning-agent-eval-v3.1
2026-08-08T19:40:00+09:00,CMP-S03-L02-01,S03,S03-L02,1,running,160.7695,445.3792,105.4265,44.99,0.5866,A,relation-reasoning-agent-eval-v3.1
2026-08-08T19:40:00+09:00,CMP-S03-L03-01,S03,S03-L03,1,running,175.6738,380.2296,101.8623,46.7329,1.4556,B,relation-reasoning-agent-eval-v3.1
2026-08-08T19:40:00+09:00,CMP-S03-L04-01,S03,S03-L04,1,running,181.6351,483.9212,106.4054,36.5308,-0.4234,A,relation-reasoning-agent-eval-v3.1
2026-08-08T19:40:00+09:00,CMP-S03-L05-01,S03,S03-L05,1,running,195.1051,415.9937,105.3049,38.1363,-0.4879,A,relation-reasoning-agent-eval-v3.1
2026-08-08T19:50:00+09:00,CMP-S03-L01-01,S03,S03-L01,1,running,163.7334,469.6928,90.3511,49.0846,1.3953,B,relation-reasoning-agent-eval-v3.1
2026-08-08T19:50:00+09:00,CMP-S03-L02-01,S03,S03-L02,1,running,166.6591,396.7608,105.9697,38.0736,-0.6943,A,relation-reasoning-agent-eval-v3.1
2026-08-08T19:50:00+09:00,CMP-S03-L03-01,S03,S03-L03,1,running,180.0263,374.6371,94.4808,35.7783,-0.573,A,relation-reasoning-agent-eval-v3.1
2026-08-08T19:50:00+09:00,CMP-S03-L04-01,S03,S03-L04,1,running,180.8998,497.3802,109.5315,34.3788,-0.8219,A,relation-reasoning-agent-eval-v3.1
2026-08-08T19:50:00+09:00,CMP-S03-L05-01,S03,S03-L05,1,running,210.4065,458.7754,103.1064,36.5309,-0.7852,A,relation-reasoning-agent-eval-v3.1
2026-08-08T20:00:00+09:00,CMP-S03-L01-01,S03,S03-L01,1,running,160.6552,488.8747,84.1913,46.7629,0.9653,A,relation-reasoning-agent-eval-v3.1
2026-08-08T20:00:00+09:00,CMP-S03-L02-01,S03,S03-L02,1,running,172.2662,417.9599,103.7278,38.6608,-0.5855,A,relation-reasoning-agent-eval-v3.1
2026-08-08T20:00:00+09:00,CMP-S03-L03-01,S03,S03-L03,1,running,192.3444,383.8825,86.3682,35.3789,-0.647,A,relation-reasoning-agent-eval-v3.1
2026-08-08T20:00:00+09:00,CMP-S03-L04-01,S03,S03-L04,1,running,163.5401,493.6977,105.0978,42.3263,0.6498,A,relation-reasoning-agent-eval-v3.1
2026-08-08T20:00:00+09:00,CMP-S03-L05-01,S03,S03-L05,1,running,215.5541,431.2763,102.1213,42.1461,0.2547,A,relation-reasoning-agent-eval-v3.1
2026-08-08T20:10:00+09:00,CMP-S03-L01-01,S03,S03-L01,1,running,155.7993,492.2548,86.3664,47.471,1.0964,B,relation-reasoning-agent-eval-v3.1
2026-08-08T20:10:00+09:00,CMP-S03-L02-01,S03,S03-L02,1,running,168.7925,410.3823,96.9335,37.3994,-0.8191,A,relation-reasoning-agent-eval-v3.1
2026-08-08T20:10:00+09:00,CMP-S03-L03-01,S03,S03-L03,1,running,199.9509,389.8352,95.2146,37.6785,-0.2211,A,relation-reasoning-agent-eval-v3.1
2026-08-08T20:10:00+09:00,CMP-S03-L04-01,S03,S03-L04,1,running,180.5194,478.0527,101.5517,42.1488,0.6169,A,relation-reasoning-agent-eval-v3.1
2026-08-08T20:10:00+09:00,CMP-S03-L05-01,S03,S03-L05,1,running,200.5896,483.3752,100.0255,41.585,0.1507,A,relation-reasoning-agent-eval-v3.1
2026-08-08T20:20:00+09:00,CMP-S03-L01-01,S03,S03-L01,1,running,160.7982,493.4561,90.2135,49.7977,1.5273,B,relation-reasoning-agent-eval-v3.1
2026-08-08T20:20:00+09:00,CMP-S03-L02-01,S03,S03-L02,1,running,163.3513,414.1153,101.7007,34.7827,-1.3037,B,relation-reasoning-agent-eval-v3.1
2026-08-08T20:20:00+09:00,CMP-S03-L03-01,S03,S03-L03,1,running,197.3565,338.4691,98.7677,45.8804,1.2978,B,relation-reasoning-agent-eval-v3.1
2026-08-08T20:20:00+09:00,CMP-S03-L04-01,S03,S03-L04,1,running,177.183,454.4784,93.8658,43.2453,0.82,A,relation-reasoning-agent-eval-v3.1
2026-08-08T20:20:00+09:00,CMP-S03-L05-01,S03,S03-L05,1,running,205.6037,432.4295,104.803,45.1656,0.8138,A,relation-reasoning-agent-eval-v3.1
2026-08-08T20:30:00+09:00,CMP-S03-L01-01,S03,S03-L01,1,running,170.8118,497.2266,91.5278,46.6159,0.9381,A,relation-reasoning-agent-eval-v3.1
2026-08-08T20:30:00+09:00,CMP-S03-L02-01,S03,S03-L02,1,running,160.3739,397.4738,108.7171,39.4505,-0.4393,A,relation-reasoning-agent-eval-v3.1
2026-08-08T20:30:00+09:00,CMP-S03-L03-01,S03,S03-L03,1,running,208.4364,339.6267,98.7877,44.2814,1.0017,B,relation-reasoning-agent-eval-v3.1
2026-08-08T20:30:00+09:00,CMP-S03-L04-01,S03,S03-L04,1,running,167.279,468.697,103.8056,53.4249,2.7051,C,relation-reasoning-agent-eval-v3.1
2026-08-08T20:30:00+09:00,CMP-S03-L05-01,S03,S03-L05,1,running,199.2668,422.101,102.7301,39.2453,-0.2825,A,relation-reasoning-agent-eval-v3.1
2026-08-08T20:40:00+09:00,CMP-S03-L01-01,S03,S03-L01,1,running,173.8174,513.915,94.4338,43.6269,0.3846,A,relation-reasoning-agent-eval-v3.1
2026-08-08T20:40:00+09:00,CMP-S03-L02-01,S03,S03-L02,1,running,170.7202,411.7912,107.7395,41.6612,-0.0299,A,relation-reasoning-agent-eval-v3.1
2026-08-08T20:40:00+09:00,CMP-S03-L03-01,S03,S03-L03,1,running,189.6619,338.866,94.7466,43.9348,0.9375,A,relation-reasoning-agent-eval-v3.1
2026-08-08T20:40:00+09:00,CMP-S03-L04-01,S03,S03-L04,1,running,181.2001,446.5616,99.2417,48.3503,1.7654,B,relation-reasoning-agent-eval-v3.1
2026-08-08T20:40:00+09:00,CMP-S03-L05-01,S03,S03-L05,1,running,203.8546,359.1458,106.4755,33.8292,-1.2855,B,relation-reasoning-agent-eval-v3.1
2026-08-08T20:50:00+09:00,CMP-S03-L01-01,S03,S03-L01,1,running,168.5203,478.5044,95.2757,38.2041,-0.6197,A,relation-reasoning-agent-eval-v3.1
2026-08-08T20:50:00+09:00,CMP-S03-L02-01,S03,S03-L02,1,running,172.5512,460.8154,102.0216,46.1066,0.7933,A,relation-reasoning-agent-eval-v3.1
2026-08-08T20:50:00+09:00,CMP-S03-L03-01,S03,S03-L03,1,running,188.8692,403.709,99.0772,43.5728,0.8704,A,relation-reasoning-agent-eval-v3.1
2026-08-08T20:50:00+09:00,CMP-S03-L04-01,S03,S03-L04,1,running,185.1343,447.1712,110.7803,45.5007,1.2377,B,relation-reasoning-agent-eval-v3.1
2026-08-08T20:50:00+09:00,CMP-S03-L05-01,S03,S03-L05,1,running,199.5947,393.1032,106.6997,29.3451,-2.1159,C,relation-reasoning-agent-eval-v3.1
2026-08-08T21:00:00+09:00,CMP-S03-L01-01,S03,S03-L01,1,running,191.9159,502.7726,97.2316,38.8384,-0.5022,A,relation-reasoning-agent-eval-v3.1
2026-08-08T21:00:00+09:00,CMP-S03-L02-01,S03,S03-L02,1,running,182.1599,502.0995,105.4144,43.3616,0.285,A,relation-reasoning-agent-eval-v3.1
2026-08-08T21:00:00+09:00,CMP-S03-L03-01,S03,S03-L03,1,running,176.0121,411.1124,101.6025,42.7573,0.7194,A,relation-reasoning-agent-eval-v3.1
2026-08-08T21:00:00+09:00,CMP-S03-L04-01,S03,S03-L04,1,running,174.8896,408.2057,112.1589,40.3191,0.2781,A,relation-reasoning-agent-eval-v3.1
2026-08-08T21:00:00+09:00,CMP-S03-L05-01,S03,S03-L05,1,running,196.4345,451.422,109.0679,34.2684,-1.2042,B,relation-reasoning-agent-eval-v3.1
2026-08-08T21:10:00+09:00,CMP-S03-L01-01,S03,S03-L01,1,running,190.7496,481.7493,92.0271,37.3948,-0.7695,A,relation-reasoning-agent-eval-v3.1
2026-08-08T21:10:00+09:00,CMP-S03-L02-01,S03,S03-L02,1,running,151.7781,463.8113,102.8281,43.7318,0.3535,A,relation-reasoning-agent-eval-v3.1
2026-08-08T21:10:00+09:00,CMP-S03-L03-01,S03,S03-L03,1,running,172.4123,415.5559,102.6818,41.5004,0.4867,A,relation-reasoning-agent-eval-v3.1
2026-08-08T21:10:00+09:00,CMP-S03-L04-01,S03,S03-L04,1,running,164.922,439.562,110.4461,36.5724,-0.4157,A,relation-reasoning-agent-eval-v3.1
2026-08-08T21:10:00+09:00,CMP-S03-L05-01,S03,S03-L05,1,running,178.1126,442.9042,102.511,31.5702,-1.7038,B,relation-reasoning-agent-eval-v3.1
2026-08-08T21:20:00+09:00,CMP-S03-L01-01,S03,S03-L01,1,running,189.0305,432.7677,102.9161,44.0398,0.461,A,relation-reasoning-agent-eval-v3.1
2026-08-08T21:20:00+09:00,CMP-S03-L02-01,S03,S03-L02,1,running,151.0802,438.9925,100.5984,39.9082,-0.3545,A,relation-reasoning-agent-eval-v3.1
2026-08-08T21:20:00+09:00,CMP-S03-L03-01,S03,S03-L03,1,running,167.9779,376.6668,99.5724,41.1288,0.4178,A,relation-reasoning-agent-eval-v3.1
2026-08-08T21:20:00+09:00,CMP-S03-L04-01,S03,S03-L04,1,running,164.0754,437.375,110.8707,35.5839,-0.5988,A,relation-reasoning-agent-eval-v3.1
2026-08-08T21:20:00+09:00,CMP-S03-L05-01,S03,S03-L05,1,running,175.2623,456.7331,103.0448,28.0938,-2.3476,C,relation-reasoning-agent-eval-v3.1
2026-08-08T21:30:00+09:00,CMP-S03-L01-01,S03,S03-L01,1,running,170.6657,435.8633,103.4853,44.1972,0.4902,A,relation-reasoning-agent-eval-v3.1
2026-08-08T21:30:00+09:00,CMP-S03-L02-01,S03,S03-L02,1,running,159.9968,452.5162,107.4514,47.002,0.9591,A,relation-reasoning-agent-eval-v3.1
2026-08-08T21:30:00+09:00,CMP-S03-L03-01,S03,S03-L03,1,running,171.8223,359.2658,93.3628,40.331,0.2701,A,relation-reasoning-agent-eval-v3.1
2026-08-08T21:30:00+09:00,CMP-S03-L04-01,S03,S03-L04,1,running,172.5751,403.9976,109.3952,31.8107,-1.2975,B,relation-reasoning-agent-eval-v3.1
2026-08-08T21:30:00+09:00,CMP-S03-L05-01,S03,S03-L05,1,running,160.61,499.152,105.8709,32.9611,-1.4463,B,relation-reasoning-agent-eval-v3.1
2026-08-08T21:40:00+09:00,CMP-S03-L01-01,S03,S03-L01,1,running,189.3933,448.8476,103.9683,41.7346,0.0341,A,relation-reasoning-agent-eval-v3.1
2026-08-08T21:40:00+09:00,CMP-S03-L02-01,S03,S03-L02,1,running,152.8836,472.3199,110.3063,44.3087,0.4604,A,relation-reasoning-agent-eval-v3.1
2026-08-08T21:40:00+09:00,CMP-S03-L03-01,S03,S03-L03,1,running,171.1357,344.5622,102.0574,46.2506,1.3663,B,relation-reasoning-agent-eval-v3.1
2026-08-08T21:40:00+09:00,CMP-S03-L04-01,S03,S03-L04,1,running,170.0585,479.4406,111.6341,26.1281,-2.3499,C,relation-reasoning-agent-eval-v3.1
2026-08-08T21:40:00+09:00,CMP-S03-L05-01,S03,S03-L05,1,running,160.0435,524.2146,103.3407,32.1031,-1.6052,B,relation-reasoning-agent-eval-v3.1
2026-08-08T21:50:00+09:00,CMP-S03-L01-01,S03,S03-L01,1,running,200.5201,435.678,109.9906,39.3548,-0.4066,A,relation-reasoning-agent-eval-v3.1
2026-08-08T21:50:00+09:00,CMP-S03-L02-01,S03,S03-L02,1,running,156.9559,474.0321,107.295,51.7611,1.8405,B,relation-reasoning-agent-eval-v3.1
2026-08-08T21:50:00+09:00,CMP-S03-L03-01,S03,S03-L03,1,running,166.3051,342.89,99.9741,47.6497,1.6254,B,relation-reasoning-agent-eval-v3.1
2026-08-08T21:50:00+09:00,CMP-S03-L04-01,S03,S03-L04,1,running,182.6679,429.6718,105.1649,24.6118,-2.6307,C,relation-reasoning-agent-eval-v3.1
2026-08-08T21:50:00+09:00,CMP-S03-L05-01,S03,S03-L05,1,running,150.8355,461.0117,104.22,40.8484,0.0143,A,relation-reasoning-agent-eval-v3.1
2026-08-08T22:00:00+09:00,CMP-S03-L01-01,S03,S03-L01,1,running,200.3226,454.3435,110.4187,40.6484,-0.167,A,relation-reasoning-agent-eval-v3.1
2026-08-08T22:00:00+09:00,CMP-S03-L02-01,S03,S03-L02,1,running,136.9028,495.6212,105.7181,44.4367,0.4841,A,relation-reasoning-agent-eval-v3.1
2026-08-08T22:00:00+09:00,CMP-S03-L03-01,S03,S03-L03,1,running,174.7367,341.2619,105.65,49.2833,1.9279,B,relation-reasoning-agent-eval-v3.1
2026-08-08T22:00:00+09:00,CMP-S03-L04-01,S03,S03-L04,1,running,188.647,456.4025,104.7601,22.9708,-2.9345,C,relation-reasoning-agent-eval-v3.1
2026-08-08T22:00:00+09:00,CMP-S03-L05-01,S03,S03-L05,1,running,170.414,429.6088,103.3646,39.1511,-0.3,A,relation-reasoning-agent-eval-v3.1
2026-08-08T22:10:00+09:00,CMP-S03-L01-01,S03,S03-L01,1,running,195.731,435.5428,100.5859,40.015,-0.2843,A,relation-reasoning-agent-eval-v3.1
2026-08-08T22:10:00+09:00,CMP-S03-L02-01,S03,S03-L02,1,running,140.2832,526.8895,108.7009,52.0332,1.8908,B,relation-reasoning-agent-eval-v3.1
2026-08-08T22:10:00+09:00,CMP-S03-L03-01,S03,S03-L03,1,running,164.5671,356.8696,96.8095,37.8999,-0.1801,A,relation-reasoning-agent-eval-v3.1
2026-08-08T22:10:00+09:00,CMP-S03-L04-01,S03,S03-L04,1,running,184.3043,491.9454,107.6253,28.5096,-1.9088,B,relation-reasoning-agent-eval-v3.1
2026-08-08T22:10:00+09:00,CMP-S03-L05-01,S03,S03-L05,1,running,165.7899,459.6803,103.4477,39.4699,-0.2409,A,relation-reasoning-agent-eval-v3.1
2026-08-08T22:20:00+09:00,CMP-S03-L01-01,S03,S03-L01,1,running,184.0906,443.6729,99.8247,39.607,-0.3599,A,relation-reasoning-agent-eval-v3.1
2026-08-08T22:20:00+09:00,CMP-S03-L02-01,S03,S03-L02,1,running,149.4525,485.0265,108.0046,49.8185,1.4807,B,relation-reasoning-agent-eval-v3.1
2026-08-08T22:20:00+09:00,CMP-S03-L03-01,S03,S03-L03,1,running,157.4064,377.9095,99.1191,42.4834,0.6687,A,relation-reasoning-agent-eval-v3.1
2026-08-08T22:20:00+09:00,CMP-S03-L04-01,S03,S03-L04,1,running,175.3905,468.2676,106.4283,25.7464,-2.4206,C,relation-reasoning-agent-eval-v3.1
2026-08-08T22:20:00+09:00,CMP-S03-L05-01,S03,S03-L05,1,running,161.9204,467.906,105.3664,44.6723,0.7225,A,relation-reasoning-agent-eval-v3.1
2026-08-08T22:30:00+09:00,CMP-S03-L01-01,S03,S03-L01,1,running,191.1739,467.6121,94.4735,33.9772,-1.4024,B,relation-reasoning-agent-eval-v3.1
2026-08-08T22:30:00+09:00,CMP-S03-L02-01,S03,S03-L02,1,running,162.2308,409.3722,107.006,46.7159,0.9062,A,relation-reasoning-agent-eval-v3.1
2026-08-08T22:30:00+09:00,CMP-S03-L03-01,S03,S03-L03,1,running,164.178,411.7918,96.4401,45.7297,1.2699,B,relation-reasoning-agent-eval-v3.1
2026-08-08T22:30:00+09:00,CMP-S03-L04-01,S03,S03-L04,1,running,154.9032,479.9832,103.9985,32.8097,-1.1125,B,relation-reasoning-agent-eval-v3.1
2026-08-08T22:30:00+09:00,CMP-S03-L05-01,S03,S03-L05,1,running,154.801,444.4825,102.3811,47.9978,1.3383,B,relation-reasoning-agent-eval-v3.1
2026-08-08T22:40:00+09:00,CMP-S03-L01-01,S03,S03-L01,1,running,183.6771,448.5274,93.4732,38.1836,-0.6234,A,relation-reasoning-agent-eval-v3.1
2026-08-08T22:40:00+09:00,CMP-S03-L02-01,S03,S03-L02,1,running,164.7751,427.2603,110.5821,44.7279,0.538,A,relation-reasoning-agent-eval-v3.1
2026-08-08T22:40:00+09:00,CMP-S03-L03-01,S03,S03-L03,1,running,165.8903,407.8031,93.8273,47.81,1.6551,B,relation-reasoning-agent-eval-v3.1
2026-08-08T22:40:00+09:00,CMP-S03-L04-01,S03,S03-L04,1,running,156.2991,490.1942,105.5401,40.0288,0.2243,A,relation-reasoning-agent-eval-v3.1
2026-08-08T22:40:00+09:00,CMP-S03-L05-01,S03,S03-L05,1,running,160.1853,460.7727,103.5622,42.4503,0.311,A,relation-reasoning-agent-eval-v3.1
2026-08-08T22:50:00+09:00,CMP-S03-L01-01,S03,S03-L01,1,running,187.4723,477.9873,90.6312,37.7083,-0.7115,A,relation-reasoning-agent-eval-v3.1
2026-08-08T22:50:00+09:00,CMP-S03-L02-01,S03,S03-L02,1,running,165.7274,506.3747,115.4857,37.4039,-0.8183,A,relation-reasoning-agent-eval-v3.1
2026-08-08T22:50:00+09:00,CMP-S03-L03-01,S03,S03-L03,1,running,175.5845,421.8415,98.9392,41.4567,0.4786,A,relation-reasoning-agent-eval-v3.1
2026-08-08T22:50:00+09:00,CMP-S03-L04-01,S03,S03-L04,1,running,181.3913,463.1836,105.1433,34.5095,-0.7978,A,relation-reasoning-agent-eval-v3.1
2026-08-08T22:50:00+09:00,CMP-S03-L05-01,S03,S03-L05,1,running,159.7739,460.5389,103.0941,50.8021,1.8576,B,relation-reasoning-agent-eval-v3.1
2026-08-08T23:00:00+09:00,CMP-S03-L01-01,S03,S03-L01,1,running,166.1416,458.1099,98.1962,39.1913,-0.4368,A,relation-reasoning-agent-eval-v3.1
2026-08-08T23:00:00+09:00,CMP-S03-L02-01,S03,S03-L02,1,running,175.0523,490.4494,112.7721,40.8379,-0.1824,A,relation-reasoning-agent-eval-v3.1
2026-08-08T23:00:00+09:00,CMP-S03-L03-01,S03,S03-L03,1,running,187.2951,434.684,94.2945,36.9546,-0.3552,A,relation-reasoning-agent-eval-v3.1
2026-08-08T23:00:00+09:00,CMP-S03-L04-01,S03,S03-L04,1,running,173.5737,485.6645,116.4448,35.4736,-0.6192,A,relation-reasoning-agent-eval-v3.1
2026-08-08T23:00:00+09:00,CMP-S03-L05-01,S03,S03-L05,1,running,171.0709,464.4289,101.3377,51.1016,1.9131,B,relation-reasoning-agent-eval-v3.1
