observed_at,asset_id,site_id,cell_id,is_operating,operating_state,voltage_raw,rotation_raw,pressure_raw,vibration_raw,relative_vibration_z,relative_vibration_zone,generator_version
2026-08-17T23:00:00+09:00,CMP-S02-L01-01,S02,S02-L01,1,running,194.7683,434.1301,93.9075,39.6068,0.0891,A,relation-reasoning-agent-eval-v3.1
2026-08-17T23:00:00+09:00,CMP-S02-L02-01,S02,S02-L02,1,running,154.2037,424.6363,102.6393,44.6711,0.8386,A,relation-reasoning-agent-eval-v3.1
2026-08-17T23:00:00+09:00,CMP-S02-L03-01,S02,S02-L03,1,running,183.0798,464.0055,102.5985,40.4861,-0.2143,A,relation-reasoning-agent-eval-v3.1
2026-08-17T23:00:00+09:00,CMP-S02-L04-01,S02,S02-L04,1,running,191.9009,532.0586,104.9721,34.5463,-1.3672,B,relation-reasoning-agent-eval-v3.1
2026-08-17T23:00:00+09:00,CMP-S02-L05-01,S02,S02-L05,1,running,172.459,403.6205,99.2505,36.2238,-0.7613,A,relation-reasoning-agent-eval-v3.1
2026-08-17T23:10:00+09:00,CMP-S02-L01-01,S02,S02-L01,1,running,189.3953,489.4977,100.6536,36.4146,-0.5021,A,relation-reasoning-agent-eval-v3.1
2026-08-17T23:10:00+09:00,CMP-S02-L02-01,S02,S02-L02,1,running,151.4058,439.7443,106.5648,40.3911,0.046,A,relation-reasoning-agent-eval-v3.1
2026-08-17T23:10:00+09:00,CMP-S02-L03-01,S02,S02-L03,1,running,182.5801,456.1578,100.1089,41.2376,-0.0751,A,relation-reasoning-agent-eval-v3.1
2026-08-17T23:10:00+09:00,CMP-S02-L04-01,S02,S02-L04,1,running,182.521,508.0893,103.4083,35.1169,-1.2615,B,relation-reasoning-agent-eval-v3.1
2026-08-17T23:10:00+09:00,CMP-S02-L05-01,S02,S02-L05,1,running,177.8996,419.5293,93.9916,46.357,1.1152,B,relation-reasoning-agent-eval-v3.1
2026-08-17T23:20:00+09:00,CMP-S02-L01-01,S02,S02-L01,1,running,187.8203,468.2969,99.0356,37.2152,-0.3538,A,relation-reasoning-agent-eval-v3.1
2026-08-17T23:20:00+09:00,CMP-S02-L02-01,S02,S02-L02,1,running,169.9888,487.836,109.987,44.9192,0.8845,A,relation-reasoning-agent-eval-v3.1
2026-08-17T23:20:00+09:00,CMP-S02-L03-01,S02,S02-L03,1,running,185.5976,454.2268,97.375,37.0664,-0.8476,A,relation-reasoning-agent-eval-v3.1
2026-08-17T23:20:00+09:00,CMP-S02-L04-01,S02,S02-L04,1,running,184.3004,503.2401,111.6077,38.3874,-0.6559,A,relation-reasoning-agent-eval-v3.1
2026-08-17T23:20:00+09:00,CMP-S02-L05-01,S02,S02-L05,1,running,172.9982,404.5404,95.713,40.1403,-0.0361,A,relation-reasoning-agent-eval-v3.1
2026-08-17T23:30:00+09:00,CMP-S02-L01-01,S02,S02-L01,1,running,166.1725,462.293,95.0869,40.9732,0.3421,A,relation-reasoning-agent-eval-v3.1
2026-08-17T23:30:00+09:00,CMP-S02-L02-01,S02,S02-L02,1,running,156.7703,503.5509,107.288,44.2705,0.7644,A,relation-reasoning-agent-eval-v3.1
2026-08-17T23:30:00+09:00,CMP-S02-L03-01,S02,S02-L03,1,running,181.3933,449.6736,93.6861,41.1232,-0.0963,A,relation-reasoning-agent-eval-v3.1
2026-08-17T23:30:00+09:00,CMP-S02-L04-01,S02,S02-L04,1,running,188.4949,476.0214,101.7606,42.7669,0.1551,A,relation-reasoning-agent-eval-v3.1
2026-08-17T23:30:00+09:00,CMP-S02-L05-01,S02,S02-L05,1,running,169.8473,377.2814,86.6726,38.8816,-0.2691,A,relation-reasoning-agent-eval-v3.1
2026-08-17T23:40:00+09:00,CMP-S02-L01-01,S02,S02-L01,1,running,159.5561,479.6979,101.0333,40.0321,0.1679,A,relation-reasoning-agent-eval-v3.1
2026-08-17T23:40:00+09:00,CMP-S02-L02-01,S02,S02-L02,1,running,148.1407,517.6925,108.6091,44.8562,0.8729,A,relation-reasoning-agent-eval-v3.1
2026-08-17T23:40:00+09:00,CMP-S02-L03-01,S02,S02-L03,1,running,167.8862,445.5924,88.689,40.6544,-0.1831,A,relation-reasoning-agent-eval-v3.1
2026-08-17T23:40:00+09:00,CMP-S02-L04-01,S02,S02-L04,1,running,183.6196,396.9077,99.6929,37.0807,-0.8979,A,relation-reasoning-agent-eval-v3.1
2026-08-17T23:40:00+09:00,CMP-S02-L05-01,S02,S02-L05,1,running,154.4933,402.516,89.7227,42.4738,0.3961,A,relation-reasoning-agent-eval-v3.1
2026-08-17T23:50:00+09:00,CMP-S02-L01-01,S02,S02-L01,1,running,176.1927,442.5958,106.0608,35.7302,-0.6288,A,relation-reasoning-agent-eval-v3.1
2026-08-17T23:50:00+09:00,CMP-S02-L02-01,S02,S02-L02,1,running,163.6,448.3239,99.2976,40.0973,-0.0084,A,relation-reasoning-agent-eval-v3.1
2026-08-17T23:50:00+09:00,CMP-S02-L03-01,S02,S02-L03,1,running,162.6044,457.4698,91.258,38.9378,-0.501,A,relation-reasoning-agent-eval-v3.1
2026-08-17T23:50:00+09:00,CMP-S02-L04-01,S02,S02-L04,1,running,199.4557,373.1934,102.1241,34.6459,-1.3488,B,relation-reasoning-agent-eval-v3.1
2026-08-17T23:50:00+09:00,CMP-S02-L05-01,S02,S02-L05,1,running,165.9685,399.1952,87.1512,48.719,1.5526,B,relation-reasoning-agent-eval-v3.1
2026-08-18T00:00:00+09:00,CMP-S02-L01-01,S02,S02-L01,1,running,177.6584,430.5723,102.0656,35.0747,-0.7502,A,relation-reasoning-agent-eval-v3.1
2026-08-18T00:00:00+09:00,CMP-S02-L02-01,S02,S02-L02,1,running,164.7632,432.9977,95.5536,39.9103,-0.043,A,relation-reasoning-agent-eval-v3.1
2026-08-18T00:00:00+09:00,CMP-S02-L03-01,S02,S02-L03,1,running,173.7377,376.4051,86.0981,39.693,-0.3611,A,relation-reasoning-agent-eval-v3.1
2026-08-18T00:00:00+09:00,CMP-S02-L04-01,S02,S02-L04,1,running,168.3127,413.087,110.0726,37.5219,-0.8161,A,relation-reasoning-agent-eval-v3.1
2026-08-18T00:00:00+09:00,CMP-S02-L05-01,S02,S02-L05,1,running,156.6484,416.8511,94.2435,40.5683,0.0432,A,relation-reasoning-agent-eval-v3.1
2026-08-18T00:10:00+09:00,CMP-S02-L01-01,S02,S02-L01,1,running,174.9462,486.6554,103.7933,39.0547,-0.0131,A,relation-reasoning-agent-eval-v3.1
2026-08-18T00:10:00+09:00,CMP-S02-L02-01,S02,S02-L02,1,running,183.0892,458.4086,98.8476,40.3318,0.035,A,relation-reasoning-agent-eval-v3.1
2026-08-18T00:10:00+09:00,CMP-S02-L03-01,S02,S02-L03,1,running,185.8849,379.7546,84.6287,40.6747,-0.1794,A,relation-reasoning-agent-eval-v3.1
2026-08-18T00:10:00+09:00,CMP-S02-L04-01,S02,S02-L04,1,running,175.0769,441.2173,107.108,37.554,-0.8102,A,relation-reasoning-agent-eval-v3.1
2026-08-18T00:10:00+09:00,CMP-S02-L05-01,S02,S02-L05,1,running,165.7775,392.8262,93.7142,43.2782,0.545,A,relation-reasoning-agent-eval-v3.1
2026-08-18T00:20:00+09:00,CMP-S02-L01-01,S02,S02-L01,1,running,188.7382,477.3033,103.6569,35.4724,-0.6765,A,relation-reasoning-agent-eval-v3.1
2026-08-18T00:20:00+09:00,CMP-S02-L02-01,S02,S02-L02,1,running,176.6665,456.1209,94.3378,42.5579,0.4473,A,relation-reasoning-agent-eval-v3.1
2026-08-18T00:20:00+09:00,CMP-S02-L03-01,S02,S02-L03,1,running,172.1046,427.9409,87.0653,35.9806,-1.0486,B,relation-reasoning-agent-eval-v3.1
2026-08-18T00:20:00+09:00,CMP-S02-L04-01,S02,S02-L04,1,running,186.354,459.6193,103.6779,37.0521,-0.9032,A,relation-reasoning-agent-eval-v3.1
2026-08-18T00:20:00+09:00,CMP-S02-L05-01,S02,S02-L05,1,running,145.2541,397.5533,92.6426,40.8005,0.0862,A,relation-reasoning-agent-eval-v3.1
2026-08-18T00:30:00+09:00,CMP-S02-L01-01,S02,S02-L01,1,running,166.7184,441.9322,104.4061,37.7137,-0.2615,A,relation-reasoning-agent-eval-v3.1
2026-08-18T00:30:00+09:00,CMP-S02-L02-01,S02,S02-L02,1,running,164.0632,464.956,93.0436,36.6613,-0.6447,A,relation-reasoning-agent-eval-v3.1
2026-08-18T00:30:00+09:00,CMP-S02-L03-01,S02,S02-L03,1,running,183.702,464.2721,89.0909,32.6738,-1.661,B,relation-reasoning-agent-eval-v3.1
2026-08-18T00:30:00+09:00,CMP-S02-L04-01,S02,S02-L04,1,running,181.4564,483.8805,104.9475,32.8455,-1.6822,B,relation-reasoning-agent-eval-v3.1
2026-08-18T00:30:00+09:00,CMP-S02-L05-01,S02,S02-L05,1,running,146.0808,427.79,86.1801,45.1259,0.8872,A,relation-reasoning-agent-eval-v3.1
2026-08-18T00:40:00+09:00,CMP-S02-L01-01,S02,S02-L01,1,running,165.2984,468.7035,102.4304,44.7508,1.0417,B,relation-reasoning-agent-eval-v3.1
2026-08-18T00:40:00+09:00,CMP-S02-L02-01,S02,S02-L02,1,running,172.3155,472.9713,99.1203,41.5743,0.2651,A,relation-reasoning-agent-eval-v3.1
2026-08-18T00:40:00+09:00,CMP-S02-L03-01,S02,S02-L03,1,running,191.0633,460.4393,94.996,29.6045,-2.2294,C,relation-reasoning-agent-eval-v3.1
2026-08-18T00:40:00+09:00,CMP-S02-L04-01,S02,S02-L04,1,running,201.4847,491.6799,105.7665,41.2551,-0.1248,A,relation-reasoning-agent-eval-v3.1
2026-08-18T00:40:00+09:00,CMP-S02-L05-01,S02,S02-L05,1,running,153.6131,414.1849,87.3749,47.3768,1.304,B,relation-reasoning-agent-eval-v3.1
2026-08-18T00:50:00+09:00,CMP-S02-L01-01,S02,S02-L01,1,running,166.0209,468.128,103.4481,48.9642,1.822,B,relation-reasoning-agent-eval-v3.1
2026-08-18T00:50:00+09:00,CMP-S02-L02-01,S02,S02-L02,1,running,161.4641,460.7044,97.6797,39.8727,-0.05,A,relation-reasoning-agent-eval-v3.1
2026-08-18T00:50:00+09:00,CMP-S02-L03-01,S02,S02-L03,1,running,185.249,368.3297,95.3443,39.0733,-0.4759,A,relation-reasoning-agent-eval-v3.1
2026-08-18T00:50:00+09:00,CMP-S02-L04-01,S02,S02-L04,1,running,190.4098,484.7719,102.9301,44.3429,0.447,A,relation-reasoning-agent-eval-v3.1
2026-08-18T00:50:00+09:00,CMP-S02-L05-01,S02,S02-L05,1,running,159.591,405.4176,89.6435,44.2414,0.7234,A,relation-reasoning-agent-eval-v3.1
2026-08-18T01:00:00+09:00,CMP-S02-L01-01,S02,S02-L01,1,running,149.8139,464.9896,100.7236,50.0611,2.0251,C,relation-reasoning-agent-eval-v3.1
2026-08-18T01:00:00+09:00,CMP-S02-L02-01,S02,S02-L02,1,running,154.7388,479.9986,95.1891,35.0578,-0.9416,A,relation-reasoning-agent-eval-v3.1
2026-08-18T01:00:00+09:00,CMP-S02-L03-01,S02,S02-L03,1,running,168.2148,416.6074,98.8695,43.4285,0.3306,A,relation-reasoning-agent-eval-v3.1
2026-08-18T01:00:00+09:00,CMP-S02-L04-01,S02,S02-L04,1,running,198.426,476.3393,106.7176,42.4891,0.1037,A,relation-reasoning-agent-eval-v3.1
2026-08-18T01:00:00+09:00,CMP-S02-L05-01,S02,S02-L05,1,running,168.7116,436.8889,95.5755,45.7535,1.0034,B,relation-reasoning-agent-eval-v3.1
2026-08-18T01:10:00+09:00,CMP-S02-L01-01,S02,S02-L01,1,running,167.456,454.7317,91.2656,54.659,2.8765,C,relation-reasoning-agent-eval-v3.1
2026-08-18T01:10:00+09:00,CMP-S02-L02-01,S02,S02-L02,1,running,178.1319,501.1155,96.5305,37.9136,-0.4128,A,relation-reasoning-agent-eval-v3.1
2026-08-18T01:10:00+09:00,CMP-S02-L03-01,S02,S02-L03,1,running,184.4538,408.7071,91.8079,41.1324,-0.0946,A,relation-reasoning-agent-eval-v3.1
2026-08-18T01:10:00+09:00,CMP-S02-L04-01,S02,S02-L04,1,running,190.593,487.7953,105.8722,46.6791,0.8796,A,relation-reasoning-agent-eval-v3.1
2026-08-18T01:10:00+09:00,CMP-S02-L05-01,S02,S02-L05,1,running,159.7453,443.6856,92.4859,48.5301,1.5176,B,relation-reasoning-agent-eval-v3.1
2026-08-18T01:20:00+09:00,CMP-S02-L01-01,S02,S02-L01,1,running,188.0861,490.857,94.5746,48.3127,1.7013,B,relation-reasoning-agent-eval-v3.1
2026-08-18T01:20:00+09:00,CMP-S02-L02-01,S02,S02-L02,1,running,167.7966,422.5068,97.1579,40.5503,0.0755,A,relation-reasoning-agent-eval-v3.1
2026-08-18T01:20:00+09:00,CMP-S02-L03-01,S02,S02-L03,1,running,188.3329,396.3102,97.9958,46.4621,0.8924,A,relation-reasoning-agent-eval-v3.1
2026-08-18T01:20:00+09:00,CMP-S02-L04-01,S02,S02-L04,1,running,187.9309,499.4124,109.5312,42.9926,0.1969,A,relation-reasoning-agent-eval-v3.1
2026-08-18T01:20:00+09:00,CMP-S02-L05-01,S02,S02-L05,1,running,163.096,417.8342,96.1492,44.7073,0.8097,A,relation-reasoning-agent-eval-v3.1
2026-08-18T01:30:00+09:00,CMP-S02-L01-01,S02,S02-L01,1,running,180.8523,513.1298,93.4635,47.9189,1.6284,B,relation-reasoning-agent-eval-v3.1
2026-08-18T01:30:00+09:00,CMP-S02-L02-01,S02,S02-L02,1,running,149.1607,399.9617,99.1781,43.8692,0.6901,A,relation-reasoning-agent-eval-v3.1
2026-08-18T01:30:00+09:00,CMP-S02-L03-01,S02,S02-L03,1,running,184.7288,390.4337,92.4499,46.4069,0.8822,A,relation-reasoning-agent-eval-v3.1
2026-08-18T01:30:00+09:00,CMP-S02-L04-01,S02,S02-L04,1,running,184.3098,494.5237,103.4807,41.5424,-0.0716,A,relation-reasoning-agent-eval-v3.1
2026-08-18T01:30:00+09:00,CMP-S02-L05-01,S02,S02-L05,1,running,169.5911,421.3831,91.4266,37.4344,-0.5371,A,relation-reasoning-agent-eval-v3.1
2026-08-18T01:40:00+09:00,CMP-S02-L01-01,S02,S02-L01,1,running,168.4438,462.1496,94.0318,45.2103,1.1268,B,relation-reasoning-agent-eval-v3.1
2026-08-18T01:40:00+09:00,CMP-S02-L02-01,S02,S02-L02,1,running,156.3448,428.7119,99.5564,37.9327,-0.4093,A,relation-reasoning-agent-eval-v3.1
2026-08-18T01:40:00+09:00,CMP-S02-L03-01,S02,S02-L03,1,running,183.8159,443.0215,90.7303,43.1737,0.2834,A,relation-reasoning-agent-eval-v3.1
2026-08-18T01:40:00+09:00,CMP-S02-L04-01,S02,S02-L04,1,running,190.3369,509.5606,107.3902,42.5871,0.1218,A,relation-reasoning-agent-eval-v3.1
2026-08-18T01:40:00+09:00,CMP-S02-L05-01,S02,S02-L05,1,running,161.4857,399.4737,91.7898,37.1134,-0.5966,A,relation-reasoning-agent-eval-v3.1
2026-08-18T01:50:00+09:00,CMP-S02-L01-01,S02,S02-L01,1,running,172.8072,415.7916,94.8837,47.1133,1.4792,B,relation-reasoning-agent-eval-v3.1
2026-08-18T01:50:00+09:00,CMP-S02-L02-01,S02,S02-L02,1,running,155.496,432.2165,99.9675,43.2526,0.5759,A,relation-reasoning-agent-eval-v3.1
2026-08-18T01:50:00+09:00,CMP-S02-L03-01,S02,S02-L03,1,running,191.769,402.5624,91.6238,44.9647,0.6151,A,relation-reasoning-agent-eval-v3.1
2026-08-18T01:50:00+09:00,CMP-S02-L04-01,S02,S02-L04,1,running,175.5642,499.5566,118.1298,43.6973,0.3274,A,relation-reasoning-agent-eval-v3.1
2026-08-18T01:50:00+09:00,CMP-S02-L05-01,S02,S02-L05,1,running,178.2012,425.0054,89.5071,31.4219,-1.6506,B,relation-reasoning-agent-eval-v3.1
2026-08-18T02:00:00+09:00,CMP-S02-L01-01,S02,S02-L01,1,running,159.6325,468.1946,94.5412,44.5858,1.0111,B,relation-reasoning-agent-eval-v3.1
2026-08-18T02:00:00+09:00,CMP-S02-L02-01,S02,S02-L02,1,running,168.0273,404.8656,101.0681,40.4483,0.0566,A,relation-reasoning-agent-eval-v3.1
2026-08-18T02:00:00+09:00,CMP-S02-L03-01,S02,S02-L03,1,running,199.0786,384.0595,94.8874,50.8441,1.7039,B,relation-reasoning-agent-eval-v3.1
2026-08-18T02:00:00+09:00,CMP-S02-L04-01,S02,S02-L04,1,running,178.1897,529.8328,111.9427,43.2055,0.2364,A,relation-reasoning-agent-eval-v3.1
2026-08-18T02:00:00+09:00,CMP-S02-L05-01,S02,S02-L05,1,running,186.0613,465.3002,93.0012,38.3571,-0.3663,A,relation-reasoning-agent-eval-v3.1
2026-08-18T02:10:00+09:00,CMP-S02-L01-01,S02,S02-L01,1,running,153.4187,462.195,94.3733,41.6595,0.4692,A,relation-reasoning-agent-eval-v3.1
2026-08-18T02:10:00+09:00,CMP-S02-L02-01,S02,S02-L02,1,running,183.4651,452.6259,99.2128,45.0866,0.9155,A,relation-reasoning-agent-eval-v3.1
2026-08-18T02:10:00+09:00,CMP-S02-L03-01,S02,S02-L03,1,running,189.239,371.2913,101.1161,46.0441,0.815,A,relation-reasoning-agent-eval-v3.1
2026-08-18T02:10:00+09:00,CMP-S02-L04-01,S02,S02-L04,1,running,183.043,492.5481,110.4621,49.0406,1.3169,B,relation-reasoning-agent-eval-v3.1
2026-08-18T02:10:00+09:00,CMP-S02-L05-01,S02,S02-L05,1,running,184.0455,478.3591,100.285,39.1412,-0.2211,A,relation-reasoning-agent-eval-v3.1
2026-08-18T02:20:00+09:00,CMP-S02-L01-01,S02,S02-L01,1,running,151.7868,474.2589,97.7591,46.4928,1.3643,B,relation-reasoning-agent-eval-v3.1
2026-08-18T02:20:00+09:00,CMP-S02-L02-01,S02,S02-L02,1,running,177.2658,454.3933,98.3203,45.5041,0.9929,A,relation-reasoning-agent-eval-v3.1
2026-08-18T02:20:00+09:00,CMP-S02-L03-01,S02,S02-L03,1,running,179.9693,384.2199,97.2668,39.8005,-0.3412,A,relation-reasoning-agent-eval-v3.1
2026-08-18T02:20:00+09:00,CMP-S02-L04-01,S02,S02-L04,1,running,192.7802,533.9104,103.0875,44.286,0.4365,A,relation-reasoning-agent-eval-v3.1
2026-08-18T02:20:00+09:00,CMP-S02-L05-01,S02,S02-L05,1,running,189.5359,466.837,92.6866,43.1206,0.5159,A,relation-reasoning-agent-eval-v3.1
2026-08-18T02:30:00+09:00,CMP-S02-L01-01,S02,S02-L01,1,running,144.3263,508.1006,105.1803,48.2861,1.6964,B,relation-reasoning-agent-eval-v3.1
2026-08-18T02:30:00+09:00,CMP-S02-L02-01,S02,S02-L02,1,running,149.0549,480.6417,100.8935,46.4347,1.1652,B,relation-reasoning-agent-eval-v3.1
2026-08-18T02:30:00+09:00,CMP-S02-L03-01,S02,S02-L03,1,running,186.3526,401.5326,92.6604,39.0862,-0.4735,A,relation-reasoning-agent-eval-v3.1
2026-08-18T02:30:00+09:00,CMP-S02-L04-01,S02,S02-L04,1,running,180.856,548.6388,102.5722,43.5985,0.3091,A,relation-reasoning-agent-eval-v3.1
2026-08-18T02:30:00+09:00,CMP-S02-L05-01,S02,S02-L05,1,running,197.0606,470.3611,103.5218,44.7398,0.8157,A,relation-reasoning-agent-eval-v3.1
2026-08-18T02:40:00+09:00,CMP-S02-L01-01,S02,S02-L01,1,running,151.9656,514.1443,102.3085,45.1493,1.1155,B,relation-reasoning-agent-eval-v3.1
2026-08-18T02:40:00+09:00,CMP-S02-L02-01,S02,S02-L02,1,running,145.8193,477.9148,100.0078,37.5947,-0.4718,A,relation-reasoning-agent-eval-v3.1
2026-08-18T02:40:00+09:00,CMP-S02-L03-01,S02,S02-L03,1,running,173.9045,384.5218,92.4024,41.4413,-0.0374,A,relation-reasoning-agent-eval-v3.1
2026-08-18T02:40:00+09:00,CMP-S02-L04-01,S02,S02-L04,1,running,184.3982,534.0772,101.9794,41.2998,-0.1165,A,relation-reasoning-agent-eval-v3.1
2026-08-18T02:40:00+09:00,CMP-S02-L05-01,S02,S02-L05,1,running,204.7327,431.2551,104.3372,42.0795,0.3231,A,relation-reasoning-agent-eval-v3.1
2026-08-18T02:50:00+09:00,CMP-S02-L01-01,S02,S02-L01,1,running,144.8941,499.1344,104.0037,44.7017,1.0326,B,relation-reasoning-agent-eval-v3.1
2026-08-18T02:50:00+09:00,CMP-S02-L02-01,S02,S02-L02,1,running,150.1484,430.353,94.8264,38.5088,-0.3026,A,relation-reasoning-agent-eval-v3.1
2026-08-18T02:50:00+09:00,CMP-S02-L03-01,S02,S02-L03,1,running,172.2464,349.2465,91.8396,39.593,-0.3797,A,relation-reasoning-agent-eval-v3.1
2026-08-18T02:50:00+09:00,CMP-S02-L04-01,S02,S02-L04,1,running,176.2502,524.002,104.9852,47.2008,0.9762,A,relation-reasoning-agent-eval-v3.1
2026-08-18T02:50:00+09:00,CMP-S02-L05-01,S02,S02-L05,1,running,184.1904,404.2765,107.3091,38.3864,-0.3608,A,relation-reasoning-agent-eval-v3.1
2026-08-18T03:00:00+09:00,CMP-S02-L01-01,S02,S02-L01,1,running,147.659,421.4991,105.5042,47.0567,1.4687,B,relation-reasoning-agent-eval-v3.1
2026-08-18T03:00:00+09:00,CMP-S02-L02-01,S02,S02-L02,1,running,127.8783,419.4611,95.8885,41.9543,0.3355,A,relation-reasoning-agent-eval-v3.1
2026-08-18T03:00:00+09:00,CMP-S02-L03-01,S02,S02-L03,1,running,184.5089,349.4629,100.0584,46.2599,0.8549,A,relation-reasoning-agent-eval-v3.1
2026-08-18T03:00:00+09:00,CMP-S02-L04-01,S02,S02-L04,1,running,181.6234,560.9398,105.5066,53.3238,2.1101,C,relation-reasoning-agent-eval-v3.1
2026-08-18T03:00:00+09:00,CMP-S02-L05-01,S02,S02-L05,1,running,177.8872,395.7477,104.7896,39.5518,-0.145,A,relation-reasoning-agent-eval-v3.1
2026-08-18T03:10:00+09:00,CMP-S02-L01-01,S02,S02-L01,1,running,121.4209,395.519,99.7692,48.02,1.6471,B,relation-reasoning-agent-eval-v3.1
2026-08-18T03:10:00+09:00,CMP-S02-L02-01,S02,S02-L02,1,running,129.2965,439.9497,97.9132,37.1065,-0.5623,A,relation-reasoning-agent-eval-v3.1
2026-08-18T03:10:00+09:00,CMP-S02-L03-01,S02,S02-L03,1,running,163.0556,395.5451,99.3548,44.8232,0.5889,A,relation-reasoning-agent-eval-v3.1
2026-08-18T03:10:00+09:00,CMP-S02-L04-01,S02,S02-L04,1,running,185.1378,518.4446,98.2867,52.3707,1.9336,B,relation-reasoning-agent-eval-v3.1
2026-08-18T03:10:00+09:00,CMP-S02-L05-01,S02,S02-L05,1,running,177.7185,430.1437,105.9345,41.704,0.2535,A,relation-reasoning-agent-eval-v3.1
2026-08-18T03:20:00+09:00,CMP-S02-L01-01,S02,S02-L01,1,running,144.8861,390.8725,107.1858,52.7041,2.5145,C,relation-reasoning-agent-eval-v3.1
2026-08-18T03:20:00+09:00,CMP-S02-L02-01,S02,S02-L02,1,running,142.8922,451.1656,92.406,35.0687,-0.9396,A,relation-reasoning-agent-eval-v3.1
2026-08-18T03:20:00+09:00,CMP-S02-L03-01,S02,S02-L03,1,running,160.1018,403.76,95.5697,35.2282,-1.188,B,relation-reasoning-agent-eval-v3.1
2026-08-18T03:20:00+09:00,CMP-S02-L04-01,S02,S02-L04,1,running,196.8354,509.0815,96.805,56.7693,2.7482,C,relation-reasoning-agent-eval-v3.1
2026-08-18T03:20:00+09:00,CMP-S02-L05-01,S02,S02-L05,1,running,184.2389,403.7499,107.0494,43.2917,0.5475,A,relation-reasoning-agent-eval-v3.1
2026-08-18T03:30:00+09:00,CMP-S02-L01-01,S02,S02-L01,1,running,148.3425,380.9404,99.652,47.7,1.5878,B,relation-reasoning-agent-eval-v3.1
2026-08-18T03:30:00+09:00,CMP-S02-L02-01,S02,S02-L02,1,running,163.8832,470.1239,100.4946,40.8243,0.1262,A,relation-reasoning-agent-eval-v3.1
2026-08-18T03:30:00+09:00,CMP-S02-L03-01,S02,S02-L03,1,running,171.0112,391.1274,96.8906,32.0051,-1.7848,B,relation-reasoning-agent-eval-v3.1
2026-08-18T03:30:00+09:00,CMP-S02-L04-01,S02,S02-L04,1,running,202.6607,528.8807,102.1696,52.4376,1.946,B,relation-reasoning-agent-eval-v3.1
2026-08-18T03:30:00+09:00,CMP-S02-L05-01,S02,S02-L05,1,running,168.3055,467.7711,105.3394,47.0254,1.239,B,relation-reasoning-agent-eval-v3.1
2026-08-18T03:40:00+09:00,CMP-S02-L01-01,S02,S02-L01,1,running,160.3941,359.639,107.482,41.6508,0.4676,A,relation-reasoning-agent-eval-v3.1
2026-08-18T03:40:00+09:00,CMP-S02-L02-01,S02,S02-L02,1,running,150.071,492.1939,96.1243,39.2021,-0.1742,A,relation-reasoning-agent-eval-v3.1
2026-08-18T03:40:00+09:00,CMP-S02-L03-01,S02,S02-L03,1,running,170.5916,378.2722,95.0535,35.1435,-1.2037,B,relation-reasoning-agent-eval-v3.1
2026-08-18T03:40:00+09:00,CMP-S02-L04-01,S02,S02-L04,1,running,200.3184,467.028,104.6445,46.4068,0.8292,A,relation-reasoning-agent-eval-v3.1
2026-08-18T03:40:00+09:00,CMP-S02-L05-01,S02,S02-L05,1,running,173.7888,446.3711,111.5935,42.2606,0.3566,A,relation-reasoning-agent-eval-v3.1
2026-08-18T03:50:00+09:00,CMP-S02-L01-01,S02,S02-L01,1,running,177.7397,373.6586,104.9076,39.6918,0.1049,A,relation-reasoning-agent-eval-v3.1
2026-08-18T03:50:00+09:00,CMP-S02-L02-01,S02,S02-L02,1,running,167.6035,511.555,98.5531,44.3439,0.778,A,relation-reasoning-agent-eval-v3.1
2026-08-18T03:50:00+09:00,CMP-S02-L03-01,S02,S02-L03,1,running,169.303,403.7594,99.093,33.9089,-1.4323,B,relation-reasoning-agent-eval-v3.1
2026-08-18T03:50:00+09:00,CMP-S02-L04-01,S02,S02-L04,1,running,196.2882,410.0298,104.6556,47.5648,1.0436,B,relation-reasoning-agent-eval-v3.1
2026-08-18T03:50:00+09:00,CMP-S02-L05-01,S02,S02-L05,1,running,159.2644,417.5916,113.6693,43.7894,0.6397,A,relation-reasoning-agent-eval-v3.1
2026-08-18T04:00:00+09:00,CMP-S02-L01-01,S02,S02-L01,1,running,164.6234,415.001,106.3118,45.7809,1.2325,B,relation-reasoning-agent-eval-v3.1
2026-08-18T04:00:00+09:00,CMP-S02-L02-01,S02,S02-L02,1,running,165.6189,548.6499,94.9326,37.5601,-0.4782,A,relation-reasoning-agent-eval-v3.1
2026-08-18T04:00:00+09:00,CMP-S02-L03-01,S02,S02-L03,1,running,153.6003,449.829,101.4334,35.0708,-1.2171,B,relation-reasoning-agent-eval-v3.1
2026-08-18T04:00:00+09:00,CMP-S02-L04-01,S02,S02-L04,1,running,193.6012,402.6554,104.7223,42.645,0.1326,A,relation-reasoning-agent-eval-v3.1
2026-08-18T04:00:00+09:00,CMP-S02-L05-01,S02,S02-L05,1,running,166.6795,404.5837,106.4137,49.8646,1.7647,B,relation-reasoning-agent-eval-v3.1
2026-08-18T04:10:00+09:00,CMP-S02-L01-01,S02,S02-L01,1,running,166.5677,419.9158,103.7211,51.2314,2.2418,C,relation-reasoning-agent-eval-v3.1
2026-08-18T04:10:00+09:00,CMP-S02-L02-01,S02,S02-L02,1,running,150.8836,555.7785,95.836,42.5096,0.4383,A,relation-reasoning-agent-eval-v3.1
2026-08-18T04:10:00+09:00,CMP-S02-L03-01,S02,S02-L03,1,running,162.381,427.4688,103.5835,34.2787,-1.3638,B,relation-reasoning-agent-eval-v3.1
2026-08-18T04:10:00+09:00,CMP-S02-L04-01,S02,S02-L04,1,running,204.6615,445.7401,107.5569,35.9951,-1.0989,B,relation-reasoning-agent-eval-v3.1
2026-08-18T04:10:00+09:00,CMP-S02-L05-01,S02,S02-L05,1,running,176.9825,413.3625,111.7192,54.4994,2.623,C,relation-reasoning-agent-eval-v3.1
2026-08-18T04:20:00+09:00,CMP-S02-L01-01,S02,S02-L01,1,running,172.9936,449.7728,95.5452,48.9124,1.8124,B,relation-reasoning-agent-eval-v3.1
2026-08-18T04:20:00+09:00,CMP-S02-L02-01,S02,S02-L02,1,running,146.9586,521.2858,100.1808,43.7448,0.6671,A,relation-reasoning-agent-eval-v3.1
2026-08-18T04:20:00+09:00,CMP-S02-L03-01,S02,S02-L03,1,running,180.1674,387.7431,105.754,27.3883,-2.6398,C,relation-reasoning-agent-eval-v3.1
2026-08-18T04:20:00+09:00,CMP-S02-L04-01,S02,S02-L04,1,running,191.8521,481.4442,102.3956,36.0914,-1.0811,B,relation-reasoning-agent-eval-v3.1
2026-08-18T04:20:00+09:00,CMP-S02-L05-01,S02,S02-L05,1,running,188.7116,400.1456,111.9814,52.5025,2.2532,C,relation-reasoning-agent-eval-v3.1
2026-08-18T04:30:00+09:00,CMP-S02-L01-01,S02,S02-L01,1,running,170.3046,457.3762,105.1934,48.1037,1.6626,B,relation-reasoning-agent-eval-v3.1
2026-08-18T04:30:00+09:00,CMP-S02-L02-01,S02,S02-L02,1,running,161.3947,460.948,95.0399,41.2591,0.2067,A,relation-reasoning-agent-eval-v3.1
2026-08-18T04:30:00+09:00,CMP-S02-L03-01,S02,S02-L03,1,running,182.3787,406.8751,101.2038,33.6487,-1.4805,B,relation-reasoning-agent-eval-v3.1
2026-08-18T04:30:00+09:00,CMP-S02-L04-01,S02,S02-L04,1,running,191.5848,457.052,99.7217,35.2766,-1.2319,B,relation-reasoning-agent-eval-v3.1
2026-08-18T04:30:00+09:00,CMP-S02-L05-01,S02,S02-L05,1,running,177.7606,454.9511,100.3036,48.349,1.4841,B,relation-reasoning-agent-eval-v3.1
2026-08-18T04:40:00+09:00,CMP-S02-L01-01,S02,S02-L01,1,running,190.824,488.7747,99.2213,41.8204,0.499,A,relation-reasoning-agent-eval-v3.1
2026-08-18T04:40:00+09:00,CMP-S02-L02-01,S02,S02-L02,1,running,168.8793,487.4859,97.0891,41.082,0.1739,A,relation-reasoning-agent-eval-v3.1
2026-08-18T04:40:00+09:00,CMP-S02-L03-01,S02,S02-L03,1,running,184.889,429.0271,101.0733,37.2659,-0.8106,A,relation-reasoning-agent-eval-v3.1
2026-08-18T04:40:00+09:00,CMP-S02-L04-01,S02,S02-L04,1,running,179.5781,450.0978,89.7608,38.6862,-0.6005,A,relation-reasoning-agent-eval-v3.1
2026-08-18T04:40:00+09:00,CMP-S02-L05-01,S02,S02-L05,1,running,170.3947,448.523,103.8719,46.5241,1.1461,B,relation-reasoning-agent-eval-v3.1
2026-08-18T04:50:00+09:00,CMP-S02-L01-01,S02,S02-L01,1,running,170.7663,503.7495,96.7303,40.8655,0.3222,A,relation-reasoning-agent-eval-v3.1
2026-08-18T04:50:00+09:00,CMP-S02-L02-01,S02,S02-L02,1,running,161.7388,511.3737,101.995,40.299,0.029,A,relation-reasoning-agent-eval-v3.1
2026-08-18T04:50:00+09:00,CMP-S02-L03-01,S02,S02-L03,1,running,191.7673,464.9169,102.8786,45.9932,0.8056,A,relation-reasoning-agent-eval-v3.1
2026-08-18T04:50:00+09:00,CMP-S02-L04-01,S02,S02-L04,1,running,168.1111,488.7084,102.247,41.1891,-0.137,A,relation-reasoning-agent-eval-v3.1
2026-08-18T04:50:00+09:00,CMP-S02-L05-01,S02,S02-L05,1,running,167.9456,458.756,106.0228,40.2635,-0.0132,A,relation-reasoning-agent-eval-v3.1
2026-08-18T05:00:00+09:00,CMP-S02-L01-01,S02,S02-L01,1,running,169.7895,465.8731,96.0444,45.4226,1.1661,B,relation-reasoning-agent-eval-v3.1
2026-08-18T05:00:00+09:00,CMP-S02-L02-01,S02,S02-L02,1,running,150.53,484.8253,104.596,43.234,0.5725,A,relation-reasoning-agent-eval-v3.1
2026-08-18T05:00:00+09:00,CMP-S02-L03-01,S02,S02-L03,1,running,186.4082,448.9593,99.5819,40.1529,-0.276,A,relation-reasoning-agent-eval-v3.1
2026-08-18T05:00:00+09:00,CMP-S02-L04-01,S02,S02-L04,1,running,168.8769,478.0763,90.6551,42.7022,0.1432,A,relation-reasoning-agent-eval-v3.1
2026-08-18T05:00:00+09:00,CMP-S02-L05-01,S02,S02-L05,1,running,173.136,446.7723,104.1505,34.7214,-1.0396,B,relation-reasoning-agent-eval-v3.1
2026-08-18T05:10:00+09:00,CMP-S02-L01-01,S02,S02-L01,1,running,189.7099,459.6405,95.2914,50.5827,2.1217,C,relation-reasoning-agent-eval-v3.1
2026-08-18T05:10:00+09:00,CMP-S02-L02-01,S02,S02-L02,1,running,151.9644,537.6624,106.4169,43.1233,0.552,A,relation-reasoning-agent-eval-v3.1
2026-08-18T05:10:00+09:00,CMP-S02-L03-01,S02,S02-L03,1,running,187.3141,440.7037,107.2715,41.87,0.042,A,relation-reasoning-agent-eval-v3.1
2026-08-18T05:10:00+09:00,CMP-S02-L04-01,S02,S02-L04,1,running,149.2705,492.4672,99.7636,46.1677,0.7849,A,relation-reasoning-agent-eval-v3.1
2026-08-18T05:10:00+09:00,CMP-S02-L05-01,S02,S02-L05,1,running,171.4562,451.9835,104.8299,39.7506,-0.1082,A,relation-reasoning-agent-eval-v3.1
2026-08-18T05:20:00+09:00,CMP-S02-L01-01,S02,S02-L01,1,running,184.709,516.2181,98.0527,44.502,0.9956,A,relation-reasoning-agent-eval-v3.1
2026-08-18T05:20:00+09:00,CMP-S02-L02-01,S02,S02-L02,1,running,139.9663,514.8216,109.1169,39.1463,-0.1845,A,relation-reasoning-agent-eval-v3.1
2026-08-18T05:20:00+09:00,CMP-S02-L03-01,S02,S02-L03,1,running,169.2406,394.1568,107.2876,46.2932,0.8611,A,relation-reasoning-agent-eval-v3.1
2026-08-18T05:20:00+09:00,CMP-S02-L04-01,S02,S02-L04,1,running,143.6554,493.4143,102.0739,46.1821,0.7876,A,relation-reasoning-agent-eval-v3.1
2026-08-18T05:20:00+09:00,CMP-S02-L05-01,S02,S02-L05,1,running,176.6008,421.8764,104.1984,35.8812,-0.8248,A,relation-reasoning-agent-eval-v3.1
2026-08-18T05:30:00+09:00,CMP-S02-L01-01,S02,S02-L01,1,running,181.3875,491.9518,99.4674,34.5583,-0.8458,A,relation-reasoning-agent-eval-v3.1
2026-08-18T05:30:00+09:00,CMP-S02-L02-01,S02,S02-L02,1,running,136.8064,477.9241,102.3305,42.8602,0.5032,A,relation-reasoning-agent-eval-v3.1
2026-08-18T05:30:00+09:00,CMP-S02-L03-01,S02,S02-L03,1,running,178.6679,408.8852,100.9739,39.9272,-0.3178,A,relation-reasoning-agent-eval-v3.1
2026-08-18T05:30:00+09:00,CMP-S02-L04-01,S02,S02-L04,1,running,152.0493,457.1932,103.447,42.6719,0.1376,A,relation-reasoning-agent-eval-v3.1
2026-08-18T05:30:00+09:00,CMP-S02-L05-01,S02,S02-L05,1,running,170.9433,460.1748,110.7497,38.8868,-0.2682,A,relation-reasoning-agent-eval-v3.1
2026-08-18T05:40:00+09:00,CMP-S02-L01-01,S02,S02-L01,1,running,185.1401,522.1746,97.4763,34.925,-0.7779,A,relation-reasoning-agent-eval-v3.1
2026-08-18T05:40:00+09:00,CMP-S02-L02-01,S02,S02-L02,1,running,145.1931,472.8422,102.1652,41.603,0.2704,A,relation-reasoning-agent-eval-v3.1
2026-08-18T05:40:00+09:00,CMP-S02-L03-01,S02,S02-L03,1,running,179.5983,422.182,98.5638,44.2236,0.4778,A,relation-reasoning-agent-eval-v3.1
2026-08-18T05:40:00+09:00,CMP-S02-L04-01,S02,S02-L04,1,running,164.7901,489.5892,102.1523,41.495,-0.0804,A,relation-reasoning-agent-eval-v3.1
2026-08-18T05:40:00+09:00,CMP-S02-L05-01,S02,S02-L05,1,running,175.9306,478.2257,106.8316,40.4218,0.0161,A,relation-reasoning-agent-eval-v3.1
2026-08-18T05:50:00+09:00,CMP-S02-L01-01,S02,S02-L01,1,running,189.3407,483.8659,95.8122,34.006,-0.9481,A,relation-reasoning-agent-eval-v3.1
2026-08-18T05:50:00+09:00,CMP-S02-L02-01,S02,S02-L02,1,running,169.9719,467.5914,101.6495,39.1068,-0.1918,A,relation-reasoning-agent-eval-v3.1
2026-08-18T05:50:00+09:00,CMP-S02-L03-01,S02,S02-L03,1,running,189.7642,415.9529,93.7671,42.848,0.2231,A,relation-reasoning-agent-eval-v3.1
2026-08-18T05:50:00+09:00,CMP-S02-L04-01,S02,S02-L04,1,running,174.0957,530.6195,105.5557,43.1014,0.2171,A,relation-reasoning-agent-eval-v3.1
2026-08-18T05:50:00+09:00,CMP-S02-L05-01,S02,S02-L05,1,running,166.8211,491.9929,105.6672,40.8603,0.0973,A,relation-reasoning-agent-eval-v3.1
2026-08-18T06:00:00+09:00,CMP-S02-L01-01,S02,S02-L01,1,running,189.6518,414.8321,98.5829,32.3509,-1.2546,B,relation-reasoning-agent-eval-v3.1
2026-08-18T06:00:00+09:00,CMP-S02-L02-01,S02,S02-L02,1,running,147.3937,502.3681,106.6901,35.912,-0.7835,A,relation-reasoning-agent-eval-v3.1
2026-08-18T06:00:00+09:00,CMP-S02-L03-01,S02,S02-L03,1,running,189.3592,457.1278,97.2316,45.1147,0.6429,A,relation-reasoning-agent-eval-v3.1
2026-08-18T06:00:00+09:00,CMP-S02-L04-01,S02,S02-L04,1,running,187.7675,506.5955,104.1945,36.0241,-1.0935,B,relation-reasoning-agent-eval-v3.1
2026-08-18T06:00:00+09:00,CMP-S02-L05-01,S02,S02-L05,1,running,170.4343,550.6819,105.7578,38.1317,-0.408,A,relation-reasoning-agent-eval-v3.1
2026-08-18T06:10:00+09:00,CMP-S02-L01-01,S02,S02-L01,1,running,180.9273,443.4011,96.6779,38.8595,-0.0493,A,relation-reasoning-agent-eval-v3.1
2026-08-18T06:10:00+09:00,CMP-S02-L02-01,S02,S02-L02,1,running,156.4325,469.5808,107.7724,33.9048,-1.1552,B,relation-reasoning-agent-eval-v3.1
2026-08-18T06:10:00+09:00,CMP-S02-L03-01,S02,S02-L03,1,running,192.3355,443.4326,99.8326,39.4785,-0.4009,A,relation-reasoning-agent-eval-v3.1
2026-08-18T06:10:00+09:00,CMP-S02-L04-01,S02,S02-L04,1,running,200.0917,499.0095,102.9598,29.2139,-2.3547,C,relation-reasoning-agent-eval-v3.1
2026-08-18T06:10:00+09:00,CMP-S02-L05-01,S02,S02-L05,1,running,166.0926,525.3557,100.1479,35.0759,-0.9739,A,relation-reasoning-agent-eval-v3.1
2026-08-18T06:20:00+09:00,CMP-S02-L01-01,S02,S02-L01,1,running,188.8047,475.9871,101.8817,45.2553,1.1351,B,relation-reasoning-agent-eval-v3.1
2026-08-18T06:20:00+09:00,CMP-S02-L02-01,S02,S02-L02,1,running,146.5878,527.5911,110.6595,37.2278,-0.5398,A,relation-reasoning-agent-eval-v3.1
2026-08-18T06:20:00+09:00,CMP-S02-L03-01,S02,S02-L03,1,running,181.2219,431.3723,100.8833,41.068,-0.1065,A,relation-reasoning-agent-eval-v3.1
2026-08-18T06:20:00+09:00,CMP-S02-L04-01,S02,S02-L04,1,running,196.3521,489.5581,104.2261,28.0635,-2.5677,C,relation-reasoning-agent-eval-v3.1
2026-08-18T06:20:00+09:00,CMP-S02-L05-01,S02,S02-L05,1,running,154.4871,459.8205,106.3215,38.8196,-0.2806,A,relation-reasoning-agent-eval-v3.1
2026-08-18T06:30:00+09:00,CMP-S02-L01-01,S02,S02-L01,1,running,186.9876,493.4513,103.5007,47.9389,1.6321,B,relation-reasoning-agent-eval-v3.1
2026-08-18T06:30:00+09:00,CMP-S02-L02-01,S02,S02-L02,1,running,154.7369,519.5649,112.5583,35.2218,-0.9113,A,relation-reasoning-agent-eval-v3.1
2026-08-18T06:30:00+09:00,CMP-S02-L03-01,S02,S02-L03,1,running,182.6252,447.537,101.0815,36.6123,-0.9317,A,relation-reasoning-agent-eval-v3.1
2026-08-18T06:30:00+09:00,CMP-S02-L04-01,S02,S02-L04,1,running,205.3365,488.8325,107.9339,25.7261,-3.0006,D,relation-reasoning-agent-eval-v3.1
2026-08-18T06:30:00+09:00,CMP-S02-L05-01,S02,S02-L05,1,running,141.5424,473.5614,102.8031,48.2811,1.4715,B,relation-reasoning-agent-eval-v3.1
2026-08-18T06:40:00+09:00,CMP-S02-L01-01,S02,S02-L01,1,running,189.4614,474.4227,101.6223,43.403,0.7921,A,relation-reasoning-agent-eval-v3.1
2026-08-18T06:40:00+09:00,CMP-S02-L02-01,S02,S02-L02,1,running,161.2897,457.4281,112.7669,35.0174,-0.9491,A,relation-reasoning-agent-eval-v3.1
2026-08-18T06:40:00+09:00,CMP-S02-L03-01,S02,S02-L03,1,running,189.1173,480.9993,102.7792,37.5759,-0.7532,A,relation-reasoning-agent-eval-v3.1
2026-08-18T06:40:00+09:00,CMP-S02-L04-01,S02,S02-L04,1,running,221.2026,488.4592,100.4182,29.0757,-2.3803,C,relation-reasoning-agent-eval-v3.1
2026-08-18T06:40:00+09:00,CMP-S02-L05-01,S02,S02-L05,1,running,137.7841,473.2525,108.0248,43.6616,0.616,A,relation-reasoning-agent-eval-v3.1
2026-08-18T06:50:00+09:00,CMP-S02-L01-01,S02,S02-L01,1,running,185.1858,481.3675,106.2328,46.2042,1.3108,B,relation-reasoning-agent-eval-v3.1
2026-08-18T06:50:00+09:00,CMP-S02-L02-01,S02,S02-L02,1,running,153.652,450.2684,115.5035,34.7405,-1.0004,B,relation-reasoning-agent-eval-v3.1
2026-08-18T06:50:00+09:00,CMP-S02-L03-01,S02,S02-L03,1,running,199.4969,473.0122,102.3653,44.7654,0.5782,A,relation-reasoning-agent-eval-v3.1
2026-08-18T06:50:00+09:00,CMP-S02-L04-01,S02,S02-L04,1,running,201.6672,507.7938,104.771,34.2705,-1.4183,B,relation-reasoning-agent-eval-v3.1
2026-08-18T06:50:00+09:00,CMP-S02-L05-01,S02,S02-L05,1,running,138.013,459.1479,103.4103,37.9009,-0.4508,A,relation-reasoning-agent-eval-v3.1
2026-08-18T07:00:00+09:00,CMP-S02-L01-01,S02,S02-L01,1,running,200.502,503.5463,97.8247,48.8572,1.8021,B,relation-reasoning-agent-eval-v3.1
2026-08-18T07:00:00+09:00,CMP-S02-L02-01,S02,S02-L02,1,running,141.6599,483.9954,111.4134,38.7858,-0.2513,A,relation-reasoning-agent-eval-v3.1
2026-08-18T07:00:00+09:00,CMP-S02-L03-01,S02,S02-L03,1,running,190.5291,440.9962,105.0282,42.64,0.1846,A,relation-reasoning-agent-eval-v3.1
2026-08-18T07:00:00+09:00,CMP-S02-L04-01,S02,S02-L04,1,running,182.7616,485.7889,104.0889,39.3747,-0.4731,A,relation-reasoning-agent-eval-v3.1
2026-08-18T07:00:00+09:00,CMP-S02-L05-01,S02,S02-L05,1,running,152.9736,510.9548,99.5534,34.785,-1.0278,B,relation-reasoning-agent-eval-v3.1
2026-08-18T07:10:00+09:00,CMP-S02-L01-01,S02,S02-L01,1,running,177.8277,493.6093,98.7682,46.1719,1.3049,B,relation-reasoning-agent-eval-v3.1
2026-08-18T07:10:00+09:00,CMP-S02-L02-01,S02,S02-L02,1,running,149.1453,499.3846,110.6243,37.5321,-0.4834,A,relation-reasoning-agent-eval-v3.1
2026-08-18T07:10:00+09:00,CMP-S02-L03-01,S02,S02-L03,1,running,185.3901,403.0372,103.4869,40.1735,-0.2722,A,relation-reasoning-agent-eval-v3.1
2026-08-18T07:10:00+09:00,CMP-S02-L04-01,S02,S02-L04,1,running,174.0,485.0532,104.3138,38.9124,-0.5587,A,relation-reasoning-agent-eval-v3.1
2026-08-18T07:10:00+09:00,CMP-S02-L05-01,S02,S02-L05,1,running,141.016,486.9678,102.8808,35.3821,-0.9172,A,relation-reasoning-agent-eval-v3.1
2026-08-18T07:20:00+09:00,CMP-S02-L01-01,S02,S02-L01,1,running,177.2763,446.3569,96.4267,52.5616,2.4881,C,relation-reasoning-agent-eval-v3.1
2026-08-18T07:20:00+09:00,CMP-S02-L02-01,S02,S02-L02,1,running,168.1975,492.7619,109.759,38.3412,-0.3336,A,relation-reasoning-agent-eval-v3.1
2026-08-18T07:20:00+09:00,CMP-S02-L03-01,S02,S02-L03,1,running,180.3125,417.6725,99.306,41.456,-0.0347,A,relation-reasoning-agent-eval-v3.1
2026-08-18T07:20:00+09:00,CMP-S02-L04-01,S02,S02-L04,1,running,172.8976,467.284,110.0471,37.7008,-0.783,A,relation-reasoning-agent-eval-v3.1
2026-08-18T07:20:00+09:00,CMP-S02-L05-01,S02,S02-L05,1,running,145.2855,472.6357,100.8113,34.0218,-1.1691,B,relation-reasoning-agent-eval-v3.1
2026-08-18T07:30:00+09:00,CMP-S02-L01-01,S02,S02-L01,1,running,176.2963,461.9835,90.9146,46.4741,1.3608,B,relation-reasoning-agent-eval-v3.1
2026-08-18T07:30:00+09:00,CMP-S02-L02-01,S02,S02-L02,1,running,182.7105,502.6617,104.3441,38.7187,-0.2637,A,relation-reasoning-agent-eval-v3.1
2026-08-18T07:30:00+09:00,CMP-S02-L03-01,S02,S02-L03,1,running,181.4362,413.2255,98.6586,38.4859,-0.5847,A,relation-reasoning-agent-eval-v3.1
2026-08-18T07:30:00+09:00,CMP-S02-L04-01,S02,S02-L04,1,running,182.9022,418.8884,112.2849,42.923,0.184,A,relation-reasoning-agent-eval-v3.1
2026-08-18T07:30:00+09:00,CMP-S02-L05-01,S02,S02-L05,1,running,156.9685,416.8573,103.6117,42.8841,0.4721,A,relation-reasoning-agent-eval-v3.1
2026-08-18T07:40:00+09:00,CMP-S02-L01-01,S02,S02-L01,1,running,179.956,480.7222,86.1906,39.9893,0.1599,A,relation-reasoning-agent-eval-v3.1
2026-08-18T07:40:00+09:00,CMP-S02-L02-01,S02,S02-L02,1,running,174.5193,448.0346,102.3037,38.7551,-0.257,A,relation-reasoning-agent-eval-v3.1
2026-08-18T07:40:00+09:00,CMP-S02-L03-01,S02,S02-L03,1,running,182.6678,458.2168,102.4717,43.3617,0.3182,A,relation-reasoning-agent-eval-v3.1
2026-08-18T07:40:00+09:00,CMP-S02-L04-01,S02,S02-L04,1,running,186.9346,469.6795,114.2271,41.8927,-0.0067,A,relation-reasoning-agent-eval-v3.1
2026-08-18T07:40:00+09:00,CMP-S02-L05-01,S02,S02-L05,1,running,151.5958,419.3141,99.7985,44.4845,0.7684,A,relation-reasoning-agent-eval-v3.1
2026-08-18T07:50:00+09:00,CMP-S02-L01-01,S02,S02-L01,1,running,161.0425,475.575,92.7917,33.3572,-1.0682,B,relation-reasoning-agent-eval-v3.1
2026-08-18T07:50:00+09:00,CMP-S02-L02-01,S02,S02-L02,1,running,168.8319,482.5837,100.9174,32.8565,-1.3493,B,relation-reasoning-agent-eval-v3.1
2026-08-18T07:50:00+09:00,CMP-S02-L03-01,S02,S02-L03,1,running,178.9935,490.8484,101.3179,42.4107,0.1421,A,relation-reasoning-agent-eval-v3.1
2026-08-18T07:50:00+09:00,CMP-S02-L04-01,S02,S02-L04,1,running,175.5158,505.1289,114.574,46.5757,0.8605,A,relation-reasoning-agent-eval-v3.1
2026-08-18T07:50:00+09:00,CMP-S02-L05-01,S02,S02-L05,1,running,138.9557,413.7533,101.8732,42.5325,0.4069,A,relation-reasoning-agent-eval-v3.1
2026-08-18T08:00:00+09:00,CMP-S02-L01-01,S02,S02-L01,1,running,156.7467,466.2139,91.2388,32.5265,-1.2221,B,relation-reasoning-agent-eval-v3.1
2026-08-18T08:00:00+09:00,CMP-S02-L02-01,S02,S02-L02,1,running,170.3925,505.7049,93.3504,38.1004,-0.3782,A,relation-reasoning-agent-eval-v3.1
2026-08-18T08:00:00+09:00,CMP-S02-L03-01,S02,S02-L03,1,running,214.2894,470.754,95.8947,52.7801,2.0624,C,relation-reasoning-agent-eval-v3.1
2026-08-18T08:00:00+09:00,CMP-S02-L04-01,S02,S02-L04,1,running,173.9145,475.6551,113.5346,48.1888,1.1592,B,relation-reasoning-agent-eval-v3.1
2026-08-18T08:00:00+09:00,CMP-S02-L05-01,S02,S02-L05,1,running,134.5597,446.9805,105.3998,45.3439,0.9276,A,relation-reasoning-agent-eval-v3.1
2026-08-18T08:10:00+09:00,CMP-S02-L01-01,S02,S02-L01,1,running,165.1955,441.8122,98.4468,37.1877,-0.3589,A,relation-reasoning-agent-eval-v3.1
2026-08-18T08:10:00+09:00,CMP-S02-L02-01,S02,S02-L02,1,running,185.1837,490.2179,86.3851,40.6973,0.1027,A,relation-reasoning-agent-eval-v3.1
2026-08-18T08:10:00+09:00,CMP-S02-L03-01,S02,S02-L03,1,running,207.957,465.9719,94.9281,47.7077,1.1231,B,relation-reasoning-agent-eval-v3.1
2026-08-18T08:10:00+09:00,CMP-S02-L04-01,S02,S02-L04,1,running,182.6888,465.74,111.4068,44.2265,0.4254,A,relation-reasoning-agent-eval-v3.1
2026-08-18T08:10:00+09:00,CMP-S02-L05-01,S02,S02-L05,1,running,153.3441,460.1176,101.4034,48.2187,1.46,B,relation-reasoning-agent-eval-v3.1
2026-08-18T08:20:00+09:00,CMP-S02-L01-01,S02,S02-L01,1,running,175.199,472.8034,100.9914,38.7303,-0.0732,A,relation-reasoning-agent-eval-v3.1
2026-08-18T08:20:00+09:00,CMP-S02-L02-01,S02,S02-L02,1,running,172.8782,468.0808,84.9703,44.3084,0.7714,A,relation-reasoning-agent-eval-v3.1
2026-08-18T08:20:00+09:00,CMP-S02-L03-01,S02,S02-L03,1,running,194.2147,472.627,103.9031,45.8101,0.7717,A,relation-reasoning-agent-eval-v3.1
2026-08-18T08:20:00+09:00,CMP-S02-L04-01,S02,S02-L04,1,running,186.1769,440.9281,99.9855,45.5097,0.6631,A,relation-reasoning-agent-eval-v3.1
2026-08-18T08:20:00+09:00,CMP-S02-L05-01,S02,S02-L05,1,running,129.6022,479.1703,105.6195,48.8501,1.5769,B,relation-reasoning-agent-eval-v3.1
2026-08-18T08:30:00+09:00,CMP-S02-L01-01,S02,S02-L01,1,running,180.0921,402.4727,94.109,39.0311,-0.0175,A,relation-reasoning-agent-eval-v3.1
2026-08-18T08:30:00+09:00,CMP-S02-L02-01,S02,S02-L02,1,running,180.5266,442.1306,89.9949,42.6903,0.4718,A,relation-reasoning-agent-eval-v3.1
2026-08-18T08:30:00+09:00,CMP-S02-L03-01,S02,S02-L03,1,running,203.5456,484.4034,101.342,47.7686,1.1343,B,relation-reasoning-agent-eval-v3.1
2026-08-18T08:30:00+09:00,CMP-S02-L04-01,S02,S02-L04,1,running,181.4818,414.5839,97.648,42.3966,0.0866,A,relation-reasoning-agent-eval-v3.1
2026-08-18T08:30:00+09:00,CMP-S02-L05-01,S02,S02-L05,1,running,137.4033,475.7484,102.9243,48.5289,1.5174,B,relation-reasoning-agent-eval-v3.1
2026-08-18T08:40:00+09:00,CMP-S02-L01-01,S02,S02-L01,1,running,181.4125,411.0837,99.3831,39.5851,0.0851,A,relation-reasoning-agent-eval-v3.1
2026-08-18T08:40:00+09:00,CMP-S02-L02-01,S02,S02-L02,1,running,190.316,440.0421,96.9004,43.7063,0.6599,A,relation-reasoning-agent-eval-v3.1
2026-08-18T08:40:00+09:00,CMP-S02-L03-01,S02,S02-L03,1,running,206.8803,514.4578,94.9421,44.3694,0.5049,A,relation-reasoning-agent-eval-v3.1
2026-08-18T08:40:00+09:00,CMP-S02-L04-01,S02,S02-L04,1,running,194.389,387.4086,98.9374,46.9958,0.9383,A,relation-reasoning-agent-eval-v3.1
2026-08-18T08:40:00+09:00,CMP-S02-L05-01,S02,S02-L05,1,running,143.446,460.7233,102.0063,50.4295,1.8694,B,relation-reasoning-agent-eval-v3.1
2026-08-18T08:50:00+09:00,CMP-S02-L01-01,S02,S02-L01,1,running,194.1435,387.0992,100.4602,42.5004,0.625,A,relation-reasoning-agent-eval-v3.1
2026-08-18T08:50:00+09:00,CMP-S02-L02-01,S02,S02-L02,1,running,186.0118,468.0382,98.1739,36.4157,-0.6902,A,relation-reasoning-agent-eval-v3.1
2026-08-18T08:50:00+09:00,CMP-S02-L03-01,S02,S02-L03,1,running,183.5638,543.8326,95.0499,41.868,0.0416,A,relation-reasoning-agent-eval-v3.1
2026-08-18T08:50:00+09:00,CMP-S02-L04-01,S02,S02-L04,1,running,190.5379,365.7025,102.4011,40.4568,-0.2727,A,relation-reasoning-agent-eval-v3.1
2026-08-18T08:50:00+09:00,CMP-S02-L05-01,S02,S02-L05,1,running,137.7568,505.2972,101.4924,47.28,1.2861,B,relation-reasoning-agent-eval-v3.1
2026-08-18T09:00:00+09:00,CMP-S02-L01-01,S02,S02-L01,1,running,186.5829,445.2986,101.5052,37.406,-0.3185,A,relation-reasoning-agent-eval-v3.1
2026-08-18T09:00:00+09:00,CMP-S02-L02-01,S02,S02-L02,1,running,182.0609,435.5913,97.999,37.1223,-0.5593,A,relation-reasoning-agent-eval-v3.1
2026-08-18T09:00:00+09:00,CMP-S02-L03-01,S02,S02-L03,1,running,196.3212,516.5543,104.2978,38.8904,-0.5098,A,relation-reasoning-agent-eval-v3.1
2026-08-18T09:00:00+09:00,CMP-S02-L04-01,S02,S02-L04,1,running,190.0169,425.1673,105.8653,39.9522,-0.3661,A,relation-reasoning-agent-eval-v3.1
2026-08-18T09:00:00+09:00,CMP-S02-L05-01,S02,S02-L05,1,running,151.0774,442.3302,100.5657,55.3469,2.78,C,relation-reasoning-agent-eval-v3.1
2026-08-18T09:10:00+09:00,CMP-S02-L01-01,S02,S02-L01,1,running,183.23,456.7501,100.7552,37.7951,-0.2464,A,relation-reasoning-agent-eval-v3.1
2026-08-18T09:10:00+09:00,CMP-S02-L02-01,S02,S02-L02,1,running,172.2056,422.1842,85.9263,37.8776,-0.4195,A,relation-reasoning-agent-eval-v3.1
2026-08-18T09:10:00+09:00,CMP-S02-L03-01,S02,S02-L03,1,running,184.2552,464.528,101.6531,45.5516,0.7238,A,relation-reasoning-agent-eval-v3.1
2026-08-18T09:10:00+09:00,CMP-S02-L04-01,S02,S02-L04,1,running,183.4717,425.3718,98.2623,38.871,-0.5663,A,relation-reasoning-agent-eval-v3.1
2026-08-18T09:10:00+09:00,CMP-S02-L05-01,S02,S02-L05,1,running,181.7679,413.996,98.7446,48.7577,1.5598,B,relation-reasoning-agent-eval-v3.1
2026-08-18T09:20:00+09:00,CMP-S02-L01-01,S02,S02-L01,1,running,167.2176,446.9819,104.9645,35.266,-0.7147,A,relation-reasoning-agent-eval-v3.1
2026-08-18T09:20:00+09:00,CMP-S02-L02-01,S02,S02-L02,1,running,164.7354,432.1883,89.771,34.3693,-1.0692,B,relation-reasoning-agent-eval-v3.1
2026-08-18T09:20:00+09:00,CMP-S02-L03-01,S02,S02-L03,1,running,181.9958,470.5349,109.2558,39.9011,-0.3226,A,relation-reasoning-agent-eval-v3.1
2026-08-18T09:20:00+09:00,CMP-S02-L04-01,S02,S02-L04,1,running,189.3478,420.4858,99.5478,39.9296,-0.3703,A,relation-reasoning-agent-eval-v3.1
2026-08-18T09:20:00+09:00,CMP-S02-L05-01,S02,S02-L05,1,running,189.6492,371.4744,99.4578,48.8809,1.5826,B,relation-reasoning-agent-eval-v3.1
2026-08-18T09:30:00+09:00,CMP-S02-L01-01,S02,S02-L01,1,running,157.3895,393.2417,106.7637,34.6499,-0.8288,A,relation-reasoning-agent-eval-v3.1
2026-08-18T09:30:00+09:00,CMP-S02-L02-01,S02,S02-L02,1,running,167.6587,407.9844,94.6432,28.7953,-2.1014,C,relation-reasoning-agent-eval-v3.1
2026-08-18T09:30:00+09:00,CMP-S02-L03-01,S02,S02-L03,1,running,166.1229,495.9526,105.9411,35.2229,-1.1889,B,relation-reasoning-agent-eval-v3.1
2026-08-18T09:30:00+09:00,CMP-S02-L04-01,S02,S02-L04,1,running,192.2604,431.5923,104.9631,38.8645,-0.5675,A,relation-reasoning-agent-eval-v3.1
2026-08-18T09:30:00+09:00,CMP-S02-L05-01,S02,S02-L05,1,running,170.02,390.0277,98.7806,47.2494,1.2804,B,relation-reasoning-agent-eval-v3.1
2026-08-18T09:40:00+09:00,CMP-S02-L01-01,S02,S02-L01,1,running,176.5524,393.3743,105.9178,35.1972,-0.7275,A,relation-reasoning-agent-eval-v3.1
2026-08-18T09:40:00+09:00,CMP-S02-L02-01,S02,S02-L02,1,running,167.9269,420.6466,91.8012,32.7727,-1.3648,B,relation-reasoning-agent-eval-v3.1
2026-08-18T09:40:00+09:00,CMP-S02-L03-01,S02,S02-L03,1,running,162.5279,478.7409,103.3897,42.1956,0.1023,A,relation-reasoning-agent-eval-v3.1
2026-08-18T09:40:00+09:00,CMP-S02-L04-01,S02,S02-L04,1,running,197.8618,453.1759,106.1528,38.7898,-0.5814,A,relation-reasoning-agent-eval-v3.1
2026-08-18T09:40:00+09:00,CMP-S02-L05-01,S02,S02-L05,1,running,162.5864,416.2321,94.0618,39.0602,-0.2361,A,relation-reasoning-agent-eval-v3.1
2026-08-18T09:50:00+09:00,CMP-S02-L01-01,S02,S02-L01,1,running,162.2703,369.2195,109.9128,28.3653,-1.9927,B,relation-reasoning-agent-eval-v3.1
2026-08-18T09:50:00+09:00,CMP-S02-L02-01,S02,S02-L02,1,running,187.887,459.6983,96.363,31.324,-1.6331,B,relation-reasoning-agent-eval-v3.1
2026-08-18T09:50:00+09:00,CMP-S02-L03-01,S02,S02-L03,1,running,161.1002,446.9475,100.5907,41.0026,-0.1186,A,relation-reasoning-agent-eval-v3.1
2026-08-18T09:50:00+09:00,CMP-S02-L04-01,S02,S02-L04,1,running,203.3917,452.6292,102.3609,44.6522,0.5043,A,relation-reasoning-agent-eval-v3.1
2026-08-18T09:50:00+09:00,CMP-S02-L05-01,S02,S02-L05,1,running,165.1606,417.7712,90.8645,36.751,-0.6637,A,relation-reasoning-agent-eval-v3.1
2026-08-18T10:00:00+09:00,CMP-S02-L01-01,S02,S02-L01,1,running,165.6113,418.1982,114.2593,29.1377,-1.8496,B,relation-reasoning-agent-eval-v3.1
2026-08-18T10:00:00+09:00,CMP-S02-L02-01,S02,S02-L02,1,running,181.8908,443.4695,95.511,30.3684,-1.81,B,relation-reasoning-agent-eval-v3.1
2026-08-18T10:00:00+09:00,CMP-S02-L03-01,S02,S02-L03,1,running,149.0931,446.4981,101.8773,40.6327,-0.1871,A,relation-reasoning-agent-eval-v3.1
2026-08-18T10:00:00+09:00,CMP-S02-L04-01,S02,S02-L04,1,running,193.7007,461.3235,92.2868,45.4387,0.6499,A,relation-reasoning-agent-eval-v3.1
2026-08-18T10:00:00+09:00,CMP-S02-L05-01,S02,S02-L05,1,running,153.3957,419.7247,86.7168,36.676,-0.6776,A,relation-reasoning-agent-eval-v3.1
2026-08-18T10:10:00+09:00,CMP-S02-L01-01,S02,S02-L01,1,running,166.0983,478.7229,111.0321,31.7567,-1.3646,B,relation-reasoning-agent-eval-v3.1
2026-08-18T10:10:00+09:00,CMP-S02-L02-01,S02,S02-L02,1,running,179.0218,418.1601,96.8713,25.036,-2.7975,C,relation-reasoning-agent-eval-v3.1
2026-08-18T10:10:00+09:00,CMP-S02-L03-01,S02,S02-L03,1,running,151.7654,396.0153,94.6567,37.4034,-0.7851,A,relation-reasoning-agent-eval-v3.1
2026-08-18T10:10:00+09:00,CMP-S02-L04-01,S02,S02-L04,1,running,205.4475,465.4304,100.7192,42.7997,0.1612,A,relation-reasoning-agent-eval-v3.1
2026-08-18T10:10:00+09:00,CMP-S02-L05-01,S02,S02-L05,1,running,150.8488,418.5357,89.0031,37.0425,-0.6097,A,relation-reasoning-agent-eval-v3.1
2026-08-18T10:20:00+09:00,CMP-S02-L01-01,S02,S02-L01,1,running,165.5515,454.9628,105.6707,26.0353,-2.4241,C,relation-reasoning-agent-eval-v3.1
2026-08-18T10:20:00+09:00,CMP-S02-L02-01,S02,S02-L02,1,running,174.3553,416.8033,109.087,32.0123,-1.5056,B,relation-reasoning-agent-eval-v3.1
2026-08-18T10:20:00+09:00,CMP-S02-L03-01,S02,S02-L03,1,running,151.2293,437.2065,94.163,33.3064,-1.5438,B,relation-reasoning-agent-eval-v3.1
2026-08-18T10:20:00+09:00,CMP-S02-L04-01,S02,S02-L04,1,running,199.935,476.0444,105.0084,39.3951,-0.4693,A,relation-reasoning-agent-eval-v3.1
2026-08-18T10:20:00+09:00,CMP-S02-L05-01,S02,S02-L05,1,running,166.9948,370.6715,96.6296,36.827,-0.6496,A,relation-reasoning-agent-eval-v3.1
2026-08-18T10:30:00+09:00,CMP-S02-L01-01,S02,S02-L01,1,running,156.2073,449.4505,108.6388,31.7968,-1.3572,B,relation-reasoning-agent-eval-v3.1
2026-08-18T10:30:00+09:00,CMP-S02-L02-01,S02,S02-L02,1,running,179.8671,476.3928,108.5303,36.1549,-0.7385,A,relation-reasoning-agent-eval-v3.1
2026-08-18T10:30:00+09:00,CMP-S02-L03-01,S02,S02-L03,1,running,163.9803,432.0486,95.133,34.0587,-1.4045,B,relation-reasoning-agent-eval-v3.1
2026-08-18T10:30:00+09:00,CMP-S02-L04-01,S02,S02-L04,1,running,192.3901,458.4158,103.611,42.6323,0.1302,A,relation-reasoning-agent-eval-v3.1
2026-08-18T10:30:00+09:00,CMP-S02-L05-01,S02,S02-L05,1,running,184.3683,335.1155,101.6831,36.4089,-0.7271,A,relation-reasoning-agent-eval-v3.1
2026-08-18T10:40:00+09:00,CMP-S02-L01-01,S02,S02-L01,1,running,151.7137,447.3679,105.2068,37.8425,-0.2376,A,relation-reasoning-agent-eval-v3.1
2026-08-18T10:40:00+09:00,CMP-S02-L02-01,S02,S02-L02,1,running,174.0637,472.75,103.3994,36.2278,-0.725,A,relation-reasoning-agent-eval-v3.1
2026-08-18T10:40:00+09:00,CMP-S02-L03-01,S02,S02-L03,1,running,162.687,426.3781,100.5606,27.2908,-2.6579,C,relation-reasoning-agent-eval-v3.1
2026-08-18T10:40:00+09:00,CMP-S02-L04-01,S02,S02-L04,1,running,188.1359,437.1946,114.0568,40.2727,-0.3067,A,relation-reasoning-agent-eval-v3.1
2026-08-18T10:40:00+09:00,CMP-S02-L05-01,S02,S02-L05,1,running,176.1373,353.7274,98.9924,39.1664,-0.2164,A,relation-reasoning-agent-eval-v3.1
2026-08-18T10:50:00+09:00,CMP-S02-L01-01,S02,S02-L01,1,running,160.7459,488.7265,104.6565,33.5392,-1.0345,B,relation-reasoning-agent-eval-v3.1
2026-08-18T10:50:00+09:00,CMP-S02-L02-01,S02,S02-L02,1,running,171.0806,442.8822,107.842,38.1769,-0.364,A,relation-reasoning-agent-eval-v3.1
2026-08-18T10:50:00+09:00,CMP-S02-L03-01,S02,S02-L03,1,running,179.0406,409.2587,111.202,29.7418,-2.204,C,relation-reasoning-agent-eval-v3.1
2026-08-18T10:50:00+09:00,CMP-S02-L04-01,S02,S02-L04,1,running,165.4497,410.6027,105.0634,36.2694,-1.0481,B,relation-reasoning-agent-eval-v3.1
2026-08-18T10:50:00+09:00,CMP-S02-L05-01,S02,S02-L05,1,running,181.8426,385.7645,103.3609,45.5569,0.967,A,relation-reasoning-agent-eval-v3.1
2026-08-18T11:00:00+09:00,CMP-S02-L01-01,S02,S02-L01,1,running,164.808,467.4661,103.7012,38.2436,-0.1633,A,relation-reasoning-agent-eval-v3.1
2026-08-18T11:00:00+09:00,CMP-S02-L02-01,S02,S02-L02,1,running,178.1616,468.5936,103.0921,32.7006,-1.3782,B,relation-reasoning-agent-eval-v3.1
2026-08-18T11:00:00+09:00,CMP-S02-L03-01,S02,S02-L03,1,running,183.6873,407.4975,106.0712,31.2375,-1.927,B,relation-reasoning-agent-eval-v3.1
2026-08-18T11:00:00+09:00,CMP-S02-L04-01,S02,S02-L04,1,running,172.0697,429.9088,101.8401,39.3207,-0.483,A,relation-reasoning-agent-eval-v3.1
2026-08-18T11:00:00+09:00,CMP-S02-L05-01,S02,S02-L05,1,running,166.4051,405.0173,89.8351,41.2199,0.1639,A,relation-reasoning-agent-eval-v3.1
2026-08-18T11:10:00+09:00,CMP-S02-L01-01,S02,S02-L01,1,running,185.5177,441.9526,100.565,34.7679,-0.807,A,relation-reasoning-agent-eval-v3.1
2026-08-18T11:10:00+09:00,CMP-S02-L02-01,S02,S02-L02,1,running,189.3261,469.0612,101.5128,33.3716,-1.2539,B,relation-reasoning-agent-eval-v3.1
2026-08-18T11:10:00+09:00,CMP-S02-L03-01,S02,S02-L03,1,running,172.116,400.7256,103.1628,33.9066,-1.4327,B,relation-reasoning-agent-eval-v3.1
2026-08-18T11:10:00+09:00,CMP-S02-L04-01,S02,S02-L04,1,running,168.406,419.346,104.9804,41.8209,-0.02,A,relation-reasoning-agent-eval-v3.1
2026-08-18T11:10:00+09:00,CMP-S02-L05-01,S02,S02-L05,1,running,181.9578,384.8942,97.4939,43.2375,0.5375,A,relation-reasoning-agent-eval-v3.1
2026-08-18T11:20:00+09:00,CMP-S02-L01-01,S02,S02-L01,1,running,186.3534,445.1342,96.1623,35.0781,-0.7495,A,relation-reasoning-agent-eval-v3.1
2026-08-18T11:20:00+09:00,CMP-S02-L02-01,S02,S02-L02,1,running,167.6851,463.9808,96.0975,39.851,-0.054,A,relation-reasoning-agent-eval-v3.1
2026-08-18T11:20:00+09:00,CMP-S02-L03-01,S02,S02-L03,1,running,174.005,412.9324,104.7127,30.4712,-2.0689,C,relation-reasoning-agent-eval-v3.1
2026-08-18T11:20:00+09:00,CMP-S02-L04-01,S02,S02-L04,1,running,168.4258,463.468,104.5704,40.7414,-0.22,A,relation-reasoning-agent-eval-v3.1
2026-08-18T11:20:00+09:00,CMP-S02-L05-01,S02,S02-L05,1,running,172.9585,421.3115,96.8564,44.5321,0.7772,A,relation-reasoning-agent-eval-v3.1
2026-08-18T11:30:00+09:00,CMP-S02-L01-01,S02,S02-L01,1,running,170.8897,478.4383,101.9183,44.2745,0.9535,A,relation-reasoning-agent-eval-v3.1
2026-08-18T11:30:00+09:00,CMP-S02-L02-01,S02,S02-L02,1,running,179.5594,423.5367,104.0508,38.8341,-0.2423,A,relation-reasoning-agent-eval-v3.1
2026-08-18T11:30:00+09:00,CMP-S02-L03-01,S02,S02-L03,1,running,174.0011,437.7351,101.7908,33.1823,-1.5668,B,relation-reasoning-agent-eval-v3.1
2026-08-18T11:30:00+09:00,CMP-S02-L04-01,S02,S02-L04,1,running,167.3128,415.6905,109.7408,35.3643,-1.2157,B,relation-reasoning-agent-eval-v3.1
2026-08-18T11:30:00+09:00,CMP-S02-L05-01,S02,S02-L05,1,running,152.1512,412.6588,94.5809,41.956,0.3002,A,relation-reasoning-agent-eval-v3.1
2026-08-18T11:40:00+09:00,CMP-S02-L01-01,S02,S02-L01,1,running,177.8719,468.7214,103.0001,45.3734,1.157,B,relation-reasoning-agent-eval-v3.1
2026-08-18T11:40:00+09:00,CMP-S02-L02-01,S02,S02-L02,1,running,182.9441,425.7676,98.6577,38.8827,-0.2333,A,relation-reasoning-agent-eval-v3.1
2026-08-18T11:40:00+09:00,CMP-S02-L03-01,S02,S02-L03,1,running,174.0567,476.7233,92.244,33.1352,-1.5756,B,relation-reasoning-agent-eval-v3.1
2026-08-18T11:40:00+09:00,CMP-S02-L04-01,S02,S02-L04,1,running,165.2485,434.4412,104.7192,40.2639,-0.3084,A,relation-reasoning-agent-eval-v3.1
2026-08-18T11:40:00+09:00,CMP-S02-L05-01,S02,S02-L05,1,running,155.1805,472.8456,101.1934,43.5117,0.5883,A,relation-reasoning-agent-eval-v3.1
2026-08-18T11:50:00+09:00,CMP-S02-L01-01,S02,S02-L01,1,running,187.1766,465.0328,102.4105,40.8377,0.3171,A,relation-reasoning-agent-eval-v3.1
2026-08-18T11:50:00+09:00,CMP-S02-L02-01,S02,S02-L02,1,running,182.1035,442.9249,100.9658,41.1087,0.1789,A,relation-reasoning-agent-eval-v3.1
2026-08-18T11:50:00+09:00,CMP-S02-L03-01,S02,S02-L03,1,running,168.3727,451.2261,89.773,33.2764,-1.5494,B,relation-reasoning-agent-eval-v3.1
2026-08-18T11:50:00+09:00,CMP-S02-L04-01,S02,S02-L04,1,running,159.3984,452.1556,104.9661,39.4331,-0.4622,A,relation-reasoning-agent-eval-v3.1
2026-08-18T11:50:00+09:00,CMP-S02-L05-01,S02,S02-L05,1,running,162.9616,430.1623,106.2239,40.1102,-0.0416,A,relation-reasoning-agent-eval-v3.1
2026-08-18T12:00:00+09:00,CMP-S02-L01-01,S02,S02-L01,1,running,180.1721,419.2199,100.9521,36.8289,-0.4253,A,relation-reasoning-agent-eval-v3.1
2026-08-18T12:00:00+09:00,CMP-S02-L02-01,S02,S02-L02,1,running,181.2381,451.9564,105.3565,38.6749,-0.2718,A,relation-reasoning-agent-eval-v3.1
2026-08-18T12:00:00+09:00,CMP-S02-L03-01,S02,S02-L03,1,running,178.964,416.2483,88.3112,37.9113,-0.6911,A,relation-reasoning-agent-eval-v3.1
2026-08-18T12:00:00+09:00,CMP-S02-L04-01,S02,S02-L04,1,running,166.7263,466.7727,107.9865,38.3825,-0.6568,A,relation-reasoning-agent-eval-v3.1
2026-08-18T12:00:00+09:00,CMP-S02-L05-01,S02,S02-L05,1,running,157.9071,425.6096,103.4542,35.9196,-0.8177,A,relation-reasoning-agent-eval-v3.1
2026-08-18T12:10:00+09:00,CMP-S02-L01-01,S02,S02-L01,1,running,203.5793,378.6258,106.9967,36.5622,-0.4747,A,relation-reasoning-agent-eval-v3.1
2026-08-18T12:10:00+09:00,CMP-S02-L02-01,S02,S02-L02,1,running,167.6596,455.6117,101.6445,41.4534,0.2427,A,relation-reasoning-agent-eval-v3.1
2026-08-18T12:10:00+09:00,CMP-S02-L03-01,S02,S02-L03,1,running,171.7855,444.9529,89.7829,39.9671,-0.3104,A,relation-reasoning-agent-eval-v3.1
2026-08-18T12:10:00+09:00,CMP-S02-L04-01,S02,S02-L04,1,running,182.6063,474.4201,106.3584,45.0309,0.5744,A,relation-reasoning-agent-eval-v3.1
2026-08-18T12:10:00+09:00,CMP-S02-L05-01,S02,S02-L05,1,running,155.2989,401.0854,101.7208,43.0212,0.4974,A,relation-reasoning-agent-eval-v3.1
2026-08-18T12:20:00+09:00,CMP-S02-L01-01,S02,S02-L01,1,running,215.4458,384.7668,99.8712,33.1263,-1.111,B,relation-reasoning-agent-eval-v3.1
2026-08-18T12:20:00+09:00,CMP-S02-L02-01,S02,S02-L02,1,running,168.4228,479.4352,113.8004,45.0341,0.9058,A,relation-reasoning-agent-eval-v3.1
2026-08-18T12:20:00+09:00,CMP-S02-L03-01,S02,S02-L03,1,running,183.7276,419.0435,87.9808,35.598,-1.1195,B,relation-reasoning-agent-eval-v3.1
2026-08-18T12:20:00+09:00,CMP-S02-L04-01,S02,S02-L04,1,running,195.0109,489.8556,109.2644,43.0705,0.2114,A,relation-reasoning-agent-eval-v3.1
2026-08-18T12:20:00+09:00,CMP-S02-L05-01,S02,S02-L05,1,running,161.1915,398.322,107.487,40.2332,-0.0189,A,relation-reasoning-agent-eval-v3.1
2026-08-18T12:30:00+09:00,CMP-S02-L01-01,S02,S02-L01,1,running,181.5972,397.7305,99.1245,32.9847,-1.1372,B,relation-reasoning-agent-eval-v3.1
2026-08-18T12:30:00+09:00,CMP-S02-L02-01,S02,S02-L02,1,running,157.82,445.2612,112.1603,35.7375,-0.8158,A,relation-reasoning-agent-eval-v3.1
2026-08-18T12:30:00+09:00,CMP-S02-L03-01,S02,S02-L03,1,running,184.9919,391.2622,94.6609,39.8305,-0.3357,A,relation-reasoning-agent-eval-v3.1
2026-08-18T12:30:00+09:00,CMP-S02-L04-01,S02,S02-L04,1,running,180.5645,479.8829,101.0127,42.9446,0.188,A,relation-reasoning-agent-eval-v3.1
2026-08-18T12:30:00+09:00,CMP-S02-L05-01,S02,S02-L05,1,running,164.3766,416.8552,102.9854,38.882,-0.2691,A,relation-reasoning-agent-eval-v3.1
2026-08-18T12:40:00+09:00,CMP-S02-L01-01,S02,S02-L01,1,running,193.6966,411.9239,92.3236,38.2161,-0.1684,A,relation-reasoning-agent-eval-v3.1
2026-08-18T12:40:00+09:00,CMP-S02-L02-01,S02,S02-L02,1,running,159.1792,428.274,105.2024,33.8026,-1.1741,B,relation-reasoning-agent-eval-v3.1
2026-08-18T12:40:00+09:00,CMP-S02-L03-01,S02,S02-L03,1,running,192.7981,371.9386,98.761,40.0451,-0.2959,A,relation-reasoning-agent-eval-v3.1
2026-08-18T12:40:00+09:00,CMP-S02-L04-01,S02,S02-L04,1,running,179.7849,516.0299,100.1237,50.1884,1.5295,B,relation-reasoning-agent-eval-v3.1
2026-08-18T12:40:00+09:00,CMP-S02-L05-01,S02,S02-L05,1,running,172.8583,403.5176,102.9504,34.0169,-1.17,B,relation-reasoning-agent-eval-v3.1
2026-08-18T12:50:00+09:00,CMP-S02-L01-01,S02,S02-L01,1,running,183.9205,438.1452,93.5414,39.05,-0.014,A,relation-reasoning-agent-eval-v3.1
2026-08-18T12:50:00+09:00,CMP-S02-L02-01,S02,S02-L02,1,running,156.5589,430.0706,101.8829,29.4994,-1.971,B,relation-reasoning-agent-eval-v3.1
2026-08-18T12:50:00+09:00,CMP-S02-L03-01,S02,S02-L03,1,running,190.5969,353.4851,101.0585,37.7598,-0.7192,A,relation-reasoning-agent-eval-v3.1
2026-08-18T12:50:00+09:00,CMP-S02-L04-01,S02,S02-L04,1,running,184.1826,520.5539,102.04,49.9568,1.4866,B,relation-reasoning-agent-eval-v3.1
2026-08-18T12:50:00+09:00,CMP-S02-L05-01,S02,S02-L05,1,running,180.4424,411.1771,98.956,35.0485,-0.979,A,relation-reasoning-agent-eval-v3.1
2026-08-18T13:00:00+09:00,CMP-S02-L01-01,S02,S02-L01,1,running,160.1841,492.3025,95.2407,41.5891,0.4562,A,relation-reasoning-agent-eval-v3.1
2026-08-18T13:00:00+09:00,CMP-S02-L02-01,S02,S02-L02,1,running,162.1076,461.9092,107.1646,31.9635,-1.5147,B,relation-reasoning-agent-eval-v3.1
2026-08-18T13:00:00+09:00,CMP-S02-L03-01,S02,S02-L03,1,running,180.2629,349.2467,100.4897,33.171,-1.5689,B,relation-reasoning-agent-eval-v3.1
2026-08-18T13:00:00+09:00,CMP-S02-L04-01,S02,S02-L04,1,running,191.8796,499.0945,106.0824,45.6601,0.6909,A,relation-reasoning-agent-eval-v3.1
2026-08-18T13:00:00+09:00,CMP-S02-L05-01,S02,S02-L05,1,running,168.9538,389.8616,97.3611,34.9729,-0.993,A,relation-reasoning-agent-eval-v3.1
2026-08-18T13:10:00+09:00,CMP-S02-L01-01,S02,S02-L01,1,running,176.4779,477.5907,95.6641,48.7277,1.7782,B,relation-reasoning-agent-eval-v3.1
2026-08-18T13:10:00+09:00,CMP-S02-L02-01,S02,S02-L02,1,running,161.6631,467.9505,108.7537,32.1761,-1.4753,B,relation-reasoning-agent-eval-v3.1
2026-08-18T13:10:00+09:00,CMP-S02-L03-01,S02,S02-L03,1,running,168.4883,368.5212,103.4246,33.7087,-1.4694,B,relation-reasoning-agent-eval-v3.1
2026-08-18T13:10:00+09:00,CMP-S02-L04-01,S02,S02-L04,1,running,173.5733,482.6177,98.3282,45.4098,0.6446,A,relation-reasoning-agent-eval-v3.1
2026-08-18T13:10:00+09:00,CMP-S02-L05-01,S02,S02-L05,1,running,167.2748,414.4859,96.2183,41.5139,0.2183,A,relation-reasoning-agent-eval-v3.1
2026-08-18T13:20:00+09:00,CMP-S02-L01-01,S02,S02-L01,1,running,170.2995,480.1626,101.6892,47.6012,1.5695,B,relation-reasoning-agent-eval-v3.1
2026-08-18T13:20:00+09:00,CMP-S02-L02-01,S02,S02-L02,1,running,156.5858,447.1881,105.1594,33.1418,-1.2965,B,relation-reasoning-agent-eval-v3.1
2026-08-18T13:20:00+09:00,CMP-S02-L03-01,S02,S02-L03,1,running,153.8217,412.9772,104.8444,37.5643,-0.7554,A,relation-reasoning-agent-eval-v3.1
2026-08-18T13:20:00+09:00,CMP-S02-L04-01,S02,S02-L04,1,running,153.4229,484.6098,99.5516,45.2117,0.6079,A,relation-reasoning-agent-eval-v3.1
2026-08-18T13:20:00+09:00,CMP-S02-L05-01,S02,S02-L05,1,running,167.4563,432.0439,97.3745,45.0462,0.8724,A,relation-reasoning-agent-eval-v3.1
2026-08-18T13:30:00+09:00,CMP-S02-L01-01,S02,S02-L01,1,running,155.2611,449.1609,104.1501,44.2903,0.9564,A,relation-reasoning-agent-eval-v3.1
2026-08-18T13:30:00+09:00,CMP-S02-L02-01,S02,S02-L02,1,running,163.2037,441.9125,111.0791,32.2879,-1.4546,B,relation-reasoning-agent-eval-v3.1
2026-08-18T13:30:00+09:00,CMP-S02-L03-01,S02,S02-L03,1,running,167.0268,419.2383,104.3828,44.3622,0.5035,A,relation-reasoning-agent-eval-v3.1
2026-08-18T13:30:00+09:00,CMP-S02-L04-01,S02,S02-L04,1,running,162.3427,508.4014,101.9377,41.3781,-0.102,A,relation-reasoning-agent-eval-v3.1
2026-08-18T13:30:00+09:00,CMP-S02-L05-01,S02,S02-L05,1,running,165.6016,359.2154,98.2685,39.8438,-0.091,A,relation-reasoning-agent-eval-v3.1
2026-08-18T13:40:00+09:00,CMP-S02-L01-01,S02,S02-L01,1,running,155.4521,446.2454,105.3302,48.5387,1.7432,B,relation-reasoning-agent-eval-v3.1
2026-08-18T13:40:00+09:00,CMP-S02-L02-01,S02,S02-L02,1,running,153.5077,480.0881,103.9838,36.0375,-0.7602,A,relation-reasoning-agent-eval-v3.1
2026-08-18T13:40:00+09:00,CMP-S02-L03-01,S02,S02-L03,1,running,173.7484,402.6337,105.2174,49.721,1.4959,B,relation-reasoning-agent-eval-v3.1
2026-08-18T13:40:00+09:00,CMP-S02-L04-01,S02,S02-L04,1,running,166.2407,487.3438,104.1024,45.1939,0.6046,A,relation-reasoning-agent-eval-v3.1
2026-08-18T13:40:00+09:00,CMP-S02-L05-01,S02,S02-L05,1,running,181.7931,375.3282,103.5881,40.2298,-0.0195,A,relation-reasoning-agent-eval-v3.1
2026-08-18T13:50:00+09:00,CMP-S02-L01-01,S02,S02-L01,1,running,147.1669,413.3935,105.1038,49.5441,1.9293,B,relation-reasoning-agent-eval-v3.1
2026-08-18T13:50:00+09:00,CMP-S02-L02-01,S02,S02-L02,1,running,165.3343,522.0131,111.2341,32.9599,-1.3301,B,relation-reasoning-agent-eval-v3.1
2026-08-18T13:50:00+09:00,CMP-S02-L03-01,S02,S02-L03,1,running,171.5272,411.2433,100.1979,51.8001,1.8809,B,relation-reasoning-agent-eval-v3.1
2026-08-18T13:50:00+09:00,CMP-S02-L04-01,S02,S02-L04,1,running,164.02,475.8439,104.5066,41.3006,-0.1164,A,relation-reasoning-agent-eval-v3.1
2026-08-18T13:50:00+09:00,CMP-S02-L05-01,S02,S02-L05,1,running,164.7457,398.526,102.7086,42.4395,0.3897,A,relation-reasoning-agent-eval-v3.1
2026-08-18T14:00:00+09:00,CMP-S02-L01-01,S02,S02-L01,1,running,170.1217,402.7108,105.1342,45.4548,1.1721,B,relation-reasoning-agent-eval-v3.1
2026-08-18T14:00:00+09:00,CMP-S02-L02-01,S02,S02-L02,1,running,161.1027,517.6837,109.2151,38.129,-0.3729,A,relation-reasoning-agent-eval-v3.1
2026-08-18T14:00:00+09:00,CMP-S02-L03-01,S02,S02-L03,1,running,181.2459,428.9341,108.3077,54.9547,2.4651,C,relation-reasoning-agent-eval-v3.1
2026-08-18T14:00:00+09:00,CMP-S02-L04-01,S02,S02-L04,1,running,161.4586,455.3007,104.0022,40.4705,-0.2701,A,relation-reasoning-agent-eval-v3.1
2026-08-18T14:00:00+09:00,CMP-S02-L05-01,S02,S02-L05,1,running,161.3552,385.7506,103.6595,44.0394,0.686,A,relation-reasoning-agent-eval-v3.1
2026-08-18T14:10:00+09:00,CMP-S02-L01-01,S02,S02-L01,1,running,169.0363,414.8403,108.6853,44.7357,1.0389,B,relation-reasoning-agent-eval-v3.1
2026-08-18T14:10:00+09:00,CMP-S02-L02-01,S02,S02-L02,1,running,156.4932,498.4094,102.1516,39.6816,-0.0854,A,relation-reasoning-agent-eval-v3.1
2026-08-18T14:10:00+09:00,CMP-S02-L03-01,S02,S02-L03,1,running,170.6093,468.6157,103.8802,52.0837,1.9334,B,relation-reasoning-agent-eval-v3.1
2026-08-18T14:10:00+09:00,CMP-S02-L04-01,S02,S02-L04,1,running,143.7067,482.6754,110.2561,39.2033,-0.5048,A,relation-reasoning-agent-eval-v3.1
2026-08-18T14:10:00+09:00,CMP-S02-L05-01,S02,S02-L05,1,running,150.9457,375.5958,96.8144,41.4073,0.1986,A,relation-reasoning-agent-eval-v3.1
2026-08-18T14:20:00+09:00,CMP-S02-L01-01,S02,S02-L01,1,running,162.2608,372.355,110.487,47.2181,1.4986,B,relation-reasoning-agent-eval-v3.1
2026-08-18T14:20:00+09:00,CMP-S02-L02-01,S02,S02-L02,1,running,163.193,477.334,105.03,44.0152,0.7171,A,relation-reasoning-agent-eval-v3.1
2026-08-18T14:20:00+09:00,CMP-S02-L03-01,S02,S02-L03,1,running,191.6107,436.2858,113.787,56.2927,2.7129,C,relation-reasoning-agent-eval-v3.1
2026-08-18T14:20:00+09:00,CMP-S02-L04-01,S02,S02-L04,1,running,133.4414,425.3457,105.9964,42.3233,0.073,A,relation-reasoning-agent-eval-v3.1
2026-08-18T14:20:00+09:00,CMP-S02-L05-01,S02,S02-L05,1,running,167.5257,406.4642,99.3978,38.4375,-0.3514,A,relation-reasoning-agent-eval-v3.1
2026-08-18T14:30:00+09:00,CMP-S02-L01-01,S02,S02-L01,1,running,161.6196,394.9355,109.9908,47.2818,1.5104,B,relation-reasoning-agent-eval-v3.1
2026-08-18T14:30:00+09:00,CMP-S02-L02-01,S02,S02-L02,1,running,172.4586,441.1026,105.2894,38.3936,-0.3239,A,relation-reasoning-agent-eval-v3.1
2026-08-18T14:30:00+09:00,CMP-S02-L03-01,S02,S02-L03,1,running,200.8005,455.623,106.2656,55.2521,2.5202,C,relation-reasoning-agent-eval-v3.1
2026-08-18T14:30:00+09:00,CMP-S02-L04-01,S02,S02-L04,1,running,166.836,430.2438,109.156,39.6291,-0.4259,A,relation-reasoning-agent-eval-v3.1
2026-08-18T14:30:00+09:00,CMP-S02-L05-01,S02,S02-L05,1,running,163.4536,375.1868,100.3911,46.6114,1.1623,B,relation-reasoning-agent-eval-v3.1
2026-08-18T14:40:00+09:00,CMP-S02-L01-01,S02,S02-L01,1,running,158.4768,418.6016,103.6748,41.133,0.3717,A,relation-reasoning-agent-eval-v3.1
2026-08-18T14:40:00+09:00,CMP-S02-L02-01,S02,S02-L02,1,running,167.892,441.4747,99.3414,37.857,-0.4233,A,relation-reasoning-agent-eval-v3.1
2026-08-18T14:40:00+09:00,CMP-S02-L03-01,S02,S02-L03,1,running,202.3862,473.9762,97.6593,52.0042,1.9187,B,relation-reasoning-agent-eval-v3.1
2026-08-18T14:40:00+09:00,CMP-S02-L04-01,S02,S02-L04,1,running,169.0418,455.6151,107.4211,37.3979,-0.8391,A,relation-reasoning-agent-eval-v3.1
2026-08-18T14:40:00+09:00,CMP-S02-L05-01,S02,S02-L05,1,running,156.2626,410.8174,95.4826,44.0226,0.6829,A,relation-reasoning-agent-eval-v3.1
2026-08-18T14:50:00+09:00,CMP-S02-L01-01,S02,S02-L01,1,running,182.9362,434.1722,102.5009,38.6584,-0.0865,A,relation-reasoning-agent-eval-v3.1
2026-08-18T14:50:00+09:00,CMP-S02-L02-01,S02,S02-L02,1,running,175.4942,394.5128,104.8568,43.0249,0.5337,A,relation-reasoning-agent-eval-v3.1
2026-08-18T14:50:00+09:00,CMP-S02-L03-01,S02,S02-L03,1,running,213.2748,432.5119,101.8915,49.5308,1.4607,B,relation-reasoning-agent-eval-v3.1
2026-08-18T14:50:00+09:00,CMP-S02-L04-01,S02,S02-L04,1,running,180.7762,467.0473,112.6227,40.4134,-0.2807,A,relation-reasoning-agent-eval-v3.1
2026-08-18T14:50:00+09:00,CMP-S02-L05-01,S02,S02-L05,1,running,157.0523,430.7503,98.5128,45.0159,0.8668,A,relation-reasoning-agent-eval-v3.1
2026-08-18T15:00:00+09:00,CMP-S02-L01-01,S02,S02-L01,1,running,172.6573,425.6099,99.7166,41.3091,0.4043,A,relation-reasoning-agent-eval-v3.1
2026-08-18T15:00:00+09:00,CMP-S02-L02-01,S02,S02-L02,1,running,149.8833,405.7903,104.3762,38.4248,-0.3181,A,relation-reasoning-agent-eval-v3.1
2026-08-18T15:00:00+09:00,CMP-S02-L03-01,S02,S02-L03,1,running,225.1356,449.7629,97.0262,44.7983,0.5843,A,relation-reasoning-agent-eval-v3.1
2026-08-18T15:00:00+09:00,CMP-S02-L04-01,S02,S02-L04,1,running,199.7048,497.4379,106.6842,38.5093,-0.6333,A,relation-reasoning-agent-eval-v3.1
2026-08-18T15:00:00+09:00,CMP-S02-L05-01,S02,S02-L05,1,running,157.5439,388.4313,94.9848,41.5134,0.2182,A,relation-reasoning-agent-eval-v3.1
2026-08-18T15:10:00+09:00,CMP-S02-L01-01,S02,S02-L01,1,running,182.9409,389.5539,98.4,36.2528,-0.532,A,relation-reasoning-agent-eval-v3.1
2026-08-18T15:10:00+09:00,CMP-S02-L02-01,S02,S02-L02,1,running,158.8659,421.5892,110.5719,37.1513,-0.554,A,relation-reasoning-agent-eval-v3.1
2026-08-18T15:10:00+09:00,CMP-S02-L03-01,S02,S02-L03,1,running,215.6988,435.4698,99.3296,41.0726,-0.1057,A,relation-reasoning-agent-eval-v3.1
2026-08-18T15:10:00+09:00,CMP-S02-L04-01,S02,S02-L04,1,running,202.3247,483.8101,112.5308,40.1084,-0.3372,A,relation-reasoning-agent-eval-v3.1
2026-08-18T15:10:00+09:00,CMP-S02-L05-01,S02,S02-L05,1,running,159.1011,434.4214,101.8309,37.4003,-0.5435,A,relation-reasoning-agent-eval-v3.1
2026-08-18T15:20:00+09:00,CMP-S02-L01-01,S02,S02-L01,1,running,168.6887,379.147,94.9524,35.621,-0.649,A,relation-reasoning-agent-eval-v3.1
2026-08-18T15:20:00+09:00,CMP-S02-L02-01,S02,S02-L02,1,running,168.2269,422.2282,109.2995,34.3917,-1.065,B,relation-reasoning-agent-eval-v3.1
2026-08-18T15:20:00+09:00,CMP-S02-L03-01,S02,S02-L03,1,running,203.7697,445.6485,99.4149,35.4636,-1.1444,B,relation-reasoning-agent-eval-v3.1
2026-08-18T15:20:00+09:00,CMP-S02-L04-01,S02,S02-L04,1,running,194.3876,486.199,108.9984,38.5944,-0.6176,A,relation-reasoning-agent-eval-v3.1
2026-08-18T15:20:00+09:00,CMP-S02-L05-01,S02,S02-L05,1,running,168.163,415.82,98.7322,34.1648,-1.1426,B,relation-reasoning-agent-eval-v3.1
2026-08-18T15:30:00+09:00,CMP-S02-L01-01,S02,S02-L01,1,running,171.0122,370.5377,99.4883,29.1565,-1.8461,B,relation-reasoning-agent-eval-v3.1
2026-08-18T15:30:00+09:00,CMP-S02-L02-01,S02,S02-L02,1,running,164.3537,458.4547,109.5451,40.6573,0.0953,A,relation-reasoning-agent-eval-v3.1
2026-08-18T15:30:00+09:00,CMP-S02-L03-01,S02,S02-L03,1,running,199.0144,490.6523,102.9914,39.8317,-0.3355,A,relation-reasoning-agent-eval-v3.1
2026-08-18T15:30:00+09:00,CMP-S02-L04-01,S02,S02-L04,1,running,212.1163,478.6619,102.5171,37.4828,-0.8234,A,relation-reasoning-agent-eval-v3.1
2026-08-18T15:30:00+09:00,CMP-S02-L05-01,S02,S02-L05,1,running,165.6588,414.5328,106.0649,36.1697,-0.7714,A,relation-reasoning-agent-eval-v3.1
2026-08-18T15:40:00+09:00,CMP-S02-L01-01,S02,S02-L01,1,running,171.3281,399.5489,100.6457,29.6882,-1.7477,B,relation-reasoning-agent-eval-v3.1
2026-08-18T15:40:00+09:00,CMP-S02-L02-01,S02,S02-L02,1,running,178.6676,464.9161,108.0301,43.7209,0.6626,A,relation-reasoning-agent-eval-v3.1
2026-08-18T15:40:00+09:00,CMP-S02-L03-01,S02,S02-L03,1,running,199.5291,476.3408,100.0985,41.8838,0.0446,A,relation-reasoning-agent-eval-v3.1
2026-08-18T15:40:00+09:00,CMP-S02-L04-01,S02,S02-L04,1,running,199.3868,493.79,100.2282,38.6959,-0.5987,A,relation-reasoning-agent-eval-v3.1
2026-08-18T15:40:00+09:00,CMP-S02-L05-01,S02,S02-L05,1,running,168.2358,401.4281,102.4203,37.1147,-0.5963,A,relation-reasoning-agent-eval-v3.1
2026-08-18T15:50:00+09:00,CMP-S02-L01-01,S02,S02-L01,1,running,177.2577,425.6285,103.7384,35.5774,-0.6571,A,relation-reasoning-agent-eval-v3.1
2026-08-18T15:50:00+09:00,CMP-S02-L02-01,S02,S02-L02,1,running,170.3284,459.976,110.3626,42.9297,0.5161,A,relation-reasoning-agent-eval-v3.1
2026-08-18T15:50:00+09:00,CMP-S02-L03-01,S02,S02-L03,1,running,203.5867,457.523,101.2312,40.7866,-0.1586,A,relation-reasoning-agent-eval-v3.1
2026-08-18T15:50:00+09:00,CMP-S02-L04-01,S02,S02-L04,1,running,204.0782,453.0498,105.639,37.2726,-0.8623,A,relation-reasoning-agent-eval-v3.1
2026-08-18T15:50:00+09:00,CMP-S02-L05-01,S02,S02-L05,1,running,160.9504,431.8192,95.1914,42.6776,0.4338,A,relation-reasoning-agent-eval-v3.1
2026-08-18T16:00:00+09:00,CMP-S02-L01-01,S02,S02-L01,1,running,189.0535,442.6224,100.8736,35.0472,-0.7553,A,relation-reasoning-agent-eval-v3.1
2026-08-18T16:00:00+09:00,CMP-S02-L02-01,S02,S02-L02,1,running,166.1803,473.5937,108.5166,44.632,0.8313,A,relation-reasoning-agent-eval-v3.1
2026-08-18T16:00:00+09:00,CMP-S02-L03-01,S02,S02-L03,1,running,203.631,426.3675,93.5729,41.4815,-0.0299,A,relation-reasoning-agent-eval-v3.1
2026-08-18T16:00:00+09:00,CMP-S02-L04-01,S02,S02-L04,1,running,211.0099,459.497,94.2762,38.4064,-0.6524,A,relation-reasoning-agent-eval-v3.1
2026-08-18T16:00:00+09:00,CMP-S02-L05-01,S02,S02-L05,1,running,170.024,486.9428,100.741,45.3659,0.9317,A,relation-reasoning-agent-eval-v3.1
2026-08-18T16:10:00+09:00,CMP-S02-L01-01,S02,S02-L01,1,running,193.9476,517.8605,98.7745,37.8311,-0.2397,A,relation-reasoning-agent-eval-v3.1
2026-08-18T16:10:00+09:00,CMP-S02-L02-01,S02,S02-L02,1,running,158.7012,523.6648,105.3048,45.5301,0.9977,A,relation-reasoning-agent-eval-v3.1
2026-08-18T16:10:00+09:00,CMP-S02-L03-01,S02,S02-L03,1,running,189.1436,428.0696,90.2777,40.6614,-0.1818,A,relation-reasoning-agent-eval-v3.1
2026-08-18T16:10:00+09:00,CMP-S02-L04-01,S02,S02-L04,1,running,201.4145,468.4539,92.6562,41.6445,-0.0527,A,relation-reasoning-agent-eval-v3.1
2026-08-18T16:10:00+09:00,CMP-S02-L05-01,S02,S02-L05,1,running,152.4814,458.5667,96.9517,45.9917,1.0475,B,relation-reasoning-agent-eval-v3.1
2026-08-18T16:20:00+09:00,CMP-S02-L01-01,S02,S02-L01,1,running,206.5094,489.7413,98.3048,39.2918,0.0308,A,relation-reasoning-agent-eval-v3.1
2026-08-18T16:20:00+09:00,CMP-S02-L02-01,S02,S02-L02,1,running,154.3244,536.9931,101.6033,49.1898,1.6754,B,relation-reasoning-agent-eval-v3.1
2026-08-18T16:20:00+09:00,CMP-S02-L03-01,S02,S02-L03,1,running,178.6856,432.169,95.3329,43.894,0.4168,A,relation-reasoning-agent-eval-v3.1
2026-08-18T16:20:00+09:00,CMP-S02-L04-01,S02,S02-L04,1,running,186.9928,465.8471,87.1945,44.1521,0.4117,A,relation-reasoning-agent-eval-v3.1
2026-08-18T16:20:00+09:00,CMP-S02-L05-01,S02,S02-L05,1,running,158.4242,458.3611,98.2166,40.3496,0.0027,A,relation-reasoning-agent-eval-v3.1
2026-08-18T16:30:00+09:00,CMP-S02-L01-01,S02,S02-L01,1,running,188.6487,450.5527,95.5545,36.3605,-0.5121,A,relation-reasoning-agent-eval-v3.1
2026-08-18T16:30:00+09:00,CMP-S02-L02-01,S02,S02-L02,1,running,155.0215,496.8414,97.4295,52.2937,2.2502,C,relation-reasoning-agent-eval-v3.1
2026-08-18T16:30:00+09:00,CMP-S02-L03-01,S02,S02-L03,1,running,174.2524,395.7594,98.0757,34.4794,-1.3266,B,relation-reasoning-agent-eval-v3.1
2026-08-18T16:30:00+09:00,CMP-S02-L04-01,S02,S02-L04,1,running,184.6529,501.0643,91.2938,46.7164,0.8865,A,relation-reasoning-agent-eval-v3.1
2026-08-18T16:30:00+09:00,CMP-S02-L05-01,S02,S02-L05,1,running,171.8706,467.616,100.583,44.4192,0.7563,A,relation-reasoning-agent-eval-v3.1
2026-08-18T16:40:00+09:00,CMP-S02-L01-01,S02,S02-L01,1,running,192.8998,492.2721,99.589,30.9514,-1.5137,B,relation-reasoning-agent-eval-v3.1
2026-08-18T16:40:00+09:00,CMP-S02-L02-01,S02,S02-L02,1,running,144.2444,532.9929,95.9359,47.288,1.3232,B,relation-reasoning-agent-eval-v3.1
2026-08-18T16:40:00+09:00,CMP-S02-L03-01,S02,S02-L03,1,running,183.0546,428.0993,95.6704,37.6191,-0.7452,A,relation-reasoning-agent-eval-v3.1
2026-08-18T16:40:00+09:00,CMP-S02-L04-01,S02,S02-L04,1,running,174.1679,470.9622,99.9996,38.741,-0.5904,A,relation-reasoning-agent-eval-v3.1
2026-08-18T16:40:00+09:00,CMP-S02-L05-01,S02,S02-L05,1,running,181.8822,435.717,98.1326,47.586,1.3428,B,relation-reasoning-agent-eval-v3.1
2026-08-18T16:50:00+09:00,CMP-S02-L01-01,S02,S02-L01,1,running,184.3421,506.317,98.6021,38.3122,-0.1506,A,relation-reasoning-agent-eval-v3.1
2026-08-18T16:50:00+09:00,CMP-S02-L02-01,S02,S02-L02,1,running,148.514,510.4507,100.4672,45.6805,1.0255,B,relation-reasoning-agent-eval-v3.1
2026-08-18T16:50:00+09:00,CMP-S02-L03-01,S02,S02-L03,1,running,195.3135,414.7193,97.7691,35.9378,-1.0566,B,relation-reasoning-agent-eval-v3.1
2026-08-18T16:50:00+09:00,CMP-S02-L04-01,S02,S02-L04,1,running,169.5987,479.9519,97.9777,38.6062,-0.6154,A,relation-reasoning-agent-eval-v3.1
2026-08-18T16:50:00+09:00,CMP-S02-L05-01,S02,S02-L05,1,running,153.526,438.5776,95.9778,42.4934,0.3997,A,relation-reasoning-agent-eval-v3.1
2026-08-18T17:00:00+09:00,CMP-S02-L01-01,S02,S02-L01,1,running,173.6668,455.0768,94.4589,45.1581,1.1171,B,relation-reasoning-agent-eval-v3.1
2026-08-18T17:00:00+09:00,CMP-S02-L02-01,S02,S02-L02,1,running,153.5128,477.8869,102.5454,51.4927,2.1019,C,relation-reasoning-agent-eval-v3.1
2026-08-18T17:00:00+09:00,CMP-S02-L03-01,S02,S02-L03,1,running,187.5892,483.4917,101.5715,42.7681,0.2083,A,relation-reasoning-agent-eval-v3.1
2026-08-18T17:00:00+09:00,CMP-S02-L04-01,S02,S02-L04,1,running,180.4732,496.1086,91.7709,41.1429,-0.1456,A,relation-reasoning-agent-eval-v3.1
2026-08-18T17:00:00+09:00,CMP-S02-L05-01,S02,S02-L05,1,running,168.8925,465.411,89.6085,45.9757,1.0446,B,relation-reasoning-agent-eval-v3.1
2026-08-18T17:10:00+09:00,CMP-S02-L01-01,S02,S02-L01,1,running,163.0802,453.743,95.8523,42.2078,0.5708,A,relation-reasoning-agent-eval-v3.1
2026-08-18T17:10:00+09:00,CMP-S02-L02-01,S02,S02-L02,1,running,159.5647,486.8748,105.1968,48.902,1.6221,B,relation-reasoning-agent-eval-v3.1
2026-08-18T17:10:00+09:00,CMP-S02-L03-01,S02,S02-L03,1,running,198.7601,443.849,97.4438,45.2691,0.6715,A,relation-reasoning-agent-eval-v3.1
2026-08-18T17:10:00+09:00,CMP-S02-L04-01,S02,S02-L04,1,running,175.4619,463.5502,94.1706,43.8935,0.3638,A,relation-reasoning-agent-eval-v3.1
2026-08-18T17:10:00+09:00,CMP-S02-L05-01,S02,S02-L05,1,running,145.0513,387.768,92.3747,42.6681,0.4321,A,relation-reasoning-agent-eval-v3.1
2026-08-18T17:20:00+09:00,CMP-S02-L01-01,S02,S02-L01,1,running,175.0869,464.6486,97.2064,34.8521,-0.7914,A,relation-reasoning-agent-eval-v3.1
2026-08-18T17:20:00+09:00,CMP-S02-L02-01,S02,S02-L02,1,running,174.0177,489.1703,108.1348,46.0131,1.0871,B,relation-reasoning-agent-eval-v3.1
2026-08-18T17:20:00+09:00,CMP-S02-L03-01,S02,S02-L03,1,running,181.5486,449.9566,105.1499,41.6719,0.0053,A,relation-reasoning-agent-eval-v3.1
2026-08-18T17:20:00+09:00,CMP-S02-L04-01,S02,S02-L04,1,running,180.7839,457.1121,95.8176,44.4944,0.475,A,relation-reasoning-agent-eval-v3.1
2026-08-18T17:20:00+09:00,CMP-S02-L05-01,S02,S02-L05,1,running,153.8555,448.7291,94.1823,41.4868,0.2133,A,relation-reasoning-agent-eval-v3.1
2026-08-18T17:30:00+09:00,CMP-S02-L01-01,S02,S02-L01,1,running,164.4009,410.4504,107.8515,39.634,0.0941,A,relation-reasoning-agent-eval-v3.1
2026-08-18T17:30:00+09:00,CMP-S02-L02-01,S02,S02-L02,1,running,184.4457,525.4692,104.6353,43.8069,0.6786,A,relation-reasoning-agent-eval-v3.1
2026-08-18T17:30:00+09:00,CMP-S02-L03-01,S02,S02-L03,1,running,198.3454,444.4158,101.403,38.2239,-0.6332,A,relation-reasoning-agent-eval-v3.1
2026-08-18T17:30:00+09:00,CMP-S02-L04-01,S02,S02-L04,1,running,189.8127,489.1081,98.087,42.6828,0.1396,A,relation-reasoning-agent-eval-v3.1
2026-08-18T17:30:00+09:00,CMP-S02-L05-01,S02,S02-L05,1,running,160.3468,507.6211,99.1366,39.991,-0.0637,A,relation-reasoning-agent-eval-v3.1
2026-08-18T17:40:00+09:00,CMP-S02-L01-01,S02,S02-L01,1,running,177.928,421.2556,108.0031,32.1696,-1.2882,B,relation-reasoning-agent-eval-v3.1
2026-08-18T17:40:00+09:00,CMP-S02-L02-01,S02,S02-L02,1,running,185.8351,529.2636,101.2466,47.4654,1.3561,B,relation-reasoning-agent-eval-v3.1
2026-08-18T17:40:00+09:00,CMP-S02-L03-01,S02,S02-L03,1,running,191.3306,473.8649,101.4645,44.5819,0.5442,A,relation-reasoning-agent-eval-v3.1
2026-08-18T17:40:00+09:00,CMP-S02-L04-01,S02,S02-L04,1,running,181.2216,522.5376,99.4194,42.7963,0.1606,A,relation-reasoning-agent-eval-v3.1
2026-08-18T17:40:00+09:00,CMP-S02-L05-01,S02,S02-L05,1,running,163.1226,478.5981,95.4483,46.024,1.0535,B,relation-reasoning-agent-eval-v3.1
2026-08-18T17:50:00+09:00,CMP-S02-L01-01,S02,S02-L01,1,running,181.0412,469.8652,101.7931,27.9423,-2.071,C,relation-reasoning-agent-eval-v3.1
2026-08-18T17:50:00+09:00,CMP-S02-L02-01,S02,S02-L02,1,running,193.3653,528.4221,103.6972,47.7024,1.3999,B,relation-reasoning-agent-eval-v3.1
2026-08-18T17:50:00+09:00,CMP-S02-L03-01,S02,S02-L03,1,running,186.546,404.7268,95.0658,34.2513,-1.3689,B,relation-reasoning-agent-eval-v3.1
2026-08-18T17:50:00+09:00,CMP-S02-L04-01,S02,S02-L04,1,running,183.2941,521.0528,99.4278,36.0283,-1.0928,B,relation-reasoning-agent-eval-v3.1
2026-08-18T17:50:00+09:00,CMP-S02-L05-01,S02,S02-L05,1,running,158.1153,447.9984,92.1718,44.0978,0.6968,A,relation-reasoning-agent-eval-v3.1
2026-08-18T18:00:00+09:00,CMP-S02-L01-01,S02,S02-L01,1,running,184.2079,458.0926,96.8098,31.0262,-1.4999,B,relation-reasoning-agent-eval-v3.1
2026-08-18T18:00:00+09:00,CMP-S02-L02-01,S02,S02-L02,1,running,198.4294,520.861,105.5478,44.6811,0.8405,A,relation-reasoning-agent-eval-v3.1
2026-08-18T18:00:00+09:00,CMP-S02-L03-01,S02,S02-L03,1,running,186.787,402.2939,103.9787,33.2514,-1.554,B,relation-reasoning-agent-eval-v3.1
2026-08-18T18:00:00+09:00,CMP-S02-L04-01,S02,S02-L04,1,running,187.5503,514.7999,100.6998,33.6579,-1.5317,B,relation-reasoning-agent-eval-v3.1
2026-08-18T18:00:00+09:00,CMP-S02-L05-01,S02,S02-L05,1,running,159.6515,436.1805,91.8573,47.7071,1.3652,B,relation-reasoning-agent-eval-v3.1
2026-08-18T18:10:00+09:00,CMP-S02-L01-01,S02,S02-L01,1,running,190.2675,441.325,97.3406,38.2826,-0.1561,A,relation-reasoning-agent-eval-v3.1
2026-08-18T18:10:00+09:00,CMP-S02-L02-01,S02,S02-L02,1,running,195.3185,485.7846,108.3122,47.3031,1.326,B,relation-reasoning-agent-eval-v3.1
2026-08-18T18:10:00+09:00,CMP-S02-L03-01,S02,S02-L03,1,running,188.0635,431.7237,102.6881,34.8572,-1.2567,B,relation-reasoning-agent-eval-v3.1
2026-08-18T18:10:00+09:00,CMP-S02-L04-01,S02,S02-L04,1,running,181.5243,499.6948,102.8075,41.9951,0.0122,A,relation-reasoning-agent-eval-v3.1
2026-08-18T18:10:00+09:00,CMP-S02-L05-01,S02,S02-L05,1,running,177.1768,456.0827,84.6811,48.0186,1.4229,B,relation-reasoning-agent-eval-v3.1
2026-08-18T18:20:00+09:00,CMP-S02-L01-01,S02,S02-L01,1,running,202.1948,423.0443,101.4857,41.0328,0.3532,A,relation-reasoning-agent-eval-v3.1
2026-08-18T18:20:00+09:00,CMP-S02-L02-01,S02,S02-L02,1,running,190.2344,471.1512,111.0887,49.7839,1.7854,B,relation-reasoning-agent-eval-v3.1
2026-08-18T18:20:00+09:00,CMP-S02-L03-01,S02,S02-L03,1,running,183.1589,439.4015,98.9226,32.774,-1.6424,B,relation-reasoning-agent-eval-v3.1
2026-08-18T18:20:00+09:00,CMP-S02-L04-01,S02,S02-L04,1,running,182.8441,475.0258,108.5012,42.6907,0.141,A,relation-reasoning-agent-eval-v3.1
2026-08-18T18:20:00+09:00,CMP-S02-L05-01,S02,S02-L05,1,running,178.625,479.3488,93.5261,49.1431,1.6311,B,relation-reasoning-agent-eval-v3.1
2026-08-18T18:30:00+09:00,CMP-S02-L01-01,S02,S02-L01,1,running,183.2636,423.6135,103.8454,39.0517,-0.0137,A,relation-reasoning-agent-eval-v3.1
2026-08-18T18:30:00+09:00,CMP-S02-L02-01,S02,S02-L02,1,running,180.3141,459.4591,107.0283,51.2808,2.0626,C,relation-reasoning-agent-eval-v3.1
2026-08-18T18:30:00+09:00,CMP-S02-L03-01,S02,S02-L03,1,running,189.2905,488.9136,91.6264,32.4837,-1.6962,B,relation-reasoning-agent-eval-v3.1
2026-08-18T18:30:00+09:00,CMP-S02-L04-01,S02,S02-L04,1,running,197.1158,493.3892,105.7922,38.8507,-0.5701,A,relation-reasoning-agent-eval-v3.1
2026-08-18T18:30:00+09:00,CMP-S02-L05-01,S02,S02-L05,1,running,162.5086,512.3391,94.7094,46.4426,1.131,B,relation-reasoning-agent-eval-v3.1
2026-08-18T18:40:00+09:00,CMP-S02-L01-01,S02,S02-L01,1,running,198.1289,390.9521,103.6062,35.3838,-0.6929,A,relation-reasoning-agent-eval-v3.1
2026-08-18T18:40:00+09:00,CMP-S02-L02-01,S02,S02-L02,1,running,180.2632,504.0805,103.5921,49.5555,1.7431,B,relation-reasoning-agent-eval-v3.1
2026-08-18T18:40:00+09:00,CMP-S02-L03-01,S02,S02-L03,1,running,179.0982,461.6708,92.6319,36.3996,-0.971,A,relation-reasoning-agent-eval-v3.1
2026-08-18T18:40:00+09:00,CMP-S02-L04-01,S02,S02-L04,1,running,192.4224,500.9148,104.8345,42.404,0.0879,A,relation-reasoning-agent-eval-v3.1
2026-08-18T18:40:00+09:00,CMP-S02-L05-01,S02,S02-L05,1,running,137.6595,504.4107,96.8286,46.7338,1.185,B,relation-reasoning-agent-eval-v3.1
2026-08-18T18:50:00+09:00,CMP-S02-L01-01,S02,S02-L01,1,running,173.2375,440.9743,105.8935,37.5393,-0.2938,A,relation-reasoning-agent-eval-v3.1
2026-08-18T18:50:00+09:00,CMP-S02-L02-01,S02,S02-L02,1,running,176.8118,512.6343,104.7339,45.3692,0.9679,A,relation-reasoning-agent-eval-v3.1
2026-08-18T18:50:00+09:00,CMP-S02-L03-01,S02,S02-L03,1,running,180.8264,438.9329,93.1317,39.7022,-0.3594,A,relation-reasoning-agent-eval-v3.1
2026-08-18T18:50:00+09:00,CMP-S02-L04-01,S02,S02-L04,1,running,189.2119,490.9157,106.4448,42.6696,0.1371,A,relation-reasoning-agent-eval-v3.1
2026-08-18T18:50:00+09:00,CMP-S02-L05-01,S02,S02-L05,1,running,146.2291,527.9207,92.5261,44.484,0.7683,A,relation-reasoning-agent-eval-v3.1
2026-08-18T19:00:00+09:00,CMP-S02-L01-01,S02,S02-L01,1,running,181.596,461.5316,107.3795,38.3164,-0.1499,A,relation-reasoning-agent-eval-v3.1
2026-08-18T19:00:00+09:00,CMP-S02-L02-01,S02,S02-L02,1,running,152.5373,509.8604,101.9535,42.9504,0.5199,A,relation-reasoning-agent-eval-v3.1
2026-08-18T19:00:00+09:00,CMP-S02-L03-01,S02,S02-L03,1,running,164.295,442.567,93.3968,45.214,0.6613,A,relation-reasoning-agent-eval-v3.1
2026-08-18T19:00:00+09:00,CMP-S02-L04-01,S02,S02-L04,1,running,199.7799,511.5918,104.7081,42.4921,0.1043,A,relation-reasoning-agent-eval-v3.1
2026-08-18T19:00:00+09:00,CMP-S02-L05-01,S02,S02-L05,1,running,139.9685,514.5178,87.8951,43.6977,0.6227,A,relation-reasoning-agent-eval-v3.1
2026-08-18T19:10:00+09:00,CMP-S02-L01-01,S02,S02-L01,1,running,193.5904,455.8296,107.1081,41.9921,0.5308,A,relation-reasoning-agent-eval-v3.1
2026-08-18T19:10:00+09:00,CMP-S02-L02-01,S02,S02-L02,1,running,175.1162,506.9494,99.2103,41.5092,0.2531,A,relation-reasoning-agent-eval-v3.1
2026-08-18T19:10:00+09:00,CMP-S02-L03-01,S02,S02-L03,1,running,166.8444,461.7529,93.7281,49.4865,1.4525,B,relation-reasoning-agent-eval-v3.1
2026-08-18T19:10:00+09:00,CMP-S02-L04-01,S02,S02-L04,1,running,197.2816,479.8308,103.7185,43.4121,0.2746,A,relation-reasoning-agent-eval-v3.1
2026-08-18T19:10:00+09:00,CMP-S02-L05-01,S02,S02-L05,1,running,145.4804,560.8215,82.6603,43.0297,0.499,A,relation-reasoning-agent-eval-v3.1
2026-08-18T19:20:00+09:00,CMP-S02-L01-01,S02,S02-L01,1,running,178.157,463.5028,107.4448,38.5781,-0.1014,A,relation-reasoning-agent-eval-v3.1
2026-08-18T19:20:00+09:00,CMP-S02-L02-01,S02,S02-L02,1,running,178.3662,446.8629,93.1548,39.4524,-0.1278,A,relation-reasoning-agent-eval-v3.1
2026-08-18T19:20:00+09:00,CMP-S02-L03-01,S02,S02-L03,1,running,172.4231,449.7829,91.3321,41.6241,-0.0035,A,relation-reasoning-agent-eval-v3.1
2026-08-18T19:20:00+09:00,CMP-S02-L04-01,S02,S02-L04,1,running,192.4223,499.814,101.9896,47.5296,1.0371,B,relation-reasoning-agent-eval-v3.1
2026-08-18T19:20:00+09:00,CMP-S02-L05-01,S02,S02-L05,1,running,161.6514,537.1235,83.1909,46.9188,1.2192,B,relation-reasoning-agent-eval-v3.1
2026-08-18T19:30:00+09:00,CMP-S02-L01-01,S02,S02-L01,1,running,178.1072,475.1354,104.8878,34.1425,-0.9228,A,relation-reasoning-agent-eval-v3.1
2026-08-18T19:30:00+09:00,CMP-S02-L02-01,S02,S02-L02,1,running,173.056,376.1213,95.4,41.1687,0.19,A,relation-reasoning-agent-eval-v3.1
2026-08-18T19:30:00+09:00,CMP-S02-L03-01,S02,S02-L03,1,running,167.7122,445.3431,95.1197,41.3118,-0.0614,A,relation-reasoning-agent-eval-v3.1
2026-08-18T19:30:00+09:00,CMP-S02-L04-01,S02,S02-L04,1,running,175.5049,519.4403,97.4276,44.3447,0.4473,A,relation-reasoning-agent-eval-v3.1
2026-08-18T19:30:00+09:00,CMP-S02-L05-01,S02,S02-L05,1,running,164.817,545.1616,81.3258,41.8141,0.2739,A,relation-reasoning-agent-eval-v3.1
2026-08-18T19:40:00+09:00,CMP-S02-L01-01,S02,S02-L01,1,running,174.9321,440.5386,108.0479,34.0412,-0.9416,A,relation-reasoning-agent-eval-v3.1
2026-08-18T19:40:00+09:00,CMP-S02-L02-01,S02,S02-L02,1,running,150.9683,376.5917,98.6685,40.2967,0.0285,A,relation-reasoning-agent-eval-v3.1
2026-08-18T19:40:00+09:00,CMP-S02-L03-01,S02,S02-L03,1,running,174.2915,459.4437,96.7586,39.6767,-0.3642,A,relation-reasoning-agent-eval-v3.1
2026-08-18T19:40:00+09:00,CMP-S02-L04-01,S02,S02-L04,1,running,170.472,475.6113,95.282,44.006,0.3846,A,relation-reasoning-agent-eval-v3.1
2026-08-18T19:40:00+09:00,CMP-S02-L05-01,S02,S02-L05,1,running,160.9401,539.2048,83.0879,39.9534,-0.0707,A,relation-reasoning-agent-eval-v3.1
2026-08-18T19:50:00+09:00,CMP-S02-L01-01,S02,S02-L01,1,running,167.4066,497.6767,108.628,36.0762,-0.5647,A,relation-reasoning-agent-eval-v3.1
2026-08-18T19:50:00+09:00,CMP-S02-L02-01,S02,S02-L02,1,running,158.2788,377.7963,98.2098,41.346,0.2228,A,relation-reasoning-agent-eval-v3.1
2026-08-18T19:50:00+09:00,CMP-S02-L03-01,S02,S02-L03,1,running,167.7967,486.888,94.4322,42.0943,0.0835,A,relation-reasoning-agent-eval-v3.1
2026-08-18T19:50:00+09:00,CMP-S02-L04-01,S02,S02-L04,1,running,171.8772,472.8424,100.328,44.7233,0.5174,A,relation-reasoning-agent-eval-v3.1
2026-08-18T19:50:00+09:00,CMP-S02-L05-01,S02,S02-L05,1,running,167.2731,494.4919,89.9834,40.2656,-0.0129,A,relation-reasoning-agent-eval-v3.1
2026-08-18T20:00:00+09:00,CMP-S02-L01-01,S02,S02-L01,1,running,165.9447,494.3728,109.6777,33.8748,-0.9724,A,relation-reasoning-agent-eval-v3.1
2026-08-18T20:00:00+09:00,CMP-S02-L02-01,S02,S02-L02,1,running,167.7405,339.8798,94.0207,49.4978,1.7324,B,relation-reasoning-agent-eval-v3.1
2026-08-18T20:00:00+09:00,CMP-S02-L03-01,S02,S02-L03,1,running,176.5479,472.1809,100.6406,42.789,0.2122,A,relation-reasoning-agent-eval-v3.1
2026-08-18T20:00:00+09:00,CMP-S02-L04-01,S02,S02-L04,1,running,185.6208,471.0182,99.6575,41.7979,-0.0243,A,relation-reasoning-agent-eval-v3.1
2026-08-18T20:00:00+09:00,CMP-S02-L05-01,S02,S02-L05,1,running,162.9826,492.209,91.3797,35.159,-0.9585,A,relation-reasoning-agent-eval-v3.1
2026-08-18T20:10:00+09:00,CMP-S02-L01-01,S02,S02-L01,1,running,163.9033,494.8943,112.2677,35.2171,-0.7238,A,relation-reasoning-agent-eval-v3.1
2026-08-18T20:10:00+09:00,CMP-S02-L02-01,S02,S02-L02,1,running,159.5348,398.2027,102.3233,48.1203,1.4773,B,relation-reasoning-agent-eval-v3.1
2026-08-18T20:10:00+09:00,CMP-S02-L03-01,S02,S02-L03,1,running,170.4549,462.1422,102.3599,41.9801,0.0624,A,relation-reasoning-agent-eval-v3.1
2026-08-18T20:10:00+09:00,CMP-S02-L04-01,S02,S02-L04,1,running,167.6232,439.186,104.0253,44.7664,0.5254,A,relation-reasoning-agent-eval-v3.1
2026-08-18T20:10:00+09:00,CMP-S02-L05-01,S02,S02-L05,1,running,164.3865,463.19,87.296,41.4303,0.2028,A,relation-reasoning-agent-eval-v3.1
2026-08-18T20:20:00+09:00,CMP-S02-L01-01,S02,S02-L01,1,running,143.2458,505.5351,111.5228,34.452,-0.8655,A,relation-reasoning-agent-eval-v3.1
2026-08-18T20:20:00+09:00,CMP-S02-L02-01,S02,S02-L02,1,running,146.9981,414.3149,98.2055,47.2371,1.3138,B,relation-reasoning-agent-eval-v3.1
2026-08-18T20:20:00+09:00,CMP-S02-L03-01,S02,S02-L03,1,running,189.6337,412.7977,105.2728,37.151,-0.8319,A,relation-reasoning-agent-eval-v3.1
2026-08-18T20:20:00+09:00,CMP-S02-L04-01,S02,S02-L04,1,running,181.0785,438.3566,105.5628,48.8378,1.2794,B,relation-reasoning-agent-eval-v3.1
2026-08-18T20:20:00+09:00,CMP-S02-L05-01,S02,S02-L05,1,running,154.9593,429.879,89.3079,36.682,-0.6765,A,relation-reasoning-agent-eval-v3.1
2026-08-18T20:30:00+09:00,CMP-S02-L01-01,S02,S02-L01,1,running,150.093,536.6555,104.9031,34.4094,-0.8734,A,relation-reasoning-agent-eval-v3.1
2026-08-18T20:30:00+09:00,CMP-S02-L02-01,S02,S02-L02,1,running,140.448,431.419,97.8882,41.2119,0.198,A,relation-reasoning-agent-eval-v3.1
2026-08-18T20:30:00+09:00,CMP-S02-L03-01,S02,S02-L03,1,running,195.9403,426.9789,103.9238,38.538,-0.575,A,relation-reasoning-agent-eval-v3.1
2026-08-18T20:30:00+09:00,CMP-S02-L04-01,S02,S02-L04,1,running,166.3591,487.0765,105.1167,49.1383,1.335,B,relation-reasoning-agent-eval-v3.1
2026-08-18T20:30:00+09:00,CMP-S02-L05-01,S02,S02-L05,1,running,145.3026,435.8514,91.6939,41.9165,0.2929,A,relation-reasoning-agent-eval-v3.1
2026-08-18T20:40:00+09:00,CMP-S02-L01-01,S02,S02-L01,1,running,166.3761,520.9469,104.3466,39.6598,0.0989,A,relation-reasoning-agent-eval-v3.1
2026-08-18T20:40:00+09:00,CMP-S02-L02-01,S02,S02-L02,1,running,135.9218,438.6891,103.6682,39.7715,-0.0687,A,relation-reasoning-agent-eval-v3.1
2026-08-18T20:40:00+09:00,CMP-S02-L03-01,S02,S02-L03,1,running,186.5849,455.6615,104.284,39.3721,-0.4206,A,relation-reasoning-agent-eval-v3.1
2026-08-18T20:40:00+09:00,CMP-S02-L04-01,S02,S02-L04,1,running,167.2673,454.8869,105.4949,42.248,0.0591,A,relation-reasoning-agent-eval-v3.1
2026-08-18T20:40:00+09:00,CMP-S02-L05-01,S02,S02-L05,1,running,148.9627,422.3039,94.7673,40.158,-0.0328,A,relation-reasoning-agent-eval-v3.1
2026-08-18T20:50:00+09:00,CMP-S02-L01-01,S02,S02-L01,1,running,167.8903,525.3907,105.1292,41.7832,0.4921,A,relation-reasoning-agent-eval-v3.1
2026-08-18T20:50:00+09:00,CMP-S02-L02-01,S02,S02-L02,1,running,167.6885,477.2849,99.4826,35.7876,-0.8065,A,relation-reasoning-agent-eval-v3.1
2026-08-18T20:50:00+09:00,CMP-S02-L03-01,S02,S02-L03,1,running,197.1056,464.4398,105.9431,37.6861,-0.7328,A,relation-reasoning-agent-eval-v3.1
2026-08-18T20:50:00+09:00,CMP-S02-L04-01,S02,S02-L04,1,running,186.1221,416.9794,102.8794,45.6548,0.6899,A,relation-reasoning-agent-eval-v3.1
2026-08-18T20:50:00+09:00,CMP-S02-L05-01,S02,S02-L05,1,running,176.7408,433.6809,94.4942,41.6428,0.2422,A,relation-reasoning-agent-eval-v3.1
2026-08-18T21:00:00+09:00,CMP-S02-L01-01,S02,S02-L01,1,running,175.0138,443.518,106.534,37.1258,-0.3703,A,relation-reasoning-agent-eval-v3.1
2026-08-18T21:00:00+09:00,CMP-S02-L02-01,S02,S02-L02,1,running,177.8509,494.2041,95.3149,41.6732,0.2834,A,relation-reasoning-agent-eval-v3.1
2026-08-18T21:00:00+09:00,CMP-S02-L03-01,S02,S02-L03,1,running,186.8156,422.1591,108.0953,39.3731,-0.4204,A,relation-reasoning-agent-eval-v3.1
2026-08-18T21:00:00+09:00,CMP-S02-L04-01,S02,S02-L04,1,running,173.4154,447.3762,100.6289,47.0107,0.941,A,relation-reasoning-agent-eval-v3.1
2026-08-18T21:00:00+09:00,CMP-S02-L05-01,S02,S02-L05,1,running,189.2034,453.3199,91.2717,43.2474,0.5393,A,relation-reasoning-agent-eval-v3.1
2026-08-18T21:10:00+09:00,CMP-S02-L01-01,S02,S02-L01,1,running,182.5008,403.1678,113.5952,38.9547,-0.0317,A,relation-reasoning-agent-eval-v3.1
2026-08-18T21:10:00+09:00,CMP-S02-L02-01,S02,S02-L02,1,running,160.7539,469.4768,91.9767,40.4236,0.052,A,relation-reasoning-agent-eval-v3.1
2026-08-18T21:10:00+09:00,CMP-S02-L03-01,S02,S02-L03,1,running,184.5503,434.5332,102.1376,43.0826,0.2666,A,relation-reasoning-agent-eval-v3.1
2026-08-18T21:10:00+09:00,CMP-S02-L04-01,S02,S02-L04,1,running,166.2371,501.7874,104.7253,46.6386,0.8721,A,relation-reasoning-agent-eval-v3.1
2026-08-18T21:10:00+09:00,CMP-S02-L05-01,S02,S02-L05,1,running,169.8198,449.7957,93.8672,39.0345,-0.2408,A,relation-reasoning-agent-eval-v3.1
2026-08-18T21:20:00+09:00,CMP-S02-L01-01,S02,S02-L01,1,running,168.1575,456.3285,109.1253,44.1339,0.9275,A,relation-reasoning-agent-eval-v3.1
2026-08-18T21:20:00+09:00,CMP-S02-L02-01,S02,S02-L02,1,running,169.7512,463.2624,95.3577,33.9128,-1.1537,B,relation-reasoning-agent-eval-v3.1
2026-08-18T21:20:00+09:00,CMP-S02-L03-01,S02,S02-L03,1,running,175.3254,397.0878,102.1532,33.1055,-1.5811,B,relation-reasoning-agent-eval-v3.1
2026-08-18T21:20:00+09:00,CMP-S02-L04-01,S02,S02-L04,1,running,153.1823,511.5335,103.1154,53.3507,2.1151,C,relation-reasoning-agent-eval-v3.1
2026-08-18T21:20:00+09:00,CMP-S02-L05-01,S02,S02-L05,1,running,169.8929,420.3625,90.3505,39.8164,-0.096,A,relation-reasoning-agent-eval-v3.1
2026-08-18T21:30:00+09:00,CMP-S02-L01-01,S02,S02-L01,1,running,189.3412,475.8291,111.4098,40.9816,0.3437,A,relation-reasoning-agent-eval-v3.1
2026-08-18T21:30:00+09:00,CMP-S02-L02-01,S02,S02-L02,1,running,173.2455,468.2884,103.2821,38.7773,-0.2528,A,relation-reasoning-agent-eval-v3.1
2026-08-18T21:30:00+09:00,CMP-S02-L03-01,S02,S02-L03,1,running,174.0333,407.3955,98.9454,37.7342,-0.7239,A,relation-reasoning-agent-eval-v3.1
2026-08-18T21:30:00+09:00,CMP-S02-L04-01,S02,S02-L04,1,running,159.0502,540.5335,97.8629,52.6804,1.991,B,relation-reasoning-agent-eval-v3.1
2026-08-18T21:30:00+09:00,CMP-S02-L05-01,S02,S02-L05,1,running,162.302,448.0039,96.8422,40.2768,-0.0108,A,relation-reasoning-agent-eval-v3.1
2026-08-18T21:40:00+09:00,CMP-S02-L01-01,S02,S02-L01,1,running,166.0858,426.2984,110.2411,35.4119,-0.6877,A,relation-reasoning-agent-eval-v3.1
2026-08-18T21:40:00+09:00,CMP-S02-L02-01,S02,S02-L02,1,running,184.3381,500.0376,99.9075,44.5915,0.8239,A,relation-reasoning-agent-eval-v3.1
2026-08-18T21:40:00+09:00,CMP-S02-L03-01,S02,S02-L03,1,running,177.0344,457.6831,93.5514,41.3784,-0.049,A,relation-reasoning-agent-eval-v3.1
2026-08-18T21:40:00+09:00,CMP-S02-L04-01,S02,S02-L04,1,running,154.9081,529.0629,106.9851,48.8753,1.2863,B,relation-reasoning-agent-eval-v3.1
2026-08-18T21:40:00+09:00,CMP-S02-L05-01,S02,S02-L05,1,running,182.2997,420.3922,95.4876,38.9576,-0.2551,A,relation-reasoning-agent-eval-v3.1
2026-08-18T21:50:00+09:00,CMP-S02-L01-01,S02,S02-L01,1,running,171.356,467.5211,110.0584,38.8623,-0.0488,A,relation-reasoning-agent-eval-v3.1
2026-08-18T21:50:00+09:00,CMP-S02-L02-01,S02,S02-L02,1,running,186.737,499.3697,95.2603,33.9695,-1.1432,B,relation-reasoning-agent-eval-v3.1
2026-08-18T21:50:00+09:00,CMP-S02-L03-01,S02,S02-L03,1,running,182.6864,423.6434,92.9565,46.6289,0.9233,A,relation-reasoning-agent-eval-v3.1
2026-08-18T21:50:00+09:00,CMP-S02-L04-01,S02,S02-L04,1,running,169.0105,514.2424,97.4152,39.4072,-0.467,A,relation-reasoning-agent-eval-v3.1
2026-08-18T21:50:00+09:00,CMP-S02-L05-01,S02,S02-L05,1,running,162.9389,461.3008,92.3673,44.4294,0.7582,A,relation-reasoning-agent-eval-v3.1
2026-08-18T22:00:00+09:00,CMP-S02-L01-01,S02,S02-L01,1,running,164.1586,435.4631,107.8748,38.8076,-0.0589,A,relation-reasoning-agent-eval-v3.1
2026-08-18T22:00:00+09:00,CMP-S02-L02-01,S02,S02-L02,1,running,189.2848,504.5161,96.3297,33.2846,-1.27,B,relation-reasoning-agent-eval-v3.1
2026-08-18T22:00:00+09:00,CMP-S02-L03-01,S02,S02-L03,1,running,173.2972,470.2632,97.2988,43.4675,0.3378,A,relation-reasoning-agent-eval-v3.1
2026-08-18T22:00:00+09:00,CMP-S02-L04-01,S02,S02-L04,1,running,181.3626,501.2357,103.8784,39.6242,-0.4268,A,relation-reasoning-agent-eval-v3.1
2026-08-18T22:00:00+09:00,CMP-S02-L05-01,S02,S02-L05,1,running,163.9496,478.9669,91.2166,48.182,1.4531,B,relation-reasoning-agent-eval-v3.1
2026-08-18T22:10:00+09:00,CMP-S02-L01-01,S02,S02-L01,1,running,144.1051,423.7106,110.7915,40.0303,0.1675,A,relation-reasoning-agent-eval-v3.1
2026-08-18T22:10:00+09:00,CMP-S02-L02-01,S02,S02-L02,1,running,189.5039,470.674,107.912,37.5959,-0.4716,A,relation-reasoning-agent-eval-v3.1
2026-08-18T22:10:00+09:00,CMP-S02-L03-01,S02,S02-L03,1,running,179.1974,479.2158,96.8318,45.6481,0.7416,A,relation-reasoning-agent-eval-v3.1
2026-08-18T22:10:00+09:00,CMP-S02-L04-01,S02,S02-L04,1,running,170.5521,540.0968,104.1535,34.1755,-1.4359,B,relation-reasoning-agent-eval-v3.1
2026-08-18T22:10:00+09:00,CMP-S02-L05-01,S02,S02-L05,1,running,180.6477,459.1187,95.3694,41.5413,0.2234,A,relation-reasoning-agent-eval-v3.1
2026-08-18T22:20:00+09:00,CMP-S02-L01-01,S02,S02-L01,1,running,164.8595,428.6367,109.6503,39.3546,0.0424,A,relation-reasoning-agent-eval-v3.1
2026-08-18T22:20:00+09:00,CMP-S02-L02-01,S02,S02-L02,1,running,173.4842,447.2417,100.9911,39.65,-0.0912,A,relation-reasoning-agent-eval-v3.1
2026-08-18T22:20:00+09:00,CMP-S02-L03-01,S02,S02-L03,1,running,170.5258,477.5864,99.8236,41.268,-0.0695,A,relation-reasoning-agent-eval-v3.1
2026-08-18T22:20:00+09:00,CMP-S02-L04-01,S02,S02-L04,1,running,179.5723,531.8483,97.8497,40.0337,-0.351,A,relation-reasoning-agent-eval-v3.1
2026-08-18T22:20:00+09:00,CMP-S02-L05-01,S02,S02-L05,1,running,183.9808,419.2396,93.6599,42.1622,0.3384,A,relation-reasoning-agent-eval-v3.1
2026-08-18T22:30:00+09:00,CMP-S02-L01-01,S02,S02-L01,1,running,175.8119,439.6789,96.1492,43.2776,0.7689,A,relation-reasoning-agent-eval-v3.1
2026-08-18T22:30:00+09:00,CMP-S02-L02-01,S02,S02-L02,1,running,172.2038,423.4754,107.4818,49.9432,1.8149,B,relation-reasoning-agent-eval-v3.1
2026-08-18T22:30:00+09:00,CMP-S02-L03-01,S02,S02-L03,1,running,163.0253,438.2305,106.6867,44.2382,0.4805,A,relation-reasoning-agent-eval-v3.1
2026-08-18T22:30:00+09:00,CMP-S02-L04-01,S02,S02-L04,1,running,181.1583,488.753,100.869,39.0909,-0.5256,A,relation-reasoning-agent-eval-v3.1
2026-08-18T22:30:00+09:00,CMP-S02-L05-01,S02,S02-L05,1,running,170.5642,456.8294,94.8407,41.2992,0.1785,A,relation-reasoning-agent-eval-v3.1
2026-08-18T22:40:00+09:00,CMP-S02-L01-01,S02,S02-L01,1,running,169.1026,464.3312,93.9775,45.9329,1.2606,B,relation-reasoning-agent-eval-v3.1
2026-08-18T22:40:00+09:00,CMP-S02-L02-01,S02,S02-L02,1,running,184.3271,444.4822,105.8635,54.5297,2.6643,C,relation-reasoning-agent-eval-v3.1
2026-08-18T22:40:00+09:00,CMP-S02-L03-01,S02,S02-L03,1,running,144.0494,440.14,107.132,47.174,1.0242,B,relation-reasoning-agent-eval-v3.1
2026-08-18T22:40:00+09:00,CMP-S02-L04-01,S02,S02-L04,1,running,175.6084,488.8736,92.0918,43.2701,0.2483,A,relation-reasoning-agent-eval-v3.1
2026-08-18T22:40:00+09:00,CMP-S02-L05-01,S02,S02-L05,1,running,183.6712,455.0702,95.6671,39.6,-0.1361,A,relation-reasoning-agent-eval-v3.1
2026-08-18T22:50:00+09:00,CMP-S02-L01-01,S02,S02-L01,1,running,175.6922,525.4008,93.4043,51.0917,2.2159,C,relation-reasoning-agent-eval-v3.1
2026-08-18T22:50:00+09:00,CMP-S02-L02-01,S02,S02-L02,1,running,172.1972,412.7646,107.2202,44.0357,0.7209,A,relation-reasoning-agent-eval-v3.1
2026-08-18T22:50:00+09:00,CMP-S02-L03-01,S02,S02-L03,1,running,155.9533,458.728,106.2456,45.6405,0.7402,A,relation-reasoning-agent-eval-v3.1
2026-08-18T22:50:00+09:00,CMP-S02-L04-01,S02,S02-L04,1,running,176.6726,474.1132,96.0765,43.5086,0.2925,A,relation-reasoning-agent-eval-v3.1
2026-08-18T22:50:00+09:00,CMP-S02-L05-01,S02,S02-L05,1,running,178.8423,488.0728,97.6919,44.6533,0.7997,A,relation-reasoning-agent-eval-v3.1
2026-08-18T23:00:00+09:00,CMP-S02-L01-01,S02,S02-L01,1,running,179.7483,511.3446,95.1865,41.7358,0.4834,A,relation-reasoning-agent-eval-v3.1
2026-08-18T23:00:00+09:00,CMP-S02-L02-01,S02,S02-L02,1,running,168.9582,437.7,109.0558,38.7555,-0.2569,A,relation-reasoning-agent-eval-v3.1
2026-08-18T23:00:00+09:00,CMP-S02-L03-01,S02,S02-L03,1,running,167.7724,454.8951,107.5417,41.6735,0.0056,A,relation-reasoning-agent-eval-v3.1
2026-08-18T23:00:00+09:00,CMP-S02-L04-01,S02,S02-L04,1,running,201.6259,430.9387,93.643,50.9295,1.6667,B,relation-reasoning-agent-eval-v3.1
2026-08-18T23:00:00+09:00,CMP-S02-L05-01,S02,S02-L05,1,running,166.5648,473.9275,91.9272,46.8182,1.2006,B,relation-reasoning-agent-eval-v3.1
2026-08-18T23:10:00+09:00,CMP-S02-L01-01,S02,S02-L01,1,running,204.7436,520.8746,99.8714,40.4469,0.2447,A,relation-reasoning-agent-eval-v3.1
2026-08-18T23:10:00+09:00,CMP-S02-L02-01,S02,S02-L02,1,running,190.7076,480.2274,111.9503,39.7433,-0.074,A,relation-reasoning-agent-eval-v3.1
2026-08-18T23:10:00+09:00,CMP-S02-L03-01,S02,S02-L03,1,running,173.5476,402.1963,106.0218,40.0814,-0.2892,A,relation-reasoning-agent-eval-v3.1
2026-08-18T23:10:00+09:00,CMP-S02-L04-01,S02,S02-L04,1,running,198.3438,445.8787,89.0741,46.9101,0.9224,A,relation-reasoning-agent-eval-v3.1
2026-08-18T23:10:00+09:00,CMP-S02-L05-01,S02,S02-L05,1,running,177.9,457.0588,94.2685,46.2298,1.0916,B,relation-reasoning-agent-eval-v3.1
2026-08-18T23:20:00+09:00,CMP-S02-L01-01,S02,S02-L01,1,running,203.0296,501.3896,98.2753,40.4279,0.2412,A,relation-reasoning-agent-eval-v3.1
2026-08-18T23:20:00+09:00,CMP-S02-L02-01,S02,S02-L02,1,running,179.4459,463.4089,113.633,36.2507,-0.7207,A,relation-reasoning-agent-eval-v3.1
2026-08-18T23:20:00+09:00,CMP-S02-L03-01,S02,S02-L03,1,running,174.6614,433.3629,102.3781,38.3875,-0.6029,A,relation-reasoning-agent-eval-v3.1
2026-08-18T23:20:00+09:00,CMP-S02-L04-01,S02,S02-L04,1,running,207.963,497.1671,89.169,45.6172,0.683,A,relation-reasoning-agent-eval-v3.1
2026-08-18T23:20:00+09:00,CMP-S02-L05-01,S02,S02-L05,1,running,179.0772,475.6104,96.3132,39.8415,-0.0914,A,relation-reasoning-agent-eval-v3.1
2026-08-18T23:30:00+09:00,CMP-S02-L01-01,S02,S02-L01,1,running,208.3121,532.8601,102.7265,41.263,0.3958,A,relation-reasoning-agent-eval-v3.1
2026-08-18T23:30:00+09:00,CMP-S02-L02-01,S02,S02-L02,1,running,169.5227,454.8748,105.0757,30.7688,-1.7359,B,relation-reasoning-agent-eval-v3.1
2026-08-18T23:30:00+09:00,CMP-S02-L03-01,S02,S02-L03,1,running,160.0232,430.0259,110.2228,35.4983,-1.1379,B,relation-reasoning-agent-eval-v3.1
2026-08-18T23:30:00+09:00,CMP-S02-L04-01,S02,S02-L04,1,running,191.2204,516.2282,98.7898,45.3757,0.6383,A,relation-reasoning-agent-eval-v3.1
2026-08-18T23:30:00+09:00,CMP-S02-L05-01,S02,S02-L05,1,running,194.0686,467.4601,97.7092,41.2471,0.1689,A,relation-reasoning-agent-eval-v3.1
2026-08-18T23:40:00+09:00,CMP-S02-L01-01,S02,S02-L01,1,running,214.9018,517.1361,103.7069,40.1935,0.1978,A,relation-reasoning-agent-eval-v3.1
2026-08-18T23:40:00+09:00,CMP-S02-L02-01,S02,S02-L02,1,running,185.1341,415.6599,106.8054,28.5542,-2.146,C,relation-reasoning-agent-eval-v3.1
2026-08-18T23:40:00+09:00,CMP-S02-L03-01,S02,S02-L03,1,running,162.2688,465.736,107.4375,32.6269,-1.6697,B,relation-reasoning-agent-eval-v3.1
2026-08-18T23:40:00+09:00,CMP-S02-L04-01,S02,S02-L04,1,running,185.949,442.3488,99.8244,45.6374,0.6867,A,relation-reasoning-agent-eval-v3.1
2026-08-18T23:40:00+09:00,CMP-S02-L05-01,S02,S02-L05,1,running,189.7169,481.8304,96.4552,44.1869,0.7133,A,relation-reasoning-agent-eval-v3.1
2026-08-18T23:50:00+09:00,CMP-S02-L01-01,S02,S02-L01,1,running,195.7515,520.2161,107.3041,42.3074,0.5892,A,relation-reasoning-agent-eval-v3.1
2026-08-18T23:50:00+09:00,CMP-S02-L02-01,S02,S02-L02,1,running,180.4596,461.9896,110.7455,30.1173,-1.8566,B,relation-reasoning-agent-eval-v3.1
2026-08-18T23:50:00+09:00,CMP-S02-L03-01,S02,S02-L03,1,running,159.2213,472.6499,105.9559,34.7752,-1.2718,B,relation-reasoning-agent-eval-v3.1
2026-08-18T23:50:00+09:00,CMP-S02-L04-01,S02,S02-L04,1,running,174.8876,440.2314,102.1059,46.2696,0.8038,A,relation-reasoning-agent-eval-v3.1
2026-08-18T23:50:00+09:00,CMP-S02-L05-01,S02,S02-L05,1,running,185.9911,490.8696,93.1898,43.2763,0.5447,A,relation-reasoning-agent-eval-v3.1
2026-08-19T00:00:00+09:00,CMP-S02-L01-01,S02,S02-L01,1,running,201.9694,508.2034,107.6206,37.7448,-0.2557,A,relation-reasoning-agent-eval-v3.1
2026-08-19T00:00:00+09:00,CMP-S02-L02-01,S02,S02-L02,1,running,175.0056,489.7348,108.0754,29.2988,-2.0081,C,relation-reasoning-agent-eval-v3.1
2026-08-19T00:00:00+09:00,CMP-S02-L03-01,S02,S02-L03,1,running,162.3189,514.9102,104.3051,33.9421,-1.4261,B,relation-reasoning-agent-eval-v3.1
2026-08-19T00:00:00+09:00,CMP-S02-L04-01,S02,S02-L04,1,running,194.5309,479.9275,100.6189,46.208,0.7924,A,relation-reasoning-agent-eval-v3.1
2026-08-19T00:00:00+09:00,CMP-S02-L05-01,S02,S02-L05,1,running,175.8868,525.0177,88.422,36.5087,-0.7086,A,relation-reasoning-agent-eval-v3.1
2026-08-19T00:10:00+09:00,CMP-S02-L01-01,S02,S02-L01,1,running,202.2637,472.8603,109.747,35.7,-0.6344,A,relation-reasoning-agent-eval-v3.1
2026-08-19T00:10:00+09:00,CMP-S02-L02-01,S02,S02-L02,1,running,189.977,449.8114,109.4769,35.127,-0.9288,A,relation-reasoning-agent-eval-v3.1
2026-08-19T00:10:00+09:00,CMP-S02-L03-01,S02,S02-L03,1,running,186.8652,522.9369,105.2757,35.1959,-1.1939,B,relation-reasoning-agent-eval-v3.1
2026-08-19T00:10:00+09:00,CMP-S02-L04-01,S02,S02-L04,1,running,196.3266,477.75,100.2867,40.1749,-0.3249,A,relation-reasoning-agent-eval-v3.1
2026-08-19T00:10:00+09:00,CMP-S02-L05-01,S02,S02-L05,1,running,182.3814,494.3519,93.4897,36.2933,-0.7485,A,relation-reasoning-agent-eval-v3.1
2026-08-19T00:20:00+09:00,CMP-S02-L01-01,S02,S02-L01,1,running,205.1524,429.766,104.4957,39.4355,0.0574,A,relation-reasoning-agent-eval-v3.1
2026-08-19T00:20:00+09:00,CMP-S02-L02-01,S02,S02-L02,1,running,185.3628,484.2606,103.5191,35.8914,-0.7873,A,relation-reasoning-agent-eval-v3.1
2026-08-19T00:20:00+09:00,CMP-S02-L03-01,S02,S02-L03,1,running,195.6711,491.4611,105.2348,34.31,-1.358,B,relation-reasoning-agent-eval-v3.1
2026-08-19T00:20:00+09:00,CMP-S02-L04-01,S02,S02-L04,1,running,187.8166,457.5859,97.0193,38.1046,-0.7082,A,relation-reasoning-agent-eval-v3.1
2026-08-19T00:20:00+09:00,CMP-S02-L05-01,S02,S02-L05,1,running,171.9027,505.2083,97.815,32.4028,-1.4689,B,relation-reasoning-agent-eval-v3.1
2026-08-19T00:30:00+09:00,CMP-S02-L01-01,S02,S02-L01,1,running,175.1686,443.1151,102.1527,38.9532,-0.0319,A,relation-reasoning-agent-eval-v3.1
2026-08-19T00:30:00+09:00,CMP-S02-L02-01,S02,S02-L02,1,running,181.5401,494.4007,107.6045,37.8618,-0.4224,A,relation-reasoning-agent-eval-v3.1
2026-08-19T00:30:00+09:00,CMP-S02-L03-01,S02,S02-L03,1,running,196.9156,480.2511,103.2132,33.0808,-1.5856,B,relation-reasoning-agent-eval-v3.1
2026-08-19T00:30:00+09:00,CMP-S02-L04-01,S02,S02-L04,1,running,177.4116,467.073,105.8566,40.0091,-0.3556,A,relation-reasoning-agent-eval-v3.1
2026-08-19T00:30:00+09:00,CMP-S02-L05-01,S02,S02-L05,1,running,178.3116,499.1593,97.9832,30.0311,-1.9081,B,relation-reasoning-agent-eval-v3.1
2026-08-19T00:40:00+09:00,CMP-S02-L01-01,S02,S02-L01,1,running,175.2217,422.9453,102.8296,36.8403,-0.4232,A,relation-reasoning-agent-eval-v3.1
2026-08-19T00:40:00+09:00,CMP-S02-L02-01,S02,S02-L02,1,running,188.8111,507.1275,108.5676,34.3646,-1.07,B,relation-reasoning-agent-eval-v3.1
2026-08-19T00:40:00+09:00,CMP-S02-L03-01,S02,S02-L03,1,running,182.0341,508.3264,106.4938,33.5417,-1.5003,B,relation-reasoning-agent-eval-v3.1
2026-08-19T00:40:00+09:00,CMP-S02-L04-01,S02,S02-L04,1,running,172.6734,432.9017,98.9547,40.5277,-0.2595,A,relation-reasoning-agent-eval-v3.1
2026-08-19T00:40:00+09:00,CMP-S02-L05-01,S02,S02-L05,1,running,182.8647,516.8578,106.4055,30.0304,-1.9083,B,relation-reasoning-agent-eval-v3.1
2026-08-19T00:50:00+09:00,CMP-S02-L01-01,S02,S02-L01,1,running,188.2103,488.4638,104.6704,37.1431,-0.3671,A,relation-reasoning-agent-eval-v3.1
2026-08-19T00:50:00+09:00,CMP-S02-L02-01,S02,S02-L02,1,running,199.3697,534.0562,105.0569,37.5546,-0.4793,A,relation-reasoning-agent-eval-v3.1
2026-08-19T00:50:00+09:00,CMP-S02-L03-01,S02,S02-L03,1,running,164.7989,521.7197,94.0982,34.6049,-1.3034,B,relation-reasoning-agent-eval-v3.1
2026-08-19T00:50:00+09:00,CMP-S02-L04-01,S02,S02-L04,1,running,168.413,404.6077,95.5279,35.4858,-1.1932,B,relation-reasoning-agent-eval-v3.1
2026-08-19T00:50:00+09:00,CMP-S02-L05-01,S02,S02-L05,1,running,191.6574,515.0203,110.4054,34.6208,-1.0582,B,relation-reasoning-agent-eval-v3.1
2026-08-19T01:00:00+09:00,CMP-S02-L01-01,S02,S02-L01,1,running,184.8563,463.9708,106.1023,33.4605,-1.0491,B,relation-reasoning-agent-eval-v3.1
2026-08-19T01:00:00+09:00,CMP-S02-L02-01,S02,S02-L02,1,running,186.7188,497.0071,107.4682,41.8244,0.3114,A,relation-reasoning-agent-eval-v3.1
2026-08-19T01:00:00+09:00,CMP-S02-L03-01,S02,S02-L03,1,running,169.1031,522.3518,89.6375,33.7717,-1.4577,B,relation-reasoning-agent-eval-v3.1
2026-08-19T01:00:00+09:00,CMP-S02-L04-01,S02,S02-L04,1,running,172.6747,447.7967,102.4456,37.8402,-0.7572,A,relation-reasoning-agent-eval-v3.1
2026-08-19T01:00:00+09:00,CMP-S02-L05-01,S02,S02-L05,1,running,193.6586,582.576,111.0483,27.2511,-2.423,C,relation-reasoning-agent-eval-v3.1
2026-08-19T01:10:00+09:00,CMP-S02-L01-01,S02,S02-L01,1,running,190.1571,479.234,102.0676,34.9908,-0.7657,A,relation-reasoning-agent-eval-v3.1
2026-08-19T01:10:00+09:00,CMP-S02-L02-01,S02,S02-L02,1,running,186.5076,494.2426,104.8619,43.3718,0.598,A,relation-reasoning-agent-eval-v3.1
2026-08-19T01:10:00+09:00,CMP-S02-L03-01,S02,S02-L03,1,running,175.0825,476.3388,86.5726,38.6059,-0.5625,A,relation-reasoning-agent-eval-v3.1
2026-08-19T01:10:00+09:00,CMP-S02-L04-01,S02,S02-L04,1,running,170.3997,443.7106,102.5397,35.8579,-1.1243,B,relation-reasoning-agent-eval-v3.1
2026-08-19T01:10:00+09:00,CMP-S02-L05-01,S02,S02-L05,1,running,184.2244,576.5033,106.4536,31.5959,-1.6183,B,relation-reasoning-agent-eval-v3.1
2026-08-19T01:20:00+09:00,CMP-S02-L01-01,S02,S02-L01,1,running,184.2662,510.3292,105.7166,39.9437,0.1515,A,relation-reasoning-agent-eval-v3.1
2026-08-19T01:20:00+09:00,CMP-S02-L02-01,S02,S02-L02,1,running,180.5201,508.4453,100.0667,42.0693,0.3568,A,relation-reasoning-agent-eval-v3.1
2026-08-19T01:20:00+09:00,CMP-S02-L03-01,S02,S02-L03,1,running,164.9384,411.8724,85.5369,37.1377,-0.8343,A,relation-reasoning-agent-eval-v3.1
2026-08-19T01:20:00+09:00,CMP-S02-L04-01,S02,S02-L04,1,running,172.3822,447.7714,103.093,41.583,-0.0641,A,relation-reasoning-agent-eval-v3.1
2026-08-19T01:20:00+09:00,CMP-S02-L05-01,S02,S02-L05,1,running,179.1041,511.3853,109.8288,34.855,-1.0148,B,relation-reasoning-agent-eval-v3.1
2026-08-19T01:30:00+09:00,CMP-S02-L01-01,S02,S02-L01,1,running,177.4153,514.9974,99.8776,43.4754,0.8055,A,relation-reasoning-agent-eval-v3.1
2026-08-19T01:30:00+09:00,CMP-S02-L02-01,S02,S02-L02,1,running,171.5197,490.1379,105.2226,43.3593,0.5957,A,relation-reasoning-agent-eval-v3.1
2026-08-19T01:30:00+09:00,CMP-S02-L03-01,S02,S02-L03,1,running,181.3706,388.3938,96.7396,39.1356,-0.4644,A,relation-reasoning-agent-eval-v3.1
2026-08-19T01:30:00+09:00,CMP-S02-L04-01,S02,S02-L04,1,running,191.0504,448.6758,101.5552,33.263,-1.6048,B,relation-reasoning-agent-eval-v3.1
2026-08-19T01:30:00+09:00,CMP-S02-L05-01,S02,S02-L05,1,running,169.5987,489.8884,106.0229,34.2611,-1.1248,B,relation-reasoning-agent-eval-v3.1
2026-08-19T01:40:00+09:00,CMP-S02-L01-01,S02,S02-L01,1,running,183.8529,518.1365,97.916,37.4163,-0.3165,A,relation-reasoning-agent-eval-v3.1
2026-08-19T01:40:00+09:00,CMP-S02-L02-01,S02,S02-L02,1,running,165.5894,475.2476,105.8006,38.9429,-0.2222,A,relation-reasoning-agent-eval-v3.1
2026-08-19T01:40:00+09:00,CMP-S02-L03-01,S02,S02-L03,1,running,191.1165,387.2624,98.9081,41.3862,-0.0476,A,relation-reasoning-agent-eval-v3.1
2026-08-19T01:40:00+09:00,CMP-S02-L04-01,S02,S02-L04,1,running,180.922,462.8929,104.4133,34.5492,-1.3667,B,relation-reasoning-agent-eval-v3.1
2026-08-19T01:40:00+09:00,CMP-S02-L05-01,S02,S02-L05,1,running,162.5806,493.5235,108.2143,33.7975,-1.2107,B,relation-reasoning-agent-eval-v3.1
2026-08-19T01:50:00+09:00,CMP-S02-L01-01,S02,S02-L01,1,running,178.8734,521.5422,105.9933,41.2466,0.3928,A,relation-reasoning-agent-eval-v3.1
2026-08-19T01:50:00+09:00,CMP-S02-L02-01,S02,S02-L02,1,running,175.1237,485.338,110.6346,42.0735,0.3576,A,relation-reasoning-agent-eval-v3.1
2026-08-19T01:50:00+09:00,CMP-S02-L03-01,S02,S02-L03,1,running,180.7055,448.3058,102.9717,39.5233,-0.3926,A,relation-reasoning-agent-eval-v3.1
2026-08-19T01:50:00+09:00,CMP-S02-L04-01,S02,S02-L04,1,running,185.3205,457.1264,106.6151,37.6964,-0.7838,A,relation-reasoning-agent-eval-v3.1
2026-08-19T01:50:00+09:00,CMP-S02-L05-01,S02,S02-L05,1,running,167.9694,453.7771,103.611,34.663,-1.0504,B,relation-reasoning-agent-eval-v3.1
2026-08-19T02:00:00+09:00,CMP-S02-L01-01,S02,S02-L01,1,running,170.3345,497.9943,102.6678,41.6693,0.471,A,relation-reasoning-agent-eval-v3.1
2026-08-19T02:00:00+09:00,CMP-S02-L02-01,S02,S02-L02,1,running,158.8138,470.0542,107.0564,41.1152,0.1801,A,relation-reasoning-agent-eval-v3.1
2026-08-19T02:00:00+09:00,CMP-S02-L03-01,S02,S02-L03,1,running,186.1903,445.6901,97.2097,43.9532,0.4278,A,relation-reasoning-agent-eval-v3.1
2026-08-19T02:00:00+09:00,CMP-S02-L04-01,S02,S02-L04,1,running,190.2313,456.196,108.54,46.6523,0.8747,A,relation-reasoning-agent-eval-v3.1
2026-08-19T02:00:00+09:00,CMP-S02-L05-01,S02,S02-L05,1,running,200.4562,406.5934,105.6187,31.5931,-1.6189,B,relation-reasoning-agent-eval-v3.1
2026-08-19T02:10:00+09:00,CMP-S02-L01-01,S02,S02-L01,1,running,181.1323,496.2365,102.7914,43.3926,0.7902,A,relation-reasoning-agent-eval-v3.1
2026-08-19T02:10:00+09:00,CMP-S02-L02-01,S02,S02-L02,1,running,167.2017,502.5277,108.2725,41.5572,0.262,A,relation-reasoning-agent-eval-v3.1
2026-08-19T02:10:00+09:00,CMP-S02-L03-01,S02,S02-L03,1,running,163.624,400.1665,93.7529,45.773,0.7648,A,relation-reasoning-agent-eval-v3.1
2026-08-19T02:10:00+09:00,CMP-S02-L04-01,S02,S02-L04,1,running,156.6158,475.1407,103.6011,43.162,0.2283,A,relation-reasoning-agent-eval-v3.1
2026-08-19T02:10:00+09:00,CMP-S02-L05-01,S02,S02-L05,1,running,187.7635,397.6889,101.0428,28.7861,-2.1387,C,relation-reasoning-agent-eval-v3.1
2026-08-19T02:20:00+09:00,CMP-S02-L01-01,S02,S02-L01,1,running,169.7363,459.8724,97.102,38.4978,-0.1163,A,relation-reasoning-agent-eval-v3.1
2026-08-19T02:20:00+09:00,CMP-S02-L02-01,S02,S02-L02,1,running,169.7041,478.5902,104.127,44.2849,0.7671,A,relation-reasoning-agent-eval-v3.1
2026-08-19T02:20:00+09:00,CMP-S02-L03-01,S02,S02-L03,1,running,183.9081,406.6814,93.5816,48.7178,1.3101,B,relation-reasoning-agent-eval-v3.1
2026-08-19T02:20:00+09:00,CMP-S02-L04-01,S02,S02-L04,1,running,132.3265,504.6286,102.1999,39.5937,-0.4325,A,relation-reasoning-agent-eval-v3.1
2026-08-19T02:20:00+09:00,CMP-S02-L05-01,S02,S02-L05,1,running,165.2859,406.6502,101.7839,29.349,-2.0344,C,relation-reasoning-agent-eval-v3.1
2026-08-19T02:30:00+09:00,CMP-S02-L01-01,S02,S02-L01,1,running,157.4964,458.9809,97.5059,44.0568,0.9132,A,relation-reasoning-agent-eval-v3.1
2026-08-19T02:30:00+09:00,CMP-S02-L02-01,S02,S02-L02,1,running,187.719,473.036,101.3421,43.2925,0.5833,A,relation-reasoning-agent-eval-v3.1
2026-08-19T02:30:00+09:00,CMP-S02-L03-01,S02,S02-L03,1,running,194.4051,402.5098,96.0924,44.9661,0.6153,A,relation-reasoning-agent-eval-v3.1
2026-08-19T02:30:00+09:00,CMP-S02-L04-01,S02,S02-L04,1,running,143.0151,488.2658,96.8759,37.9587,-0.7353,A,relation-reasoning-agent-eval-v3.1
2026-08-19T02:30:00+09:00,CMP-S02-L05-01,S02,S02-L05,1,running,177.3401,365.8347,99.6691,36.9014,-0.6359,A,relation-reasoning-agent-eval-v3.1
2026-08-19T02:40:00+09:00,CMP-S02-L01-01,S02,S02-L01,1,running,145.6442,502.6798,98.3538,40.8229,0.3143,A,relation-reasoning-agent-eval-v3.1
2026-08-19T02:40:00+09:00,CMP-S02-L02-01,S02,S02-L02,1,running,186.1035,475.6076,107.4238,41.3863,0.2303,A,relation-reasoning-agent-eval-v3.1
2026-08-19T02:40:00+09:00,CMP-S02-L03-01,S02,S02-L03,1,running,183.6414,420.7022,92.1235,42.3344,0.128,A,relation-reasoning-agent-eval-v3.1
2026-08-19T02:40:00+09:00,CMP-S02-L04-01,S02,S02-L04,1,running,141.9393,443.3457,107.073,37.2969,-0.8578,A,relation-reasoning-agent-eval-v3.1
2026-08-19T02:40:00+09:00,CMP-S02-L05-01,S02,S02-L05,1,running,187.4812,346.386,99.2534,39.7731,-0.1041,A,relation-reasoning-agent-eval-v3.1
2026-08-19T02:50:00+09:00,CMP-S02-L01-01,S02,S02-L01,1,running,151.4277,504.4479,96.9525,35.8085,-0.6143,A,relation-reasoning-agent-eval-v3.1
2026-08-19T02:50:00+09:00,CMP-S02-L02-01,S02,S02-L02,1,running,210.2541,455.412,103.9321,46.0512,1.0942,B,relation-reasoning-agent-eval-v3.1
2026-08-19T02:50:00+09:00,CMP-S02-L03-01,S02,S02-L03,1,running,196.3784,439.8145,92.0847,41.4283,-0.0398,A,relation-reasoning-agent-eval-v3.1
2026-08-19T02:50:00+09:00,CMP-S02-L04-01,S02,S02-L04,1,running,175.5458,424.0557,107.9448,42.3346,0.0751,A,relation-reasoning-agent-eval-v3.1
2026-08-19T02:50:00+09:00,CMP-S02-L05-01,S02,S02-L05,1,running,184.5945,353.7735,101.115,41.8716,0.2846,A,relation-reasoning-agent-eval-v3.1
2026-08-19T03:00:00+09:00,CMP-S02-L01-01,S02,S02-L01,1,running,151.8361,469.1279,92.4841,34.3072,-0.8923,A,relation-reasoning-agent-eval-v3.1
2026-08-19T03:00:00+09:00,CMP-S02-L02-01,S02,S02-L02,1,running,203.5801,479.4176,95.0112,44.3943,0.7873,A,relation-reasoning-agent-eval-v3.1
2026-08-19T03:00:00+09:00,CMP-S02-L03-01,S02,S02-L03,1,running,182.7149,459.1723,90.5155,37.5835,-0.7518,A,relation-reasoning-agent-eval-v3.1
2026-08-19T03:00:00+09:00,CMP-S02-L04-01,S02,S02-L04,1,running,184.3844,447.5265,106.1012,35.643,-1.1641,B,relation-reasoning-agent-eval-v3.1
2026-08-19T03:00:00+09:00,CMP-S02-L05-01,S02,S02-L05,1,running,182.2248,381.1023,93.4219,42.0781,0.3228,A,relation-reasoning-agent-eval-v3.1
2026-08-19T03:10:00+09:00,CMP-S02-L01-01,S02,S02-L01,1,running,172.9547,420.3298,98.9748,37.7119,-0.2618,A,relation-reasoning-agent-eval-v3.1
2026-08-19T03:10:00+09:00,CMP-S02-L02-01,S02,S02-L02,1,running,185.1043,515.7416,103.844,47.5607,1.3737,B,relation-reasoning-agent-eval-v3.1
2026-08-19T03:10:00+09:00,CMP-S02-L03-01,S02,S02-L03,1,running,197.2228,441.9701,95.0574,40.1809,-0.2708,A,relation-reasoning-agent-eval-v3.1
2026-08-19T03:10:00+09:00,CMP-S02-L04-01,S02,S02-L04,1,running,188.9291,438.8239,112.7072,36.5864,-0.9894,A,relation-reasoning-agent-eval-v3.1
2026-08-19T03:10:00+09:00,CMP-S02-L05-01,S02,S02-L05,1,running,173.5655,452.9606,97.7993,48.1246,1.4425,B,relation-reasoning-agent-eval-v3.1
2026-08-19T03:20:00+09:00,CMP-S02-L01-01,S02,S02-L01,1,running,145.5971,446.967,95.3611,34.786,-0.8036,A,relation-reasoning-agent-eval-v3.1
2026-08-19T03:20:00+09:00,CMP-S02-L02-01,S02,S02-L02,1,running,190.8315,501.6067,105.0551,44.4893,0.8049,A,relation-reasoning-agent-eval-v3.1
2026-08-19T03:20:00+09:00,CMP-S02-L03-01,S02,S02-L03,1,running,181.0124,495.8854,91.6011,44.9008,0.6033,A,relation-reasoning-agent-eval-v3.1
2026-08-19T03:20:00+09:00,CMP-S02-L04-01,S02,S02-L04,1,running,193.1015,414.9529,117.3108,37.1554,-0.884,A,relation-reasoning-agent-eval-v3.1
2026-08-19T03:20:00+09:00,CMP-S02-L05-01,S02,S02-L05,1,running,188.4317,461.1124,100.0291,51.0763,1.9891,B,relation-reasoning-agent-eval-v3.1
2026-08-19T03:30:00+09:00,CMP-S02-L01-01,S02,S02-L01,1,running,145.1256,404.8675,98.1503,39.7058,0.1074,A,relation-reasoning-agent-eval-v3.1
2026-08-19T03:30:00+09:00,CMP-S02-L02-01,S02,S02-L02,1,running,185.6847,514.9701,111.6539,37.2667,-0.5326,A,relation-reasoning-agent-eval-v3.1
2026-08-19T03:30:00+09:00,CMP-S02-L03-01,S02,S02-L03,1,running,175.0157,477.4117,97.9792,43.4763,0.3395,A,relation-reasoning-agent-eval-v3.1
2026-08-19T03:30:00+09:00,CMP-S02-L04-01,S02,S02-L04,1,running,181.873,432.4027,113.0585,38.0793,-0.7129,A,relation-reasoning-agent-eval-v3.1
2026-08-19T03:30:00+09:00,CMP-S02-L05-01,S02,S02-L05,1,running,175.7768,468.9545,102.9781,55.966,2.8946,C,relation-reasoning-agent-eval-v3.1
2026-08-19T03:40:00+09:00,CMP-S02-L01-01,S02,S02-L01,1,running,137.4803,424.1854,103.833,37.9781,-0.2125,A,relation-reasoning-agent-eval-v3.1
2026-08-19T03:40:00+09:00,CMP-S02-L02-01,S02,S02-L02,1,running,181.0053,487.7153,112.4432,32.7125,-1.376,B,relation-reasoning-agent-eval-v3.1
2026-08-19T03:40:00+09:00,CMP-S02-L03-01,S02,S02-L03,1,running,173.1959,489.5932,99.5457,41.8433,0.037,A,relation-reasoning-agent-eval-v3.1
2026-08-19T03:40:00+09:00,CMP-S02-L04-01,S02,S02-L04,1,running,191.1019,451.5159,113.9499,41.8944,-0.0064,A,relation-reasoning-agent-eval-v3.1
2026-08-19T03:40:00+09:00,CMP-S02-L05-01,S02,S02-L05,1,running,183.8644,429.3551,102.7326,53.4698,2.4324,C,relation-reasoning-agent-eval-v3.1
2026-08-19T03:50:00+09:00,CMP-S02-L01-01,S02,S02-L01,1,running,155.1398,425.7185,105.443,35.0076,-0.7626,A,relation-reasoning-agent-eval-v3.1
2026-08-19T03:50:00+09:00,CMP-S02-L02-01,S02,S02-L02,1,running,175.314,457.9589,105.3898,32.7893,-1.3617,B,relation-reasoning-agent-eval-v3.1
2026-08-19T03:50:00+09:00,CMP-S02-L03-01,S02,S02-L03,1,running,160.0568,487.4213,96.9672,46.4314,0.8867,A,relation-reasoning-agent-eval-v3.1
2026-08-19T03:50:00+09:00,CMP-S02-L04-01,S02,S02-L04,1,running,212.9536,446.6887,106.8039,43.935,0.3715,A,relation-reasoning-agent-eval-v3.1
2026-08-19T03:50:00+09:00,CMP-S02-L05-01,S02,S02-L05,1,running,194.3687,471.185,105.7423,42.5713,0.4141,A,relation-reasoning-agent-eval-v3.1
2026-08-19T04:00:00+09:00,CMP-S02-L01-01,S02,S02-L01,1,running,175.4314,444.486,104.168,37.9527,-0.2172,A,relation-reasoning-agent-eval-v3.1
2026-08-19T04:00:00+09:00,CMP-S02-L02-01,S02,S02-L02,1,running,150.2025,465.9172,104.6603,37.3347,-0.52,A,relation-reasoning-agent-eval-v3.1
2026-08-19T04:00:00+09:00,CMP-S02-L03-01,S02,S02-L03,1,running,158.2481,470.9201,95.1931,48.9151,1.3466,B,relation-reasoning-agent-eval-v3.1
2026-08-19T04:00:00+09:00,CMP-S02-L04-01,S02,S02-L04,1,running,183.6953,408.5108,104.4369,43.4474,0.2812,A,relation-reasoning-agent-eval-v3.1
2026-08-19T04:00:00+09:00,CMP-S02-L05-01,S02,S02-L05,1,running,179.6704,482.7476,111.807,42.2967,0.3633,A,relation-reasoning-agent-eval-v3.1
2026-08-19T04:10:00+09:00,CMP-S02-L01-01,S02,S02-L01,1,running,182.4276,473.3449,103.7317,35.8491,-0.6068,A,relation-reasoning-agent-eval-v3.1
2026-08-19T04:10:00+09:00,CMP-S02-L02-01,S02,S02-L02,1,running,161.4334,497.7272,98.3155,33.5998,-1.2116,B,relation-reasoning-agent-eval-v3.1
2026-08-19T04:10:00+09:00,CMP-S02-L03-01,S02,S02-L03,1,running,153.8751,429.0996,91.506,47.473,1.0796,B,relation-reasoning-agent-eval-v3.1
2026-08-19T04:10:00+09:00,CMP-S02-L04-01,S02,S02-L04,1,running,185.8905,384.9808,113.2972,43.9039,0.3657,A,relation-reasoning-agent-eval-v3.1
2026-08-19T04:10:00+09:00,CMP-S02-L05-01,S02,S02-L05,1,running,170.4138,420.0268,106.4871,44.4272,0.7578,A,relation-reasoning-agent-eval-v3.1
2026-08-19T04:20:00+09:00,CMP-S02-L01-01,S02,S02-L01,1,running,198.7219,475.6591,106.4206,38.9514,-0.0323,A,relation-reasoning-agent-eval-v3.1
2026-08-19T04:20:00+09:00,CMP-S02-L02-01,S02,S02-L02,1,running,142.1318,473.8383,96.1113,43.3244,0.5892,A,relation-reasoning-agent-eval-v3.1
2026-08-19T04:20:00+09:00,CMP-S02-L03-01,S02,S02-L03,1,running,174.542,438.6884,96.1763,44.5371,0.5359,A,relation-reasoning-agent-eval-v3.1
2026-08-19T04:20:00+09:00,CMP-S02-L04-01,S02,S02-L04,1,running,188.3383,437.4224,113.229,37.8251,-0.76,A,relation-reasoning-agent-eval-v3.1
2026-08-19T04:20:00+09:00,CMP-S02-L05-01,S02,S02-L05,1,running,181.1082,455.7213,105.6234,42.2823,0.3606,A,relation-reasoning-agent-eval-v3.1
2026-08-19T04:30:00+09:00,CMP-S02-L01-01,S02,S02-L01,1,running,210.985,515.7567,105.7336,42.7379,0.6689,A,relation-reasoning-agent-eval-v3.1
2026-08-19T04:30:00+09:00,CMP-S02-L02-01,S02,S02-L02,1,running,174.1984,467.4212,94.7407,42.3063,0.4007,A,relation-reasoning-agent-eval-v3.1
2026-08-19T04:30:00+09:00,CMP-S02-L03-01,S02,S02-L03,1,running,175.2128,399.6968,97.6604,45.4374,0.7026,A,relation-reasoning-agent-eval-v3.1
2026-08-19T04:30:00+09:00,CMP-S02-L04-01,S02,S02-L04,1,running,190.9902,466.3202,103.9156,39.3547,-0.4767,A,relation-reasoning-agent-eval-v3.1
2026-08-19T04:30:00+09:00,CMP-S02-L05-01,S02,S02-L05,1,running,162.0867,492.6223,103.7449,45.8779,1.0265,B,relation-reasoning-agent-eval-v3.1
2026-08-19T04:40:00+09:00,CMP-S02-L01-01,S02,S02-L01,1,running,215.8762,448.5732,108.2585,42.4757,0.6204,A,relation-reasoning-agent-eval-v3.1
2026-08-19T04:40:00+09:00,CMP-S02-L02-01,S02,S02-L02,1,running,163.5793,476.9359,93.7292,44.9446,0.8892,A,relation-reasoning-agent-eval-v3.1
2026-08-19T04:40:00+09:00,CMP-S02-L03-01,S02,S02-L03,1,running,179.3353,393.0509,98.7492,49.0529,1.3722,B,relation-reasoning-agent-eval-v3.1
2026-08-19T04:40:00+09:00,CMP-S02-L04-01,S02,S02-L04,1,running,204.8133,430.152,99.437,42.5406,0.1132,A,relation-reasoning-agent-eval-v3.1
2026-08-19T04:40:00+09:00,CMP-S02-L05-01,S02,S02-L05,1,running,177.4435,455.4795,106.1087,48.7043,1.5499,B,relation-reasoning-agent-eval-v3.1
2026-08-19T04:50:00+09:00,CMP-S02-L01-01,S02,S02-L01,1,running,208.9411,506.3293,115.726,46.6838,1.3997,B,relation-reasoning-agent-eval-v3.1
2026-08-19T04:50:00+09:00,CMP-S02-L02-01,S02,S02-L02,1,running,160.5478,517.6909,91.5764,47.5576,1.3731,B,relation-reasoning-agent-eval-v3.1
2026-08-19T04:50:00+09:00,CMP-S02-L03-01,S02,S02-L03,1,running,174.6095,387.1371,103.8507,49.3819,1.4331,B,relation-reasoning-agent-eval-v3.1
2026-08-19T04:50:00+09:00,CMP-S02-L04-01,S02,S02-L04,1,running,196.324,408.7389,102.3314,40.7358,-0.221,A,relation-reasoning-agent-eval-v3.1
2026-08-19T04:50:00+09:00,CMP-S02-L05-01,S02,S02-L05,1,running,170.2454,493.3683,101.6602,43.6085,0.6062,A,relation-reasoning-agent-eval-v3.1
2026-08-19T05:00:00+09:00,CMP-S02-L01-01,S02,S02-L01,1,running,190.3264,510.245,105.0617,51.8371,2.354,C,relation-reasoning-agent-eval-v3.1
2026-08-19T05:00:00+09:00,CMP-S02-L02-01,S02,S02-L02,1,running,158.817,452.3214,95.7466,45.0947,0.917,A,relation-reasoning-agent-eval-v3.1
2026-08-19T05:00:00+09:00,CMP-S02-L03-01,S02,S02-L03,1,running,161.1827,389.9849,104.0693,50.6815,1.6738,B,relation-reasoning-agent-eval-v3.1
2026-08-19T05:00:00+09:00,CMP-S02-L04-01,S02,S02-L04,1,running,188.9609,400.1783,108.99,43.1112,0.2189,A,relation-reasoning-agent-eval-v3.1
2026-08-19T05:00:00+09:00,CMP-S02-L05-01,S02,S02-L05,1,running,172.3286,482.7741,103.7299,39.8514,-0.0896,A,relation-reasoning-agent-eval-v3.1
2026-08-19T05:10:00+09:00,CMP-S02-L01-01,S02,S02-L01,1,running,175.935,488.4954,100.0886,52.7847,2.5295,C,relation-reasoning-agent-eval-v3.1
2026-08-19T05:10:00+09:00,CMP-S02-L02-01,S02,S02-L02,1,running,171.2489,452.7746,96.1411,44.3844,0.7855,A,relation-reasoning-agent-eval-v3.1
2026-08-19T05:10:00+09:00,CMP-S02-L03-01,S02,S02-L03,1,running,153.1268,424.7229,100.0825,45.8701,0.7828,A,relation-reasoning-agent-eval-v3.1
2026-08-19T05:10:00+09:00,CMP-S02-L04-01,S02,S02-L04,1,running,208.0279,436.392,113.2366,41.1186,-0.1501,A,relation-reasoning-agent-eval-v3.1
2026-08-19T05:10:00+09:00,CMP-S02-L05-01,S02,S02-L05,1,running,164.8194,467.1436,106.5851,35.5308,-0.8897,A,relation-reasoning-agent-eval-v3.1
2026-08-19T05:20:00+09:00,CMP-S02-L01-01,S02,S02-L01,1,running,177.7797,462.6051,92.9227,57.3031,3.3662,D,relation-reasoning-agent-eval-v3.1
2026-08-19T05:20:00+09:00,CMP-S02-L02-01,S02,S02-L02,1,running,180.5915,444.0318,92.2891,40.1352,-0.0014,A,relation-reasoning-agent-eval-v3.1
2026-08-19T05:20:00+09:00,CMP-S02-L03-01,S02,S02-L03,1,running,157.5334,456.8858,100.2748,41.7953,0.0282,A,relation-reasoning-agent-eval-v3.1
2026-08-19T05:20:00+09:00,CMP-S02-L04-01,S02,S02-L04,1,running,177.2739,503.5286,110.0423,38.1045,-0.7083,A,relation-reasoning-agent-eval-v3.1
2026-08-19T05:20:00+09:00,CMP-S02-L05-01,S02,S02-L05,1,running,166.0023,487.1974,102.2746,36.5102,-0.7083,A,relation-reasoning-agent-eval-v3.1
2026-08-19T05:30:00+09:00,CMP-S02-L01-01,S02,S02-L01,1,running,181.9383,500.8197,93.0624,45.7599,1.2286,B,relation-reasoning-agent-eval-v3.1
2026-08-19T05:30:00+09:00,CMP-S02-L02-01,S02,S02-L02,1,running,170.309,431.5045,94.6996,37.266,-0.5327,A,relation-reasoning-agent-eval-v3.1
2026-08-19T05:30:00+09:00,CMP-S02-L03-01,S02,S02-L03,1,running,156.4925,446.7444,100.6311,39.4894,-0.3988,A,relation-reasoning-agent-eval-v3.1
2026-08-19T05:30:00+09:00,CMP-S02-L04-01,S02,S02-L04,1,running,186.8346,552.2863,97.2534,35.503,-1.19,B,relation-reasoning-agent-eval-v3.1
2026-08-19T05:30:00+09:00,CMP-S02-L05-01,S02,S02-L05,1,running,159.3841,457.0557,104.0976,32.8533,-1.3855,B,relation-reasoning-agent-eval-v3.1
2026-08-19T05:40:00+09:00,CMP-S02-L01-01,S02,S02-L01,1,running,188.4931,511.1108,100.9114,43.4354,0.7981,A,relation-reasoning-agent-eval-v3.1
2026-08-19T05:40:00+09:00,CMP-S02-L02-01,S02,S02-L02,1,running,171.6233,428.5794,92.2641,38.3842,-0.3256,A,relation-reasoning-agent-eval-v3.1
2026-08-19T05:40:00+09:00,CMP-S02-L03-01,S02,S02-L03,1,running,171.1474,487.0234,109.3745,38.9913,-0.4911,A,relation-reasoning-agent-eval-v3.1
2026-08-19T05:40:00+09:00,CMP-S02-L04-01,S02,S02-L04,1,running,192.2652,555.1926,98.9572,35.5817,-1.1754,B,relation-reasoning-agent-eval-v3.1
2026-08-19T05:40:00+09:00,CMP-S02-L05-01,S02,S02-L05,1,running,166.7049,418.7809,92.3032,32.0649,-1.5315,B,relation-reasoning-agent-eval-v3.1
2026-08-19T05:50:00+09:00,CMP-S02-L01-01,S02,S02-L01,1,running,148.7258,494.4399,96.7495,40.345,0.2258,A,relation-reasoning-agent-eval-v3.1
2026-08-19T05:50:00+09:00,CMP-S02-L02-01,S02,S02-L02,1,running,167.0107,445.3643,91.9842,42.9346,0.517,A,relation-reasoning-agent-eval-v3.1
2026-08-19T05:50:00+09:00,CMP-S02-L03-01,S02,S02-L03,1,running,177.0618,502.1723,107.2688,42.3465,0.1302,A,relation-reasoning-agent-eval-v3.1
2026-08-19T05:50:00+09:00,CMP-S02-L04-01,S02,S02-L04,1,running,171.7046,555.7086,100.319,36.6658,-0.9747,A,relation-reasoning-agent-eval-v3.1
2026-08-19T05:50:00+09:00,CMP-S02-L05-01,S02,S02-L05,1,running,169.1934,415.3566,96.2003,29.6135,-1.9855,B,relation-reasoning-agent-eval-v3.1
2026-08-19T06:00:00+09:00,CMP-S02-L01-01,S02,S02-L01,1,running,140.2861,477.7077,98.2805,46.6237,1.3885,B,relation-reasoning-agent-eval-v3.1
2026-08-19T06:00:00+09:00,CMP-S02-L02-01,S02,S02-L02,1,running,140.7333,452.0083,97.9867,36.2973,-0.7121,A,relation-reasoning-agent-eval-v3.1
2026-08-19T06:00:00+09:00,CMP-S02-L03-01,S02,S02-L03,1,running,183.6698,435.0689,105.9037,48.6094,1.29,B,relation-reasoning-agent-eval-v3.1
2026-08-19T06:00:00+09:00,CMP-S02-L04-01,S02,S02-L04,1,running,144.118,532.7949,97.6082,35.4421,-1.2013,B,relation-reasoning-agent-eval-v3.1
2026-08-19T06:00:00+09:00,CMP-S02-L05-01,S02,S02-L05,1,running,181.2565,447.4304,101.3162,25.119,-2.8178,C,relation-reasoning-agent-eval-v3.1
2026-08-19T06:10:00+09:00,CMP-S02-L01-01,S02,S02-L01,1,running,146.2708,470.0149,96.0293,49.1654,1.8592,B,relation-reasoning-agent-eval-v3.1
2026-08-19T06:10:00+09:00,CMP-S02-L02-01,S02,S02-L02,1,running,152.6291,491.4761,96.0683,40.0788,-0.0118,A,relation-reasoning-agent-eval-v3.1
2026-08-19T06:10:00+09:00,CMP-S02-L03-01,S02,S02-L03,1,running,206.2781,368.1937,97.0985,46.9518,0.9831,A,relation-reasoning-agent-eval-v3.1
2026-08-19T06:10:00+09:00,CMP-S02-L04-01,S02,S02-L04,1,running,162.3164,553.0572,99.3573,38.2358,-0.684,A,relation-reasoning-agent-eval-v3.1
2026-08-19T06:10:00+09:00,CMP-S02-L05-01,S02,S02-L05,1,running,160.4944,487.1223,97.2729,26.484,-2.565,C,relation-reasoning-agent-eval-v3.1
2026-08-19T06:20:00+09:00,CMP-S02-L01-01,S02,S02-L01,1,running,145.9099,436.5701,94.5453,50.5506,2.1157,C,relation-reasoning-agent-eval-v3.1
2026-08-19T06:20:00+09:00,CMP-S02-L02-01,S02,S02-L02,1,running,153.6456,499.2929,100.5065,40.6422,0.0925,A,relation-reasoning-agent-eval-v3.1
2026-08-19T06:20:00+09:00,CMP-S02-L03-01,S02,S02-L03,1,running,174.459,403.3088,98.263,47.7541,1.1317,B,relation-reasoning-agent-eval-v3.1
2026-08-19T06:20:00+09:00,CMP-S02-L04-01,S02,S02-L04,1,running,167.2859,545.6001,97.0191,30.097,-2.1911,C,relation-reasoning-agent-eval-v3.1
2026-08-19T06:20:00+09:00,CMP-S02-L05-01,S02,S02-L05,1,running,167.4376,453.8896,95.4829,29.3196,-2.0399,C,relation-reasoning-agent-eval-v3.1
2026-08-19T06:30:00+09:00,CMP-S02-L01-01,S02,S02-L01,1,running,152.9557,448.0084,99.6349,47.1226,1.4809,B,relation-reasoning-agent-eval-v3.1
2026-08-19T06:30:00+09:00,CMP-S02-L02-01,S02,S02-L02,1,running,140.011,495.0831,98.3685,41.7185,0.2918,A,relation-reasoning-agent-eval-v3.1
2026-08-19T06:30:00+09:00,CMP-S02-L03-01,S02,S02-L03,1,running,187.5867,438.1844,105.6522,47.2232,1.0333,B,relation-reasoning-agent-eval-v3.1
2026-08-19T06:30:00+09:00,CMP-S02-L04-01,S02,S02-L04,1,running,156.9523,544.1913,95.77,37.5017,-0.8199,A,relation-reasoning-agent-eval-v3.1
2026-08-19T06:30:00+09:00,CMP-S02-L05-01,S02,S02-L05,1,running,177.3037,398.6641,100.8716,27.8522,-2.3116,C,relation-reasoning-agent-eval-v3.1
2026-08-19T06:40:00+09:00,CMP-S02-L01-01,S02,S02-L01,1,running,174.4939,497.9095,101.9632,48.7453,1.7814,B,relation-reasoning-agent-eval-v3.1
2026-08-19T06:40:00+09:00,CMP-S02-L02-01,S02,S02-L02,1,running,126.7897,470.3348,99.4546,37.15,-0.5542,A,relation-reasoning-agent-eval-v3.1
2026-08-19T06:40:00+09:00,CMP-S02-L03-01,S02,S02-L03,1,running,191.8724,442.5796,104.5849,46.0092,0.8085,A,relation-reasoning-agent-eval-v3.1
2026-08-19T06:40:00+09:00,CMP-S02-L04-01,S02,S02-L04,1,running,155.0282,540.0105,98.6969,44.0083,0.385,A,relation-reasoning-agent-eval-v3.1
2026-08-19T06:40:00+09:00,CMP-S02-L05-01,S02,S02-L05,1,running,172.0612,440.4982,100.1071,34.0952,-1.1555,B,relation-reasoning-agent-eval-v3.1
2026-08-19T06:50:00+09:00,CMP-S02-L01-01,S02,S02-L01,1,running,174.7312,469.9338,101.5931,47.3108,1.5158,B,relation-reasoning-agent-eval-v3.1
2026-08-19T06:50:00+09:00,CMP-S02-L02-01,S02,S02-L02,1,running,149.1327,441.7069,92.6907,44.9484,0.8899,A,relation-reasoning-agent-eval-v3.1
2026-08-19T06:50:00+09:00,CMP-S02-L03-01,S02,S02-L03,1,running,187.6924,454.7651,100.7683,42.7675,0.2082,A,relation-reasoning-agent-eval-v3.1
2026-08-19T06:50:00+09:00,CMP-S02-L04-01,S02,S02-L04,1,running,174.6614,542.5971,93.7,48.4833,1.2137,B,relation-reasoning-agent-eval-v3.1
2026-08-19T06:50:00+09:00,CMP-S02-L05-01,S02,S02-L05,1,running,169.2139,431.0624,101.7249,29.6793,-1.9733,B,relation-reasoning-agent-eval-v3.1
2026-08-19T07:00:00+09:00,CMP-S02-L01-01,S02,S02-L01,1,running,182.268,451.6558,111.5453,42.55,0.6341,A,relation-reasoning-agent-eval-v3.1
2026-08-19T07:00:00+09:00,CMP-S02-L02-01,S02,S02-L02,1,running,147.5893,455.2811,92.0725,42.636,0.4617,A,relation-reasoning-agent-eval-v3.1
2026-08-19T07:00:00+09:00,CMP-S02-L03-01,S02,S02-L03,1,running,155.6717,455.5816,101.263,47.2936,1.0464,B,relation-reasoning-agent-eval-v3.1
2026-08-19T07:00:00+09:00,CMP-S02-L04-01,S02,S02-L04,1,running,178.4714,560.5553,97.1445,38.1657,-0.6969,A,relation-reasoning-agent-eval-v3.1
2026-08-19T07:00:00+09:00,CMP-S02-L05-01,S02,S02-L05,1,running,156.5336,434.3836,97.4681,31.582,-1.6209,B,relation-reasoning-agent-eval-v3.1
2026-08-19T07:10:00+09:00,CMP-S02-L01-01,S02,S02-L01,1,running,183.9019,484.3051,106.4633,47.878,1.6208,B,relation-reasoning-agent-eval-v3.1
2026-08-19T07:10:00+09:00,CMP-S02-L02-01,S02,S02-L02,1,running,143.2318,413.1976,87.8285,44.1909,0.7497,A,relation-reasoning-agent-eval-v3.1
2026-08-19T07:10:00+09:00,CMP-S02-L03-01,S02,S02-L03,1,running,164.508,490.8034,97.455,49.4466,1.4451,B,relation-reasoning-agent-eval-v3.1
2026-08-19T07:10:00+09:00,CMP-S02-L04-01,S02,S02-L04,1,running,191.9809,546.7958,102.017,37.4302,-0.8331,A,relation-reasoning-agent-eval-v3.1
2026-08-19T07:10:00+09:00,CMP-S02-L05-01,S02,S02-L05,1,running,171.8864,447.2884,95.3069,29.6202,-1.9842,B,relation-reasoning-agent-eval-v3.1
2026-08-19T07:20:00+09:00,CMP-S02-L01-01,S02,S02-L01,1,running,182.5384,518.8807,104.8299,48.3142,1.7016,B,relation-reasoning-agent-eval-v3.1
2026-08-19T07:20:00+09:00,CMP-S02-L02-01,S02,S02-L02,1,running,142.9496,428.0261,88.0984,43.3666,0.597,A,relation-reasoning-agent-eval-v3.1
2026-08-19T07:20:00+09:00,CMP-S02-L03-01,S02,S02-L03,1,running,174.7586,463.5537,99.6712,48.2349,1.2207,B,relation-reasoning-agent-eval-v3.1
2026-08-19T07:20:00+09:00,CMP-S02-L04-01,S02,S02-L04,1,running,211.3544,558.374,95.5332,43.9171,0.3681,A,relation-reasoning-agent-eval-v3.1
2026-08-19T07:20:00+09:00,CMP-S02-L05-01,S02,S02-L05,1,running,176.9046,431.4324,96.4524,34.6272,-1.057,B,relation-reasoning-agent-eval-v3.1
2026-08-19T07:30:00+09:00,CMP-S02-L01-01,S02,S02-L01,1,running,168.8281,509.3065,104.1728,47.7712,1.601,B,relation-reasoning-agent-eval-v3.1
2026-08-19T07:30:00+09:00,CMP-S02-L02-01,S02,S02-L02,1,running,159.9471,419.9318,87.3699,39.8407,-0.0559,A,relation-reasoning-agent-eval-v3.1
2026-08-19T07:30:00+09:00,CMP-S02-L03-01,S02,S02-L03,1,running,169.6319,455.8254,100.9314,46.1727,0.8388,A,relation-reasoning-agent-eval-v3.1
2026-08-19T07:30:00+09:00,CMP-S02-L04-01,S02,S02-L04,1,running,207.8179,500.0902,97.1851,44.3184,0.4425,A,relation-reasoning-agent-eval-v3.1
2026-08-19T07:30:00+09:00,CMP-S02-L05-01,S02,S02-L05,1,running,142.3799,432.1881,96.2195,38.8143,-0.2816,A,relation-reasoning-agent-eval-v3.1
2026-08-19T07:40:00+09:00,CMP-S02-L01-01,S02,S02-L01,1,running,161.8592,487.614,104.9065,44.1976,0.9393,A,relation-reasoning-agent-eval-v3.1
2026-08-19T07:40:00+09:00,CMP-S02-L02-01,S02,S02-L02,1,running,152.5224,467.0927,104.5545,42.8938,0.5095,A,relation-reasoning-agent-eval-v3.1
2026-08-19T07:40:00+09:00,CMP-S02-L03-01,S02,S02-L03,1,running,178.159,455.8056,104.5726,38.5804,-0.5672,A,relation-reasoning-agent-eval-v3.1
2026-08-19T07:40:00+09:00,CMP-S02-L04-01,S02,S02-L04,1,running,206.0996,466.9349,104.3849,46.4815,0.843,A,relation-reasoning-agent-eval-v3.1
2026-08-19T07:40:00+09:00,CMP-S02-L05-01,S02,S02-L05,1,running,159.0523,437.1675,96.6287,44.2938,0.7331,A,relation-reasoning-agent-eval-v3.1
2026-08-19T07:50:00+09:00,CMP-S02-L01-01,S02,S02-L01,1,running,177.5728,485.7413,107.0432,41.0219,0.3512,A,relation-reasoning-agent-eval-v3.1
2026-08-19T07:50:00+09:00,CMP-S02-L02-01,S02,S02-L02,1,running,150.3617,444.567,103.3404,40.5363,0.0729,A,relation-reasoning-agent-eval-v3.1
2026-08-19T07:50:00+09:00,CMP-S02-L03-01,S02,S02-L03,1,running,178.6697,425.2565,100.5824,35.2344,-1.1868,B,relation-reasoning-agent-eval-v3.1
2026-08-19T07:50:00+09:00,CMP-S02-L04-01,S02,S02-L04,1,running,208.6063,476.7835,106.9729,46.1358,0.779,A,relation-reasoning-agent-eval-v3.1
2026-08-19T07:50:00+09:00,CMP-S02-L05-01,S02,S02-L05,1,running,155.2123,488.5199,96.8613,47.5714,1.3401,B,relation-reasoning-agent-eval-v3.1
2026-08-19T08:00:00+09:00,CMP-S02-L01-01,S02,S02-L01,1,running,162.6369,488.2887,102.1129,34.919,-0.779,A,relation-reasoning-agent-eval-v3.1
2026-08-19T08:00:00+09:00,CMP-S02-L02-01,S02,S02-L02,1,running,149.8751,443.1835,109.2597,33.5898,-1.2135,B,relation-reasoning-agent-eval-v3.1
2026-08-19T08:00:00+09:00,CMP-S02-L03-01,S02,S02-L03,1,running,190.702,426.2754,99.493,36.0721,-1.0317,B,relation-reasoning-agent-eval-v3.1
2026-08-19T08:00:00+09:00,CMP-S02-L04-01,S02,S02-L04,1,running,198.1509,512.4329,105.1927,40.7508,-0.2182,A,relation-reasoning-agent-eval-v3.1
2026-08-19T08:00:00+09:00,CMP-S02-L05-01,S02,S02-L05,1,running,159.6815,497.9159,90.5656,40.6213,0.053,A,relation-reasoning-agent-eval-v3.1
2026-08-19T08:10:00+09:00,CMP-S02-L01-01,S02,S02-L01,1,running,169.5101,491.8814,107.3813,38.5766,-0.1017,A,relation-reasoning-agent-eval-v3.1
2026-08-19T08:10:00+09:00,CMP-S02-L02-01,S02,S02-L02,1,running,150.2595,457.244,100.919,44.1549,0.743,A,relation-reasoning-agent-eval-v3.1
2026-08-19T08:10:00+09:00,CMP-S02-L03-01,S02,S02-L03,1,running,189.1031,422.4186,94.8222,32.2047,-1.7479,B,relation-reasoning-agent-eval-v3.1
2026-08-19T08:10:00+09:00,CMP-S02-L04-01,S02,S02-L04,1,running,202.6845,484.526,112.3679,42.9474,0.1886,A,relation-reasoning-agent-eval-v3.1
2026-08-19T08:10:00+09:00,CMP-S02-L05-01,S02,S02-L05,1,running,169.5316,459.4502,96.7176,46.8301,1.2028,B,relation-reasoning-agent-eval-v3.1
2026-08-19T08:20:00+09:00,CMP-S02-L01-01,S02,S02-L01,1,running,166.9475,460.8301,108.4832,43.1472,0.7447,A,relation-reasoning-agent-eval-v3.1
2026-08-19T08:20:00+09:00,CMP-S02-L02-01,S02,S02-L02,1,running,158.6764,398.616,106.9195,39.0439,-0.2035,A,relation-reasoning-agent-eval-v3.1
2026-08-19T08:20:00+09:00,CMP-S02-L03-01,S02,S02-L03,1,running,181.9177,427.7314,97.0012,36.1817,-1.0114,B,relation-reasoning-agent-eval-v3.1
2026-08-19T08:20:00+09:00,CMP-S02-L04-01,S02,S02-L04,1,running,208.4578,508.7924,113.8263,41.7201,-0.0387,A,relation-reasoning-agent-eval-v3.1
2026-08-19T08:20:00+09:00,CMP-S02-L05-01,S02,S02-L05,1,running,170.8332,457.7235,107.1947,45.9774,1.0449,B,relation-reasoning-agent-eval-v3.1
2026-08-19T08:30:00+09:00,CMP-S02-L01-01,S02,S02-L01,1,running,181.2929,454.5694,106.2841,39.2706,0.0268,A,relation-reasoning-agent-eval-v3.1
2026-08-19T08:30:00+09:00,CMP-S02-L02-01,S02,S02-L02,1,running,164.4348,389.6821,105.0581,32.5394,-1.408,B,relation-reasoning-agent-eval-v3.1
2026-08-19T08:30:00+09:00,CMP-S02-L03-01,S02,S02-L03,1,running,181.475,418.2146,106.1636,33.2311,-1.5578,B,relation-reasoning-agent-eval-v3.1
2026-08-19T08:30:00+09:00,CMP-S02-L04-01,S02,S02-L04,1,running,202.3156,494.7684,111.9608,45.6112,0.6819,A,relation-reasoning-agent-eval-v3.1
2026-08-19T08:30:00+09:00,CMP-S02-L05-01,S02,S02-L05,1,running,149.4806,498.7121,95.3436,49.6596,1.7268,B,relation-reasoning-agent-eval-v3.1
2026-08-19T08:40:00+09:00,CMP-S02-L01-01,S02,S02-L01,1,running,162.6159,463.2638,105.5299,36.3584,-0.5124,A,relation-reasoning-agent-eval-v3.1
2026-08-19T08:40:00+09:00,CMP-S02-L02-01,S02,S02-L02,1,running,164.1627,428.3841,111.0561,36.374,-0.6979,A,relation-reasoning-agent-eval-v3.1
2026-08-19T08:40:00+09:00,CMP-S02-L03-01,S02,S02-L03,1,running,162.3772,396.9972,103.4343,40.4021,-0.2298,A,relation-reasoning-agent-eval-v3.1
2026-08-19T08:40:00+09:00,CMP-S02-L04-01,S02,S02-L04,1,running,217.7976,515.199,109.0652,45.7936,0.7156,A,relation-reasoning-agent-eval-v3.1
2026-08-19T08:40:00+09:00,CMP-S02-L05-01,S02,S02-L05,1,running,154.5898,459.2297,90.6007,49.8469,1.7615,B,relation-reasoning-agent-eval-v3.1
2026-08-19T08:50:00+09:00,CMP-S02-L01-01,S02,S02-L01,1,running,183.3543,464.2603,98.6071,34.4675,-0.8626,A,relation-reasoning-agent-eval-v3.1
2026-08-19T08:50:00+09:00,CMP-S02-L02-01,S02,S02-L02,1,running,181.3155,411.455,104.4337,43.9642,0.7077,A,relation-reasoning-agent-eval-v3.1
2026-08-19T08:50:00+09:00,CMP-S02-L03-01,S02,S02-L03,1,running,173.5943,368.6554,102.9072,37.1499,-0.8321,A,relation-reasoning-agent-eval-v3.1
2026-08-19T08:50:00+09:00,CMP-S02-L04-01,S02,S02-L04,1,running,213.2844,450.6735,108.293,51.604,1.7916,B,relation-reasoning-agent-eval-v3.1
2026-08-19T08:50:00+09:00,CMP-S02-L05-01,S02,S02-L05,1,running,163.5998,414.5475,88.6301,52.4401,2.2417,C,relation-reasoning-agent-eval-v3.1
2026-08-19T09:00:00+09:00,CMP-S02-L01-01,S02,S02-L01,1,running,185.1337,443.0653,95.7966,36.3593,-0.5123,A,relation-reasoning-agent-eval-v3.1
2026-08-19T09:00:00+09:00,CMP-S02-L02-01,S02,S02-L02,1,running,182.3298,413.4582,104.6584,45.7134,1.0316,B,relation-reasoning-agent-eval-v3.1
2026-08-19T09:00:00+09:00,CMP-S02-L03-01,S02,S02-L03,1,running,183.8963,409.1588,100.1963,38.9886,-0.4916,A,relation-reasoning-agent-eval-v3.1
2026-08-19T09:00:00+09:00,CMP-S02-L04-01,S02,S02-L04,1,running,198.668,424.8465,107.1059,52.5716,1.9708,B,relation-reasoning-agent-eval-v3.1
2026-08-19T09:00:00+09:00,CMP-S02-L05-01,S02,S02-L05,1,running,163.8649,411.4379,91.7652,52.3081,2.2172,C,relation-reasoning-agent-eval-v3.1
2026-08-19T09:10:00+09:00,CMP-S02-L01-01,S02,S02-L01,1,running,189.4507,420.5442,97.211,37.1956,-0.3574,A,relation-reasoning-agent-eval-v3.1
2026-08-19T09:10:00+09:00,CMP-S02-L02-01,S02,S02-L02,1,running,175.7572,357.7944,105.8397,41.6438,0.278,A,relation-reasoning-agent-eval-v3.1
2026-08-19T09:10:00+09:00,CMP-S02-L03-01,S02,S02-L03,1,running,175.5307,374.4363,100.0049,31.1897,-1.9358,B,relation-reasoning-agent-eval-v3.1
2026-08-19T09:10:00+09:00,CMP-S02-L04-01,S02,S02-L04,1,running,184.4047,440.4888,107.6185,51.4771,1.7681,B,relation-reasoning-agent-eval-v3.1
2026-08-19T09:10:00+09:00,CMP-S02-L05-01,S02,S02-L05,1,running,147.5119,431.174,97.4585,46.7902,1.1954,B,relation-reasoning-agent-eval-v3.1
2026-08-19T09:20:00+09:00,CMP-S02-L01-01,S02,S02-L01,1,running,179.8465,438.5566,98.3381,33.4847,-1.0446,B,relation-reasoning-agent-eval-v3.1
2026-08-19T09:20:00+09:00,CMP-S02-L02-01,S02,S02-L02,1,running,175.3867,361.1292,105.3822,45.1063,0.9192,A,relation-reasoning-agent-eval-v3.1
2026-08-19T09:20:00+09:00,CMP-S02-L03-01,S02,S02-L03,1,running,172.5491,403.8965,94.4657,35.6192,-1.1156,B,relation-reasoning-agent-eval-v3.1
2026-08-19T09:20:00+09:00,CMP-S02-L04-01,S02,S02-L04,1,running,195.3246,514.7698,94.9083,47.2174,0.9793,A,relation-reasoning-agent-eval-v3.1
2026-08-19T09:20:00+09:00,CMP-S02-L05-01,S02,S02-L05,1,running,150.2967,410.8413,97.2636,44.7991,0.8267,A,relation-reasoning-agent-eval-v3.1
2026-08-19T09:30:00+09:00,CMP-S02-L01-01,S02,S02-L01,1,running,198.0021,442.8444,97.2932,32.9037,-1.1522,B,relation-reasoning-agent-eval-v3.1
2026-08-19T09:30:00+09:00,CMP-S02-L02-01,S02,S02-L02,1,running,183.9146,356.9063,107.3551,50.3391,1.8882,B,relation-reasoning-agent-eval-v3.1
2026-08-19T09:30:00+09:00,CMP-S02-L03-01,S02,S02-L03,1,running,156.966,400.3218,95.3836,34.3466,-1.3512,B,relation-reasoning-agent-eval-v3.1
2026-08-19T09:30:00+09:00,CMP-S02-L04-01,S02,S02-L04,1,running,194.1955,518.5263,95.975,37.6284,-0.7964,A,relation-reasoning-agent-eval-v3.1
2026-08-19T09:30:00+09:00,CMP-S02-L05-01,S02,S02-L05,1,running,150.6735,450.5028,95.2814,49.5897,1.7138,B,relation-reasoning-agent-eval-v3.1
2026-08-19T09:40:00+09:00,CMP-S02-L01-01,S02,S02-L01,1,running,170.3849,441.5169,95.6945,36.5423,-0.4784,A,relation-reasoning-agent-eval-v3.1
2026-08-19T09:40:00+09:00,CMP-S02-L02-01,S02,S02-L02,1,running,181.3034,376.3535,105.2087,48.4674,1.5416,B,relation-reasoning-agent-eval-v3.1
2026-08-19T09:40:00+09:00,CMP-S02-L03-01,S02,S02-L03,1,running,174.0818,367.2045,98.8849,30.6421,-2.0372,C,relation-reasoning-agent-eval-v3.1
2026-08-19T09:40:00+09:00,CMP-S02-L04-01,S02,S02-L04,1,running,195.0539,536.521,94.4056,43.0992,0.2167,A,relation-reasoning-agent-eval-v3.1
2026-08-19T09:40:00+09:00,CMP-S02-L05-01,S02,S02-L05,1,running,138.7117,460.7078,99.3735,45.5053,0.9575,A,relation-reasoning-agent-eval-v3.1
2026-08-19T09:50:00+09:00,CMP-S02-L01-01,S02,S02-L01,1,running,181.1295,438.3223,93.0219,37.714,-0.2614,A,relation-reasoning-agent-eval-v3.1
2026-08-19T09:50:00+09:00,CMP-S02-L02-01,S02,S02-L02,1,running,185.29,413.2959,107.3196,43.8218,0.6813,A,relation-reasoning-agent-eval-v3.1
2026-08-19T09:50:00+09:00,CMP-S02-L03-01,S02,S02-L03,1,running,167.2497,377.2375,98.0727,38.9517,-0.4984,A,relation-reasoning-agent-eval-v3.1
2026-08-19T09:50:00+09:00,CMP-S02-L04-01,S02,S02-L04,1,running,182.2605,503.7755,100.0865,43.9231,0.3693,A,relation-reasoning-agent-eval-v3.1
2026-08-19T09:50:00+09:00,CMP-S02-L05-01,S02,S02-L05,1,running,133.4342,393.392,98.9647,46.313,1.107,B,relation-reasoning-agent-eval-v3.1
2026-08-19T10:00:00+09:00,CMP-S02-L01-01,S02,S02-L01,1,running,166.5654,423.9501,97.6331,40.1814,0.1955,A,relation-reasoning-agent-eval-v3.1
2026-08-19T10:00:00+09:00,CMP-S02-L02-01,S02,S02-L02,1,running,166.5498,409.4131,106.7161,40.506,0.0673,A,relation-reasoning-agent-eval-v3.1
2026-08-19T10:00:00+09:00,CMP-S02-L03-01,S02,S02-L03,1,running,173.7172,386.5802,98.5406,35.4103,-1.1542,B,relation-reasoning-agent-eval-v3.1
2026-08-19T10:00:00+09:00,CMP-S02-L04-01,S02,S02-L04,1,running,171.1656,490.7543,102.1781,36.4946,-1.0064,B,relation-reasoning-agent-eval-v3.1
2026-08-19T10:00:00+09:00,CMP-S02-L05-01,S02,S02-L05,1,running,136.7361,425.1251,102.0315,52.5773,2.2671,C,relation-reasoning-agent-eval-v3.1
2026-08-19T10:10:00+09:00,CMP-S02-L01-01,S02,S02-L01,1,running,178.4496,442.4145,92.3222,38.046,-0.1999,A,relation-reasoning-agent-eval-v3.1
2026-08-19T10:10:00+09:00,CMP-S02-L02-01,S02,S02-L02,1,running,147.6625,416.3548,110.2411,42.2197,0.3846,A,relation-reasoning-agent-eval-v3.1
2026-08-19T10:10:00+09:00,CMP-S02-L03-01,S02,S02-L03,1,running,180.0739,371.2417,102.9097,35.1288,-1.2064,B,relation-reasoning-agent-eval-v3.1
2026-08-19T10:10:00+09:00,CMP-S02-L04-01,S02,S02-L04,1,running,165.2314,497.3618,94.9804,34.7762,-1.3246,B,relation-reasoning-agent-eval-v3.1
2026-08-19T10:10:00+09:00,CMP-S02-L05-01,S02,S02-L05,1,running,133.1126,485.7493,103.3409,50.086,1.8057,B,relation-reasoning-agent-eval-v3.1
2026-08-19T10:20:00+09:00,CMP-S02-L01-01,S02,S02-L01,1,running,190.5633,452.5058,101.415,36.014,-0.5762,A,relation-reasoning-agent-eval-v3.1
2026-08-19T10:20:00+09:00,CMP-S02-L02-01,S02,S02-L02,1,running,154.0223,441.6878,104.6148,46.4215,1.1628,B,relation-reasoning-agent-eval-v3.1
2026-08-19T10:20:00+09:00,CMP-S02-L03-01,S02,S02-L03,1,running,178.6563,382.8198,95.328,32.8963,-1.6198,B,relation-reasoning-agent-eval-v3.1
2026-08-19T10:20:00+09:00,CMP-S02-L04-01,S02,S02-L04,1,running,172.2201,487.9169,97.7255,32.9486,-1.6631,B,relation-reasoning-agent-eval-v3.1
2026-08-19T10:20:00+09:00,CMP-S02-L05-01,S02,S02-L05,1,running,146.6286,490.8155,96.1639,49.4048,1.6796,B,relation-reasoning-agent-eval-v3.1
2026-08-19T10:30:00+09:00,CMP-S02-L01-01,S02,S02-L01,1,running,192.2833,455.4098,102.472,35.5833,-0.656,A,relation-reasoning-agent-eval-v3.1
2026-08-19T10:30:00+09:00,CMP-S02-L02-01,S02,S02-L02,1,running,169.2644,496.6677,108.1728,48.6426,1.574,B,relation-reasoning-agent-eval-v3.1
2026-08-19T10:30:00+09:00,CMP-S02-L03-01,S02,S02-L03,1,running,182.8817,359.4887,99.8124,31.8527,-1.813,B,relation-reasoning-agent-eval-v3.1
2026-08-19T10:30:00+09:00,CMP-S02-L04-01,S02,S02-L04,1,running,168.2987,495.1696,97.5936,27.4905,-2.6738,C,relation-reasoning-agent-eval-v3.1
2026-08-19T10:30:00+09:00,CMP-S02-L05-01,S02,S02-L05,1,running,151.2623,432.9581,94.791,48.7005,1.5492,B,relation-reasoning-agent-eval-v3.1
2026-08-19T10:40:00+09:00,CMP-S02-L01-01,S02,S02-L01,1,running,193.4778,462.8643,93.8296,34.9982,-0.7643,A,relation-reasoning-agent-eval-v3.1
2026-08-19T10:40:00+09:00,CMP-S02-L02-01,S02,S02-L02,1,running,178.1097,489.0274,108.6371,53.2933,2.4353,C,relation-reasoning-agent-eval-v3.1
2026-08-19T10:40:00+09:00,CMP-S02-L03-01,S02,S02-L03,1,running,197.9268,408.1764,100.3594,33.0285,-1.5953,B,relation-reasoning-agent-eval-v3.1
2026-08-19T10:40:00+09:00,CMP-S02-L04-01,S02,S02-L04,1,running,160.4957,490.9157,98.6082,29.0435,-2.3862,C,relation-reasoning-agent-eval-v3.1
2026-08-19T10:40:00+09:00,CMP-S02-L05-01,S02,S02-L05,1,running,145.7019,411.1527,95.2972,43.825,0.6463,A,relation-reasoning-agent-eval-v3.1
2026-08-19T10:50:00+09:00,CMP-S02-L01-01,S02,S02-L01,1,running,178.362,479.6563,88.2303,43.5304,0.8157,A,relation-reasoning-agent-eval-v3.1
2026-08-19T10:50:00+09:00,CMP-S02-L02-01,S02,S02-L02,1,running,187.4815,481.7093,103.5455,49.2153,1.6801,B,relation-reasoning-agent-eval-v3.1
2026-08-19T10:50:00+09:00,CMP-S02-L03-01,S02,S02-L03,1,running,198.9734,390.4037,96.0184,40.3916,-0.2318,A,relation-reasoning-agent-eval-v3.1
2026-08-19T10:50:00+09:00,CMP-S02-L04-01,S02,S02-L04,1,running,174.4689,477.1848,90.2978,35.8854,-1.1192,B,relation-reasoning-agent-eval-v3.1
2026-08-19T10:50:00+09:00,CMP-S02-L05-01,S02,S02-L05,1,running,159.6054,410.7438,91.4829,35.5173,-0.8922,A,relation-reasoning-agent-eval-v3.1
2026-08-19T11:00:00+09:00,CMP-S02-L01-01,S02,S02-L01,1,running,174.7863,478.0489,96.8786,45.8927,1.2532,B,relation-reasoning-agent-eval-v3.1
2026-08-19T11:00:00+09:00,CMP-S02-L02-01,S02,S02-L02,1,running,171.9654,516.0678,100.4331,49.3317,1.7017,B,relation-reasoning-agent-eval-v3.1
2026-08-19T11:00:00+09:00,CMP-S02-L03-01,S02,S02-L03,1,running,178.0163,379.3799,97.6005,44.9213,0.607,A,relation-reasoning-agent-eval-v3.1
2026-08-19T11:00:00+09:00,CMP-S02-L04-01,S02,S02-L04,1,running,159.1553,519.5431,91.2823,39.4107,-0.4664,A,relation-reasoning-agent-eval-v3.1
2026-08-19T11:00:00+09:00,CMP-S02-L05-01,S02,S02-L05,1,running,158.2459,394.3908,90.5453,34.7467,-1.0349,B,relation-reasoning-agent-eval-v3.1
2026-08-19T11:10:00+09:00,CMP-S02-L01-01,S02,S02-L01,1,running,183.8542,511.1475,102.2627,42.2734,0.5829,A,relation-reasoning-agent-eval-v3.1
2026-08-19T11:10:00+09:00,CMP-S02-L02-01,S02,S02-L02,1,running,175.1869,518.5136,103.4726,42.1238,0.3669,A,relation-reasoning-agent-eval-v3.1
2026-08-19T11:10:00+09:00,CMP-S02-L03-01,S02,S02-L03,1,running,161.1959,373.37,98.5268,39.8299,-0.3358,A,relation-reasoning-agent-eval-v3.1
2026-08-19T11:10:00+09:00,CMP-S02-L04-01,S02,S02-L04,1,running,193.6173,492.1683,91.3199,37.3343,-0.8509,A,relation-reasoning-agent-eval-v3.1
2026-08-19T11:10:00+09:00,CMP-S02-L05-01,S02,S02-L05,1,running,145.9082,423.9877,89.08,35.3731,-0.9189,A,relation-reasoning-agent-eval-v3.1
2026-08-19T11:20:00+09:00,CMP-S02-L01-01,S02,S02-L01,1,running,193.2282,459.1144,103.3735,47.319,1.5173,B,relation-reasoning-agent-eval-v3.1
2026-08-19T11:20:00+09:00,CMP-S02-L02-01,S02,S02-L02,1,running,190.9078,472.4703,99.9849,45.4848,0.9893,A,relation-reasoning-agent-eval-v3.1
2026-08-19T11:20:00+09:00,CMP-S02-L03-01,S02,S02-L03,1,running,154.8192,362.5942,99.7934,33.2267,-1.5586,B,relation-reasoning-agent-eval-v3.1
2026-08-19T11:20:00+09:00,CMP-S02-L04-01,S02,S02-L04,1,running,209.9587,479.0808,94.1448,36.8083,-0.9483,A,relation-reasoning-agent-eval-v3.1
2026-08-19T11:20:00+09:00,CMP-S02-L05-01,S02,S02-L05,1,running,163.2182,464.7063,89.7401,45.1122,0.8847,A,relation-reasoning-agent-eval-v3.1
2026-08-19T11:30:00+09:00,CMP-S02-L01-01,S02,S02-L01,1,running,197.3969,450.0417,97.092,38.4297,-0.1289,A,relation-reasoning-agent-eval-v3.1
2026-08-19T11:30:00+09:00,CMP-S02-L02-01,S02,S02-L02,1,running,188.5048,473.9482,101.7727,49.8125,1.7907,B,relation-reasoning-agent-eval-v3.1
2026-08-19T11:30:00+09:00,CMP-S02-L03-01,S02,S02-L03,1,running,176.2014,336.6831,94.7915,37.3487,-0.7953,A,relation-reasoning-agent-eval-v3.1
2026-08-19T11:30:00+09:00,CMP-S02-L04-01,S02,S02-L04,1,running,203.3222,474.1137,96.2325,35.4163,-1.2061,B,relation-reasoning-agent-eval-v3.1
2026-08-19T11:30:00+09:00,CMP-S02-L05-01,S02,S02-L05,1,running,187.0479,465.4818,90.8422,44.0968,0.6966,A,relation-reasoning-agent-eval-v3.1
2026-08-19T11:40:00+09:00,CMP-S02-L01-01,S02,S02-L01,1,running,188.6398,484.8451,96.5098,43.876,0.8797,A,relation-reasoning-agent-eval-v3.1
2026-08-19T11:40:00+09:00,CMP-S02-L02-01,S02,S02-L02,1,running,163.374,487.8132,98.6871,51.3853,2.082,C,relation-reasoning-agent-eval-v3.1
2026-08-19T11:40:00+09:00,CMP-S02-L03-01,S02,S02-L03,1,running,181.6527,379.4785,102.2182,36.6573,-0.9233,A,relation-reasoning-agent-eval-v3.1
2026-08-19T11:40:00+09:00,CMP-S02-L04-01,S02,S02-L04,1,running,193.7954,517.4594,95.6653,37.6663,-0.7894,A,relation-reasoning-agent-eval-v3.1
2026-08-19T11:40:00+09:00,CMP-S02-L05-01,S02,S02-L05,1,running,170.3128,468.9768,89.8061,41.5633,0.2275,A,relation-reasoning-agent-eval-v3.1
2026-08-19T11:50:00+09:00,CMP-S02-L01-01,S02,S02-L01,1,running,197.1448,481.5282,96.9626,50.3691,2.0821,C,relation-reasoning-agent-eval-v3.1
2026-08-19T11:50:00+09:00,CMP-S02-L02-01,S02,S02-L02,1,running,173.0261,509.959,101.6324,47.3824,1.3407,B,relation-reasoning-agent-eval-v3.1
2026-08-19T11:50:00+09:00,CMP-S02-L03-01,S02,S02-L03,1,running,188.7531,374.8367,102.1122,34.6954,-1.2866,B,relation-reasoning-agent-eval-v3.1
2026-08-19T11:50:00+09:00,CMP-S02-L04-01,S02,S02-L04,1,running,194.733,481.7771,109.6188,36.1203,-1.0757,B,relation-reasoning-agent-eval-v3.1
2026-08-19T11:50:00+09:00,CMP-S02-L05-01,S02,S02-L05,1,running,163.7431,463.534,93.5591,36.0183,-0.7994,A,relation-reasoning-agent-eval-v3.1
2026-08-19T12:00:00+09:00,CMP-S02-L01-01,S02,S02-L01,1,running,204.9747,497.4334,96.2595,48.0856,1.6593,B,relation-reasoning-agent-eval-v3.1
2026-08-19T12:00:00+09:00,CMP-S02-L02-01,S02,S02-L02,1,running,167.689,556.8517,111.4998,44.4873,0.8046,A,relation-reasoning-agent-eval-v3.1
2026-08-19T12:00:00+09:00,CMP-S02-L03-01,S02,S02-L03,1,running,197.6131,423.6098,107.8063,32.7644,-1.6442,B,relation-reasoning-agent-eval-v3.1
2026-08-19T12:00:00+09:00,CMP-S02-L04-01,S02,S02-L04,1,running,182.2647,495.9493,116.3694,39.043,-0.5345,A,relation-reasoning-agent-eval-v3.1
2026-08-19T12:00:00+09:00,CMP-S02-L05-01,S02,S02-L05,1,running,155.0958,449.5085,95.0509,33.5341,-1.2594,B,relation-reasoning-agent-eval-v3.1
2026-08-19T12:10:00+09:00,CMP-S02-L01-01,S02,S02-L01,1,running,211.3006,500.8204,100.4221,45.718,1.2208,B,relation-reasoning-agent-eval-v3.1
2026-08-19T12:10:00+09:00,CMP-S02-L02-01,S02,S02-L02,1,running,181.6529,574.6347,107.0472,41.2676,0.2083,A,relation-reasoning-agent-eval-v3.1
2026-08-19T12:10:00+09:00,CMP-S02-L03-01,S02,S02-L03,1,running,210.7228,444.927,99.3061,37.9221,-0.6891,A,relation-reasoning-agent-eval-v3.1
2026-08-19T12:10:00+09:00,CMP-S02-L04-01,S02,S02-L04,1,running,186.9026,491.6562,105.0467,46.772,0.8968,A,relation-reasoning-agent-eval-v3.1
2026-08-19T12:10:00+09:00,CMP-S02-L05-01,S02,S02-L05,1,running,160.6824,438.9479,96.6861,43.356,0.5594,A,relation-reasoning-agent-eval-v3.1
2026-08-19T12:20:00+09:00,CMP-S02-L01-01,S02,S02-L01,1,running,193.9163,511.1963,101.1329,37.8786,-0.2309,A,relation-reasoning-agent-eval-v3.1
2026-08-19T12:20:00+09:00,CMP-S02-L02-01,S02,S02-L02,1,running,173.4911,556.2848,105.9042,41.6142,0.2725,A,relation-reasoning-agent-eval-v3.1
2026-08-19T12:20:00+09:00,CMP-S02-L03-01,S02,S02-L03,1,running,191.4724,364.241,101.3145,41.9378,0.0546,A,relation-reasoning-agent-eval-v3.1
2026-08-19T12:20:00+09:00,CMP-S02-L04-01,S02,S02-L04,1,running,194.2533,488.3204,110.519,43.8463,0.355,A,relation-reasoning-agent-eval-v3.1
2026-08-19T12:20:00+09:00,CMP-S02-L05-01,S02,S02-L05,1,running,159.4217,416.9288,100.1713,41.9177,0.2931,A,relation-reasoning-agent-eval-v3.1
2026-08-19T12:30:00+09:00,CMP-S02-L01-01,S02,S02-L01,1,running,187.3715,484.5622,98.8702,35.7478,-0.6255,A,relation-reasoning-agent-eval-v3.1
2026-08-19T12:30:00+09:00,CMP-S02-L02-01,S02,S02-L02,1,running,183.7194,608.2784,109.7046,49.0444,1.6485,B,relation-reasoning-agent-eval-v3.1
2026-08-19T12:30:00+09:00,CMP-S02-L03-01,S02,S02-L03,1,running,194.752,381.317,94.5431,41.2821,-0.0669,A,relation-reasoning-agent-eval-v3.1
2026-08-19T12:30:00+09:00,CMP-S02-L04-01,S02,S02-L04,1,running,194.8091,468.8138,106.4359,48.6203,1.2391,B,relation-reasoning-agent-eval-v3.1
2026-08-19T12:30:00+09:00,CMP-S02-L05-01,S02,S02-L05,1,running,176.8999,396.5158,107.581,39.0014,-0.247,A,relation-reasoning-agent-eval-v3.1
2026-08-19T12:40:00+09:00,CMP-S02-L01-01,S02,S02-L01,1,running,199.163,480.1189,107.7326,32.7932,-1.1727,B,relation-reasoning-agent-eval-v3.1
2026-08-19T12:40:00+09:00,CMP-S02-L02-01,S02,S02-L02,1,running,183.2024,572.7762,108.2225,46.55,1.1865,B,relation-reasoning-agent-eval-v3.1
2026-08-19T12:40:00+09:00,CMP-S02-L03-01,S02,S02-L03,1,running,176.1232,407.3375,108.259,39.448,-0.4065,A,relation-reasoning-agent-eval-v3.1
2026-08-19T12:40:00+09:00,CMP-S02-L04-01,S02,S02-L04,1,running,192.9903,448.0484,111.3145,44.7659,0.5253,A,relation-reasoning-agent-eval-v3.1
2026-08-19T12:40:00+09:00,CMP-S02-L05-01,S02,S02-L05,1,running,183.6941,448.9092,107.1131,39.9608,-0.0693,A,relation-reasoning-agent-eval-v3.1
2026-08-19T12:50:00+09:00,CMP-S02-L01-01,S02,S02-L01,1,running,174.3338,512.3355,104.3689,35.1368,-0.7387,A,relation-reasoning-agent-eval-v3.1
2026-08-19T12:50:00+09:00,CMP-S02-L02-01,S02,S02-L02,1,running,164.5938,540.4919,101.1001,45.2791,0.9512,A,relation-reasoning-agent-eval-v3.1
2026-08-19T12:50:00+09:00,CMP-S02-L03-01,S02,S02-L03,1,running,180.8951,421.3941,93.877,42.6178,0.1805,A,relation-reasoning-agent-eval-v3.1
2026-08-19T12:50:00+09:00,CMP-S02-L04-01,S02,S02-L04,1,running,176.5814,424.5104,108.3863,47.86,1.0983,B,relation-reasoning-agent-eval-v3.1
2026-08-19T12:50:00+09:00,CMP-S02-L05-01,S02,S02-L05,1,running,169.0882,483.1005,98.6516,35.1824,-0.9542,A,relation-reasoning-agent-eval-v3.1
2026-08-19T13:00:00+09:00,CMP-S02-L01-01,S02,S02-L01,1,running,187.6843,450.4213,100.9554,35.6057,-0.6518,A,relation-reasoning-agent-eval-v3.1
2026-08-19T13:00:00+09:00,CMP-S02-L02-01,S02,S02-L02,1,running,151.9143,521.5397,106.8666,46.5791,1.1919,B,relation-reasoning-agent-eval-v3.1
2026-08-19T13:00:00+09:00,CMP-S02-L03-01,S02,S02-L03,1,running,182.2379,431.9372,93.0627,42.5205,0.1625,A,relation-reasoning-agent-eval-v3.1
2026-08-19T13:00:00+09:00,CMP-S02-L04-01,S02,S02-L04,1,running,179.1345,436.5664,105.9601,42.2156,0.053,A,relation-reasoning-agent-eval-v3.1
2026-08-19T13:00:00+09:00,CMP-S02-L05-01,S02,S02-L05,1,running,168.8983,523.51,100.854,27.9339,-2.2965,C,relation-reasoning-agent-eval-v3.1
2026-08-19T13:10:00+09:00,CMP-S02-L01-01,S02,S02-L01,1,running,170.2498,426.9702,103.4235,36.5685,-0.4735,A,relation-reasoning-agent-eval-v3.1
2026-08-19T13:10:00+09:00,CMP-S02-L02-01,S02,S02-L02,1,running,182.9475,524.1178,114.7408,43.3199,0.5884,A,relation-reasoning-agent-eval-v3.1
2026-08-19T13:10:00+09:00,CMP-S02-L03-01,S02,S02-L03,1,running,190.9196,426.3085,96.8034,41.0622,-0.1076,A,relation-reasoning-agent-eval-v3.1
2026-08-19T13:10:00+09:00,CMP-S02-L04-01,S02,S02-L04,1,running,173.7503,436.7271,102.0038,46.0071,0.7552,A,relation-reasoning-agent-eval-v3.1
2026-08-19T13:10:00+09:00,CMP-S02-L05-01,S02,S02-L05,1,running,166.7542,547.0275,101.2138,32.1082,-1.5235,B,relation-reasoning-agent-eval-v3.1
2026-08-19T13:20:00+09:00,CMP-S02-L01-01,S02,S02-L01,1,running,165.5382,430.9968,104.4673,39.4991,0.0692,A,relation-reasoning-agent-eval-v3.1
2026-08-19T13:20:00+09:00,CMP-S02-L02-01,S02,S02-L02,1,running,183.3318,476.995,114.7949,44.831,0.8682,A,relation-reasoning-agent-eval-v3.1
2026-08-19T13:20:00+09:00,CMP-S02-L03-01,S02,S02-L03,1,running,182.2722,478.3489,94.7611,44.6223,0.5517,A,relation-reasoning-agent-eval-v3.1
2026-08-19T13:20:00+09:00,CMP-S02-L04-01,S02,S02-L04,1,running,163.2964,456.2041,102.1373,52.7999,2.0131,C,relation-reasoning-agent-eval-v3.1
2026-08-19T13:20:00+09:00,CMP-S02-L05-01,S02,S02-L05,1,running,164.2665,492.2796,99.5029,33.5766,-1.2516,B,relation-reasoning-agent-eval-v3.1
2026-08-19T13:30:00+09:00,CMP-S02-L01-01,S02,S02-L01,1,running,179.3537,407.4404,113.0542,43.0776,0.7318,A,relation-reasoning-agent-eval-v3.1
2026-08-19T13:30:00+09:00,CMP-S02-L02-01,S02,S02-L02,1,running,177.863,466.0531,109.8777,44.507,0.8082,A,relation-reasoning-agent-eval-v3.1
2026-08-19T13:30:00+09:00,CMP-S02-L03-01,S02,S02-L03,1,running,171.2717,454.3448,103.2372,46.0499,0.8161,A,relation-reasoning-agent-eval-v3.1
2026-08-19T13:30:00+09:00,CMP-S02-L04-01,S02,S02-L04,1,running,179.2666,413.353,99.5338,45.7181,0.7017,A,relation-reasoning-agent-eval-v3.1
2026-08-19T13:30:00+09:00,CMP-S02-L05-01,S02,S02-L05,1,running,158.6517,489.3893,102.0122,36.0385,-0.7957,A,relation-reasoning-agent-eval-v3.1
2026-08-19T13:40:00+09:00,CMP-S02-L01-01,S02,S02-L01,1,running,179.3647,432.5086,111.4696,50.4158,2.0908,C,relation-reasoning-agent-eval-v3.1
2026-08-19T13:40:00+09:00,CMP-S02-L02-01,S02,S02-L02,1,running,163.0651,483.0939,108.9197,45.1763,0.9321,A,relation-reasoning-agent-eval-v3.1
2026-08-19T13:40:00+09:00,CMP-S02-L03-01,S02,S02-L03,1,running,171.9741,456.8181,98.7453,49.799,1.5103,B,relation-reasoning-agent-eval-v3.1
2026-08-19T13:40:00+09:00,CMP-S02-L04-01,S02,S02-L04,1,running,171.5331,397.2187,98.8005,40.9137,-0.188,A,relation-reasoning-agent-eval-v3.1
2026-08-19T13:40:00+09:00,CMP-S02-L05-01,S02,S02-L05,1,running,174.9939,448.058,102.2591,37.8526,-0.4597,A,relation-reasoning-agent-eval-v3.1
2026-08-19T13:50:00+09:00,CMP-S02-L01-01,S02,S02-L01,1,running,180.7223,375.1575,102.2946,49.3759,1.8982,B,relation-reasoning-agent-eval-v3.1
2026-08-19T13:50:00+09:00,CMP-S02-L02-01,S02,S02-L02,1,running,168.6682,415.6953,109.2708,44.3289,0.7752,A,relation-reasoning-agent-eval-v3.1
2026-08-19T13:50:00+09:00,CMP-S02-L03-01,S02,S02-L03,1,running,170.4675,461.3259,98.3144,49.6269,1.4785,B,relation-reasoning-agent-eval-v3.1
2026-08-19T13:50:00+09:00,CMP-S02-L04-01,S02,S02-L04,1,running,159.5241,425.2686,98.906,40.6008,-0.246,A,relation-reasoning-agent-eval-v3.1
2026-08-19T13:50:00+09:00,CMP-S02-L05-01,S02,S02-L05,1,running,193.1928,437.5604,105.5339,41.162,0.1531,A,relation-reasoning-agent-eval-v3.1
2026-08-19T14:00:00+09:00,CMP-S02-L01-01,S02,S02-L01,1,running,165.9757,370.1709,95.8845,49.1332,1.8533,B,relation-reasoning-agent-eval-v3.1
2026-08-19T14:00:00+09:00,CMP-S02-L02-01,S02,S02-L02,1,running,193.3024,450.0709,105.1475,43.0943,0.5466,A,relation-reasoning-agent-eval-v3.1
2026-08-19T14:00:00+09:00,CMP-S02-L03-01,S02,S02-L03,1,running,177.0963,405.6851,99.4637,47.4554,1.0763,B,relation-reasoning-agent-eval-v3.1
2026-08-19T14:00:00+09:00,CMP-S02-L04-01,S02,S02-L04,1,running,152.1655,463.3243,97.7112,42.3485,0.0777,A,relation-reasoning-agent-eval-v3.1
2026-08-19T14:00:00+09:00,CMP-S02-L05-01,S02,S02-L05,1,running,181.749,421.3684,97.5857,40.8211,0.09,A,relation-reasoning-agent-eval-v3.1
2026-08-19T14:10:00+09:00,CMP-S02-L01-01,S02,S02-L01,1,running,163.7797,409.6558,96.0827,46.5731,1.3792,B,relation-reasoning-agent-eval-v3.1
2026-08-19T14:10:00+09:00,CMP-S02-L02-01,S02,S02-L02,1,running,206.6791,477.4556,104.0937,42.368,0.4121,A,relation-reasoning-agent-eval-v3.1
2026-08-19T14:10:00+09:00,CMP-S02-L03-01,S02,S02-L03,1,running,185.1707,430.1177,103.0368,46.2962,0.8617,A,relation-reasoning-agent-eval-v3.1
2026-08-19T14:10:00+09:00,CMP-S02-L04-01,S02,S02-L04,1,running,153.2685,456.337,98.9682,35.3513,-1.2181,B,relation-reasoning-agent-eval-v3.1
2026-08-19T14:10:00+09:00,CMP-S02-L05-01,S02,S02-L05,1,running,174.7196,426.613,94.8016,37.6592,-0.4955,A,relation-reasoning-agent-eval-v3.1
2026-08-19T14:20:00+09:00,CMP-S02-L01-01,S02,S02-L01,1,running,182.3971,404.5629,104.6804,43.8417,0.8734,A,relation-reasoning-agent-eval-v3.1
2026-08-19T14:20:00+09:00,CMP-S02-L02-01,S02,S02-L02,1,running,194.5655,492.737,100.042,44.1037,0.7335,A,relation-reasoning-agent-eval-v3.1
2026-08-19T14:20:00+09:00,CMP-S02-L03-01,S02,S02-L03,1,running,191.6854,403.5594,97.5247,43.1751,0.2837,A,relation-reasoning-agent-eval-v3.1
2026-08-19T14:20:00+09:00,CMP-S02-L04-01,S02,S02-L04,1,running,158.9355,457.9036,104.5374,41.0727,-0.1586,A,relation-reasoning-agent-eval-v3.1
2026-08-19T14:20:00+09:00,CMP-S02-L05-01,S02,S02-L05,1,running,160.0202,437.0542,92.2952,35.9669,-0.8089,A,relation-reasoning-agent-eval-v3.1
2026-08-19T14:30:00+09:00,CMP-S02-L01-01,S02,S02-L01,1,running,193.0916,451.0839,106.3012,41.274,0.3978,A,relation-reasoning-agent-eval-v3.1
2026-08-19T14:30:00+09:00,CMP-S02-L02-01,S02,S02-L02,1,running,187.2119,484.1318,95.0145,44.8956,0.8802,A,relation-reasoning-agent-eval-v3.1
2026-08-19T14:30:00+09:00,CMP-S02-L03-01,S02,S02-L03,1,running,176.2644,364.8043,97.0661,36.8417,-0.8892,A,relation-reasoning-agent-eval-v3.1
2026-08-19T14:30:00+09:00,CMP-S02-L04-01,S02,S02-L04,1,running,154.2751,441.3316,100.4431,42.5596,0.1168,A,relation-reasoning-agent-eval-v3.1
2026-08-19T14:30:00+09:00,CMP-S02-L05-01,S02,S02-L05,1,running,154.5064,429.6508,96.8906,35.9464,-0.8127,A,relation-reasoning-agent-eval-v3.1
2026-08-19T14:40:00+09:00,CMP-S02-L01-01,S02,S02-L01,1,running,178.5694,484.5369,107.5547,37.6162,-0.2795,A,relation-reasoning-agent-eval-v3.1
2026-08-19T14:40:00+09:00,CMP-S02-L02-01,S02,S02-L02,1,running,171.4232,491.5275,100.1401,41.3319,0.2202,A,relation-reasoning-agent-eval-v3.1
2026-08-19T14:40:00+09:00,CMP-S02-L03-01,S02,S02-L03,1,running,179.0453,426.5361,95.49,35.947,-1.0549,B,relation-reasoning-agent-eval-v3.1
2026-08-19T14:40:00+09:00,CMP-S02-L04-01,S02,S02-L04,1,running,150.0978,460.837,93.9509,46.6608,0.8762,A,relation-reasoning-agent-eval-v3.1
2026-08-19T14:40:00+09:00,CMP-S02-L05-01,S02,S02-L05,1,running,167.5784,442.455,96.9305,33.2842,-1.3057,B,relation-reasoning-agent-eval-v3.1
2026-08-19T14:50:00+09:00,CMP-S02-L01-01,S02,S02-L01,1,running,181.9935,484.3457,100.0034,43.223,0.7588,A,relation-reasoning-agent-eval-v3.1
2026-08-19T14:50:00+09:00,CMP-S02-L02-01,S02,S02-L02,1,running,166.8399,517.2017,93.1294,38.2753,-0.3458,A,relation-reasoning-agent-eval-v3.1
2026-08-19T14:50:00+09:00,CMP-S02-L03-01,S02,S02-L03,1,running,183.0549,464.7995,104.8724,33.6332,-1.4833,B,relation-reasoning-agent-eval-v3.1
2026-08-19T14:50:00+09:00,CMP-S02-L04-01,S02,S02-L04,1,running,148.1571,464.4816,88.8825,45.7653,0.7104,A,relation-reasoning-agent-eval-v3.1
2026-08-19T14:50:00+09:00,CMP-S02-L05-01,S02,S02-L05,1,running,152.8907,456.0156,102.7086,31.9171,-1.5589,B,relation-reasoning-agent-eval-v3.1
2026-08-19T15:00:00+09:00,CMP-S02-L01-01,S02,S02-L01,1,running,174.0606,451.9563,103.239,38.8695,-0.0474,A,relation-reasoning-agent-eval-v3.1
2026-08-19T15:00:00+09:00,CMP-S02-L02-01,S02,S02-L02,1,running,164.464,504.2931,97.5591,37.4094,-0.5062,A,relation-reasoning-agent-eval-v3.1
2026-08-19T15:00:00+09:00,CMP-S02-L03-01,S02,S02-L03,1,running,196.5428,447.6137,105.1442,35.5094,-1.1359,B,relation-reasoning-agent-eval-v3.1
2026-08-19T15:00:00+09:00,CMP-S02-L04-01,S02,S02-L04,1,running,147.5414,397.7199,86.4758,46.2168,0.794,A,relation-reasoning-agent-eval-v3.1
2026-08-19T15:00:00+09:00,CMP-S02-L05-01,S02,S02-L05,1,running,157.273,404.3105,97.9806,32.4028,-1.4689,B,relation-reasoning-agent-eval-v3.1
2026-08-19T15:10:00+09:00,CMP-S02-L01-01,S02,S02-L01,1,running,161.9894,387.9248,101.2607,35.1668,-0.7331,A,relation-reasoning-agent-eval-v3.1
2026-08-19T15:10:00+09:00,CMP-S02-L02-01,S02,S02-L02,1,running,169.3151,486.779,95.8153,33.4648,-1.2366,B,relation-reasoning-agent-eval-v3.1
2026-08-19T15:10:00+09:00,CMP-S02-L03-01,S02,S02-L03,1,running,198.4343,414.9046,100.9895,38.6945,-0.5461,A,relation-reasoning-agent-eval-v3.1
2026-08-19T15:10:00+09:00,CMP-S02-L04-01,S02,S02-L04,1,running,155.7717,396.336,94.2242,43.3783,0.2684,A,relation-reasoning-agent-eval-v3.1
2026-08-19T15:10:00+09:00,CMP-S02-L05-01,S02,S02-L05,1,running,146.5275,365.9592,94.5991,34.5918,-1.0636,B,relation-reasoning-agent-eval-v3.1
2026-08-19T15:20:00+09:00,CMP-S02-L01-01,S02,S02-L01,1,running,144.1229,409.0413,98.701,34.3738,-0.88,A,relation-reasoning-agent-eval-v3.1
2026-08-19T15:20:00+09:00,CMP-S02-L02-01,S02,S02-L02,1,running,162.7496,454.9302,102.9081,35.3727,-0.8833,A,relation-reasoning-agent-eval-v3.1
2026-08-19T15:20:00+09:00,CMP-S02-L03-01,S02,S02-L03,1,running,182.4708,408.8957,99.2427,37.2614,-0.8115,A,relation-reasoning-agent-eval-v3.1
2026-08-19T15:20:00+09:00,CMP-S02-L04-01,S02,S02-L04,1,running,160.027,401.289,96.2063,40.993,-0.1734,A,relation-reasoning-agent-eval-v3.1
2026-08-19T15:20:00+09:00,CMP-S02-L05-01,S02,S02-L05,1,running,163.1411,391.2609,90.0474,30.8089,-1.7641,B,relation-reasoning-agent-eval-v3.1
2026-08-19T15:30:00+09:00,CMP-S02-L01-01,S02,S02-L01,1,running,161.1215,446.456,103.2777,31.7188,-1.3716,B,relation-reasoning-agent-eval-v3.1
2026-08-19T15:30:00+09:00,CMP-S02-L02-01,S02,S02-L02,1,running,162.551,474.6554,107.2392,35.7245,-0.8182,A,relation-reasoning-agent-eval-v3.1
2026-08-19T15:30:00+09:00,CMP-S02-L03-01,S02,S02-L03,1,running,161.2168,382.2551,97.424,42.5012,0.1589,A,relation-reasoning-agent-eval-v3.1
2026-08-19T15:30:00+09:00,CMP-S02-L04-01,S02,S02-L04,1,running,171.2224,382.2512,92.3192,39.0434,-0.5344,A,relation-reasoning-agent-eval-v3.1
2026-08-19T15:30:00+09:00,CMP-S02-L05-01,S02,S02-L05,1,running,158.8876,425.9988,85.7295,39.4405,-0.1656,A,relation-reasoning-agent-eval-v3.1
2026-08-19T15:40:00+09:00,CMP-S02-L01-01,S02,S02-L01,1,running,159.3636,436.7574,100.0932,32.8411,-1.1638,B,relation-reasoning-agent-eval-v3.1
2026-08-19T15:40:00+09:00,CMP-S02-L02-01,S02,S02-L02,1,running,168.0846,480.7187,110.5364,38.3861,-0.3253,A,relation-reasoning-agent-eval-v3.1
2026-08-19T15:40:00+09:00,CMP-S02-L03-01,S02,S02-L03,1,running,167.995,453.235,93.29,44.2023,0.4739,A,relation-reasoning-agent-eval-v3.1
2026-08-19T15:40:00+09:00,CMP-S02-L04-01,S02,S02-L04,1,running,179.8015,364.4596,96.3286,37.1073,-0.8929,A,relation-reasoning-agent-eval-v3.1
2026-08-19T15:40:00+09:00,CMP-S02-L05-01,S02,S02-L05,1,running,162.5589,461.9789,90.0759,49.0769,1.6189,B,relation-reasoning-agent-eval-v3.1
2026-08-19T15:50:00+09:00,CMP-S02-L01-01,S02,S02-L01,1,running,160.2655,439.973,101.2041,34.082,-0.934,A,relation-reasoning-agent-eval-v3.1
2026-08-19T15:50:00+09:00,CMP-S02-L02-01,S02,S02-L02,1,running,171.5015,466.06,113.675,41.8131,0.3093,A,relation-reasoning-agent-eval-v3.1
2026-08-19T15:50:00+09:00,CMP-S02-L03-01,S02,S02-L03,1,running,183.3071,444.4883,95.2523,43.4696,0.3382,A,relation-reasoning-agent-eval-v3.1
2026-08-19T15:50:00+09:00,CMP-S02-L04-01,S02,S02-L04,1,running,172.9649,404.4602,92.206,35.1014,-1.2644,B,relation-reasoning-agent-eval-v3.1
2026-08-19T15:50:00+09:00,CMP-S02-L05-01,S02,S02-L05,1,running,153.9905,488.9237,89.7651,49.1307,1.6288,B,relation-reasoning-agent-eval-v3.1
2026-08-19T16:00:00+09:00,CMP-S02-L01-01,S02,S02-L01,1,running,168.289,453.209,96.4206,39.7292,0.1118,A,relation-reasoning-agent-eval-v3.1
2026-08-19T16:00:00+09:00,CMP-S02-L02-01,S02,S02-L02,1,running,184.2883,461.5285,108.599,37.0379,-0.575,A,relation-reasoning-agent-eval-v3.1
2026-08-19T16:00:00+09:00,CMP-S02-L03-01,S02,S02-L03,1,running,157.4056,484.651,98.387,47.0966,1.0099,B,relation-reasoning-agent-eval-v3.1
2026-08-19T16:00:00+09:00,CMP-S02-L04-01,S02,S02-L04,1,running,172.5662,398.1433,93.1103,39.6914,-0.4144,A,relation-reasoning-agent-eval-v3.1
2026-08-19T16:00:00+09:00,CMP-S02-L05-01,S02,S02-L05,1,running,179.4938,508.5933,93.0758,49.7735,1.7479,B,relation-reasoning-agent-eval-v3.1
2026-08-19T16:10:00+09:00,CMP-S02-L01-01,S02,S02-L01,1,running,175.2764,439.5196,102.1111,43.3971,0.791,A,relation-reasoning-agent-eval-v3.1
2026-08-19T16:10:00+09:00,CMP-S02-L02-01,S02,S02-L02,1,running,176.5893,481.2704,104.8006,42.2611,0.3923,A,relation-reasoning-agent-eval-v3.1
2026-08-19T16:10:00+09:00,CMP-S02-L03-01,S02,S02-L03,1,running,156.8872,448.1517,102.48,47.2787,1.0436,B,relation-reasoning-agent-eval-v3.1
2026-08-19T16:10:00+09:00,CMP-S02-L04-01,S02,S02-L04,1,running,168.0265,453.6242,88.8622,41.4282,-0.0928,A,relation-reasoning-agent-eval-v3.1
2026-08-19T16:10:00+09:00,CMP-S02-L05-01,S02,S02-L05,1,running,187.2725,476.9783,91.2893,51.2563,2.0225,C,relation-reasoning-agent-eval-v3.1
2026-08-19T16:20:00+09:00,CMP-S02-L01-01,S02,S02-L01,1,running,173.8938,429.0429,100.589,38.6875,-0.0811,A,relation-reasoning-agent-eval-v3.1
2026-08-19T16:20:00+09:00,CMP-S02-L02-01,S02,S02-L02,1,running,176.6904,479.792,99.7466,41.8786,0.3215,A,relation-reasoning-agent-eval-v3.1
2026-08-19T16:20:00+09:00,CMP-S02-L03-01,S02,S02-L03,1,running,153.9843,430.9396,106.5749,49.4324,1.4424,B,relation-reasoning-agent-eval-v3.1
2026-08-19T16:20:00+09:00,CMP-S02-L04-01,S02,S02-L04,1,running,164.5134,444.158,86.7381,41.4658,-0.0858,A,relation-reasoning-agent-eval-v3.1
2026-08-19T16:20:00+09:00,CMP-S02-L05-01,S02,S02-L05,1,running,188.8088,438.4556,92.3107,50.8408,1.9455,B,relation-reasoning-agent-eval-v3.1
2026-08-19T16:30:00+09:00,CMP-S02-L01-01,S02,S02-L01,1,running,165.7624,457.1406,107.0398,43.9173,0.8873,A,relation-reasoning-agent-eval-v3.1
2026-08-19T16:30:00+09:00,CMP-S02-L02-01,S02,S02-L02,1,running,179.5287,454.5635,98.2659,37.7926,-0.4352,A,relation-reasoning-agent-eval-v3.1
2026-08-19T16:30:00+09:00,CMP-S02-L03-01,S02,S02-L03,1,running,161.0277,497.6885,101.5958,43.5025,0.3443,A,relation-reasoning-agent-eval-v3.1
2026-08-19T16:30:00+09:00,CMP-S02-L04-01,S02,S02-L04,1,running,168.6744,452.1321,88.9322,33.4532,-1.5696,B,relation-reasoning-agent-eval-v3.1
2026-08-19T16:30:00+09:00,CMP-S02-L05-01,S02,S02-L05,1,running,189.108,436.9912,95.0808,42.9482,0.4839,A,relation-reasoning-agent-eval-v3.1
2026-08-19T16:40:00+09:00,CMP-S02-L01-01,S02,S02-L01,1,running,162.4776,474.6118,108.2259,46.4444,1.3553,B,relation-reasoning-agent-eval-v3.1
2026-08-19T16:40:00+09:00,CMP-S02-L02-01,S02,S02-L02,1,running,182.1966,458.3897,102.9198,35.1036,-0.9332,A,relation-reasoning-agent-eval-v3.1
2026-08-19T16:40:00+09:00,CMP-S02-L03-01,S02,S02-L03,1,running,178.2477,516.2786,96.5218,43.5186,0.3473,A,relation-reasoning-agent-eval-v3.1
2026-08-19T16:40:00+09:00,CMP-S02-L04-01,S02,S02-L04,1,running,169.0006,459.0753,91.891,32.605,-1.7267,B,relation-reasoning-agent-eval-v3.1
2026-08-19T16:40:00+09:00,CMP-S02-L05-01,S02,S02-L05,1,running,202.5291,462.7486,97.2716,43.2153,0.5334,A,relation-reasoning-agent-eval-v3.1
2026-08-19T16:50:00+09:00,CMP-S02-L01-01,S02,S02-L01,1,running,166.0883,414.794,109.7725,41.6758,0.4723,A,relation-reasoning-agent-eval-v3.1
2026-08-19T16:50:00+09:00,CMP-S02-L02-01,S02,S02-L02,1,running,190.0948,424.8717,113.7906,38.1679,-0.3657,A,relation-reasoning-agent-eval-v3.1
2026-08-19T16:50:00+09:00,CMP-S02-L03-01,S02,S02-L03,1,running,178.1551,454.7214,99.3741,40.9814,-0.1225,A,relation-reasoning-agent-eval-v3.1
2026-08-19T16:50:00+09:00,CMP-S02-L04-01,S02,S02-L04,1,running,159.9372,450.7793,94.1558,39.9055,-0.3747,A,relation-reasoning-agent-eval-v3.1
2026-08-19T16:50:00+09:00,CMP-S02-L05-01,S02,S02-L05,1,running,215.5852,467.1909,101.1376,40.9177,0.1079,A,relation-reasoning-agent-eval-v3.1
2026-08-19T17:00:00+09:00,CMP-S02-L01-01,S02,S02-L01,1,running,165.3785,486.021,103.3959,44.59,1.0119,B,relation-reasoning-agent-eval-v3.1
2026-08-19T17:00:00+09:00,CMP-S02-L02-01,S02,S02-L02,1,running,173.3962,468.5286,116.2252,41.345,0.2227,A,relation-reasoning-agent-eval-v3.1
2026-08-19T17:00:00+09:00,CMP-S02-L03-01,S02,S02-L03,1,running,181.5064,466.9003,97.9888,39.304,-0.4332,A,relation-reasoning-agent-eval-v3.1
2026-08-19T17:00:00+09:00,CMP-S02-L04-01,S02,S02-L04,1,running,180.4065,444.2552,92.3206,40.3474,-0.2929,A,relation-reasoning-agent-eval-v3.1
2026-08-19T17:00:00+09:00,CMP-S02-L05-01,S02,S02-L05,1,running,183.474,467.1962,101.0672,38.9732,-0.2522,A,relation-reasoning-agent-eval-v3.1
2026-08-19T17:10:00+09:00,CMP-S02-L01-01,S02,S02-L01,1,running,163.9761,517.583,106.7051,47.3668,1.5261,B,relation-reasoning-agent-eval-v3.1
2026-08-19T17:10:00+09:00,CMP-S02-L02-01,S02,S02-L02,1,running,186.4137,459.5746,118.0084,42.9591,0.5216,A,relation-reasoning-agent-eval-v3.1
2026-08-19T17:10:00+09:00,CMP-S02-L03-01,S02,S02-L03,1,running,181.5289,463.0414,93.4623,41.8713,0.0422,A,relation-reasoning-agent-eval-v3.1
2026-08-19T17:10:00+09:00,CMP-S02-L04-01,S02,S02-L04,1,running,175.3921,421.902,100.4114,37.857,-0.7541,A,relation-reasoning-agent-eval-v3.1
2026-08-19T17:10:00+09:00,CMP-S02-L05-01,S02,S02-L05,1,running,184.7525,487.7365,98.0127,35.6724,-0.8635,A,relation-reasoning-agent-eval-v3.1
2026-08-19T17:20:00+09:00,CMP-S02-L01-01,S02,S02-L01,1,running,163.5042,497.6594,108.9801,47.3331,1.5199,B,relation-reasoning-agent-eval-v3.1
2026-08-19T17:20:00+09:00,CMP-S02-L02-01,S02,S02-L02,1,running,183.662,463.9958,113.5005,45.4071,0.9749,A,relation-reasoning-agent-eval-v3.1
2026-08-19T17:20:00+09:00,CMP-S02-L03-01,S02,S02-L03,1,running,178.6953,486.5552,94.8053,42.8412,0.2219,A,relation-reasoning-agent-eval-v3.1
2026-08-19T17:20:00+09:00,CMP-S02-L04-01,S02,S02-L04,1,running,170.3819,466.9649,101.1318,35.2288,-1.2408,B,relation-reasoning-agent-eval-v3.1
2026-08-19T17:20:00+09:00,CMP-S02-L05-01,S02,S02-L05,1,running,153.8853,492.1333,100.1745,41.6807,0.2492,A,relation-reasoning-agent-eval-v3.1
2026-08-19T17:30:00+09:00,CMP-S02-L01-01,S02,S02-L01,1,running,163.2105,513.8114,108.0412,43.4887,0.808,A,relation-reasoning-agent-eval-v3.1
2026-08-19T17:30:00+09:00,CMP-S02-L02-01,S02,S02-L02,1,running,177.0072,428.5312,101.1323,41.446,0.2414,A,relation-reasoning-agent-eval-v3.1
2026-08-19T17:30:00+09:00,CMP-S02-L03-01,S02,S02-L03,1,running,161.9996,479.4096,98.095,46.2361,0.8505,A,relation-reasoning-agent-eval-v3.1
2026-08-19T17:30:00+09:00,CMP-S02-L04-01,S02,S02-L04,1,running,174.5046,516.2251,100.929,31.2676,-1.9744,B,relation-reasoning-agent-eval-v3.1
2026-08-19T17:30:00+09:00,CMP-S02-L05-01,S02,S02-L05,1,running,163.3854,469.7795,97.077,43.2685,0.5432,A,relation-reasoning-agent-eval-v3.1
2026-08-19T17:40:00+09:00,CMP-S02-L01-01,S02,S02-L01,1,running,165.8942,534.6849,107.9883,40.9403,0.336,A,relation-reasoning-agent-eval-v3.1
2026-08-19T17:40:00+09:00,CMP-S02-L02-01,S02,S02-L02,1,running,175.2151,408.4257,110.1907,36.6164,-0.653,A,relation-reasoning-agent-eval-v3.1
2026-08-19T17:40:00+09:00,CMP-S02-L03-01,S02,S02-L03,1,running,169.6422,488.9677,102.3941,39.5928,-0.3797,A,relation-reasoning-agent-eval-v3.1
2026-08-19T17:40:00+09:00,CMP-S02-L04-01,S02,S02-L04,1,running,167.6567,497.3979,100.7111,37.2359,-0.8691,A,relation-reasoning-agent-eval-v3.1
2026-08-19T17:40:00+09:00,CMP-S02-L05-01,S02,S02-L05,1,running,162.3815,475.8707,98.4541,44.5815,0.7864,A,relation-reasoning-agent-eval-v3.1
2026-08-19T17:50:00+09:00,CMP-S02-L01-01,S02,S02-L01,1,running,170.421,563.6602,110.9368,44.8708,1.0639,B,relation-reasoning-agent-eval-v3.1
2026-08-19T17:50:00+09:00,CMP-S02-L02-01,S02,S02-L02,1,running,184.4712,381.6994,106.9054,35.0838,-0.9368,A,relation-reasoning-agent-eval-v3.1
2026-08-19T17:50:00+09:00,CMP-S02-L03-01,S02,S02-L03,1,running,174.7718,467.5228,100.4871,39.0413,-0.4818,A,relation-reasoning-agent-eval-v3.1
2026-08-19T17:50:00+09:00,CMP-S02-L04-01,S02,S02-L04,1,running,151.7396,512.711,103.0593,40.306,-0.3006,A,relation-reasoning-agent-eval-v3.1
2026-08-19T17:50:00+09:00,CMP-S02-L05-01,S02,S02-L05,1,running,166.2127,491.1196,94.3769,43.3154,0.5519,A,relation-reasoning-agent-eval-v3.1
2026-08-19T18:00:00+09:00,CMP-S02-L01-01,S02,S02-L01,1,running,166.7337,570.5397,109.4868,42.2477,0.5782,A,relation-reasoning-agent-eval-v3.1
2026-08-19T18:00:00+09:00,CMP-S02-L02-01,S02,S02-L02,1,running,158.232,383.093,109.3805,31.9176,-1.5232,B,relation-reasoning-agent-eval-v3.1
2026-08-19T18:00:00+09:00,CMP-S02-L03-01,S02,S02-L03,1,running,170.5132,452.6287,95.0314,34.7484,-1.2768,B,relation-reasoning-agent-eval-v3.1
2026-08-19T18:00:00+09:00,CMP-S02-L04-01,S02,S02-L04,1,running,163.5341,478.125,100.0092,41.6851,-0.0452,A,relation-reasoning-agent-eval-v3.1
2026-08-19T18:00:00+09:00,CMP-S02-L05-01,S02,S02-L05,1,running,183.1309,452.4603,96.1316,42.3627,0.3755,A,relation-reasoning-agent-eval-v3.1
2026-08-19T18:10:00+09:00,CMP-S02-L01-01,S02,S02-L01,1,running,151.3155,520.3286,109.721,38.6831,-0.082,A,relation-reasoning-agent-eval-v3.1
2026-08-19T18:10:00+09:00,CMP-S02-L02-01,S02,S02-L02,1,running,157.5554,333.1185,106.0836,31.0738,-1.6794,B,relation-reasoning-agent-eval-v3.1
2026-08-19T18:10:00+09:00,CMP-S02-L03-01,S02,S02-L03,1,running,172.4703,428.8075,99.9306,28.7007,-2.3968,C,relation-reasoning-agent-eval-v3.1
2026-08-19T18:10:00+09:00,CMP-S02-L04-01,S02,S02-L04,1,running,150.176,471.0702,98.9145,44.2165,0.4236,A,relation-reasoning-agent-eval-v3.1
2026-08-19T18:10:00+09:00,CMP-S02-L05-01,S02,S02-L05,1,running,174.642,469.7553,97.1028,43.7895,0.6397,A,relation-reasoning-agent-eval-v3.1
2026-08-19T18:20:00+09:00,CMP-S02-L01-01,S02,S02-L01,1,running,174.1863,525.5571,101.2752,41.719,0.4802,A,relation-reasoning-agent-eval-v3.1
2026-08-19T18:20:00+09:00,CMP-S02-L02-01,S02,S02-L02,1,running,162.7335,402.5258,105.3054,30.7989,-1.7303,B,relation-reasoning-agent-eval-v3.1
2026-08-19T18:20:00+09:00,CMP-S02-L03-01,S02,S02-L03,1,running,174.3209,440.3829,104.1992,42.6044,0.178,A,relation-reasoning-agent-eval-v3.1
2026-08-19T18:20:00+09:00,CMP-S02-L04-01,S02,S02-L04,1,running,162.8179,457.0445,95.4633,39.8459,-0.3858,A,relation-reasoning-agent-eval-v3.1
2026-08-19T18:20:00+09:00,CMP-S02-L05-01,S02,S02-L05,1,running,180.0176,481.3348,91.1139,38.7289,-0.2974,A,relation-reasoning-agent-eval-v3.1
2026-08-19T18:30:00+09:00,CMP-S02-L01-01,S02,S02-L01,1,running,176.6378,567.3533,99.361,43.2877,0.7707,A,relation-reasoning-agent-eval-v3.1
2026-08-19T18:30:00+09:00,CMP-S02-L02-01,S02,S02-L02,1,running,164.2587,418.5218,98.484,38.7899,-0.2505,A,relation-reasoning-agent-eval-v3.1
2026-08-19T18:30:00+09:00,CMP-S02-L03-01,S02,S02-L03,1,running,168.8816,409.2408,102.3631,38.1992,-0.6378,A,relation-reasoning-agent-eval-v3.1
2026-08-19T18:30:00+09:00,CMP-S02-L04-01,S02,S02-L04,1,running,163.103,451.1188,98.835,39.3935,-0.4696,A,relation-reasoning-agent-eval-v3.1
2026-08-19T18:30:00+09:00,CMP-S02-L05-01,S02,S02-L05,1,running,189.5125,482.7363,89.108,43.7863,0.6391,A,relation-reasoning-agent-eval-v3.1
2026-08-19T18:40:00+09:00,CMP-S02-L01-01,S02,S02-L01,1,running,172.6529,563.8685,100.2663,42.8041,0.6812,A,relation-reasoning-agent-eval-v3.1
2026-08-19T18:40:00+09:00,CMP-S02-L02-01,S02,S02-L02,1,running,164.5869,431.866,97.334,34.8462,-0.9808,A,relation-reasoning-agent-eval-v3.1
2026-08-19T18:40:00+09:00,CMP-S02-L03-01,S02,S02-L03,1,running,173.0271,436.9134,98.193,43.9841,0.4335,A,relation-reasoning-agent-eval-v3.1
2026-08-19T18:40:00+09:00,CMP-S02-L04-01,S02,S02-L04,1,running,161.9988,506.0974,99.9366,38.8595,-0.5685,A,relation-reasoning-agent-eval-v3.1
2026-08-19T18:40:00+09:00,CMP-S02-L05-01,S02,S02-L05,1,running,190.6746,482.2423,89.7849,44.3074,0.7356,A,relation-reasoning-agent-eval-v3.1
2026-08-19T18:50:00+09:00,CMP-S02-L01-01,S02,S02-L01,1,running,176.3142,510.0388,103.1012,35.6523,-0.6432,A,relation-reasoning-agent-eval-v3.1
2026-08-19T18:50:00+09:00,CMP-S02-L02-01,S02,S02-L02,1,running,182.1321,456.2805,98.0745,37.5053,-0.4884,A,relation-reasoning-agent-eval-v3.1
2026-08-19T18:50:00+09:00,CMP-S02-L03-01,S02,S02-L03,1,running,169.0216,430.2159,97.5872,43.7341,0.3872,A,relation-reasoning-agent-eval-v3.1
2026-08-19T18:50:00+09:00,CMP-S02-L04-01,S02,S02-L04,1,running,185.0215,490.8527,94.8854,39.0706,-0.5294,A,relation-reasoning-agent-eval-v3.1
2026-08-19T18:50:00+09:00,CMP-S02-L05-01,S02,S02-L05,1,running,203.1647,459.5261,91.2563,44.5664,0.7836,A,relation-reasoning-agent-eval-v3.1
2026-08-19T19:00:00+09:00,CMP-S02-L01-01,S02,S02-L01,1,running,186.5764,458.0196,103.0951,35.368,-0.6959,A,relation-reasoning-agent-eval-v3.1
2026-08-19T19:00:00+09:00,CMP-S02-L02-01,S02,S02-L02,1,running,208.9818,428.2127,97.2157,36.2076,-0.7287,A,relation-reasoning-agent-eval-v3.1
2026-08-19T19:00:00+09:00,CMP-S02-L03-01,S02,S02-L03,1,running,181.7263,432.4164,103.5727,44.0344,0.4428,A,relation-reasoning-agent-eval-v3.1
2026-08-19T19:00:00+09:00,CMP-S02-L04-01,S02,S02-L04,1,running,188.1197,489.3504,101.082,39.5503,-0.4405,A,relation-reasoning-agent-eval-v3.1
2026-08-19T19:00:00+09:00,CMP-S02-L05-01,S02,S02-L05,1,running,187.6057,451.1508,91.2811,38.3932,-0.3596,A,relation-reasoning-agent-eval-v3.1
2026-08-19T19:10:00+09:00,CMP-S02-L01-01,S02,S02-L01,1,running,189.6932,436.0247,102.4016,32.2359,-1.2759,B,relation-reasoning-agent-eval-v3.1
2026-08-19T19:10:00+09:00,CMP-S02-L02-01,S02,S02-L02,1,running,191.7624,441.2247,95.9299,38.8855,-0.2328,A,relation-reasoning-agent-eval-v3.1
2026-08-19T19:10:00+09:00,CMP-S02-L03-01,S02,S02-L03,1,running,183.5518,411.9655,104.6055,42.1569,0.0951,A,relation-reasoning-agent-eval-v3.1
2026-08-19T19:10:00+09:00,CMP-S02-L04-01,S02,S02-L04,1,running,162.7196,478.8468,102.3937,40.8101,-0.2072,A,relation-reasoning-agent-eval-v3.1
2026-08-19T19:10:00+09:00,CMP-S02-L05-01,S02,S02-L05,1,running,168.2546,439.3676,87.2763,45.0747,0.8777,A,relation-reasoning-agent-eval-v3.1
2026-08-19T19:20:00+09:00,CMP-S02-L01-01,S02,S02-L01,1,running,180.185,468.774,101.0322,36.6945,-0.4502,A,relation-reasoning-agent-eval-v3.1
2026-08-19T19:20:00+09:00,CMP-S02-L02-01,S02,S02-L02,1,running,183.9522,476.7978,94.3853,37.6639,-0.459,A,relation-reasoning-agent-eval-v3.1
2026-08-19T19:20:00+09:00,CMP-S02-L03-01,S02,S02-L03,1,running,195.3355,437.1752,103.6549,38.5739,-0.5684,A,relation-reasoning-agent-eval-v3.1
2026-08-19T19:20:00+09:00,CMP-S02-L04-01,S02,S02-L04,1,running,190.5861,507.1209,102.3219,40.0911,-0.3404,A,relation-reasoning-agent-eval-v3.1
2026-08-19T19:20:00+09:00,CMP-S02-L05-01,S02,S02-L05,1,running,177.734,408.103,87.9099,41.6869,0.2504,A,relation-reasoning-agent-eval-v3.1
2026-08-19T19:30:00+09:00,CMP-S02-L01-01,S02,S02-L01,1,running,187.2714,433.4961,104.3487,31.949,-1.329,B,relation-reasoning-agent-eval-v3.1
2026-08-19T19:30:00+09:00,CMP-S02-L02-01,S02,S02-L02,1,running,182.4403,493.9946,97.7926,32.9829,-1.3259,B,relation-reasoning-agent-eval-v3.1
2026-08-19T19:30:00+09:00,CMP-S02-L03-01,S02,S02-L03,1,running,201.0891,469.3558,102.8014,38.4268,-0.5956,A,relation-reasoning-agent-eval-v3.1
2026-08-19T19:30:00+09:00,CMP-S02-L04-01,S02,S02-L04,1,running,200.6022,469.7071,100.7877,44.3372,0.4459,A,relation-reasoning-agent-eval-v3.1
2026-08-19T19:30:00+09:00,CMP-S02-L05-01,S02,S02-L05,1,running,175.9111,409.322,87.8659,36.7457,-0.6647,A,relation-reasoning-agent-eval-v3.1
2026-08-19T19:40:00+09:00,CMP-S02-L01-01,S02,S02-L01,1,running,181.5573,445.2219,103.7768,31.1164,-1.4832,B,relation-reasoning-agent-eval-v3.1
2026-08-19T19:40:00+09:00,CMP-S02-L02-01,S02,S02-L02,1,running,173.9687,444.2725,100.7991,33.9276,-1.1509,B,relation-reasoning-agent-eval-v3.1
2026-08-19T19:40:00+09:00,CMP-S02-L03-01,S02,S02-L03,1,running,179.2734,455.7581,102.2811,42.295,0.1207,A,relation-reasoning-agent-eval-v3.1
2026-08-19T19:40:00+09:00,CMP-S02-L04-01,S02,S02-L04,1,running,181.4191,454.6972,100.217,42.9919,0.1968,A,relation-reasoning-agent-eval-v3.1
2026-08-19T19:40:00+09:00,CMP-S02-L05-01,S02,S02-L05,1,running,170.9094,353.7497,93.3016,38.6045,-0.3205,A,relation-reasoning-agent-eval-v3.1
2026-08-19T19:50:00+09:00,CMP-S02-L01-01,S02,S02-L01,1,running,176.7844,412.6786,101.6923,32.0316,-1.3137,B,relation-reasoning-agent-eval-v3.1
2026-08-19T19:50:00+09:00,CMP-S02-L02-01,S02,S02-L02,1,running,165.1324,418.1354,101.5938,30.0794,-1.8636,B,relation-reasoning-agent-eval-v3.1
2026-08-19T19:50:00+09:00,CMP-S02-L03-01,S02,S02-L03,1,running,179.5453,472.9146,104.9628,35.6226,-1.1149,B,relation-reasoning-agent-eval-v3.1
2026-08-19T19:50:00+09:00,CMP-S02-L04-01,S02,S02-L04,1,running,199.1449,433.5996,103.5674,41.3877,-0.1003,A,relation-reasoning-agent-eval-v3.1
2026-08-19T19:50:00+09:00,CMP-S02-L05-01,S02,S02-L05,1,running,190.2022,397.7316,91.7152,42.2146,0.3481,A,relation-reasoning-agent-eval-v3.1
2026-08-19T20:00:00+09:00,CMP-S02-L01-01,S02,S02-L01,1,running,178.574,422.098,104.2707,33.2553,-1.0871,B,relation-reasoning-agent-eval-v3.1
2026-08-19T20:00:00+09:00,CMP-S02-L02-01,S02,S02-L02,1,running,157.3913,397.1021,105.7773,29.3788,-1.9933,B,relation-reasoning-agent-eval-v3.1
2026-08-19T20:00:00+09:00,CMP-S02-L03-01,S02,S02-L03,1,running,163.2843,447.4254,108.4445,36.0759,-1.031,B,relation-reasoning-agent-eval-v3.1
2026-08-19T20:00:00+09:00,CMP-S02-L04-01,S02,S02-L04,1,running,184.4562,442.2359,103.908,39.4891,-0.4519,A,relation-reasoning-agent-eval-v3.1
2026-08-19T20:00:00+09:00,CMP-S02-L05-01,S02,S02-L05,1,running,189.6524,420.4852,93.2174,35.5483,-0.8864,A,relation-reasoning-agent-eval-v3.1
2026-08-19T20:10:00+09:00,CMP-S02-L01-01,S02,S02-L01,1,running,165.4671,397.1545,96.2662,36.2951,-0.5242,A,relation-reasoning-agent-eval-v3.1
2026-08-19T20:10:00+09:00,CMP-S02-L02-01,S02,S02-L02,1,running,162.204,338.704,103.3187,27.9104,-2.2652,C,relation-reasoning-agent-eval-v3.1
2026-08-19T20:10:00+09:00,CMP-S02-L03-01,S02,S02-L03,1,running,168.7751,432.3815,101.4868,37.8047,-0.7108,A,relation-reasoning-agent-eval-v3.1
2026-08-19T20:10:00+09:00,CMP-S02-L04-01,S02,S02-L04,1,running,180.622,421.5619,103.9502,45.4907,0.6596,A,relation-reasoning-agent-eval-v3.1
2026-08-19T20:10:00+09:00,CMP-S02-L05-01,S02,S02-L05,1,running,189.2989,421.8924,92.7334,45.9387,1.0377,B,relation-reasoning-agent-eval-v3.1
2026-08-19T20:20:00+09:00,CMP-S02-L01-01,S02,S02-L01,1,running,157.1614,421.3187,104.8884,34.5867,-0.8405,A,relation-reasoning-agent-eval-v3.1
2026-08-19T20:20:00+09:00,CMP-S02-L02-01,S02,S02-L02,1,running,160.7995,387.9314,103.2479,33.2935,-1.2684,B,relation-reasoning-agent-eval-v3.1
2026-08-19T20:20:00+09:00,CMP-S02-L03-01,S02,S02-L03,1,running,195.1359,444.8188,98.1184,30.0244,-2.1516,C,relation-reasoning-agent-eval-v3.1
2026-08-19T20:20:00+09:00,CMP-S02-L04-01,S02,S02-L04,1,running,173.6561,374.7624,102.5333,43.1603,0.228,A,relation-reasoning-agent-eval-v3.1
2026-08-19T20:20:00+09:00,CMP-S02-L05-01,S02,S02-L05,1,running,176.4214,420.7347,92.3925,46.9706,1.2288,B,relation-reasoning-agent-eval-v3.1
2026-08-19T20:30:00+09:00,CMP-S02-L01-01,S02,S02-L01,1,running,179.3245,430.459,102.3448,44.3051,0.9592,A,relation-reasoning-agent-eval-v3.1
2026-08-19T20:30:00+09:00,CMP-S02-L02-01,S02,S02-L02,1,running,156.9514,385.7412,111.396,34.833,-0.9833,A,relation-reasoning-agent-eval-v3.1
2026-08-19T20:30:00+09:00,CMP-S02-L03-01,S02,S02-L03,1,running,206.1502,446.6247,92.0981,37.1177,-0.8381,A,relation-reasoning-agent-eval-v3.1
2026-08-19T20:30:00+09:00,CMP-S02-L04-01,S02,S02-L04,1,running,185.7558,363.9481,93.5535,44.0548,0.3936,A,relation-reasoning-agent-eval-v3.1
2026-08-19T20:30:00+09:00,CMP-S02-L05-01,S02,S02-L05,1,running,176.7084,420.6679,96.2481,40.0024,-0.0616,A,relation-reasoning-agent-eval-v3.1
2026-08-19T20:40:00+09:00,CMP-S02-L01-01,S02,S02-L01,1,running,188.6377,452.0083,107.2943,44.4219,0.9808,A,relation-reasoning-agent-eval-v3.1
2026-08-19T20:40:00+09:00,CMP-S02-L02-01,S02,S02-L02,1,running,156.8547,400.2327,110.8594,40.5637,0.078,A,relation-reasoning-agent-eval-v3.1
2026-08-19T20:40:00+09:00,CMP-S02-L03-01,S02,S02-L03,1,running,208.7433,435.0485,93.0673,39.8193,-0.3378,A,relation-reasoning-agent-eval-v3.1
2026-08-19T20:40:00+09:00,CMP-S02-L04-01,S02,S02-L04,1,running,181.1761,464.638,98.5017,41.9581,0.0054,A,relation-reasoning-agent-eval-v3.1
2026-08-19T20:40:00+09:00,CMP-S02-L05-01,S02,S02-L05,1,running,181.7099,379.0207,100.0462,39.2167,-0.2071,A,relation-reasoning-agent-eval-v3.1
2026-08-19T20:50:00+09:00,CMP-S02-L01-01,S02,S02-L01,1,running,183.9112,446.535,101.2083,42.3615,0.5992,A,relation-reasoning-agent-eval-v3.1
2026-08-19T20:50:00+09:00,CMP-S02-L02-01,S02,S02-L02,1,running,168.3285,375.696,110.1896,44.7449,0.8523,A,relation-reasoning-agent-eval-v3.1
2026-08-19T20:50:00+09:00,CMP-S02-L03-01,S02,S02-L03,1,running,215.9311,424.9485,92.2762,43.4546,0.3354,A,relation-reasoning-agent-eval-v3.1
2026-08-19T20:50:00+09:00,CMP-S02-L04-01,S02,S02-L04,1,running,180.8022,435.909,99.9655,39.5368,-0.443,A,relation-reasoning-agent-eval-v3.1
2026-08-19T20:50:00+09:00,CMP-S02-L05-01,S02,S02-L05,1,running,184.3973,418.3626,105.8534,32.8876,-1.3791,B,relation-reasoning-agent-eval-v3.1
2026-08-19T21:00:00+09:00,CMP-S02-L01-01,S02,S02-L01,1,running,182.1437,457.0659,106.517,39.5331,0.0755,A,relation-reasoning-agent-eval-v3.1
2026-08-19T21:00:00+09:00,CMP-S02-L02-01,S02,S02-L02,1,running,173.9037,357.0327,114.0367,42.1678,0.375,A,relation-reasoning-agent-eval-v3.1
2026-08-19T21:00:00+09:00,CMP-S02-L03-01,S02,S02-L03,1,running,211.3016,431.9605,89.8305,44.5417,0.5368,A,relation-reasoning-agent-eval-v3.1
2026-08-19T21:00:00+09:00,CMP-S02-L04-01,S02,S02-L04,1,running,181.3341,430.846,99.4643,42.9904,0.1965,A,relation-reasoning-agent-eval-v3.1
2026-08-19T21:00:00+09:00,CMP-S02-L05-01,S02,S02-L05,1,running,175.7811,444.199,100.1148,32.5585,-1.4401,B,relation-reasoning-agent-eval-v3.1
2026-08-19T21:10:00+09:00,CMP-S02-L01-01,S02,S02-L01,1,running,172.3928,480.1484,107.6097,42.0295,0.5377,A,relation-reasoning-agent-eval-v3.1
2026-08-19T21:10:00+09:00,CMP-S02-L02-01,S02,S02-L02,1,running,180.5359,451.3785,108.5923,42.3784,0.414,A,relation-reasoning-agent-eval-v3.1
2026-08-19T21:10:00+09:00,CMP-S02-L03-01,S02,S02-L03,1,running,209.2887,427.1759,91.2486,49.0816,1.3775,B,relation-reasoning-agent-eval-v3.1
2026-08-19T21:10:00+09:00,CMP-S02-L04-01,S02,S02-L04,1,running,175.3964,459.2563,100.0254,44.1744,0.4158,A,relation-reasoning-agent-eval-v3.1
2026-08-19T21:10:00+09:00,CMP-S02-L05-01,S02,S02-L05,1,running,172.5278,444.9318,101.5805,33.2785,-1.3068,B,relation-reasoning-agent-eval-v3.1
2026-08-19T21:20:00+09:00,CMP-S02-L01-01,S02,S02-L01,1,running,179.8789,442.4072,107.3868,44.6223,1.0179,B,relation-reasoning-agent-eval-v3.1
2026-08-19T21:20:00+09:00,CMP-S02-L02-01,S02,S02-L02,1,running,179.3518,470.3425,93.4349,43.2209,0.57,A,relation-reasoning-agent-eval-v3.1
2026-08-19T21:20:00+09:00,CMP-S02-L03-01,S02,S02-L03,1,running,199.1577,450.4563,91.8358,48.1417,1.2034,B,relation-reasoning-agent-eval-v3.1
2026-08-19T21:20:00+09:00,CMP-S02-L04-01,S02,S02-L04,1,running,157.6673,458.103,99.8338,45.0885,0.5851,A,relation-reasoning-agent-eval-v3.1
2026-08-19T21:20:00+09:00,CMP-S02-L05-01,S02,S02-L05,1,running,160.6488,374.2501,104.294,36.327,-0.7422,A,relation-reasoning-agent-eval-v3.1
2026-08-19T21:30:00+09:00,CMP-S02-L01-01,S02,S02-L01,1,running,176.9969,438.038,101.5308,48.2482,1.6894,B,relation-reasoning-agent-eval-v3.1
2026-08-19T21:30:00+09:00,CMP-S02-L02-01,S02,S02-L02,1,running,173.7991,499.3662,92.0099,44.3363,0.7766,A,relation-reasoning-agent-eval-v3.1
2026-08-19T21:30:00+09:00,CMP-S02-L03-01,S02,S02-L03,1,running,202.39,501.7049,91.4388,45.7768,0.7655,A,relation-reasoning-agent-eval-v3.1
2026-08-19T21:30:00+09:00,CMP-S02-L04-01,S02,S02-L04,1,running,160.2734,430.9748,96.1245,42.0035,0.0138,A,relation-reasoning-agent-eval-v3.1
2026-08-19T21:30:00+09:00,CMP-S02-L05-01,S02,S02-L05,1,running,161.8996,367.0387,105.3929,38.7315,-0.297,A,relation-reasoning-agent-eval-v3.1
2026-08-19T21:40:00+09:00,CMP-S02-L01-01,S02,S02-L01,1,running,160.6845,463.7822,104.6551,46.9617,1.4511,B,relation-reasoning-agent-eval-v3.1
2026-08-19T21:40:00+09:00,CMP-S02-L02-01,S02,S02-L02,1,running,184.677,512.7232,93.3791,40.9388,0.1474,A,relation-reasoning-agent-eval-v3.1
2026-08-19T21:40:00+09:00,CMP-S02-L03-01,S02,S02-L03,1,running,189.764,458.9549,97.6871,46.4329,0.887,A,relation-reasoning-agent-eval-v3.1
2026-08-19T21:40:00+09:00,CMP-S02-L04-01,S02,S02-L04,1,running,166.0197,497.2935,92.3105,38.8188,-0.576,A,relation-reasoning-agent-eval-v3.1
2026-08-19T21:40:00+09:00,CMP-S02-L05-01,S02,S02-L05,1,running,180.0998,390.0157,110.8908,39.8512,-0.0896,A,relation-reasoning-agent-eval-v3.1
2026-08-19T21:50:00+09:00,CMP-S02-L01-01,S02,S02-L01,1,running,168.9342,464.3008,105.4267,49.3888,1.9006,B,relation-reasoning-agent-eval-v3.1
2026-08-19T21:50:00+09:00,CMP-S02-L02-01,S02,S02-L02,1,running,176.2639,504.9456,96.1245,37.0666,-0.5696,A,relation-reasoning-agent-eval-v3.1
2026-08-19T21:50:00+09:00,CMP-S02-L03-01,S02,S02-L03,1,running,183.9744,464.2705,95.7663,43.1752,0.2837,A,relation-reasoning-agent-eval-v3.1
2026-08-19T21:50:00+09:00,CMP-S02-L04-01,S02,S02-L04,1,running,171.4867,492.1951,89.9266,44.7143,0.5158,A,relation-reasoning-agent-eval-v3.1
2026-08-19T21:50:00+09:00,CMP-S02-L05-01,S02,S02-L05,1,running,181.5593,437.6085,97.8429,42.3063,0.3651,A,relation-reasoning-agent-eval-v3.1
2026-08-19T22:00:00+09:00,CMP-S02-L01-01,S02,S02-L01,1,running,166.5854,444.3226,102.1924,42.009,0.5339,A,relation-reasoning-agent-eval-v3.1
2026-08-19T22:00:00+09:00,CMP-S02-L02-01,S02,S02-L02,1,running,143.5728,522.2745,94.0008,38.7463,-0.2586,A,relation-reasoning-agent-eval-v3.1
2026-08-19T22:00:00+09:00,CMP-S02-L03-01,S02,S02-L03,1,running,185.6072,458.7095,87.7305,40.5256,-0.207,A,relation-reasoning-agent-eval-v3.1
2026-08-19T22:00:00+09:00,CMP-S02-L04-01,S02,S02-L04,1,running,177.6169,499.9968,90.0385,44.4712,0.4707,A,relation-reasoning-agent-eval-v3.1
2026-08-19T22:00:00+09:00,CMP-S02-L05-01,S02,S02-L05,1,running,188.6979,487.8612,96.1599,39.2881,-0.1939,A,relation-reasoning-agent-eval-v3.1
2026-08-19T22:10:00+09:00,CMP-S02-L01-01,S02,S02-L01,1,running,172.3071,476.5068,106.5452,38.0122,-0.2062,A,relation-reasoning-agent-eval-v3.1
2026-08-19T22:10:00+09:00,CMP-S02-L02-01,S02,S02-L02,1,running,149.8293,536.7273,95.6093,41.8656,0.3191,A,relation-reasoning-agent-eval-v3.1
2026-08-19T22:10:00+09:00,CMP-S02-L03-01,S02,S02-L03,1,running,184.3848,440.9982,94.8541,37.557,-0.7567,A,relation-reasoning-agent-eval-v3.1
2026-08-19T22:10:00+09:00,CMP-S02-L04-01,S02,S02-L04,1,running,205.9178,513.4466,98.8854,38.3384,-0.665,A,relation-reasoning-agent-eval-v3.1
2026-08-19T22:10:00+09:00,CMP-S02-L05-01,S02,S02-L05,1,running,177.3744,464.683,101.6528,45.9566,1.041,B,relation-reasoning-agent-eval-v3.1
2026-08-19T22:20:00+09:00,CMP-S02-L01-01,S02,S02-L01,1,running,178.433,463.2823,107.1992,38.7223,-0.0747,A,relation-reasoning-agent-eval-v3.1
2026-08-19T22:20:00+09:00,CMP-S02-L02-01,S02,S02-L02,1,running,159.6981,510.6089,100.3955,38.1912,-0.3614,A,relation-reasoning-agent-eval-v3.1
2026-08-19T22:20:00+09:00,CMP-S02-L03-01,S02,S02-L03,1,running,190.3389,410.0137,94.0254,39.8644,-0.3294,A,relation-reasoning-agent-eval-v3.1
2026-08-19T22:20:00+09:00,CMP-S02-L04-01,S02,S02-L04,1,running,207.6666,476.2182,97.2835,34.9249,-1.2971,B,relation-reasoning-agent-eval-v3.1
2026-08-19T22:20:00+09:00,CMP-S02-L05-01,S02,S02-L05,1,running,175.9986,480.2507,98.2043,41.8793,0.286,A,relation-reasoning-agent-eval-v3.1
2026-08-19T22:30:00+09:00,CMP-S02-L01-01,S02,S02-L01,1,running,209.9448,442.9828,100.7716,35.4724,-0.6765,A,relation-reasoning-agent-eval-v3.1
2026-08-19T22:30:00+09:00,CMP-S02-L02-01,S02,S02-L02,1,running,168.7085,454.6067,100.7393,30.5021,-1.7853,B,relation-reasoning-agent-eval-v3.1
2026-08-19T22:30:00+09:00,CMP-S02-L03-01,S02,S02-L03,1,running,196.562,449.0203,92.0302,46.6746,0.9317,A,relation-reasoning-agent-eval-v3.1
2026-08-19T22:30:00+09:00,CMP-S02-L04-01,S02,S02-L04,1,running,207.5178,429.0172,100.7818,37.7906,-0.7664,A,relation-reasoning-agent-eval-v3.1
2026-08-19T22:30:00+09:00,CMP-S02-L05-01,S02,S02-L05,1,running,185.5486,438.6861,100.3684,44.899,0.8452,A,relation-reasoning-agent-eval-v3.1
2026-08-19T22:40:00+09:00,CMP-S02-L01-01,S02,S02-L01,1,running,188.4196,491.7184,93.7302,38.8702,-0.0473,A,relation-reasoning-agent-eval-v3.1
2026-08-19T22:40:00+09:00,CMP-S02-L02-01,S02,S02-L02,1,running,184.1516,493.9982,104.9495,27.8713,-2.2725,C,relation-reasoning-agent-eval-v3.1
2026-08-19T22:40:00+09:00,CMP-S02-L03-01,S02,S02-L03,1,running,197.7401,446.8425,91.5676,43.0209,0.2551,A,relation-reasoning-agent-eval-v3.1
2026-08-19T22:40:00+09:00,CMP-S02-L04-01,S02,S02-L04,1,running,185.0205,438.2134,98.7141,42.3606,0.0799,A,relation-reasoning-agent-eval-v3.1
2026-08-19T22:40:00+09:00,CMP-S02-L05-01,S02,S02-L05,1,running,195.3529,427.825,99.2261,48.0783,1.4339,B,relation-reasoning-agent-eval-v3.1
2026-08-19T22:50:00+09:00,CMP-S02-L01-01,S02,S02-L01,1,running,192.1923,467.6502,95.2487,45.2807,1.1398,B,relation-reasoning-agent-eval-v3.1
2026-08-19T22:50:00+09:00,CMP-S02-L02-01,S02,S02-L02,1,running,197.6062,504.4719,110.3889,32.6093,-1.3951,B,relation-reasoning-agent-eval-v3.1
2026-08-19T22:50:00+09:00,CMP-S02-L03-01,S02,S02-L03,1,running,196.3203,454.541,92.7422,40.1371,-0.2789,A,relation-reasoning-agent-eval-v3.1
2026-08-19T22:50:00+09:00,CMP-S02-L04-01,S02,S02-L04,1,running,165.3212,457.6301,93.2605,41.2499,-0.1258,A,relation-reasoning-agent-eval-v3.1
2026-08-19T22:50:00+09:00,CMP-S02-L05-01,S02,S02-L05,1,running,197.4677,444.5555,102.4509,43.7196,0.6268,A,relation-reasoning-agent-eval-v3.1
2026-08-19T23:00:00+09:00,CMP-S02-L01-01,S02,S02-L01,1,running,183.7766,472.8337,94.403,38.2756,-0.1574,A,relation-reasoning-agent-eval-v3.1
2026-08-19T23:00:00+09:00,CMP-S02-L02-01,S02,S02-L02,1,running,196.9657,468.76,106.6934,31.8616,-1.5335,B,relation-reasoning-agent-eval-v3.1
2026-08-19T23:00:00+09:00,CMP-S02-L03-01,S02,S02-L03,1,running,203.8165,493.3736,91.7109,41.738,0.0175,A,relation-reasoning-agent-eval-v3.1
2026-08-19T23:00:00+09:00,CMP-S02-L04-01,S02,S02-L04,1,running,180.8028,480.0292,92.8628,39.2083,-0.5039,A,relation-reasoning-agent-eval-v3.1
2026-08-19T23:00:00+09:00,CMP-S02-L05-01,S02,S02-L05,1,running,177.7891,420.3279,95.4481,44.6567,0.8003,A,relation-reasoning-agent-eval-v3.1
2026-08-19T23:10:00+09:00,CMP-S02-L01-01,S02,S02-L01,1,running,181.0588,483.2209,96.5041,39.5074,0.0707,A,relation-reasoning-agent-eval-v3.1
2026-08-19T23:10:00+09:00,CMP-S02-L02-01,S02,S02-L02,1,running,192.4008,471.9517,95.1588,33.2687,-1.273,B,relation-reasoning-agent-eval-v3.1
2026-08-19T23:10:00+09:00,CMP-S02-L03-01,S02,S02-L03,1,running,183.9604,460.7077,97.2361,42.5339,0.1649,A,relation-reasoning-agent-eval-v3.1
2026-08-19T23:10:00+09:00,CMP-S02-L04-01,S02,S02-L04,1,running,202.5717,476.3722,92.4022,41.0925,-0.1549,A,relation-reasoning-agent-eval-v3.1
2026-08-19T23:10:00+09:00,CMP-S02-L05-01,S02,S02-L05,1,running,162.4493,417.3922,92.8183,43.5026,0.5866,A,relation-reasoning-agent-eval-v3.1
2026-08-19T23:20:00+09:00,CMP-S02-L01-01,S02,S02-L01,1,running,184.7873,506.9445,100.2587,42.224,0.5738,A,relation-reasoning-agent-eval-v3.1
2026-08-19T23:20:00+09:00,CMP-S02-L02-01,S02,S02-L02,1,running,176.0634,455.1341,94.3089,30.9372,-1.7047,B,relation-reasoning-agent-eval-v3.1
2026-08-19T23:20:00+09:00,CMP-S02-L03-01,S02,S02-L03,1,running,174.7811,385.9029,93.1627,47.6688,1.1159,B,relation-reasoning-agent-eval-v3.1
2026-08-19T23:20:00+09:00,CMP-S02-L04-01,S02,S02-L04,1,running,196.1797,440.7976,95.5906,39.1977,-0.5058,A,relation-reasoning-agent-eval-v3.1
2026-08-19T23:20:00+09:00,CMP-S02-L05-01,S02,S02-L05,1,running,137.7725,425.9057,95.6827,40.3745,0.0073,A,relation-reasoning-agent-eval-v3.1
2026-08-19T23:30:00+09:00,CMP-S02-L01-01,S02,S02-L01,1,running,190.7663,514.0992,99.1414,32.5801,-1.2121,B,relation-reasoning-agent-eval-v3.1
2026-08-19T23:30:00+09:00,CMP-S02-L02-01,S02,S02-L02,1,running,161.6374,423.8807,93.8851,35.0827,-0.937,A,relation-reasoning-agent-eval-v3.1
2026-08-19T23:30:00+09:00,CMP-S02-L03-01,S02,S02-L03,1,running,178.8361,441.3955,93.416,47.4884,1.0824,B,relation-reasoning-agent-eval-v3.1
2026-08-19T23:30:00+09:00,CMP-S02-L04-01,S02,S02-L04,1,running,188.8269,472.5223,98.6464,45.2788,0.6203,A,relation-reasoning-agent-eval-v3.1
2026-08-19T23:30:00+09:00,CMP-S02-L05-01,S02,S02-L05,1,running,149.0335,425.189,99.0565,44.5917,0.7883,A,relation-reasoning-agent-eval-v3.1
2026-08-19T23:40:00+09:00,CMP-S02-L01-01,S02,S02-L01,1,running,178.7794,492.5336,98.8977,34.6149,-0.8353,A,relation-reasoning-agent-eval-v3.1
2026-08-19T23:40:00+09:00,CMP-S02-L02-01,S02,S02-L02,1,running,158.69,426.6728,100.9549,39.8507,-0.0541,A,relation-reasoning-agent-eval-v3.1
2026-08-19T23:40:00+09:00,CMP-S02-L03-01,S02,S02-L03,1,running,187.7035,417.9238,93.7146,51.1332,1.7574,B,relation-reasoning-agent-eval-v3.1
2026-08-19T23:40:00+09:00,CMP-S02-L04-01,S02,S02-L04,1,running,197.0727,452.7288,96.0624,50.2955,1.5493,B,relation-reasoning-agent-eval-v3.1
2026-08-19T23:40:00+09:00,CMP-S02-L05-01,S02,S02-L05,1,running,168.042,400.547,99.043,35.8103,-0.8379,A,relation-reasoning-agent-eval-v3.1
2026-08-19T23:50:00+09:00,CMP-S02-L01-01,S02,S02-L01,1,running,170.5506,463.6464,94.9867,38.7117,-0.0767,A,relation-reasoning-agent-eval-v3.1
2026-08-19T23:50:00+09:00,CMP-S02-L02-01,S02,S02-L02,1,running,154.1097,434.2004,98.2817,36.0669,-0.7548,A,relation-reasoning-agent-eval-v3.1
2026-08-19T23:50:00+09:00,CMP-S02-L03-01,S02,S02-L03,1,running,184.5714,396.0293,92.4338,42.1803,0.0995,A,relation-reasoning-agent-eval-v3.1
2026-08-19T23:50:00+09:00,CMP-S02-L04-01,S02,S02-L04,1,running,183.094,449.322,101.5784,49.9371,1.483,B,relation-reasoning-agent-eval-v3.1
2026-08-19T23:50:00+09:00,CMP-S02-L05-01,S02,S02-L05,1,running,176.4549,432.3323,89.4562,40.1655,-0.0314,A,relation-reasoning-agent-eval-v3.1
2026-08-20T00:00:00+09:00,CMP-S02-L01-01,S02,S02-L01,1,running,172.0541,524.0162,90.848,32.0506,-1.3102,B,relation-reasoning-agent-eval-v3.1
2026-08-20T00:00:00+09:00,CMP-S02-L02-01,S02,S02-L02,1,running,146.112,392.1298,94.1336,47.5795,1.3772,B,relation-reasoning-agent-eval-v3.1
2026-08-20T00:00:00+09:00,CMP-S02-L03-01,S02,S02-L03,1,running,187.7292,386.9989,88.4404,40.6674,-0.1807,A,relation-reasoning-agent-eval-v3.1
2026-08-20T00:00:00+09:00,CMP-S02-L04-01,S02,S02-L04,1,running,201.7527,445.694,92.2469,49.0872,1.3256,B,relation-reasoning-agent-eval-v3.1
2026-08-20T00:00:00+09:00,CMP-S02-L05-01,S02,S02-L05,1,running,181.6038,449.8391,95.7992,39.8811,-0.0841,A,relation-reasoning-agent-eval-v3.1
2026-08-20T00:10:00+09:00,CMP-S02-L01-01,S02,S02-L01,1,running,168.7225,477.892,95.6666,32.1724,-1.2876,B,relation-reasoning-agent-eval-v3.1
2026-08-20T00:10:00+09:00,CMP-S02-L02-01,S02,S02-L02,1,running,149.5649,388.4946,95.1238,43.5831,0.6371,A,relation-reasoning-agent-eval-v3.1
2026-08-20T00:10:00+09:00,CMP-S02-L03-01,S02,S02-L03,1,running,190.0083,395.7391,90.4378,45.3939,0.6946,A,relation-reasoning-agent-eval-v3.1
2026-08-20T00:10:00+09:00,CMP-S02-L04-01,S02,S02-L04,1,running,187.4408,406.369,94.4584,48.1628,1.1544,B,relation-reasoning-agent-eval-v3.1
2026-08-20T00:10:00+09:00,CMP-S02-L05-01,S02,S02-L05,1,running,180.7056,471.8737,95.1318,43.7587,0.634,A,relation-reasoning-agent-eval-v3.1
2026-08-20T00:20:00+09:00,CMP-S02-L01-01,S02,S02-L01,1,running,173.3685,460.8251,93.3182,30.0912,-1.673,B,relation-reasoning-agent-eval-v3.1
2026-08-20T00:20:00+09:00,CMP-S02-L02-01,S02,S02-L02,1,running,145.6092,430.0992,99.5241,42.7655,0.4857,A,relation-reasoning-agent-eval-v3.1
2026-08-20T00:20:00+09:00,CMP-S02-L03-01,S02,S02-L03,1,running,191.4169,420.9141,97.2531,50.4863,1.6376,B,relation-reasoning-agent-eval-v3.1
2026-08-20T00:20:00+09:00,CMP-S02-L04-01,S02,S02-L04,1,running,173.4681,425.9271,98.9893,44.6511,0.5041,A,relation-reasoning-agent-eval-v3.1
2026-08-20T00:20:00+09:00,CMP-S02-L05-01,S02,S02-L05,1,running,166.3914,505.157,99.162,44.4236,0.7571,A,relation-reasoning-agent-eval-v3.1
2026-08-20T00:30:00+09:00,CMP-S02-L01-01,S02,S02-L01,1,running,175.6292,483.8547,93.9757,28.9287,-1.8883,B,relation-reasoning-agent-eval-v3.1
2026-08-20T00:30:00+09:00,CMP-S02-L02-01,S02,S02-L02,1,running,160.5139,422.5251,105.5147,41.0637,0.1706,A,relation-reasoning-agent-eval-v3.1
2026-08-20T00:30:00+09:00,CMP-S02-L03-01,S02,S02-L03,1,running,194.2788,433.5561,97.7243,49.7999,1.5105,B,relation-reasoning-agent-eval-v3.1
2026-08-20T00:30:00+09:00,CMP-S02-L04-01,S02,S02-L04,1,running,184.2408,403.6408,103.9472,45.3673,0.6367,A,relation-reasoning-agent-eval-v3.1
2026-08-20T00:30:00+09:00,CMP-S02-L05-01,S02,S02-L05,1,running,150.6071,485.3433,99.6485,38.9119,-0.2635,A,relation-reasoning-agent-eval-v3.1
2026-08-20T00:40:00+09:00,CMP-S02-L01-01,S02,S02-L01,1,running,167.3967,480.0694,90.0475,35.0331,-0.7579,A,relation-reasoning-agent-eval-v3.1
2026-08-20T00:40:00+09:00,CMP-S02-L02-01,S02,S02-L02,1,running,154.7599,446.8644,98.4828,38.6037,-0.285,A,relation-reasoning-agent-eval-v3.1
2026-08-20T00:40:00+09:00,CMP-S02-L03-01,S02,S02-L03,1,running,188.505,430.6977,96.5949,49.2707,1.4125,B,relation-reasoning-agent-eval-v3.1
2026-08-20T00:40:00+09:00,CMP-S02-L04-01,S02,S02-L04,1,running,184.8449,397.221,100.4442,46.9943,0.938,A,relation-reasoning-agent-eval-v3.1
2026-08-20T00:40:00+09:00,CMP-S02-L05-01,S02,S02-L05,1,running,165.4891,500.4877,102.9662,38.9519,-0.2561,A,relation-reasoning-agent-eval-v3.1
2026-08-20T00:50:00+09:00,CMP-S02-L01-01,S02,S02-L01,1,running,176.8708,470.7988,92.0598,36.5858,-0.4703,A,relation-reasoning-agent-eval-v3.1
2026-08-20T00:50:00+09:00,CMP-S02-L02-01,S02,S02-L02,1,running,146.5962,463.0015,100.6697,40.7095,0.105,A,relation-reasoning-agent-eval-v3.1
2026-08-20T00:50:00+09:00,CMP-S02-L03-01,S02,S02-L03,1,running,184.3744,433.5846,100.7821,46.88,0.9698,A,relation-reasoning-agent-eval-v3.1
2026-08-20T00:50:00+09:00,CMP-S02-L04-01,S02,S02-L04,1,running,195.718,432.2003,102.6789,43.3399,0.2612,A,relation-reasoning-agent-eval-v3.1
2026-08-20T00:50:00+09:00,CMP-S02-L05-01,S02,S02-L05,1,running,175.8399,537.9124,103.6069,32.3151,-1.4852,B,relation-reasoning-agent-eval-v3.1
2026-08-20T01:00:00+09:00,CMP-S02-L01-01,S02,S02-L01,1,running,164.1759,477.6205,96.8283,36.2393,-0.5345,A,relation-reasoning-agent-eval-v3.1
2026-08-20T01:00:00+09:00,CMP-S02-L02-01,S02,S02-L02,1,running,152.0906,450.5332,101.0206,40.0739,-0.0127,A,relation-reasoning-agent-eval-v3.1
2026-08-20T01:00:00+09:00,CMP-S02-L03-01,S02,S02-L03,1,running,187.0303,382.1668,103.1974,45.5738,0.7279,A,relation-reasoning-agent-eval-v3.1
2026-08-20T01:00:00+09:00,CMP-S02-L04-01,S02,S02-L04,1,running,181.024,456.6274,105.6925,46.5969,0.8644,A,relation-reasoning-agent-eval-v3.1
2026-08-20T01:00:00+09:00,CMP-S02-L05-01,S02,S02-L05,1,running,192.4766,512.7323,108.1769,36.7572,-0.6625,A,relation-reasoning-agent-eval-v3.1
2026-08-20T01:10:00+09:00,CMP-S02-L01-01,S02,S02-L01,1,running,168.0876,479.2584,89.4175,42.3397,0.5952,A,relation-reasoning-agent-eval-v3.1
2026-08-20T01:10:00+09:00,CMP-S02-L02-01,S02,S02-L02,1,running,145.0285,456.258,89.771,36.3058,-0.7105,A,relation-reasoning-agent-eval-v3.1
2026-08-20T01:10:00+09:00,CMP-S02-L03-01,S02,S02-L03,1,running,178.8728,395.001,99.6467,42.1952,0.1022,A,relation-reasoning-agent-eval-v3.1
2026-08-20T01:10:00+09:00,CMP-S02-L04-01,S02,S02-L04,1,running,172.3734,434.0592,100.8434,52.6823,1.9913,B,relation-reasoning-agent-eval-v3.1
2026-08-20T01:10:00+09:00,CMP-S02-L05-01,S02,S02-L05,1,running,190.8467,470.6133,95.887,33.071,-1.3452,B,relation-reasoning-agent-eval-v3.1
2026-08-20T01:20:00+09:00,CMP-S02-L01-01,S02,S02-L01,1,running,174.7221,497.8174,95.5414,50.2732,2.0644,C,relation-reasoning-agent-eval-v3.1
2026-08-20T01:20:00+09:00,CMP-S02-L02-01,S02,S02-L02,1,running,162.3763,447.5572,95.6941,40.2538,0.0206,A,relation-reasoning-agent-eval-v3.1
2026-08-20T01:20:00+09:00,CMP-S02-L03-01,S02,S02-L03,1,running,175.0262,395.5599,109.7233,31.9781,-1.7898,B,relation-reasoning-agent-eval-v3.1
2026-08-20T01:20:00+09:00,CMP-S02-L04-01,S02,S02-L04,1,running,172.5463,459.1975,106.1392,45.1496,0.5964,A,relation-reasoning-agent-eval-v3.1
2026-08-20T01:20:00+09:00,CMP-S02-L05-01,S02,S02-L05,1,running,188.9602,451.9662,98.3904,34.3678,-1.105,B,relation-reasoning-agent-eval-v3.1
2026-08-20T01:30:00+09:00,CMP-S02-L01-01,S02,S02-L01,1,running,189.7645,514.6498,102.736,49.9354,2.0018,C,relation-reasoning-agent-eval-v3.1
2026-08-20T01:30:00+09:00,CMP-S02-L02-01,S02,S02-L02,1,running,154.1344,457.8617,108.2717,37.1065,-0.5623,A,relation-reasoning-agent-eval-v3.1
2026-08-20T01:30:00+09:00,CMP-S02-L03-01,S02,S02-L03,1,running,195.0787,411.183,104.7005,37.2279,-0.8176,A,relation-reasoning-agent-eval-v3.1
2026-08-20T01:30:00+09:00,CMP-S02-L04-01,S02,S02-L04,1,running,170.6699,449.8925,105.2115,43.8429,0.3544,A,relation-reasoning-agent-eval-v3.1
2026-08-20T01:30:00+09:00,CMP-S02-L05-01,S02,S02-L05,1,running,196.4976,470.8409,99.9521,36.1687,-0.7715,A,relation-reasoning-agent-eval-v3.1
2026-08-20T01:40:00+09:00,CMP-S02-L01-01,S02,S02-L01,1,running,177.3369,473.197,99.4998,37.7602,-0.2529,A,relation-reasoning-agent-eval-v3.1
2026-08-20T01:40:00+09:00,CMP-S02-L02-01,S02,S02-L02,1,running,162.0304,481.8443,99.0331,32.4927,-1.4167,B,relation-reasoning-agent-eval-v3.1
2026-08-20T01:40:00+09:00,CMP-S02-L03-01,S02,S02-L03,1,running,190.8733,420.5188,95.3413,42.9389,0.24,A,relation-reasoning-agent-eval-v3.1
2026-08-20T01:40:00+09:00,CMP-S02-L04-01,S02,S02-L04,1,running,173.9594,397.0191,110.0688,42.7895,0.1593,A,relation-reasoning-agent-eval-v3.1
2026-08-20T01:40:00+09:00,CMP-S02-L05-01,S02,S02-L05,1,running,159.0832,432.7584,97.6118,41.9359,0.2965,A,relation-reasoning-agent-eval-v3.1
2026-08-20T01:50:00+09:00,CMP-S02-L01-01,S02,S02-L01,1,running,187.8035,455.9121,101.2867,32.2684,-1.2699,B,relation-reasoning-agent-eval-v3.1
2026-08-20T01:50:00+09:00,CMP-S02-L02-01,S02,S02-L02,1,running,193.47,465.7732,111.4103,36.4396,-0.6858,A,relation-reasoning-agent-eval-v3.1
2026-08-20T01:50:00+09:00,CMP-S02-L03-01,S02,S02-L03,1,running,187.191,403.4782,88.9124,47.6239,1.1075,B,relation-reasoning-agent-eval-v3.1
2026-08-20T01:50:00+09:00,CMP-S02-L04-01,S02,S02-L04,1,running,182.8672,445.5027,107.0343,40.8022,-0.2087,A,relation-reasoning-agent-eval-v3.1
2026-08-20T01:50:00+09:00,CMP-S02-L05-01,S02,S02-L05,1,running,143.2009,451.0772,94.3763,41.2892,0.1767,A,relation-reasoning-agent-eval-v3.1
2026-08-20T02:00:00+09:00,CMP-S02-L01-01,S02,S02-L01,1,running,187.356,494.1109,107.1443,36.6822,-0.4525,A,relation-reasoning-agent-eval-v3.1
2026-08-20T02:00:00+09:00,CMP-S02-L02-01,S02,S02-L02,1,running,183.3932,502.7337,111.861,40.2779,0.025,A,relation-reasoning-agent-eval-v3.1
2026-08-20T02:00:00+09:00,CMP-S02-L03-01,S02,S02-L03,1,running,192.0254,411.351,90.6357,48.5093,1.2715,B,relation-reasoning-agent-eval-v3.1
2026-08-20T02:00:00+09:00,CMP-S02-L04-01,S02,S02-L04,1,running,179.5585,416.7269,97.9255,38.8103,-0.5776,A,relation-reasoning-agent-eval-v3.1
2026-08-20T02:00:00+09:00,CMP-S02-L05-01,S02,S02-L05,1,running,158.4082,450.0255,86.2823,38.3,-0.3769,A,relation-reasoning-agent-eval-v3.1
2026-08-20T02:10:00+09:00,CMP-S02-L01-01,S02,S02-L01,1,running,173.8706,484.9347,103.5112,42.3442,0.596,A,relation-reasoning-agent-eval-v3.1
2026-08-20T02:10:00+09:00,CMP-S02-L02-01,S02,S02-L02,1,running,198.6073,445.2956,106.4735,42.7004,0.4737,A,relation-reasoning-agent-eval-v3.1
2026-08-20T02:10:00+09:00,CMP-S02-L03-01,S02,S02-L03,1,running,170.8477,438.737,86.3902,51.266,1.782,B,relation-reasoning-agent-eval-v3.1
2026-08-20T02:10:00+09:00,CMP-S02-L04-01,S02,S02-L04,1,running,176.9042,427.6584,96.7752,35.9211,-1.1126,B,relation-reasoning-agent-eval-v3.1
2026-08-20T02:10:00+09:00,CMP-S02-L05-01,S02,S02-L05,1,running,158.2938,474.951,84.9719,38.9809,-0.2508,A,relation-reasoning-agent-eval-v3.1
2026-08-20T02:20:00+09:00,CMP-S02-L01-01,S02,S02-L01,1,running,180.4842,520.517,98.0811,39.7438,0.1145,A,relation-reasoning-agent-eval-v3.1
2026-08-20T02:20:00+09:00,CMP-S02-L02-01,S02,S02-L02,1,running,185.6137,430.9827,110.2112,45.5905,1.0089,B,relation-reasoning-agent-eval-v3.1
2026-08-20T02:20:00+09:00,CMP-S02-L03-01,S02,S02-L03,1,running,158.9468,404.1904,90.207,49.7711,1.5052,B,relation-reasoning-agent-eval-v3.1
2026-08-20T02:20:00+09:00,CMP-S02-L04-01,S02,S02-L04,1,running,186.6369,465.9593,98.0577,37.4424,-0.8309,A,relation-reasoning-agent-eval-v3.1
2026-08-20T02:20:00+09:00,CMP-S02-L05-01,S02,S02-L05,1,running,139.4803,459.7931,85.8991,34.7508,-1.0341,B,relation-reasoning-agent-eval-v3.1
2026-08-20T02:30:00+09:00,CMP-S02-L01-01,S02,S02-L01,1,running,208.0989,521.3192,98.7987,35.8544,-0.6058,A,relation-reasoning-agent-eval-v3.1
2026-08-20T02:30:00+09:00,CMP-S02-L02-01,S02,S02-L02,1,running,161.0455,368.2315,115.7153,35.8878,-0.7879,A,relation-reasoning-agent-eval-v3.1
2026-08-20T02:30:00+09:00,CMP-S02-L03-01,S02,S02-L03,1,running,168.9374,400.3099,96.8004,48.6831,1.3037,B,relation-reasoning-agent-eval-v3.1
2026-08-20T02:30:00+09:00,CMP-S02-L04-01,S02,S02-L04,1,running,199.9904,466.349,106.4866,37.7973,-0.7652,A,relation-reasoning-agent-eval-v3.1
2026-08-20T02:30:00+09:00,CMP-S02-L05-01,S02,S02-L05,1,running,143.3302,461.0734,86.2711,36.8429,-0.6467,A,relation-reasoning-agent-eval-v3.1
2026-08-20T02:40:00+09:00,CMP-S02-L01-01,S02,S02-L01,1,running,207.2816,487.6785,106.7782,38.2002,-0.1714,A,relation-reasoning-agent-eval-v3.1
2026-08-20T02:40:00+09:00,CMP-S02-L02-01,S02,S02-L02,1,running,170.0881,408.9582,105.7119,33.118,-1.3009,B,relation-reasoning-agent-eval-v3.1
2026-08-20T02:40:00+09:00,CMP-S02-L03-01,S02,S02-L03,1,running,172.0769,404.6721,92.4293,41.4504,-0.0357,A,relation-reasoning-agent-eval-v3.1
2026-08-20T02:40:00+09:00,CMP-S02-L04-01,S02,S02-L04,1,running,179.491,488.1696,105.9195,35.5194,-1.187,B,relation-reasoning-agent-eval-v3.1
2026-08-20T02:40:00+09:00,CMP-S02-L05-01,S02,S02-L05,1,running,164.9123,458.719,88.3268,40.3074,-0.0051,A,relation-reasoning-agent-eval-v3.1
2026-08-20T02:50:00+09:00,CMP-S02-L01-01,S02,S02-L01,1,running,192.5443,510.7177,105.1111,39.9165,0.1465,A,relation-reasoning-agent-eval-v3.1
2026-08-20T02:50:00+09:00,CMP-S02-L02-01,S02,S02-L02,1,running,166.9047,418.9621,113.0403,33.4427,-1.2407,B,relation-reasoning-agent-eval-v3.1
2026-08-20T02:50:00+09:00,CMP-S02-L03-01,S02,S02-L03,1,running,171.8571,474.252,90.1784,38.775,-0.5311,A,relation-reasoning-agent-eval-v3.1
2026-08-20T02:50:00+09:00,CMP-S02-L04-01,S02,S02-L04,1,running,191.9411,482.0582,114.4375,30.3693,-2.1407,C,relation-reasoning-agent-eval-v3.1
2026-08-20T02:50:00+09:00,CMP-S02-L05-01,S02,S02-L05,1,running,154.0201,435.3442,95.6391,43.1918,0.529,A,relation-reasoning-agent-eval-v3.1
2026-08-20T03:00:00+09:00,CMP-S02-L01-01,S02,S02-L01,1,running,180.0818,505.4694,106.5971,45.7059,1.2186,B,relation-reasoning-agent-eval-v3.1
2026-08-20T03:00:00+09:00,CMP-S02-L02-01,S02,S02-L02,1,running,170.7109,379.2963,106.2444,36.4354,-0.6865,A,relation-reasoning-agent-eval-v3.1
2026-08-20T03:00:00+09:00,CMP-S02-L03-01,S02,S02-L03,1,running,153.2307,471.8703,85.3696,37.9907,-0.6764,A,relation-reasoning-agent-eval-v3.1
2026-08-20T03:00:00+09:00,CMP-S02-L04-01,S02,S02-L04,1,running,182.5127,504.9171,106.5317,29.4157,-2.3173,C,relation-reasoning-agent-eval-v3.1
2026-08-20T03:00:00+09:00,CMP-S02-L05-01,S02,S02-L05,1,running,159.2156,464.0324,99.3066,38.4856,-0.3425,A,relation-reasoning-agent-eval-v3.1
2026-08-20T03:10:00+09:00,CMP-S02-L01-01,S02,S02-L01,1,running,159.1661,492.9354,108.5964,46.1351,1.2981,B,relation-reasoning-agent-eval-v3.1
2026-08-20T03:10:00+09:00,CMP-S02-L02-01,S02,S02-L02,1,running,158.0541,402.5752,107.3813,40.1139,-0.0053,A,relation-reasoning-agent-eval-v3.1
2026-08-20T03:10:00+09:00,CMP-S02-L03-01,S02,S02-L03,1,running,164.4039,507.157,95.6895,43.2151,0.2911,A,relation-reasoning-agent-eval-v3.1
2026-08-20T03:10:00+09:00,CMP-S02-L04-01,S02,S02-L04,1,running,171.8472,491.1767,109.7336,36.1663,-1.0672,B,relation-reasoning-agent-eval-v3.1
2026-08-20T03:10:00+09:00,CMP-S02-L05-01,S02,S02-L05,1,running,141.7858,474.6587,99.4713,43.6435,0.6127,A,relation-reasoning-agent-eval-v3.1
2026-08-20T03:20:00+09:00,CMP-S02-L01-01,S02,S02-L01,1,running,163.642,511.7803,102.9671,48.6786,1.7691,B,relation-reasoning-agent-eval-v3.1
2026-08-20T03:20:00+09:00,CMP-S02-L02-01,S02,S02-L02,1,running,167.1164,376.7102,110.146,43.101,0.5478,A,relation-reasoning-agent-eval-v3.1
2026-08-20T03:20:00+09:00,CMP-S02-L03-01,S02,S02-L03,1,running,169.8988,505.0472,97.0398,43.3556,0.3171,A,relation-reasoning-agent-eval-v3.1
2026-08-20T03:20:00+09:00,CMP-S02-L04-01,S02,S02-L04,1,running,176.4183,450.2152,100.4774,33.6693,-1.5296,B,relation-reasoning-agent-eval-v3.1
2026-08-20T03:20:00+09:00,CMP-S02-L05-01,S02,S02-L05,1,running,148.0488,504.2851,100.7835,43.5098,0.5879,A,relation-reasoning-agent-eval-v3.1
2026-08-20T03:30:00+09:00,CMP-S02-L01-01,S02,S02-L01,1,running,180.9172,509.2437,102.337,49.3335,1.8903,B,relation-reasoning-agent-eval-v3.1
2026-08-20T03:30:00+09:00,CMP-S02-L02-01,S02,S02-L02,1,running,195.6676,366.4913,107.5433,39.2158,-0.1717,A,relation-reasoning-agent-eval-v3.1
2026-08-20T03:30:00+09:00,CMP-S02-L03-01,S02,S02-L03,1,running,169.9551,503.8983,101.7692,40.4155,-0.2273,A,relation-reasoning-agent-eval-v3.1
2026-08-20T03:30:00+09:00,CMP-S02-L04-01,S02,S02-L04,1,running,162.914,509.1296,104.488,33.6471,-1.5337,B,relation-reasoning-agent-eval-v3.1
2026-08-20T03:30:00+09:00,CMP-S02-L05-01,S02,S02-L05,1,running,154.8352,531.3895,100.1806,46.0781,1.0635,B,relation-reasoning-agent-eval-v3.1
2026-08-20T03:40:00+09:00,CMP-S02-L01-01,S02,S02-L01,1,running,182.8414,474.5354,104.4228,44.3949,0.9758,A,relation-reasoning-agent-eval-v3.1
2026-08-20T03:40:00+09:00,CMP-S02-L02-01,S02,S02-L02,1,running,189.2805,414.7963,105.9602,40.7149,0.106,A,relation-reasoning-agent-eval-v3.1
2026-08-20T03:40:00+09:00,CMP-S02-L03-01,S02,S02-L03,1,running,167.0043,502.1531,104.3335,41.4926,-0.0279,A,relation-reasoning-agent-eval-v3.1
2026-08-20T03:40:00+09:00,CMP-S02-L04-01,S02,S02-L04,1,running,176.5719,519.4913,101.0326,39.5332,-0.4437,A,relation-reasoning-agent-eval-v3.1
2026-08-20T03:40:00+09:00,CMP-S02-L05-01,S02,S02-L05,1,running,170.4045,493.7506,93.3983,42.6597,0.4305,A,relation-reasoning-agent-eval-v3.1
2026-08-20T03:50:00+09:00,CMP-S02-L01-01,S02,S02-L01,1,running,170.1196,454.7277,104.0818,45.2326,1.1309,B,relation-reasoning-agent-eval-v3.1
2026-08-20T03:50:00+09:00,CMP-S02-L02-01,S02,S02-L02,1,running,173.1037,401.2672,98.1526,47.1652,1.3005,B,relation-reasoning-agent-eval-v3.1
2026-08-20T03:50:00+09:00,CMP-S02-L03-01,S02,S02-L03,1,running,166.9757,485.5802,97.6187,42.2229,0.1073,A,relation-reasoning-agent-eval-v3.1
2026-08-20T03:50:00+09:00,CMP-S02-L04-01,S02,S02-L04,1,running,176.673,512.8017,95.0615,46.1112,0.7745,A,relation-reasoning-agent-eval-v3.1
2026-08-20T03:50:00+09:00,CMP-S02-L05-01,S02,S02-L05,1,running,169.7488,445.5228,92.1905,40.5955,0.0482,A,relation-reasoning-agent-eval-v3.1
2026-08-20T04:00:00+09:00,CMP-S02-L01-01,S02,S02-L01,1,running,161.9281,456.4561,95.3258,43.7854,0.8629,A,relation-reasoning-agent-eval-v3.1
2026-08-20T04:00:00+09:00,CMP-S02-L02-01,S02,S02-L02,1,running,158.4842,417.9473,99.6837,42.1436,0.3705,A,relation-reasoning-agent-eval-v3.1
2026-08-20T04:00:00+09:00,CMP-S02-L03-01,S02,S02-L03,1,running,170.986,453.2638,88.7311,40.8793,-0.1415,A,relation-reasoning-agent-eval-v3.1
2026-08-20T04:00:00+09:00,CMP-S02-L04-01,S02,S02-L04,1,running,185.2819,541.1892,99.2127,48.5225,1.221,B,relation-reasoning-agent-eval-v3.1
2026-08-20T04:00:00+09:00,CMP-S02-L05-01,S02,S02-L05,1,running,143.2271,392.0284,91.4861,45.7836,1.009,B,relation-reasoning-agent-eval-v3.1
2026-08-20T04:10:00+09:00,CMP-S02-L01-01,S02,S02-L01,1,running,157.3976,421.9563,96.4228,37.1411,-0.3675,A,relation-reasoning-agent-eval-v3.1
2026-08-20T04:10:00+09:00,CMP-S02-L02-01,S02,S02-L02,1,running,163.613,446.9453,104.7008,47.3743,1.3392,B,relation-reasoning-agent-eval-v3.1
2026-08-20T04:10:00+09:00,CMP-S02-L03-01,S02,S02-L03,1,running,178.5694,412.3983,91.784,47.5961,1.1024,B,relation-reasoning-agent-eval-v3.1
2026-08-20T04:10:00+09:00,CMP-S02-L04-01,S02,S02-L04,1,running,192.3189,552.5385,98.3471,42.0716,0.0264,A,relation-reasoning-agent-eval-v3.1
2026-08-20T04:10:00+09:00,CMP-S02-L05-01,S02,S02-L05,1,running,163.0725,414.5205,100.2351,46.1214,1.0715,B,relation-reasoning-agent-eval-v3.1
2026-08-20T04:20:00+09:00,CMP-S02-L01-01,S02,S02-L01,1,running,156.0855,372.9607,98.9063,39.7798,0.1211,A,relation-reasoning-agent-eval-v3.1
2026-08-20T04:20:00+09:00,CMP-S02-L02-01,S02,S02-L02,1,running,171.4109,434.9677,102.3275,51.5947,2.1207,C,relation-reasoning-agent-eval-v3.1
2026-08-20T04:20:00+09:00,CMP-S02-L03-01,S02,S02-L03,1,running,163.3869,442.7403,93.5601,42.74,0.2031,A,relation-reasoning-agent-eval-v3.1
2026-08-20T04:20:00+09:00,CMP-S02-L04-01,S02,S02-L04,1,running,194.5855,528.3694,99.1231,42.9836,0.1953,A,relation-reasoning-agent-eval-v3.1
2026-08-20T04:20:00+09:00,CMP-S02-L05-01,S02,S02-L05,1,running,167.0435,451.7929,100.0436,46.5752,1.1556,B,relation-reasoning-agent-eval-v3.1
2026-08-20T04:30:00+09:00,CMP-S02-L01-01,S02,S02-L01,1,running,164.2052,420.7721,103.6292,41.4554,0.4314,A,relation-reasoning-agent-eval-v3.1
2026-08-20T04:30:00+09:00,CMP-S02-L02-01,S02,S02-L02,1,running,172.0407,427.9922,101.2232,51.3918,2.0832,C,relation-reasoning-agent-eval-v3.1
2026-08-20T04:30:00+09:00,CMP-S02-L03-01,S02,S02-L03,1,running,167.8303,386.252,102.0996,42.0741,0.0798,A,relation-reasoning-agent-eval-v3.1
2026-08-20T04:30:00+09:00,CMP-S02-L04-01,S02,S02-L04,1,running,180.3434,516.4906,98.8991,40.6312,-0.2404,A,relation-reasoning-agent-eval-v3.1
2026-08-20T04:30:00+09:00,CMP-S02-L05-01,S02,S02-L05,1,running,168.5687,432.9765,99.6275,44.6466,0.7984,A,relation-reasoning-agent-eval-v3.1
2026-08-20T04:40:00+09:00,CMP-S02-L01-01,S02,S02-L01,1,running,164.6015,462.0302,99.7293,47.8943,1.6238,B,relation-reasoning-agent-eval-v3.1
2026-08-20T04:40:00+09:00,CMP-S02-L02-01,S02,S02-L02,1,running,181.8281,389.5597,102.431,45.5256,0.9968,A,relation-reasoning-agent-eval-v3.1
2026-08-20T04:40:00+09:00,CMP-S02-L03-01,S02,S02-L03,1,running,186.707,420.8329,109.9076,40.3497,-0.2395,A,relation-reasoning-agent-eval-v3.1
2026-08-20T04:40:00+09:00,CMP-S02-L04-01,S02,S02-L04,1,running,190.4734,518.2289,98.0347,41.1282,-0.1483,A,relation-reasoning-agent-eval-v3.1
2026-08-20T04:40:00+09:00,CMP-S02-L05-01,S02,S02-L05,1,running,149.0366,485.9452,105.9776,40.3191,-0.0029,A,relation-reasoning-agent-eval-v3.1
2026-08-20T04:50:00+09:00,CMP-S02-L01-01,S02,S02-L01,1,running,160.1237,420.7506,101.2339,49.8228,1.981,B,relation-reasoning-agent-eval-v3.1
2026-08-20T04:50:00+09:00,CMP-S02-L02-01,S02,S02-L02,1,running,181.6509,410.1831,104.8734,40.5203,0.0699,A,relation-reasoning-agent-eval-v3.1
2026-08-20T04:50:00+09:00,CMP-S02-L03-01,S02,S02-L03,1,running,190.6068,368.2445,111.7768,42.0817,0.0812,A,relation-reasoning-agent-eval-v3.1
2026-08-20T04:50:00+09:00,CMP-S02-L04-01,S02,S02-L04,1,running,197.4792,496.5265,103.0148,43.7755,0.3419,A,relation-reasoning-agent-eval-v3.1
2026-08-20T04:50:00+09:00,CMP-S02-L05-01,S02,S02-L05,1,running,156.9893,504.7922,109.3483,38.9958,-0.248,A,relation-reasoning-agent-eval-v3.1
2026-08-20T05:00:00+09:00,CMP-S02-L01-01,S02,S02-L01,1,running,178.7599,439.6627,98.1861,46.0858,1.2889,B,relation-reasoning-agent-eval-v3.1
2026-08-20T05:00:00+09:00,CMP-S02-L02-01,S02,S02-L02,1,running,164.6503,444.2457,102.5849,38.1186,-0.3748,A,relation-reasoning-agent-eval-v3.1
2026-08-20T05:00:00+09:00,CMP-S02-L03-01,S02,S02-L03,1,running,192.3633,353.3517,108.2857,42.2932,0.1204,A,relation-reasoning-agent-eval-v3.1
2026-08-20T05:00:00+09:00,CMP-S02-L04-01,S02,S02-L04,1,running,186.4396,464.6774,106.718,44.9699,0.5631,A,relation-reasoning-agent-eval-v3.1
2026-08-20T05:00:00+09:00,CMP-S02-L05-01,S02,S02-L05,1,running,172.0059,543.8811,110.801,39.1756,-0.2147,A,relation-reasoning-agent-eval-v3.1
2026-08-20T05:10:00+09:00,CMP-S02-L01-01,S02,S02-L01,1,running,182.5323,467.8362,96.7126,45.4255,1.1666,B,relation-reasoning-agent-eval-v3.1
2026-08-20T05:10:00+09:00,CMP-S02-L02-01,S02,S02-L02,1,running,172.6894,375.1202,102.4227,38.5539,-0.2942,A,relation-reasoning-agent-eval-v3.1
2026-08-20T05:10:00+09:00,CMP-S02-L03-01,S02,S02-L03,1,running,192.9329,421.3195,106.1586,41.2456,-0.0736,A,relation-reasoning-agent-eval-v3.1
2026-08-20T05:10:00+09:00,CMP-S02-L04-01,S02,S02-L04,1,running,165.1399,454.2653,104.9851,41.8709,-0.0108,A,relation-reasoning-agent-eval-v3.1
2026-08-20T05:10:00+09:00,CMP-S02-L05-01,S02,S02-L05,1,running,169.9058,529.5268,108.8213,35.2379,-0.9439,A,relation-reasoning-agent-eval-v3.1
2026-08-20T05:20:00+09:00,CMP-S02-L01-01,S02,S02-L01,1,running,167.3987,487.5271,100.4127,36.373,-0.5097,A,relation-reasoning-agent-eval-v3.1
2026-08-20T05:20:00+09:00,CMP-S02-L02-01,S02,S02-L02,1,running,172.3857,413.8333,106.013,38.7303,-0.2615,A,relation-reasoning-agent-eval-v3.1
2026-08-20T05:20:00+09:00,CMP-S02-L03-01,S02,S02-L03,1,running,186.5552,418.0953,99.9612,38.2764,-0.6235,A,relation-reasoning-agent-eval-v3.1
2026-08-20T05:20:00+09:00,CMP-S02-L04-01,S02,S02-L04,1,running,172.597,437.4038,103.5033,37.62,-0.798,A,relation-reasoning-agent-eval-v3.1
2026-08-20T05:20:00+09:00,CMP-S02-L05-01,S02,S02-L05,1,running,156.5345,559.0326,104.7538,35.9969,-0.8034,A,relation-reasoning-agent-eval-v3.1
2026-08-20T05:30:00+09:00,CMP-S02-L01-01,S02,S02-L01,1,running,156.104,506.5203,112.9016,34.9672,-0.7701,A,relation-reasoning-agent-eval-v3.1
2026-08-20T05:30:00+09:00,CMP-S02-L02-01,S02,S02-L02,1,running,157.8508,439.1038,96.4959,48.1374,1.4805,B,relation-reasoning-agent-eval-v3.1
2026-08-20T05:30:00+09:00,CMP-S02-L03-01,S02,S02-L03,1,running,176.955,426.3659,98.7732,46.958,0.9842,A,relation-reasoning-agent-eval-v3.1
2026-08-20T05:30:00+09:00,CMP-S02-L04-01,S02,S02-L04,1,running,166.0509,416.521,101.2303,41.1269,-0.1486,A,relation-reasoning-agent-eval-v3.1
2026-08-20T05:30:00+09:00,CMP-S02-L05-01,S02,S02-L05,1,running,146.0872,555.7574,100.9084,32.0968,-1.5256,B,relation-reasoning-agent-eval-v3.1
2026-08-20T05:40:00+09:00,CMP-S02-L01-01,S02,S02-L01,1,running,159.9801,514.6342,108.6171,34.6976,-0.82,A,relation-reasoning-agent-eval-v3.1
2026-08-20T05:40:00+09:00,CMP-S02-L02-01,S02,S02-L02,1,running,151.0611,446.4805,102.237,46.5998,1.1958,B,relation-reasoning-agent-eval-v3.1
2026-08-20T05:40:00+09:00,CMP-S02-L03-01,S02,S02-L03,1,running,173.5266,453.4755,96.0527,47.2899,1.0457,B,relation-reasoning-agent-eval-v3.1
2026-08-20T05:40:00+09:00,CMP-S02-L04-01,S02,S02-L04,1,running,159.075,375.636,97.7791,48.4699,1.2113,B,relation-reasoning-agent-eval-v3.1
2026-08-20T05:40:00+09:00,CMP-S02-L05-01,S02,S02-L05,1,running,164.2518,505.4058,108.4879,36.5016,-0.7099,A,relation-reasoning-agent-eval-v3.1
2026-08-20T05:50:00+09:00,CMP-S02-L01-01,S02,S02-L01,1,running,165.5776,483.5452,107.7294,35.8924,-0.5988,A,relation-reasoning-agent-eval-v3.1
2026-08-20T05:50:00+09:00,CMP-S02-L02-01,S02,S02-L02,1,running,155.6743,477.3322,100.1435,46.9482,1.2603,B,relation-reasoning-agent-eval-v3.1
2026-08-20T05:50:00+09:00,CMP-S02-L03-01,S02,S02-L03,1,running,187.6476,465.4197,91.2041,51.2084,1.7713,B,relation-reasoning-agent-eval-v3.1
2026-08-20T05:50:00+09:00,CMP-S02-L04-01,S02,S02-L04,1,running,169.3682,415.9586,97.6826,45.6448,0.6881,A,relation-reasoning-agent-eval-v3.1
2026-08-20T05:50:00+09:00,CMP-S02-L05-01,S02,S02-L05,1,running,166.6118,504.2213,104.2652,38.3787,-0.3623,A,relation-reasoning-agent-eval-v3.1
2026-08-20T06:00:00+09:00,CMP-S02-L01-01,S02,S02-L01,1,running,170.1639,468.2243,105.1032,38.5648,-0.1039,A,relation-reasoning-agent-eval-v3.1
2026-08-20T06:00:00+09:00,CMP-S02-L02-01,S02,S02-L02,1,running,152.8438,474.6596,99.7185,45.5829,1.0074,B,relation-reasoning-agent-eval-v3.1
2026-08-20T06:00:00+09:00,CMP-S02-L03-01,S02,S02-L03,1,running,179.2637,487.4229,92.5438,48.6853,1.3041,B,relation-reasoning-agent-eval-v3.1
2026-08-20T06:00:00+09:00,CMP-S02-L04-01,S02,S02-L04,1,running,163.1206,466.1236,100.0658,47.7658,1.0809,B,relation-reasoning-agent-eval-v3.1
2026-08-20T06:00:00+09:00,CMP-S02-L05-01,S02,S02-L05,1,running,161.4741,483.703,98.7631,35.316,-0.9294,A,relation-reasoning-agent-eval-v3.1
2026-08-20T06:10:00+09:00,CMP-S02-L01-01,S02,S02-L01,1,running,149.474,430.0736,107.2713,32.1859,-1.2851,B,relation-reasoning-agent-eval-v3.1
2026-08-20T06:10:00+09:00,CMP-S02-L02-01,S02,S02-L02,1,running,152.1631,424.5994,107.5242,47.9424,1.4444,B,relation-reasoning-agent-eval-v3.1
2026-08-20T06:10:00+09:00,CMP-S02-L03-01,S02,S02-L03,1,running,199.5049,444.1026,95.6237,44.5668,0.5414,A,relation-reasoning-agent-eval-v3.1
2026-08-20T06:10:00+09:00,CMP-S02-L04-01,S02,S02-L04,1,running,169.4804,446.5949,100.6368,46.9446,0.9288,A,relation-reasoning-agent-eval-v3.1
2026-08-20T06:10:00+09:00,CMP-S02-L05-01,S02,S02-L05,1,running,164.5127,479.3471,95.1243,44.2352,0.7223,A,relation-reasoning-agent-eval-v3.1
2026-08-20T06:20:00+09:00,CMP-S02-L01-01,S02,S02-L01,1,running,148.3696,423.5352,110.5587,33.1073,-1.1145,B,relation-reasoning-agent-eval-v3.1
2026-08-20T06:20:00+09:00,CMP-S02-L02-01,S02,S02-L02,1,running,161.1166,393.0928,113.3221,46.83,1.2384,B,relation-reasoning-agent-eval-v3.1
2026-08-20T06:20:00+09:00,CMP-S02-L03-01,S02,S02-L03,1,running,198.2506,443.5641,99.1229,39.3223,-0.4298,A,relation-reasoning-agent-eval-v3.1
2026-08-20T06:20:00+09:00,CMP-S02-L04-01,S02,S02-L04,1,running,180.0238,467.4317,101.6714,46.6956,0.8827,A,relation-reasoning-agent-eval-v3.1
2026-08-20T06:20:00+09:00,CMP-S02-L05-01,S02,S02-L05,1,running,156.1145,518.0062,94.0752,42.4658,0.3946,A,relation-reasoning-agent-eval-v3.1
2026-08-20T06:30:00+09:00,CMP-S02-L01-01,S02,S02-L01,1,running,159.9368,435.5486,106.4095,26.3306,-2.3695,C,relation-reasoning-agent-eval-v3.1
2026-08-20T06:30:00+09:00,CMP-S02-L02-01,S02,S02-L02,1,running,163.1675,363.7351,112.8807,53.7716,2.5239,C,relation-reasoning-agent-eval-v3.1
2026-08-20T06:30:00+09:00,CMP-S02-L03-01,S02,S02-L03,1,running,181.4661,416.9946,102.4494,42.522,0.1627,A,relation-reasoning-agent-eval-v3.1
2026-08-20T06:30:00+09:00,CMP-S02-L04-01,S02,S02-L04,1,running,164.8853,491.2357,111.2983,44.0036,0.3842,A,relation-reasoning-agent-eval-v3.1
2026-08-20T06:30:00+09:00,CMP-S02-L05-01,S02,S02-L05,1,running,163.9351,517.3367,99.3817,40.0533,-0.0522,A,relation-reasoning-agent-eval-v3.1
2026-08-20T06:40:00+09:00,CMP-S02-L01-01,S02,S02-L01,1,running,163.8847,422.4882,102.7071,29.4567,-1.7905,B,relation-reasoning-agent-eval-v3.1
2026-08-20T06:40:00+09:00,CMP-S02-L02-01,S02,S02-L02,1,running,161.6003,396.2787,115.2057,53.4684,2.4677,C,relation-reasoning-agent-eval-v3.1
2026-08-20T06:40:00+09:00,CMP-S02-L03-01,S02,S02-L03,1,running,164.2302,426.9464,101.384,43.6075,0.3638,A,relation-reasoning-agent-eval-v3.1
2026-08-20T06:40:00+09:00,CMP-S02-L04-01,S02,S02-L04,1,running,164.0207,479.5392,113.0456,46.7563,0.8939,A,relation-reasoning-agent-eval-v3.1
2026-08-20T06:40:00+09:00,CMP-S02-L05-01,S02,S02-L05,1,running,159.1711,514.5906,98.2139,44.295,0.7333,A,relation-reasoning-agent-eval-v3.1
2026-08-20T06:50:00+09:00,CMP-S02-L01-01,S02,S02-L01,1,running,158.6528,445.4162,95.2276,32.7428,-1.182,B,relation-reasoning-agent-eval-v3.1
2026-08-20T06:50:00+09:00,CMP-S02-L02-01,S02,S02-L02,1,running,166.9328,411.8205,109.9758,46.7614,1.2257,B,relation-reasoning-agent-eval-v3.1
2026-08-20T06:50:00+09:00,CMP-S02-L03-01,S02,S02-L03,1,running,157.2726,420.2363,99.3507,48.3682,1.2454,B,relation-reasoning-agent-eval-v3.1
2026-08-20T06:50:00+09:00,CMP-S02-L04-01,S02,S02-L04,1,running,158.8584,431.6791,111.4122,43.505,0.2918,A,relation-reasoning-agent-eval-v3.1
2026-08-20T06:50:00+09:00,CMP-S02-L05-01,S02,S02-L05,1,running,171.6114,485.6333,100.3479,50.7562,1.9299,B,relation-reasoning-agent-eval-v3.1
2026-08-20T07:00:00+09:00,CMP-S02-L01-01,S02,S02-L01,1,running,170.9203,416.987,91.3514,40.1806,0.1954,A,relation-reasoning-agent-eval-v3.1
2026-08-20T07:00:00+09:00,CMP-S02-L02-01,S02,S02-L02,1,running,184.7978,420.3015,103.7435,47.7264,1.4044,B,relation-reasoning-agent-eval-v3.1
2026-08-20T07:00:00+09:00,CMP-S02-L03-01,S02,S02-L03,1,running,177.3322,427.779,99.0424,48.0849,1.1929,B,relation-reasoning-agent-eval-v3.1
2026-08-20T07:00:00+09:00,CMP-S02-L04-01,S02,S02-L04,1,running,159.3488,463.1375,109.1636,39.325,-0.4822,A,relation-reasoning-agent-eval-v3.1
2026-08-20T07:00:00+09:00,CMP-S02-L05-01,S02,S02-L05,1,running,156.6568,452.9914,95.4747,54.2384,2.5747,C,relation-reasoning-agent-eval-v3.1
2026-08-20T07:10:00+09:00,CMP-S02-L01-01,S02,S02-L01,1,running,177.6062,418.7803,91.0601,37.6478,-0.2737,A,relation-reasoning-agent-eval-v3.1
2026-08-20T07:10:00+09:00,CMP-S02-L02-01,S02,S02-L02,1,running,178.0274,435.383,105.0151,44.5628,0.8185,A,relation-reasoning-agent-eval-v3.1
2026-08-20T07:10:00+09:00,CMP-S02-L03-01,S02,S02-L03,1,running,163.3543,465.6328,99.1033,42.1241,0.089,A,relation-reasoning-agent-eval-v3.1
2026-08-20T07:10:00+09:00,CMP-S02-L04-01,S02,S02-L04,1,running,157.0159,440.4136,104.3101,40.1173,-0.3355,A,relation-reasoning-agent-eval-v3.1
2026-08-20T07:10:00+09:00,CMP-S02-L05-01,S02,S02-L05,1,running,153.3776,445.8356,98.2534,46.1665,1.0799,B,relation-reasoning-agent-eval-v3.1
2026-08-20T07:20:00+09:00,CMP-S02-L01-01,S02,S02-L01,1,running,173.4523,430.227,93.7055,31.6173,-1.3904,B,relation-reasoning-agent-eval-v3.1
2026-08-20T07:20:00+09:00,CMP-S02-L02-01,S02,S02-L02,1,running,161.9865,470.4019,108.7868,35.8584,-0.7934,A,relation-reasoning-agent-eval-v3.1
2026-08-20T07:20:00+09:00,CMP-S02-L03-01,S02,S02-L03,1,running,171.6169,463.1428,97.9123,42.9987,0.251,A,relation-reasoning-agent-eval-v3.1
2026-08-20T07:20:00+09:00,CMP-S02-L04-01,S02,S02-L04,1,running,172.285,459.7035,98.0137,43.8616,0.3579,A,relation-reasoning-agent-eval-v3.1
2026-08-20T07:20:00+09:00,CMP-S02-L05-01,S02,S02-L05,1,running,186.5307,456.4674,102.6709,47.0417,1.242,B,relation-reasoning-agent-eval-v3.1
2026-08-20T07:30:00+09:00,CMP-S02-L01-01,S02,S02-L01,1,running,171.1928,408.2196,87.8795,33.1685,-1.1032,B,relation-reasoning-agent-eval-v3.1
2026-08-20T07:30:00+09:00,CMP-S02-L02-01,S02,S02-L02,1,running,167.8246,476.1551,110.4144,28.8604,-2.0893,C,relation-reasoning-agent-eval-v3.1
2026-08-20T07:30:00+09:00,CMP-S02-L03-01,S02,S02-L03,1,running,173.2624,495.4956,102.9351,41.2896,-0.0655,A,relation-reasoning-agent-eval-v3.1
2026-08-20T07:30:00+09:00,CMP-S02-L04-01,S02,S02-L04,1,running,160.3973,426.5375,99.5934,38.7437,-0.5899,A,relation-reasoning-agent-eval-v3.1
2026-08-20T07:30:00+09:00,CMP-S02-L05-01,S02,S02-L05,1,running,174.3948,443.1764,100.7618,48.6181,1.5339,B,relation-reasoning-agent-eval-v3.1
2026-08-20T07:40:00+09:00,CMP-S02-L01-01,S02,S02-L01,1,running,179.4828,353.8104,92.9888,34.2873,-0.896,A,relation-reasoning-agent-eval-v3.1
2026-08-20T07:40:00+09:00,CMP-S02-L02-01,S02,S02-L02,1,running,155.5035,514.7483,102.93,34.8078,-0.9879,A,relation-reasoning-agent-eval-v3.1
2026-08-20T07:40:00+09:00,CMP-S02-L03-01,S02,S02-L03,1,running,192.0582,460.6896,104.3919,37.9801,-0.6783,A,relation-reasoning-agent-eval-v3.1
2026-08-20T07:40:00+09:00,CMP-S02-L04-01,S02,S02-L04,1,running,169.3749,434.0779,102.2698,36.3375,-1.0355,B,relation-reasoning-agent-eval-v3.1
2026-08-20T07:40:00+09:00,CMP-S02-L05-01,S02,S02-L05,1,running,183.9888,474.2974,98.3614,45.4268,0.9429,A,relation-reasoning-agent-eval-v3.1
2026-08-20T07:50:00+09:00,CMP-S02-L01-01,S02,S02-L01,1,running,181.4338,346.0088,98.5326,36.8413,-0.423,A,relation-reasoning-agent-eval-v3.1
2026-08-20T07:50:00+09:00,CMP-S02-L02-01,S02,S02-L02,1,running,173.9831,493.3566,98.4609,36.4465,-0.6845,A,relation-reasoning-agent-eval-v3.1
2026-08-20T07:50:00+09:00,CMP-S02-L03-01,S02,S02-L03,1,running,199.2938,440.5269,102.7185,34.5729,-1.3093,B,relation-reasoning-agent-eval-v3.1
2026-08-20T07:50:00+09:00,CMP-S02-L04-01,S02,S02-L04,1,running,170.2161,460.54,103.3444,33.5282,-1.5557,B,relation-reasoning-agent-eval-v3.1
2026-08-20T07:50:00+09:00,CMP-S02-L05-01,S02,S02-L05,1,running,177.8819,476.4668,93.9989,43.3762,0.5632,A,relation-reasoning-agent-eval-v3.1
2026-08-20T08:00:00+09:00,CMP-S02-L01-01,S02,S02-L01,1,running,173.3666,392.9946,92.5047,35.5264,-0.6665,A,relation-reasoning-agent-eval-v3.1
2026-08-20T08:00:00+09:00,CMP-S02-L02-01,S02,S02-L02,1,running,173.9847,478.6797,102.2598,34.3335,-1.0758,B,relation-reasoning-agent-eval-v3.1
2026-08-20T08:00:00+09:00,CMP-S02-L03-01,S02,S02-L03,1,running,193.8086,361.6425,106.0467,33.3365,-1.5383,B,relation-reasoning-agent-eval-v3.1
2026-08-20T08:00:00+09:00,CMP-S02-L04-01,S02,S02-L04,1,running,179.4211,456.2744,103.7941,35.7515,-1.144,B,relation-reasoning-agent-eval-v3.1
2026-08-20T08:00:00+09:00,CMP-S02-L05-01,S02,S02-L05,1,running,178.1105,450.5474,96.5397,40.7578,0.0783,A,relation-reasoning-agent-eval-v3.1
2026-08-20T08:10:00+09:00,CMP-S02-L01-01,S02,S02-L01,1,running,177.8137,378.0984,96.2221,37.4943,-0.3021,A,relation-reasoning-agent-eval-v3.1
2026-08-20T08:10:00+09:00,CMP-S02-L02-01,S02,S02-L02,1,running,172.0708,486.7403,100.6584,39.8314,-0.0576,A,relation-reasoning-agent-eval-v3.1
2026-08-20T08:10:00+09:00,CMP-S02-L03-01,S02,S02-L03,1,running,177.8629,404.9792,98.7282,37.2906,-0.806,A,relation-reasoning-agent-eval-v3.1
2026-08-20T08:10:00+09:00,CMP-S02-L04-01,S02,S02-L04,1,running,170.8386,418.8313,103.8226,31.4563,-1.9394,B,relation-reasoning-agent-eval-v3.1
2026-08-20T08:10:00+09:00,CMP-S02-L05-01,S02,S02-L05,1,running,169.4199,422.2045,87.9226,41.3833,0.1941,A,relation-reasoning-agent-eval-v3.1
2026-08-20T08:20:00+09:00,CMP-S02-L01-01,S02,S02-L01,1,running,175.8359,414.8473,93.5231,42.8319,0.6864,A,relation-reasoning-agent-eval-v3.1
2026-08-20T08:20:00+09:00,CMP-S02-L02-01,S02,S02-L02,1,running,172.6264,471.256,95.2986,31.9308,-1.5207,B,relation-reasoning-agent-eval-v3.1
2026-08-20T08:20:00+09:00,CMP-S02-L03-01,S02,S02-L03,1,running,178.5616,398.6732,101.288,35.0301,-1.2246,B,relation-reasoning-agent-eval-v3.1
2026-08-20T08:20:00+09:00,CMP-S02-L04-01,S02,S02-L04,1,running,178.2919,401.6772,96.7848,40.4205,-0.2794,A,relation-reasoning-agent-eval-v3.1
2026-08-20T08:20:00+09:00,CMP-S02-L05-01,S02,S02-L05,1,running,184.9975,448.6125,99.3084,42.2134,0.3479,A,relation-reasoning-agent-eval-v3.1
2026-08-20T08:30:00+09:00,CMP-S02-L01-01,S02,S02-L01,1,running,170.5384,423.3852,93.857,41.9554,0.524,A,relation-reasoning-agent-eval-v3.1
2026-08-20T08:30:00+09:00,CMP-S02-L02-01,S02,S02-L02,1,running,178.6008,530.4642,92.1042,35.5718,-0.8465,A,relation-reasoning-agent-eval-v3.1
2026-08-20T08:30:00+09:00,CMP-S02-L03-01,S02,S02-L03,1,running,186.3855,360.1227,96.4719,37.5902,-0.7505,A,relation-reasoning-agent-eval-v3.1
2026-08-20T08:30:00+09:00,CMP-S02-L04-01,S02,S02-L04,1,running,164.4597,443.829,92.995,38.5391,-0.6278,A,relation-reasoning-agent-eval-v3.1
2026-08-20T08:30:00+09:00,CMP-S02-L05-01,S02,S02-L05,1,running,167.0844,453.3384,102.0377,35.8784,-0.8253,A,relation-reasoning-agent-eval-v3.1
2026-08-20T08:40:00+09:00,CMP-S02-L01-01,S02,S02-L01,1,running,151.9912,450.9515,91.7004,36.3586,-0.5124,A,relation-reasoning-agent-eval-v3.1
2026-08-20T08:40:00+09:00,CMP-S02-L02-01,S02,S02-L02,1,running,185.8553,549.5642,91.6649,34.2364,-1.0938,B,relation-reasoning-agent-eval-v3.1
2026-08-20T08:40:00+09:00,CMP-S02-L03-01,S02,S02-L03,1,running,176.8064,445.1698,95.2806,36.3457,-0.981,A,relation-reasoning-agent-eval-v3.1
2026-08-20T08:40:00+09:00,CMP-S02-L04-01,S02,S02-L04,1,running,173.9646,415.3413,88.8941,35.9161,-1.1135,B,relation-reasoning-agent-eval-v3.1
2026-08-20T08:40:00+09:00,CMP-S02-L05-01,S02,S02-L05,1,running,156.5633,464.9082,98.2741,38.5063,-0.3387,A,relation-reasoning-agent-eval-v3.1
2026-08-20T08:50:00+09:00,CMP-S02-L01-01,S02,S02-L01,1,running,150.955,475.0468,93.505,43.7377,0.8541,A,relation-reasoning-agent-eval-v3.1
2026-08-20T08:50:00+09:00,CMP-S02-L02-01,S02,S02-L02,1,running,202.5865,437.8241,96.1069,35.3777,-0.8824,A,relation-reasoning-agent-eval-v3.1
2026-08-20T08:50:00+09:00,CMP-S02-L03-01,S02,S02-L03,1,running,180.9787,421.7594,100.6432,39.3607,-0.4227,A,relation-reasoning-agent-eval-v3.1
2026-08-20T08:50:00+09:00,CMP-S02-L04-01,S02,S02-L04,1,running,176.8719,433.569,88.1882,38.4223,-0.6494,A,relation-reasoning-agent-eval-v3.1
2026-08-20T08:50:00+09:00,CMP-S02-L05-01,S02,S02-L05,1,running,169.4204,469.639,101.7375,35.291,-0.9341,A,relation-reasoning-agent-eval-v3.1
2026-08-20T09:00:00+09:00,CMP-S02-L01-01,S02,S02-L01,1,running,162.2694,508.7529,103.4182,45.0095,1.0896,B,relation-reasoning-agent-eval-v3.1
2026-08-20T09:00:00+09:00,CMP-S02-L02-01,S02,S02-L02,1,running,209.36,426.3832,100.057,33.0218,-1.3187,B,relation-reasoning-agent-eval-v3.1
2026-08-20T09:00:00+09:00,CMP-S02-L03-01,S02,S02-L03,1,running,169.5804,449.3132,102.721,33.6402,-1.482,B,relation-reasoning-agent-eval-v3.1
2026-08-20T09:00:00+09:00,CMP-S02-L04-01,S02,S02-L04,1,running,185.6268,481.1454,93.0623,41.4101,-0.0961,A,relation-reasoning-agent-eval-v3.1
2026-08-20T09:00:00+09:00,CMP-S02-L05-01,S02,S02-L05,1,running,158.0041,453.7516,103.3948,32.8001,-1.3953,B,relation-reasoning-agent-eval-v3.1
2026-08-20T09:10:00+09:00,CMP-S02-L01-01,S02,S02-L01,1,running,150.9776,524.5309,110.56,44.6334,1.02,B,relation-reasoning-agent-eval-v3.1
2026-08-20T09:10:00+09:00,CMP-S02-L02-01,S02,S02-L02,1,running,194.4031,415.0581,100.6535,40.6209,0.0886,A,relation-reasoning-agent-eval-v3.1
2026-08-20T09:10:00+09:00,CMP-S02-L03-01,S02,S02-L03,1,running,168.6328,480.2858,97.8592,36.0902,-1.0283,B,relation-reasoning-agent-eval-v3.1
2026-08-20T09:10:00+09:00,CMP-S02-L04-01,S02,S02-L04,1,running,180.6662,478.0267,96.7276,38.8186,-0.576,A,relation-reasoning-agent-eval-v3.1
2026-08-20T09:10:00+09:00,CMP-S02-L05-01,S02,S02-L05,1,running,143.4928,476.9651,102.1785,34.8703,-1.012,B,relation-reasoning-agent-eval-v3.1
2026-08-20T09:20:00+09:00,CMP-S02-L01-01,S02,S02-L01,1,running,147.3896,502.3353,107.0525,42.2201,0.573,A,relation-reasoning-agent-eval-v3.1
2026-08-20T09:20:00+09:00,CMP-S02-L02-01,S02,S02-L02,1,running,211.2083,457.7901,102.2863,37.9257,-0.4105,A,relation-reasoning-agent-eval-v3.1
2026-08-20T09:20:00+09:00,CMP-S02-L03-01,S02,S02-L03,1,running,162.8908,491.4962,89.8308,36.9658,-0.8662,A,relation-reasoning-agent-eval-v3.1
2026-08-20T09:20:00+09:00,CMP-S02-L04-01,S02,S02-L04,1,running,180.1177,438.4961,102.7848,40.3278,-0.2966,A,relation-reasoning-agent-eval-v3.1
2026-08-20T09:20:00+09:00,CMP-S02-L05-01,S02,S02-L05,1,running,133.6127,452.4025,102.2041,38.012,-0.4302,A,relation-reasoning-agent-eval-v3.1
2026-08-20T09:30:00+09:00,CMP-S02-L01-01,S02,S02-L01,1,running,151.5163,484.4088,106.6937,45.7991,1.2358,B,relation-reasoning-agent-eval-v3.1
2026-08-20T09:30:00+09:00,CMP-S02-L02-01,S02,S02-L02,1,running,204.3432,500.6576,99.7808,40.6042,0.0855,A,relation-reasoning-agent-eval-v3.1
2026-08-20T09:30:00+09:00,CMP-S02-L03-01,S02,S02-L03,1,running,160.2347,459.7192,92.5605,35.9247,-1.059,B,relation-reasoning-agent-eval-v3.1
2026-08-20T09:30:00+09:00,CMP-S02-L04-01,S02,S02-L04,1,running,154.2113,441.6231,103.9021,37.9046,-0.7453,A,relation-reasoning-agent-eval-v3.1
2026-08-20T09:30:00+09:00,CMP-S02-L05-01,S02,S02-L05,1,running,133.0067,490.4076,104.6969,42.1171,0.33,A,relation-reasoning-agent-eval-v3.1
2026-08-20T09:40:00+09:00,CMP-S02-L01-01,S02,S02-L01,1,running,153.3803,517.6074,105.1477,42.3599,0.5989,A,relation-reasoning-agent-eval-v3.1
2026-08-20T09:40:00+09:00,CMP-S02-L02-01,S02,S02-L02,1,running,192.2343,484.3281,101.6877,37.2389,-0.5377,A,relation-reasoning-agent-eval-v3.1
2026-08-20T09:40:00+09:00,CMP-S02-L03-01,S02,S02-L03,1,running,159.3338,455.8981,99.7822,28.1388,-2.5008,C,relation-reasoning-agent-eval-v3.1
2026-08-20T09:40:00+09:00,CMP-S02-L04-01,S02,S02-L04,1,running,157.4922,428.225,99.2117,41.1291,-0.1481,A,relation-reasoning-agent-eval-v3.1
2026-08-20T09:40:00+09:00,CMP-S02-L05-01,S02,S02-L05,1,running,155.5654,496.7118,106.6375,47.5651,1.3389,B,relation-reasoning-agent-eval-v3.1
2026-08-20T09:50:00+09:00,CMP-S02-L01-01,S02,S02-L01,1,running,146.2174,483.529,109.009,48.6068,1.7558,B,relation-reasoning-agent-eval-v3.1
2026-08-20T09:50:00+09:00,CMP-S02-L02-01,S02,S02-L02,1,running,181.8715,471.4044,99.1548,42.0278,0.3491,A,relation-reasoning-agent-eval-v3.1
2026-08-20T09:50:00+09:00,CMP-S02-L03-01,S02,S02-L03,1,running,172.7631,448.4875,102.9641,27.0386,-2.7046,C,relation-reasoning-agent-eval-v3.1
2026-08-20T09:50:00+09:00,CMP-S02-L04-01,S02,S02-L04,1,running,137.3845,447.569,96.8133,38.9371,-0.5541,A,relation-reasoning-agent-eval-v3.1
2026-08-20T09:50:00+09:00,CMP-S02-L05-01,S02,S02-L05,1,running,175.3115,495.8418,111.5691,47.1183,1.2562,B,relation-reasoning-agent-eval-v3.1
2026-08-20T10:00:00+09:00,CMP-S02-L01-01,S02,S02-L01,1,running,156.1951,434.4676,107.328,51.9489,2.3747,C,relation-reasoning-agent-eval-v3.1
2026-08-20T10:00:00+09:00,CMP-S02-L02-01,S02,S02-L02,1,running,184.9269,468.3522,106.3559,38.9981,-0.212,A,relation-reasoning-agent-eval-v3.1
2026-08-20T10:00:00+09:00,CMP-S02-L03-01,S02,S02-L03,1,running,156.7801,460.4971,108.4161,31.756,-1.831,B,relation-reasoning-agent-eval-v3.1
2026-08-20T10:00:00+09:00,CMP-S02-L04-01,S02,S02-L04,1,running,142.0242,423.1893,100.5378,39.8241,-0.3898,A,relation-reasoning-agent-eval-v3.1
2026-08-20T10:00:00+09:00,CMP-S02-L05-01,S02,S02-L05,1,running,167.5977,485.5917,105.0155,52.2111,2.1993,C,relation-reasoning-agent-eval-v3.1
2026-08-20T10:10:00+09:00,CMP-S02-L01-01,S02,S02-L01,1,running,177.7907,471.1537,111.4881,50.37,2.0823,C,relation-reasoning-agent-eval-v3.1
2026-08-20T10:10:00+09:00,CMP-S02-L02-01,S02,S02-L02,1,running,163.0971,463.9048,106.3371,40.8348,0.1282,A,relation-reasoning-agent-eval-v3.1
2026-08-20T10:10:00+09:00,CMP-S02-L03-01,S02,S02-L03,1,running,169.8224,463.8459,107.3157,33.6801,-1.4746,B,relation-reasoning-agent-eval-v3.1
2026-08-20T10:10:00+09:00,CMP-S02-L04-01,S02,S02-L04,1,running,140.982,432.645,106.6167,34.9406,-1.2942,B,relation-reasoning-agent-eval-v3.1
2026-08-20T10:10:00+09:00,CMP-S02-L05-01,S02,S02-L05,1,running,165.4118,489.3765,100.1003,46.7429,1.1866,B,relation-reasoning-agent-eval-v3.1
2026-08-20T10:20:00+09:00,CMP-S02-L01-01,S02,S02-L01,1,running,158.9186,469.4076,102.5424,47.9644,1.6368,B,relation-reasoning-agent-eval-v3.1
2026-08-20T10:20:00+09:00,CMP-S02-L02-01,S02,S02-L02,1,running,171.7042,500.4752,105.9174,44.7185,0.8474,A,relation-reasoning-agent-eval-v3.1
2026-08-20T10:20:00+09:00,CMP-S02-L03-01,S02,S02-L03,1,running,168.9521,420.5998,107.0654,33.5982,-1.4898,B,relation-reasoning-agent-eval-v3.1
2026-08-20T10:20:00+09:00,CMP-S02-L04-01,S02,S02-L04,1,running,151.7483,390.8914,102.5329,35.3017,-1.2273,B,relation-reasoning-agent-eval-v3.1
2026-08-20T10:20:00+09:00,CMP-S02-L05-01,S02,S02-L05,1,running,181.1092,507.0185,101.2758,41.3397,0.186,A,relation-reasoning-agent-eval-v3.1
2026-08-20T10:30:00+09:00,CMP-S02-L01-01,S02,S02-L01,1,running,144.9332,464.1235,104.7558,41.3643,0.4146,A,relation-reasoning-agent-eval-v3.1
2026-08-20T10:30:00+09:00,CMP-S02-L02-01,S02,S02-L02,1,running,185.3177,510.6305,101.0264,39.3085,-0.1545,A,relation-reasoning-agent-eval-v3.1
2026-08-20T10:30:00+09:00,CMP-S02-L03-01,S02,S02-L03,1,running,174.5549,410.6463,99.6321,44.0789,0.4511,A,relation-reasoning-agent-eval-v3.1
2026-08-20T10:30:00+09:00,CMP-S02-L04-01,S02,S02-L04,1,running,162.0278,375.3046,100.1061,34.054,-1.4584,B,relation-reasoning-agent-eval-v3.1
2026-08-20T10:30:00+09:00,CMP-S02-L05-01,S02,S02-L05,1,running,180.814,447.0005,102.1543,33.6666,-1.2349,B,relation-reasoning-agent-eval-v3.1
2026-08-20T10:40:00+09:00,CMP-S02-L01-01,S02,S02-L01,1,running,152.1331,460.4499,102.4617,39.078,-0.0088,A,relation-reasoning-agent-eval-v3.1
2026-08-20T10:40:00+09:00,CMP-S02-L02-01,S02,S02-L02,1,running,183.1614,508.8163,98.5592,35.8566,-0.7937,A,relation-reasoning-agent-eval-v3.1
2026-08-20T10:40:00+09:00,CMP-S02-L03-01,S02,S02-L03,1,running,181.08,417.3073,97.6996,47.0875,1.0082,B,relation-reasoning-agent-eval-v3.1
2026-08-20T10:40:00+09:00,CMP-S02-L04-01,S02,S02-L04,1,running,169.8123,414.1419,103.3273,30.8541,-2.0509,C,relation-reasoning-agent-eval-v3.1
2026-08-20T10:40:00+09:00,CMP-S02-L05-01,S02,S02-L05,1,running,178.6836,470.3267,107.7165,30.9052,-1.7463,B,relation-reasoning-agent-eval-v3.1
2026-08-20T10:50:00+09:00,CMP-S02-L01-01,S02,S02-L01,1,running,160.4958,463.65,96.3795,39.4529,0.0606,A,relation-reasoning-agent-eval-v3.1
2026-08-20T10:50:00+09:00,CMP-S02-L02-01,S02,S02-L02,1,running,176.0978,488.5008,98.6636,33.8589,-1.1637,B,relation-reasoning-agent-eval-v3.1
2026-08-20T10:50:00+09:00,CMP-S02-L03-01,S02,S02-L03,1,running,166.9117,414.4088,94.0228,44.1138,0.4575,A,relation-reasoning-agent-eval-v3.1
2026-08-20T10:50:00+09:00,CMP-S02-L04-01,S02,S02-L04,1,running,174.7209,405.9725,104.3358,28.0338,-2.5732,C,relation-reasoning-agent-eval-v3.1
2026-08-20T10:50:00+09:00,CMP-S02-L05-01,S02,S02-L05,1,running,169.4274,463.3579,106.583,32.9993,-1.3585,B,relation-reasoning-agent-eval-v3.1
2026-08-20T11:00:00+09:00,CMP-S02-L01-01,S02,S02-L01,1,running,166.3732,453.4946,96.2533,36.2265,-0.5369,A,relation-reasoning-agent-eval-v3.1
2026-08-20T11:00:00+09:00,CMP-S02-L02-01,S02,S02-L02,1,running,178.2686,505.5947,99.9323,30.2991,-1.8229,B,relation-reasoning-agent-eval-v3.1
2026-08-20T11:00:00+09:00,CMP-S02-L03-01,S02,S02-L03,1,running,150.8867,459.0887,93.4594,38.805,-0.5256,A,relation-reasoning-agent-eval-v3.1
2026-08-20T11:00:00+09:00,CMP-S02-L04-01,S02,S02-L04,1,running,180.2995,447.7912,110.3038,31.2218,-1.9828,B,relation-reasoning-agent-eval-v3.1
2026-08-20T11:00:00+09:00,CMP-S02-L05-01,S02,S02-L05,1,running,179.3348,448.7426,101.6147,34.7197,-1.0399,B,relation-reasoning-agent-eval-v3.1
2026-08-20T11:10:00+09:00,CMP-S02-L01-01,S02,S02-L01,1,running,167.7962,456.2067,96.4348,34.5643,-0.8447,A,relation-reasoning-agent-eval-v3.1
2026-08-20T11:10:00+09:00,CMP-S02-L02-01,S02,S02-L02,1,running,190.0127,496.9951,101.4652,29.7292,-1.9284,B,relation-reasoning-agent-eval-v3.1
2026-08-20T11:10:00+09:00,CMP-S02-L03-01,S02,S02-L03,1,running,139.3216,408.355,89.8396,38.1261,-0.6513,A,relation-reasoning-agent-eval-v3.1
2026-08-20T11:10:00+09:00,CMP-S02-L04-01,S02,S02-L04,1,running,170.6163,476.1268,111.2098,28.1565,-2.5505,C,relation-reasoning-agent-eval-v3.1
2026-08-20T11:10:00+09:00,CMP-S02-L05-01,S02,S02-L05,1,running,164.1557,401.6672,97.5742,31.9193,-1.5585,B,relation-reasoning-agent-eval-v3.1
2026-08-20T11:20:00+09:00,CMP-S02-L01-01,S02,S02-L01,1,running,177.6608,444.8323,101.222,37.6013,-0.2823,A,relation-reasoning-agent-eval-v3.1
2026-08-20T11:20:00+09:00,CMP-S02-L02-01,S02,S02-L02,1,running,184.9656,524.5706,97.7368,32.7603,-1.3671,B,relation-reasoning-agent-eval-v3.1
2026-08-20T11:20:00+09:00,CMP-S02-L03-01,S02,S02-L03,1,running,152.7135,435.0387,90.3746,46.1572,0.8359,A,relation-reasoning-agent-eval-v3.1
2026-08-20T11:20:00+09:00,CMP-S02-L04-01,S02,S02-L04,1,running,175.1394,447.3503,104.2953,35.9581,-1.1058,B,relation-reasoning-agent-eval-v3.1
2026-08-20T11:20:00+09:00,CMP-S02-L05-01,S02,S02-L05,1,running,177.2329,414.0225,97.4737,28.7059,-2.1535,C,relation-reasoning-agent-eval-v3.1
2026-08-20T11:30:00+09:00,CMP-S02-L01-01,S02,S02-L01,1,running,187.3873,384.4437,100.2957,35.7213,-0.6304,A,relation-reasoning-agent-eval-v3.1
2026-08-20T11:30:00+09:00,CMP-S02-L02-01,S02,S02-L02,1,running,161.1108,465.8636,96.1804,39.8389,-0.0563,A,relation-reasoning-agent-eval-v3.1
2026-08-20T11:30:00+09:00,CMP-S02-L03-01,S02,S02-L03,1,running,133.0123,424.0359,97.6873,49.5132,1.4574,B,relation-reasoning-agent-eval-v3.1
2026-08-20T11:30:00+09:00,CMP-S02-L04-01,S02,S02-L04,1,running,153.2241,422.5206,95.5162,37.7478,-0.7743,A,relation-reasoning-agent-eval-v3.1
2026-08-20T11:30:00+09:00,CMP-S02-L05-01,S02,S02-L05,1,running,172.6992,373.138,99.2354,28.1684,-2.2531,C,relation-reasoning-agent-eval-v3.1
2026-08-20T11:40:00+09:00,CMP-S02-L01-01,S02,S02-L01,1,running,190.2238,389.8758,104.129,36.4045,-0.5039,A,relation-reasoning-agent-eval-v3.1
2026-08-20T11:40:00+09:00,CMP-S02-L02-01,S02,S02-L02,1,running,151.2144,450.0205,93.309,40.8259,0.1265,A,relation-reasoning-agent-eval-v3.1
2026-08-20T11:40:00+09:00,CMP-S02-L03-01,S02,S02-L03,1,running,143.5363,418.1797,96.5841,41.3953,-0.0459,A,relation-reasoning-agent-eval-v3.1
2026-08-20T11:40:00+09:00,CMP-S02-L04-01,S02,S02-L04,1,running,159.7781,428.4553,90.5988,36.1753,-1.0655,B,relation-reasoning-agent-eval-v3.1
2026-08-20T11:40:00+09:00,CMP-S02-L05-01,S02,S02-L05,1,running,173.2505,360.3078,97.2646,31.3117,-1.671,B,relation-reasoning-agent-eval-v3.1
2026-08-20T11:50:00+09:00,CMP-S02-L01-01,S02,S02-L01,1,running,188.4536,422.8519,100.0222,35.0619,-0.7525,A,relation-reasoning-agent-eval-v3.1
2026-08-20T11:50:00+09:00,CMP-S02-L02-01,S02,S02-L02,1,running,181.2463,484.1036,94.8312,36.6161,-0.6531,A,relation-reasoning-agent-eval-v3.1
2026-08-20T11:50:00+09:00,CMP-S02-L03-01,S02,S02-L03,1,running,157.6285,446.8578,101.6906,39.776,-0.3458,A,relation-reasoning-agent-eval-v3.1
2026-08-20T11:50:00+09:00,CMP-S02-L04-01,S02,S02-L04,1,running,176.8084,488.7019,92.6067,44.5801,0.4909,A,relation-reasoning-agent-eval-v3.1
2026-08-20T11:50:00+09:00,CMP-S02-L05-01,S02,S02-L05,1,running,174.9221,366.0584,100.5626,32.5208,-1.4471,B,relation-reasoning-agent-eval-v3.1
2026-08-20T12:00:00+09:00,CMP-S02-L01-01,S02,S02-L01,1,running,193.1916,421.484,93.7045,31.7313,-1.3693,B,relation-reasoning-agent-eval-v3.1
2026-08-20T12:00:00+09:00,CMP-S02-L02-01,S02,S02-L02,1,running,191.7961,538.2413,101.008,41.6462,0.2784,A,relation-reasoning-agent-eval-v3.1
2026-08-20T12:00:00+09:00,CMP-S02-L03-01,S02,S02-L03,1,running,170.4799,430.9125,100.8431,40.0938,-0.2869,A,relation-reasoning-agent-eval-v3.1
2026-08-20T12:00:00+09:00,CMP-S02-L04-01,S02,S02-L04,1,running,175.2087,437.3868,96.1971,42.3198,0.0724,A,relation-reasoning-agent-eval-v3.1
2026-08-20T12:00:00+09:00,CMP-S02-L05-01,S02,S02-L05,1,running,178.1457,345.9648,102.3238,40.3995,0.012,A,relation-reasoning-agent-eval-v3.1
2026-08-20T12:10:00+09:00,CMP-S02-L01-01,S02,S02-L01,1,running,189.5547,424.3821,94.4292,37.8219,-0.2414,A,relation-reasoning-agent-eval-v3.1
2026-08-20T12:10:00+09:00,CMP-S02-L02-01,S02,S02-L02,1,running,183.5742,552.5486,103.6821,40.3346,0.0355,A,relation-reasoning-agent-eval-v3.1
2026-08-20T12:10:00+09:00,CMP-S02-L03-01,S02,S02-L03,1,running,165.322,507.6961,97.447,39.5955,-0.3792,A,relation-reasoning-agent-eval-v3.1
2026-08-20T12:10:00+09:00,CMP-S02-L04-01,S02,S02-L04,1,running,188.4371,467.4393,95.4128,46.4916,0.8449,A,relation-reasoning-agent-eval-v3.1
2026-08-20T12:10:00+09:00,CMP-S02-L05-01,S02,S02-L05,1,running,170.6028,388.0738,102.9088,37.8651,-0.4574,A,relation-reasoning-agent-eval-v3.1
2026-08-20T12:20:00+09:00,CMP-S02-L01-01,S02,S02-L01,1,running,182.3277,413.7463,94.7856,36.6442,-0.4595,A,relation-reasoning-agent-eval-v3.1
2026-08-20T12:20:00+09:00,CMP-S02-L02-01,S02,S02-L02,1,running,166.2471,548.5846,99.1083,41.6437,0.278,A,relation-reasoning-agent-eval-v3.1
2026-08-20T12:20:00+09:00,CMP-S02-L03-01,S02,S02-L03,1,running,183.3567,503.6613,104.4494,44.1503,0.4643,A,relation-reasoning-agent-eval-v3.1
2026-08-20T12:20:00+09:00,CMP-S02-L04-01,S02,S02-L04,1,running,199.7538,452.36,102.0893,42.9932,0.1971,A,relation-reasoning-agent-eval-v3.1
2026-08-20T12:20:00+09:00,CMP-S02-L05-01,S02,S02-L05,1,running,171.5497,422.2753,100.6383,39.9431,-0.0726,A,relation-reasoning-agent-eval-v3.1
2026-08-20T12:30:00+09:00,CMP-S02-L01-01,S02,S02-L01,1,running,200.6822,367.3706,89.4833,35.0689,-0.7513,A,relation-reasoning-agent-eval-v3.1
2026-08-20T12:30:00+09:00,CMP-S02-L02-01,S02,S02-L02,1,running,155.6875,486.1746,106.0726,41.4806,0.2478,A,relation-reasoning-agent-eval-v3.1
2026-08-20T12:30:00+09:00,CMP-S02-L03-01,S02,S02-L03,1,running,199.7179,492.7693,104.2318,44.2411,0.4811,A,relation-reasoning-agent-eval-v3.1
2026-08-20T12:30:00+09:00,CMP-S02-L04-01,S02,S02-L04,1,running,197.5533,470.2669,104.501,44.3192,0.4426,A,relation-reasoning-agent-eval-v3.1
2026-08-20T12:30:00+09:00,CMP-S02-L05-01,S02,S02-L05,1,running,160.3798,414.282,103.4842,40.4079,0.0135,A,relation-reasoning-agent-eval-v3.1
2026-08-20T12:40:00+09:00,CMP-S02-L01-01,S02,S02-L01,1,running,174.039,427.8171,102.2469,28.4973,-1.9682,B,relation-reasoning-agent-eval-v3.1
2026-08-20T12:40:00+09:00,CMP-S02-L02-01,S02,S02-L02,1,running,162.1756,532.6611,109.7923,40.8729,0.1352,A,relation-reasoning-agent-eval-v3.1
2026-08-20T12:40:00+09:00,CMP-S02-L03-01,S02,S02-L03,1,running,198.7055,472.1487,93.2286,39.5771,-0.3826,A,relation-reasoning-agent-eval-v3.1
2026-08-20T12:40:00+09:00,CMP-S02-L04-01,S02,S02-L04,1,running,214.1316,538.4659,103.1437,46.3252,0.8141,A,relation-reasoning-agent-eval-v3.1
2026-08-20T12:40:00+09:00,CMP-S02-L05-01,S02,S02-L05,1,running,155.4801,440.6137,105.3945,40.2436,-0.0169,A,relation-reasoning-agent-eval-v3.1
2026-08-20T12:50:00+09:00,CMP-S02-L01-01,S02,S02-L01,1,running,190.435,455.9005,105.7902,28.2702,-2.0103,C,relation-reasoning-agent-eval-v3.1
2026-08-20T12:50:00+09:00,CMP-S02-L02-01,S02,S02-L02,1,running,174.9716,463.308,100.9187,32.4252,-1.4292,B,relation-reasoning-agent-eval-v3.1
2026-08-20T12:50:00+09:00,CMP-S02-L03-01,S02,S02-L03,1,running,181.6556,514.4629,97.3354,35.7569,-1.0901,B,relation-reasoning-agent-eval-v3.1
2026-08-20T12:50:00+09:00,CMP-S02-L04-01,S02,S02-L04,1,running,218.3697,560.8471,108.7227,39.6849,-0.4156,A,relation-reasoning-agent-eval-v3.1
2026-08-20T12:50:00+09:00,CMP-S02-L05-01,S02,S02-L05,1,running,162.0382,422.2358,100.7194,43.8548,0.6518,A,relation-reasoning-agent-eval-v3.1
2026-08-20T13:00:00+09:00,CMP-S02-L01-01,S02,S02-L01,1,running,170.6991,435.3999,103.1584,35.4732,-0.6764,A,relation-reasoning-agent-eval-v3.1
2026-08-20T13:00:00+09:00,CMP-S02-L02-01,S02,S02-L02,1,running,156.3781,420.5371,101.1963,33.7262,-1.1882,B,relation-reasoning-agent-eval-v3.1
2026-08-20T13:00:00+09:00,CMP-S02-L03-01,S02,S02-L03,1,running,182.425,464.6349,101.4424,38.3212,-0.6152,A,relation-reasoning-agent-eval-v3.1
2026-08-20T13:00:00+09:00,CMP-S02-L04-01,S02,S02-L04,1,running,218.311,561.1862,98.4817,42.7165,0.1458,A,relation-reasoning-agent-eval-v3.1
2026-08-20T13:00:00+09:00,CMP-S02-L05-01,S02,S02-L05,1,running,165.966,413.1912,99.2378,43.1936,0.5294,A,relation-reasoning-agent-eval-v3.1
2026-08-20T13:10:00+09:00,CMP-S02-L01-01,S02,S02-L01,1,running,183.294,428.0935,98.8077,36.9524,-0.4024,A,relation-reasoning-agent-eval-v3.1
2026-08-20T13:10:00+09:00,CMP-S02-L02-01,S02,S02-L02,1,running,156.5119,467.2772,100.9387,39.0245,-0.2071,A,relation-reasoning-agent-eval-v3.1
2026-08-20T13:10:00+09:00,CMP-S02-L03-01,S02,S02-L03,1,running,180.5814,452.8643,87.9414,44.3219,0.4961,A,relation-reasoning-agent-eval-v3.1
2026-08-20T13:10:00+09:00,CMP-S02-L04-01,S02,S02-L04,1,running,202.5974,514.5585,96.7877,45.6929,0.697,A,relation-reasoning-agent-eval-v3.1
2026-08-20T13:10:00+09:00,CMP-S02-L05-01,S02,S02-L05,1,running,173.4936,456.6488,96.2928,44.4444,0.761,A,relation-reasoning-agent-eval-v3.1
2026-08-20T13:20:00+09:00,CMP-S02-L01-01,S02,S02-L01,1,running,195.6812,414.9969,97.5184,40.3684,0.2301,A,relation-reasoning-agent-eval-v3.1
2026-08-20T13:20:00+09:00,CMP-S02-L02-01,S02,S02-L02,1,running,143.9974,471.0761,103.6398,40.8758,0.1358,A,relation-reasoning-agent-eval-v3.1
2026-08-20T13:20:00+09:00,CMP-S02-L03-01,S02,S02-L03,1,running,182.6731,442.3678,93.1647,44.3656,0.5041,A,relation-reasoning-agent-eval-v3.1
2026-08-20T13:20:00+09:00,CMP-S02-L04-01,S02,S02-L04,1,running,202.6587,496.3063,98.199,46.8101,0.9039,A,relation-reasoning-agent-eval-v3.1
2026-08-20T13:20:00+09:00,CMP-S02-L05-01,S02,S02-L05,1,running,171.3889,464.9989,88.3193,42.0221,0.3124,A,relation-reasoning-agent-eval-v3.1
2026-08-20T13:30:00+09:00,CMP-S02-L01-01,S02,S02-L01,1,running,200.4453,416.6457,96.7279,41.5709,0.4528,A,relation-reasoning-agent-eval-v3.1
2026-08-20T13:30:00+09:00,CMP-S02-L02-01,S02,S02-L02,1,running,163.5655,446.466,104.037,40.7598,0.1143,A,relation-reasoning-agent-eval-v3.1
2026-08-20T13:30:00+09:00,CMP-S02-L03-01,S02,S02-L03,1,running,189.384,444.5122,97.8822,46.0095,0.8086,A,relation-reasoning-agent-eval-v3.1
2026-08-20T13:30:00+09:00,CMP-S02-L04-01,S02,S02-L04,1,running,193.5455,522.4475,96.9588,38.7924,-0.5809,A,relation-reasoning-agent-eval-v3.1
2026-08-20T13:30:00+09:00,CMP-S02-L05-01,S02,S02-L05,1,running,164.6943,448.16,95.9775,38.7168,-0.2997,A,relation-reasoning-agent-eval-v3.1
2026-08-20T13:40:00+09:00,CMP-S02-L01-01,S02,S02-L01,1,running,194.6172,441.4874,102.0714,42.0897,0.5489,A,relation-reasoning-agent-eval-v3.1
2026-08-20T13:40:00+09:00,CMP-S02-L02-01,S02,S02-L02,1,running,169.388,396.9761,102.1831,35.5081,-0.8583,A,relation-reasoning-agent-eval-v3.1
2026-08-20T13:40:00+09:00,CMP-S02-L03-01,S02,S02-L03,1,running,175.8996,446.1977,85.1793,46.6421,0.9257,A,relation-reasoning-agent-eval-v3.1
2026-08-20T13:40:00+09:00,CMP-S02-L04-01,S02,S02-L04,1,running,195.4903,507.1057,102.2747,37.0616,-0.9014,A,relation-reasoning-agent-eval-v3.1
2026-08-20T13:40:00+09:00,CMP-S02-L05-01,S02,S02-L05,1,running,182.4579,392.161,96.1057,36.0534,-0.7929,A,relation-reasoning-agent-eval-v3.1
2026-08-20T13:50:00+09:00,CMP-S02-L01-01,S02,S02-L01,1,running,197.122,433.7971,102.3216,44.8846,1.0665,B,relation-reasoning-agent-eval-v3.1
2026-08-20T13:50:00+09:00,CMP-S02-L02-01,S02,S02-L02,1,running,160.7666,447.2074,98.0981,34.1242,-1.1145,B,relation-reasoning-agent-eval-v3.1
2026-08-20T13:50:00+09:00,CMP-S02-L03-01,S02,S02-L03,1,running,178.182,430.1886,91.9784,42.8709,0.2273,A,relation-reasoning-agent-eval-v3.1
2026-08-20T13:50:00+09:00,CMP-S02-L04-01,S02,S02-L04,1,running,217.8667,500.6104,100.2442,36.2815,-1.0459,B,relation-reasoning-agent-eval-v3.1
2026-08-20T13:50:00+09:00,CMP-S02-L05-01,S02,S02-L05,1,running,154.4571,432.3915,91.153,33.0438,-1.3502,B,relation-reasoning-agent-eval-v3.1
2026-08-20T14:00:00+09:00,CMP-S02-L01-01,S02,S02-L01,1,running,187.6404,416.8454,108.8594,35.7995,-0.6159,A,relation-reasoning-agent-eval-v3.1
2026-08-20T14:00:00+09:00,CMP-S02-L02-01,S02,S02-L02,1,running,166.5347,435.0503,94.3317,37.8775,-0.4195,A,relation-reasoning-agent-eval-v3.1
2026-08-20T14:00:00+09:00,CMP-S02-L03-01,S02,S02-L03,1,running,191.7365,405.2247,96.7416,46.9007,0.9736,A,relation-reasoning-agent-eval-v3.1
2026-08-20T14:00:00+09:00,CMP-S02-L04-01,S02,S02-L04,1,running,205.4752,489.4558,102.9353,36.0001,-1.098,B,relation-reasoning-agent-eval-v3.1
2026-08-20T14:00:00+09:00,CMP-S02-L05-01,S02,S02-L05,1,running,159.6011,397.008,92.8417,36.9128,-0.6337,A,relation-reasoning-agent-eval-v3.1
2026-08-20T14:10:00+09:00,CMP-S02-L01-01,S02,S02-L01,1,running,191.4889,424.9933,106.9244,36.8667,-0.4183,A,relation-reasoning-agent-eval-v3.1
2026-08-20T14:10:00+09:00,CMP-S02-L02-01,S02,S02-L02,1,running,178.7857,445.8412,104.6572,35.9577,-0.775,A,relation-reasoning-agent-eval-v3.1
2026-08-20T14:10:00+09:00,CMP-S02-L03-01,S02,S02-L03,1,running,195.6955,442.8539,91.1986,49.0508,1.3718,B,relation-reasoning-agent-eval-v3.1
2026-08-20T14:10:00+09:00,CMP-S02-L04-01,S02,S02-L04,1,running,182.8668,502.2546,106.5858,30.4421,-2.1272,C,relation-reasoning-agent-eval-v3.1
2026-08-20T14:10:00+09:00,CMP-S02-L05-01,S02,S02-L05,1,running,164.8931,452.1508,90.1467,41.1548,0.1518,A,relation-reasoning-agent-eval-v3.1
2026-08-20T14:20:00+09:00,CMP-S02-L01-01,S02,S02-L01,1,running,193.2366,406.8659,110.5312,33.2514,-1.0878,B,relation-reasoning-agent-eval-v3.1
2026-08-20T14:20:00+09:00,CMP-S02-L02-01,S02,S02-L02,1,running,155.5767,461.0127,112.5533,32.6523,-1.3871,B,relation-reasoning-agent-eval-v3.1
2026-08-20T14:20:00+09:00,CMP-S02-L03-01,S02,S02-L03,1,running,176.9077,429.9896,103.6098,52.6339,2.0353,C,relation-reasoning-agent-eval-v3.1
2026-08-20T14:20:00+09:00,CMP-S02-L04-01,S02,S02-L04,1,running,160.0157,467.0661,103.2469,36.9,-0.9313,A,relation-reasoning-agent-eval-v3.1
2026-08-20T14:20:00+09:00,CMP-S02-L05-01,S02,S02-L05,1,running,168.7428,459.9778,103.0585,41.7576,0.2635,A,relation-reasoning-agent-eval-v3.1
2026-08-20T14:30:00+09:00,CMP-S02-L01-01,S02,S02-L01,1,running,187.5378,483.3949,112.6554,33.1041,-1.1151,B,relation-reasoning-agent-eval-v3.1
2026-08-20T14:30:00+09:00,CMP-S02-L02-01,S02,S02-L02,1,running,146.7847,434.0233,106.0153,32.303,-1.4518,B,relation-reasoning-agent-eval-v3.1
2026-08-20T14:30:00+09:00,CMP-S02-L03-01,S02,S02-L03,1,running,164.3295,384.0268,103.4055,49.4817,1.4516,B,relation-reasoning-agent-eval-v3.1
2026-08-20T14:30:00+09:00,CMP-S02-L04-01,S02,S02-L04,1,running,163.1934,490.9028,100.1665,42.4408,0.0947,A,relation-reasoning-agent-eval-v3.1
2026-08-20T14:30:00+09:00,CMP-S02-L05-01,S02,S02-L05,1,running,186.8285,488.3206,105.9287,38.2546,-0.3853,A,relation-reasoning-agent-eval-v3.1
2026-08-20T14:40:00+09:00,CMP-S02-L01-01,S02,S02-L01,1,running,205.1322,488.9994,107.4186,27.9088,-2.0772,C,relation-reasoning-agent-eval-v3.1
2026-08-20T14:40:00+09:00,CMP-S02-L02-01,S02,S02-L02,1,running,145.3331,447.9872,102.7825,35.667,-0.8288,A,relation-reasoning-agent-eval-v3.1
2026-08-20T14:40:00+09:00,CMP-S02-L03-01,S02,S02-L03,1,running,176.6143,397.986,108.2271,46.0073,0.8082,A,relation-reasoning-agent-eval-v3.1
2026-08-20T14:40:00+09:00,CMP-S02-L04-01,S02,S02-L04,1,running,162.9614,471.3034,101.6558,40.6433,-0.2381,A,relation-reasoning-agent-eval-v3.1
2026-08-20T14:40:00+09:00,CMP-S02-L05-01,S02,S02-L05,1,running,169.4687,455.3913,99.1154,36.6465,-0.6831,A,relation-reasoning-agent-eval-v3.1
2026-08-20T14:50:00+09:00,CMP-S02-L01-01,S02,S02-L01,1,running,190.72,475.1643,105.3576,32.2402,-1.2751,B,relation-reasoning-agent-eval-v3.1
2026-08-20T14:50:00+09:00,CMP-S02-L02-01,S02,S02-L02,1,running,154.9985,434.3107,92.1455,32.9542,-1.3312,B,relation-reasoning-agent-eval-v3.1
2026-08-20T14:50:00+09:00,CMP-S02-L03-01,S02,S02-L03,1,running,192.4266,382.5253,108.4992,48.2857,1.2301,B,relation-reasoning-agent-eval-v3.1
2026-08-20T14:50:00+09:00,CMP-S02-L04-01,S02,S02-L04,1,running,167.2989,485.6137,110.1665,40.3719,-0.2884,A,relation-reasoning-agent-eval-v3.1
2026-08-20T14:50:00+09:00,CMP-S02-L05-01,S02,S02-L05,1,running,180.6987,486.6163,94.0048,34.9777,-0.9921,A,relation-reasoning-agent-eval-v3.1
2026-08-20T15:00:00+09:00,CMP-S02-L01-01,S02,S02-L01,1,running,187.1133,467.1886,108.1563,34.0207,-0.9454,A,relation-reasoning-agent-eval-v3.1
2026-08-20T15:00:00+09:00,CMP-S02-L02-01,S02,S02-L02,1,running,159.2911,463.8573,93.7078,40.7692,0.116,A,relation-reasoning-agent-eval-v3.1
2026-08-20T15:00:00+09:00,CMP-S02-L03-01,S02,S02-L03,1,running,197.2931,417.2485,112.9008,48.4364,1.258,B,relation-reasoning-agent-eval-v3.1
2026-08-20T15:00:00+09:00,CMP-S02-L04-01,S02,S02-L04,1,running,171.2682,472.099,101.5626,39.7743,-0.399,A,relation-reasoning-agent-eval-v3.1
2026-08-20T15:00:00+09:00,CMP-S02-L05-01,S02,S02-L05,1,running,181.6285,491.9462,94.6468,34.8397,-1.0177,B,relation-reasoning-agent-eval-v3.1
2026-08-20T15:10:00+09:00,CMP-S02-L01-01,S02,S02-L01,1,running,212.3612,458.5761,99.1016,29.447,-1.7923,B,relation-reasoning-agent-eval-v3.1
2026-08-20T15:10:00+09:00,CMP-S02-L02-01,S02,S02-L02,1,running,159.0025,494.2161,87.5532,39.6075,-0.0991,A,relation-reasoning-agent-eval-v3.1
2026-08-20T15:10:00+09:00,CMP-S02-L03-01,S02,S02-L03,1,running,174.7572,412.1018,109.7525,48.7299,1.3124,B,relation-reasoning-agent-eval-v3.1
2026-08-20T15:10:00+09:00,CMP-S02-L04-01,S02,S02-L04,1,running,154.7044,431.7656,96.5839,32.73,-1.7035,B,relation-reasoning-agent-eval-v3.1
2026-08-20T15:10:00+09:00,CMP-S02-L05-01,S02,S02-L05,1,running,186.2247,492.9916,93.5432,39.494,-0.1557,A,relation-reasoning-agent-eval-v3.1
2026-08-20T15:20:00+09:00,CMP-S02-L01-01,S02,S02-L01,1,running,202.0747,458.8495,100.9954,30.5677,-1.5848,B,relation-reasoning-agent-eval-v3.1
2026-08-20T15:20:00+09:00,CMP-S02-L02-01,S02,S02-L02,1,running,162.7482,524.2588,85.3266,39.558,-0.1083,A,relation-reasoning-agent-eval-v3.1
2026-08-20T15:20:00+09:00,CMP-S02-L03-01,S02,S02-L03,1,running,170.0134,354.0952,104.8863,46.988,0.9898,A,relation-reasoning-agent-eval-v3.1
2026-08-20T15:20:00+09:00,CMP-S02-L04-01,S02,S02-L04,1,running,159.2589,402.7058,98.8026,37.3777,-0.8429,A,relation-reasoning-agent-eval-v3.1
2026-08-20T15:20:00+09:00,CMP-S02-L05-01,S02,S02-L05,1,running,187.75,499.6765,90.7174,41.7724,0.2662,A,relation-reasoning-agent-eval-v3.1
2026-08-20T15:30:00+09:00,CMP-S02-L01-01,S02,S02-L01,1,running,190.375,425.4801,98.6705,34.6465,-0.8295,A,relation-reasoning-agent-eval-v3.1
2026-08-20T15:30:00+09:00,CMP-S02-L02-01,S02,S02-L02,1,running,166.1548,489.9017,84.6533,38.4655,-0.3106,A,relation-reasoning-agent-eval-v3.1
2026-08-20T15:30:00+09:00,CMP-S02-L03-01,S02,S02-L03,1,running,197.195,388.9888,103.7054,49.2396,1.4067,B,relation-reasoning-agent-eval-v3.1
2026-08-20T15:30:00+09:00,CMP-S02-L04-01,S02,S02-L04,1,running,182.4312,404.5422,98.353,42.0355,0.0197,A,relation-reasoning-agent-eval-v3.1
2026-08-20T15:30:00+09:00,CMP-S02-L05-01,S02,S02-L05,1,running,165.5899,514.8271,95.8136,40.8608,0.0974,A,relation-reasoning-agent-eval-v3.1
2026-08-20T15:40:00+09:00,CMP-S02-L01-01,S02,S02-L01,1,running,172.6936,424.9123,95.1307,30.1377,-1.6644,B,relation-reasoning-agent-eval-v3.1
2026-08-20T15:40:00+09:00,CMP-S02-L02-01,S02,S02-L02,1,running,160.9662,470.8591,80.8957,37.9781,-0.4008,A,relation-reasoning-agent-eval-v3.1
2026-08-20T15:40:00+09:00,CMP-S02-L03-01,S02,S02-L03,1,running,187.7073,413.8345,103.7386,51.5903,1.8421,B,relation-reasoning-agent-eval-v3.1
2026-08-20T15:40:00+09:00,CMP-S02-L04-01,S02,S02-L04,1,running,184.2801,457.1354,99.7639,45.4424,0.6506,A,relation-reasoning-agent-eval-v3.1
2026-08-20T15:40:00+09:00,CMP-S02-L05-01,S02,S02-L05,1,running,166.0417,498.9164,93.8928,40.4248,0.0166,A,relation-reasoning-agent-eval-v3.1
2026-08-20T15:50:00+09:00,CMP-S02-L01-01,S02,S02-L01,1,running,162.3262,447.7561,93.5378,28.8821,-1.897,B,relation-reasoning-agent-eval-v3.1
2026-08-20T15:50:00+09:00,CMP-S02-L02-01,S02,S02-L02,1,running,163.9084,468.0383,80.7687,46.8046,1.2337,B,relation-reasoning-agent-eval-v3.1
2026-08-20T15:50:00+09:00,CMP-S02-L03-01,S02,S02-L03,1,running,181.4334,369.9399,101.7884,52.9542,2.0946,C,relation-reasoning-agent-eval-v3.1
2026-08-20T15:50:00+09:00,CMP-S02-L04-01,S02,S02-L04,1,running,190.5633,518.7925,100.7345,39.6298,-0.4258,A,relation-reasoning-agent-eval-v3.1
2026-08-20T15:50:00+09:00,CMP-S02-L05-01,S02,S02-L05,1,running,166.4421,459.7337,92.0072,40.8905,0.1029,A,relation-reasoning-agent-eval-v3.1
2026-08-20T16:00:00+09:00,CMP-S02-L01-01,S02,S02-L01,1,running,147.2249,428.8468,107.0407,39.1562,0.0057,A,relation-reasoning-agent-eval-v3.1
2026-08-20T16:00:00+09:00,CMP-S02-L02-01,S02,S02-L02,1,running,163.4159,473.7067,88.1854,45.2562,0.947,A,relation-reasoning-agent-eval-v3.1
2026-08-20T16:00:00+09:00,CMP-S02-L03-01,S02,S02-L03,1,running,170.8888,390.7919,101.2235,51.1392,1.7585,B,relation-reasoning-agent-eval-v3.1
2026-08-20T16:00:00+09:00,CMP-S02-L04-01,S02,S02-L04,1,running,197.8203,510.0803,99.354,32.1717,-1.8069,B,relation-reasoning-agent-eval-v3.1
2026-08-20T16:00:00+09:00,CMP-S02-L05-01,S02,S02-L05,1,running,181.3672,456.9689,91.1848,43.3068,0.5503,A,relation-reasoning-agent-eval-v3.1
2026-08-20T16:10:00+09:00,CMP-S02-L01-01,S02,S02-L01,1,running,151.1183,423.9607,108.5459,37.3755,-0.3241,A,relation-reasoning-agent-eval-v3.1
2026-08-20T16:10:00+09:00,CMP-S02-L02-01,S02,S02-L02,1,running,152.7248,496.2029,94.6304,38.1622,-0.3668,A,relation-reasoning-agent-eval-v3.1
2026-08-20T16:10:00+09:00,CMP-S02-L03-01,S02,S02-L03,1,running,171.8874,377.1923,100.2793,48.1034,1.1963,B,relation-reasoning-agent-eval-v3.1
2026-08-20T16:10:00+09:00,CMP-S02-L04-01,S02,S02-L04,1,running,168.7114,499.4417,100.6662,36.497,-1.006,B,relation-reasoning-agent-eval-v3.1
2026-08-20T16:10:00+09:00,CMP-S02-L05-01,S02,S02-L05,1,running,199.1287,460.0417,90.8226,43.7415,0.6308,A,relation-reasoning-agent-eval-v3.1
2026-08-20T16:20:00+09:00,CMP-S02-L01-01,S02,S02-L01,1,running,163.6551,449.1213,104.7944,39.8239,0.1293,A,relation-reasoning-agent-eval-v3.1
2026-08-20T16:20:00+09:00,CMP-S02-L02-01,S02,S02-L02,1,running,150.204,512.0034,102.7423,37.7592,-0.4414,A,relation-reasoning-agent-eval-v3.1
2026-08-20T16:20:00+09:00,CMP-S02-L03-01,S02,S02-L03,1,running,162.6988,387.2813,110.4724,43.4452,0.3337,A,relation-reasoning-agent-eval-v3.1
2026-08-20T16:20:00+09:00,CMP-S02-L04-01,S02,S02-L04,1,running,170.1489,501.5232,107.0737,32.2454,-1.7933,B,relation-reasoning-agent-eval-v3.1
2026-08-20T16:20:00+09:00,CMP-S02-L05-01,S02,S02-L05,1,running,189.4527,445.1116,97.5302,41.9169,0.2929,A,relation-reasoning-agent-eval-v3.1
2026-08-20T16:30:00+09:00,CMP-S02-L01-01,S02,S02-L01,1,running,177.7893,419.6183,106.0435,42.1964,0.5687,A,relation-reasoning-agent-eval-v3.1
2026-08-20T16:30:00+09:00,CMP-S02-L02-01,S02,S02-L02,1,running,149.805,545.3529,99.3022,35.8252,-0.7995,A,relation-reasoning-agent-eval-v3.1
2026-08-20T16:30:00+09:00,CMP-S02-L03-01,S02,S02-L03,1,running,174.4778,350.9579,109.1789,38.0428,-0.6667,A,relation-reasoning-agent-eval-v3.1
2026-08-20T16:30:00+09:00,CMP-S02-L04-01,S02,S02-L04,1,running,158.011,495.9121,103.7999,39.1807,-0.509,A,relation-reasoning-agent-eval-v3.1
2026-08-20T16:30:00+09:00,CMP-S02-L05-01,S02,S02-L05,1,running,177.58,440.2187,98.6796,38.2644,-0.3835,A,relation-reasoning-agent-eval-v3.1
2026-08-20T16:40:00+09:00,CMP-S02-L01-01,S02,S02-L01,1,running,181.0524,440.0859,101.539,40.8759,0.3241,A,relation-reasoning-agent-eval-v3.1
2026-08-20T16:40:00+09:00,CMP-S02-L02-01,S02,S02-L02,1,running,140.8173,533.7087,103.8619,32.3655,-1.4402,B,relation-reasoning-agent-eval-v3.1
2026-08-20T16:40:00+09:00,CMP-S02-L03-01,S02,S02-L03,1,running,149.9435,364.5546,109.5959,34.373,-1.3463,B,relation-reasoning-agent-eval-v3.1
2026-08-20T16:40:00+09:00,CMP-S02-L04-01,S02,S02-L04,1,running,150.3543,482.5584,103.3921,40.1001,-0.3387,A,relation-reasoning-agent-eval-v3.1
2026-08-20T16:40:00+09:00,CMP-S02-L05-01,S02,S02-L05,1,running,172.4091,445.9607,96.7348,37.4948,-0.526,A,relation-reasoning-agent-eval-v3.1
2026-08-20T16:50:00+09:00,CMP-S02-L01-01,S02,S02-L01,1,running,175.4032,463.4733,105.5406,43.8214,0.8696,A,relation-reasoning-agent-eval-v3.1
2026-08-20T16:50:00+09:00,CMP-S02-L02-01,S02,S02-L02,1,running,142.2568,547.6867,100.276,36.2066,-0.7289,A,relation-reasoning-agent-eval-v3.1
2026-08-20T16:50:00+09:00,CMP-S02-L03-01,S02,S02-L03,1,running,152.554,382.5492,112.3463,31.3898,-1.8988,B,relation-reasoning-agent-eval-v3.1
2026-08-20T16:50:00+09:00,CMP-S02-L04-01,S02,S02-L04,1,running,165.0708,476.176,106.6859,43.7344,0.3343,A,relation-reasoning-agent-eval-v3.1
2026-08-20T16:50:00+09:00,CMP-S02-L05-01,S02,S02-L05,1,running,170.9661,438.7569,89.8057,41.9391,0.2971,A,relation-reasoning-agent-eval-v3.1
2026-08-20T17:00:00+09:00,CMP-S02-L01-01,S02,S02-L01,1,running,181.3019,447.9092,96.0226,42.7423,0.6698,A,relation-reasoning-agent-eval-v3.1
2026-08-20T17:00:00+09:00,CMP-S02-L02-01,S02,S02-L02,1,running,135.2099,496.133,100.2221,38.6953,-0.268,A,relation-reasoning-agent-eval-v3.1
2026-08-20T17:00:00+09:00,CMP-S02-L03-01,S02,S02-L03,1,running,161.4748,351.3392,107.4137,30.3665,-2.0883,C,relation-reasoning-agent-eval-v3.1
2026-08-20T17:00:00+09:00,CMP-S02-L04-01,S02,S02-L04,1,running,178.4887,453.9112,106.7453,37.066,-0.9006,A,relation-reasoning-agent-eval-v3.1
2026-08-20T17:00:00+09:00,CMP-S02-L05-01,S02,S02-L05,1,running,159.418,414.0986,94.2162,43.6308,0.6103,A,relation-reasoning-agent-eval-v3.1
2026-08-20T17:10:00+09:00,CMP-S02-L01-01,S02,S02-L01,1,running,161.8468,451.9052,102.6156,45.5579,1.1912,B,relation-reasoning-agent-eval-v3.1
2026-08-20T17:10:00+09:00,CMP-S02-L02-01,S02,S02-L02,1,running,131.6543,444.4221,103.4768,41.5411,0.259,A,relation-reasoning-agent-eval-v3.1
2026-08-20T17:10:00+09:00,CMP-S02-L03-01,S02,S02-L03,1,running,168.4851,357.5984,101.1025,34.2935,-1.361,B,relation-reasoning-agent-eval-v3.1
2026-08-20T17:10:00+09:00,CMP-S02-L04-01,S02,S02-L04,1,running,179.5927,400.6042,101.5048,37.1997,-0.8758,A,relation-reasoning-agent-eval-v3.1
2026-08-20T17:10:00+09:00,CMP-S02-L05-01,S02,S02-L05,1,running,156.3838,444.2553,93.5368,47.2027,1.2718,B,relation-reasoning-agent-eval-v3.1
2026-08-20T17:20:00+09:00,CMP-S02-L01-01,S02,S02-L01,1,running,157.7263,411.6534,108.9331,37.2187,-0.3531,A,relation-reasoning-agent-eval-v3.1
2026-08-20T17:20:00+09:00,CMP-S02-L02-01,S02,S02-L02,1,running,139.7791,464.5499,100.9909,45.8111,1.0497,B,relation-reasoning-agent-eval-v3.1
2026-08-20T17:20:00+09:00,CMP-S02-L03-01,S02,S02-L03,1,running,175.8223,353.9757,102.2697,35.705,-1.0997,B,relation-reasoning-agent-eval-v3.1
2026-08-20T17:20:00+09:00,CMP-S02-L04-01,S02,S02-L04,1,running,177.6123,333.1854,100.4114,35.7196,-1.1499,B,relation-reasoning-agent-eval-v3.1
2026-08-20T17:20:00+09:00,CMP-S02-L05-01,S02,S02-L05,1,running,175.2096,492.4212,94.6513,48.777,1.5633,B,relation-reasoning-agent-eval-v3.1
2026-08-20T17:30:00+09:00,CMP-S02-L01-01,S02,S02-L01,1,running,141.3129,399.3189,104.8279,37.7648,-0.252,A,relation-reasoning-agent-eval-v3.1
2026-08-20T17:30:00+09:00,CMP-S02-L02-01,S02,S02-L02,1,running,149.0145,462.9605,100.9566,41.2783,0.2103,A,relation-reasoning-agent-eval-v3.1
2026-08-20T17:30:00+09:00,CMP-S02-L03-01,S02,S02-L03,1,running,183.6146,361.945,95.9525,34.754,-1.2758,B,relation-reasoning-agent-eval-v3.1
2026-08-20T17:30:00+09:00,CMP-S02-L04-01,S02,S02-L04,1,running,174.5521,319.2926,102.7684,39.8268,-0.3893,A,relation-reasoning-agent-eval-v3.1
2026-08-20T17:30:00+09:00,CMP-S02-L05-01,S02,S02-L05,1,running,167.7219,434.7633,96.9573,39.6354,-0.1296,A,relation-reasoning-agent-eval-v3.1
2026-08-20T17:40:00+09:00,CMP-S02-L01-01,S02,S02-L01,1,running,171.43,420.7899,103.3355,38.8128,-0.0579,A,relation-reasoning-agent-eval-v3.1
2026-08-20T17:40:00+09:00,CMP-S02-L02-01,S02,S02-L02,1,running,158.2543,440.3834,100.763,44.1093,0.7346,A,relation-reasoning-agent-eval-v3.1
2026-08-20T17:40:00+09:00,CMP-S02-L03-01,S02,S02-L03,1,running,189.3713,382.1854,96.7144,42.5921,0.1757,A,relation-reasoning-agent-eval-v3.1
2026-08-20T17:40:00+09:00,CMP-S02-L04-01,S02,S02-L04,1,running,189.0407,377.9128,108.8282,44.4073,0.4589,A,relation-reasoning-agent-eval-v3.1
2026-08-20T17:40:00+09:00,CMP-S02-L05-01,S02,S02-L05,1,running,175.7947,410.783,96.7501,38.7689,-0.29,A,relation-reasoning-agent-eval-v3.1
2026-08-20T17:50:00+09:00,CMP-S02-L01-01,S02,S02-L01,1,running,167.0084,404.8411,108.1478,35.5628,-0.6598,A,relation-reasoning-agent-eval-v3.1
2026-08-20T17:50:00+09:00,CMP-S02-L02-01,S02,S02-L02,1,running,167.5831,460.8975,105.9485,40.2249,0.0152,A,relation-reasoning-agent-eval-v3.1
2026-08-20T17:50:00+09:00,CMP-S02-L03-01,S02,S02-L03,1,running,181.4643,353.4939,96.8734,43.6353,0.3689,A,relation-reasoning-agent-eval-v3.1
2026-08-20T17:50:00+09:00,CMP-S02-L04-01,S02,S02-L04,1,running,174.1005,406.6787,106.747,53.2567,2.0977,C,relation-reasoning-agent-eval-v3.1
2026-08-20T17:50:00+09:00,CMP-S02-L05-01,S02,S02-L05,1,running,173.6179,459.091,100.3288,36.1055,-0.7832,A,relation-reasoning-agent-eval-v3.1
2026-08-20T18:00:00+09:00,CMP-S02-L01-01,S02,S02-L01,1,running,175.8624,444.1601,99.0463,34.4235,-0.8708,A,relation-reasoning-agent-eval-v3.1
2026-08-20T18:00:00+09:00,CMP-S02-L02-01,S02,S02-L02,1,running,151.424,457.4739,102.0608,37.9567,-0.4048,A,relation-reasoning-agent-eval-v3.1
2026-08-20T18:00:00+09:00,CMP-S02-L03-01,S02,S02-L03,1,running,172.1858,350.5647,90.1097,40.6981,-0.175,A,relation-reasoning-agent-eval-v3.1
2026-08-20T18:00:00+09:00,CMP-S02-L04-01,S02,S02-L04,1,running,174.5499,416.7945,107.0225,46.0461,0.7624,A,relation-reasoning-agent-eval-v3.1
2026-08-20T18:00:00+09:00,CMP-S02-L05-01,S02,S02-L05,1,running,165.1622,484.7327,99.0226,34.3002,-1.1176,B,relation-reasoning-agent-eval-v3.1
2026-08-20T18:10:00+09:00,CMP-S02-L01-01,S02,S02-L01,1,running,168.6079,482.5056,103.2922,32.2066,-1.2813,B,relation-reasoning-agent-eval-v3.1
2026-08-20T18:10:00+09:00,CMP-S02-L02-01,S02,S02-L02,1,running,154.0685,453.0406,104.1615,40.3048,0.03,A,relation-reasoning-agent-eval-v3.1
2026-08-20T18:10:00+09:00,CMP-S02-L03-01,S02,S02-L03,1,running,164.898,355.6975,101.049,37.579,-0.7526,A,relation-reasoning-agent-eval-v3.1
2026-08-20T18:10:00+09:00,CMP-S02-L04-01,S02,S02-L04,1,running,167.6394,462.8169,103.4758,42.2445,0.0584,A,relation-reasoning-agent-eval-v3.1
2026-08-20T18:10:00+09:00,CMP-S02-L05-01,S02,S02-L05,1,running,156.0636,485.586,100.6571,40.9705,0.1177,A,relation-reasoning-agent-eval-v3.1
2026-08-20T18:20:00+09:00,CMP-S02-L01-01,S02,S02-L01,1,running,170.3901,444.9784,100.6958,36.0875,-0.5626,A,relation-reasoning-agent-eval-v3.1
2026-08-20T18:20:00+09:00,CMP-S02-L02-01,S02,S02-L02,1,running,138.942,454.1117,101.5335,44.0109,0.7163,A,relation-reasoning-agent-eval-v3.1
2026-08-20T18:20:00+09:00,CMP-S02-L03-01,S02,S02-L03,1,running,174.5825,381.658,104.2793,38.6194,-0.56,A,relation-reasoning-agent-eval-v3.1
2026-08-20T18:20:00+09:00,CMP-S02-L04-01,S02,S02-L04,1,running,176.9555,468.7079,100.5581,41.1847,-0.1379,A,relation-reasoning-agent-eval-v3.1
2026-08-20T18:20:00+09:00,CMP-S02-L05-01,S02,S02-L05,1,running,159.8111,481.6059,100.0687,42.0811,0.3233,A,relation-reasoning-agent-eval-v3.1
2026-08-20T18:30:00+09:00,CMP-S02-L01-01,S02,S02-L01,1,running,172.9181,425.6312,109.5977,42.5372,0.6318,A,relation-reasoning-agent-eval-v3.1
2026-08-20T18:30:00+09:00,CMP-S02-L02-01,S02,S02-L02,1,running,137.7265,487.3214,104.8989,41.9552,0.3357,A,relation-reasoning-agent-eval-v3.1
2026-08-20T18:30:00+09:00,CMP-S02-L03-01,S02,S02-L03,1,running,169.5274,387.1194,101.3331,46.0566,0.8173,A,relation-reasoning-agent-eval-v3.1
2026-08-20T18:30:00+09:00,CMP-S02-L04-01,S02,S02-L04,1,running,181.4188,490.6288,106.6248,37.4022,-0.8383,A,relation-reasoning-agent-eval-v3.1
2026-08-20T18:30:00+09:00,CMP-S02-L05-01,S02,S02-L05,1,running,149.0068,452.0467,98.9155,38.4156,-0.3554,A,relation-reasoning-agent-eval-v3.1
2026-08-20T18:40:00+09:00,CMP-S02-L01-01,S02,S02-L01,1,running,172.0288,441.274,96.9049,34.0039,-0.9485,A,relation-reasoning-agent-eval-v3.1
2026-08-20T18:40:00+09:00,CMP-S02-L02-01,S02,S02-L02,1,running,169.7216,516.6316,104.7471,48.8088,1.6048,B,relation-reasoning-agent-eval-v3.1
2026-08-20T18:40:00+09:00,CMP-S02-L03-01,S02,S02-L03,1,running,168.9569,424.444,105.7618,47.2691,1.0418,B,relation-reasoning-agent-eval-v3.1
2026-08-20T18:40:00+09:00,CMP-S02-L04-01,S02,S02-L04,1,running,205.818,505.4267,106.9825,37.9186,-0.7427,A,relation-reasoning-agent-eval-v3.1
2026-08-20T18:40:00+09:00,CMP-S02-L05-01,S02,S02-L05,1,running,140.9953,474.3796,94.4487,40.8738,0.0998,A,relation-reasoning-agent-eval-v3.1
2026-08-20T18:50:00+09:00,CMP-S02-L01-01,S02,S02-L01,1,running,160.0117,443.0063,88.5875,34.3637,-0.8818,A,relation-reasoning-agent-eval-v3.1
2026-08-20T18:50:00+09:00,CMP-S02-L02-01,S02,S02-L02,1,running,171.7057,476.7167,106.3029,47.1828,1.3037,B,relation-reasoning-agent-eval-v3.1
2026-08-20T18:50:00+09:00,CMP-S02-L03-01,S02,S02-L03,1,running,178.8508,446.5055,99.5647,48.1414,1.2034,B,relation-reasoning-agent-eval-v3.1
2026-08-20T18:50:00+09:00,CMP-S02-L04-01,S02,S02-L04,1,running,212.0013,476.6908,102.2495,34.4566,-1.3838,B,relation-reasoning-agent-eval-v3.1
2026-08-20T18:50:00+09:00,CMP-S02-L05-01,S02,S02-L05,1,running,141.574,459.4425,98.3448,48.1515,1.4475,B,relation-reasoning-agent-eval-v3.1
2026-08-20T19:00:00+09:00,CMP-S02-L01-01,S02,S02-L01,1,running,150.7888,479.0469,95.4803,40.5914,0.2714,A,relation-reasoning-agent-eval-v3.1
2026-08-20T19:00:00+09:00,CMP-S02-L02-01,S02,S02-L02,1,running,186.8463,495.1675,102.4909,45.3758,0.9691,A,relation-reasoning-agent-eval-v3.1
2026-08-20T19:00:00+09:00,CMP-S02-L03-01,S02,S02-L03,1,running,192.9713,439.2329,95.5761,53.0681,2.1157,C,relation-reasoning-agent-eval-v3.1
2026-08-20T19:00:00+09:00,CMP-S02-L04-01,S02,S02-L04,1,running,205.7038,460.0022,97.9213,42.9892,0.1963,A,relation-reasoning-agent-eval-v3.1
2026-08-20T19:00:00+09:00,CMP-S02-L05-01,S02,S02-L05,1,running,153.9544,495.7265,105.8641,49.2327,1.6477,B,relation-reasoning-agent-eval-v3.1
2026-08-20T19:10:00+09:00,CMP-S02-L01-01,S02,S02-L01,1,running,152.6108,458.1018,97.8044,47.0519,1.4678,B,relation-reasoning-agent-eval-v3.1
2026-08-20T19:10:00+09:00,CMP-S02-L02-01,S02,S02-L02,1,running,183.3645,511.0568,105.371,42.5559,0.4469,A,relation-reasoning-agent-eval-v3.1
2026-08-20T19:10:00+09:00,CMP-S02-L03-01,S02,S02-L03,1,running,176.5259,439.3566,89.0876,45.5386,0.7214,A,relation-reasoning-agent-eval-v3.1
2026-08-20T19:10:00+09:00,CMP-S02-L04-01,S02,S02-L04,1,running,196.9695,457.4104,98.3011,51.2307,1.7225,B,relation-reasoning-agent-eval-v3.1
2026-08-20T19:10:00+09:00,CMP-S02-L05-01,S02,S02-L05,1,running,152.7581,491.7268,100.2123,48.3609,1.4863,B,relation-reasoning-agent-eval-v3.1
2026-08-20T19:20:00+09:00,CMP-S02-L01-01,S02,S02-L01,1,running,158.1615,423.3464,101.137,39.6626,0.0994,A,relation-reasoning-agent-eval-v3.1
2026-08-20T19:20:00+09:00,CMP-S02-L02-01,S02,S02-L02,1,running,179.8864,520.4344,99.4221,46.7795,1.229,B,relation-reasoning-agent-eval-v3.1
2026-08-20T19:20:00+09:00,CMP-S02-L03-01,S02,S02-L03,1,running,171.6393,440.6451,89.9437,50.8145,1.6984,B,relation-reasoning-agent-eval-v3.1
2026-08-20T19:20:00+09:00,CMP-S02-L04-01,S02,S02-L04,1,running,195.0887,447.5318,99.6434,54.3635,2.3027,C,relation-reasoning-agent-eval-v3.1
2026-08-20T19:20:00+09:00,CMP-S02-L05-01,S02,S02-L05,1,running,166.5408,505.9539,105.6996,41.193,0.1589,A,relation-reasoning-agent-eval-v3.1
2026-08-20T19:30:00+09:00,CMP-S02-L01-01,S02,S02-L01,1,running,150.0119,398.2633,95.2361,36.6372,-0.4608,A,relation-reasoning-agent-eval-v3.1
2026-08-20T19:30:00+09:00,CMP-S02-L02-01,S02,S02-L02,1,running,180.3385,520.5004,96.614,46.555,1.1875,B,relation-reasoning-agent-eval-v3.1
2026-08-20T19:30:00+09:00,CMP-S02-L03-01,S02,S02-L03,1,running,193.2703,460.8574,94.8647,40.9105,-0.1357,A,relation-reasoning-agent-eval-v3.1
2026-08-20T19:30:00+09:00,CMP-S02-L04-01,S02,S02-L04,1,running,190.372,426.7697,99.7152,49.7593,1.45,B,relation-reasoning-agent-eval-v3.1
2026-08-20T19:30:00+09:00,CMP-S02-L05-01,S02,S02-L05,1,running,157.7502,496.8535,101.2055,37.4265,-0.5386,A,relation-reasoning-agent-eval-v3.1
2026-08-20T19:40:00+09:00,CMP-S02-L01-01,S02,S02-L01,1,running,157.0927,437.0519,92.7355,38.1985,-0.1717,A,relation-reasoning-agent-eval-v3.1
2026-08-20T19:40:00+09:00,CMP-S02-L02-01,S02,S02-L02,1,running,181.4169,564.1717,103.9514,48.1325,1.4796,B,relation-reasoning-agent-eval-v3.1
2026-08-20T19:40:00+09:00,CMP-S02-L03-01,S02,S02-L03,1,running,179.486,502.8275,92.6812,40.8667,-0.1438,A,relation-reasoning-agent-eval-v3.1
2026-08-20T19:40:00+09:00,CMP-S02-L04-01,S02,S02-L04,1,running,183.5604,431.6974,96.431,44.033,0.3896,A,relation-reasoning-agent-eval-v3.1
2026-08-20T19:40:00+09:00,CMP-S02-L05-01,S02,S02-L05,1,running,171.6748,462.387,107.0129,37.0335,-0.6114,A,relation-reasoning-agent-eval-v3.1
2026-08-20T19:50:00+09:00,CMP-S02-L01-01,S02,S02-L01,1,running,153.1488,478.1208,97.4137,36.1673,-0.5478,A,relation-reasoning-agent-eval-v3.1
2026-08-20T19:50:00+09:00,CMP-S02-L02-01,S02,S02-L02,1,running,175.1369,513.4116,106.2325,51.0401,2.018,C,relation-reasoning-agent-eval-v3.1
2026-08-20T19:50:00+09:00,CMP-S02-L03-01,S02,S02-L03,1,running,176.9798,461.9589,92.96,37.2313,-0.817,A,relation-reasoning-agent-eval-v3.1
2026-08-20T19:50:00+09:00,CMP-S02-L04-01,S02,S02-L04,1,running,185.0969,464.8303,100.2342,40.9592,-0.1796,A,relation-reasoning-agent-eval-v3.1
2026-08-20T19:50:00+09:00,CMP-S02-L05-01,S02,S02-L05,1,running,164.0136,459.5098,104.7012,35.1717,-0.9562,A,relation-reasoning-agent-eval-v3.1
2026-08-20T20:00:00+09:00,CMP-S02-L01-01,S02,S02-L01,1,running,166.0817,422.9489,100.2706,31.5207,-1.4083,B,relation-reasoning-agent-eval-v3.1
2026-08-20T20:00:00+09:00,CMP-S02-L02-01,S02,S02-L02,1,running,170.1965,436.2348,103.5733,49.4736,1.7279,B,relation-reasoning-agent-eval-v3.1
2026-08-20T20:00:00+09:00,CMP-S02-L03-01,S02,S02-L03,1,running,196.2234,464.2162,90.8746,41.7276,0.0156,A,relation-reasoning-agent-eval-v3.1
2026-08-20T20:00:00+09:00,CMP-S02-L04-01,S02,S02-L04,1,running,182.8972,416.5422,104.8399,40.2713,-0.307,A,relation-reasoning-agent-eval-v3.1
2026-08-20T20:00:00+09:00,CMP-S02-L05-01,S02,S02-L05,1,running,161.6028,458.2639,106.7425,40.94,0.112,A,relation-reasoning-agent-eval-v3.1
2026-08-20T20:10:00+09:00,CMP-S02-L01-01,S02,S02-L01,1,running,174.0882,479.4631,99.3316,32.4789,-1.2309,B,relation-reasoning-agent-eval-v3.1
2026-08-20T20:10:00+09:00,CMP-S02-L02-01,S02,S02-L02,1,running,160.3496,427.9552,92.922,46.3609,1.1515,B,relation-reasoning-agent-eval-v3.1
2026-08-20T20:10:00+09:00,CMP-S02-L03-01,S02,S02-L03,1,running,197.2217,423.164,93.3851,49.6747,1.4873,B,relation-reasoning-agent-eval-v3.1
2026-08-20T20:10:00+09:00,CMP-S02-L04-01,S02,S02-L04,1,running,179.8824,473.7019,104.2677,43.2584,0.2462,A,relation-reasoning-agent-eval-v3.1
2026-08-20T20:10:00+09:00,CMP-S02-L05-01,S02,S02-L05,1,running,165.0068,462.5917,99.4364,40.0519,-0.0524,A,relation-reasoning-agent-eval-v3.1
2026-08-20T20:20:00+09:00,CMP-S02-L01-01,S02,S02-L01,1,running,174.952,468.4727,96.7561,35.3773,-0.6941,A,relation-reasoning-agent-eval-v3.1
2026-08-20T20:20:00+09:00,CMP-S02-L02-01,S02,S02-L02,1,running,153.6081,412.4329,94.5833,53.5613,2.4849,C,relation-reasoning-agent-eval-v3.1
2026-08-20T20:20:00+09:00,CMP-S02-L03-01,S02,S02-L03,1,running,197.333,439.3893,94.9659,45.6576,0.7434,A,relation-reasoning-agent-eval-v3.1
2026-08-20T20:20:00+09:00,CMP-S02-L04-01,S02,S02-L04,1,running,176.1158,474.1835,107.4022,47.827,1.0922,B,relation-reasoning-agent-eval-v3.1
2026-08-20T20:20:00+09:00,CMP-S02-L05-01,S02,S02-L05,1,running,160.6081,405.4767,99.8974,39.5668,-0.1423,A,relation-reasoning-agent-eval-v3.1
2026-08-20T20:30:00+09:00,CMP-S02-L01-01,S02,S02-L01,1,running,175.619,491.4277,91.7124,31.0921,-1.4877,B,relation-reasoning-agent-eval-v3.1
2026-08-20T20:30:00+09:00,CMP-S02-L02-01,S02,S02-L02,1,running,175.9616,449.2336,100.4125,55.2633,2.8001,C,relation-reasoning-agent-eval-v3.1
2026-08-20T20:30:00+09:00,CMP-S02-L03-01,S02,S02-L03,1,running,179.605,382.9191,101.1382,46.0865,0.8228,A,relation-reasoning-agent-eval-v3.1
2026-08-20T20:30:00+09:00,CMP-S02-L04-01,S02,S02-L04,1,running,188.2976,445.9351,104.2892,43.5766,0.3051,A,relation-reasoning-agent-eval-v3.1
2026-08-20T20:30:00+09:00,CMP-S02-L05-01,S02,S02-L05,1,running,168.1292,417.5796,95.3533,35.309,-0.9307,A,relation-reasoning-agent-eval-v3.1
2026-08-20T20:40:00+09:00,CMP-S02-L01-01,S02,S02-L01,1,running,188.121,433.0337,93.858,34.5549,-0.8464,A,relation-reasoning-agent-eval-v3.1
2026-08-20T20:40:00+09:00,CMP-S02-L02-01,S02,S02-L02,1,running,170.8654,426.0538,100.9959,54.53,2.6643,C,relation-reasoning-agent-eval-v3.1
2026-08-20T20:40:00+09:00,CMP-S02-L03-01,S02,S02-L03,1,running,183.3907,358.6406,106.7812,37.7194,-0.7266,A,relation-reasoning-agent-eval-v3.1
2026-08-20T20:40:00+09:00,CMP-S02-L04-01,S02,S02-L04,1,running,168.7995,513.3694,104.3112,41.6096,-0.0592,A,relation-reasoning-agent-eval-v3.1
2026-08-20T20:40:00+09:00,CMP-S02-L05-01,S02,S02-L05,1,running,162.2139,436.2047,93.6457,28.7198,-2.151,C,relation-reasoning-agent-eval-v3.1
2026-08-20T20:50:00+09:00,CMP-S02-L01-01,S02,S02-L01,1,running,174.9602,467.1232,100.7002,37.7796,-0.2493,A,relation-reasoning-agent-eval-v3.1
2026-08-20T20:50:00+09:00,CMP-S02-L02-01,S02,S02-L02,1,running,153.1009,451.0992,97.8748,47.4911,1.3608,B,relation-reasoning-agent-eval-v3.1
2026-08-20T20:50:00+09:00,CMP-S02-L03-01,S02,S02-L03,1,running,151.0297,343.1723,101.0478,45.7069,0.7525,A,relation-reasoning-agent-eval-v3.1
2026-08-20T20:50:00+09:00,CMP-S02-L04-01,S02,S02-L04,1,running,170.763,496.4193,107.7763,42.404,0.0879,A,relation-reasoning-agent-eval-v3.1
2026-08-20T20:50:00+09:00,CMP-S02-L05-01,S02,S02-L05,1,running,169.595,403.3709,95.6976,37.3808,-0.5471,A,relation-reasoning-agent-eval-v3.1
2026-08-20T21:00:00+09:00,CMP-S02-L01-01,S02,S02-L01,1,running,191.1496,447.0761,97.4296,42.4424,0.6142,A,relation-reasoning-agent-eval-v3.1
2026-08-20T21:00:00+09:00,CMP-S02-L02-01,S02,S02-L02,1,running,169.8077,427.9937,98.7553,48.413,1.5315,B,relation-reasoning-agent-eval-v3.1
2026-08-20T21:00:00+09:00,CMP-S02-L03-01,S02,S02-L03,1,running,165.3846,382.2255,102.0348,48.8458,1.3338,B,relation-reasoning-agent-eval-v3.1
2026-08-20T21:00:00+09:00,CMP-S02-L04-01,S02,S02-L04,1,running,164.2617,434.324,103.3291,49.7545,1.4491,B,relation-reasoning-agent-eval-v3.1
2026-08-20T21:00:00+09:00,CMP-S02-L05-01,S02,S02-L05,1,running,167.8212,388.2284,97.2324,33.9058,-1.1906,B,relation-reasoning-agent-eval-v3.1
2026-08-20T21:10:00+09:00,CMP-S02-L01-01,S02,S02-L01,1,running,178.0556,440.1054,97.4205,40.1878,0.1967,A,relation-reasoning-agent-eval-v3.1
2026-08-20T21:10:00+09:00,CMP-S02-L02-01,S02,S02-L02,1,running,176.1679,450.0797,100.0674,43.8208,0.6811,A,relation-reasoning-agent-eval-v3.1
2026-08-20T21:10:00+09:00,CMP-S02-L03-01,S02,S02-L03,1,running,186.3531,389.8998,102.2705,47.4287,1.0714,B,relation-reasoning-agent-eval-v3.1
2026-08-20T21:10:00+09:00,CMP-S02-L04-01,S02,S02-L04,1,running,169.3117,479.1608,108.394,47.6637,1.0619,B,relation-reasoning-agent-eval-v3.1
2026-08-20T21:10:00+09:00,CMP-S02-L05-01,S02,S02-L05,1,running,156.9227,459.6942,98.3326,32.7216,-1.4099,B,relation-reasoning-agent-eval-v3.1
2026-08-20T21:20:00+09:00,CMP-S02-L01-01,S02,S02-L01,1,running,160.4583,425.2931,103.2862,38.1789,-0.1753,A,relation-reasoning-agent-eval-v3.1
2026-08-20T21:20:00+09:00,CMP-S02-L02-01,S02,S02-L02,1,running,170.75,495.3278,97.7097,47.2609,1.3182,B,relation-reasoning-agent-eval-v3.1
2026-08-20T21:20:00+09:00,CMP-S02-L03-01,S02,S02-L03,1,running,187.4377,417.4312,103.3377,42.5989,0.177,A,relation-reasoning-agent-eval-v3.1
2026-08-20T21:20:00+09:00,CMP-S02-L04-01,S02,S02-L04,1,running,192.0113,492.5001,108.9299,45.8331,0.7229,A,relation-reasoning-agent-eval-v3.1
2026-08-20T21:20:00+09:00,CMP-S02-L05-01,S02,S02-L05,1,running,155.2781,459.5924,92.8659,37.2438,-0.5724,A,relation-reasoning-agent-eval-v3.1
2026-08-20T21:30:00+09:00,CMP-S02-L01-01,S02,S02-L01,1,running,168.4635,459.3979,105.8994,39.2868,0.0298,A,relation-reasoning-agent-eval-v3.1
2026-08-20T21:30:00+09:00,CMP-S02-L02-01,S02,S02-L02,1,running,171.5788,476.7476,105.3519,43.0839,0.5447,A,relation-reasoning-agent-eval-v3.1
2026-08-20T21:30:00+09:00,CMP-S02-L03-01,S02,S02-L03,1,running,179.5791,432.4132,104.7709,43.5385,0.351,A,relation-reasoning-agent-eval-v3.1
2026-08-20T21:30:00+09:00,CMP-S02-L04-01,S02,S02-L04,1,running,204.0256,458.7623,102.6113,48.8225,1.2766,B,relation-reasoning-agent-eval-v3.1
2026-08-20T21:30:00+09:00,CMP-S02-L05-01,S02,S02-L05,1,running,162.3585,463.6033,85.5291,30.7204,-1.7805,B,relation-reasoning-agent-eval-v3.1
2026-08-20T21:40:00+09:00,CMP-S02-L01-01,S02,S02-L01,1,running,155.0775,501.7219,105.1485,41.2784,0.3987,A,relation-reasoning-agent-eval-v3.1
2026-08-20T21:40:00+09:00,CMP-S02-L02-01,S02,S02-L02,1,running,172.3223,453.7152,99.525,39.8572,-0.0529,A,relation-reasoning-agent-eval-v3.1
2026-08-20T21:40:00+09:00,CMP-S02-L03-01,S02,S02-L03,1,running,185.6553,380.9007,99.5856,46.7876,0.9527,A,relation-reasoning-agent-eval-v3.1
2026-08-20T21:40:00+09:00,CMP-S02-L04-01,S02,S02-L04,1,running,186.7291,467.7406,106.2219,56.3768,2.6755,C,relation-reasoning-agent-eval-v3.1
2026-08-20T21:40:00+09:00,CMP-S02-L05-01,S02,S02-L05,1,running,159.6484,420.3523,90.6331,33.924,-1.1872,B,relation-reasoning-agent-eval-v3.1
2026-08-20T21:50:00+09:00,CMP-S02-L01-01,S02,S02-L01,1,running,150.3195,504.6566,104.1327,37.9973,-0.209,A,relation-reasoning-agent-eval-v3.1
2026-08-20T21:50:00+09:00,CMP-S02-L02-01,S02,S02-L02,1,running,161.6914,494.8738,98.7542,39.1541,-0.1831,A,relation-reasoning-agent-eval-v3.1
2026-08-20T21:50:00+09:00,CMP-S02-L03-01,S02,S02-L03,1,running,166.9291,408.1079,98.0642,41.7551,0.0207,A,relation-reasoning-agent-eval-v3.1
2026-08-20T21:50:00+09:00,CMP-S02-L04-01,S02,S02-L04,1,running,170.2206,448.2334,102.0339,50.4064,1.5699,B,relation-reasoning-agent-eval-v3.1
2026-08-20T21:50:00+09:00,CMP-S02-L05-01,S02,S02-L05,1,running,161.7283,445.2362,90.5015,35.8352,-0.8333,A,relation-reasoning-agent-eval-v3.1
2026-08-20T22:00:00+09:00,CMP-S02-L01-01,S02,S02-L01,1,running,155.3294,480.3952,102.2393,31.9671,-1.3257,B,relation-reasoning-agent-eval-v3.1
2026-08-20T22:00:00+09:00,CMP-S02-L02-01,S02,S02-L02,1,running,169.6527,456.1292,97.8106,37.2428,-0.537,A,relation-reasoning-agent-eval-v3.1
2026-08-20T22:00:00+09:00,CMP-S02-L03-01,S02,S02-L03,1,running,159.1529,391.8227,100.2491,42.7219,0.1998,A,relation-reasoning-agent-eval-v3.1
2026-08-20T22:00:00+09:00,CMP-S02-L04-01,S02,S02-L04,1,running,150.479,437.1323,94.1774,51.0849,1.6955,B,relation-reasoning-agent-eval-v3.1
2026-08-20T22:00:00+09:00,CMP-S02-L05-01,S02,S02-L05,1,running,171.1096,443.6298,89.6715,42.6384,0.4266,A,relation-reasoning-agent-eval-v3.1
2026-08-20T22:10:00+09:00,CMP-S02-L01-01,S02,S02-L01,1,running,170.5879,455.0587,106.3936,36.7711,-0.436,A,relation-reasoning-agent-eval-v3.1
2026-08-20T22:10:00+09:00,CMP-S02-L02-01,S02,S02-L02,1,running,150.8837,433.302,103.2417,39.0035,-0.211,A,relation-reasoning-agent-eval-v3.1
2026-08-20T22:10:00+09:00,CMP-S02-L03-01,S02,S02-L03,1,running,159.0358,377.4495,99.572,47.4275,1.0712,B,relation-reasoning-agent-eval-v3.1
2026-08-20T22:10:00+09:00,CMP-S02-L04-01,S02,S02-L04,1,running,136.4155,488.2711,90.5929,48.8282,1.2776,B,relation-reasoning-agent-eval-v3.1
2026-08-20T22:10:00+09:00,CMP-S02-L05-01,S02,S02-L05,1,running,165.0158,459.4268,86.2593,41.4785,0.2118,A,relation-reasoning-agent-eval-v3.1
2026-08-20T22:20:00+09:00,CMP-S02-L01-01,S02,S02-L01,1,running,170.1169,427.9493,107.6612,39.3226,0.0365,A,relation-reasoning-agent-eval-v3.1
2026-08-20T22:20:00+09:00,CMP-S02-L02-01,S02,S02-L02,1,running,141.0174,435.8677,102.3976,40.3376,0.0361,A,relation-reasoning-agent-eval-v3.1
2026-08-20T22:20:00+09:00,CMP-S02-L03-01,S02,S02-L03,1,running,163.8781,413.1334,102.7658,49.912,1.5313,B,relation-reasoning-agent-eval-v3.1
2026-08-20T22:20:00+09:00,CMP-S02-L04-01,S02,S02-L04,1,running,134.4573,466.2517,91.3153,45.2183,0.6091,A,relation-reasoning-agent-eval-v3.1
2026-08-20T22:20:00+09:00,CMP-S02-L05-01,S02,S02-L05,1,running,172.3795,440.8383,90.2248,51.6896,2.1027,C,relation-reasoning-agent-eval-v3.1
2026-08-20T22:30:00+09:00,CMP-S02-L01-01,S02,S02-L01,1,running,173.4416,468.2988,98.6511,44.2607,0.9509,A,relation-reasoning-agent-eval-v3.1
2026-08-20T22:30:00+09:00,CMP-S02-L02-01,S02,S02-L02,1,running,145.9151,445.0704,97.7768,38.8328,-0.2426,A,relation-reasoning-agent-eval-v3.1
2026-08-20T22:30:00+09:00,CMP-S02-L03-01,S02,S02-L03,1,running,174.6084,410.0783,96.7146,46.5588,0.9103,A,relation-reasoning-agent-eval-v3.1
2026-08-20T22:30:00+09:00,CMP-S02-L04-01,S02,S02-L04,1,running,146.2435,409.7448,90.5527,45.1846,0.6029,A,relation-reasoning-agent-eval-v3.1
2026-08-20T22:30:00+09:00,CMP-S02-L05-01,S02,S02-L05,1,running,168.9805,415.2444,88.1554,50.42,1.8676,B,relation-reasoning-agent-eval-v3.1
2026-08-20T22:40:00+09:00,CMP-S02-L01-01,S02,S02-L01,1,running,180.646,416.8721,96.9179,31.2486,-1.4587,B,relation-reasoning-agent-eval-v3.1
2026-08-20T22:40:00+09:00,CMP-S02-L02-01,S02,S02-L02,1,running,145.354,408.7314,100.7337,36.8193,-0.6154,A,relation-reasoning-agent-eval-v3.1
2026-08-20T22:40:00+09:00,CMP-S02-L03-01,S02,S02-L03,1,running,189.6221,410.9283,99.3886,43.9619,0.4294,A,relation-reasoning-agent-eval-v3.1
2026-08-20T22:40:00+09:00,CMP-S02-L04-01,S02,S02-L04,1,running,159.4573,402.0464,86.3296,46.1472,0.7811,A,relation-reasoning-agent-eval-v3.1
2026-08-20T22:40:00+09:00,CMP-S02-L05-01,S02,S02-L05,1,running,176.3496,374.3517,92.0228,54.1121,2.5513,C,relation-reasoning-agent-eval-v3.1
2026-08-20T22:50:00+09:00,CMP-S02-L01-01,S02,S02-L01,1,running,180.432,400.8854,93.602,37.5142,-0.2984,A,relation-reasoning-agent-eval-v3.1
2026-08-20T22:50:00+09:00,CMP-S02-L02-01,S02,S02-L02,1,running,136.758,423.8803,106.9515,40.3434,0.0372,A,relation-reasoning-agent-eval-v3.1
2026-08-20T22:50:00+09:00,CMP-S02-L03-01,S02,S02-L03,1,running,203.9606,365.0368,95.6917,38.5247,-0.5775,A,relation-reasoning-agent-eval-v3.1
2026-08-20T22:50:00+09:00,CMP-S02-L04-01,S02,S02-L04,1,running,161.8266,409.2984,90.9485,42.9343,0.1861,A,relation-reasoning-agent-eval-v3.1
2026-08-20T22:50:00+09:00,CMP-S02-L05-01,S02,S02-L05,1,running,161.5011,368.8433,90.3429,48.183,1.4533,B,relation-reasoning-agent-eval-v3.1
2026-08-20T23:00:00+09:00,CMP-S02-L01-01,S02,S02-L01,1,running,182.2402,383.2817,98.176,35.3945,-0.691,A,relation-reasoning-agent-eval-v3.1
2026-08-20T23:00:00+09:00,CMP-S02-L02-01,S02,S02-L02,1,running,134.2107,428.9549,100.3887,45.792,1.0462,B,relation-reasoning-agent-eval-v3.1
2026-08-20T23:00:00+09:00,CMP-S02-L03-01,S02,S02-L03,1,running,196.1705,380.0014,89.5223,45.5131,0.7166,A,relation-reasoning-agent-eval-v3.1
2026-08-20T23:00:00+09:00,CMP-S02-L04-01,S02,S02-L04,1,running,162.6338,414.4624,85.565,39.2417,-0.4977,A,relation-reasoning-agent-eval-v3.1
2026-08-20T23:00:00+09:00,CMP-S02-L05-01,S02,S02-L05,1,running,150.2472,387.1,89.9679,49.8731,1.7663,B,relation-reasoning-agent-eval-v3.1
