observed_at,asset_id,site_id,cell_id,is_operating,operating_state,voltage_raw,rotation_raw,pressure_raw,vibration_raw,relative_vibration_z,relative_vibration_zone,generator_version
2026-08-08T14:00:00+09:00,CMP-S03-L01-01,S03,S03-L01,1,running,183.1718,470.0355,90.1701,49.1997,1.4166,B,relation-reasoning-agent-eval-v3.1
2026-08-08T14:00:00+09:00,CMP-S03-L02-01,S03,S03-L02,1,running,161.2906,439.8023,89.5513,37.7281,-0.7583,A,relation-reasoning-agent-eval-v3.1
2026-08-08T14:00:00+09:00,CMP-S03-L03-01,S03,S03-L03,1,running,191.7915,379.1993,95.4869,34.1412,-0.8762,A,relation-reasoning-agent-eval-v3.1
2026-08-08T14:00:00+09:00,CMP-S03-L04-01,S03,S03-L04,1,running,171.0083,468.9364,111.7088,36.8974,-0.3555,A,relation-reasoning-agent-eval-v3.1
2026-08-08T14:00:00+09:00,CMP-S03-L05-01,S03,S03-L05,1,running,186.9283,469.7137,109.0754,43.9854,0.5953,A,relation-reasoning-agent-eval-v3.1
2026-08-08T14:10:00+09:00,CMP-S03-L01-01,S03,S03-L01,1,running,180.7047,488.4442,96.6016,45.0745,0.6527,A,relation-reasoning-agent-eval-v3.1
2026-08-08T14:10:00+09:00,CMP-S03-L02-01,S03,S03-L02,1,running,157.0208,435.48,92.818,42.4382,0.114,A,relation-reasoning-agent-eval-v3.1
2026-08-08T14:10:00+09:00,CMP-S03-L03-01,S03,S03-L03,1,running,190.4343,389.7387,95.0259,37.0764,-0.3326,A,relation-reasoning-agent-eval-v3.1
2026-08-08T14:10:00+09:00,CMP-S03-L04-01,S03,S03-L04,1,running,173.4582,477.3571,102.3408,38.5922,-0.0417,A,relation-reasoning-agent-eval-v3.1
2026-08-08T14:10:00+09:00,CMP-S03-L05-01,S03,S03-L05,1,running,199.0634,475.4929,100.3564,39.5083,-0.2338,A,relation-reasoning-agent-eval-v3.1
2026-08-08T14:20:00+09:00,CMP-S03-L01-01,S03,S03-L01,1,running,188.3552,484.6001,98.6424,45.758,0.7792,A,relation-reasoning-agent-eval-v3.1
2026-08-08T14:20:00+09:00,CMP-S03-L02-01,S03,S03-L02,1,running,172.2853,447.0418,99.6708,44.3868,0.4748,A,relation-reasoning-agent-eval-v3.1
2026-08-08T14:20:00+09:00,CMP-S03-L03-01,S03,S03-L03,1,running,187.8251,405.0227,98.9002,41.1788,0.4271,A,relation-reasoning-agent-eval-v3.1
2026-08-08T14:20:00+09:00,CMP-S03-L04-01,S03,S03-L04,1,running,172.5704,485.8339,98.7985,39.2504,0.0802,A,relation-reasoning-agent-eval-v3.1
2026-08-08T14:20:00+09:00,CMP-S03-L05-01,S03,S03-L05,1,running,174.4197,434.9946,103.7696,36.6822,-0.7572,A,relation-reasoning-agent-eval-v3.1
2026-08-08T14:30:00+09:00,CMP-S03-L01-01,S03,S03-L01,1,running,195.2464,480.3377,97.5972,47.349,1.0739,B,relation-reasoning-agent-eval-v3.1
2026-08-08T14:30:00+09:00,CMP-S03-L02-01,S03,S03-L02,1,running,167.5049,491.6109,92.7114,42.0128,0.0352,A,relation-reasoning-agent-eval-v3.1
2026-08-08T14:30:00+09:00,CMP-S03-L03-01,S03,S03-L03,1,running,172.6632,440.6279,101.4439,44.257,0.9971,A,relation-reasoning-agent-eval-v3.1
2026-08-08T14:30:00+09:00,CMP-S03-L04-01,S03,S03-L04,1,running,185.8052,428.7011,95.3677,35.95,-0.531,A,relation-reasoning-agent-eval-v3.1
2026-08-08T14:30:00+09:00,CMP-S03-L05-01,S03,S03-L05,1,running,157.563,432.1091,109.0567,37.9939,-0.5143,A,relation-reasoning-agent-eval-v3.1
2026-08-08T14:40:00+09:00,CMP-S03-L01-01,S03,S03-L01,1,running,178.3936,464.438,92.9753,45.577,0.7457,A,relation-reasoning-agent-eval-v3.1
2026-08-08T14:40:00+09:00,CMP-S03-L02-01,S03,S03-L02,1,running,177.71,484.3355,96.702,45.7484,0.727,A,relation-reasoning-agent-eval-v3.1
2026-08-08T14:40:00+09:00,CMP-S03-L03-01,S03,S03-L03,1,running,168.5836,436.6754,98.4557,41.7559,0.534,A,relation-reasoning-agent-eval-v3.1
2026-08-08T14:40:00+09:00,CMP-S03-L04-01,S03,S03-L04,1,running,180.5008,424.8146,98.6232,30.8576,-1.474,B,relation-reasoning-agent-eval-v3.1
2026-08-08T14:40:00+09:00,CMP-S03-L05-01,S03,S03-L05,1,running,160.8489,473.9058,104.5302,31.6727,-1.6849,B,relation-reasoning-agent-eval-v3.1
2026-08-08T14:50:00+09:00,CMP-S03-L01-01,S03,S03-L01,1,running,180.9431,460.4507,98.9728,40.3619,-0.22,A,relation-reasoning-agent-eval-v3.1
2026-08-08T14:50:00+09:00,CMP-S03-L02-01,S03,S03-L02,1,running,194.3261,482.0672,93.1168,46.1322,0.7981,A,relation-reasoning-agent-eval-v3.1
2026-08-08T14:50:00+09:00,CMP-S03-L03-01,S03,S03-L03,1,running,166.3447,467.5893,102.8297,40.2216,0.2498,A,relation-reasoning-agent-eval-v3.1
2026-08-08T14:50:00+09:00,CMP-S03-L04-01,S03,S03-L04,1,running,165.4326,442.9351,99.7766,33.1359,-1.0521,B,relation-reasoning-agent-eval-v3.1
2026-08-08T14:50:00+09:00,CMP-S03-L05-01,S03,S03-L05,1,running,157.4212,413.8879,100.6906,31.5008,-1.7167,B,relation-reasoning-agent-eval-v3.1
2026-08-08T15:00:00+09:00,CMP-S03-L01-01,S03,S03-L01,1,running,179.1163,455.6942,87.4316,39.367,-0.4043,A,relation-reasoning-agent-eval-v3.1
2026-08-08T15:00:00+09:00,CMP-S03-L02-01,S03,S03-L02,1,running,177.2754,531.5378,94.4421,36.1783,-1.0453,B,relation-reasoning-agent-eval-v3.1
2026-08-08T15:00:00+09:00,CMP-S03-L03-01,S03,S03-L03,1,running,170.2277,390.6209,100.2291,38.8978,0.0047,A,relation-reasoning-agent-eval-v3.1
2026-08-08T15:00:00+09:00,CMP-S03-L04-01,S03,S03-L04,1,running,169.0918,456.5523,103.227,30.9641,-1.4543,B,relation-reasoning-agent-eval-v3.1
2026-08-08T15:00:00+09:00,CMP-S03-L05-01,S03,S03-L05,1,running,155.1746,425.6302,95.2051,40.9848,0.0396,A,relation-reasoning-agent-eval-v3.1
2026-08-08T15:10:00+09:00,CMP-S03-L01-01,S03,S03-L01,1,running,183.4456,453.7018,89.9182,42.7572,0.2235,A,relation-reasoning-agent-eval-v3.1
2026-08-08T15:10:00+09:00,CMP-S03-L02-01,S03,S03-L02,1,running,160.1757,526.0646,101.088,39.7523,-0.3834,A,relation-reasoning-agent-eval-v3.1
2026-08-08T15:10:00+09:00,CMP-S03-L03-01,S03,S03-L03,1,running,170.964,365.652,99.3759,34.5048,-0.8088,A,relation-reasoning-agent-eval-v3.1
2026-08-08T15:10:00+09:00,CMP-S03-L04-01,S03,S03-L04,1,running,169.3124,431.9247,100.8496,33.3373,-1.0148,B,relation-reasoning-agent-eval-v3.1
2026-08-08T15:10:00+09:00,CMP-S03-L05-01,S03,S03-L05,1,running,141.6022,397.8254,93.5847,37.3506,-0.6334,A,relation-reasoning-agent-eval-v3.1
2026-08-08T15:20:00+09:00,CMP-S03-L01-01,S03,S03-L01,1,running,181.9953,527.1337,88.5506,43.1339,0.2933,A,relation-reasoning-agent-eval-v3.1
2026-08-08T15:20:00+09:00,CMP-S03-L02-01,S03,S03-L02,1,running,149.3658,500.1195,95.9084,32.1088,-1.7989,B,relation-reasoning-agent-eval-v3.1
2026-08-08T15:20:00+09:00,CMP-S03-L03-01,S03,S03-L03,1,running,176.9023,391.7723,99.5358,34.3542,-0.8367,A,relation-reasoning-agent-eval-v3.1
2026-08-08T15:20:00+09:00,CMP-S03-L04-01,S03,S03-L04,1,running,189.9747,466.976,98.3782,35.0759,-0.6929,A,relation-reasoning-agent-eval-v3.1
2026-08-08T15:20:00+09:00,CMP-S03-L05-01,S03,S03-L05,1,running,150.6348,398.0755,97.919,37.3991,-0.6244,A,relation-reasoning-agent-eval-v3.1
2026-08-08T15:30:00+09:00,CMP-S03-L01-01,S03,S03-L01,1,running,175.8939,565.298,90.2408,45.656,0.7603,A,relation-reasoning-agent-eval-v3.1
2026-08-08T15:30:00+09:00,CMP-S03-L02-01,S03,S03-L02,1,running,158.0259,432.4121,90.6444,29.831,-2.2207,C,relation-reasoning-agent-eval-v3.1
2026-08-08T15:30:00+09:00,CMP-S03-L03-01,S03,S03-L03,1,running,167.2667,400.4067,98.7774,40.6474,0.3287,A,relation-reasoning-agent-eval-v3.1
2026-08-08T15:30:00+09:00,CMP-S03-L04-01,S03,S03-L04,1,running,165.1737,426.9107,100.7884,34.4473,-0.8093,A,relation-reasoning-agent-eval-v3.1
2026-08-08T15:30:00+09:00,CMP-S03-L05-01,S03,S03-L05,1,running,163.042,390.0402,94.4651,39.4609,-0.2426,A,relation-reasoning-agent-eval-v3.1
2026-08-08T15:40:00+09:00,CMP-S03-L01-01,S03,S03-L01,1,running,176.1638,510.9082,95.8855,45.3516,0.704,A,relation-reasoning-agent-eval-v3.1
2026-08-08T15:40:00+09:00,CMP-S03-L02-01,S03,S03-L02,1,running,190.9774,431.0897,89.8993,39.636,-0.4049,A,relation-reasoning-agent-eval-v3.1
2026-08-08T15:40:00+09:00,CMP-S03-L03-01,S03,S03-L03,1,running,148.854,449.4369,100.4784,41.2597,0.4421,A,relation-reasoning-agent-eval-v3.1
2026-08-08T15:40:00+09:00,CMP-S03-L04-01,S03,S03-L04,1,running,178.5721,433.2817,92.769,39.6052,0.1459,A,relation-reasoning-agent-eval-v3.1
2026-08-08T15:40:00+09:00,CMP-S03-L05-01,S03,S03-L05,1,running,167.8904,449.2159,100.8358,43.1273,0.4364,A,relation-reasoning-agent-eval-v3.1
2026-08-08T15:50:00+09:00,CMP-S03-L01-01,S03,S03-L01,1,running,170.8285,526.8691,90.1005,45.7209,0.7723,A,relation-reasoning-agent-eval-v3.1
2026-08-08T15:50:00+09:00,CMP-S03-L02-01,S03,S03-L02,1,running,182.0049,395.1121,85.5728,34.2622,-1.4001,B,relation-reasoning-agent-eval-v3.1
2026-08-08T15:50:00+09:00,CMP-S03-L03-01,S03,S03-L03,1,running,152.0847,495.4013,96.9095,42.7546,0.7189,A,relation-reasoning-agent-eval-v3.1
2026-08-08T15:50:00+09:00,CMP-S03-L04-01,S03,S03-L04,1,running,154.9886,411.7489,95.279,50.4616,2.1563,C,relation-reasoning-agent-eval-v3.1
2026-08-08T15:50:00+09:00,CMP-S03-L05-01,S03,S03-L05,1,running,163.7953,459.1438,101.6569,44.4542,0.6821,A,relation-reasoning-agent-eval-v3.1
2026-08-08T16:00:00+09:00,CMP-S03-L01-01,S03,S03-L01,1,running,162.6386,537.7711,92.1357,47.5319,1.1077,B,relation-reasoning-agent-eval-v3.1
2026-08-08T16:00:00+09:00,CMP-S03-L02-01,S03,S03-L02,1,running,176.9956,414.3735,89.9872,35.3036,-1.2072,B,relation-reasoning-agent-eval-v3.1
2026-08-08T16:00:00+09:00,CMP-S03-L03-01,S03,S03-L03,1,running,150.9509,448.8725,99.8213,48.3479,1.7547,B,relation-reasoning-agent-eval-v3.1
2026-08-08T16:00:00+09:00,CMP-S03-L04-01,S03,S03-L04,1,running,159.0857,437.6277,101.1621,52.9407,2.6154,C,relation-reasoning-agent-eval-v3.1
2026-08-08T16:00:00+09:00,CMP-S03-L05-01,S03,S03-L05,1,running,170.5462,446.4276,102.5035,45.2319,0.8261,A,relation-reasoning-agent-eval-v3.1
2026-08-08T16:10:00+09:00,CMP-S03-L01-01,S03,S03-L01,1,running,171.9658,562.5642,92.9609,46.3498,0.8888,A,relation-reasoning-agent-eval-v3.1
2026-08-08T16:10:00+09:00,CMP-S03-L02-01,S03,S03-L02,1,running,179.1686,473.6794,88.0647,37.5333,-0.7943,A,relation-reasoning-agent-eval-v3.1
2026-08-08T16:10:00+09:00,CMP-S03-L03-01,S03,S03-L03,1,running,154.6705,437.0143,92.4005,45.8171,1.286,B,relation-reasoning-agent-eval-v3.1
2026-08-08T16:10:00+09:00,CMP-S03-L04-01,S03,S03-L04,1,running,169.5305,443.683,100.4506,52.7625,2.5824,C,relation-reasoning-agent-eval-v3.1
2026-08-08T16:10:00+09:00,CMP-S03-L05-01,S03,S03-L05,1,running,166.4813,447.4275,106.4654,43.507,0.5067,A,relation-reasoning-agent-eval-v3.1
2026-08-08T16:20:00+09:00,CMP-S03-L01-01,S03,S03-L01,1,running,164.5397,543.756,95.482,46.2586,0.8719,A,relation-reasoning-agent-eval-v3.1
2026-08-08T16:20:00+09:00,CMP-S03-L02-01,S03,S03-L02,1,running,172.5224,464.0528,92.8225,33.6257,-1.5179,B,relation-reasoning-agent-eval-v3.1
2026-08-08T16:20:00+09:00,CMP-S03-L03-01,S03,S03-L03,1,running,173.9064,407.5359,91.3238,48.6985,1.8196,B,relation-reasoning-agent-eval-v3.1
2026-08-08T16:20:00+09:00,CMP-S03-L04-01,S03,S03-L04,1,running,182.5029,409.1734,101.2578,47.5259,1.6127,B,relation-reasoning-agent-eval-v3.1
2026-08-08T16:20:00+09:00,CMP-S03-L05-01,S03,S03-L05,1,running,185.2668,467.3054,103.9468,43.0351,0.4193,A,relation-reasoning-agent-eval-v3.1
2026-08-08T16:30:00+09:00,CMP-S03-L01-01,S03,S03-L01,1,running,167.6197,504.4489,87.9547,50.8586,1.7238,B,relation-reasoning-agent-eval-v3.1
2026-08-08T16:30:00+09:00,CMP-S03-L02-01,S03,S03-L02,1,running,179.8801,458.1311,96.2142,39.2322,-0.4797,A,relation-reasoning-agent-eval-v3.1
2026-08-08T16:30:00+09:00,CMP-S03-L03-01,S03,S03-L03,1,running,178.0052,372.8165,90.6406,45.6501,1.2551,B,relation-reasoning-agent-eval-v3.1
2026-08-08T16:30:00+09:00,CMP-S03-L04-01,S03,S03-L04,1,running,182.0971,435.4229,98.3547,43.4392,0.8559,A,relation-reasoning-agent-eval-v3.1
2026-08-08T16:30:00+09:00,CMP-S03-L05-01,S03,S03-L05,1,running,192.8688,505.0956,108.8705,37.6206,-0.5834,A,relation-reasoning-agent-eval-v3.1
2026-08-08T16:40:00+09:00,CMP-S03-L01-01,S03,S03-L01,1,running,156.7625,489.8242,98.2171,50.2165,1.6049,B,relation-reasoning-agent-eval-v3.1
2026-08-08T16:40:00+09:00,CMP-S03-L02-01,S03,S03-L02,1,running,179.7645,438.1646,97.0484,37.92,-0.7227,A,relation-reasoning-agent-eval-v3.1
2026-08-08T16:40:00+09:00,CMP-S03-L03-01,S03,S03-L03,1,running,182.9902,391.464,92.4404,42.6104,0.6922,A,relation-reasoning-agent-eval-v3.1
2026-08-08T16:40:00+09:00,CMP-S03-L04-01,S03,S03-L04,1,running,150.7151,406.2458,98.6771,40.9865,0.4017,A,relation-reasoning-agent-eval-v3.1
2026-08-08T16:40:00+09:00,CMP-S03-L05-01,S03,S03-L05,1,running,175.3558,505.1478,100.8929,35.7222,-0.9349,A,relation-reasoning-agent-eval-v3.1
2026-08-08T16:50:00+09:00,CMP-S03-L01-01,S03,S03-L01,1,running,152.6145,521.2476,95.5154,46.4393,0.9054,A,relation-reasoning-agent-eval-v3.1
2026-08-08T16:50:00+09:00,CMP-S03-L02-01,S03,S03-L02,1,running,179.2767,447.5722,96.5898,44.4502,0.4866,A,relation-reasoning-agent-eval-v3.1
2026-08-08T16:50:00+09:00,CMP-S03-L03-01,S03,S03-L03,1,running,186.7905,395.913,90.3087,32.7767,-1.1288,B,relation-reasoning-agent-eval-v3.1
2026-08-08T16:50:00+09:00,CMP-S03-L04-01,S03,S03-L04,1,running,182.6234,429.9308,100.3245,41.3123,0.462,A,relation-reasoning-agent-eval-v3.1
2026-08-08T16:50:00+09:00,CMP-S03-L05-01,S03,S03-L05,1,running,182.6204,481.7331,95.4263,40.1329,-0.1182,A,relation-reasoning-agent-eval-v3.1
2026-08-08T17:00:00+09:00,CMP-S03-L01-01,S03,S03-L01,1,running,160.0514,503.7424,92.5514,45.1119,0.6596,A,relation-reasoning-agent-eval-v3.1
2026-08-08T17:00:00+09:00,CMP-S03-L02-01,S03,S03-L02,1,running,163.648,437.2837,91.2488,44.2392,0.4475,A,relation-reasoning-agent-eval-v3.1
2026-08-08T17:00:00+09:00,CMP-S03-L03-01,S03,S03-L03,1,running,175.8529,392.8864,94.6168,34.7756,-0.7587,A,relation-reasoning-agent-eval-v3.1
2026-08-08T17:00:00+09:00,CMP-S03-L04-01,S03,S03-L04,1,running,179.2983,432.2209,107.319,39.0952,0.0514,A,relation-reasoning-agent-eval-v3.1
2026-08-08T17:00:00+09:00,CMP-S03-L05-01,S03,S03-L05,1,running,199.2091,439.3527,99.3987,38.7837,-0.368,A,relation-reasoning-agent-eval-v3.1
2026-08-08T17:10:00+09:00,CMP-S03-L01-01,S03,S03-L01,1,running,150.8343,515.7432,96.9342,45.2159,0.6788,A,relation-reasoning-agent-eval-v3.1
2026-08-08T17:10:00+09:00,CMP-S03-L02-01,S03,S03-L02,1,running,166.1739,397.0119,97.3334,43.3348,0.28,A,relation-reasoning-agent-eval-v3.1
2026-08-08T17:10:00+09:00,CMP-S03-L03-01,S03,S03-L03,1,running,172.605,423.9986,96.3573,33.7501,-0.9486,A,relation-reasoning-agent-eval-v3.1
2026-08-08T17:10:00+09:00,CMP-S03-L04-01,S03,S03-L04,1,running,165.4984,476.3694,106.5123,40.4757,0.3071,A,relation-reasoning-agent-eval-v3.1
2026-08-08T17:10:00+09:00,CMP-S03-L05-01,S03,S03-L05,1,running,187.7284,434.694,94.6074,42.1054,0.2471,A,relation-reasoning-agent-eval-v3.1
2026-08-08T17:20:00+09:00,CMP-S03-L01-01,S03,S03-L01,1,running,154.5918,525.6348,99.512,44.2322,0.4967,A,relation-reasoning-agent-eval-v3.1
2026-08-08T17:20:00+09:00,CMP-S03-L02-01,S03,S03-L02,1,running,177.5604,437.037,98.6218,40.7055,-0.2069,A,relation-reasoning-agent-eval-v3.1
2026-08-08T17:20:00+09:00,CMP-S03-L03-01,S03,S03-L03,1,running,170.6847,413.4923,94.2468,32.6183,-1.1582,B,relation-reasoning-agent-eval-v3.1
2026-08-08T17:20:00+09:00,CMP-S03-L04-01,S03,S03-L04,1,running,154.7136,458.4937,106.2233,40.7452,0.357,A,relation-reasoning-agent-eval-v3.1
2026-08-08T17:20:00+09:00,CMP-S03-L05-01,S03,S03-L05,1,running,192.829,438.8248,100.1628,41.0826,0.0577,A,relation-reasoning-agent-eval-v3.1
2026-08-08T17:30:00+09:00,CMP-S03-L01-01,S03,S03-L01,1,running,158.803,450.4183,99.5174,46.2428,0.869,A,relation-reasoning-agent-eval-v3.1
2026-08-08T17:30:00+09:00,CMP-S03-L02-01,S03,S03-L02,1,running,180.1059,473.6558,100.7863,39.286,-0.4698,A,relation-reasoning-agent-eval-v3.1
2026-08-08T17:30:00+09:00,CMP-S03-L03-01,S03,S03-L03,1,running,157.4392,429.2487,93.8315,39.8884,0.1881,A,relation-reasoning-agent-eval-v3.1
2026-08-08T17:30:00+09:00,CMP-S03-L04-01,S03,S03-L04,1,running,171.6812,445.6968,96.2826,39.4713,0.1211,A,relation-reasoning-agent-eval-v3.1
2026-08-08T17:30:00+09:00,CMP-S03-L05-01,S03,S03-L05,1,running,182.5963,414.1725,100.804,43.1889,0.4478,A,relation-reasoning-agent-eval-v3.1
2026-08-08T17:40:00+09:00,CMP-S03-L01-01,S03,S03-L01,1,running,168.1376,451.9242,104.7394,39.5815,-0.3646,A,relation-reasoning-agent-eval-v3.1
2026-08-08T17:40:00+09:00,CMP-S03-L02-01,S03,S03-L02,1,running,175.6969,514.1695,99.6556,35.249,-1.2173,B,relation-reasoning-agent-eval-v3.1
2026-08-08T17:40:00+09:00,CMP-S03-L03-01,S03,S03-L03,1,running,165.5106,445.7966,95.4153,35.3055,-0.6606,A,relation-reasoning-agent-eval-v3.1
2026-08-08T17:40:00+09:00,CMP-S03-L04-01,S03,S03-L04,1,running,157.9182,447.5408,100.6219,39.7798,0.1782,A,relation-reasoning-agent-eval-v3.1
2026-08-08T17:40:00+09:00,CMP-S03-L05-01,S03,S03-L05,1,running,206.1395,455.5635,96.9658,36.3418,-0.8202,A,relation-reasoning-agent-eval-v3.1
2026-08-08T17:50:00+09:00,CMP-S03-L01-01,S03,S03-L01,1,running,167.4862,417.1798,109.5634,41.2818,-0.0497,A,relation-reasoning-agent-eval-v3.1
2026-08-08T17:50:00+09:00,CMP-S03-L02-01,S03,S03-L02,1,running,175.9353,523.3235,100.3358,46.1226,0.7963,A,relation-reasoning-agent-eval-v3.1
2026-08-08T17:50:00+09:00,CMP-S03-L03-01,S03,S03-L03,1,running,165.1521,453.3964,89.0134,43.5258,0.8617,A,relation-reasoning-agent-eval-v3.1
2026-08-08T17:50:00+09:00,CMP-S03-L04-01,S03,S03-L04,1,running,174.175,428.9452,98.7228,36.4246,-0.4431,A,relation-reasoning-agent-eval-v3.1
2026-08-08T17:50:00+09:00,CMP-S03-L05-01,S03,S03-L05,1,running,182.9846,443.5292,92.1427,39.7936,-0.181,A,relation-reasoning-agent-eval-v3.1
2026-08-08T18:00:00+09:00,CMP-S03-L01-01,S03,S03-L01,1,running,160.3888,442.0536,103.4691,46.2544,0.8711,A,relation-reasoning-agent-eval-v3.1
2026-08-08T18:00:00+09:00,CMP-S03-L02-01,S03,S03-L02,1,running,166.2571,492.3875,99.3449,39.8704,-0.3615,A,relation-reasoning-agent-eval-v3.1
2026-08-08T18:00:00+09:00,CMP-S03-L03-01,S03,S03-L03,1,running,150.2427,465.9375,93.0118,42.4764,0.6674,A,relation-reasoning-agent-eval-v3.1
2026-08-08T18:00:00+09:00,CMP-S03-L04-01,S03,S03-L04,1,running,165.1964,439.8817,94.1835,38.2061,-0.1132,A,relation-reasoning-agent-eval-v3.1
2026-08-08T18:00:00+09:00,CMP-S03-L05-01,S03,S03-L05,1,running,172.6112,444.832,100.016,44.3769,0.6678,A,relation-reasoning-agent-eval-v3.1
2026-08-08T18:10:00+09:00,CMP-S03-L01-01,S03,S03-L01,1,running,171.69,439.1917,103.1298,45.7101,0.7704,A,relation-reasoning-agent-eval-v3.1
2026-08-08T18:10:00+09:00,CMP-S03-L02-01,S03,S03-L02,1,running,164.2249,428.6368,99.1538,40.8434,-0.1813,A,relation-reasoning-agent-eval-v3.1
2026-08-08T18:10:00+09:00,CMP-S03-L03-01,S03,S03-L03,1,running,169.7964,397.7867,95.4714,40.5355,0.308,A,relation-reasoning-agent-eval-v3.1
2026-08-08T18:10:00+09:00,CMP-S03-L04-01,S03,S03-L04,1,running,163.3452,438.7257,96.5498,38.8578,0.0075,A,relation-reasoning-agent-eval-v3.1
2026-08-08T18:10:00+09:00,CMP-S03-L05-01,S03,S03-L05,1,running,170.8288,441.8694,101.4511,37.5483,-0.5968,A,relation-reasoning-agent-eval-v3.1
2026-08-08T18:20:00+09:00,CMP-S03-L01-01,S03,S03-L01,1,running,165.7897,434.9493,105.9832,46.4203,0.9019,A,relation-reasoning-agent-eval-v3.1
2026-08-08T18:20:00+09:00,CMP-S03-L02-01,S03,S03-L02,1,running,168.8925,430.6723,101.0572,42.9878,0.2158,A,relation-reasoning-agent-eval-v3.1
2026-08-08T18:20:00+09:00,CMP-S03-L03-01,S03,S03-L03,1,running,171.2345,363.65,95.8061,36.4156,-0.455,A,relation-reasoning-agent-eval-v3.1
2026-08-08T18:20:00+09:00,CMP-S03-L04-01,S03,S03-L04,1,running,162.8653,503.2311,98.7503,39.3065,0.0906,A,relation-reasoning-agent-eval-v3.1
2026-08-08T18:20:00+09:00,CMP-S03-L05-01,S03,S03-L05,1,running,184.2748,436.8121,96.0317,33.7538,-1.2995,B,relation-reasoning-agent-eval-v3.1
2026-08-08T18:30:00+09:00,CMP-S03-L01-01,S03,S03-L01,1,running,149.4205,392.1947,93.556,43.6531,0.3894,A,relation-reasoning-agent-eval-v3.1
2026-08-08T18:30:00+09:00,CMP-S03-L02-01,S03,S03-L02,1,running,167.6864,421.6099,101.7772,44.3359,0.4654,A,relation-reasoning-agent-eval-v3.1
2026-08-08T18:30:00+09:00,CMP-S03-L03-01,S03,S03-L03,1,running,157.3538,374.5879,104.1017,26.0975,-2.3657,C,relation-reasoning-agent-eval-v3.1
2026-08-08T18:30:00+09:00,CMP-S03-L04-01,S03,S03-L04,1,running,150.7408,471.444,98.6398,35.5245,-0.6098,A,relation-reasoning-agent-eval-v3.1
2026-08-08T18:30:00+09:00,CMP-S03-L05-01,S03,S03-L05,1,running,178.8969,462.2887,97.5704,38.075,-0.4992,A,relation-reasoning-agent-eval-v3.1
2026-08-08T18:40:00+09:00,CMP-S03-L01-01,S03,S03-L01,1,running,152.1382,462.6701,100.4657,40.3156,-0.2286,A,relation-reasoning-agent-eval-v3.1
2026-08-08T18:40:00+09:00,CMP-S03-L02-01,S03,S03-L02,1,running,157.9512,429.8945,98.8934,48.8166,1.2952,B,relation-reasoning-agent-eval-v3.1
2026-08-08T18:40:00+09:00,CMP-S03-L03-01,S03,S03-L03,1,running,171.2396,330.8519,104.7895,32.3469,-1.2084,B,relation-reasoning-agent-eval-v3.1
2026-08-08T18:40:00+09:00,CMP-S03-L04-01,S03,S03-L04,1,running,152.6638,510.6928,103.197,40.5112,0.3137,A,relation-reasoning-agent-eval-v3.1
2026-08-08T18:40:00+09:00,CMP-S03-L05-01,S03,S03-L05,1,running,166.6077,451.7443,101.6225,39.8659,-0.1676,A,relation-reasoning-agent-eval-v3.1
2026-08-08T18:50:00+09:00,CMP-S03-L01-01,S03,S03-L01,1,running,171.7828,466.9619,102.9412,44.9228,0.6246,A,relation-reasoning-agent-eval-v3.1
2026-08-08T18:50:00+09:00,CMP-S03-L02-01,S03,S03-L02,1,running,171.9596,434.28,98.3372,49.6326,1.4463,B,relation-reasoning-agent-eval-v3.1
2026-08-08T18:50:00+09:00,CMP-S03-L03-01,S03,S03-L03,1,running,163.1838,335.6274,96.0403,32.6111,-1.1595,B,relation-reasoning-agent-eval-v3.1
2026-08-08T18:50:00+09:00,CMP-S03-L04-01,S03,S03-L04,1,running,169.7792,475.4466,103.2723,43.8971,0.9407,A,relation-reasoning-agent-eval-v3.1
2026-08-08T18:50:00+09:00,CMP-S03-L05-01,S03,S03-L05,1,running,182.0355,422.7218,108.5135,39.2666,-0.2786,A,relation-reasoning-agent-eval-v3.1
2026-08-08T19:00:00+09:00,CMP-S03-L01-01,S03,S03-L01,1,running,164.0801,442.5555,100.4212,43.4649,0.3546,A,relation-reasoning-agent-eval-v3.1
2026-08-08T19:00:00+09:00,CMP-S03-L02-01,S03,S03-L02,1,running,177.5372,412.2875,105.5828,49.3334,1.3909,B,relation-reasoning-agent-eval-v3.1
2026-08-08T19:00:00+09:00,CMP-S03-L03-01,S03,S03-L03,1,running,147.7787,338.3748,98.6261,38.7506,-0.0226,A,relation-reasoning-agent-eval-v3.1
2026-08-08T19:00:00+09:00,CMP-S03-L04-01,S03,S03-L04,1,running,160.372,487.1695,101.544,46.1331,1.3548,B,relation-reasoning-agent-eval-v3.1
2026-08-08T19:00:00+09:00,CMP-S03-L05-01,S03,S03-L05,1,running,183.6725,424.5321,110.797,39.3863,-0.2564,A,relation-reasoning-agent-eval-v3.1
2026-08-08T19:10:00+09:00,CMP-S03-L01-01,S03,S03-L01,1,running,153.2203,432.3314,100.2641,41.1914,-0.0664,A,relation-reasoning-agent-eval-v3.1
2026-08-08T19:10:00+09:00,CMP-S03-L02-01,S03,S03-L02,1,running,180.2192,454.3632,100.9699,47.6377,1.0769,B,relation-reasoning-agent-eval-v3.1
2026-08-08T19:10:00+09:00,CMP-S03-L03-01,S03,S03-L03,1,running,166.6333,358.7686,103.4061,41.2207,0.4349,A,relation-reasoning-agent-eval-v3.1
2026-08-08T19:10:00+09:00,CMP-S03-L04-01,S03,S03-L04,1,running,169.5934,513.7093,107.391,45.3683,1.2131,B,relation-reasoning-agent-eval-v3.1
2026-08-08T19:10:00+09:00,CMP-S03-L05-01,S03,S03-L05,1,running,166.5702,427.3031,109.393,37.3595,-0.6317,A,relation-reasoning-agent-eval-v3.1
2026-08-08T19:20:00+09:00,CMP-S03-L01-01,S03,S03-L01,1,running,144.6491,422.5953,102.0705,40.5472,-0.1857,A,relation-reasoning-agent-eval-v3.1
2026-08-08T19:20:00+09:00,CMP-S03-L02-01,S03,S03-L02,1,running,190.2013,445.6266,104.0788,50.3993,1.5883,B,relation-reasoning-agent-eval-v3.1
2026-08-08T19:20:00+09:00,CMP-S03-L03-01,S03,S03-L03,1,running,175.5856,404.5611,100.2875,45.3572,1.2009,B,relation-reasoning-agent-eval-v3.1
2026-08-08T19:20:00+09:00,CMP-S03-L04-01,S03,S03-L04,1,running,180.0428,511.5649,103.5581,42.4845,0.6791,A,relation-reasoning-agent-eval-v3.1
2026-08-08T19:20:00+09:00,CMP-S03-L05-01,S03,S03-L05,1,running,171.6394,414.451,108.9846,37.7145,-0.566,A,relation-reasoning-agent-eval-v3.1
2026-08-08T19:30:00+09:00,CMP-S03-L01-01,S03,S03-L01,1,running,153.7353,456.9164,94.3634,45.4804,0.7278,A,relation-reasoning-agent-eval-v3.1
2026-08-08T19:30:00+09:00,CMP-S03-L02-01,S03,S03-L02,1,running,182.0936,449.6161,99.9033,44.1524,0.4314,A,relation-reasoning-agent-eval-v3.1
2026-08-08T19:30:00+09:00,CMP-S03-L03-01,S03,S03-L03,1,running,165.8947,396.0964,103.7868,37.5443,-0.246,A,relation-reasoning-agent-eval-v3.1
2026-08-08T19:30:00+09:00,CMP-S03-L04-01,S03,S03-L04,1,running,184.5879,483.3748,104.7881,42.1051,0.6088,A,relation-reasoning-agent-eval-v3.1
2026-08-08T19:30:00+09:00,CMP-S03-L05-01,S03,S03-L05,1,running,180.4354,407.5779,106.2771,36.1848,-0.8493,A,relation-reasoning-agent-eval-v3.1
2026-08-08T19:40:00+09:00,CMP-S03-L01-01,S03,S03-L01,1,running,158.0137,463.467,90.4958,47.814,1.16,B,relation-reasoning-agent-eval-v3.1
2026-08-08T19:40:00+09:00,CMP-S03-L02-01,S03,S03-L02,1,running,160.7695,445.3792,105.4265,44.99,0.5866,A,relation-reasoning-agent-eval-v3.1
2026-08-08T19:40:00+09:00,CMP-S03-L03-01,S03,S03-L03,1,running,175.6738,380.2296,101.8623,46.7329,1.4556,B,relation-reasoning-agent-eval-v3.1
2026-08-08T19:40:00+09:00,CMP-S03-L04-01,S03,S03-L04,1,running,181.6351,483.9212,106.4054,36.5308,-0.4234,A,relation-reasoning-agent-eval-v3.1
2026-08-08T19:40:00+09:00,CMP-S03-L05-01,S03,S03-L05,1,running,195.1051,415.9937,105.3049,38.1363,-0.4879,A,relation-reasoning-agent-eval-v3.1
2026-08-08T19:50:00+09:00,CMP-S03-L01-01,S03,S03-L01,1,running,163.7334,469.6928,90.3511,49.0846,1.3953,B,relation-reasoning-agent-eval-v3.1
2026-08-08T19:50:00+09:00,CMP-S03-L02-01,S03,S03-L02,1,running,166.6591,396.7608,105.9697,38.0736,-0.6943,A,relation-reasoning-agent-eval-v3.1
2026-08-08T19:50:00+09:00,CMP-S03-L03-01,S03,S03-L03,1,running,180.0263,374.6371,94.4808,35.7783,-0.573,A,relation-reasoning-agent-eval-v3.1
2026-08-08T19:50:00+09:00,CMP-S03-L04-01,S03,S03-L04,1,running,180.8998,497.3802,109.5315,34.3788,-0.8219,A,relation-reasoning-agent-eval-v3.1
2026-08-08T19:50:00+09:00,CMP-S03-L05-01,S03,S03-L05,1,running,210.4065,458.7754,103.1064,36.5309,-0.7852,A,relation-reasoning-agent-eval-v3.1
2026-08-08T20:00:00+09:00,CMP-S03-L01-01,S03,S03-L01,1,running,160.6552,488.8747,84.1913,46.7629,0.9653,A,relation-reasoning-agent-eval-v3.1
2026-08-08T20:00:00+09:00,CMP-S03-L02-01,S03,S03-L02,1,running,172.2662,417.9599,103.7278,38.6608,-0.5855,A,relation-reasoning-agent-eval-v3.1
2026-08-08T20:00:00+09:00,CMP-S03-L03-01,S03,S03-L03,1,running,192.3444,383.8825,86.3682,35.3789,-0.647,A,relation-reasoning-agent-eval-v3.1
2026-08-08T20:00:00+09:00,CMP-S03-L04-01,S03,S03-L04,1,running,163.5401,493.6977,105.0978,42.3263,0.6498,A,relation-reasoning-agent-eval-v3.1
2026-08-08T20:00:00+09:00,CMP-S03-L05-01,S03,S03-L05,1,running,215.5541,431.2763,102.1213,42.1461,0.2547,A,relation-reasoning-agent-eval-v3.1
2026-08-08T20:10:00+09:00,CMP-S03-L01-01,S03,S03-L01,1,running,155.7993,492.2548,86.3664,47.471,1.0964,B,relation-reasoning-agent-eval-v3.1
2026-08-08T20:10:00+09:00,CMP-S03-L02-01,S03,S03-L02,1,running,168.7925,410.3823,96.9335,37.3994,-0.8191,A,relation-reasoning-agent-eval-v3.1
2026-08-08T20:10:00+09:00,CMP-S03-L03-01,S03,S03-L03,1,running,199.9509,389.8352,95.2146,37.6785,-0.2211,A,relation-reasoning-agent-eval-v3.1
2026-08-08T20:10:00+09:00,CMP-S03-L04-01,S03,S03-L04,1,running,180.5194,478.0527,101.5517,42.1488,0.6169,A,relation-reasoning-agent-eval-v3.1
2026-08-08T20:10:00+09:00,CMP-S03-L05-01,S03,S03-L05,1,running,200.5896,483.3752,100.0255,41.585,0.1507,A,relation-reasoning-agent-eval-v3.1
2026-08-08T20:20:00+09:00,CMP-S03-L01-01,S03,S03-L01,1,running,160.7982,493.4561,90.2135,49.7977,1.5273,B,relation-reasoning-agent-eval-v3.1
2026-08-08T20:20:00+09:00,CMP-S03-L02-01,S03,S03-L02,1,running,163.3513,414.1153,101.7007,34.7827,-1.3037,B,relation-reasoning-agent-eval-v3.1
2026-08-08T20:20:00+09:00,CMP-S03-L03-01,S03,S03-L03,1,running,197.3565,338.4691,98.7677,45.8804,1.2978,B,relation-reasoning-agent-eval-v3.1
2026-08-08T20:20:00+09:00,CMP-S03-L04-01,S03,S03-L04,1,running,177.183,454.4784,93.8658,43.2453,0.82,A,relation-reasoning-agent-eval-v3.1
2026-08-08T20:20:00+09:00,CMP-S03-L05-01,S03,S03-L05,1,running,205.6037,432.4295,104.803,45.1656,0.8138,A,relation-reasoning-agent-eval-v3.1
2026-08-08T20:30:00+09:00,CMP-S03-L01-01,S03,S03-L01,1,running,170.8118,497.2266,91.5278,46.6159,0.9381,A,relation-reasoning-agent-eval-v3.1
2026-08-08T20:30:00+09:00,CMP-S03-L02-01,S03,S03-L02,1,running,160.3739,397.4738,108.7171,39.4505,-0.4393,A,relation-reasoning-agent-eval-v3.1
2026-08-08T20:30:00+09:00,CMP-S03-L03-01,S03,S03-L03,1,running,208.4364,339.6267,98.7877,44.2814,1.0017,B,relation-reasoning-agent-eval-v3.1
2026-08-08T20:30:00+09:00,CMP-S03-L04-01,S03,S03-L04,1,running,167.279,468.697,103.8056,53.4249,2.7051,C,relation-reasoning-agent-eval-v3.1
2026-08-08T20:30:00+09:00,CMP-S03-L05-01,S03,S03-L05,1,running,199.2668,422.101,102.7301,39.2453,-0.2825,A,relation-reasoning-agent-eval-v3.1
2026-08-08T20:40:00+09:00,CMP-S03-L01-01,S03,S03-L01,1,running,173.8174,513.915,94.4338,43.6269,0.3846,A,relation-reasoning-agent-eval-v3.1
2026-08-08T20:40:00+09:00,CMP-S03-L02-01,S03,S03-L02,1,running,170.7202,411.7912,107.7395,41.6612,-0.0299,A,relation-reasoning-agent-eval-v3.1
2026-08-08T20:40:00+09:00,CMP-S03-L03-01,S03,S03-L03,1,running,189.6619,338.866,94.7466,43.9348,0.9375,A,relation-reasoning-agent-eval-v3.1
2026-08-08T20:40:00+09:00,CMP-S03-L04-01,S03,S03-L04,1,running,181.2001,446.5616,99.2417,48.3503,1.7654,B,relation-reasoning-agent-eval-v3.1
2026-08-08T20:40:00+09:00,CMP-S03-L05-01,S03,S03-L05,1,running,203.8546,359.1458,106.4755,33.8292,-1.2855,B,relation-reasoning-agent-eval-v3.1
2026-08-08T20:50:00+09:00,CMP-S03-L01-01,S03,S03-L01,1,running,168.5203,478.5044,95.2757,38.2041,-0.6197,A,relation-reasoning-agent-eval-v3.1
2026-08-08T20:50:00+09:00,CMP-S03-L02-01,S03,S03-L02,1,running,172.5512,460.8154,102.0216,46.1066,0.7933,A,relation-reasoning-agent-eval-v3.1
2026-08-08T20:50:00+09:00,CMP-S03-L03-01,S03,S03-L03,1,running,188.8692,403.709,99.0772,43.5728,0.8704,A,relation-reasoning-agent-eval-v3.1
2026-08-08T20:50:00+09:00,CMP-S03-L04-01,S03,S03-L04,1,running,185.1343,447.1712,110.7803,45.5007,1.2377,B,relation-reasoning-agent-eval-v3.1
2026-08-08T20:50:00+09:00,CMP-S03-L05-01,S03,S03-L05,1,running,199.5947,393.1032,106.6997,29.3451,-2.1159,C,relation-reasoning-agent-eval-v3.1
2026-08-08T21:00:00+09:00,CMP-S03-L01-01,S03,S03-L01,1,running,191.9159,502.7726,97.2316,38.8384,-0.5022,A,relation-reasoning-agent-eval-v3.1
2026-08-08T21:00:00+09:00,CMP-S03-L02-01,S03,S03-L02,1,running,182.1599,502.0995,105.4144,43.3616,0.285,A,relation-reasoning-agent-eval-v3.1
2026-08-08T21:00:00+09:00,CMP-S03-L03-01,S03,S03-L03,1,running,176.0121,411.1124,101.6025,42.7573,0.7194,A,relation-reasoning-agent-eval-v3.1
2026-08-08T21:00:00+09:00,CMP-S03-L04-01,S03,S03-L04,1,running,174.8896,408.2057,112.1589,40.3191,0.2781,A,relation-reasoning-agent-eval-v3.1
2026-08-08T21:00:00+09:00,CMP-S03-L05-01,S03,S03-L05,1,running,196.4345,451.422,109.0679,34.2684,-1.2042,B,relation-reasoning-agent-eval-v3.1
2026-08-08T21:10:00+09:00,CMP-S03-L01-01,S03,S03-L01,1,running,190.7496,481.7493,92.0271,37.3948,-0.7695,A,relation-reasoning-agent-eval-v3.1
2026-08-08T21:10:00+09:00,CMP-S03-L02-01,S03,S03-L02,1,running,151.7781,463.8113,102.8281,43.7318,0.3535,A,relation-reasoning-agent-eval-v3.1
2026-08-08T21:10:00+09:00,CMP-S03-L03-01,S03,S03-L03,1,running,172.4123,415.5559,102.6818,41.5004,0.4867,A,relation-reasoning-agent-eval-v3.1
2026-08-08T21:10:00+09:00,CMP-S03-L04-01,S03,S03-L04,1,running,164.922,439.562,110.4461,36.5724,-0.4157,A,relation-reasoning-agent-eval-v3.1
2026-08-08T21:10:00+09:00,CMP-S03-L05-01,S03,S03-L05,1,running,178.1126,442.9042,102.511,31.5702,-1.7038,B,relation-reasoning-agent-eval-v3.1
2026-08-08T21:20:00+09:00,CMP-S03-L01-01,S03,S03-L01,1,running,189.0305,432.7677,102.9161,44.0398,0.461,A,relation-reasoning-agent-eval-v3.1
2026-08-08T21:20:00+09:00,CMP-S03-L02-01,S03,S03-L02,1,running,151.0802,438.9925,100.5984,39.9082,-0.3545,A,relation-reasoning-agent-eval-v3.1
2026-08-08T21:20:00+09:00,CMP-S03-L03-01,S03,S03-L03,1,running,167.9779,376.6668,99.5724,41.1288,0.4178,A,relation-reasoning-agent-eval-v3.1
2026-08-08T21:20:00+09:00,CMP-S03-L04-01,S03,S03-L04,1,running,164.0754,437.375,110.8707,35.5839,-0.5988,A,relation-reasoning-agent-eval-v3.1
2026-08-08T21:20:00+09:00,CMP-S03-L05-01,S03,S03-L05,1,running,175.2623,456.7331,103.0448,28.0938,-2.3476,C,relation-reasoning-agent-eval-v3.1
2026-08-08T21:30:00+09:00,CMP-S03-L01-01,S03,S03-L01,1,running,170.6657,435.8633,103.4853,44.1972,0.4902,A,relation-reasoning-agent-eval-v3.1
2026-08-08T21:30:00+09:00,CMP-S03-L02-01,S03,S03-L02,1,running,159.9968,452.5162,107.4514,47.002,0.9591,A,relation-reasoning-agent-eval-v3.1
2026-08-08T21:30:00+09:00,CMP-S03-L03-01,S03,S03-L03,1,running,171.8223,359.2658,93.3628,40.331,0.2701,A,relation-reasoning-agent-eval-v3.1
2026-08-08T21:30:00+09:00,CMP-S03-L04-01,S03,S03-L04,1,running,172.5751,403.9976,109.3952,31.8107,-1.2975,B,relation-reasoning-agent-eval-v3.1
2026-08-08T21:30:00+09:00,CMP-S03-L05-01,S03,S03-L05,1,running,160.61,499.152,105.8709,32.9611,-1.4463,B,relation-reasoning-agent-eval-v3.1
2026-08-08T21:40:00+09:00,CMP-S03-L01-01,S03,S03-L01,1,running,189.3933,448.8476,103.9683,41.7346,0.0341,A,relation-reasoning-agent-eval-v3.1
2026-08-08T21:40:00+09:00,CMP-S03-L02-01,S03,S03-L02,1,running,152.8836,472.3199,110.3063,44.3087,0.4604,A,relation-reasoning-agent-eval-v3.1
2026-08-08T21:40:00+09:00,CMP-S03-L03-01,S03,S03-L03,1,running,171.1357,344.5622,102.0574,46.2506,1.3663,B,relation-reasoning-agent-eval-v3.1
2026-08-08T21:40:00+09:00,CMP-S03-L04-01,S03,S03-L04,1,running,170.0585,479.4406,111.6341,26.1281,-2.3499,C,relation-reasoning-agent-eval-v3.1
2026-08-08T21:40:00+09:00,CMP-S03-L05-01,S03,S03-L05,1,running,160.0435,524.2146,103.3407,32.1031,-1.6052,B,relation-reasoning-agent-eval-v3.1
2026-08-08T21:50:00+09:00,CMP-S03-L01-01,S03,S03-L01,1,running,200.5201,435.678,109.9906,39.3548,-0.4066,A,relation-reasoning-agent-eval-v3.1
2026-08-08T21:50:00+09:00,CMP-S03-L02-01,S03,S03-L02,1,running,156.9559,474.0321,107.295,51.7611,1.8405,B,relation-reasoning-agent-eval-v3.1
2026-08-08T21:50:00+09:00,CMP-S03-L03-01,S03,S03-L03,1,running,166.3051,342.89,99.9741,47.6497,1.6254,B,relation-reasoning-agent-eval-v3.1
2026-08-08T21:50:00+09:00,CMP-S03-L04-01,S03,S03-L04,1,running,182.6679,429.6718,105.1649,24.6118,-2.6307,C,relation-reasoning-agent-eval-v3.1
2026-08-08T21:50:00+09:00,CMP-S03-L05-01,S03,S03-L05,1,running,150.8355,461.0117,104.22,40.8484,0.0143,A,relation-reasoning-agent-eval-v3.1
2026-08-08T22:00:00+09:00,CMP-S03-L01-01,S03,S03-L01,1,running,200.3226,454.3435,110.4187,40.6484,-0.167,A,relation-reasoning-agent-eval-v3.1
2026-08-08T22:00:00+09:00,CMP-S03-L02-01,S03,S03-L02,1,running,136.9028,495.6212,105.7181,44.4367,0.4841,A,relation-reasoning-agent-eval-v3.1
2026-08-08T22:00:00+09:00,CMP-S03-L03-01,S03,S03-L03,1,running,174.7367,341.2619,105.65,49.2833,1.9279,B,relation-reasoning-agent-eval-v3.1
2026-08-08T22:00:00+09:00,CMP-S03-L04-01,S03,S03-L04,1,running,188.647,456.4025,104.7601,22.9708,-2.9345,C,relation-reasoning-agent-eval-v3.1
2026-08-08T22:00:00+09:00,CMP-S03-L05-01,S03,S03-L05,1,running,170.414,429.6088,103.3646,39.1511,-0.3,A,relation-reasoning-agent-eval-v3.1
2026-08-08T22:10:00+09:00,CMP-S03-L01-01,S03,S03-L01,1,running,195.731,435.5428,100.5859,40.015,-0.2843,A,relation-reasoning-agent-eval-v3.1
2026-08-08T22:10:00+09:00,CMP-S03-L02-01,S03,S03-L02,1,running,140.2832,526.8895,108.7009,52.0332,1.8908,B,relation-reasoning-agent-eval-v3.1
2026-08-08T22:10:00+09:00,CMP-S03-L03-01,S03,S03-L03,1,running,164.5671,356.8696,96.8095,37.8999,-0.1801,A,relation-reasoning-agent-eval-v3.1
2026-08-08T22:10:00+09:00,CMP-S03-L04-01,S03,S03-L04,1,running,184.3043,491.9454,107.6253,28.5096,-1.9088,B,relation-reasoning-agent-eval-v3.1
2026-08-08T22:10:00+09:00,CMP-S03-L05-01,S03,S03-L05,1,running,165.7899,459.6803,103.4477,39.4699,-0.2409,A,relation-reasoning-agent-eval-v3.1
2026-08-08T22:20:00+09:00,CMP-S03-L01-01,S03,S03-L01,1,running,184.0906,443.6729,99.8247,39.607,-0.3599,A,relation-reasoning-agent-eval-v3.1
2026-08-08T22:20:00+09:00,CMP-S03-L02-01,S03,S03-L02,1,running,149.4525,485.0265,108.0046,49.8185,1.4807,B,relation-reasoning-agent-eval-v3.1
2026-08-08T22:20:00+09:00,CMP-S03-L03-01,S03,S03-L03,1,running,157.4064,377.9095,99.1191,42.4834,0.6687,A,relation-reasoning-agent-eval-v3.1
2026-08-08T22:20:00+09:00,CMP-S03-L04-01,S03,S03-L04,1,running,175.3905,468.2676,106.4283,25.7464,-2.4206,C,relation-reasoning-agent-eval-v3.1
2026-08-08T22:20:00+09:00,CMP-S03-L05-01,S03,S03-L05,1,running,161.9204,467.906,105.3664,44.6723,0.7225,A,relation-reasoning-agent-eval-v3.1
2026-08-08T22:30:00+09:00,CMP-S03-L01-01,S03,S03-L01,1,running,191.1739,467.6121,94.4735,33.9772,-1.4024,B,relation-reasoning-agent-eval-v3.1
2026-08-08T22:30:00+09:00,CMP-S03-L02-01,S03,S03-L02,1,running,162.2308,409.3722,107.006,46.7159,0.9062,A,relation-reasoning-agent-eval-v3.1
2026-08-08T22:30:00+09:00,CMP-S03-L03-01,S03,S03-L03,1,running,164.178,411.7918,96.4401,45.7297,1.2699,B,relation-reasoning-agent-eval-v3.1
2026-08-08T22:30:00+09:00,CMP-S03-L04-01,S03,S03-L04,1,running,154.9032,479.9832,103.9985,32.8097,-1.1125,B,relation-reasoning-agent-eval-v3.1
2026-08-08T22:30:00+09:00,CMP-S03-L05-01,S03,S03-L05,1,running,154.801,444.4825,102.3811,47.9978,1.3383,B,relation-reasoning-agent-eval-v3.1
2026-08-08T22:40:00+09:00,CMP-S03-L01-01,S03,S03-L01,1,running,183.6771,448.5274,93.4732,38.1836,-0.6234,A,relation-reasoning-agent-eval-v3.1
2026-08-08T22:40:00+09:00,CMP-S03-L02-01,S03,S03-L02,1,running,164.7751,427.2603,110.5821,44.7279,0.538,A,relation-reasoning-agent-eval-v3.1
2026-08-08T22:40:00+09:00,CMP-S03-L03-01,S03,S03-L03,1,running,165.8903,407.8031,93.8273,47.81,1.6551,B,relation-reasoning-agent-eval-v3.1
2026-08-08T22:40:00+09:00,CMP-S03-L04-01,S03,S03-L04,1,running,156.2991,490.1942,105.5401,40.0288,0.2243,A,relation-reasoning-agent-eval-v3.1
2026-08-08T22:40:00+09:00,CMP-S03-L05-01,S03,S03-L05,1,running,160.1853,460.7727,103.5622,42.4503,0.311,A,relation-reasoning-agent-eval-v3.1
2026-08-08T22:50:00+09:00,CMP-S03-L01-01,S03,S03-L01,1,running,187.4723,477.9873,90.6312,37.7083,-0.7115,A,relation-reasoning-agent-eval-v3.1
2026-08-08T22:50:00+09:00,CMP-S03-L02-01,S03,S03-L02,1,running,165.7274,506.3747,115.4857,37.4039,-0.8183,A,relation-reasoning-agent-eval-v3.1
2026-08-08T22:50:00+09:00,CMP-S03-L03-01,S03,S03-L03,1,running,175.5845,421.8415,98.9392,41.4567,0.4786,A,relation-reasoning-agent-eval-v3.1
2026-08-08T22:50:00+09:00,CMP-S03-L04-01,S03,S03-L04,1,running,181.3913,463.1836,105.1433,34.5095,-0.7978,A,relation-reasoning-agent-eval-v3.1
2026-08-08T22:50:00+09:00,CMP-S03-L05-01,S03,S03-L05,1,running,159.7739,460.5389,103.0941,50.8021,1.8576,B,relation-reasoning-agent-eval-v3.1
2026-08-08T23:00:00+09:00,CMP-S03-L01-01,S03,S03-L01,1,running,166.1416,458.1099,98.1962,39.1913,-0.4368,A,relation-reasoning-agent-eval-v3.1
2026-08-08T23:00:00+09:00,CMP-S03-L02-01,S03,S03-L02,1,running,175.0523,490.4494,112.7721,40.8379,-0.1824,A,relation-reasoning-agent-eval-v3.1
2026-08-08T23:00:00+09:00,CMP-S03-L03-01,S03,S03-L03,1,running,187.2951,434.684,94.2945,36.9546,-0.3552,A,relation-reasoning-agent-eval-v3.1
2026-08-08T23:00:00+09:00,CMP-S03-L04-01,S03,S03-L04,1,running,173.5737,485.6645,116.4448,35.4736,-0.6192,A,relation-reasoning-agent-eval-v3.1
2026-08-08T23:00:00+09:00,CMP-S03-L05-01,S03,S03-L05,1,running,171.0709,464.4289,101.3377,51.1016,1.9131,B,relation-reasoning-agent-eval-v3.1
2026-08-08T23:10:00+09:00,CMP-S03-L01-01,S03,S03-L01,1,running,167.9863,462.1062,100.849,39.8516,-0.3146,A,relation-reasoning-agent-eval-v3.1
2026-08-08T23:10:00+09:00,CMP-S03-L02-01,S03,S03-L02,1,running,159.8563,461.7557,111.1903,39.2289,-0.4803,A,relation-reasoning-agent-eval-v3.1
2026-08-08T23:10:00+09:00,CMP-S03-L03-01,S03,S03-L03,1,running,188.0016,384.0929,94.9127,41.8165,0.5452,A,relation-reasoning-agent-eval-v3.1
2026-08-08T23:10:00+09:00,CMP-S03-L04-01,S03,S03-L04,1,running,167.2202,472.1566,115.261,38.0161,-0.1484,A,relation-reasoning-agent-eval-v3.1
2026-08-08T23:10:00+09:00,CMP-S03-L05-01,S03,S03-L05,1,running,164.1841,386.7718,99.6931,51.5505,1.9962,B,relation-reasoning-agent-eval-v3.1
2026-08-08T23:20:00+09:00,CMP-S03-L01-01,S03,S03-L01,1,running,159.5218,490.6357,93.2754,40.2093,-0.2483,A,relation-reasoning-agent-eval-v3.1
2026-08-08T23:20:00+09:00,CMP-S03-L02-01,S03,S03-L02,1,running,149.7275,385.848,105.6858,42.0475,0.0416,A,relation-reasoning-agent-eval-v3.1
2026-08-08T23:20:00+09:00,CMP-S03-L03-01,S03,S03-L03,1,running,172.9121,385.466,91.8801,40.7819,0.3536,A,relation-reasoning-agent-eval-v3.1
2026-08-08T23:20:00+09:00,CMP-S03-L04-01,S03,S03-L04,1,running,159.5387,419.6227,111.1042,32.9745,-1.082,B,relation-reasoning-agent-eval-v3.1
2026-08-08T23:20:00+09:00,CMP-S03-L05-01,S03,S03-L05,1,running,173.8607,371.2818,101.9488,54.1925,2.4855,C,relation-reasoning-agent-eval-v3.1
2026-08-08T23:30:00+09:00,CMP-S03-L01-01,S03,S03-L01,1,running,170.2596,464.676,88.3119,33.8664,-1.4229,B,relation-reasoning-agent-eval-v3.1
2026-08-08T23:30:00+09:00,CMP-S03-L02-01,S03,S03-L02,1,running,150.4462,412.9417,105.193,42.7405,0.17,A,relation-reasoning-agent-eval-v3.1
2026-08-08T23:30:00+09:00,CMP-S03-L03-01,S03,S03-L03,1,running,196.2971,380.3428,94.198,37.139,-0.321,A,relation-reasoning-agent-eval-v3.1
2026-08-08T23:30:00+09:00,CMP-S03-L04-01,S03,S03-L04,1,running,162.9065,461.129,107.5755,39.3541,0.0994,A,relation-reasoning-agent-eval-v3.1
2026-08-08T23:30:00+09:00,CMP-S03-L05-01,S03,S03-L05,1,running,160.6254,418.9749,102.9002,47.6966,1.2825,B,relation-reasoning-agent-eval-v3.1
2026-08-08T23:40:00+09:00,CMP-S03-L01-01,S03,S03-L01,1,running,170.9572,459.6352,93.9646,32.301,-1.7128,B,relation-reasoning-agent-eval-v3.1
2026-08-08T23:40:00+09:00,CMP-S03-L02-01,S03,S03-L02,1,running,167.1412,414.9234,104.3407,45.3249,0.6486,A,relation-reasoning-agent-eval-v3.1
2026-08-08T23:40:00+09:00,CMP-S03-L03-01,S03,S03-L03,1,running,176.5428,374.5529,89.3514,35.3863,-0.6456,A,relation-reasoning-agent-eval-v3.1
2026-08-08T23:40:00+09:00,CMP-S03-L04-01,S03,S03-L04,1,running,157.4007,507.0783,101.4202,35.2578,-0.6592,A,relation-reasoning-agent-eval-v3.1
2026-08-08T23:40:00+09:00,CMP-S03-L05-01,S03,S03-L05,1,running,160.7139,416.5127,95.1601,45.5495,0.8849,A,relation-reasoning-agent-eval-v3.1
2026-08-08T23:50:00+09:00,CMP-S03-L01-01,S03,S03-L01,1,running,160.4309,456.9796,91.7434,33.4613,-1.4979,B,relation-reasoning-agent-eval-v3.1
2026-08-08T23:50:00+09:00,CMP-S03-L02-01,S03,S03-L02,1,running,174.2828,413.4515,100.6208,41.9716,0.0276,A,relation-reasoning-agent-eval-v3.1
2026-08-08T23:50:00+09:00,CMP-S03-L03-01,S03,S03-L03,1,running,165.8175,404.585,94.5331,31.7459,-1.3197,B,relation-reasoning-agent-eval-v3.1
2026-08-08T23:50:00+09:00,CMP-S03-L04-01,S03,S03-L04,1,running,143.276,454.4581,96.4757,39.7402,0.1709,A,relation-reasoning-agent-eval-v3.1
2026-08-08T23:50:00+09:00,CMP-S03-L05-01,S03,S03-L05,1,running,156.489,421.1456,91.7692,38.1514,-0.4851,A,relation-reasoning-agent-eval-v3.1
2026-08-09T00:00:00+09:00,CMP-S03-L01-01,S03,S03-L01,1,running,157.2025,467.9835,97.7203,30.9637,-1.9605,B,relation-reasoning-agent-eval-v3.1
2026-08-09T00:00:00+09:00,CMP-S03-L02-01,S03,S03-L02,1,running,174.8815,417.3208,104.2456,39.0029,-0.5222,A,relation-reasoning-agent-eval-v3.1
2026-08-09T00:00:00+09:00,CMP-S03-L03-01,S03,S03-L03,1,running,164.1873,419.6829,100.3621,31.725,-1.3236,B,relation-reasoning-agent-eval-v3.1
2026-08-09T00:00:00+09:00,CMP-S03-L04-01,S03,S03-L04,1,running,150.4645,456.0608,98.7277,35.6912,-0.5789,A,relation-reasoning-agent-eval-v3.1
2026-08-09T00:00:00+09:00,CMP-S03-L05-01,S03,S03-L05,1,running,173.7445,479.1977,95.258,37.4803,-0.6094,A,relation-reasoning-agent-eval-v3.1
2026-08-09T00:10:00+09:00,CMP-S03-L01-01,S03,S03-L01,1,running,164.2611,438.3678,98.9008,37.0258,-0.8379,A,relation-reasoning-agent-eval-v3.1
2026-08-09T00:10:00+09:00,CMP-S03-L02-01,S03,S03-L02,1,running,157.6311,381.1272,105.7082,32.1062,-1.7993,B,relation-reasoning-agent-eval-v3.1
2026-08-09T00:10:00+09:00,CMP-S03-L03-01,S03,S03-L03,1,running,151.249,352.0046,104.5497,32.6682,-1.1489,B,relation-reasoning-agent-eval-v3.1
2026-08-09T00:10:00+09:00,CMP-S03-L04-01,S03,S03-L04,1,running,172.5328,437.0377,97.6142,33.0269,-1.0723,B,relation-reasoning-agent-eval-v3.1
2026-08-09T00:10:00+09:00,CMP-S03-L05-01,S03,S03-L05,1,running,185.4716,458.4841,99.4095,46.7225,1.1021,B,relation-reasoning-agent-eval-v3.1
2026-08-09T00:20:00+09:00,CMP-S03-L01-01,S03,S03-L01,1,running,154.9398,440.9896,105.1263,43.1794,0.3017,A,relation-reasoning-agent-eval-v3.1
2026-08-09T00:20:00+09:00,CMP-S03-L02-01,S03,S03-L02,1,running,160.7656,412.9351,108.6642,37.1277,-0.8694,A,relation-reasoning-agent-eval-v3.1
2026-08-09T00:20:00+09:00,CMP-S03-L03-01,S03,S03-L03,1,running,157.3216,344.5063,102.1924,34.495,-0.8106,A,relation-reasoning-agent-eval-v3.1
2026-08-09T00:20:00+09:00,CMP-S03-L04-01,S03,S03-L04,1,running,171.7453,453.7091,99.4805,35.7264,-0.5724,A,relation-reasoning-agent-eval-v3.1
2026-08-09T00:20:00+09:00,CMP-S03-L05-01,S03,S03-L05,1,running,184.201,481.3389,97.9162,45.7221,0.9169,A,relation-reasoning-agent-eval-v3.1
2026-08-09T00:30:00+09:00,CMP-S03-L01-01,S03,S03-L01,1,running,152.2378,435.0827,102.2512,43.2265,0.3104,A,relation-reasoning-agent-eval-v3.1
2026-08-09T00:30:00+09:00,CMP-S03-L02-01,S03,S03-L02,1,running,154.4406,420.2793,111.1278,36.6973,-0.9491,A,relation-reasoning-agent-eval-v3.1
2026-08-09T00:30:00+09:00,CMP-S03-L03-01,S03,S03-L03,1,running,183.5489,346.647,99.8021,41.6554,0.5154,A,relation-reasoning-agent-eval-v3.1
2026-08-09T00:30:00+09:00,CMP-S03-L04-01,S03,S03-L04,1,running,183.4409,429.7523,96.8951,35.3695,-0.6385,A,relation-reasoning-agent-eval-v3.1
2026-08-09T00:30:00+09:00,CMP-S03-L05-01,S03,S03-L05,1,running,176.6902,490.4692,102.6899,40.2702,-0.0927,A,relation-reasoning-agent-eval-v3.1
2026-08-09T00:40:00+09:00,CMP-S03-L01-01,S03,S03-L01,1,running,149.7285,454.0774,101.7222,40.9201,-0.1167,A,relation-reasoning-agent-eval-v3.1
2026-08-09T00:40:00+09:00,CMP-S03-L02-01,S03,S03-L02,1,running,187.3397,377.5807,106.9503,36.881,-0.9151,A,relation-reasoning-agent-eval-v3.1
2026-08-09T00:40:00+09:00,CMP-S03-L03-01,S03,S03-L03,1,running,173.2444,340.1946,107.2058,44.9164,1.1192,B,relation-reasoning-agent-eval-v3.1
2026-08-09T00:40:00+09:00,CMP-S03-L04-01,S03,S03-L04,1,running,181.8994,417.9993,98.4688,39.2251,0.0755,A,relation-reasoning-agent-eval-v3.1
2026-08-09T00:40:00+09:00,CMP-S03-L05-01,S03,S03-L05,1,running,204.6429,446.7039,102.538,38.9165,-0.3434,A,relation-reasoning-agent-eval-v3.1
2026-08-09T00:50:00+09:00,CMP-S03-L01-01,S03,S03-L01,1,running,164.1267,405.7957,93.4936,43.9605,0.4463,A,relation-reasoning-agent-eval-v3.1
2026-08-09T00:50:00+09:00,CMP-S03-L02-01,S03,S03-L02,1,running,163.2642,404.8706,107.7239,40.9525,-0.1611,A,relation-reasoning-agent-eval-v3.1
2026-08-09T00:50:00+09:00,CMP-S03-L03-01,S03,S03-L03,1,running,168.1884,314.8563,101.3249,41.4624,0.4796,A,relation-reasoning-agent-eval-v3.1
2026-08-09T00:50:00+09:00,CMP-S03-L04-01,S03,S03-L04,1,running,179.2295,455.4037,104.6827,40.6251,0.3348,A,relation-reasoning-agent-eval-v3.1
2026-08-09T00:50:00+09:00,CMP-S03-L05-01,S03,S03-L05,1,running,187.4894,461.826,106.4639,45.6419,0.902,A,relation-reasoning-agent-eval-v3.1
2026-08-09T01:00:00+09:00,CMP-S03-L01-01,S03,S03-L01,1,running,153.4812,404.9232,88.3897,36.2358,-0.9841,A,relation-reasoning-agent-eval-v3.1
2026-08-09T01:00:00+09:00,CMP-S03-L02-01,S03,S03-L02,1,running,163.2053,454.2949,112.7142,42.5094,0.1272,A,relation-reasoning-agent-eval-v3.1
2026-08-09T01:00:00+09:00,CMP-S03-L03-01,S03,S03-L03,1,running,174.4358,345.5558,90.2119,39.5711,0.1294,A,relation-reasoning-agent-eval-v3.1
2026-08-09T01:00:00+09:00,CMP-S03-L04-01,S03,S03-L04,1,running,179.9355,481.8662,108.3898,42.476,0.6775,A,relation-reasoning-agent-eval-v3.1
2026-08-09T01:00:00+09:00,CMP-S03-L05-01,S03,S03-L05,1,running,175.8176,479.9972,104.8163,46.6811,1.0945,B,relation-reasoning-agent-eval-v3.1
2026-08-09T01:10:00+09:00,CMP-S03-L01-01,S03,S03-L01,1,running,141.0909,434.2582,91.2492,39.3217,-0.4127,A,relation-reasoning-agent-eval-v3.1
2026-08-09T01:10:00+09:00,CMP-S03-L02-01,S03,S03-L02,1,running,161.8633,422.3052,114.1438,39.5366,-0.4233,A,relation-reasoning-agent-eval-v3.1
2026-08-09T01:10:00+09:00,CMP-S03-L03-01,S03,S03-L03,1,running,195.2312,342.1155,95.1764,40.3277,0.2695,A,relation-reasoning-agent-eval-v3.1
2026-08-09T01:10:00+09:00,CMP-S03-L04-01,S03,S03-L04,1,running,182.7195,490.6075,110.4651,42.0796,0.6041,A,relation-reasoning-agent-eval-v3.1
2026-08-09T01:10:00+09:00,CMP-S03-L05-01,S03,S03-L05,1,running,156.0194,504.1107,106.5935,40.018,-0.1394,A,relation-reasoning-agent-eval-v3.1
2026-08-09T01:20:00+09:00,CMP-S03-L01-01,S03,S03-L01,1,running,151.1197,461.8003,99.6569,42.9286,0.2553,A,relation-reasoning-agent-eval-v3.1
2026-08-09T01:20:00+09:00,CMP-S03-L02-01,S03,S03-L02,1,running,173.9171,396.1613,109.9178,26.938,-2.7564,C,relation-reasoning-agent-eval-v3.1
2026-08-09T01:20:00+09:00,CMP-S03-L03-01,S03,S03-L03,1,running,200.0542,384.2259,95.7033,41.2338,0.4373,A,relation-reasoning-agent-eval-v3.1
2026-08-09T01:20:00+09:00,CMP-S03-L04-01,S03,S03-L04,1,running,188.2473,490.4114,110.2361,38.5513,-0.0493,A,relation-reasoning-agent-eval-v3.1
2026-08-09T01:20:00+09:00,CMP-S03-L05-01,S03,S03-L05,1,running,153.0853,490.6605,101.1671,36.4767,-0.7952,A,relation-reasoning-agent-eval-v3.1
2026-08-09T01:30:00+09:00,CMP-S03-L01-01,S03,S03-L01,1,running,167.9273,468.836,98.5947,43.1966,0.3049,A,relation-reasoning-agent-eval-v3.1
2026-08-09T01:30:00+09:00,CMP-S03-L02-01,S03,S03-L02,1,running,154.4736,418.6589,104.2127,31.5347,-1.9052,B,relation-reasoning-agent-eval-v3.1
2026-08-09T01:30:00+09:00,CMP-S03-L03-01,S03,S03-L03,1,running,201.0071,379.2812,89.493,40.4501,0.2921,A,relation-reasoning-agent-eval-v3.1
2026-08-09T01:30:00+09:00,CMP-S03-L04-01,S03,S03-L04,1,running,182.5927,481.3801,101.7237,41.7706,0.5469,A,relation-reasoning-agent-eval-v3.1
2026-08-09T01:30:00+09:00,CMP-S03-L05-01,S03,S03-L05,1,running,164.2358,475.33,99.9116,38.1055,-0.4936,A,relation-reasoning-agent-eval-v3.1
2026-08-09T01:40:00+09:00,CMP-S03-L01-01,S03,S03-L01,1,running,171.8206,442.7749,101.3291,44.4393,0.535,A,relation-reasoning-agent-eval-v3.1
2026-08-09T01:40:00+09:00,CMP-S03-L02-01,S03,S03-L02,1,running,148.6372,382.8619,106.284,36.0208,-1.0744,B,relation-reasoning-agent-eval-v3.1
2026-08-09T01:40:00+09:00,CMP-S03-L03-01,S03,S03-L03,1,running,204.6962,409.1588,91.9424,44.4553,1.0339,B,relation-reasoning-agent-eval-v3.1
2026-08-09T01:40:00+09:00,CMP-S03-L04-01,S03,S03-L04,1,running,185.4305,533.0679,102.5157,43.8171,0.9259,A,relation-reasoning-agent-eval-v3.1
2026-08-09T01:40:00+09:00,CMP-S03-L05-01,S03,S03-L05,1,running,194.4311,451.42,106.3726,36.3886,-0.8115,A,relation-reasoning-agent-eval-v3.1
2026-08-09T01:50:00+09:00,CMP-S03-L01-01,S03,S03-L01,1,running,165.248,444.8927,99.8983,44.3339,0.5155,A,relation-reasoning-agent-eval-v3.1
2026-08-09T01:50:00+09:00,CMP-S03-L02-01,S03,S03-L02,1,running,142.3969,399.4424,109.0844,31.9509,-1.8281,B,relation-reasoning-agent-eval-v3.1
2026-08-09T01:50:00+09:00,CMP-S03-L03-01,S03,S03-L03,1,running,186.3011,418.0784,96.5307,45.1643,1.1652,B,relation-reasoning-agent-eval-v3.1
2026-08-09T01:50:00+09:00,CMP-S03-L04-01,S03,S03-L04,1,running,168.6243,534.2588,107.47,40.2351,0.2625,A,relation-reasoning-agent-eval-v3.1
2026-08-09T01:50:00+09:00,CMP-S03-L05-01,S03,S03-L05,1,running,192.7132,383.9149,103.8175,35.4927,-0.9775,A,relation-reasoning-agent-eval-v3.1
2026-08-09T02:00:00+09:00,CMP-S03-L01-01,S03,S03-L01,1,running,183.0479,491.0029,100.4489,40.0662,-0.2748,A,relation-reasoning-agent-eval-v3.1
2026-08-09T02:00:00+09:00,CMP-S03-L02-01,S03,S03-L02,1,running,142.8452,419.5463,107.4811,33.0205,-1.63,B,relation-reasoning-agent-eval-v3.1
2026-08-09T02:00:00+09:00,CMP-S03-L03-01,S03,S03-L03,1,running,202.0621,385.7601,88.533,35.5449,-0.6162,A,relation-reasoning-agent-eval-v3.1
2026-08-09T02:00:00+09:00,CMP-S03-L04-01,S03,S03-L04,1,running,168.341,511.0501,106.602,35.6288,-0.5905,A,relation-reasoning-agent-eval-v3.1
2026-08-09T02:00:00+09:00,CMP-S03-L05-01,S03,S03-L05,1,running,155.5808,381.6549,104.4126,39.5763,-0.2212,A,relation-reasoning-agent-eval-v3.1
2026-08-09T02:10:00+09:00,CMP-S03-L01-01,S03,S03-L01,1,running,177.5685,442.4608,100.1347,46.8845,0.9878,A,relation-reasoning-agent-eval-v3.1
2026-08-09T02:10:00+09:00,CMP-S03-L02-01,S03,S03-L02,1,running,161.0486,399.8463,106.5625,36.4825,-0.9889,A,relation-reasoning-agent-eval-v3.1
2026-08-09T02:10:00+09:00,CMP-S03-L03-01,S03,S03-L03,1,running,191.7017,383.445,89.9608,38.2311,-0.1188,A,relation-reasoning-agent-eval-v3.1
2026-08-09T02:10:00+09:00,CMP-S03-L04-01,S03,S03-L04,1,running,168.9807,505.5875,99.1791,32.7776,-1.1185,B,relation-reasoning-agent-eval-v3.1
2026-08-09T02:10:00+09:00,CMP-S03-L05-01,S03,S03-L05,1,running,167.2476,437.7923,105.3755,38.5979,-0.4024,A,relation-reasoning-agent-eval-v3.1
2026-08-09T02:20:00+09:00,CMP-S03-L01-01,S03,S03-L01,1,running,165.4181,428.1575,100.8787,44.6385,0.5719,A,relation-reasoning-agent-eval-v3.1
2026-08-09T02:20:00+09:00,CMP-S03-L02-01,S03,S03-L02,1,running,168.277,418.6106,103.7138,33.7234,-1.4999,B,relation-reasoning-agent-eval-v3.1
2026-08-09T02:20:00+09:00,CMP-S03-L03-01,S03,S03-L03,1,running,182.0795,409.1735,92.6627,39.1564,0.0526,A,relation-reasoning-agent-eval-v3.1
2026-08-09T02:20:00+09:00,CMP-S03-L04-01,S03,S03-L04,1,running,171.0976,476.9989,91.0504,39.465,0.1199,A,relation-reasoning-agent-eval-v3.1
2026-08-09T02:20:00+09:00,CMP-S03-L05-01,S03,S03-L05,1,running,194.4577,436.0485,102.1606,29.3687,-2.1115,C,relation-reasoning-agent-eval-v3.1
2026-08-09T02:30:00+09:00,CMP-S03-L01-01,S03,S03-L01,1,running,177.0875,434.6418,102.9225,42.5069,0.1772,A,relation-reasoning-agent-eval-v3.1
2026-08-09T02:30:00+09:00,CMP-S03-L02-01,S03,S03-L02,1,running,166.6008,433.0379,101.8701,36.9431,-0.9036,A,relation-reasoning-agent-eval-v3.1
2026-08-09T02:30:00+09:00,CMP-S03-L03-01,S03,S03-L03,1,running,175.5996,425.1517,98.3749,38.1823,-0.1278,A,relation-reasoning-agent-eval-v3.1
2026-08-09T02:30:00+09:00,CMP-S03-L04-01,S03,S03-L04,1,running,161.0645,486.9317,97.2477,31.9053,-1.28,B,relation-reasoning-agent-eval-v3.1
2026-08-09T02:30:00+09:00,CMP-S03-L05-01,S03,S03-L05,1,running,201.6587,399.3737,93.7314,33.5223,-1.3423,B,relation-reasoning-agent-eval-v3.1
2026-08-09T02:40:00+09:00,CMP-S03-L01-01,S03,S03-L01,1,running,163.7292,410.9716,105.35,38.5884,-0.5485,A,relation-reasoning-agent-eval-v3.1
2026-08-09T02:40:00+09:00,CMP-S03-L02-01,S03,S03-L02,1,running,164.0471,455.2824,111.5158,40.8577,-0.1787,A,relation-reasoning-agent-eval-v3.1
2026-08-09T02:40:00+09:00,CMP-S03-L03-01,S03,S03-L03,1,running,177.5046,406.6048,96.5381,38.1515,-0.1335,A,relation-reasoning-agent-eval-v3.1
2026-08-09T02:40:00+09:00,CMP-S03-L04-01,S03,S03-L04,1,running,158.1198,521.4775,101.9504,30.6524,-1.512,B,relation-reasoning-agent-eval-v3.1
2026-08-09T02:40:00+09:00,CMP-S03-L05-01,S03,S03-L05,1,running,176.6176,388.1523,104.6311,39.0879,-0.3117,A,relation-reasoning-agent-eval-v3.1
2026-08-09T02:50:00+09:00,CMP-S03-L01-01,S03,S03-L01,1,running,157.993,441.4434,105.4481,35.7639,-1.0715,B,relation-reasoning-agent-eval-v3.1
2026-08-09T02:50:00+09:00,CMP-S03-L02-01,S03,S03-L02,1,running,168.8036,454.6886,104.639,42.219,0.0734,A,relation-reasoning-agent-eval-v3.1
2026-08-09T02:50:00+09:00,CMP-S03-L03-01,S03,S03-L03,1,running,189.4193,379.8291,94.1929,36.6874,-0.4046,A,relation-reasoning-agent-eval-v3.1
2026-08-09T02:50:00+09:00,CMP-S03-L04-01,S03,S03-L04,1,running,172.0038,501.0616,106.3611,31.9617,-1.2696,B,relation-reasoning-agent-eval-v3.1
2026-08-09T02:50:00+09:00,CMP-S03-L05-01,S03,S03-L05,1,running,194.2511,413.1278,99.1741,43.3379,0.4754,A,relation-reasoning-agent-eval-v3.1
2026-08-09T03:00:00+09:00,CMP-S03-L01-01,S03,S03-L01,1,running,167.6188,385.1774,104.8332,36.8106,-0.8777,A,relation-reasoning-agent-eval-v3.1
2026-08-09T03:00:00+09:00,CMP-S03-L02-01,S03,S03-L02,1,running,176.8697,488.457,106.3214,46.7673,0.9157,A,relation-reasoning-agent-eval-v3.1
2026-08-09T03:00:00+09:00,CMP-S03-L03-01,S03,S03-L03,1,running,151.3475,354.0818,91.5347,36.5508,-0.4299,A,relation-reasoning-agent-eval-v3.1
2026-08-09T03:00:00+09:00,CMP-S03-L04-01,S03,S03-L04,1,running,168.5463,494.5604,112.4465,29.654,-1.6969,B,relation-reasoning-agent-eval-v3.1
2026-08-09T03:00:00+09:00,CMP-S03-L05-01,S03,S03-L05,1,running,193.3973,414.5721,103.5573,44.9287,0.77,A,relation-reasoning-agent-eval-v3.1
2026-08-09T03:10:00+09:00,CMP-S03-L01-01,S03,S03-L01,1,running,180.8322,374.1289,104.8522,41.7925,0.0449,A,relation-reasoning-agent-eval-v3.1
2026-08-09T03:10:00+09:00,CMP-S03-L02-01,S03,S03-L02,1,running,181.3991,471.8842,109.3142,44.0439,0.4113,A,relation-reasoning-agent-eval-v3.1
2026-08-09T03:10:00+09:00,CMP-S03-L03-01,S03,S03-L03,1,running,169.0229,386.3494,95.3246,39.5519,0.1258,A,relation-reasoning-agent-eval-v3.1
2026-08-09T03:10:00+09:00,CMP-S03-L04-01,S03,S03-L04,1,running,168.1008,455.7469,111.3644,25.671,-2.4345,C,relation-reasoning-agent-eval-v3.1
2026-08-09T03:10:00+09:00,CMP-S03-L05-01,S03,S03-L05,1,running,210.9604,432.0513,106.0644,45.8858,0.9472,A,relation-reasoning-agent-eval-v3.1
2026-08-09T03:20:00+09:00,CMP-S03-L01-01,S03,S03-L01,1,running,166.7574,419.2233,100.9369,37.393,-0.7699,A,relation-reasoning-agent-eval-v3.1
2026-08-09T03:20:00+09:00,CMP-S03-L02-01,S03,S03-L02,1,running,166.515,468.1972,113.5194,46.7218,0.9073,A,relation-reasoning-agent-eval-v3.1
2026-08-09T03:20:00+09:00,CMP-S03-L03-01,S03,S03-L03,1,running,166.3545,330.9989,104.8503,45.5297,1.2328,B,relation-reasoning-agent-eval-v3.1
2026-08-09T03:20:00+09:00,CMP-S03-L04-01,S03,S03-L04,1,running,170.7914,468.9275,103.6396,24.8637,-2.584,C,relation-reasoning-agent-eval-v3.1
2026-08-09T03:20:00+09:00,CMP-S03-L05-01,S03,S03-L05,1,running,221.4079,379.2485,104.1917,40.5679,-0.0376,A,relation-reasoning-agent-eval-v3.1
2026-08-09T03:30:00+09:00,CMP-S03-L01-01,S03,S03-L01,1,running,175.0982,415.015,104.8998,39.3846,-0.401,A,relation-reasoning-agent-eval-v3.1
2026-08-09T03:30:00+09:00,CMP-S03-L02-01,S03,S03-L02,1,running,149.2107,462.1738,105.6698,47.4247,1.0374,B,relation-reasoning-agent-eval-v3.1
2026-08-09T03:30:00+09:00,CMP-S03-L03-01,S03,S03-L03,1,running,142.9989,361.869,102.9278,47.952,1.6814,B,relation-reasoning-agent-eval-v3.1
2026-08-09T03:30:00+09:00,CMP-S03-L04-01,S03,S03-L04,1,running,169.7995,454.4755,99.1623,26.7881,-2.2276,C,relation-reasoning-agent-eval-v3.1
2026-08-09T03:30:00+09:00,CMP-S03-L05-01,S03,S03-L05,1,running,198.2815,369.3575,106.0689,34.1733,-1.2218,B,relation-reasoning-agent-eval-v3.1
2026-08-09T03:40:00+09:00,CMP-S03-L01-01,S03,S03-L01,1,running,186.3795,408.2057,99.0307,44.7812,0.5983,A,relation-reasoning-agent-eval-v3.1
2026-08-09T03:40:00+09:00,CMP-S03-L02-01,S03,S03-L02,1,running,157.8521,438.2696,96.6935,45.4083,0.664,A,relation-reasoning-agent-eval-v3.1
2026-08-09T03:40:00+09:00,CMP-S03-L03-01,S03,S03-L03,1,running,153.4692,388.8678,99.5108,47.9861,1.6877,B,relation-reasoning-agent-eval-v3.1
2026-08-09T03:40:00+09:00,CMP-S03-L04-01,S03,S03-L04,1,running,154.5491,466.1346,100.6308,31.5584,-1.3443,B,relation-reasoning-agent-eval-v3.1
2026-08-09T03:40:00+09:00,CMP-S03-L05-01,S03,S03-L05,1,running,183.7606,414.5182,107.0667,40.2954,-0.0881,A,relation-reasoning-agent-eval-v3.1
2026-08-09T03:50:00+09:00,CMP-S03-L01-01,S03,S03-L01,1,running,180.7625,430.8587,106.6599,39.1653,-0.4417,A,relation-reasoning-agent-eval-v3.1
2026-08-09T03:50:00+09:00,CMP-S03-L02-01,S03,S03-L02,1,running,177.4158,433.6223,97.1942,40.7608,-0.1966,A,relation-reasoning-agent-eval-v3.1
2026-08-09T03:50:00+09:00,CMP-S03-L03-01,S03,S03-L03,1,running,173.6245,390.3267,99.5542,42.9014,0.7461,A,relation-reasoning-agent-eval-v3.1
2026-08-09T03:50:00+09:00,CMP-S03-L04-01,S03,S03-L04,1,running,151.7266,464.084,96.8659,42.489,0.6799,A,relation-reasoning-agent-eval-v3.1
2026-08-09T03:50:00+09:00,CMP-S03-L05-01,S03,S03-L05,1,running,200.3015,414.7776,105.4896,40.9873,0.0401,A,relation-reasoning-agent-eval-v3.1
2026-08-09T04:00:00+09:00,CMP-S03-L01-01,S03,S03-L01,1,running,177.8878,414.158,103.0442,43.3117,0.3262,A,relation-reasoning-agent-eval-v3.1
2026-08-09T04:00:00+09:00,CMP-S03-L02-01,S03,S03-L02,1,running,153.3772,455.798,96.5185,41.4842,-0.0627,A,relation-reasoning-agent-eval-v3.1
2026-08-09T04:00:00+09:00,CMP-S03-L03-01,S03,S03-L03,1,running,174.4901,375.7201,95.8119,50.5076,2.1546,C,relation-reasoning-agent-eval-v3.1
2026-08-09T04:00:00+09:00,CMP-S03-L04-01,S03,S03-L04,1,running,139.4925,412.5839,96.8497,44.5014,1.0526,B,relation-reasoning-agent-eval-v3.1
2026-08-09T04:00:00+09:00,CMP-S03-L05-01,S03,S03-L05,1,running,187.4287,459.78,108.652,39.2284,-0.2857,A,relation-reasoning-agent-eval-v3.1
2026-08-09T04:10:00+09:00,CMP-S03-L01-01,S03,S03-L01,1,running,193.6462,430.4205,103.6496,46.1901,0.8592,A,relation-reasoning-agent-eval-v3.1
2026-08-09T04:10:00+09:00,CMP-S03-L02-01,S03,S03-L02,1,running,169.3361,480.2299,95.9569,38.5974,-0.5973,A,relation-reasoning-agent-eval-v3.1
2026-08-09T04:10:00+09:00,CMP-S03-L03-01,S03,S03-L03,1,running,182.5495,379.1183,93.8116,51.7393,2.3828,C,relation-reasoning-agent-eval-v3.1
2026-08-09T04:10:00+09:00,CMP-S03-L04-01,S03,S03-L04,1,running,114.2629,391.4871,105.8889,42.8834,0.753,A,relation-reasoning-agent-eval-v3.1
2026-08-09T04:10:00+09:00,CMP-S03-L05-01,S03,S03-L05,1,running,186.3588,447.8376,104.4292,37.6608,-0.5759,A,relation-reasoning-agent-eval-v3.1
2026-08-09T04:20:00+09:00,CMP-S03-L01-01,S03,S03-L01,1,running,187.7113,432.6966,106.1593,50.7726,1.7078,B,relation-reasoning-agent-eval-v3.1
2026-08-09T04:20:00+09:00,CMP-S03-L02-01,S03,S03-L02,1,running,170.8972,448.2541,97.8613,34.838,-1.2935,B,relation-reasoning-agent-eval-v3.1
2026-08-09T04:20:00+09:00,CMP-S03-L03-01,S03,S03-L03,1,running,174.4591,365.4028,93.2258,49.0137,1.878,B,relation-reasoning-agent-eval-v3.1
2026-08-09T04:20:00+09:00,CMP-S03-L04-01,S03,S03-L04,1,running,120.434,400.3148,103.6784,40.9267,0.3906,A,relation-reasoning-agent-eval-v3.1
2026-08-09T04:20:00+09:00,CMP-S03-L05-01,S03,S03-L05,1,running,177.6924,461.0079,93.8771,38.4484,-0.4301,A,relation-reasoning-agent-eval-v3.1
2026-08-09T04:30:00+09:00,CMP-S03-L01-01,S03,S03-L01,1,running,182.3169,465.4757,95.4652,51.219,1.7905,B,relation-reasoning-agent-eval-v3.1
2026-08-09T04:30:00+09:00,CMP-S03-L02-01,S03,S03-L02,1,running,176.7002,416.2502,103.6127,40.58,-0.2301,A,relation-reasoning-agent-eval-v3.1
2026-08-09T04:30:00+09:00,CMP-S03-L03-01,S03,S03-L03,1,running,170.6605,350.7494,85.4468,49.0023,1.8759,B,relation-reasoning-agent-eval-v3.1
2026-08-09T04:30:00+09:00,CMP-S03-L04-01,S03,S03-L04,1,running,135.627,412.7844,106.6877,42.3469,0.6536,A,relation-reasoning-agent-eval-v3.1
2026-08-09T04:30:00+09:00,CMP-S03-L05-01,S03,S03-L05,1,running,175.1482,439.2361,94.1251,35.0828,-1.0534,B,relation-reasoning-agent-eval-v3.1
2026-08-09T04:40:00+09:00,CMP-S03-L01-01,S03,S03-L01,1,running,176.8572,463.5595,97.2747,52.5458,2.0362,C,relation-reasoning-agent-eval-v3.1
2026-08-09T04:40:00+09:00,CMP-S03-L02-01,S03,S03-L02,1,running,175.3874,398.9821,106.0197,42.5717,0.1387,A,relation-reasoning-agent-eval-v3.1
2026-08-09T04:40:00+09:00,CMP-S03-L03-01,S03,S03-L03,1,running,172.5972,370.2047,98.7092,42.3939,0.6521,A,relation-reasoning-agent-eval-v3.1
2026-08-09T04:40:00+09:00,CMP-S03-L04-01,S03,S03-L04,1,running,143.8998,425.1786,94.4593,39.4722,0.1213,A,relation-reasoning-agent-eval-v3.1
2026-08-09T04:40:00+09:00,CMP-S03-L05-01,S03,S03-L05,1,running,169.1226,500.6878,97.6497,36.533,-0.7848,A,relation-reasoning-agent-eval-v3.1
2026-08-09T04:50:00+09:00,CMP-S03-L01-01,S03,S03-L01,1,running,179.9412,418.523,96.6227,56.0682,2.6885,C,relation-reasoning-agent-eval-v3.1
2026-08-09T04:50:00+09:00,CMP-S03-L02-01,S03,S03-L02,1,running,162.4892,453.2152,106.4485,39.4574,-0.438,A,relation-reasoning-agent-eval-v3.1
2026-08-09T04:50:00+09:00,CMP-S03-L03-01,S03,S03-L03,1,running,179.2907,383.7323,96.6424,39.8077,0.1732,A,relation-reasoning-agent-eval-v3.1
2026-08-09T04:50:00+09:00,CMP-S03-L04-01,S03,S03-L04,1,running,153.9403,419.1295,102.2933,39.438,0.1149,A,relation-reasoning-agent-eval-v3.1
2026-08-09T04:50:00+09:00,CMP-S03-L05-01,S03,S03-L05,1,running,180.8284,490.7903,98.9505,37.3191,-0.6392,A,relation-reasoning-agent-eval-v3.1
2026-08-09T05:00:00+09:00,CMP-S03-L01-01,S03,S03-L01,1,running,180.7581,453.3457,93.6923,52.9391,2.1091,C,relation-reasoning-agent-eval-v3.1
2026-08-09T05:00:00+09:00,CMP-S03-L02-01,S03,S03-L02,1,running,187.8958,445.1299,105.3024,36.4191,-1.0007,B,relation-reasoning-agent-eval-v3.1
2026-08-09T05:00:00+09:00,CMP-S03-L03-01,S03,S03-L03,1,running,159.0722,373.4387,94.9951,36.2888,-0.4785,A,relation-reasoning-agent-eval-v3.1
2026-08-09T05:00:00+09:00,CMP-S03-L04-01,S03,S03-L04,1,running,158.6116,426.7423,101.888,39.9145,0.2032,A,relation-reasoning-agent-eval-v3.1
2026-08-09T05:00:00+09:00,CMP-S03-L05-01,S03,S03-L05,1,running,174.4945,481.488,107.2508,34.0648,-1.2419,B,relation-reasoning-agent-eval-v3.1
2026-08-09T05:10:00+09:00,CMP-S03-L01-01,S03,S03-L01,1,running,194.9257,461.7991,91.8371,52.8709,2.0964,C,relation-reasoning-agent-eval-v3.1
2026-08-09T05:10:00+09:00,CMP-S03-L02-01,S03,S03-L02,1,running,182.0664,429.6559,102.4241,33.942,-1.4594,B,relation-reasoning-agent-eval-v3.1
2026-08-09T05:10:00+09:00,CMP-S03-L03-01,S03,S03-L03,1,running,178.4951,390.8699,94.9411,36.3323,-0.4704,A,relation-reasoning-agent-eval-v3.1
2026-08-09T05:10:00+09:00,CMP-S03-L04-01,S03,S03-L04,1,running,154.9527,398.9866,102.7433,40.1329,0.2436,A,relation-reasoning-agent-eval-v3.1
2026-08-09T05:10:00+09:00,CMP-S03-L05-01,S03,S03-L05,1,running,173.1651,441.8628,104.1515,42.0587,0.2385,A,relation-reasoning-agent-eval-v3.1
2026-08-09T05:20:00+09:00,CMP-S03-L01-01,S03,S03-L01,1,running,189.7966,424.8437,100.9908,48.5737,1.3006,B,relation-reasoning-agent-eval-v3.1
2026-08-09T05:20:00+09:00,CMP-S03-L02-01,S03,S03-L02,1,running,179.4948,434.6312,101.2793,38.5373,-0.6084,A,relation-reasoning-agent-eval-v3.1
2026-08-09T05:20:00+09:00,CMP-S03-L03-01,S03,S03-L03,1,running,197.0983,358.4397,96.2164,33.5936,-0.9776,A,relation-reasoning-agent-eval-v3.1
2026-08-09T05:20:00+09:00,CMP-S03-L04-01,S03,S03-L04,1,running,167.6684,454.1503,104.6292,31.8529,-1.2897,B,relation-reasoning-agent-eval-v3.1
2026-08-09T05:20:00+09:00,CMP-S03-L05-01,S03,S03-L05,1,running,171.9248,455.8789,106.9519,39.6397,-0.2095,A,relation-reasoning-agent-eval-v3.1
2026-08-09T05:30:00+09:00,CMP-S03-L01-01,S03,S03-L01,1,running,196.3311,473.3736,100.3689,40.9602,-0.1093,A,relation-reasoning-agent-eval-v3.1
2026-08-09T05:30:00+09:00,CMP-S03-L02-01,S03,S03-L02,1,running,166.9882,411.165,101.9394,32.4326,-1.7389,B,relation-reasoning-agent-eval-v3.1
2026-08-09T05:30:00+09:00,CMP-S03-L03-01,S03,S03-L03,1,running,191.6574,375.8639,97.6604,25.8928,-2.4036,C,relation-reasoning-agent-eval-v3.1
2026-08-09T05:30:00+09:00,CMP-S03-L04-01,S03,S03-L04,1,running,169.8166,429.9866,110.9048,27.1178,-2.1666,C,relation-reasoning-agent-eval-v3.1
2026-08-09T05:30:00+09:00,CMP-S03-L05-01,S03,S03-L05,1,running,151.6879,433.6619,106.8153,41.1134,0.0634,A,relation-reasoning-agent-eval-v3.1
2026-08-09T05:40:00+09:00,CMP-S03-L01-01,S03,S03-L01,1,running,189.0064,438.5231,101.9762,35.1153,-1.1917,B,relation-reasoning-agent-eval-v3.1
2026-08-09T05:40:00+09:00,CMP-S03-L02-01,S03,S03-L02,1,running,160.9498,455.0388,101.6918,32.1473,-1.7917,B,relation-reasoning-agent-eval-v3.1
2026-08-09T05:40:00+09:00,CMP-S03-L03-01,S03,S03-L03,1,running,178.8774,425.0368,105.6875,27.2815,-2.1465,C,relation-reasoning-agent-eval-v3.1
2026-08-09T05:40:00+09:00,CMP-S03-L04-01,S03,S03-L04,1,running,175.2318,460.9869,109.854,34.7426,-0.7546,A,relation-reasoning-agent-eval-v3.1
2026-08-09T05:40:00+09:00,CMP-S03-L05-01,S03,S03-L05,1,running,146.3611,489.4881,105.4742,40.4983,-0.0505,A,relation-reasoning-agent-eval-v3.1
2026-08-09T05:50:00+09:00,CMP-S03-L01-01,S03,S03-L01,1,running,188.7728,438.9113,100.4549,40.659,-0.165,A,relation-reasoning-agent-eval-v3.1
2026-08-09T05:50:00+09:00,CMP-S03-L02-01,S03,S03-L02,1,running,172.013,446.967,101.8927,34.456,-1.3642,B,relation-reasoning-agent-eval-v3.1
2026-08-09T05:50:00+09:00,CMP-S03-L03-01,S03,S03-L03,1,running,151.8335,421.9502,109.7678,35.3215,-0.6576,A,relation-reasoning-agent-eval-v3.1
2026-08-09T05:50:00+09:00,CMP-S03-L04-01,S03,S03-L04,1,running,170.734,442.2647,106.7506,35.8196,-0.5551,A,relation-reasoning-agent-eval-v3.1
2026-08-09T05:50:00+09:00,CMP-S03-L05-01,S03,S03-L05,1,running,164.5895,422.4288,100.1438,38.0266,-0.5082,A,relation-reasoning-agent-eval-v3.1
2026-08-09T06:00:00+09:00,CMP-S03-L01-01,S03,S03-L01,1,running,195.9557,465.3391,96.4203,40.4708,-0.1999,A,relation-reasoning-agent-eval-v3.1
2026-08-09T06:00:00+09:00,CMP-S03-L02-01,S03,S03-L02,1,running,155.4891,406.5347,107.4018,37.3731,-0.824,A,relation-reasoning-agent-eval-v3.1
2026-08-09T06:00:00+09:00,CMP-S03-L03-01,S03,S03-L03,1,running,144.703,415.9913,109.365,42.8899,0.744,A,relation-reasoning-agent-eval-v3.1
2026-08-09T06:00:00+09:00,CMP-S03-L04-01,S03,S03-L04,1,running,175.4765,482.7946,108.159,43.6574,0.8963,A,relation-reasoning-agent-eval-v3.1
2026-08-09T06:00:00+09:00,CMP-S03-L05-01,S03,S03-L05,1,running,150.098,428.7405,104.5248,37.4335,-0.618,A,relation-reasoning-agent-eval-v3.1
2026-08-09T06:10:00+09:00,CMP-S03-L01-01,S03,S03-L01,1,running,195.2515,434.7161,91.5842,38.2894,-0.6038,A,relation-reasoning-agent-eval-v3.1
2026-08-09T06:10:00+09:00,CMP-S03-L02-01,S03,S03-L02,1,running,150.7672,458.7345,110.8182,31.8151,-1.8532,B,relation-reasoning-agent-eval-v3.1
2026-08-09T06:10:00+09:00,CMP-S03-L03-01,S03,S03-L03,1,running,138.8701,442.2567,104.8174,41.6502,0.5144,A,relation-reasoning-agent-eval-v3.1
2026-08-09T06:10:00+09:00,CMP-S03-L04-01,S03,S03-L04,1,running,163.0734,465.675,112.2443,46.5946,1.4402,B,relation-reasoning-agent-eval-v3.1
2026-08-09T06:10:00+09:00,CMP-S03-L05-01,S03,S03-L05,1,running,149.3165,436.8627,103.9481,36.3054,-0.827,A,relation-reasoning-agent-eval-v3.1
2026-08-09T06:20:00+09:00,CMP-S03-L01-01,S03,S03-L01,1,running,177.8498,395.088,93.4535,37.2606,-0.7944,A,relation-reasoning-agent-eval-v3.1
2026-08-09T06:20:00+09:00,CMP-S03-L02-01,S03,S03-L02,1,running,145.0601,442.0825,101.102,31.6503,-1.8838,B,relation-reasoning-agent-eval-v3.1
2026-08-09T06:20:00+09:00,CMP-S03-L03-01,S03,S03-L03,1,running,152.7619,442.8348,108.016,37.7199,-0.2134,A,relation-reasoning-agent-eval-v3.1
2026-08-09T06:20:00+09:00,CMP-S03-L04-01,S03,S03-L04,1,running,153.8019,461.1489,108.8889,46.8404,1.4858,B,relation-reasoning-agent-eval-v3.1
2026-08-09T06:20:00+09:00,CMP-S03-L05-01,S03,S03-L05,1,running,151.7207,438.2543,108.8318,35.1299,-1.0446,B,relation-reasoning-agent-eval-v3.1
2026-08-09T06:30:00+09:00,CMP-S03-L01-01,S03,S03-L01,1,running,174.5414,383.5033,87.2964,39.9522,-0.2959,A,relation-reasoning-agent-eval-v3.1
2026-08-09T06:30:00+09:00,CMP-S03-L02-01,S03,S03-L02,1,running,162.0003,461.3754,105.2848,29.9825,-2.1926,C,relation-reasoning-agent-eval-v3.1
2026-08-09T06:30:00+09:00,CMP-S03-L03-01,S03,S03-L03,1,running,146.8744,416.7717,105.266,41.0497,0.4032,A,relation-reasoning-agent-eval-v3.1
2026-08-09T06:30:00+09:00,CMP-S03-L04-01,S03,S03-L04,1,running,145.0727,498.1389,108.3541,43.664,0.8975,A,relation-reasoning-agent-eval-v3.1
2026-08-09T06:30:00+09:00,CMP-S03-L05-01,S03,S03-L05,1,running,166.9202,482.0448,107.5933,36.9416,-0.7091,A,relation-reasoning-agent-eval-v3.1
2026-08-09T06:40:00+09:00,CMP-S03-L01-01,S03,S03-L01,1,running,174.2148,461.0806,90.332,44.3597,0.5203,A,relation-reasoning-agent-eval-v3.1
2026-08-09T06:40:00+09:00,CMP-S03-L02-01,S03,S03-L02,1,running,160.9732,399.3645,104.4072,27.6,-2.6338,C,relation-reasoning-agent-eval-v3.1
2026-08-09T06:40:00+09:00,CMP-S03-L03-01,S03,S03-L03,1,running,167.2182,425.084,103.638,42.0521,0.5888,A,relation-reasoning-agent-eval-v3.1
2026-08-09T06:40:00+09:00,CMP-S03-L04-01,S03,S03-L04,1,running,158.5601,490.5825,107.3696,40.7297,0.3541,A,relation-reasoning-agent-eval-v3.1
2026-08-09T06:40:00+09:00,CMP-S03-L05-01,S03,S03-L05,1,running,159.9024,497.8481,104.7737,41.8073,0.1919,A,relation-reasoning-agent-eval-v3.1
2026-08-09T06:50:00+09:00,CMP-S03-L01-01,S03,S03-L01,1,running,171.202,464.058,90.3142,46.938,0.9977,A,relation-reasoning-agent-eval-v3.1
2026-08-09T06:50:00+09:00,CMP-S03-L02-01,S03,S03-L02,1,running,178.7789,374.8788,101.6434,33.2547,-1.5867,B,relation-reasoning-agent-eval-v3.1
2026-08-09T06:50:00+09:00,CMP-S03-L03-01,S03,S03-L03,1,running,170.3655,396.3026,107.0364,38.874,0.0003,A,relation-reasoning-agent-eval-v3.1
2026-08-09T06:50:00+09:00,CMP-S03-L04-01,S03,S03-L04,1,running,165.4554,508.0525,100.2403,38.1052,-0.1319,A,relation-reasoning-agent-eval-v3.1
2026-08-09T06:50:00+09:00,CMP-S03-L05-01,S03,S03-L05,1,running,162.1057,516.0911,108.1141,48.6261,1.4547,B,relation-reasoning-agent-eval-v3.1
2026-08-09T07:00:00+09:00,CMP-S03-L01-01,S03,S03-L01,1,running,165.3182,516.6572,92.3482,45.2989,0.6942,A,relation-reasoning-agent-eval-v3.1
2026-08-09T07:00:00+09:00,CMP-S03-L02-01,S03,S03-L02,1,running,166.7451,352.6684,101.6588,39.0875,-0.5065,A,relation-reasoning-agent-eval-v3.1
2026-08-09T07:00:00+09:00,CMP-S03-L03-01,S03,S03-L03,1,running,169.0697,415.3486,106.0354,41.91,0.5625,A,relation-reasoning-agent-eval-v3.1
2026-08-09T07:00:00+09:00,CMP-S03-L04-01,S03,S03-L04,1,running,167.677,538.9822,97.164,41.0279,0.4094,A,relation-reasoning-agent-eval-v3.1
2026-08-09T07:00:00+09:00,CMP-S03-L05-01,S03,S03-L05,1,running,167.1778,521.4045,100.6787,45.4303,0.8628,A,relation-reasoning-agent-eval-v3.1
2026-08-09T07:10:00+09:00,CMP-S03-L01-01,S03,S03-L01,1,running,159.777,513.4011,94.2394,42.2686,0.133,A,relation-reasoning-agent-eval-v3.1
2026-08-09T07:10:00+09:00,CMP-S03-L02-01,S03,S03-L02,1,running,178.7514,383.6323,109.476,41.2473,-0.1065,A,relation-reasoning-agent-eval-v3.1
2026-08-09T07:10:00+09:00,CMP-S03-L03-01,S03,S03-L03,1,running,150.8056,400.9795,96.8825,35.7667,-0.5751,A,relation-reasoning-agent-eval-v3.1
2026-08-09T07:10:00+09:00,CMP-S03-L04-01,S03,S03-L04,1,running,161.1724,500.8293,98.2692,36.2715,-0.4714,A,relation-reasoning-agent-eval-v3.1
2026-08-09T07:10:00+09:00,CMP-S03-L05-01,S03,S03-L05,1,running,156.2324,512.6157,102.7897,40.4725,-0.0553,A,relation-reasoning-agent-eval-v3.1
2026-08-09T07:20:00+09:00,CMP-S03-L01-01,S03,S03-L01,1,running,180.1442,484.5773,86.8498,36.6121,-0.9145,A,relation-reasoning-agent-eval-v3.1
2026-08-09T07:20:00+09:00,CMP-S03-L02-01,S03,S03-L02,1,running,178.6512,351.9608,109.0337,43.5047,0.3115,A,relation-reasoning-agent-eval-v3.1
2026-08-09T07:20:00+09:00,CMP-S03-L03-01,S03,S03-L03,1,running,146.2314,386.86,94.631,37.7216,-0.2131,A,relation-reasoning-agent-eval-v3.1
2026-08-09T07:20:00+09:00,CMP-S03-L04-01,S03,S03-L04,1,running,168.6302,497.7243,98.688,33.8045,-0.9283,A,relation-reasoning-agent-eval-v3.1
2026-08-09T07:20:00+09:00,CMP-S03-L05-01,S03,S03-L05,1,running,153.8436,483.48,103.7082,39.4945,-0.2364,A,relation-reasoning-agent-eval-v3.1
2026-08-09T07:30:00+09:00,CMP-S03-L01-01,S03,S03-L01,1,running,199.6503,476.7223,88.0566,35.9766,-1.0321,B,relation-reasoning-agent-eval-v3.1
2026-08-09T07:30:00+09:00,CMP-S03-L02-01,S03,S03-L02,1,running,161.4702,378.9921,111.6941,46.4886,0.8641,A,relation-reasoning-agent-eval-v3.1
2026-08-09T07:30:00+09:00,CMP-S03-L03-01,S03,S03-L03,1,running,127.638,418.4146,93.8172,42.5536,0.6817,A,relation-reasoning-agent-eval-v3.1
2026-08-09T07:30:00+09:00,CMP-S03-L04-01,S03,S03-L04,1,running,188.015,457.1755,92.892,31.6612,-1.3252,B,relation-reasoning-agent-eval-v3.1
2026-08-09T07:30:00+09:00,CMP-S03-L05-01,S03,S03-L05,1,running,155.7358,487.9247,106.6325,36.0379,-0.8765,A,relation-reasoning-agent-eval-v3.1
2026-08-09T07:40:00+09:00,CMP-S03-L01-01,S03,S03-L01,1,running,179.0054,478.2882,94.2017,38.1159,-0.636,A,relation-reasoning-agent-eval-v3.1
2026-08-09T07:40:00+09:00,CMP-S03-L02-01,S03,S03-L02,1,running,174.0021,365.2953,115.676,43.128,0.2417,A,relation-reasoning-agent-eval-v3.1
2026-08-09T07:40:00+09:00,CMP-S03-L03-01,S03,S03-L03,1,running,126.1365,390.4091,102.0866,42.9797,0.7606,A,relation-reasoning-agent-eval-v3.1
2026-08-09T07:40:00+09:00,CMP-S03-L04-01,S03,S03-L04,1,running,172.9328,468.267,93.6818,34.1663,-0.8613,A,relation-reasoning-agent-eval-v3.1
2026-08-09T07:40:00+09:00,CMP-S03-L05-01,S03,S03-L05,1,running,162.2512,476.8803,116.1664,32.2929,-1.57,B,relation-reasoning-agent-eval-v3.1
2026-08-09T07:50:00+09:00,CMP-S03-L01-01,S03,S03-L01,1,running,185.5932,461.5031,98.6373,33.7545,-1.4437,B,relation-reasoning-agent-eval-v3.1
2026-08-09T07:50:00+09:00,CMP-S03-L02-01,S03,S03-L02,1,running,182.6911,368.0051,118.5135,45.6848,0.7152,A,relation-reasoning-agent-eval-v3.1
2026-08-09T07:50:00+09:00,CMP-S03-L03-01,S03,S03-L03,1,running,125.6871,363.6721,93.9021,46.1599,1.3495,B,relation-reasoning-agent-eval-v3.1
2026-08-09T07:50:00+09:00,CMP-S03-L04-01,S03,S03-L04,1,running,174.3431,467.9365,97.5422,32.7763,-1.1187,B,relation-reasoning-agent-eval-v3.1
2026-08-09T07:50:00+09:00,CMP-S03-L05-01,S03,S03-L05,1,running,184.4287,475.9838,113.0293,32.8011,-1.4759,B,relation-reasoning-agent-eval-v3.1
2026-08-09T08:00:00+09:00,CMP-S03-L01-01,S03,S03-L01,1,running,185.1506,454.3989,93.6435,30.1818,-2.1053,C,relation-reasoning-agent-eval-v3.1
2026-08-09T08:00:00+09:00,CMP-S03-L02-01,S03,S03-L02,1,running,180.6287,390.4704,113.4374,46.6859,0.9006,A,relation-reasoning-agent-eval-v3.1
2026-08-09T08:00:00+09:00,CMP-S03-L03-01,S03,S03-L03,0,maintenance,163.8364,343.2575,95.5232,36.6895,-0.4042,A,relation-reasoning-agent-eval-v3.1
2026-08-09T08:00:00+09:00,CMP-S03-L04-01,S03,S03-L04,1,running,154.3447,469.5031,93.8408,31.1535,-1.4192,B,relation-reasoning-agent-eval-v3.1
2026-08-09T08:00:00+09:00,CMP-S03-L05-01,S03,S03-L05,1,running,174.4458,459.1545,110.9992,30.1203,-1.9723,B,relation-reasoning-agent-eval-v3.1
2026-08-09T08:10:00+09:00,CMP-S03-L01-01,S03,S03-L01,1,running,175.3982,429.4336,93.4158,37.4434,-0.7605,A,relation-reasoning-agent-eval-v3.1
2026-08-09T08:10:00+09:00,CMP-S03-L02-01,S03,S03-L02,1,running,174.5487,444.0743,116.0219,41.3059,-0.0957,A,relation-reasoning-agent-eval-v3.1
2026-08-09T08:10:00+09:00,CMP-S03-L03-01,S03,S03-L03,0,maintenance,173.4183,409.6546,97.8067,35.4235,-0.6387,A,relation-reasoning-agent-eval-v3.1
2026-08-09T08:10:00+09:00,CMP-S03-L04-01,S03,S03-L04,1,running,168.4395,471.2877,94.8661,28.1129,-1.9823,B,relation-reasoning-agent-eval-v3.1
2026-08-09T08:10:00+09:00,CMP-S03-L05-01,S03,S03-L05,1,running,183.3806,446.9317,116.6941,30.6905,-1.8667,B,relation-reasoning-agent-eval-v3.1
2026-08-09T08:20:00+09:00,CMP-S03-L01-01,S03,S03-L01,1,running,175.6629,431.4323,89.2713,35.7591,-1.0724,B,relation-reasoning-agent-eval-v3.1
2026-08-09T08:20:00+09:00,CMP-S03-L02-01,S03,S03-L02,1,running,173.1811,480.0314,112.7106,42.7388,0.1697,A,relation-reasoning-agent-eval-v3.1
2026-08-09T08:20:00+09:00,CMP-S03-L03-01,S03,S03-L03,0,maintenance,156.3566,411.5521,102.1403,38.4145,-0.0848,A,relation-reasoning-agent-eval-v3.1
2026-08-09T08:20:00+09:00,CMP-S03-L04-01,S03,S03-L04,1,running,157.3291,435.3383,96.2959,25.3442,-2.495,C,relation-reasoning-agent-eval-v3.1
2026-08-09T08:20:00+09:00,CMP-S03-L05-01,S03,S03-L05,1,running,184.7187,422.0605,110.6717,30.7882,-1.8486,B,relation-reasoning-agent-eval-v3.1
2026-08-09T08:30:00+09:00,CMP-S03-L01-01,S03,S03-L01,1,running,196.4492,427.5149,94.8062,42.8463,0.24,A,relation-reasoning-agent-eval-v3.1
2026-08-09T08:30:00+09:00,CMP-S03-L02-01,S03,S03-L02,1,running,181.0316,479.4039,107.9138,48.2545,1.1911,B,relation-reasoning-agent-eval-v3.1
2026-08-09T08:30:00+09:00,CMP-S03-L03-01,S03,S03-L03,0,maintenance,167.6755,444.1378,98.6862,41.5675,0.4991,A,relation-reasoning-agent-eval-v3.1
2026-08-09T08:30:00+09:00,CMP-S03-L04-01,S03,S03-L04,1,running,159.6816,414.4669,102.2793,32.6715,-1.1381,B,relation-reasoning-agent-eval-v3.1
2026-08-09T08:30:00+09:00,CMP-S03-L05-01,S03,S03-L05,1,running,177.1644,396.6805,108.4918,31.5648,-1.7048,B,relation-reasoning-agent-eval-v3.1
2026-08-09T08:40:00+09:00,CMP-S03-L01-01,S03,S03-L01,1,running,200.1389,371.0593,93.3051,37.6369,-0.7247,A,relation-reasoning-agent-eval-v3.1
2026-08-09T08:40:00+09:00,CMP-S03-L02-01,S03,S03-L02,1,running,173.6303,474.2993,105.6495,43.515,0.3134,A,relation-reasoning-agent-eval-v3.1
2026-08-09T08:40:00+09:00,CMP-S03-L03-01,S03,S03-L03,0,maintenance,149.2462,437.7919,100.9645,43.119,0.7864,A,relation-reasoning-agent-eval-v3.1
2026-08-09T08:40:00+09:00,CMP-S03-L04-01,S03,S03-L04,1,running,162.3409,441.7268,102.8504,37.681,-0.2104,A,relation-reasoning-agent-eval-v3.1
2026-08-09T08:40:00+09:00,CMP-S03-L05-01,S03,S03-L05,1,running,188.752,416.1509,107.464,34.3824,-1.1831,B,relation-reasoning-agent-eval-v3.1
2026-08-09T08:50:00+09:00,CMP-S03-L01-01,S03,S03-L01,1,running,181.3068,400.2892,95.1279,40.5294,-0.189,A,relation-reasoning-agent-eval-v3.1
2026-08-09T08:50:00+09:00,CMP-S03-L02-01,S03,S03-L02,1,running,178.9226,495.4953,103.4799,43.7389,0.3549,A,relation-reasoning-agent-eval-v3.1
2026-08-09T08:50:00+09:00,CMP-S03-L03-01,S03,S03-L03,0,maintenance,147.8204,507.9027,99.4585,41.9291,0.566,A,relation-reasoning-agent-eval-v3.1
2026-08-09T08:50:00+09:00,CMP-S03-L04-01,S03,S03-L04,1,running,171.4815,440.0642,109.5258,42.4635,0.6752,A,relation-reasoning-agent-eval-v3.1
2026-08-09T08:50:00+09:00,CMP-S03-L05-01,S03,S03-L05,1,running,192.4732,432.1034,103.7852,39.5227,-0.2312,A,relation-reasoning-agent-eval-v3.1
2026-08-09T09:00:00+09:00,CMP-S03-L01-01,S03,S03-L01,1,running,184.4358,390.7259,92.6846,35.3842,-1.1419,B,relation-reasoning-agent-eval-v3.1
2026-08-09T09:00:00+09:00,CMP-S03-L02-01,S03,S03-L02,1,running,186.8956,512.6378,101.3447,45.7707,0.7311,A,relation-reasoning-agent-eval-v3.1
2026-08-09T09:00:00+09:00,CMP-S03-L03-01,S03,S03-L03,0,maintenance,153.1049,531.0583,97.9734,41.5543,0.4966,A,relation-reasoning-agent-eval-v3.1
2026-08-09T09:00:00+09:00,CMP-S03-L04-01,S03,S03-L04,1,running,163.7592,469.4989,109.9547,41.3125,0.4621,A,relation-reasoning-agent-eval-v3.1
2026-08-09T09:00:00+09:00,CMP-S03-L05-01,S03,S03-L05,1,running,197.7525,389.1565,105.6443,43.2969,0.4678,A,relation-reasoning-agent-eval-v3.1
2026-08-09T09:10:00+09:00,CMP-S03-L01-01,S03,S03-L01,1,running,181.8729,432.5558,97.1286,38.8609,-0.498,A,relation-reasoning-agent-eval-v3.1
2026-08-09T09:10:00+09:00,CMP-S03-L02-01,S03,S03-L02,1,running,171.1159,510.1186,102.9905,48.0899,1.1606,B,relation-reasoning-agent-eval-v3.1
2026-08-09T09:10:00+09:00,CMP-S03-L03-01,S03,S03-L03,0,maintenance,177.765,503.3786,92.3363,41.9491,0.5697,A,relation-reasoning-agent-eval-v3.1
2026-08-09T09:10:00+09:00,CMP-S03-L04-01,S03,S03-L04,1,running,155.1891,472.0705,113.8615,44.2807,1.0117,B,relation-reasoning-agent-eval-v3.1
2026-08-09T09:10:00+09:00,CMP-S03-L05-01,S03,S03-L05,1,running,212.9993,397.8355,103.107,42.6761,0.3528,A,relation-reasoning-agent-eval-v3.1
2026-08-09T09:20:00+09:00,CMP-S03-L01-01,S03,S03-L01,1,running,188.1963,431.0138,96.8532,41.6998,0.0277,A,relation-reasoning-agent-eval-v3.1
2026-08-09T09:20:00+09:00,CMP-S03-L02-01,S03,S03-L02,1,running,146.3994,451.6034,96.7496,48.6105,1.257,B,relation-reasoning-agent-eval-v3.1
2026-08-09T09:20:00+09:00,CMP-S03-L03-01,S03,S03-L03,0,maintenance,176.426,524.457,95.4963,44.0265,0.9545,A,relation-reasoning-agent-eval-v3.1
2026-08-09T09:20:00+09:00,CMP-S03-L04-01,S03,S03-L04,1,running,178.6528,475.9826,120.9291,45.9214,1.3156,B,relation-reasoning-agent-eval-v3.1
2026-08-09T09:20:00+09:00,CMP-S03-L05-01,S03,S03-L05,1,running,202.2341,405.7164,107.109,44.2252,0.6397,A,relation-reasoning-agent-eval-v3.1
2026-08-09T09:30:00+09:00,CMP-S03-L01-01,S03,S03-L01,1,running,189.4575,474.3273,96.8841,42.1119,0.104,A,relation-reasoning-agent-eval-v3.1
2026-08-09T09:30:00+09:00,CMP-S03-L02-01,S03,S03-L02,1,running,147.0785,459.898,104.6281,45.284,0.641,A,relation-reasoning-agent-eval-v3.1
2026-08-09T09:30:00+09:00,CMP-S03-L03-01,S03,S03-L03,0,maintenance,173.4667,526.1232,101.0114,42.5986,0.69,A,relation-reasoning-agent-eval-v3.1
2026-08-09T09:30:00+09:00,CMP-S03-L04-01,S03,S03-L04,1,running,177.239,452.6892,113.2156,42.2955,0.6441,A,relation-reasoning-agent-eval-v3.1
2026-08-09T09:30:00+09:00,CMP-S03-L05-01,S03,S03-L05,1,running,189.759,425.1204,112.3287,41.9386,0.2162,A,relation-reasoning-agent-eval-v3.1
2026-08-09T09:40:00+09:00,CMP-S03-L01-01,S03,S03-L01,1,running,176.2418,477.3474,100.8015,41.246,-0.0563,A,relation-reasoning-agent-eval-v3.1
2026-08-09T09:40:00+09:00,CMP-S03-L02-01,S03,S03-L02,1,running,148.2106,518.3812,100.2202,46.4418,0.8554,A,relation-reasoning-agent-eval-v3.1
2026-08-09T09:40:00+09:00,CMP-S03-L03-01,S03,S03-L03,0,maintenance,189.8654,530.0914,101.8698,35.9359,-0.5438,A,relation-reasoning-agent-eval-v3.1
2026-08-09T09:40:00+09:00,CMP-S03-L04-01,S03,S03-L04,1,running,166.0347,432.7873,120.641,45.2136,1.1845,B,relation-reasoning-agent-eval-v3.1
2026-08-09T09:40:00+09:00,CMP-S03-L05-01,S03,S03-L05,1,running,173.7761,379.0657,109.4476,42.4281,0.3069,A,relation-reasoning-agent-eval-v3.1
2026-08-09T09:50:00+09:00,CMP-S03-L01-01,S03,S03-L01,1,running,172.4328,492.1756,99.0521,41.0316,-0.096,A,relation-reasoning-agent-eval-v3.1
2026-08-09T09:50:00+09:00,CMP-S03-L02-01,S03,S03-L02,1,running,162.0223,526.1517,102.9326,44.7758,0.5469,A,relation-reasoning-agent-eval-v3.1
2026-08-09T09:50:00+09:00,CMP-S03-L03-01,S03,S03-L03,0,maintenance,191.4787,480.4218,95.5395,30.0541,-1.633,B,relation-reasoning-agent-eval-v3.1
2026-08-09T09:50:00+09:00,CMP-S03-L04-01,S03,S03-L04,1,running,167.3634,400.8799,110.1652,40.9877,0.4019,A,relation-reasoning-agent-eval-v3.1
2026-08-09T09:50:00+09:00,CMP-S03-L05-01,S03,S03-L05,1,running,161.2441,394.3021,109.2102,44.0746,0.6118,A,relation-reasoning-agent-eval-v3.1
2026-08-09T10:00:00+09:00,CMP-S03-L01-01,S03,S03-L01,1,running,178.1031,511.0277,96.2607,46.0835,0.8395,A,relation-reasoning-agent-eval-v3.1
2026-08-09T10:00:00+09:00,CMP-S03-L02-01,S03,S03-L02,1,running,164.2247,545.4579,103.6937,44.3326,0.4648,A,relation-reasoning-agent-eval-v3.1
2026-08-09T10:00:00+09:00,CMP-S03-L03-01,S03,S03-L03,0,maintenance,176.9493,418.1655,98.0827,34.4214,-0.8243,A,relation-reasoning-agent-eval-v3.1
2026-08-09T10:00:00+09:00,CMP-S03-L04-01,S03,S03-L04,1,running,183.5483,422.7256,108.876,41.1056,0.4237,A,relation-reasoning-agent-eval-v3.1
2026-08-09T10:00:00+09:00,CMP-S03-L05-01,S03,S03-L05,1,running,162.3452,378.484,101.6888,38.7156,-0.3806,A,relation-reasoning-agent-eval-v3.1
2026-08-09T10:10:00+09:00,CMP-S03-L01-01,S03,S03-L01,1,running,194.327,505.4753,93.231,37.1339,-0.8178,A,relation-reasoning-agent-eval-v3.1
2026-08-09T10:10:00+09:00,CMP-S03-L02-01,S03,S03-L02,1,running,165.1082,526.8348,107.9931,47.0768,0.973,A,relation-reasoning-agent-eval-v3.1
2026-08-09T10:10:00+09:00,CMP-S03-L03-01,S03,S03-L03,0,maintenance,164.8279,440.9031,109.1753,30.6153,-1.5291,B,relation-reasoning-agent-eval-v3.1
2026-08-09T10:10:00+09:00,CMP-S03-L04-01,S03,S03-L04,1,running,205.0197,428.1744,110.8472,42.6357,0.7071,A,relation-reasoning-agent-eval-v3.1
2026-08-09T10:10:00+09:00,CMP-S03-L05-01,S03,S03-L05,1,running,159.1296,399.5087,98.6903,44.2237,0.6394,A,relation-reasoning-agent-eval-v3.1
2026-08-09T10:20:00+09:00,CMP-S03-L01-01,S03,S03-L01,1,running,189.867,512.2946,93.2054,36.8854,-0.8638,A,relation-reasoning-agent-eval-v3.1
2026-08-09T10:20:00+09:00,CMP-S03-L02-01,S03,S03-L02,1,running,168.3383,537.7325,109.9582,44.5306,0.5015,A,relation-reasoning-agent-eval-v3.1
2026-08-09T10:20:00+09:00,CMP-S03-L03-01,S03,S03-L03,0,maintenance,157.9583,382.436,97.4083,31.4811,-1.3688,B,relation-reasoning-agent-eval-v3.1
2026-08-09T10:20:00+09:00,CMP-S03-L04-01,S03,S03-L04,1,running,201.615,411.0379,119.207,42.2577,0.6371,A,relation-reasoning-agent-eval-v3.1
2026-08-09T10:20:00+09:00,CMP-S03-L05-01,S03,S03-L05,1,running,158.4904,364.7136,103.9729,39.2749,-0.277,A,relation-reasoning-agent-eval-v3.1
2026-08-09T10:30:00+09:00,CMP-S03-L01-01,S03,S03-L01,1,running,169.6606,559.4281,96.2609,35.6546,-1.0918,B,relation-reasoning-agent-eval-v3.1
2026-08-09T10:30:00+09:00,CMP-S03-L02-01,S03,S03-L02,1,running,162.0893,534.8854,103.2892,44.576,0.5099,A,relation-reasoning-agent-eval-v3.1
2026-08-09T10:30:00+09:00,CMP-S03-L03-01,S03,S03-L03,0,maintenance,178.7821,409.412,95.0132,29.3763,-1.7586,B,relation-reasoning-agent-eval-v3.1
2026-08-09T10:30:00+09:00,CMP-S03-L04-01,S03,S03-L04,1,running,162.5856,398.364,115.7702,47.3558,1.5812,B,relation-reasoning-agent-eval-v3.1
2026-08-09T10:30:00+09:00,CMP-S03-L05-01,S03,S03-L05,1,running,164.7094,362.4346,106.3364,38.0772,-0.4988,A,relation-reasoning-agent-eval-v3.1
2026-08-09T10:40:00+09:00,CMP-S03-L01-01,S03,S03-L01,1,running,168.844,509.8627,95.0331,39.7744,-0.3289,A,relation-reasoning-agent-eval-v3.1
2026-08-09T10:40:00+09:00,CMP-S03-L02-01,S03,S03-L02,1,running,169.8032,551.1052,105.6827,45.1314,0.6127,A,relation-reasoning-agent-eval-v3.1
2026-08-09T10:40:00+09:00,CMP-S03-L03-01,S03,S03-L03,0,maintenance,181.7886,387.86,96.5807,27.9272,-2.0269,C,relation-reasoning-agent-eval-v3.1
2026-08-09T10:40:00+09:00,CMP-S03-L04-01,S03,S03-L04,1,running,151.4776,384.2815,107.5689,47.7598,1.656,B,relation-reasoning-agent-eval-v3.1
2026-08-09T10:40:00+09:00,CMP-S03-L05-01,S03,S03-L05,1,running,171.8446,354.9134,101.3018,41.3778,0.1124,A,relation-reasoning-agent-eval-v3.1
2026-08-09T10:50:00+09:00,CMP-S03-L01-01,S03,S03-L01,1,running,175.1721,541.1512,94.3204,42.009,0.085,A,relation-reasoning-agent-eval-v3.1
2026-08-09T10:50:00+09:00,CMP-S03-L02-01,S03,S03-L02,1,running,160.8237,517.3291,105.2608,44.2453,0.4486,A,relation-reasoning-agent-eval-v3.1
2026-08-09T10:50:00+09:00,CMP-S03-L03-01,S03,S03-L03,0,maintenance,186.8053,388.1337,99.4695,30.9702,-1.4634,B,relation-reasoning-agent-eval-v3.1
2026-08-09T10:50:00+09:00,CMP-S03-L04-01,S03,S03-L04,1,running,163.8032,409.3258,104.1538,42.5045,0.6828,A,relation-reasoning-agent-eval-v3.1
2026-08-09T10:50:00+09:00,CMP-S03-L05-01,S03,S03-L05,1,running,167.1203,386.0069,97.8698,42.5273,0.3253,A,relation-reasoning-agent-eval-v3.1
2026-08-09T11:00:00+09:00,CMP-S03-L01-01,S03,S03-L01,1,running,176.2536,500.5493,98.3847,44.8529,0.6116,A,relation-reasoning-agent-eval-v3.1
2026-08-09T11:00:00+09:00,CMP-S03-L02-01,S03,S03-L02,1,running,166.6024,518.8978,104.238,45.5985,0.6992,A,relation-reasoning-agent-eval-v3.1
2026-08-09T11:00:00+09:00,CMP-S03-L03-01,S03,S03-L03,0,maintenance,180.8791,394.6906,100.3349,28.4813,-1.9243,B,relation-reasoning-agent-eval-v3.1
2026-08-09T11:00:00+09:00,CMP-S03-L04-01,S03,S03-L04,1,running,170.2559,426.033,107.0495,40.737,0.3555,A,relation-reasoning-agent-eval-v3.1
2026-08-09T11:00:00+09:00,CMP-S03-L05-01,S03,S03-L05,1,running,166.3252,381.7451,98.0081,46.1674,0.9993,A,relation-reasoning-agent-eval-v3.1
2026-08-09T11:10:00+09:00,CMP-S03-L01-01,S03,S03-L01,1,running,164.7256,453.0286,87.6667,36.1783,-0.9948,A,relation-reasoning-agent-eval-v3.1
2026-08-09T11:10:00+09:00,CMP-S03-L02-01,S03,S03-L02,1,running,165.4134,483.2496,101.4825,47.6125,1.0722,B,relation-reasoning-agent-eval-v3.1
2026-08-09T11:10:00+09:00,CMP-S03-L03-01,S03,S03-L03,0,maintenance,185.5594,421.2359,103.1516,22.8552,-2.9662,C,relation-reasoning-agent-eval-v3.1
2026-08-09T11:10:00+09:00,CMP-S03-L04-01,S03,S03-L04,1,running,173.5687,413.3768,115.5588,44.6116,1.073,B,relation-reasoning-agent-eval-v3.1
2026-08-09T11:10:00+09:00,CMP-S03-L05-01,S03,S03-L05,1,running,167.0024,407.229,98.0902,41.2448,0.0877,A,relation-reasoning-agent-eval-v3.1
2026-08-09T11:20:00+09:00,CMP-S03-L01-01,S03,S03-L01,1,running,172.2693,480.1976,95.7994,40.494,-0.1956,A,relation-reasoning-agent-eval-v3.1
2026-08-09T11:20:00+09:00,CMP-S03-L02-01,S03,S03-L02,1,running,154.8281,490.3852,98.304,40.7476,-0.1991,A,relation-reasoning-agent-eval-v3.1
2026-08-09T11:20:00+09:00,CMP-S03-L03-01,S03,S03-L03,0,maintenance,177.3648,415.5766,96.2345,22.4636,-3.0387,D,relation-reasoning-agent-eval-v3.1
2026-08-09T11:20:00+09:00,CMP-S03-L04-01,S03,S03-L04,1,running,180.2178,411.187,114.9946,49.67,2.0097,C,relation-reasoning-agent-eval-v3.1
2026-08-09T11:20:00+09:00,CMP-S03-L05-01,S03,S03-L05,1,running,176.0265,425.1898,94.5468,42.018,0.2309,A,relation-reasoning-agent-eval-v3.1
2026-08-09T11:30:00+09:00,CMP-S03-L01-01,S03,S03-L01,1,running,181.7053,452.97,95.69,38.8167,-0.5062,A,relation-reasoning-agent-eval-v3.1
2026-08-09T11:30:00+09:00,CMP-S03-L02-01,S03,S03-L02,1,running,154.9603,516.6034,101.3199,39.6748,-0.3977,A,relation-reasoning-agent-eval-v3.1
2026-08-09T11:30:00+09:00,CMP-S03-L03-01,S03,S03-L03,0,maintenance,157.821,405.7692,90.8321,26.8742,-2.2219,C,relation-reasoning-agent-eval-v3.1
2026-08-09T11:30:00+09:00,CMP-S03-L04-01,S03,S03-L04,1,running,161.33,403.3088,106.3908,48.3278,1.7612,B,relation-reasoning-agent-eval-v3.1
2026-08-09T11:30:00+09:00,CMP-S03-L05-01,S03,S03-L05,1,running,168.4528,403.7381,98.5797,44.4792,0.6867,A,relation-reasoning-agent-eval-v3.1
2026-08-09T11:40:00+09:00,CMP-S03-L01-01,S03,S03-L01,1,running,171.9109,465.6865,94.0973,40.7917,-0.1405,A,relation-reasoning-agent-eval-v3.1
2026-08-09T11:40:00+09:00,CMP-S03-L02-01,S03,S03-L02,1,running,163.3489,503.8735,104.2736,45.7496,0.7272,A,relation-reasoning-agent-eval-v3.1
2026-08-09T11:40:00+09:00,CMP-S03-L03-01,S03,S03-L03,0,maintenance,150.1314,390.9023,96.1747,23.4644,-2.8533,C,relation-reasoning-agent-eval-v3.1
2026-08-09T11:40:00+09:00,CMP-S03-L04-01,S03,S03-L04,1,running,172.2724,376.8597,99.6472,43.9327,0.9473,A,relation-reasoning-agent-eval-v3.1
2026-08-09T11:40:00+09:00,CMP-S03-L05-01,S03,S03-L05,1,running,183.313,368.9834,102.3279,42.7562,0.3676,A,relation-reasoning-agent-eval-v3.1
2026-08-09T11:50:00+09:00,CMP-S03-L01-01,S03,S03-L01,1,running,151.2753,426.1142,90.1922,34.9504,-1.2222,B,relation-reasoning-agent-eval-v3.1
2026-08-09T11:50:00+09:00,CMP-S03-L02-01,S03,S03-L02,1,running,169.6788,516.3527,100.0094,51.217,1.7397,B,relation-reasoning-agent-eval-v3.1
2026-08-09T11:50:00+09:00,CMP-S03-L03-01,S03,S03-L03,0,maintenance,159.1414,401.94,91.507,26.0744,-2.37,C,relation-reasoning-agent-eval-v3.1
2026-08-09T11:50:00+09:00,CMP-S03-L04-01,S03,S03-L04,1,running,179.8862,397.0033,96.8426,40.056,0.2294,A,relation-reasoning-agent-eval-v3.1
2026-08-09T11:50:00+09:00,CMP-S03-L05-01,S03,S03-L05,1,running,179.8163,447.4476,98.9449,48.9251,1.51,B,relation-reasoning-agent-eval-v3.1
2026-08-09T12:00:00+09:00,CMP-S03-L01-01,S03,S03-L01,1,running,162.7004,454.0427,88.1632,33.4099,-1.5075,B,relation-reasoning-agent-eval-v3.1
2026-08-09T12:00:00+09:00,CMP-S03-L02-01,S03,S03-L02,1,running,157.9771,531.0203,94.0841,57.1168,2.8322,C,relation-reasoning-agent-eval-v3.1
2026-08-09T12:00:00+09:00,CMP-S03-L03-01,S03,S03-L03,0,maintenance,173.305,446.9456,90.3864,32.1806,-1.2392,B,relation-reasoning-agent-eval-v3.1
2026-08-09T12:00:00+09:00,CMP-S03-L04-01,S03,S03-L04,1,running,163.7141,370.33,100.3263,42.2119,0.6286,A,relation-reasoning-agent-eval-v3.1
2026-08-09T12:00:00+09:00,CMP-S03-L05-01,S03,S03-L05,1,running,190.3199,447.8959,102.7543,51.7724,2.0373,C,relation-reasoning-agent-eval-v3.1
2026-08-09T12:10:00+09:00,CMP-S03-L01-01,S03,S03-L01,1,running,168.1478,506.2591,94.2378,39.3482,-0.4078,A,relation-reasoning-agent-eval-v3.1
2026-08-09T12:10:00+09:00,CMP-S03-L02-01,S03,S03-L02,1,running,171.0476,483.8179,101.2546,52.2359,1.9284,B,relation-reasoning-agent-eval-v3.1
2026-08-09T12:10:00+09:00,CMP-S03-L03-01,S03,S03-L03,0,maintenance,163.1261,394.0307,93.3608,33.8275,-0.9343,A,relation-reasoning-agent-eval-v3.1
2026-08-09T12:10:00+09:00,CMP-S03-L04-01,S03,S03-L04,1,running,153.3996,375.3778,102.5066,44.6932,1.0881,B,relation-reasoning-agent-eval-v3.1
2026-08-09T12:10:00+09:00,CMP-S03-L05-01,S03,S03-L05,1,running,185.4963,479.1024,104.979,49.541,1.6241,B,relation-reasoning-agent-eval-v3.1
2026-08-09T12:20:00+09:00,CMP-S03-L01-01,S03,S03-L01,1,running,166.558,484.3014,88.8176,42.1853,0.1176,A,relation-reasoning-agent-eval-v3.1
2026-08-09T12:20:00+09:00,CMP-S03-L02-01,S03,S03-L02,1,running,198.4885,418.6928,110.5856,51.6269,1.8156,B,relation-reasoning-agent-eval-v3.1
2026-08-09T12:20:00+09:00,CMP-S03-L03-01,S03,S03-L03,0,maintenance,177.6396,420.6365,89.4057,29.5828,-1.7203,B,relation-reasoning-agent-eval-v3.1
2026-08-09T12:20:00+09:00,CMP-S03-L04-01,S03,S03-L04,1,running,174.0428,400.0813,104.0944,43.6852,0.9015,A,relation-reasoning-agent-eval-v3.1
2026-08-09T12:20:00+09:00,CMP-S03-L05-01,S03,S03-L05,1,running,181.1658,451.2198,109.4253,37.691,-0.5704,A,relation-reasoning-agent-eval-v3.1
2026-08-09T12:30:00+09:00,CMP-S03-L01-01,S03,S03-L01,1,running,156.8754,473.4549,85.4525,39.2495,-0.4261,A,relation-reasoning-agent-eval-v3.1
2026-08-09T12:30:00+09:00,CMP-S03-L02-01,S03,S03-L02,1,running,197.2719,411.1515,111.0856,52.7086,2.0159,C,relation-reasoning-agent-eval-v3.1
2026-08-09T12:30:00+09:00,CMP-S03-L03-01,S03,S03-L03,0,maintenance,166.874,438.9205,87.0941,24.9149,-2.5847,C,relation-reasoning-agent-eval-v3.1
2026-08-09T12:30:00+09:00,CMP-S03-L04-01,S03,S03-L04,1,running,169.8978,375.651,104.023,44.0112,0.9618,A,relation-reasoning-agent-eval-v3.1
2026-08-09T12:30:00+09:00,CMP-S03-L05-01,S03,S03-L05,1,running,173.8223,488.9863,108.6425,35.2296,-1.0262,B,relation-reasoning-agent-eval-v3.1
2026-08-09T12:40:00+09:00,CMP-S03-L01-01,S03,S03-L01,1,running,185.5819,432.6738,91.6123,42.349,0.1479,A,relation-reasoning-agent-eval-v3.1
2026-08-09T12:40:00+09:00,CMP-S03-L02-01,S03,S03-L02,1,running,172.1601,386.5024,106.6778,52.9605,2.0626,C,relation-reasoning-agent-eval-v3.1
2026-08-09T12:40:00+09:00,CMP-S03-L03-01,S03,S03-L03,0,maintenance,166.6924,426.4266,89.9304,32.0033,-1.2721,B,relation-reasoning-agent-eval-v3.1
2026-08-09T12:40:00+09:00,CMP-S03-L04-01,S03,S03-L04,1,running,159.684,358.3557,102.442,37.4278,-0.2573,A,relation-reasoning-agent-eval-v3.1
2026-08-09T12:40:00+09:00,CMP-S03-L05-01,S03,S03-L05,1,running,169.9181,462.3008,105.5974,43.8396,0.5683,A,relation-reasoning-agent-eval-v3.1
2026-08-09T12:50:00+09:00,CMP-S03-L01-01,S03,S03-L01,1,running,182.432,457.4617,94.562,44.7371,0.5902,A,relation-reasoning-agent-eval-v3.1
2026-08-09T12:50:00+09:00,CMP-S03-L02-01,S03,S03-L02,1,running,177.9182,398.8727,102.8405,53.2453,2.1153,C,relation-reasoning-agent-eval-v3.1
2026-08-09T12:50:00+09:00,CMP-S03-L03-01,S03,S03-L03,0,maintenance,172.9688,389.6908,101.1116,33.3628,-1.0203,B,relation-reasoning-agent-eval-v3.1
2026-08-09T12:50:00+09:00,CMP-S03-L04-01,S03,S03-L04,1,running,152.9137,392.3549,105.3993,37.8874,-0.1722,A,relation-reasoning-agent-eval-v3.1
2026-08-09T12:50:00+09:00,CMP-S03-L05-01,S03,S03-L05,1,running,165.4546,473.0334,104.2765,40.7434,-0.0051,A,relation-reasoning-agent-eval-v3.1
2026-08-09T13:00:00+09:00,CMP-S03-L01-01,S03,S03-L01,1,running,166.8961,501.7932,95.3145,51.2366,1.7938,B,relation-reasoning-agent-eval-v3.1
2026-08-09T13:00:00+09:00,CMP-S03-L02-01,S03,S03-L02,1,running,168.0224,415.1221,102.3956,52.5481,1.9862,B,relation-reasoning-agent-eval-v3.1
2026-08-09T13:00:00+09:00,CMP-S03-L03-01,S03,S03-L03,0,maintenance,159.4893,470.0183,97.0748,40.1095,0.2291,A,relation-reasoning-agent-eval-v3.1
2026-08-09T13:00:00+09:00,CMP-S03-L04-01,S03,S03-L04,1,running,168.9319,385.9749,105.7692,38.641,-0.0327,A,relation-reasoning-agent-eval-v3.1
2026-08-09T13:00:00+09:00,CMP-S03-L05-01,S03,S03-L05,1,running,161.2561,443.6398,102.4193,44.3099,0.6554,A,relation-reasoning-agent-eval-v3.1
2026-08-09T13:10:00+09:00,CMP-S03-L01-01,S03,S03-L01,1,running,173.6594,444.7969,98.9448,42.107,0.1031,A,relation-reasoning-agent-eval-v3.1
2026-08-09T13:10:00+09:00,CMP-S03-L02-01,S03,S03-L02,1,running,148.0016,451.765,105.6749,51.8844,1.8633,B,relation-reasoning-agent-eval-v3.1
2026-08-09T13:10:00+09:00,CMP-S03-L03-01,S03,S03-L03,0,maintenance,154.6197,467.6998,102.8016,37.1737,-0.3146,A,relation-reasoning-agent-eval-v3.1
2026-08-09T13:10:00+09:00,CMP-S03-L04-01,S03,S03-L04,1,running,160.4736,427.7811,106.5604,36.8892,-0.3571,A,relation-reasoning-agent-eval-v3.1
2026-08-09T13:10:00+09:00,CMP-S03-L05-01,S03,S03-L05,1,running,152.559,501.2078,109.5327,42.8991,0.3941,A,relation-reasoning-agent-eval-v3.1
2026-08-09T13:20:00+09:00,CMP-S03-L01-01,S03,S03-L01,1,running,191.2579,413.6306,97.0255,36.8449,-0.8713,A,relation-reasoning-agent-eval-v3.1
2026-08-09T13:20:00+09:00,CMP-S03-L02-01,S03,S03-L02,1,running,160.9814,449.6115,106.7567,42.4099,0.1088,A,relation-reasoning-agent-eval-v3.1
2026-08-09T13:20:00+09:00,CMP-S03-L03-01,S03,S03-L03,0,maintenance,148.999,443.8291,103.8204,34.8743,-0.7404,A,relation-reasoning-agent-eval-v3.1
2026-08-09T13:20:00+09:00,CMP-S03-L04-01,S03,S03-L04,1,running,160.2257,428.7436,103.88,39.2097,0.0727,A,relation-reasoning-agent-eval-v3.1
2026-08-09T13:20:00+09:00,CMP-S03-L05-01,S03,S03-L05,1,running,156.7201,536.8401,101.8563,42.0643,0.2395,A,relation-reasoning-agent-eval-v3.1
2026-08-09T13:30:00+09:00,CMP-S03-L01-01,S03,S03-L01,1,running,187.6398,432.696,97.0838,40.8706,-0.1259,A,relation-reasoning-agent-eval-v3.1
2026-08-09T13:30:00+09:00,CMP-S03-L02-01,S03,S03-L02,1,running,147.0825,462.3979,108.1538,49.137,1.3545,B,relation-reasoning-agent-eval-v3.1
2026-08-09T13:30:00+09:00,CMP-S03-L03-01,S03,S03-L03,0,maintenance,148.2607,447.7354,99.0373,36.1322,-0.5075,A,relation-reasoning-agent-eval-v3.1
2026-08-09T13:30:00+09:00,CMP-S03-L04-01,S03,S03-L04,1,running,143.4848,423.5165,103.4037,35.6742,-0.5821,A,relation-reasoning-agent-eval-v3.1
2026-08-09T13:30:00+09:00,CMP-S03-L05-01,S03,S03-L05,1,running,144.0987,535.4242,102.3863,41.0273,0.0475,A,relation-reasoning-agent-eval-v3.1
2026-08-09T13:40:00+09:00,CMP-S03-L01-01,S03,S03-L01,1,running,186.2526,428.9899,91.195,40.4841,-0.1974,A,relation-reasoning-agent-eval-v3.1
2026-08-09T13:40:00+09:00,CMP-S03-L02-01,S03,S03-L02,1,running,148.8414,456.4421,103.5225,40.9896,-0.1543,A,relation-reasoning-agent-eval-v3.1
2026-08-09T13:40:00+09:00,CMP-S03-L03-01,S03,S03-L03,0,maintenance,140.7398,431.387,104.0058,33.9209,-0.917,A,relation-reasoning-agent-eval-v3.1
2026-08-09T13:40:00+09:00,CMP-S03-L04-01,S03,S03-L04,1,running,165.1147,458.0786,103.0735,37.2354,-0.2929,A,relation-reasoning-agent-eval-v3.1
2026-08-09T13:40:00+09:00,CMP-S03-L05-01,S03,S03-L05,1,running,149.765,494.0411,103.6868,39.0336,-0.3217,A,relation-reasoning-agent-eval-v3.1
2026-08-09T13:50:00+09:00,CMP-S03-L01-01,S03,S03-L01,1,running,190.2007,433.4907,97.2562,39.4221,-0.3941,A,relation-reasoning-agent-eval-v3.1
2026-08-09T13:50:00+09:00,CMP-S03-L02-01,S03,S03-L02,1,running,145.6264,446.6049,104.6087,37.9064,-0.7252,A,relation-reasoning-agent-eval-v3.1
2026-08-09T13:50:00+09:00,CMP-S03-L03-01,S03,S03-L03,0,maintenance,151.1822,426.7101,96.3595,34.6846,-0.7755,A,relation-reasoning-agent-eval-v3.1
2026-08-09T13:50:00+09:00,CMP-S03-L04-01,S03,S03-L04,1,running,162.3832,430.1245,100.0084,41.6686,0.528,A,relation-reasoning-agent-eval-v3.1
2026-08-09T13:50:00+09:00,CMP-S03-L05-01,S03,S03-L05,1,running,160.3142,499.5294,96.4449,38.8607,-0.3537,A,relation-reasoning-agent-eval-v3.1
2026-08-09T14:00:00+09:00,CMP-S03-L01-01,S03,S03-L01,1,running,189.3421,422.3634,96.2777,42.0309,0.089,A,relation-reasoning-agent-eval-v3.1
2026-08-09T14:00:00+09:00,CMP-S03-L02-01,S03,S03-L02,1,running,152.054,479.4499,94.0601,33.3093,-1.5765,B,relation-reasoning-agent-eval-v3.1
2026-08-09T14:00:00+09:00,CMP-S03-L03-01,S03,S03-L03,0,maintenance,156.9319,425.5702,89.5651,41.7613,0.535,A,relation-reasoning-agent-eval-v3.1
2026-08-09T14:00:00+09:00,CMP-S03-L04-01,S03,S03-L04,1,running,158.9448,450.3936,100.3394,33.9159,-0.9077,A,relation-reasoning-agent-eval-v3.1
2026-08-09T14:00:00+09:00,CMP-S03-L05-01,S03,S03-L05,1,running,155.4627,466.298,102.7839,50.5502,1.811,B,relation-reasoning-agent-eval-v3.1
2026-08-09T14:10:00+09:00,CMP-S03-L01-01,S03,S03-L01,1,running,198.0791,470.385,89.2189,40.4344,-0.2066,A,relation-reasoning-agent-eval-v3.1
2026-08-09T14:10:00+09:00,CMP-S03-L02-01,S03,S03-L02,1,running,147.1811,437.609,95.6806,37.4109,-0.817,A,relation-reasoning-agent-eval-v3.1
2026-08-09T14:10:00+09:00,CMP-S03-L03-01,S03,S03-L03,0,maintenance,166.9742,443.1022,90.2031,40.6959,0.3377,A,relation-reasoning-agent-eval-v3.1
2026-08-09T14:10:00+09:00,CMP-S03-L04-01,S03,S03-L04,1,running,176.9078,422.6097,99.4266,32.7564,-1.1224,B,relation-reasoning-agent-eval-v3.1
2026-08-09T14:10:00+09:00,CMP-S03-L05-01,S03,S03-L05,1,running,176.6353,461.9226,104.9399,45.7772,0.9271,A,relation-reasoning-agent-eval-v3.1
2026-08-09T14:20:00+09:00,CMP-S03-L01-01,S03,S03-L01,1,running,175.5421,526.6012,87.0083,44.5439,0.5544,A,relation-reasoning-agent-eval-v3.1
2026-08-09T14:20:00+09:00,CMP-S03-L02-01,S03,S03-L02,1,running,137.6493,434.1149,107.4587,34.3266,-1.3882,B,relation-reasoning-agent-eval-v3.1
2026-08-09T14:20:00+09:00,CMP-S03-L03-01,S03,S03-L03,0,maintenance,186.4853,439.0947,93.1255,38.6106,-0.0485,A,relation-reasoning-agent-eval-v3.1
2026-08-09T14:20:00+09:00,CMP-S03-L04-01,S03,S03-L04,1,running,168.3451,439.6086,103.4919,33.1679,-1.0462,B,relation-reasoning-agent-eval-v3.1
2026-08-09T14:20:00+09:00,CMP-S03-L05-01,S03,S03-L05,1,running,181.3725,486.7389,103.476,38.7745,-0.3697,A,relation-reasoning-agent-eval-v3.1
2026-08-09T14:30:00+09:00,CMP-S03-L01-01,S03,S03-L01,1,running,162.2861,504.3534,90.291,43.3632,0.3357,A,relation-reasoning-agent-eval-v3.1
2026-08-09T14:30:00+09:00,CMP-S03-L02-01,S03,S03-L02,1,running,158.8001,392.6518,110.9393,31.7981,-1.8564,B,relation-reasoning-agent-eval-v3.1
2026-08-09T14:30:00+09:00,CMP-S03-L03-01,S03,S03-L03,0,maintenance,166.778,455.901,89.208,39.4754,0.1117,A,relation-reasoning-agent-eval-v3.1
2026-08-09T14:30:00+09:00,CMP-S03-L04-01,S03,S03-L04,1,running,155.9667,447.1237,111.3104,39.3469,0.0981,A,relation-reasoning-agent-eval-v3.1
2026-08-09T14:30:00+09:00,CMP-S03-L05-01,S03,S03-L05,1,running,182.2024,489.6659,100.0841,34.999,-1.0689,B,relation-reasoning-agent-eval-v3.1
2026-08-09T14:40:00+09:00,CMP-S03-L01-01,S03,S03-L01,1,running,162.6599,482.3578,89.7802,52.0874,1.9513,B,relation-reasoning-agent-eval-v3.1
2026-08-09T14:40:00+09:00,CMP-S03-L02-01,S03,S03-L02,1,running,149.7354,393.9797,111.4052,33.1437,-1.6072,B,relation-reasoning-agent-eval-v3.1
2026-08-09T14:40:00+09:00,CMP-S03-L03-01,S03,S03-L03,0,maintenance,173.3743,492.9458,85.7967,46.0251,1.3246,B,relation-reasoning-agent-eval-v3.1
2026-08-09T14:40:00+09:00,CMP-S03-L04-01,S03,S03-L04,1,running,160.293,454.7632,108.2905,44.0131,0.9622,A,relation-reasoning-agent-eval-v3.1
2026-08-09T14:40:00+09:00,CMP-S03-L05-01,S03,S03-L05,1,running,190.8289,501.9707,102.7076,32.5532,-1.5218,B,relation-reasoning-agent-eval-v3.1
2026-08-09T14:50:00+09:00,CMP-S03-L01-01,S03,S03-L01,1,running,170.6536,488.1831,85.7992,45.6886,0.7664,A,relation-reasoning-agent-eval-v3.1
2026-08-09T14:50:00+09:00,CMP-S03-L02-01,S03,S03-L02,1,running,149.1543,394.0864,104.184,33.9636,-1.4554,B,relation-reasoning-agent-eval-v3.1
2026-08-09T14:50:00+09:00,CMP-S03-L03-01,S03,S03-L03,0,maintenance,170.5554,529.1827,84.8767,37.1178,-0.3249,A,relation-reasoning-agent-eval-v3.1
2026-08-09T14:50:00+09:00,CMP-S03-L04-01,S03,S03-L04,1,running,152.8484,488.6375,106.2327,45.3406,1.208,B,relation-reasoning-agent-eval-v3.1
2026-08-09T14:50:00+09:00,CMP-S03-L05-01,S03,S03-L05,1,running,182.092,508.458,113.9815,36.6701,-0.7594,A,relation-reasoning-agent-eval-v3.1
2026-08-09T15:00:00+09:00,CMP-S03-L01-01,S03,S03-L01,1,running,166.3418,410.7066,80.5753,45.3854,0.7102,A,relation-reasoning-agent-eval-v3.1
2026-08-09T15:00:00+09:00,CMP-S03-L02-01,S03,S03-L02,1,running,132.7252,411.3355,113.6375,38.9957,-0.5235,A,relation-reasoning-agent-eval-v3.1
2026-08-09T15:00:00+09:00,CMP-S03-L03-01,S03,S03-L03,0,maintenance,172.7381,514.0357,90.7618,39.5726,0.1296,A,relation-reasoning-agent-eval-v3.1
2026-08-09T15:00:00+09:00,CMP-S03-L04-01,S03,S03-L04,1,running,166.9838,484.9448,102.0349,43.2551,0.8218,A,relation-reasoning-agent-eval-v3.1
2026-08-09T15:00:00+09:00,CMP-S03-L05-01,S03,S03-L05,1,running,172.3371,511.5981,103.9886,35.0389,-1.0615,B,relation-reasoning-agent-eval-v3.1
2026-08-09T15:10:00+09:00,CMP-S03-L01-01,S03,S03-L01,1,running,172.0796,441.8409,87.3537,42.7034,0.2136,A,relation-reasoning-agent-eval-v3.1
2026-08-09T15:10:00+09:00,CMP-S03-L02-01,S03,S03-L02,1,running,144.2279,408.1861,113.5662,36.3817,-1.0076,B,relation-reasoning-agent-eval-v3.1
2026-08-09T15:10:00+09:00,CMP-S03-L03-01,S03,S03-L03,0,maintenance,161.2587,507.3642,84.5999,38.7313,-0.0262,A,relation-reasoning-agent-eval-v3.1
2026-08-09T15:10:00+09:00,CMP-S03-L04-01,S03,S03-L04,1,running,170.8991,485.0673,101.8611,37.4445,-0.2542,A,relation-reasoning-agent-eval-v3.1
2026-08-09T15:10:00+09:00,CMP-S03-L05-01,S03,S03-L05,1,running,169.1465,452.4562,108.1261,44.8948,0.7637,A,relation-reasoning-agent-eval-v3.1
2026-08-09T15:20:00+09:00,CMP-S03-L01-01,S03,S03-L01,1,running,178.0652,429.5697,87.3575,37.8706,-0.6814,A,relation-reasoning-agent-eval-v3.1
2026-08-09T15:20:00+09:00,CMP-S03-L02-01,S03,S03-L02,1,running,145.463,408.3589,105.244,40.4849,-0.2477,A,relation-reasoning-agent-eval-v3.1
2026-08-09T15:20:00+09:00,CMP-S03-L03-01,S03,S03-L03,0,maintenance,160.539,512.8478,92.7858,37.3403,-0.2837,A,relation-reasoning-agent-eval-v3.1
2026-08-09T15:20:00+09:00,CMP-S03-L04-01,S03,S03-L04,1,running,166.7127,463.652,103.266,29.7639,-1.6766,B,relation-reasoning-agent-eval-v3.1
2026-08-09T15:20:00+09:00,CMP-S03-L05-01,S03,S03-L05,1,running,174.6071,465.2715,112.5701,40.0404,-0.1353,A,relation-reasoning-agent-eval-v3.1
2026-08-09T15:30:00+09:00,CMP-S03-L01-01,S03,S03-L01,1,running,180.9048,421.7539,91.3716,35.3233,-1.1531,B,relation-reasoning-agent-eval-v3.1
2026-08-09T15:30:00+09:00,CMP-S03-L02-01,S03,S03-L02,1,running,155.3399,415.2863,107.4386,47.0255,0.9635,A,relation-reasoning-agent-eval-v3.1
2026-08-09T15:30:00+09:00,CMP-S03-L03-01,S03,S03-L03,0,maintenance,156.9486,515.3003,90.8389,40.7989,0.3567,A,relation-reasoning-agent-eval-v3.1
2026-08-09T15:30:00+09:00,CMP-S03-L04-01,S03,S03-L04,1,running,160.6182,485.383,105.093,29.6431,-1.6989,B,relation-reasoning-agent-eval-v3.1
2026-08-09T15:30:00+09:00,CMP-S03-L05-01,S03,S03-L05,1,running,180.1436,495.5188,109.9626,44.4356,0.6786,A,relation-reasoning-agent-eval-v3.1
2026-08-09T15:40:00+09:00,CMP-S03-L01-01,S03,S03-L01,1,running,184.5247,430.24,97.5639,41.7669,0.0401,A,relation-reasoning-agent-eval-v3.1
2026-08-09T15:40:00+09:00,CMP-S03-L02-01,S03,S03-L02,1,running,144.7525,479.5317,109.5005,40.1808,-0.3041,A,relation-reasoning-agent-eval-v3.1
2026-08-09T15:40:00+09:00,CMP-S03-L03-01,S03,S03-L03,0,maintenance,160.8967,495.3874,94.0162,31.2346,-1.4144,B,relation-reasoning-agent-eval-v3.1
2026-08-09T15:40:00+09:00,CMP-S03-L04-01,S03,S03-L04,1,running,162.7928,516.0878,110.5873,29.457,-1.7334,B,relation-reasoning-agent-eval-v3.1
2026-08-09T15:40:00+09:00,CMP-S03-L05-01,S03,S03-L05,1,running,178.882,459.7659,107.4173,44.2763,0.6491,A,relation-reasoning-agent-eval-v3.1
2026-08-09T15:50:00+09:00,CMP-S03-L01-01,S03,S03-L01,1,running,192.5671,477.9973,101.3453,43.3947,0.3416,A,relation-reasoning-agent-eval-v3.1
2026-08-09T15:50:00+09:00,CMP-S03-L02-01,S03,S03-L02,1,running,150.9308,451.1553,100.8267,40.6319,-0.2205,A,relation-reasoning-agent-eval-v3.1
2026-08-09T15:50:00+09:00,CMP-S03-L03-01,S03,S03-L03,0,maintenance,172.34,480.1309,102.0277,35.4912,-0.6262,A,relation-reasoning-agent-eval-v3.1
2026-08-09T15:50:00+09:00,CMP-S03-L04-01,S03,S03-L04,1,running,161.6588,558.3221,109.0832,31.279,-1.396,B,relation-reasoning-agent-eval-v3.1
2026-08-09T15:50:00+09:00,CMP-S03-L05-01,S03,S03-L05,1,running,178.9993,477.715,105.7993,37.9123,-0.5294,A,relation-reasoning-agent-eval-v3.1
2026-08-09T16:00:00+09:00,CMP-S03-L01-01,S03,S03-L01,1,running,184.654,439.8213,95.3525,36.8484,-0.8707,A,relation-reasoning-agent-eval-v3.1
2026-08-09T16:00:00+09:00,CMP-S03-L02-01,S03,S03-L02,1,running,146.9284,463.2484,98.3146,41.7606,-0.0115,A,relation-reasoning-agent-eval-v3.1
2026-08-09T16:00:00+09:00,CMP-S03-L03-01,S03,S03-L03,0,maintenance,174.0295,458.6015,100.9687,35.9698,-0.5375,A,relation-reasoning-agent-eval-v3.1
2026-08-09T16:00:00+09:00,CMP-S03-L04-01,S03,S03-L04,1,running,160.8439,538.7461,107.8912,37.0668,-0.3242,A,relation-reasoning-agent-eval-v3.1
2026-08-09T16:00:00+09:00,CMP-S03-L05-01,S03,S03-L05,1,running,193.2419,519.5204,103.9866,30.3276,-1.9339,B,relation-reasoning-agent-eval-v3.1
2026-08-09T16:10:00+09:00,CMP-S03-L01-01,S03,S03-L01,1,running,181.7333,422.2846,95.1925,39.2058,-0.4342,A,relation-reasoning-agent-eval-v3.1
2026-08-09T16:10:00+09:00,CMP-S03-L02-01,S03,S03-L02,1,running,166.5585,516.708,96.9588,41.0345,-0.146,A,relation-reasoning-agent-eval-v3.1
2026-08-09T16:10:00+09:00,CMP-S03-L03-01,S03,S03-L03,0,maintenance,176.0755,467.8186,97.0044,36.2523,-0.4852,A,relation-reasoning-agent-eval-v3.1
2026-08-09T16:10:00+09:00,CMP-S03-L04-01,S03,S03-L04,1,running,162.5102,564.7959,112.4997,36.1572,-0.4926,A,relation-reasoning-agent-eval-v3.1
2026-08-09T16:10:00+09:00,CMP-S03-L05-01,S03,S03-L05,1,running,185.1939,443.3482,99.8303,36.204,-0.8457,A,relation-reasoning-agent-eval-v3.1
2026-08-09T16:20:00+09:00,CMP-S03-L01-01,S03,S03-L01,1,running,184.7623,452.6538,100.1496,40.3362,-0.2248,A,relation-reasoning-agent-eval-v3.1
2026-08-09T16:20:00+09:00,CMP-S03-L02-01,S03,S03-L02,1,running,150.3378,506.9233,101.6804,38.5491,-0.6062,A,relation-reasoning-agent-eval-v3.1
2026-08-09T16:20:00+09:00,CMP-S03-L03-01,S03,S03-L03,0,maintenance,177.3027,503.0937,99.4716,36.5344,-0.433,A,relation-reasoning-agent-eval-v3.1
2026-08-09T16:20:00+09:00,CMP-S03-L04-01,S03,S03-L04,1,running,153.8783,518.9173,107.1576,28.0258,-1.9984,B,relation-reasoning-agent-eval-v3.1
2026-08-09T16:20:00+09:00,CMP-S03-L05-01,S03,S03-L05,1,running,189.9999,449.6511,97.5524,39.3344,-0.266,A,relation-reasoning-agent-eval-v3.1
2026-08-09T16:30:00+09:00,CMP-S03-L01-01,S03,S03-L01,1,running,170.2399,404.9224,97.1536,38.7079,-0.5263,A,relation-reasoning-agent-eval-v3.1
2026-08-09T16:30:00+09:00,CMP-S03-L02-01,S03,S03-L02,1,running,157.1339,535.343,103.5531,30.4716,-2.1021,C,relation-reasoning-agent-eval-v3.1
2026-08-09T16:30:00+09:00,CMP-S03-L03-01,S03,S03-L03,0,maintenance,175.1683,482.0086,94.4685,34.3038,-0.846,A,relation-reasoning-agent-eval-v3.1
2026-08-09T16:30:00+09:00,CMP-S03-L04-01,S03,S03-L04,1,running,156.5553,547.3372,103.3124,25.8072,-2.4093,C,relation-reasoning-agent-eval-v3.1
2026-08-09T16:30:00+09:00,CMP-S03-L05-01,S03,S03-L05,1,running,176.4147,457.7278,99.002,39.9398,-0.1539,A,relation-reasoning-agent-eval-v3.1
2026-08-09T16:40:00+09:00,CMP-S03-L01-01,S03,S03-L01,1,running,168.7485,425.0622,101.9914,37.1253,-0.8194,A,relation-reasoning-agent-eval-v3.1
2026-08-09T16:40:00+09:00,CMP-S03-L02-01,S03,S03-L02,1,running,166.0507,511.8036,104.6044,36.6245,-0.9626,A,relation-reasoning-agent-eval-v3.1
2026-08-09T16:40:00+09:00,CMP-S03-L03-01,S03,S03-L03,0,maintenance,166.2014,512.5104,101.6871,33.4094,-1.0117,B,relation-reasoning-agent-eval-v3.1
2026-08-09T16:40:00+09:00,CMP-S03-L04-01,S03,S03-L04,1,running,167.9778,495.4399,107.1875,30.724,-1.4988,B,relation-reasoning-agent-eval-v3.1
2026-08-09T16:40:00+09:00,CMP-S03-L05-01,S03,S03-L05,1,running,178.309,457.9355,94.8537,45.2744,0.834,A,relation-reasoning-agent-eval-v3.1
2026-08-09T16:50:00+09:00,CMP-S03-L01-01,S03,S03-L01,1,running,181.3893,364.5331,94.0439,37.308,-0.7856,A,relation-reasoning-agent-eval-v3.1
2026-08-09T16:50:00+09:00,CMP-S03-L02-01,S03,S03-L02,1,running,169.2939,514.9567,103.8444,46.5974,0.8842,A,relation-reasoning-agent-eval-v3.1
2026-08-09T16:50:00+09:00,CMP-S03-L03-01,S03,S03-L03,0,maintenance,163.1213,503.0707,97.7605,31.4043,-1.383,B,relation-reasoning-agent-eval-v3.1
2026-08-09T16:50:00+09:00,CMP-S03-L04-01,S03,S03-L04,1,running,168.4939,534.9902,106.0208,28.9122,-1.8343,B,relation-reasoning-agent-eval-v3.1
2026-08-09T16:50:00+09:00,CMP-S03-L05-01,S03,S03-L05,1,running,181.3689,435.2236,94.7527,40.7951,0.0045,A,relation-reasoning-agent-eval-v3.1
2026-08-09T17:00:00+09:00,CMP-S03-L01-01,S03,S03-L01,1,running,159.3929,371.3757,92.2716,42.0736,0.0969,A,relation-reasoning-agent-eval-v3.1
2026-08-09T17:00:00+09:00,CMP-S03-L02-01,S03,S03-L02,1,running,180.2223,556.7034,107.7696,41.3783,-0.0823,A,relation-reasoning-agent-eval-v3.1
2026-08-09T17:00:00+09:00,CMP-S03-L03-01,S03,S03-L03,0,maintenance,160.2557,519.3994,105.9629,34.0156,-0.8994,A,relation-reasoning-agent-eval-v3.1
2026-08-09T17:00:00+09:00,CMP-S03-L04-01,S03,S03-L04,1,running,170.8201,520.902,107.8094,30.2751,-1.5819,B,relation-reasoning-agent-eval-v3.1
2026-08-09T17:00:00+09:00,CMP-S03-L05-01,S03,S03-L05,1,running,169.1685,424.9849,93.2569,39.2632,-0.2792,A,relation-reasoning-agent-eval-v3.1
2026-08-09T17:10:00+09:00,CMP-S03-L01-01,S03,S03-L01,1,running,172.7334,420.1242,87.4547,37.5412,-0.7424,A,relation-reasoning-agent-eval-v3.1
2026-08-09T17:10:00+09:00,CMP-S03-L02-01,S03,S03-L02,1,running,184.5118,535.9574,99.863,41.5672,-0.0473,A,relation-reasoning-agent-eval-v3.1
2026-08-09T17:10:00+09:00,CMP-S03-L03-01,S03,S03-L03,0,maintenance,159.2275,454.9828,109.7031,36.8805,-0.3689,A,relation-reasoning-agent-eval-v3.1
2026-08-09T17:10:00+09:00,CMP-S03-L04-01,S03,S03-L04,1,running,176.414,447.9183,105.3113,33.2726,-1.0268,B,relation-reasoning-agent-eval-v3.1
2026-08-09T17:10:00+09:00,CMP-S03-L05-01,S03,S03-L05,1,running,173.6437,407.5589,95.2373,41.2744,0.0932,A,relation-reasoning-agent-eval-v3.1
2026-08-09T17:20:00+09:00,CMP-S03-L01-01,S03,S03-L01,1,running,158.3921,461.1327,84.3,42.8941,0.2489,A,relation-reasoning-agent-eval-v3.1
2026-08-09T17:20:00+09:00,CMP-S03-L02-01,S03,S03-L02,1,running,175.7148,482.9668,93.3476,47.1198,0.981,A,relation-reasoning-agent-eval-v3.1
2026-08-09T17:20:00+09:00,CMP-S03-L03-01,S03,S03-L03,0,maintenance,165.6039,514.5389,101.659,36.1663,-0.5011,A,relation-reasoning-agent-eval-v3.1
2026-08-09T17:20:00+09:00,CMP-S03-L04-01,S03,S03-L04,1,running,161.8403,443.665,96.7494,33.2311,-1.0345,B,relation-reasoning-agent-eval-v3.1
2026-08-09T17:20:00+09:00,CMP-S03-L05-01,S03,S03-L05,1,running,166.394,440.5456,88.5079,40.485,-0.053,A,relation-reasoning-agent-eval-v3.1
2026-08-09T17:30:00+09:00,CMP-S03-L01-01,S03,S03-L01,1,running,163.8317,439.4535,88.7621,43.9186,0.4386,A,relation-reasoning-agent-eval-v3.1
2026-08-09T17:30:00+09:00,CMP-S03-L02-01,S03,S03-L02,1,running,167.3196,454.1627,101.0078,47.5382,1.0584,B,relation-reasoning-agent-eval-v3.1
2026-08-09T17:30:00+09:00,CMP-S03-L03-01,S03,S03-L03,0,maintenance,156.819,474.7578,101.9142,28.32,-1.9542,B,relation-reasoning-agent-eval-v3.1
2026-08-09T17:30:00+09:00,CMP-S03-L04-01,S03,S03-L04,1,running,180.0036,429.2445,97.6556,36.3888,-0.4497,A,relation-reasoning-agent-eval-v3.1
2026-08-09T17:30:00+09:00,CMP-S03-L05-01,S03,S03-L05,1,running,168.8303,457.5579,83.6481,43.2648,0.4618,A,relation-reasoning-agent-eval-v3.1
2026-08-09T17:40:00+09:00,CMP-S03-L01-01,S03,S03-L01,1,running,168.7196,443.739,97.7061,39.6416,-0.3534,A,relation-reasoning-agent-eval-v3.1
2026-08-09T17:40:00+09:00,CMP-S03-L02-01,S03,S03-L02,1,running,181.9346,466.5023,100.4789,46.5409,0.8738,A,relation-reasoning-agent-eval-v3.1
2026-08-09T17:40:00+09:00,CMP-S03-L03-01,S03,S03-L03,0,maintenance,163.9068,491.8259,106.1552,27.6458,-2.079,C,relation-reasoning-agent-eval-v3.1
2026-08-09T17:40:00+09:00,CMP-S03-L04-01,S03,S03-L04,1,running,165.2323,435.7012,98.8319,36.1175,-0.5,A,relation-reasoning-agent-eval-v3.1
2026-08-09T17:40:00+09:00,CMP-S03-L05-01,S03,S03-L05,1,running,176.347,456.8888,91.5618,43.8222,0.565,A,relation-reasoning-agent-eval-v3.1
2026-08-09T17:50:00+09:00,CMP-S03-L01-01,S03,S03-L01,1,running,166.0675,487.9299,92.7203,45.0389,0.646,A,relation-reasoning-agent-eval-v3.1
2026-08-09T17:50:00+09:00,CMP-S03-L02-01,S03,S03-L02,1,running,177.4887,443.7608,94.9686,42.9447,0.2078,A,relation-reasoning-agent-eval-v3.1
2026-08-09T17:50:00+09:00,CMP-S03-L03-01,S03,S03-L03,0,maintenance,148.7775,513.1951,104.4178,27.4534,-2.1146,C,relation-reasoning-agent-eval-v3.1
2026-08-09T17:50:00+09:00,CMP-S03-L04-01,S03,S03-L04,1,running,191.3402,446.0472,100.5898,35.8494,-0.5496,A,relation-reasoning-agent-eval-v3.1
2026-08-09T17:50:00+09:00,CMP-S03-L05-01,S03,S03-L05,1,running,184.2098,465.2721,96.5982,39.3622,-0.2609,A,relation-reasoning-agent-eval-v3.1
2026-08-09T18:00:00+09:00,CMP-S03-L01-01,S03,S03-L01,1,running,169.0829,464.9596,91.5271,48.6379,1.3125,B,relation-reasoning-agent-eval-v3.1
2026-08-09T18:00:00+09:00,CMP-S03-L02-01,S03,S03-L02,1,running,165.4644,396.6255,98.8638,44.7468,0.5415,A,relation-reasoning-agent-eval-v3.1
2026-08-09T18:00:00+09:00,CMP-S03-L03-01,S03,S03-L03,0,maintenance,152.3156,485.0726,109.0703,27.9359,-2.0253,C,relation-reasoning-agent-eval-v3.1
2026-08-09T18:00:00+09:00,CMP-S03-L04-01,S03,S03-L04,1,running,158.5458,451.5402,106.7823,38.0569,-0.1408,A,relation-reasoning-agent-eval-v3.1
2026-08-09T18:00:00+09:00,CMP-S03-L05-01,S03,S03-L05,1,running,171.2642,455.5097,101.2364,40.651,-0.0222,A,relation-reasoning-agent-eval-v3.1
2026-08-09T18:10:00+09:00,CMP-S03-L01-01,S03,S03-L01,1,running,172.3408,458.7681,100.3833,44.8609,0.6131,A,relation-reasoning-agent-eval-v3.1
2026-08-09T18:10:00+09:00,CMP-S03-L02-01,S03,S03-L02,1,running,177.3685,389.9631,101.9507,36.6909,-0.9503,A,relation-reasoning-agent-eval-v3.1
2026-08-09T18:10:00+09:00,CMP-S03-L03-01,S03,S03-L03,0,maintenance,160.3125,488.8755,103.0459,35.071,-0.704,A,relation-reasoning-agent-eval-v3.1
2026-08-09T18:10:00+09:00,CMP-S03-L04-01,S03,S03-L04,1,running,165.0026,447.9354,110.1643,32.9656,-1.0837,B,relation-reasoning-agent-eval-v3.1
2026-08-09T18:10:00+09:00,CMP-S03-L05-01,S03,S03-L05,1,running,182.2567,502.9347,98.095,41.9559,0.2194,A,relation-reasoning-agent-eval-v3.1
2026-08-09T18:20:00+09:00,CMP-S03-L01-01,S03,S03-L01,1,running,175.5664,448.5278,103.4229,47.0651,1.0213,B,relation-reasoning-agent-eval-v3.1
2026-08-09T18:20:00+09:00,CMP-S03-L02-01,S03,S03-L02,1,running,182.6215,409.6605,90.38,40.007,-0.3362,A,relation-reasoning-agent-eval-v3.1
2026-08-09T18:20:00+09:00,CMP-S03-L03-01,S03,S03-L03,0,maintenance,166.26,446.9865,103.5025,29.06,-1.8171,B,relation-reasoning-agent-eval-v3.1
2026-08-09T18:20:00+09:00,CMP-S03-L04-01,S03,S03-L04,1,running,165.5429,422.5293,103.718,37.8852,-0.1726,A,relation-reasoning-agent-eval-v3.1
2026-08-09T18:20:00+09:00,CMP-S03-L05-01,S03,S03-L05,1,running,194.8025,477.0861,94.9765,36.3178,-0.8247,A,relation-reasoning-agent-eval-v3.1
2026-08-09T18:30:00+09:00,CMP-S03-L01-01,S03,S03-L01,1,running,185.9348,474.9901,99.6897,39.3588,-0.4058,A,relation-reasoning-agent-eval-v3.1
2026-08-09T18:30:00+09:00,CMP-S03-L02-01,S03,S03-L02,1,running,179.7581,451.7735,93.0625,39.2987,-0.4674,A,relation-reasoning-agent-eval-v3.1
2026-08-09T18:30:00+09:00,CMP-S03-L03-01,S03,S03-L03,0,maintenance,175.3608,441.5371,91.0938,30.7796,-1.4987,B,relation-reasoning-agent-eval-v3.1
2026-08-09T18:30:00+09:00,CMP-S03-L04-01,S03,S03-L04,1,running,157.193,391.3271,104.6447,43.3976,0.8482,A,relation-reasoning-agent-eval-v3.1
2026-08-09T18:30:00+09:00,CMP-S03-L05-01,S03,S03-L05,1,running,182.8354,490.5017,96.0271,35.1121,-1.0479,B,relation-reasoning-agent-eval-v3.1
2026-08-09T18:40:00+09:00,CMP-S03-L01-01,S03,S03-L01,1,running,195.1057,480.4984,106.5214,36.4656,-0.9416,A,relation-reasoning-agent-eval-v3.1
2026-08-09T18:40:00+09:00,CMP-S03-L02-01,S03,S03-L02,1,running,172.4881,446.2857,94.3911,32.644,-1.6997,B,relation-reasoning-agent-eval-v3.1
2026-08-09T18:40:00+09:00,CMP-S03-L03-01,S03,S03-L03,0,maintenance,146.8586,463.3443,91.9204,32.3847,-1.2014,B,relation-reasoning-agent-eval-v3.1
2026-08-09T18:40:00+09:00,CMP-S03-L04-01,S03,S03-L04,1,running,164.1205,382.0355,104.2015,39.8981,0.2001,A,relation-reasoning-agent-eval-v3.1
2026-08-09T18:40:00+09:00,CMP-S03-L05-01,S03,S03-L05,1,running,191.8381,471.3267,102.8335,41.571,0.1482,A,relation-reasoning-agent-eval-v3.1
2026-08-09T18:50:00+09:00,CMP-S03-L01-01,S03,S03-L01,1,running,201.9849,495.4799,92.9359,42.9678,0.2625,A,relation-reasoning-agent-eval-v3.1
2026-08-09T18:50:00+09:00,CMP-S03-L02-01,S03,S03-L02,1,running,172.9246,413.4001,102.317,38.9564,-0.5308,A,relation-reasoning-agent-eval-v3.1
2026-08-09T18:50:00+09:00,CMP-S03-L03-01,S03,S03-L03,0,maintenance,161.0324,458.2736,89.7327,26.6576,-2.262,C,relation-reasoning-agent-eval-v3.1
2026-08-09T18:50:00+09:00,CMP-S03-L04-01,S03,S03-L04,1,running,168.3178,374.563,100.087,37.1582,-0.3073,A,relation-reasoning-agent-eval-v3.1
2026-08-09T18:50:00+09:00,CMP-S03-L05-01,S03,S03-L05,1,running,169.647,478.9325,109.8014,47.7069,1.2844,B,relation-reasoning-agent-eval-v3.1
2026-08-09T19:00:00+09:00,CMP-S03-L01-01,S03,S03-L01,1,running,188.0103,458.9033,82.8012,40.2534,-0.2401,A,relation-reasoning-agent-eval-v3.1
2026-08-09T19:00:00+09:00,CMP-S03-L02-01,S03,S03-L02,1,running,166.3247,421.69,100.4642,37.9379,-0.7194,A,relation-reasoning-agent-eval-v3.1
2026-08-09T19:00:00+09:00,CMP-S03-L03-01,S03,S03-L03,1,running,183.0285,391.3938,87.8005,32.052,-1.2631,B,relation-reasoning-agent-eval-v3.1
2026-08-09T19:00:00+09:00,CMP-S03-L04-01,S03,S03-L04,1,running,158.6238,370.4601,102.3841,42.0234,0.5937,A,relation-reasoning-agent-eval-v3.1
2026-08-09T19:00:00+09:00,CMP-S03-L05-01,S03,S03-L05,1,running,167.2571,467.7627,96.1258,43.7368,0.5492,A,relation-reasoning-agent-eval-v3.1
2026-08-09T19:10:00+09:00,CMP-S03-L01-01,S03,S03-L01,1,running,190.2192,470.4052,89.133,45.751,0.7779,A,relation-reasoning-agent-eval-v3.1
2026-08-09T19:10:00+09:00,CMP-S03-L02-01,S03,S03-L02,1,running,168.3979,461.0341,101.3876,37.5019,-0.8001,A,relation-reasoning-agent-eval-v3.1
2026-08-09T19:10:00+09:00,CMP-S03-L03-01,S03,S03-L03,1,running,166.1225,383.9299,91.3089,38.4546,-0.0774,A,relation-reasoning-agent-eval-v3.1
2026-08-09T19:10:00+09:00,CMP-S03-L04-01,S03,S03-L04,1,running,163.47,350.6296,100.6376,38.2131,-0.1119,A,relation-reasoning-agent-eval-v3.1
2026-08-09T19:10:00+09:00,CMP-S03-L05-01,S03,S03-L05,1,running,154.0398,447.4864,98.0434,45.089,0.7996,A,relation-reasoning-agent-eval-v3.1
2026-08-09T19:20:00+09:00,CMP-S03-L01-01,S03,S03-L01,1,running,174.7342,509.5474,98.2742,47.2396,1.0536,B,relation-reasoning-agent-eval-v3.1
2026-08-09T19:20:00+09:00,CMP-S03-L02-01,S03,S03-L02,1,running,171.7335,487.6197,100.2269,37.7749,-0.7496,A,relation-reasoning-agent-eval-v3.1
2026-08-09T19:20:00+09:00,CMP-S03-L03-01,S03,S03-L03,1,running,180.3897,439.668,87.4961,40.9954,0.3931,A,relation-reasoning-agent-eval-v3.1
2026-08-09T19:20:00+09:00,CMP-S03-L04-01,S03,S03-L04,1,running,156.8184,352.1105,101.701,41.6301,0.5209,A,relation-reasoning-agent-eval-v3.1
2026-08-09T19:20:00+09:00,CMP-S03-L05-01,S03,S03-L05,1,running,159.6451,469.7599,92.9324,43.4267,0.4918,A,relation-reasoning-agent-eval-v3.1
2026-08-09T19:30:00+09:00,CMP-S03-L01-01,S03,S03-L01,1,running,159.43,470.634,104.562,42.8881,0.2478,A,relation-reasoning-agent-eval-v3.1
2026-08-09T19:30:00+09:00,CMP-S03-L02-01,S03,S03-L02,1,running,159.0241,427.8636,110.9966,37.5209,-0.7966,A,relation-reasoning-agent-eval-v3.1
2026-08-09T19:30:00+09:00,CMP-S03-L03-01,S03,S03-L03,1,running,175.8619,443.8637,91.5915,39.0807,0.0386,A,relation-reasoning-agent-eval-v3.1
2026-08-09T19:30:00+09:00,CMP-S03-L04-01,S03,S03-L04,1,running,146.9808,363.0965,104.2062,44.9204,1.1302,B,relation-reasoning-agent-eval-v3.1
2026-08-09T19:30:00+09:00,CMP-S03-L05-01,S03,S03-L05,1,running,163.557,491.0047,93.8116,46.2079,1.0068,B,relation-reasoning-agent-eval-v3.1
2026-08-09T19:40:00+09:00,CMP-S03-L01-01,S03,S03-L01,1,running,163.1114,466.9936,105.1484,42.1608,0.1131,A,relation-reasoning-agent-eval-v3.1
2026-08-09T19:40:00+09:00,CMP-S03-L02-01,S03,S03-L02,1,running,182.6817,454.7722,106.0278,33.1396,-1.608,B,relation-reasoning-agent-eval-v3.1
2026-08-09T19:40:00+09:00,CMP-S03-L03-01,S03,S03-L03,1,running,163.4254,437.2133,92.6455,37.9853,-0.1643,A,relation-reasoning-agent-eval-v3.1
2026-08-09T19:40:00+09:00,CMP-S03-L04-01,S03,S03-L04,1,running,154.3958,348.9293,108.1023,47.9412,1.6896,B,relation-reasoning-agent-eval-v3.1
2026-08-09T19:40:00+09:00,CMP-S03-L05-01,S03,S03-L05,1,running,149.221,441.667,94.208,37.5178,-0.6024,A,relation-reasoning-agent-eval-v3.1
2026-08-09T19:50:00+09:00,CMP-S03-L01-01,S03,S03-L01,1,running,154.1975,436.5635,100.5457,42.559,0.1868,A,relation-reasoning-agent-eval-v3.1
2026-08-09T19:50:00+09:00,CMP-S03-L02-01,S03,S03-L02,1,running,184.563,456.1138,102.604,24.3866,-3.2289,D,relation-reasoning-agent-eval-v3.1
2026-08-09T19:50:00+09:00,CMP-S03-L03-01,S03,S03-L03,1,running,167.5478,412.0265,98.8376,34.1837,-0.8683,A,relation-reasoning-agent-eval-v3.1
2026-08-09T19:50:00+09:00,CMP-S03-L04-01,S03,S03-L04,1,running,156.3081,400.271,104.9279,55.8339,3.1512,D,relation-reasoning-agent-eval-v3.1
2026-08-09T19:50:00+09:00,CMP-S03-L05-01,S03,S03-L05,1,running,182.2529,409.1018,92.075,37.1377,-0.6728,A,relation-reasoning-agent-eval-v3.1
2026-08-09T20:00:00+09:00,CMP-S03-L01-01,S03,S03-L01,1,running,168.0957,388.3168,99.1765,41.2944,-0.0474,A,relation-reasoning-agent-eval-v3.1
2026-08-09T20:00:00+09:00,CMP-S03-L02-01,S03,S03-L02,1,running,170.6414,513.2431,101.6178,22.5608,-3.567,D,relation-reasoning-agent-eval-v3.1
2026-08-09T20:00:00+09:00,CMP-S03-L03-01,S03,S03-L03,1,running,181.6796,417.08,94.1576,33.2313,-1.0447,B,relation-reasoning-agent-eval-v3.1
2026-08-09T20:00:00+09:00,CMP-S03-L04-01,S03,S03-L04,1,running,165.866,418.6817,104.3559,56.528,3.2798,D,relation-reasoning-agent-eval-v3.1
2026-08-09T20:00:00+09:00,CMP-S03-L05-01,S03,S03-L05,1,running,196.7152,449.4982,99.1842,41.9483,0.218,A,relation-reasoning-agent-eval-v3.1
2026-08-09T20:10:00+09:00,CMP-S03-L01-01,S03,S03-L01,1,running,151.8246,433.0238,95.8233,44.4688,0.5405,A,relation-reasoning-agent-eval-v3.1
2026-08-09T20:10:00+09:00,CMP-S03-L02-01,S03,S03-L02,1,running,178.3709,453.1791,102.8335,30.2322,-2.1464,C,relation-reasoning-agent-eval-v3.1
2026-08-09T20:10:00+09:00,CMP-S03-L03-01,S03,S03-L03,1,running,190.6845,470.8364,96.0313,39.6643,0.1466,A,relation-reasoning-agent-eval-v3.1
2026-08-09T20:10:00+09:00,CMP-S03-L04-01,S03,S03-L04,1,running,174.7814,433.4986,105.0938,48.6663,1.8239,B,relation-reasoning-agent-eval-v3.1
2026-08-09T20:10:00+09:00,CMP-S03-L05-01,S03,S03-L05,1,running,181.8044,439.5988,102.6582,42.9654,0.4064,A,relation-reasoning-agent-eval-v3.1
2026-08-09T20:20:00+09:00,CMP-S03-L01-01,S03,S03-L01,1,running,144.3264,457.431,100.7585,41.6623,0.0208,A,relation-reasoning-agent-eval-v3.1
2026-08-09T20:20:00+09:00,CMP-S03-L02-01,S03,S03-L02,1,running,185.1836,432.3192,96.4482,38.5432,-0.6073,A,relation-reasoning-agent-eval-v3.1
2026-08-09T20:20:00+09:00,CMP-S03-L03-01,S03,S03-L03,1,running,166.7244,445.7274,93.9448,42.6397,0.6976,A,relation-reasoning-agent-eval-v3.1
2026-08-09T20:20:00+09:00,CMP-S03-L04-01,S03,S03-L04,1,running,191.7676,443.8515,106.6958,45.2371,1.1888,B,relation-reasoning-agent-eval-v3.1
2026-08-09T20:20:00+09:00,CMP-S03-L05-01,S03,S03-L05,1,running,187.7311,461.7515,99.3941,44.3742,0.6673,A,relation-reasoning-agent-eval-v3.1
2026-08-09T20:30:00+09:00,CMP-S03-L01-01,S03,S03-L01,1,running,164.6743,496.2186,103.0419,40.4383,-0.2059,A,relation-reasoning-agent-eval-v3.1
2026-08-09T20:30:00+09:00,CMP-S03-L02-01,S03,S03-L02,1,running,172.3529,497.933,100.5898,43.9376,0.3917,A,relation-reasoning-agent-eval-v3.1
2026-08-09T20:30:00+09:00,CMP-S03-L03-01,S03,S03-L03,1,running,160.7436,437.3398,86.4842,42.8565,0.7378,A,relation-reasoning-agent-eval-v3.1
2026-08-09T20:30:00+09:00,CMP-S03-L04-01,S03,S03-L04,1,running,184.194,397.5219,104.813,42.5338,0.6882,A,relation-reasoning-agent-eval-v3.1
2026-08-09T20:30:00+09:00,CMP-S03-L05-01,S03,S03-L05,1,running,173.9748,457.1314,109.5587,42.4972,0.3197,A,relation-reasoning-agent-eval-v3.1
2026-08-09T20:40:00+09:00,CMP-S03-L01-01,S03,S03-L01,1,running,181.7018,495.4892,105.6317,45.8636,0.7988,A,relation-reasoning-agent-eval-v3.1
2026-08-09T20:40:00+09:00,CMP-S03-L02-01,S03,S03-L02,1,running,168.6115,489.9591,104.3789,45.6116,0.7017,A,relation-reasoning-agent-eval-v3.1
2026-08-09T20:40:00+09:00,CMP-S03-L03-01,S03,S03-L03,1,running,177.0863,412.8772,91.7696,42.0649,0.5912,A,relation-reasoning-agent-eval-v3.1
2026-08-09T20:40:00+09:00,CMP-S03-L04-01,S03,S03-L04,1,running,176.8463,460.3606,106.4557,41.5045,0.4976,A,relation-reasoning-agent-eval-v3.1
2026-08-09T20:40:00+09:00,CMP-S03-L05-01,S03,S03-L05,1,running,162.656,483.4893,105.8699,38.7803,-0.3686,A,relation-reasoning-agent-eval-v3.1
2026-08-09T20:50:00+09:00,CMP-S03-L01-01,S03,S03-L01,1,running,186.296,510.8176,104.7761,41.5225,-0.0051,A,relation-reasoning-agent-eval-v3.1
2026-08-09T20:50:00+09:00,CMP-S03-L02-01,S03,S03-L02,1,running,152.8111,472.3737,97.3908,42.534,0.1317,A,relation-reasoning-agent-eval-v3.1
2026-08-09T20:50:00+09:00,CMP-S03-L03-01,S03,S03-L03,1,running,167.8643,408.8535,92.5281,41.5529,0.4964,A,relation-reasoning-agent-eval-v3.1
2026-08-09T20:50:00+09:00,CMP-S03-L04-01,S03,S03-L04,1,running,195.6571,456.0275,107.2324,38.3718,-0.0825,A,relation-reasoning-agent-eval-v3.1
2026-08-09T20:50:00+09:00,CMP-S03-L05-01,S03,S03-L05,1,running,163.5525,451.1579,101.5868,37.5652,-0.5937,A,relation-reasoning-agent-eval-v3.1
2026-08-09T21:00:00+09:00,CMP-S03-L01-01,S03,S03-L01,1,running,178.6078,464.3642,104.4031,40.698,-0.1578,A,relation-reasoning-agent-eval-v3.1
2026-08-09T21:00:00+09:00,CMP-S03-L02-01,S03,S03-L02,1,running,156.1779,432.0393,108.8722,41.1708,-0.1207,A,relation-reasoning-agent-eval-v3.1
2026-08-09T21:00:00+09:00,CMP-S03-L03-01,S03,S03-L03,1,running,165.6028,401.3162,94.6357,40.0406,0.2163,A,relation-reasoning-agent-eval-v3.1
2026-08-09T21:00:00+09:00,CMP-S03-L04-01,S03,S03-L04,1,running,182.606,436.4015,109.0862,41.0419,0.412,A,relation-reasoning-agent-eval-v3.1
2026-08-09T21:00:00+09:00,CMP-S03-L05-01,S03,S03-L05,1,running,169.1527,456.5161,106.5049,36.7877,-0.7376,A,relation-reasoning-agent-eval-v3.1
2026-08-09T21:10:00+09:00,CMP-S03-L01-01,S03,S03-L01,1,running,173.7019,470.1306,105.9496,42.0982,0.1015,A,relation-reasoning-agent-eval-v3.1
2026-08-09T21:10:00+09:00,CMP-S03-L02-01,S03,S03-L02,1,running,161.2808,425.6107,105.8482,42.5358,0.1321,A,relation-reasoning-agent-eval-v3.1
2026-08-09T21:10:00+09:00,CMP-S03-L03-01,S03,S03-L03,1,running,167.4561,419.2023,93.7849,41.7418,0.5314,A,relation-reasoning-agent-eval-v3.1
2026-08-09T21:10:00+09:00,CMP-S03-L04-01,S03,S03-L04,1,running,193.3301,420.9136,109.461,36.4852,-0.4319,A,relation-reasoning-agent-eval-v3.1
2026-08-09T21:10:00+09:00,CMP-S03-L05-01,S03,S03-L05,1,running,202.4716,490.8027,107.5831,40.7757,0.0009,A,relation-reasoning-agent-eval-v3.1
2026-08-09T21:20:00+09:00,CMP-S03-L01-01,S03,S03-L01,1,running,190.4972,479.0474,95.7839,52.1587,1.9645,B,relation-reasoning-agent-eval-v3.1
2026-08-09T21:20:00+09:00,CMP-S03-L02-01,S03,S03-L02,1,running,168.0622,466.8323,107.3065,35.9158,-1.0939,B,relation-reasoning-agent-eval-v3.1
2026-08-09T21:20:00+09:00,CMP-S03-L03-01,S03,S03-L03,1,running,181.9227,412.1278,99.7716,37.7883,-0.2008,A,relation-reasoning-agent-eval-v3.1
2026-08-09T21:20:00+09:00,CMP-S03-L04-01,S03,S03-L04,1,running,174.8999,447.0157,114.6994,29.9253,-1.6467,B,relation-reasoning-agent-eval-v3.1
2026-08-09T21:20:00+09:00,CMP-S03-L05-01,S03,S03-L05,1,running,187.0395,470.6467,108.8416,35.1775,-1.0358,B,relation-reasoning-agent-eval-v3.1
2026-08-09T21:30:00+09:00,CMP-S03-L01-01,S03,S03-L01,1,running,189.3572,467.3446,96.6274,55.0068,2.492,C,relation-reasoning-agent-eval-v3.1
2026-08-09T21:30:00+09:00,CMP-S03-L02-01,S03,S03-L02,1,running,149.3512,468.2351,104.8515,34.626,-1.3327,B,relation-reasoning-agent-eval-v3.1
2026-08-09T21:30:00+09:00,CMP-S03-L03-01,S03,S03-L03,1,running,177.4942,403.77,108.1934,33.786,-0.9419,A,relation-reasoning-agent-eval-v3.1
2026-08-09T21:30:00+09:00,CMP-S03-L04-01,S03,S03-L04,1,running,165.2145,449.5517,104.8111,27.1862,-2.1539,C,relation-reasoning-agent-eval-v3.1
2026-08-09T21:30:00+09:00,CMP-S03-L05-01,S03,S03-L05,1,running,190.0224,427.4994,100.0338,44.46,0.6832,A,relation-reasoning-agent-eval-v3.1
2026-08-09T21:40:00+09:00,CMP-S03-L01-01,S03,S03-L01,1,running,174.4452,464.5972,99.2932,51.5109,1.8446,B,relation-reasoning-agent-eval-v3.1
2026-08-09T21:40:00+09:00,CMP-S03-L02-01,S03,S03-L02,1,running,154.6252,465.6137,107.0264,41.0737,-0.1387,A,relation-reasoning-agent-eval-v3.1
2026-08-09T21:40:00+09:00,CMP-S03-L03-01,S03,S03-L03,1,running,168.641,418.6698,106.6873,37.8341,-0.1923,A,relation-reasoning-agent-eval-v3.1
2026-08-09T21:40:00+09:00,CMP-S03-L04-01,S03,S03-L04,1,running,171.5625,469.1109,105.8332,28.8694,-1.8422,B,relation-reasoning-agent-eval-v3.1
2026-08-09T21:40:00+09:00,CMP-S03-L05-01,S03,S03-L05,1,running,191.3248,433.7634,104.113,44.7583,0.7384,A,relation-reasoning-agent-eval-v3.1
2026-08-09T21:50:00+09:00,CMP-S03-L01-01,S03,S03-L01,1,running,185.5124,472.4212,92.6582,42.6466,0.203,A,relation-reasoning-agent-eval-v3.1
2026-08-09T21:50:00+09:00,CMP-S03-L02-01,S03,S03-L02,1,running,155.5392,455.291,117.4818,46.1415,0.7998,A,relation-reasoning-agent-eval-v3.1
2026-08-09T21:50:00+09:00,CMP-S03-L03-01,S03,S03-L03,1,running,166.8424,386.4984,106.8437,36.2892,-0.4784,A,relation-reasoning-agent-eval-v3.1
2026-08-09T21:50:00+09:00,CMP-S03-L04-01,S03,S03-L04,1,running,165.4492,474.0981,106.7624,33.0751,-1.0634,B,relation-reasoning-agent-eval-v3.1
2026-08-09T21:50:00+09:00,CMP-S03-L05-01,S03,S03-L05,1,running,198.6004,444.4794,107.1346,43.4759,0.5009,A,relation-reasoning-agent-eval-v3.1
2026-08-09T22:00:00+09:00,CMP-S03-L01-01,S03,S03-L01,1,running,170.7078,500.3782,93.9001,45.1503,0.6667,A,relation-reasoning-agent-eval-v3.1
2026-08-09T22:00:00+09:00,CMP-S03-L02-01,S03,S03-L02,1,running,166.246,469.6452,115.0968,41.7291,-0.0173,A,relation-reasoning-agent-eval-v3.1
2026-08-09T22:00:00+09:00,CMP-S03-L03-01,S03,S03-L03,1,running,187.9096,389.099,103.3015,33.6738,-0.9627,A,relation-reasoning-agent-eval-v3.1
2026-08-09T22:00:00+09:00,CMP-S03-L04-01,S03,S03-L04,1,running,166.6315,489.5016,106.9424,37.6721,-0.2121,A,relation-reasoning-agent-eval-v3.1
2026-08-09T22:00:00+09:00,CMP-S03-L05-01,S03,S03-L05,1,running,191.6077,427.9258,107.7892,44.6952,0.7267,A,relation-reasoning-agent-eval-v3.1
2026-08-09T22:10:00+09:00,CMP-S03-L01-01,S03,S03-L01,1,running,172.858,507.3415,95.8051,41.6334,0.0154,A,relation-reasoning-agent-eval-v3.1
2026-08-09T22:10:00+09:00,CMP-S03-L02-01,S03,S03-L02,1,running,168.8686,446.8588,110.1226,38.0196,-0.7043,A,relation-reasoning-agent-eval-v3.1
2026-08-09T22:10:00+09:00,CMP-S03-L03-01,S03,S03-L03,1,running,175.6047,424.9824,98.2559,40.7622,0.3499,A,relation-reasoning-agent-eval-v3.1
2026-08-09T22:10:00+09:00,CMP-S03-L04-01,S03,S03-L04,1,running,165.7717,469.6537,107.2485,38.0217,-0.1473,A,relation-reasoning-agent-eval-v3.1
2026-08-09T22:10:00+09:00,CMP-S03-L05-01,S03,S03-L05,1,running,176.228,441.284,105.3869,44.2867,0.6511,A,relation-reasoning-agent-eval-v3.1
2026-08-09T22:20:00+09:00,CMP-S03-L01-01,S03,S03-L01,1,running,175.2454,536.3947,94.3032,34.4698,-1.3112,B,relation-reasoning-agent-eval-v3.1
2026-08-09T22:20:00+09:00,CMP-S03-L02-01,S03,S03-L02,1,running,166.5433,417.8739,107.3855,36.2176,-1.038,B,relation-reasoning-agent-eval-v3.1
2026-08-09T22:20:00+09:00,CMP-S03-L03-01,S03,S03-L03,1,running,188.1502,435.0035,102.7654,38.935,0.0116,A,relation-reasoning-agent-eval-v3.1
2026-08-09T22:20:00+09:00,CMP-S03-L04-01,S03,S03-L04,1,running,171.6062,470.384,105.0037,40.0934,0.2363,A,relation-reasoning-agent-eval-v3.1
2026-08-09T22:20:00+09:00,CMP-S03-L05-01,S03,S03-L05,1,running,182.0014,464.3452,104.3626,46.9943,1.1525,B,relation-reasoning-agent-eval-v3.1
2026-08-09T22:30:00+09:00,CMP-S03-L01-01,S03,S03-L01,1,running,185.9736,523.2728,92.2407,30.2755,-2.0879,C,relation-reasoning-agent-eval-v3.1
2026-08-09T22:30:00+09:00,CMP-S03-L02-01,S03,S03-L02,1,running,160.6895,429.6444,101.219,37.5948,-0.7829,A,relation-reasoning-agent-eval-v3.1
2026-08-09T22:30:00+09:00,CMP-S03-L03-01,S03,S03-L03,1,running,202.7284,400.2559,106.8834,40.558,0.3121,A,relation-reasoning-agent-eval-v3.1
2026-08-09T22:30:00+09:00,CMP-S03-L04-01,S03,S03-L04,1,running,175.0717,448.5079,103.8683,42.3572,0.6555,A,relation-reasoning-agent-eval-v3.1
2026-08-09T22:30:00+09:00,CMP-S03-L05-01,S03,S03-L05,1,running,192.1605,383.7747,105.1128,48.0227,1.3429,B,relation-reasoning-agent-eval-v3.1
2026-08-09T22:40:00+09:00,CMP-S03-L01-01,S03,S03-L01,1,running,170.2066,536.417,99.6232,32.4446,-1.6862,B,relation-reasoning-agent-eval-v3.1
2026-08-09T22:40:00+09:00,CMP-S03-L02-01,S03,S03-L02,1,running,151.7611,459.6313,102.9434,38.0392,-0.7006,A,relation-reasoning-agent-eval-v3.1
2026-08-09T22:40:00+09:00,CMP-S03-L03-01,S03,S03-L03,1,running,204.6457,490.8037,103.9678,49.1003,1.8941,B,relation-reasoning-agent-eval-v3.1
2026-08-09T22:40:00+09:00,CMP-S03-L04-01,S03,S03-L04,1,running,178.8081,466.0901,101.8495,40.5249,0.3162,A,relation-reasoning-agent-eval-v3.1
2026-08-09T22:40:00+09:00,CMP-S03-L05-01,S03,S03-L05,1,running,200.3304,451.8872,110.4809,49.2533,1.5708,B,relation-reasoning-agent-eval-v3.1
2026-08-09T22:50:00+09:00,CMP-S03-L01-01,S03,S03-L01,1,running,182.9401,467.9221,103.8559,28.3695,-2.4409,C,relation-reasoning-agent-eval-v3.1
2026-08-09T22:50:00+09:00,CMP-S03-L02-01,S03,S03-L02,1,running,140.0493,462.2391,105.9674,43.1553,0.2468,A,relation-reasoning-agent-eval-v3.1
2026-08-09T22:50:00+09:00,CMP-S03-L03-01,S03,S03-L03,1,running,210.832,491.935,101.0048,46.0088,1.3215,B,relation-reasoning-agent-eval-v3.1
2026-08-09T22:50:00+09:00,CMP-S03-L04-01,S03,S03-L04,1,running,179.3347,457.7291,105.8103,32.7637,-1.1211,B,relation-reasoning-agent-eval-v3.1
2026-08-09T22:50:00+09:00,CMP-S03-L05-01,S03,S03-L05,1,running,189.5213,430.8171,102.7602,43.9233,0.5838,A,relation-reasoning-agent-eval-v3.1
2026-08-09T23:00:00+09:00,CMP-S03-L01-01,S03,S03-L01,1,running,165.3967,461.3765,104.9411,29.3696,-2.2557,C,relation-reasoning-agent-eval-v3.1
2026-08-09T23:00:00+09:00,CMP-S03-L02-01,S03,S03-L02,1,running,139.0093,405.4745,111.0628,41.357,-0.0862,A,relation-reasoning-agent-eval-v3.1
2026-08-09T23:00:00+09:00,CMP-S03-L03-01,S03,S03-L03,1,running,195.0286,486.3582,93.3752,41.6304,0.5107,A,relation-reasoning-agent-eval-v3.1
2026-08-09T23:00:00+09:00,CMP-S03-L04-01,S03,S03-L04,1,running,183.1626,436.8783,106.4069,37.3922,-0.2639,A,relation-reasoning-agent-eval-v3.1
2026-08-09T23:00:00+09:00,CMP-S03-L05-01,S03,S03-L05,1,running,169.7337,450.7853,103.1876,38.7512,-0.374,A,relation-reasoning-agent-eval-v3.1
2026-08-09T23:10:00+09:00,CMP-S03-L01-01,S03,S03-L01,1,running,190.1785,478.321,99.4108,32.792,-1.6219,B,relation-reasoning-agent-eval-v3.1
2026-08-09T23:10:00+09:00,CMP-S03-L02-01,S03,S03-L02,1,running,138.541,412.8684,99.793,43.1573,0.2472,A,relation-reasoning-agent-eval-v3.1
2026-08-09T23:10:00+09:00,CMP-S03-L03-01,S03,S03-L03,1,running,191.2069,504.3245,93.1639,48.6616,1.8128,B,relation-reasoning-agent-eval-v3.1
2026-08-09T23:10:00+09:00,CMP-S03-L04-01,S03,S03-L04,1,running,197.4526,446.267,100.8226,36.3435,-0.4581,A,relation-reasoning-agent-eval-v3.1
2026-08-09T23:10:00+09:00,CMP-S03-L05-01,S03,S03-L05,1,running,173.5563,462.3456,101.5565,37.8584,-0.5394,A,relation-reasoning-agent-eval-v3.1
2026-08-09T23:20:00+09:00,CMP-S03-L01-01,S03,S03-L01,1,running,186.6892,456.0232,101.0807,33.8762,-1.4211,B,relation-reasoning-agent-eval-v3.1
2026-08-09T23:20:00+09:00,CMP-S03-L02-01,S03,S03-L02,1,running,130.4655,482.892,100.2728,39.4635,-0.4369,A,relation-reasoning-agent-eval-v3.1
2026-08-09T23:20:00+09:00,CMP-S03-L03-01,S03,S03-L03,1,running,207.658,508.9209,94.0742,41.564,0.4984,A,relation-reasoning-agent-eval-v3.1
2026-08-09T23:20:00+09:00,CMP-S03-L04-01,S03,S03-L04,1,running,173.9357,461.9657,106.8925,34.5567,-0.789,A,relation-reasoning-agent-eval-v3.1
2026-08-09T23:20:00+09:00,CMP-S03-L05-01,S03,S03-L05,1,running,168.2485,512.9755,106.9135,41.7557,0.1824,A,relation-reasoning-agent-eval-v3.1
2026-08-09T23:30:00+09:00,CMP-S03-L01-01,S03,S03-L01,1,running,180.9008,453.4218,101.1887,37.592,-0.733,A,relation-reasoning-agent-eval-v3.1
2026-08-09T23:30:00+09:00,CMP-S03-L02-01,S03,S03-L02,1,running,131.9966,515.3684,98.7787,44.2446,0.4485,A,relation-reasoning-agent-eval-v3.1
2026-08-09T23:30:00+09:00,CMP-S03-L03-01,S03,S03-L03,1,running,193.5353,472.2068,90.9131,48.3229,1.7501,B,relation-reasoning-agent-eval-v3.1
2026-08-09T23:30:00+09:00,CMP-S03-L04-01,S03,S03-L04,1,running,147.5204,464.537,108.6288,34.9382,-0.7184,A,relation-reasoning-agent-eval-v3.1
2026-08-09T23:30:00+09:00,CMP-S03-L05-01,S03,S03-L05,1,running,166.4445,486.7533,106.1877,43.971,0.5926,A,relation-reasoning-agent-eval-v3.1
2026-08-09T23:40:00+09:00,CMP-S03-L01-01,S03,S03-L01,1,running,166.2409,447.8405,98.0972,41.0727,-0.0884,A,relation-reasoning-agent-eval-v3.1
2026-08-09T23:40:00+09:00,CMP-S03-L02-01,S03,S03-L02,1,running,159.8562,503.9729,99.8159,36.2009,-1.0411,B,relation-reasoning-agent-eval-v3.1
2026-08-09T23:40:00+09:00,CMP-S03-L03-01,S03,S03-L03,1,running,192.8787,411.0023,101.069,49.3798,1.9458,B,relation-reasoning-agent-eval-v3.1
2026-08-09T23:40:00+09:00,CMP-S03-L04-01,S03,S03-L04,1,running,156.8703,499.959,108.2873,39.0522,0.0435,A,relation-reasoning-agent-eval-v3.1
2026-08-09T23:40:00+09:00,CMP-S03-L05-01,S03,S03-L05,1,running,177.6053,461.5093,102.2341,42.4609,0.313,A,relation-reasoning-agent-eval-v3.1
2026-08-09T23:50:00+09:00,CMP-S03-L01-01,S03,S03-L01,1,running,154.6548,465.5357,97.9472,47.1812,1.0428,B,relation-reasoning-agent-eval-v3.1
2026-08-09T23:50:00+09:00,CMP-S03-L02-01,S03,S03-L02,1,running,166.138,469.2204,96.2225,43.709,0.3493,A,relation-reasoning-agent-eval-v3.1
2026-08-09T23:50:00+09:00,CMP-S03-L03-01,S03,S03-L03,1,running,184.9114,413.4997,108.2969,43.0668,0.7767,A,relation-reasoning-agent-eval-v3.1
2026-08-09T23:50:00+09:00,CMP-S03-L04-01,S03,S03-L04,1,running,155.7911,477.1672,109.4808,29.0951,-1.8004,B,relation-reasoning-agent-eval-v3.1
2026-08-09T23:50:00+09:00,CMP-S03-L05-01,S03,S03-L05,1,running,174.32,437.2766,104.5262,42.7934,0.3745,A,relation-reasoning-agent-eval-v3.1
2026-08-10T00:00:00+09:00,CMP-S03-L01-01,S03,S03-L01,1,running,138.8086,464.2521,94.9957,46.7369,0.9605,A,relation-reasoning-agent-eval-v3.1
2026-08-10T00:00:00+09:00,CMP-S03-L02-01,S03,S03-L02,1,running,171.3362,468.0554,94.436,42.7318,0.1684,A,relation-reasoning-agent-eval-v3.1
2026-08-10T00:00:00+09:00,CMP-S03-L03-01,S03,S03-L03,1,running,184.1654,416.0277,98.8149,39.2979,0.0788,A,relation-reasoning-agent-eval-v3.1
2026-08-10T00:00:00+09:00,CMP-S03-L04-01,S03,S03-L04,1,running,154.6293,467.2088,112.4099,30.3397,-1.5699,B,relation-reasoning-agent-eval-v3.1
2026-08-10T00:00:00+09:00,CMP-S03-L05-01,S03,S03-L05,1,running,154.3899,399.6859,104.7041,40.5419,-0.0424,A,relation-reasoning-agent-eval-v3.1
2026-08-10T00:10:00+09:00,CMP-S03-L01-01,S03,S03-L01,1,running,149.9249,465.7889,97.6189,42.833,0.2376,A,relation-reasoning-agent-eval-v3.1
2026-08-10T00:10:00+09:00,CMP-S03-L02-01,S03,S03-L02,1,running,171.9574,427.6111,91.3612,37.3371,-0.8307,A,relation-reasoning-agent-eval-v3.1
2026-08-10T00:10:00+09:00,CMP-S03-L03-01,S03,S03-L03,1,running,179.4313,384.2804,97.6981,38.4343,-0.0811,A,relation-reasoning-agent-eval-v3.1
2026-08-10T00:10:00+09:00,CMP-S03-L04-01,S03,S03-L04,1,running,162.5249,403.8851,105.0319,30.7261,-1.4984,B,relation-reasoning-agent-eval-v3.1
2026-08-10T00:10:00+09:00,CMP-S03-L05-01,S03,S03-L05,1,running,147.4139,383.5985,108.334,29.2011,-2.1426,C,relation-reasoning-agent-eval-v3.1
2026-08-10T00:20:00+09:00,CMP-S03-L01-01,S03,S03-L01,1,running,166.1599,451.663,94.696,38.3851,-0.5861,A,relation-reasoning-agent-eval-v3.1
2026-08-10T00:20:00+09:00,CMP-S03-L02-01,S03,S03-L02,1,running,177.0126,484.4061,106.5789,37.8283,-0.7397,A,relation-reasoning-agent-eval-v3.1
2026-08-10T00:20:00+09:00,CMP-S03-L03-01,S03,S03-L03,1,running,176.6186,353.8993,93.3477,34.5799,-0.7949,A,relation-reasoning-agent-eval-v3.1
2026-08-10T00:20:00+09:00,CMP-S03-L04-01,S03,S03-L04,1,running,156.1902,443.9474,107.5354,28.6979,-1.874,B,relation-reasoning-agent-eval-v3.1
2026-08-10T00:20:00+09:00,CMP-S03-L05-01,S03,S03-L05,1,running,142.5861,432.3795,108.0071,39.4318,-0.248,A,relation-reasoning-agent-eval-v3.1
2026-08-10T00:30:00+09:00,CMP-S03-L01-01,S03,S03-L01,1,running,184.9247,435.6607,96.1388,33.055,-1.5732,B,relation-reasoning-agent-eval-v3.1
2026-08-10T00:30:00+09:00,CMP-S03-L02-01,S03,S03-L02,1,running,170.4325,512.726,106.2395,43.2368,0.2619,A,relation-reasoning-agent-eval-v3.1
2026-08-10T00:30:00+09:00,CMP-S03-L03-01,S03,S03-L03,1,running,173.1505,351.6487,93.6417,35.9117,-0.5483,A,relation-reasoning-agent-eval-v3.1
2026-08-10T00:30:00+09:00,CMP-S03-L04-01,S03,S03-L04,1,running,171.2313,444.9016,102.522,30.8223,-1.4806,B,relation-reasoning-agent-eval-v3.1
2026-08-10T00:30:00+09:00,CMP-S03-L05-01,S03,S03-L05,1,running,153.8521,394.4903,106.1776,44.5241,0.695,A,relation-reasoning-agent-eval-v3.1
2026-08-10T00:40:00+09:00,CMP-S03-L01-01,S03,S03-L01,1,running,171.278,432.0415,95.4025,39.3375,-0.4098,A,relation-reasoning-agent-eval-v3.1
2026-08-10T00:40:00+09:00,CMP-S03-L02-01,S03,S03-L02,1,running,170.3168,489.7958,101.2914,46.9994,0.9587,A,relation-reasoning-agent-eval-v3.1
2026-08-10T00:40:00+09:00,CMP-S03-L03-01,S03,S03-L03,1,running,181.2851,396.8074,97.6969,33.384,-1.0164,B,relation-reasoning-agent-eval-v3.1
2026-08-10T00:40:00+09:00,CMP-S03-L04-01,S03,S03-L04,1,running,162.1712,440.9577,97.2389,33.3107,-1.0197,B,relation-reasoning-agent-eval-v3.1
2026-08-10T00:40:00+09:00,CMP-S03-L05-01,S03,S03-L05,1,running,162.2572,361.9909,104.8974,46.4043,1.0432,B,relation-reasoning-agent-eval-v3.1
2026-08-10T00:50:00+09:00,CMP-S03-L01-01,S03,S03-L01,1,running,176.3714,394.7756,91.4801,42.7018,0.2133,A,relation-reasoning-agent-eval-v3.1
2026-08-10T00:50:00+09:00,CMP-S03-L02-01,S03,S03-L02,1,running,143.6436,397.0256,97.2756,49.7948,1.4763,B,relation-reasoning-agent-eval-v3.1
2026-08-10T00:50:00+09:00,CMP-S03-L03-01,S03,S03-L03,1,running,180.5162,364.1605,101.8785,37.7254,-0.2124,A,relation-reasoning-agent-eval-v3.1
2026-08-10T00:50:00+09:00,CMP-S03-L04-01,S03,S03-L04,1,running,164.2883,417.2593,99.2396,35.4903,-0.6161,A,relation-reasoning-agent-eval-v3.1
2026-08-10T00:50:00+09:00,CMP-S03-L05-01,S03,S03-L05,1,running,150.6432,365.8558,100.9117,41.6162,0.1565,A,relation-reasoning-agent-eval-v3.1
2026-08-10T01:00:00+09:00,CMP-S03-L01-01,S03,S03-L01,1,running,155.7217,463.4135,98.2453,45.6828,0.7653,A,relation-reasoning-agent-eval-v3.1
2026-08-10T01:00:00+09:00,CMP-S03-L02-01,S03,S03-L02,1,running,137.6135,360.0428,98.2195,45.3671,0.6564,A,relation-reasoning-agent-eval-v3.1
2026-08-10T01:00:00+09:00,CMP-S03-L03-01,S03,S03-L03,1,running,189.6997,396.8637,104.7702,30.3782,-1.573,B,relation-reasoning-agent-eval-v3.1
2026-08-10T01:00:00+09:00,CMP-S03-L04-01,S03,S03-L04,1,running,159.6506,425.319,102.1258,33.1181,-1.0554,B,relation-reasoning-agent-eval-v3.1
2026-08-10T01:00:00+09:00,CMP-S03-L05-01,S03,S03-L05,1,running,168.4983,378.5716,103.6871,42.8747,0.3896,A,relation-reasoning-agent-eval-v3.1
2026-08-10T01:10:00+09:00,CMP-S03-L01-01,S03,S03-L01,1,running,157.3859,461.0063,95.2443,45.9335,0.8117,A,relation-reasoning-agent-eval-v3.1
2026-08-10T01:10:00+09:00,CMP-S03-L02-01,S03,S03-L02,1,running,156.5771,373.2781,92.601,45.5396,0.6883,A,relation-reasoning-agent-eval-v3.1
2026-08-10T01:10:00+09:00,CMP-S03-L03-01,S03,S03-L03,1,running,173.1446,422.0193,109.2463,37.5966,-0.2363,A,relation-reasoning-agent-eval-v3.1
2026-08-10T01:10:00+09:00,CMP-S03-L04-01,S03,S03-L04,1,running,167.8594,434.5788,101.4881,32.0092,-1.2608,B,relation-reasoning-agent-eval-v3.1
2026-08-10T01:10:00+09:00,CMP-S03-L05-01,S03,S03-L05,1,running,150.4031,410.6382,90.3915,43.2943,0.4673,A,relation-reasoning-agent-eval-v3.1
2026-08-10T01:20:00+09:00,CMP-S03-L01-01,S03,S03-L01,1,running,159.1732,444.0964,96.4589,45.3154,0.6973,A,relation-reasoning-agent-eval-v3.1
2026-08-10T01:20:00+09:00,CMP-S03-L02-01,S03,S03-L02,1,running,117.5168,389.5774,93.2581,46.3939,0.8465,A,relation-reasoning-agent-eval-v3.1
2026-08-10T01:20:00+09:00,CMP-S03-L03-01,S03,S03-L03,1,running,185.0599,440.3549,109.7453,42.8514,0.7368,A,relation-reasoning-agent-eval-v3.1
2026-08-10T01:20:00+09:00,CMP-S03-L04-01,S03,S03-L04,1,running,181.283,337.7639,99.9163,37.0719,-0.3232,A,relation-reasoning-agent-eval-v3.1
2026-08-10T01:20:00+09:00,CMP-S03-L05-01,S03,S03-L05,1,running,165.9131,411.9365,92.0685,48.0675,1.3512,B,relation-reasoning-agent-eval-v3.1
2026-08-10T01:30:00+09:00,CMP-S03-L01-01,S03,S03-L01,1,running,164.5222,480.4246,100.0553,45.3922,0.7115,A,relation-reasoning-agent-eval-v3.1
2026-08-10T01:30:00+09:00,CMP-S03-L02-01,S03,S03-L02,1,running,141.3068,369.8289,99.5217,44.7894,0.5494,A,relation-reasoning-agent-eval-v3.1
2026-08-10T01:30:00+09:00,CMP-S03-L03-01,S03,S03-L03,1,running,190.1881,421.9037,109.4266,38.4951,-0.0699,A,relation-reasoning-agent-eval-v3.1
2026-08-10T01:30:00+09:00,CMP-S03-L04-01,S03,S03-L04,1,running,172.3387,404.4383,94.9962,32.2162,-1.2224,B,relation-reasoning-agent-eval-v3.1
2026-08-10T01:30:00+09:00,CMP-S03-L05-01,S03,S03-L05,1,running,164.662,441.1696,95.4387,42.608,0.3402,A,relation-reasoning-agent-eval-v3.1
2026-08-10T01:40:00+09:00,CMP-S03-L01-01,S03,S03-L01,1,running,172.9188,442.8391,92.7305,49.0555,1.3899,B,relation-reasoning-agent-eval-v3.1
2026-08-10T01:40:00+09:00,CMP-S03-L02-01,S03,S03-L02,1,running,152.0593,422.4678,100.0046,47.6893,1.0864,B,relation-reasoning-agent-eval-v3.1
2026-08-10T01:40:00+09:00,CMP-S03-L03-01,S03,S03-L03,1,running,198.6,470.0526,112.7433,36.6643,-0.4089,A,relation-reasoning-agent-eval-v3.1
2026-08-10T01:40:00+09:00,CMP-S03-L04-01,S03,S03-L04,1,running,163.1201,395.8886,108.7238,38.6268,-0.0353,A,relation-reasoning-agent-eval-v3.1
2026-08-10T01:40:00+09:00,CMP-S03-L05-01,S03,S03-L05,1,running,174.014,474.4201,99.9641,39.8293,-0.1744,A,relation-reasoning-agent-eval-v3.1
2026-08-10T01:50:00+09:00,CMP-S03-L01-01,S03,S03-L01,1,running,172.651,494.8554,90.763,43.673,0.3931,A,relation-reasoning-agent-eval-v3.1
2026-08-10T01:50:00+09:00,CMP-S03-L02-01,S03,S03-L02,1,running,161.5055,438.7139,108.5662,47.3502,1.0236,B,relation-reasoning-agent-eval-v3.1
2026-08-10T01:50:00+09:00,CMP-S03-L03-01,S03,S03-L03,1,running,197.2401,442.9499,114.3641,37.6371,-0.2288,A,relation-reasoning-agent-eval-v3.1
2026-08-10T01:50:00+09:00,CMP-S03-L04-01,S03,S03-L04,1,running,152.4379,444.5527,109.7614,41.0716,0.4174,A,relation-reasoning-agent-eval-v3.1
2026-08-10T01:50:00+09:00,CMP-S03-L05-01,S03,S03-L05,1,running,176.636,450.8946,95.1633,39.4839,-0.2383,A,relation-reasoning-agent-eval-v3.1
2026-08-10T02:00:00+09:00,CMP-S03-L01-01,S03,S03-L01,1,running,169.7979,545.099,91.7741,48.3309,1.2557,B,relation-reasoning-agent-eval-v3.1
2026-08-10T02:00:00+09:00,CMP-S03-L02-01,S03,S03-L02,1,running,159.0486,412.3494,110.7877,46.1156,0.795,A,relation-reasoning-agent-eval-v3.1
2026-08-10T02:00:00+09:00,CMP-S03-L03-01,S03,S03-L03,1,running,187.3618,476.5967,114.7978,46.8031,1.4686,B,relation-reasoning-agent-eval-v3.1
2026-08-10T02:00:00+09:00,CMP-S03-L04-01,S03,S03-L04,1,running,179.4044,442.2928,114.3481,38.9454,0.0237,A,relation-reasoning-agent-eval-v3.1
2026-08-10T02:00:00+09:00,CMP-S03-L05-01,S03,S03-L05,1,running,181.0738,472.3418,91.3683,38.3507,-0.4482,A,relation-reasoning-agent-eval-v3.1
2026-08-10T02:10:00+09:00,CMP-S03-L01-01,S03,S03-L01,1,running,153.7173,524.5356,90.2923,43.3447,0.3323,A,relation-reasoning-agent-eval-v3.1
2026-08-10T02:10:00+09:00,CMP-S03-L02-01,S03,S03-L02,1,running,165.7604,453.1075,113.7782,47.0213,0.9627,A,relation-reasoning-agent-eval-v3.1
2026-08-10T02:10:00+09:00,CMP-S03-L03-01,S03,S03-L03,1,running,194.3274,461.9964,111.5013,46.2106,1.3589,B,relation-reasoning-agent-eval-v3.1
2026-08-10T02:10:00+09:00,CMP-S03-L04-01,S03,S03-L04,1,running,171.6938,423.0763,110.829,37.4556,-0.2522,A,relation-reasoning-agent-eval-v3.1
2026-08-10T02:10:00+09:00,CMP-S03-L05-01,S03,S03-L05,1,running,181.5958,530.6908,98.2563,41.3238,0.1024,A,relation-reasoning-agent-eval-v3.1
2026-08-10T02:20:00+09:00,CMP-S03-L01-01,S03,S03-L01,1,running,149.1283,476.0422,90.7711,37.0171,-0.8395,A,relation-reasoning-agent-eval-v3.1
2026-08-10T02:20:00+09:00,CMP-S03-L02-01,S03,S03-L02,1,running,167.8779,484.0795,120.5705,46.0515,0.7831,A,relation-reasoning-agent-eval-v3.1
2026-08-10T02:20:00+09:00,CMP-S03-L03-01,S03,S03-L03,1,running,182.1658,463.345,109.163,41.2608,0.4423,A,relation-reasoning-agent-eval-v3.1
2026-08-10T02:20:00+09:00,CMP-S03-L04-01,S03,S03-L04,1,running,176.015,434.6765,107.9849,32.8454,-1.1059,B,relation-reasoning-agent-eval-v3.1
2026-08-10T02:20:00+09:00,CMP-S03-L05-01,S03,S03-L05,1,running,160.6417,490.958,95.6676,41.985,0.2248,A,relation-reasoning-agent-eval-v3.1
2026-08-10T02:30:00+09:00,CMP-S03-L01-01,S03,S03-L01,1,running,152.2094,451.0993,95.6833,40.3813,-0.2165,A,relation-reasoning-agent-eval-v3.1
2026-08-10T02:30:00+09:00,CMP-S03-L02-01,S03,S03-L02,1,running,184.4876,481.1593,122.4109,47.6321,1.0758,B,relation-reasoning-agent-eval-v3.1
2026-08-10T02:30:00+09:00,CMP-S03-L03-01,S03,S03-L03,1,running,178.7487,399.5706,104.6089,38.4685,-0.0748,A,relation-reasoning-agent-eval-v3.1
2026-08-10T02:30:00+09:00,CMP-S03-L04-01,S03,S03-L04,1,running,169.1646,389.1021,111.7854,34.6661,-0.7687,A,relation-reasoning-agent-eval-v3.1
2026-08-10T02:30:00+09:00,CMP-S03-L05-01,S03,S03-L05,1,running,152.709,481.8589,92.2441,48.7932,1.4856,B,relation-reasoning-agent-eval-v3.1
2026-08-10T02:40:00+09:00,CMP-S03-L01-01,S03,S03-L01,1,running,157.9128,457.3566,98.4449,40.9947,-0.1029,A,relation-reasoning-agent-eval-v3.1
2026-08-10T02:40:00+09:00,CMP-S03-L02-01,S03,S03-L02,1,running,191.1867,457.2151,114.4691,48.5339,1.2428,B,relation-reasoning-agent-eval-v3.1
2026-08-10T02:40:00+09:00,CMP-S03-L03-01,S03,S03-L03,1,running,178.6822,425.3489,99.7309,31.3751,-1.3884,B,relation-reasoning-agent-eval-v3.1
2026-08-10T02:40:00+09:00,CMP-S03-L04-01,S03,S03-L04,1,running,170.7972,379.6423,111.8744,41.8725,0.5658,A,relation-reasoning-agent-eval-v3.1
2026-08-10T02:40:00+09:00,CMP-S03-L05-01,S03,S03-L05,1,running,149.6355,507.4342,96.3487,47.7738,1.2968,B,relation-reasoning-agent-eval-v3.1
2026-08-10T02:50:00+09:00,CMP-S03-L01-01,S03,S03-L01,1,running,150.4077,454.7748,92.8071,37.2314,-0.7998,A,relation-reasoning-agent-eval-v3.1
2026-08-10T02:50:00+09:00,CMP-S03-L02-01,S03,S03-L02,1,running,186.6955,457.769,118.4981,42.0959,0.0506,A,relation-reasoning-agent-eval-v3.1
2026-08-10T02:50:00+09:00,CMP-S03-L03-01,S03,S03-L03,1,running,183.0364,426.4214,96.6507,36.0316,-0.5261,A,relation-reasoning-agent-eval-v3.1
2026-08-10T02:50:00+09:00,CMP-S03-L04-01,S03,S03-L04,1,running,174.2787,381.2137,111.6194,41.1025,0.4232,A,relation-reasoning-agent-eval-v3.1
2026-08-10T02:50:00+09:00,CMP-S03-L05-01,S03,S03-L05,1,running,157.0696,510.2309,102.3603,42.2739,0.2783,A,relation-reasoning-agent-eval-v3.1
2026-08-10T03:00:00+09:00,CMP-S03-L01-01,S03,S03-L01,1,running,169.8668,487.5377,97.5342,36.6604,-0.9055,A,relation-reasoning-agent-eval-v3.1
2026-08-10T03:00:00+09:00,CMP-S03-L02-01,S03,S03-L02,1,running,170.5077,453.4748,114.1477,43.274,0.2688,A,relation-reasoning-agent-eval-v3.1
2026-08-10T03:00:00+09:00,CMP-S03-L03-01,S03,S03-L03,1,running,181.3401,427.5571,88.0574,35.9149,-0.5477,A,relation-reasoning-agent-eval-v3.1
2026-08-10T03:00:00+09:00,CMP-S03-L04-01,S03,S03-L04,1,running,178.3964,421.8922,116.3277,35.6116,-0.5937,A,relation-reasoning-agent-eval-v3.1
2026-08-10T03:00:00+09:00,CMP-S03-L05-01,S03,S03-L05,1,running,159.7119,513.2798,104.7833,42.745,0.3656,A,relation-reasoning-agent-eval-v3.1
2026-08-10T03:10:00+09:00,CMP-S03-L01-01,S03,S03-L01,1,running,185.9437,474.951,96.4781,31.5821,-1.8459,B,relation-reasoning-agent-eval-v3.1
2026-08-10T03:10:00+09:00,CMP-S03-L02-01,S03,S03-L02,1,running,166.5953,454.1496,112.5716,39.2908,-0.4689,A,relation-reasoning-agent-eval-v3.1
2026-08-10T03:10:00+09:00,CMP-S03-L03-01,S03,S03-L03,1,running,150.6062,439.4066,94.1466,31.9159,-1.2882,B,relation-reasoning-agent-eval-v3.1
2026-08-10T03:10:00+09:00,CMP-S03-L04-01,S03,S03-L04,1,running,169.66,435.2383,115.5534,37.91,-0.168,A,relation-reasoning-agent-eval-v3.1
2026-08-10T03:10:00+09:00,CMP-S03-L05-01,S03,S03-L05,1,running,168.7585,525.198,103.0639,44.1002,0.6165,A,relation-reasoning-agent-eval-v3.1
2026-08-10T03:20:00+09:00,CMP-S03-L01-01,S03,S03-L01,1,running,197.3536,449.4872,99.4209,42.6001,0.1944,A,relation-reasoning-agent-eval-v3.1
2026-08-10T03:20:00+09:00,CMP-S03-L02-01,S03,S03-L02,1,running,168.9665,469.1056,110.2069,36.28,-1.0264,B,relation-reasoning-agent-eval-v3.1
2026-08-10T03:20:00+09:00,CMP-S03-L03-01,S03,S03-L03,1,running,159.1937,441.0217,90.3055,28.7934,-1.8665,B,relation-reasoning-agent-eval-v3.1
2026-08-10T03:20:00+09:00,CMP-S03-L04-01,S03,S03-L04,1,running,174.9595,406.6043,110.9938,29.609,-1.7052,B,relation-reasoning-agent-eval-v3.1
2026-08-10T03:20:00+09:00,CMP-S03-L05-01,S03,S03-L05,1,running,156.3928,503.8577,105.8695,37.02,-0.6946,A,relation-reasoning-agent-eval-v3.1
2026-08-10T03:30:00+09:00,CMP-S03-L01-01,S03,S03-L01,1,running,173.1721,436.2567,98.4647,49.6951,1.5083,B,relation-reasoning-agent-eval-v3.1
2026-08-10T03:30:00+09:00,CMP-S03-L02-01,S03,S03-L02,1,running,167.9323,439.7652,105.9044,36.9849,-0.8959,A,relation-reasoning-agent-eval-v3.1
2026-08-10T03:30:00+09:00,CMP-S03-L03-01,S03,S03-L03,1,running,168.379,415.1693,94.0423,30.8026,-1.4944,B,relation-reasoning-agent-eval-v3.1
2026-08-10T03:30:00+09:00,CMP-S03-L04-01,S03,S03-L04,1,running,193.8909,409.2876,111.4446,36.223,-0.4804,A,relation-reasoning-agent-eval-v3.1
2026-08-10T03:30:00+09:00,CMP-S03-L05-01,S03,S03-L05,1,running,158.3074,536.3552,103.2837,33.9208,-1.2685,B,relation-reasoning-agent-eval-v3.1
2026-08-10T03:40:00+09:00,CMP-S03-L01-01,S03,S03-L01,1,running,181.9302,469.1242,98.4831,52.8876,2.0995,C,relation-reasoning-agent-eval-v3.1
2026-08-10T03:40:00+09:00,CMP-S03-L02-01,S03,S03-L02,1,running,169.6655,458.6258,102.2615,39.5774,-0.4158,A,relation-reasoning-agent-eval-v3.1
2026-08-10T03:40:00+09:00,CMP-S03-L03-01,S03,S03-L03,1,running,175.9925,405.2942,95.4011,34.7445,-0.7644,A,relation-reasoning-agent-eval-v3.1
2026-08-10T03:40:00+09:00,CMP-S03-L04-01,S03,S03-L04,1,running,182.8984,409.2051,107.7385,37.0037,-0.3359,A,relation-reasoning-agent-eval-v3.1
2026-08-10T03:40:00+09:00,CMP-S03-L05-01,S03,S03-L05,1,running,163.5886,549.3034,102.9938,37.3304,-0.6371,A,relation-reasoning-agent-eval-v3.1
2026-08-10T03:50:00+09:00,CMP-S03-L01-01,S03,S03-L01,1,running,192.937,477.9398,94.1343,49.4554,1.4639,B,relation-reasoning-agent-eval-v3.1
2026-08-10T03:50:00+09:00,CMP-S03-L02-01,S03,S03-L02,1,running,186.9026,446.1818,101.9525,39.2972,-0.4677,A,relation-reasoning-agent-eval-v3.1
2026-08-10T03:50:00+09:00,CMP-S03-L03-01,S03,S03-L03,1,running,173.5206,404.4371,95.1837,40.9061,0.3766,A,relation-reasoning-agent-eval-v3.1
2026-08-10T03:50:00+09:00,CMP-S03-L04-01,S03,S03-L04,1,running,187.5821,430.2449,103.0797,47.8145,1.6661,B,relation-reasoning-agent-eval-v3.1
2026-08-10T03:50:00+09:00,CMP-S03-L05-01,S03,S03-L05,1,running,160.3819,546.5535,110.1567,38.3837,-0.4421,A,relation-reasoning-agent-eval-v3.1
2026-08-10T04:00:00+09:00,CMP-S03-L01-01,S03,S03-L01,1,running,172.1812,442.5098,86.5677,50.3657,1.6325,B,relation-reasoning-agent-eval-v3.1
2026-08-10T04:00:00+09:00,CMP-S03-L02-01,S03,S03-L02,1,running,182.4544,486.7012,103.0129,36.3088,-1.0211,B,relation-reasoning-agent-eval-v3.1
2026-08-10T04:00:00+09:00,CMP-S03-L03-01,S03,S03-L03,1,running,165.3367,355.2345,99.1282,41.3893,0.4661,A,relation-reasoning-agent-eval-v3.1
2026-08-10T04:00:00+09:00,CMP-S03-L04-01,S03,S03-L04,1,running,167.355,434.0574,101.936,45.796,1.2923,B,relation-reasoning-agent-eval-v3.1
2026-08-10T04:00:00+09:00,CMP-S03-L05-01,S03,S03-L05,1,running,155.5022,493.7964,104.7482,36.3657,-0.8158,A,relation-reasoning-agent-eval-v3.1
2026-08-10T04:10:00+09:00,CMP-S03-L01-01,S03,S03-L01,1,running,187.7692,427.9509,91.8523,42.9446,0.2582,A,relation-reasoning-agent-eval-v3.1
2026-08-10T04:10:00+09:00,CMP-S03-L02-01,S03,S03-L02,1,running,175.5864,461.4714,102.5482,37.2979,-0.8379,A,relation-reasoning-agent-eval-v3.1
2026-08-10T04:10:00+09:00,CMP-S03-L03-01,S03,S03-L03,1,running,155.4605,357.9718,93.7962,43.2701,0.8144,A,relation-reasoning-agent-eval-v3.1
2026-08-10T04:10:00+09:00,CMP-S03-L04-01,S03,S03-L04,1,running,172.1657,420.7359,106.5276,42.3253,0.6496,A,relation-reasoning-agent-eval-v3.1
2026-08-10T04:10:00+09:00,CMP-S03-L05-01,S03,S03-L05,1,running,162.7377,503.743,101.4573,34.5751,-1.1474,B,relation-reasoning-agent-eval-v3.1
2026-08-10T04:20:00+09:00,CMP-S03-L01-01,S03,S03-L01,1,running,169.5383,463.4433,87.3017,40.1808,-0.2536,A,relation-reasoning-agent-eval-v3.1
2026-08-10T04:20:00+09:00,CMP-S03-L02-01,S03,S03-L02,1,running,175.2536,478.1112,98.7402,38.9397,-0.5339,A,relation-reasoning-agent-eval-v3.1
2026-08-10T04:20:00+09:00,CMP-S03-L03-01,S03,S03-L03,1,running,156.43,366.4995,90.7767,42.3776,0.6491,A,relation-reasoning-agent-eval-v3.1
2026-08-10T04:20:00+09:00,CMP-S03-L04-01,S03,S03-L04,1,running,170.6759,428.2106,103.5796,44.9056,1.1275,B,relation-reasoning-agent-eval-v3.1
2026-08-10T04:20:00+09:00,CMP-S03-L05-01,S03,S03-L05,1,running,173.0602,506.9588,98.4282,32.8675,-1.4636,B,relation-reasoning-agent-eval-v3.1
2026-08-10T04:30:00+09:00,CMP-S03-L01-01,S03,S03-L01,1,running,167.3702,468.2299,85.7073,43.8077,0.418,A,relation-reasoning-agent-eval-v3.1
2026-08-10T04:30:00+09:00,CMP-S03-L02-01,S03,S03-L02,1,running,176.4744,458.1517,101.4443,32.4156,-1.742,B,relation-reasoning-agent-eval-v3.1
2026-08-10T04:30:00+09:00,CMP-S03-L03-01,S03,S03-L03,1,running,145.821,428.5513,99.3378,36.5883,-0.423,A,relation-reasoning-agent-eval-v3.1
2026-08-10T04:30:00+09:00,CMP-S03-L04-01,S03,S03-L04,1,running,191.2758,402.1462,103.0743,41.2757,0.4552,A,relation-reasoning-agent-eval-v3.1
2026-08-10T04:30:00+09:00,CMP-S03-L05-01,S03,S03-L05,1,running,176.0234,495.789,99.0283,31.0334,-1.8033,B,relation-reasoning-agent-eval-v3.1
2026-08-10T04:40:00+09:00,CMP-S03-L01-01,S03,S03-L01,1,running,154.8346,447.5599,95.6868,40.6596,-0.1649,A,relation-reasoning-agent-eval-v3.1
2026-08-10T04:40:00+09:00,CMP-S03-L02-01,S03,S03-L02,1,running,181.7919,437.4679,96.4955,30.7703,-2.0467,C,relation-reasoning-agent-eval-v3.1
2026-08-10T04:40:00+09:00,CMP-S03-L03-01,S03,S03-L03,1,running,142.7027,403.8447,103.6644,38.6603,-0.0393,A,relation-reasoning-agent-eval-v3.1
2026-08-10T04:40:00+09:00,CMP-S03-L04-01,S03,S03-L04,1,running,195.1583,397.1052,100.7042,37.4592,-0.2515,A,relation-reasoning-agent-eval-v3.1
2026-08-10T04:40:00+09:00,CMP-S03-L05-01,S03,S03-L05,1,running,182.3608,482.9456,97.4191,33.8899,-1.2743,B,relation-reasoning-agent-eval-v3.1
2026-08-10T04:50:00+09:00,CMP-S03-L01-01,S03,S03-L01,1,running,175.4654,487.7604,95.8156,38.3769,-0.5876,A,relation-reasoning-agent-eval-v3.1
2026-08-10T04:50:00+09:00,CMP-S03-L02-01,S03,S03-L02,1,running,161.7187,424.7607,95.9146,35.4334,-1.1832,B,relation-reasoning-agent-eval-v3.1
2026-08-10T04:50:00+09:00,CMP-S03-L03-01,S03,S03-L03,1,running,146.5152,392.8215,100.5989,35.3137,-0.659,A,relation-reasoning-agent-eval-v3.1
2026-08-10T04:50:00+09:00,CMP-S03-L04-01,S03,S03-L04,1,running,175.115,357.275,101.1147,37.7686,-0.1942,A,relation-reasoning-agent-eval-v3.1
2026-08-10T04:50:00+09:00,CMP-S03-L05-01,S03,S03-L05,1,running,172.9155,465.0744,99.6058,38.912,-0.3442,A,relation-reasoning-agent-eval-v3.1
2026-08-10T05:00:00+09:00,CMP-S03-L01-01,S03,S03-L01,1,running,175.8314,464.9508,91.5926,37.4096,-0.7668,A,relation-reasoning-agent-eval-v3.1
2026-08-10T05:00:00+09:00,CMP-S03-L02-01,S03,S03-L02,1,running,159.1666,434.0256,91.4543,34.1534,-1.4202,B,relation-reasoning-agent-eval-v3.1
2026-08-10T05:00:00+09:00,CMP-S03-L03-01,S03,S03-L03,1,running,167.4619,380.2863,91.883,31.0555,-1.4476,B,relation-reasoning-agent-eval-v3.1
2026-08-10T05:00:00+09:00,CMP-S03-L04-01,S03,S03-L04,1,running,172.3812,342.5637,102.8723,40.9396,0.393,A,relation-reasoning-agent-eval-v3.1
2026-08-10T05:00:00+09:00,CMP-S03-L05-01,S03,S03-L05,1,running,169.2896,492.1773,98.9902,43.0681,0.4254,A,relation-reasoning-agent-eval-v3.1
2026-08-10T05:10:00+09:00,CMP-S03-L01-01,S03,S03-L01,1,running,175.1255,466.6571,97.1725,46.5916,0.9336,A,relation-reasoning-agent-eval-v3.1
2026-08-10T05:10:00+09:00,CMP-S03-L02-01,S03,S03-L02,1,running,175.6985,410.1451,98.4149,43.5047,0.3115,A,relation-reasoning-agent-eval-v3.1
2026-08-10T05:10:00+09:00,CMP-S03-L03-01,S03,S03-L03,1,running,176.8761,415.6288,90.8683,32.4377,-1.1916,B,relation-reasoning-agent-eval-v3.1
2026-08-10T05:10:00+09:00,CMP-S03-L04-01,S03,S03-L04,1,running,183.4859,304.6128,112.9512,38.1288,-0.1275,A,relation-reasoning-agent-eval-v3.1
2026-08-10T05:10:00+09:00,CMP-S03-L05-01,S03,S03-L05,1,running,189.014,453.8768,101.8241,42.3037,0.2838,A,relation-reasoning-agent-eval-v3.1
2026-08-10T05:20:00+09:00,CMP-S03-L01-01,S03,S03-L01,1,running,163.2403,486.0345,89.8212,41.31,-0.0445,A,relation-reasoning-agent-eval-v3.1
2026-08-10T05:20:00+09:00,CMP-S03-L02-01,S03,S03-L02,1,running,169.2131,404.4659,101.4096,39.8081,-0.3731,A,relation-reasoning-agent-eval-v3.1
2026-08-10T05:20:00+09:00,CMP-S03-L03-01,S03,S03-L03,1,running,179.0973,446.783,91.7526,28.8502,-1.856,B,relation-reasoning-agent-eval-v3.1
2026-08-10T05:20:00+09:00,CMP-S03-L04-01,S03,S03-L04,1,running,164.6557,377.7961,117.4193,33.415,-1.0004,B,relation-reasoning-agent-eval-v3.1
2026-08-10T05:20:00+09:00,CMP-S03-L05-01,S03,S03-L05,1,running,183.6665,432.016,98.9483,39.4513,-0.2444,A,relation-reasoning-agent-eval-v3.1
2026-08-10T05:30:00+09:00,CMP-S03-L01-01,S03,S03-L01,1,running,173.3056,437.4171,96.1657,40.8636,-0.1272,A,relation-reasoning-agent-eval-v3.1
2026-08-10T05:30:00+09:00,CMP-S03-L02-01,S03,S03-L02,1,running,174.6989,409.8365,97.4412,39.4718,-0.4353,A,relation-reasoning-agent-eval-v3.1
2026-08-10T05:30:00+09:00,CMP-S03-L03-01,S03,S03-L03,1,running,148.8148,444.9065,93.8038,26.8723,-2.2222,C,relation-reasoning-agent-eval-v3.1
2026-08-10T05:30:00+09:00,CMP-S03-L04-01,S03,S03-L04,1,running,172.7145,435.791,110.2908,37.8254,-0.1837,A,relation-reasoning-agent-eval-v3.1
2026-08-10T05:30:00+09:00,CMP-S03-L05-01,S03,S03-L05,1,running,175.1693,416.7234,100.246,35.8366,-0.9138,A,relation-reasoning-agent-eval-v3.1
2026-08-10T05:40:00+09:00,CMP-S03-L01-01,S03,S03-L01,1,running,192.1366,439.2984,103.051,39.522,-0.3756,A,relation-reasoning-agent-eval-v3.1
2026-08-10T05:40:00+09:00,CMP-S03-L02-01,S03,S03-L02,1,running,175.3023,386.7748,97.5115,40.2106,-0.2985,A,relation-reasoning-agent-eval-v3.1
2026-08-10T05:40:00+09:00,CMP-S03-L03-01,S03,S03-L03,1,running,171.8504,415.8155,90.6627,29.4377,-1.7472,B,relation-reasoning-agent-eval-v3.1
2026-08-10T05:40:00+09:00,CMP-S03-L04-01,S03,S03-L04,1,running,174.2468,448.8209,107.0489,38.3978,-0.0777,A,relation-reasoning-agent-eval-v3.1
2026-08-10T05:40:00+09:00,CMP-S03-L05-01,S03,S03-L05,1,running,176.5844,442.1728,104.0827,37.9395,-0.5243,A,relation-reasoning-agent-eval-v3.1
2026-08-10T05:50:00+09:00,CMP-S03-L01-01,S03,S03-L01,1,running,181.2961,488.2204,101.8992,35.3088,-1.1558,B,relation-reasoning-agent-eval-v3.1
2026-08-10T05:50:00+09:00,CMP-S03-L02-01,S03,S03-L02,1,running,188.4639,384.073,103.0062,39.6405,-0.4041,A,relation-reasoning-agent-eval-v3.1
2026-08-10T05:50:00+09:00,CMP-S03-L03-01,S03,S03-L03,1,running,170.9043,466.3396,85.5128,35.6233,-0.6017,A,relation-reasoning-agent-eval-v3.1
2026-08-10T05:50:00+09:00,CMP-S03-L04-01,S03,S03-L04,1,running,160.5466,452.099,110.0215,34.4064,-0.8168,A,relation-reasoning-agent-eval-v3.1
2026-08-10T05:50:00+09:00,CMP-S03-L05-01,S03,S03-L05,1,running,176.9531,465.1211,99.2342,36.7014,-0.7536,A,relation-reasoning-agent-eval-v3.1
2026-08-10T06:00:00+09:00,CMP-S03-L01-01,S03,S03-L01,1,running,185.788,478.3081,100.9175,33.2114,-1.5442,B,relation-reasoning-agent-eval-v3.1
2026-08-10T06:00:00+09:00,CMP-S03-L02-01,S03,S03-L02,1,running,184.2599,377.4207,108.2764,36.5911,-0.9688,A,relation-reasoning-agent-eval-v3.1
2026-08-10T06:00:00+09:00,CMP-S03-L03-01,S03,S03-L03,1,running,179.6722,437.2094,87.1781,30.7179,-1.5101,B,relation-reasoning-agent-eval-v3.1
2026-08-10T06:00:00+09:00,CMP-S03-L04-01,S03,S03-L04,1,running,167.708,460.9181,110.4998,34.6707,-0.7679,A,relation-reasoning-agent-eval-v3.1
2026-08-10T06:00:00+09:00,CMP-S03-L05-01,S03,S03-L05,1,running,166.1933,475.5442,101.0925,34.763,-1.1126,B,relation-reasoning-agent-eval-v3.1
2026-08-10T06:10:00+09:00,CMP-S03-L01-01,S03,S03-L01,1,running,170.1773,456.9511,103.324,31.9577,-1.7764,B,relation-reasoning-agent-eval-v3.1
2026-08-10T06:10:00+09:00,CMP-S03-L02-01,S03,S03-L02,1,running,188.453,429.0094,101.9659,32.2598,-1.7709,B,relation-reasoning-agent-eval-v3.1
2026-08-10T06:10:00+09:00,CMP-S03-L03-01,S03,S03-L03,1,running,178.4201,473.4652,92.6398,24.8503,-2.5967,C,relation-reasoning-agent-eval-v3.1
2026-08-10T06:10:00+09:00,CMP-S03-L04-01,S03,S03-L04,1,running,147.0254,452.9725,100.3121,32.3991,-1.1886,B,relation-reasoning-agent-eval-v3.1
2026-08-10T06:10:00+09:00,CMP-S03-L05-01,S03,S03-L05,1,running,160.7551,509.5854,101.7762,31.2266,-1.7675,B,relation-reasoning-agent-eval-v3.1
2026-08-10T06:20:00+09:00,CMP-S03-L01-01,S03,S03-L01,1,running,172.5543,460.9239,104.0837,24.1927,-3.2144,D,relation-reasoning-agent-eval-v3.1
2026-08-10T06:20:00+09:00,CMP-S03-L02-01,S03,S03-L02,1,running,184.9082,460.9734,102.6101,32.5733,-1.7128,B,relation-reasoning-agent-eval-v3.1
2026-08-10T06:20:00+09:00,CMP-S03-L03-01,S03,S03-L03,1,running,179.8326,462.6883,88.8208,25.7195,-2.4357,C,relation-reasoning-agent-eval-v3.1
2026-08-10T06:20:00+09:00,CMP-S03-L04-01,S03,S03-L04,1,running,147.0661,483.5911,106.5842,28.3358,-1.941,B,relation-reasoning-agent-eval-v3.1
2026-08-10T06:20:00+09:00,CMP-S03-L05-01,S03,S03-L05,1,running,154.7036,431.6586,102.8455,39.1649,-0.2974,A,relation-reasoning-agent-eval-v3.1
2026-08-10T06:30:00+09:00,CMP-S03-L01-01,S03,S03-L01,1,running,167.9858,408.6608,102.9289,29.9365,-2.1507,C,relation-reasoning-agent-eval-v3.1
2026-08-10T06:30:00+09:00,CMP-S03-L02-01,S03,S03-L02,1,running,178.2165,447.2227,107.1204,39.122,-0.5001,A,relation-reasoning-agent-eval-v3.1
2026-08-10T06:30:00+09:00,CMP-S03-L03-01,S03,S03-L03,1,running,172.6497,440.8891,93.3241,21.0756,-3.2957,D,relation-reasoning-agent-eval-v3.1
2026-08-10T06:30:00+09:00,CMP-S03-L04-01,S03,S03-L04,1,running,159.2662,457.216,102.3152,26.8005,-2.2253,C,relation-reasoning-agent-eval-v3.1
2026-08-10T06:30:00+09:00,CMP-S03-L05-01,S03,S03-L05,1,running,176.6165,406.563,99.6995,37.9559,-0.5213,A,relation-reasoning-agent-eval-v3.1
2026-08-10T06:40:00+09:00,CMP-S03-L01-01,S03,S03-L01,1,running,165.5166,399.7984,105.2316,32.2203,-1.7277,B,relation-reasoning-agent-eval-v3.1
2026-08-10T06:40:00+09:00,CMP-S03-L02-01,S03,S03-L02,1,running,182.4949,440.0704,107.5368,40.5724,-0.2315,A,relation-reasoning-agent-eval-v3.1
2026-08-10T06:40:00+09:00,CMP-S03-L03-01,S03,S03-L03,1,running,178.8477,434.8158,96.81,24.8209,-2.6021,C,relation-reasoning-agent-eval-v3.1
2026-08-10T06:40:00+09:00,CMP-S03-L04-01,S03,S03-L04,1,running,161.2515,452.6756,107.1769,27.5233,-2.0915,C,relation-reasoning-agent-eval-v3.1
2026-08-10T06:40:00+09:00,CMP-S03-L05-01,S03,S03-L05,1,running,177.2875,460.9337,94.7201,43.8442,0.5691,A,relation-reasoning-agent-eval-v3.1
2026-08-10T06:50:00+09:00,CMP-S03-L01-01,S03,S03-L01,1,running,154.2886,421.9157,98.9882,36.0498,-1.0186,B,relation-reasoning-agent-eval-v3.1
2026-08-10T06:50:00+09:00,CMP-S03-L02-01,S03,S03-L02,1,running,185.385,438.9878,107.0321,39.0907,-0.5059,A,relation-reasoning-agent-eval-v3.1
2026-08-10T06:50:00+09:00,CMP-S03-L03-01,S03,S03-L03,1,running,179.7326,392.9824,98.4534,26.1342,-2.3589,C,relation-reasoning-agent-eval-v3.1
2026-08-10T06:50:00+09:00,CMP-S03-L04-01,S03,S03-L04,1,running,172.1095,455.4308,96.6943,30.032,-1.6269,B,relation-reasoning-agent-eval-v3.1
2026-08-10T06:50:00+09:00,CMP-S03-L05-01,S03,S03-L05,1,running,178.9856,504.7527,102.0608,50.3574,1.7753,B,relation-reasoning-agent-eval-v3.1
2026-08-10T07:00:00+09:00,CMP-S03-L01-01,S03,S03-L01,1,running,157.86,426.3852,98.2007,32.4845,-1.6788,B,relation-reasoning-agent-eval-v3.1
2026-08-10T07:00:00+09:00,CMP-S03-L02-01,S03,S03-L02,1,running,181.9286,454.5697,108.4125,40.0264,-0.3326,A,relation-reasoning-agent-eval-v3.1
2026-08-10T07:00:00+09:00,CMP-S03-L03-01,S03,S03-L03,1,running,185.2219,413.9831,99.4638,23.5356,-2.8402,C,relation-reasoning-agent-eval-v3.1
2026-08-10T07:00:00+09:00,CMP-S03-L04-01,S03,S03-L04,1,running,169.9011,473.3701,100.5373,31.9707,-1.2679,B,relation-reasoning-agent-eval-v3.1
2026-08-10T07:00:00+09:00,CMP-S03-L05-01,S03,S03-L05,1,running,183.9148,486.9879,102.9333,48.1244,1.3618,B,relation-reasoning-agent-eval-v3.1
2026-08-10T07:10:00+09:00,CMP-S03-L01-01,S03,S03-L01,1,running,181.3033,426.9356,100.8816,36.1176,-1.006,B,relation-reasoning-agent-eval-v3.1
2026-08-10T07:10:00+09:00,CMP-S03-L02-01,S03,S03-L02,1,running,181.536,493.7686,108.867,35.9222,-1.0927,B,relation-reasoning-agent-eval-v3.1
2026-08-10T07:10:00+09:00,CMP-S03-L03-01,S03,S03-L03,1,running,184.8696,435.5407,94.0806,25.5065,-2.4752,C,relation-reasoning-agent-eval-v3.1
2026-08-10T07:10:00+09:00,CMP-S03-L04-01,S03,S03-L04,1,running,189.6226,495.9229,102.2255,33.6105,-0.9642,A,relation-reasoning-agent-eval-v3.1
2026-08-10T07:10:00+09:00,CMP-S03-L05-01,S03,S03-L05,1,running,176.0935,467.0627,97.224,47.9338,1.3265,B,relation-reasoning-agent-eval-v3.1
2026-08-10T07:20:00+09:00,CMP-S03-L01-01,S03,S03-L01,1,running,190.291,451.6824,94.0669,35.1743,-1.1807,B,relation-reasoning-agent-eval-v3.1
2026-08-10T07:20:00+09:00,CMP-S03-L02-01,S03,S03-L02,1,running,184.6218,492.8135,108.3805,36.2417,-1.0335,B,relation-reasoning-agent-eval-v3.1
2026-08-10T07:20:00+09:00,CMP-S03-L03-01,S03,S03-L03,1,running,185.1719,410.671,91.4498,24.4505,-2.6707,C,relation-reasoning-agent-eval-v3.1
2026-08-10T07:20:00+09:00,CMP-S03-L04-01,S03,S03-L04,1,running,172.0194,542.5965,104.1722,37.8737,-0.1748,A,relation-reasoning-agent-eval-v3.1
2026-08-10T07:20:00+09:00,CMP-S03-L05-01,S03,S03-L05,1,running,192.6187,507.6332,102.1479,47.7884,1.2995,B,relation-reasoning-agent-eval-v3.1
2026-08-10T07:30:00+09:00,CMP-S03-L01-01,S03,S03-L01,1,running,187.1172,500.8454,97.2941,34.9177,-1.2282,B,relation-reasoning-agent-eval-v3.1
2026-08-10T07:30:00+09:00,CMP-S03-L02-01,S03,S03-L02,1,running,181.6128,472.4728,102.3664,37.2373,-0.8491,A,relation-reasoning-agent-eval-v3.1
2026-08-10T07:30:00+09:00,CMP-S03-L03-01,S03,S03-L03,1,running,189.7406,394.1305,91.866,25.5984,-2.4582,C,relation-reasoning-agent-eval-v3.1
2026-08-10T07:30:00+09:00,CMP-S03-L04-01,S03,S03-L04,1,running,168.1126,540.5279,99.2189,43.981,0.9562,A,relation-reasoning-agent-eval-v3.1
2026-08-10T07:30:00+09:00,CMP-S03-L05-01,S03,S03-L05,1,running,197.1891,460.672,94.8561,42.9958,0.412,A,relation-reasoning-agent-eval-v3.1
2026-08-10T07:40:00+09:00,CMP-S03-L01-01,S03,S03-L01,1,running,181.8699,445.7698,93.4326,36.2155,-0.9879,A,relation-reasoning-agent-eval-v3.1
2026-08-10T07:40:00+09:00,CMP-S03-L02-01,S03,S03-L02,1,running,183.9134,466.0443,103.4758,37.2733,-0.8425,A,relation-reasoning-agent-eval-v3.1
2026-08-10T07:40:00+09:00,CMP-S03-L03-01,S03,S03-L03,1,running,185.8198,427.6385,93.8849,26.591,-2.2743,C,relation-reasoning-agent-eval-v3.1
2026-08-10T07:40:00+09:00,CMP-S03-L04-01,S03,S03-L04,1,running,155.4898,518.3932,102.4436,44.494,1.0512,B,relation-reasoning-agent-eval-v3.1
2026-08-10T07:40:00+09:00,CMP-S03-L05-01,S03,S03-L05,1,running,199.0912,422.0072,100.1049,39.6825,-0.2016,A,relation-reasoning-agent-eval-v3.1
2026-08-10T07:50:00+09:00,CMP-S03-L01-01,S03,S03-L01,1,running,183.9738,438.8572,98.6067,42.4199,0.161,A,relation-reasoning-agent-eval-v3.1
2026-08-10T07:50:00+09:00,CMP-S03-L02-01,S03,S03-L02,1,running,164.1868,440.4699,96.3218,39.2473,-0.4769,A,relation-reasoning-agent-eval-v3.1
2026-08-10T07:50:00+09:00,CMP-S03-L03-01,S03,S03-L03,1,running,178.5978,419.6988,88.8103,30.5485,-1.5415,B,relation-reasoning-agent-eval-v3.1
2026-08-10T07:50:00+09:00,CMP-S03-L04-01,S03,S03-L04,1,running,147.548,499.7043,101.5621,41.2156,0.4441,A,relation-reasoning-agent-eval-v3.1
2026-08-10T07:50:00+09:00,CMP-S03-L05-01,S03,S03-L05,1,running,183.1637,470.4132,105.8758,37.6498,-0.578,A,relation-reasoning-agent-eval-v3.1
2026-08-10T08:00:00+09:00,CMP-S03-L01-01,S03,S03-L01,1,running,188.9289,469.1178,99.3594,39.8411,-0.3165,A,relation-reasoning-agent-eval-v3.1
2026-08-10T08:00:00+09:00,CMP-S03-L02-01,S03,S03-L02,1,running,162.9818,453.3591,103.893,42.1524,0.0611,A,relation-reasoning-agent-eval-v3.1
2026-08-10T08:00:00+09:00,CMP-S03-L03-01,S03,S03-L03,1,running,174.961,440.8194,87.6392,28.1996,-1.9765,B,relation-reasoning-agent-eval-v3.1
2026-08-10T08:00:00+09:00,CMP-S03-L04-01,S03,S03-L04,1,running,139.7768,455.5956,103.9425,38.0065,-0.1502,A,relation-reasoning-agent-eval-v3.1
2026-08-10T08:00:00+09:00,CMP-S03-L05-01,S03,S03-L05,1,running,168.5254,473.5949,111.7908,38.8799,-0.3502,A,relation-reasoning-agent-eval-v3.1
2026-08-10T08:10:00+09:00,CMP-S03-L01-01,S03,S03-L01,1,running,210.0587,450.2059,98.4617,36.519,-0.9317,A,relation-reasoning-agent-eval-v3.1
2026-08-10T08:10:00+09:00,CMP-S03-L02-01,S03,S03-L02,1,running,158.1795,474.2461,111.4205,33.1306,-1.6096,B,relation-reasoning-agent-eval-v3.1
2026-08-10T08:10:00+09:00,CMP-S03-L03-01,S03,S03-L03,1,running,159.6512,429.6445,88.0072,33.6899,-0.9597,A,relation-reasoning-agent-eval-v3.1
2026-08-10T08:10:00+09:00,CMP-S03-L04-01,S03,S03-L04,1,running,139.971,467.2617,102.6375,43.9125,0.9436,A,relation-reasoning-agent-eval-v3.1
2026-08-10T08:10:00+09:00,CMP-S03-L05-01,S03,S03-L05,1,running,175.2388,465.7851,111.2053,38.5791,-0.4059,A,relation-reasoning-agent-eval-v3.1
2026-08-10T08:20:00+09:00,CMP-S03-L01-01,S03,S03-L01,1,running,198.0621,437.3406,104.716,40.7005,-0.1573,A,relation-reasoning-agent-eval-v3.1
2026-08-10T08:20:00+09:00,CMP-S03-L02-01,S03,S03-L02,1,running,165.1099,486.442,109.2042,31.1477,-1.9768,B,relation-reasoning-agent-eval-v3.1
2026-08-10T08:20:00+09:00,CMP-S03-L03-01,S03,S03-L03,1,running,167.4539,436.6723,91.3113,43.5244,0.8615,A,relation-reasoning-agent-eval-v3.1
2026-08-10T08:20:00+09:00,CMP-S03-L04-01,S03,S03-L04,1,running,136.6906,459.6744,101.1199,45.685,1.2718,B,relation-reasoning-agent-eval-v3.1
2026-08-10T08:20:00+09:00,CMP-S03-L05-01,S03,S03-L05,1,running,183.1348,472.9657,108.2382,41.6722,0.1669,A,relation-reasoning-agent-eval-v3.1
2026-08-10T08:30:00+09:00,CMP-S03-L01-01,S03,S03-L01,1,running,171.3541,442.065,101.9183,43.7904,0.4149,A,relation-reasoning-agent-eval-v3.1
2026-08-10T08:30:00+09:00,CMP-S03-L02-01,S03,S03-L02,1,running,165.0837,515.6503,103.7444,36.5734,-0.9721,A,relation-reasoning-agent-eval-v3.1
2026-08-10T08:30:00+09:00,CMP-S03-L03-01,S03,S03-L03,1,running,160.0529,470.7165,95.5942,48.1455,1.7172,B,relation-reasoning-agent-eval-v3.1
2026-08-10T08:30:00+09:00,CMP-S03-L04-01,S03,S03-L04,1,running,150.4311,478.1483,105.8169,44.9444,1.1346,B,relation-reasoning-agent-eval-v3.1
2026-08-10T08:30:00+09:00,CMP-S03-L05-01,S03,S03-L05,1,running,168.2934,482.0753,103.4221,41.5595,0.146,A,relation-reasoning-agent-eval-v3.1
2026-08-10T08:40:00+09:00,CMP-S03-L01-01,S03,S03-L01,1,running,182.8016,448.0972,100.2878,43.7868,0.4142,A,relation-reasoning-agent-eval-v3.1
2026-08-10T08:40:00+09:00,CMP-S03-L02-01,S03,S03-L02,1,running,180.1832,453.9418,99.6174,35.6675,-1.1398,B,relation-reasoning-agent-eval-v3.1
2026-08-10T08:40:00+09:00,CMP-S03-L03-01,S03,S03-L03,1,running,156.9337,462.7044,93.8295,47.0014,1.5054,B,relation-reasoning-agent-eval-v3.1
2026-08-10T08:40:00+09:00,CMP-S03-L04-01,S03,S03-L04,1,running,152.8315,485.1781,104.1294,44.0902,0.9765,A,relation-reasoning-agent-eval-v3.1
2026-08-10T08:40:00+09:00,CMP-S03-L05-01,S03,S03-L05,1,running,151.4917,490.9128,104.5365,43.9559,0.5898,A,relation-reasoning-agent-eval-v3.1
2026-08-10T08:50:00+09:00,CMP-S03-L01-01,S03,S03-L01,1,running,186.3467,458.5412,92.1277,41.3446,-0.0381,A,relation-reasoning-agent-eval-v3.1
2026-08-10T08:50:00+09:00,CMP-S03-L02-01,S03,S03-L02,1,running,174.3387,438.338,99.185,33.1434,-1.6073,B,relation-reasoning-agent-eval-v3.1
2026-08-10T08:50:00+09:00,CMP-S03-L03-01,S03,S03-L03,1,running,151.2506,469.2921,91.1557,46.5449,1.4208,B,relation-reasoning-agent-eval-v3.1
2026-08-10T08:50:00+09:00,CMP-S03-L04-01,S03,S03-L04,1,running,142.2302,463.7234,113.7396,42.1272,0.6129,A,relation-reasoning-agent-eval-v3.1
2026-08-10T08:50:00+09:00,CMP-S03-L05-01,S03,S03-L05,1,running,165.7365,440.4216,100.2947,48.0061,1.3398,B,relation-reasoning-agent-eval-v3.1
2026-08-10T09:00:00+09:00,CMP-S03-L01-01,S03,S03-L01,1,running,177.5684,464.4125,85.1353,39.854,-0.3141,A,relation-reasoning-agent-eval-v3.1
2026-08-10T09:00:00+09:00,CMP-S03-L02-01,S03,S03-L02,1,running,170.8169,446.7908,99.2923,35.2374,-1.2195,B,relation-reasoning-agent-eval-v3.1
2026-08-10T09:00:00+09:00,CMP-S03-L03-01,S03,S03-L03,1,running,159.1758,428.9152,90.5285,45.9082,1.3029,B,relation-reasoning-agent-eval-v3.1
2026-08-10T09:00:00+09:00,CMP-S03-L04-01,S03,S03-L04,1,running,148.8089,446.6578,118.8389,41.454,0.4883,A,relation-reasoning-agent-eval-v3.1
2026-08-10T09:00:00+09:00,CMP-S03-L05-01,S03,S03-L05,1,running,179.0648,465.0519,104.8504,45.2872,0.8363,A,relation-reasoning-agent-eval-v3.1
2026-08-10T09:10:00+09:00,CMP-S03-L01-01,S03,S03-L01,1,running,169.6337,421.6588,88.5522,34.5152,-1.3028,B,relation-reasoning-agent-eval-v3.1
2026-08-10T09:10:00+09:00,CMP-S03-L02-01,S03,S03-L02,1,running,167.4469,435.0064,101.9033,34.0045,-1.4478,B,relation-reasoning-agent-eval-v3.1
2026-08-10T09:10:00+09:00,CMP-S03-L03-01,S03,S03-L03,1,running,139.0089,349.7408,91.0816,45.3106,1.1923,B,relation-reasoning-agent-eval-v3.1
2026-08-10T09:10:00+09:00,CMP-S03-L04-01,S03,S03-L04,1,running,154.293,438.7878,118.6725,37.817,-0.1852,A,relation-reasoning-agent-eval-v3.1
2026-08-10T09:10:00+09:00,CMP-S03-L05-01,S03,S03-L05,1,running,182.6344,413.9779,98.8946,45.31,0.8406,A,relation-reasoning-agent-eval-v3.1
2026-08-10T09:20:00+09:00,CMP-S03-L01-01,S03,S03-L01,1,running,170.735,427.1897,93.9922,36.2928,-0.9736,A,relation-reasoning-agent-eval-v3.1
2026-08-10T09:20:00+09:00,CMP-S03-L02-01,S03,S03-L02,1,running,175.2392,481.7977,98.1525,41.6365,-0.0345,A,relation-reasoning-agent-eval-v3.1
2026-08-10T09:20:00+09:00,CMP-S03-L03-01,S03,S03-L03,1,running,149.2942,387.4115,91.6387,47.2088,1.5438,B,relation-reasoning-agent-eval-v3.1
2026-08-10T09:20:00+09:00,CMP-S03-L04-01,S03,S03-L04,1,running,144.1134,474.2187,117.8822,43.6816,0.9008,A,relation-reasoning-agent-eval-v3.1
2026-08-10T09:20:00+09:00,CMP-S03-L05-01,S03,S03-L05,1,running,175.8793,426.5487,99.6285,45.1442,0.8099,A,relation-reasoning-agent-eval-v3.1
2026-08-10T09:30:00+09:00,CMP-S03-L01-01,S03,S03-L01,1,running,163.4954,409.806,99.5344,36.6212,-0.9128,A,relation-reasoning-agent-eval-v3.1
2026-08-10T09:30:00+09:00,CMP-S03-L02-01,S03,S03-L02,1,running,162.3142,459.1158,92.1388,43.8872,0.3823,A,relation-reasoning-agent-eval-v3.1
2026-08-10T09:30:00+09:00,CMP-S03-L03-01,S03,S03-L03,1,running,144.7985,394.2514,97.6247,42.0768,0.5934,A,relation-reasoning-agent-eval-v3.1
2026-08-10T09:30:00+09:00,CMP-S03-L04-01,S03,S03-L04,1,running,151.7451,459.9501,119.89,42.33,0.6505,A,relation-reasoning-agent-eval-v3.1
2026-08-10T09:30:00+09:00,CMP-S03-L05-01,S03,S03-L05,1,running,178.8028,459.1813,102.7322,43.2873,0.466,A,relation-reasoning-agent-eval-v3.1
2026-08-10T09:40:00+09:00,CMP-S03-L01-01,S03,S03-L01,1,running,172.8586,366.8989,98.962,36.9355,-0.8546,A,relation-reasoning-agent-eval-v3.1
2026-08-10T09:40:00+09:00,CMP-S03-L02-01,S03,S03-L02,1,running,150.6994,464.4717,93.2454,45.2803,0.6403,A,relation-reasoning-agent-eval-v3.1
2026-08-10T09:40:00+09:00,CMP-S03-L03-01,S03,S03-L03,1,running,155.9845,374.5377,102.2493,37.8859,-0.1827,A,relation-reasoning-agent-eval-v3.1
2026-08-10T09:40:00+09:00,CMP-S03-L04-01,S03,S03-L04,1,running,177.9465,477.3095,115.1745,38.7902,-0.005,A,relation-reasoning-agent-eval-v3.1
2026-08-10T09:40:00+09:00,CMP-S03-L05-01,S03,S03-L05,1,running,175.4535,476.7405,104.1392,43.7752,0.5563,A,relation-reasoning-agent-eval-v3.1
2026-08-10T09:50:00+09:00,CMP-S03-L01-01,S03,S03-L01,1,running,173.0659,424.9063,96.7085,36.7472,-0.8894,A,relation-reasoning-agent-eval-v3.1
2026-08-10T09:50:00+09:00,CMP-S03-L02-01,S03,S03-L02,1,running,164.0746,396.291,99.1016,52.1421,1.911,B,relation-reasoning-agent-eval-v3.1
2026-08-10T09:50:00+09:00,CMP-S03-L03-01,S03,S03-L03,1,running,151.6737,433.1738,107.2007,37.3338,-0.2849,A,relation-reasoning-agent-eval-v3.1
2026-08-10T09:50:00+09:00,CMP-S03-L04-01,S03,S03-L04,1,running,174.8025,479.3838,109.7906,43.8699,0.9357,A,relation-reasoning-agent-eval-v3.1
2026-08-10T09:50:00+09:00,CMP-S03-L05-01,S03,S03-L05,1,running,185.084,469.8915,105.8693,42.1072,0.2475,A,relation-reasoning-agent-eval-v3.1
2026-08-10T10:00:00+09:00,CMP-S03-L01-01,S03,S03-L01,1,running,181.7791,448.0528,96.3692,32.053,-1.7587,B,relation-reasoning-agent-eval-v3.1
2026-08-10T10:00:00+09:00,CMP-S03-L02-01,S03,S03-L02,1,running,167.5651,423.1457,100.4918,48.6792,1.2697,B,relation-reasoning-agent-eval-v3.1
2026-08-10T10:00:00+09:00,CMP-S03-L03-01,S03,S03-L03,1,running,156.4619,442.542,105.7191,32.0418,-1.2649,B,relation-reasoning-agent-eval-v3.1
2026-08-10T10:00:00+09:00,CMP-S03-L04-01,S03,S03-L04,1,running,154.5989,506.7941,108.6275,45.2013,1.1822,B,relation-reasoning-agent-eval-v3.1
2026-08-10T10:00:00+09:00,CMP-S03-L05-01,S03,S03-L05,1,running,180.1002,435.572,112.4609,46.4408,1.05,B,relation-reasoning-agent-eval-v3.1
2026-08-10T10:10:00+09:00,CMP-S03-L01-01,S03,S03-L01,1,running,169.2327,481.9592,90.4929,37.7397,-0.7056,A,relation-reasoning-agent-eval-v3.1
2026-08-10T10:10:00+09:00,CMP-S03-L02-01,S03,S03-L02,1,running,173.5786,437.2706,105.976,48.2392,1.1883,B,relation-reasoning-agent-eval-v3.1
2026-08-10T10:10:00+09:00,CMP-S03-L03-01,S03,S03-L03,1,running,160.1368,390.4817,107.7106,33.9269,-0.9158,A,relation-reasoning-agent-eval-v3.1
2026-08-10T10:10:00+09:00,CMP-S03-L04-01,S03,S03-L04,1,running,142.3257,478.7531,112.1477,45.6208,1.2599,B,relation-reasoning-agent-eval-v3.1
2026-08-10T10:10:00+09:00,CMP-S03-L05-01,S03,S03-L05,1,running,184.0681,428.6982,107.0685,46.74,1.1054,B,relation-reasoning-agent-eval-v3.1
2026-08-10T10:20:00+09:00,CMP-S03-L01-01,S03,S03-L01,1,running,168.4142,418.0974,89.7425,36.2385,-0.9836,A,relation-reasoning-agent-eval-v3.1
2026-08-10T10:20:00+09:00,CMP-S03-L02-01,S03,S03-L02,1,running,182.0769,426.9522,107.3796,47.731,1.0941,B,relation-reasoning-agent-eval-v3.1
2026-08-10T10:20:00+09:00,CMP-S03-L03-01,S03,S03-L03,1,running,154.8289,405.4882,103.1237,36.7819,-0.3871,A,relation-reasoning-agent-eval-v3.1
2026-08-10T10:20:00+09:00,CMP-S03-L04-01,S03,S03-L04,1,running,160.5757,434.8079,109.2555,41.9807,0.5858,A,relation-reasoning-agent-eval-v3.1
2026-08-10T10:20:00+09:00,CMP-S03-L05-01,S03,S03-L05,1,running,171.138,462.0423,106.9121,43.0839,0.4283,A,relation-reasoning-agent-eval-v3.1
2026-08-10T10:30:00+09:00,CMP-S03-L01-01,S03,S03-L01,1,running,172.8943,378.8626,94.0796,38.1933,-0.6216,A,relation-reasoning-agent-eval-v3.1
2026-08-10T10:30:00+09:00,CMP-S03-L02-01,S03,S03-L02,1,running,192.2054,485.759,106.3336,45.9163,0.7581,A,relation-reasoning-agent-eval-v3.1
2026-08-10T10:30:00+09:00,CMP-S03-L03-01,S03,S03-L03,1,running,167.1481,431.9119,107.6825,30.6136,-1.5294,B,relation-reasoning-agent-eval-v3.1
2026-08-10T10:30:00+09:00,CMP-S03-L04-01,S03,S03-L04,1,running,156.949,468.3644,112.6642,42.3625,0.6565,A,relation-reasoning-agent-eval-v3.1
2026-08-10T10:30:00+09:00,CMP-S03-L05-01,S03,S03-L05,1,running,196.6013,407.2793,106.5548,42.1139,0.2487,A,relation-reasoning-agent-eval-v3.1
2026-08-10T10:40:00+09:00,CMP-S03-L01-01,S03,S03-L01,1,running,177.01,366.7291,91.1492,40.2445,-0.2418,A,relation-reasoning-agent-eval-v3.1
2026-08-10T10:40:00+09:00,CMP-S03-L02-01,S03,S03-L02,1,running,176.4412,467.2296,111.6959,41.2349,-0.1088,A,relation-reasoning-agent-eval-v3.1
2026-08-10T10:40:00+09:00,CMP-S03-L03-01,S03,S03-L03,1,running,162.0196,437.2519,104.3348,32.1662,-1.2419,B,relation-reasoning-agent-eval-v3.1
2026-08-10T10:40:00+09:00,CMP-S03-L04-01,S03,S03-L04,1,running,147.7823,509.5729,105.7556,37.1933,-0.3007,A,relation-reasoning-agent-eval-v3.1
2026-08-10T10:40:00+09:00,CMP-S03-L05-01,S03,S03-L05,1,running,169.6223,444.1814,102.7417,34.6832,-1.1274,B,relation-reasoning-agent-eval-v3.1
2026-08-10T10:50:00+09:00,CMP-S03-L01-01,S03,S03-L01,1,running,168.823,432.8491,85.4489,43.5321,0.367,A,relation-reasoning-agent-eval-v3.1
2026-08-10T10:50:00+09:00,CMP-S03-L02-01,S03,S03-L02,1,running,171.3105,437.7004,106.6149,41.7349,-0.0163,A,relation-reasoning-agent-eval-v3.1
2026-08-10T10:50:00+09:00,CMP-S03-L03-01,S03,S03-L03,1,running,182.5145,413.8897,100.3548,30.4564,-1.5585,B,relation-reasoning-agent-eval-v3.1
2026-08-10T10:50:00+09:00,CMP-S03-L04-01,S03,S03-L04,1,running,131.4495,518.5708,96.5284,38.9985,0.0336,A,relation-reasoning-agent-eval-v3.1
2026-08-10T10:50:00+09:00,CMP-S03-L05-01,S03,S03-L05,1,running,180.3666,409.4696,101.7154,30.206,-1.9565,B,relation-reasoning-agent-eval-v3.1
2026-08-10T11:00:00+09:00,CMP-S03-L01-01,S03,S03-L01,1,running,146.9471,390.3711,91.3078,40.8165,-0.1359,A,relation-reasoning-agent-eval-v3.1
2026-08-10T11:00:00+09:00,CMP-S03-L02-01,S03,S03-L02,1,running,186.0755,436.9233,108.0004,48.7684,1.2863,B,relation-reasoning-agent-eval-v3.1
2026-08-10T11:00:00+09:00,CMP-S03-L03-01,S03,S03-L03,1,running,181.2834,420.282,113.3893,30.9989,-1.4581,B,relation-reasoning-agent-eval-v3.1
2026-08-10T11:00:00+09:00,CMP-S03-L04-01,S03,S03-L04,1,running,141.3054,478.0652,91.9147,39.5572,0.137,A,relation-reasoning-agent-eval-v3.1
2026-08-10T11:00:00+09:00,CMP-S03-L05-01,S03,S03-L05,1,running,158.5683,448.5044,97.1692,40.9947,0.0414,A,relation-reasoning-agent-eval-v3.1
2026-08-10T11:10:00+09:00,CMP-S03-L01-01,S03,S03-L01,1,running,150.9813,377.0042,95.7504,38.4049,-0.5825,A,relation-reasoning-agent-eval-v3.1
2026-08-10T11:10:00+09:00,CMP-S03-L02-01,S03,S03-L02,1,running,168.4341,417.4901,108.6838,42.7963,0.1803,A,relation-reasoning-agent-eval-v3.1
2026-08-10T11:10:00+09:00,CMP-S03-L03-01,S03,S03-L03,1,running,179.1873,457.1718,110.4987,39.5576,0.1269,A,relation-reasoning-agent-eval-v3.1
2026-08-10T11:10:00+09:00,CMP-S03-L04-01,S03,S03-L04,1,running,169.2886,468.6988,102.8656,42.1732,0.6215,A,relation-reasoning-agent-eval-v3.1
2026-08-10T11:10:00+09:00,CMP-S03-L05-01,S03,S03-L05,1,running,163.909,489.4379,98.8948,44.2868,0.6511,A,relation-reasoning-agent-eval-v3.1
2026-08-10T11:20:00+09:00,CMP-S03-L01-01,S03,S03-L01,1,running,158.4402,425.214,91.9867,41.0436,-0.0938,A,relation-reasoning-agent-eval-v3.1
2026-08-10T11:20:00+09:00,CMP-S03-L02-01,S03,S03-L02,1,running,173.8513,434.1523,107.4694,40.3915,-0.265,A,relation-reasoning-agent-eval-v3.1
2026-08-10T11:20:00+09:00,CMP-S03-L03-01,S03,S03-L03,1,running,179.306,432.6847,105.5312,37.6654,-0.2235,A,relation-reasoning-agent-eval-v3.1
2026-08-10T11:20:00+09:00,CMP-S03-L04-01,S03,S03-L04,1,running,176.479,499.8766,106.5864,40.7429,0.3566,A,relation-reasoning-agent-eval-v3.1
2026-08-10T11:20:00+09:00,CMP-S03-L05-01,S03,S03-L05,1,running,184.514,481.2048,98.9473,46.6607,1.0907,B,relation-reasoning-agent-eval-v3.1
2026-08-10T11:30:00+09:00,CMP-S03-L01-01,S03,S03-L01,1,running,169.7828,430.2718,93.4486,41.203,-0.0643,A,relation-reasoning-agent-eval-v3.1
2026-08-10T11:30:00+09:00,CMP-S03-L02-01,S03,S03-L02,1,running,185.51,435.7582,100.4799,38.799,-0.5599,A,relation-reasoning-agent-eval-v3.1
2026-08-10T11:30:00+09:00,CMP-S03-L03-01,S03,S03-L03,1,running,172.4683,424.471,104.1487,41.8375,0.5491,A,relation-reasoning-agent-eval-v3.1
2026-08-10T11:30:00+09:00,CMP-S03-L04-01,S03,S03-L04,1,running,181.5795,513.9242,110.5475,39.3681,0.102,A,relation-reasoning-agent-eval-v3.1
2026-08-10T11:30:00+09:00,CMP-S03-L05-01,S03,S03-L05,1,running,179.9392,403.7025,96.9713,44.2078,0.6365,A,relation-reasoning-agent-eval-v3.1
2026-08-10T11:40:00+09:00,CMP-S03-L01-01,S03,S03-L01,1,running,170.3688,452.0293,89.8705,42.9194,0.2536,A,relation-reasoning-agent-eval-v3.1
2026-08-10T11:40:00+09:00,CMP-S03-L02-01,S03,S03-L02,1,running,173.1445,455.5458,103.6322,39.2451,-0.4773,A,relation-reasoning-agent-eval-v3.1
2026-08-10T11:40:00+09:00,CMP-S03-L03-01,S03,S03-L03,1,running,168.092,433.2932,99.4792,37.1977,-0.3101,A,relation-reasoning-agent-eval-v3.1
2026-08-10T11:40:00+09:00,CMP-S03-L04-01,S03,S03-L04,1,running,169.224,526.7752,110.3546,34.7402,-0.755,A,relation-reasoning-agent-eval-v3.1
2026-08-10T11:40:00+09:00,CMP-S03-L05-01,S03,S03-L05,1,running,181.1759,418.8726,98.322,44.5765,0.7047,A,relation-reasoning-agent-eval-v3.1
2026-08-10T11:50:00+09:00,CMP-S03-L01-01,S03,S03-L01,1,running,180.2677,522.4346,85.2577,40.3861,-0.2156,A,relation-reasoning-agent-eval-v3.1
2026-08-10T11:50:00+09:00,CMP-S03-L02-01,S03,S03-L02,1,running,167.3217,436.5029,102.0989,46.2012,0.8109,A,relation-reasoning-agent-eval-v3.1
2026-08-10T11:50:00+09:00,CMP-S03-L03-01,S03,S03-L03,1,running,170.2049,409.6416,102.3884,40.9368,0.3823,A,relation-reasoning-agent-eval-v3.1
2026-08-10T11:50:00+09:00,CMP-S03-L04-01,S03,S03-L04,1,running,168.0959,525.5889,106.6364,38.1664,-0.1205,A,relation-reasoning-agent-eval-v3.1
2026-08-10T11:50:00+09:00,CMP-S03-L05-01,S03,S03-L05,1,running,181.8418,422.3382,97.1618,50.0218,1.7131,B,relation-reasoning-agent-eval-v3.1
2026-08-10T12:00:00+09:00,CMP-S03-L01-01,S03,S03-L01,1,running,174.1827,513.0486,89.2497,40.0206,-0.2833,A,relation-reasoning-agent-eval-v3.1
2026-08-10T12:00:00+09:00,CMP-S03-L02-01,S03,S03-L02,1,running,144.6704,428.3897,101.2751,40.342,-0.2742,A,relation-reasoning-agent-eval-v3.1
2026-08-10T12:00:00+09:00,CMP-S03-L03-01,S03,S03-L03,1,running,165.4306,426.8004,94.6741,40.6383,0.327,A,relation-reasoning-agent-eval-v3.1
2026-08-10T12:00:00+09:00,CMP-S03-L04-01,S03,S03-L04,1,running,181.1316,464.6887,107.2434,38.0175,-0.1481,A,relation-reasoning-agent-eval-v3.1
2026-08-10T12:00:00+09:00,CMP-S03-L05-01,S03,S03-L05,1,running,177.2642,449.3424,102.2671,49.6811,1.65,B,relation-reasoning-agent-eval-v3.1
2026-08-10T12:10:00+09:00,CMP-S03-L01-01,S03,S03-L01,1,running,173.4967,490.9431,88.3075,37.1588,-0.8132,A,relation-reasoning-agent-eval-v3.1
2026-08-10T12:10:00+09:00,CMP-S03-L02-01,S03,S03-L02,1,running,169.839,434.917,103.031,36.8988,-0.9118,A,relation-reasoning-agent-eval-v3.1
2026-08-10T12:10:00+09:00,CMP-S03-L03-01,S03,S03-L03,1,running,174.1571,459.149,89.5871,40.5091,0.3031,A,relation-reasoning-agent-eval-v3.1
2026-08-10T12:10:00+09:00,CMP-S03-L04-01,S03,S03-L04,1,running,176.954,429.5415,103.4338,39.8603,0.1931,A,relation-reasoning-agent-eval-v3.1
2026-08-10T12:10:00+09:00,CMP-S03-L05-01,S03,S03-L05,1,running,190.1652,482.0882,104.7557,52.0814,2.0945,C,relation-reasoning-agent-eval-v3.1
2026-08-10T12:20:00+09:00,CMP-S03-L01-01,S03,S03-L01,1,running,161.5593,428.3908,90.578,31.274,-1.903,B,relation-reasoning-agent-eval-v3.1
2026-08-10T12:20:00+09:00,CMP-S03-L02-01,S03,S03-L02,1,running,159.8669,453.6074,100.0141,40.2842,-0.2849,A,relation-reasoning-agent-eval-v3.1
2026-08-10T12:20:00+09:00,CMP-S03-L03-01,S03,S03-L03,1,running,167.9696,442.5775,94.3249,33.7154,-0.955,A,relation-reasoning-agent-eval-v3.1
2026-08-10T12:20:00+09:00,CMP-S03-L04-01,S03,S03-L04,1,running,173.8982,416.1193,95.4036,38.7281,-0.0165,A,relation-reasoning-agent-eval-v3.1
2026-08-10T12:20:00+09:00,CMP-S03-L05-01,S03,S03-L05,1,running,192.7542,468.3451,108.7324,47.7758,1.2972,B,relation-reasoning-agent-eval-v3.1
2026-08-10T12:30:00+09:00,CMP-S03-L01-01,S03,S03-L01,1,running,167.1595,400.4697,87.6935,36.1385,-1.0022,B,relation-reasoning-agent-eval-v3.1
2026-08-10T12:30:00+09:00,CMP-S03-L02-01,S03,S03-L02,1,running,159.3064,440.6525,99.7573,41.4961,-0.0605,A,relation-reasoning-agent-eval-v3.1
2026-08-10T12:30:00+09:00,CMP-S03-L03-01,S03,S03-L03,1,running,176.4317,374.7792,92.6301,33.6453,-0.968,A,relation-reasoning-agent-eval-v3.1
2026-08-10T12:30:00+09:00,CMP-S03-L04-01,S03,S03-L04,1,running,177.4886,414.5656,100.2712,45.4376,1.226,B,relation-reasoning-agent-eval-v3.1
2026-08-10T12:30:00+09:00,CMP-S03-L05-01,S03,S03-L05,1,running,168.1278,438.8468,105.0941,47.0283,1.1588,B,relation-reasoning-agent-eval-v3.1
2026-08-10T12:40:00+09:00,CMP-S03-L01-01,S03,S03-L01,1,running,171.3075,386.5801,97.8177,40.1146,-0.2658,A,relation-reasoning-agent-eval-v3.1
2026-08-10T12:40:00+09:00,CMP-S03-L02-01,S03,S03-L02,1,running,150.5013,461.0762,97.454,44.5151,0.4986,A,relation-reasoning-agent-eval-v3.1
2026-08-10T12:40:00+09:00,CMP-S03-L03-01,S03,S03-L03,1,running,191.5963,339.8193,93.4749,42.1742,0.6114,A,relation-reasoning-agent-eval-v3.1
2026-08-10T12:40:00+09:00,CMP-S03-L04-01,S03,S03-L04,1,running,191.3596,384.7828,100.4871,50.9901,2.2542,C,relation-reasoning-agent-eval-v3.1
2026-08-10T12:40:00+09:00,CMP-S03-L05-01,S03,S03-L05,1,running,167.161,438.988,98.6835,41.4515,0.126,A,relation-reasoning-agent-eval-v3.1
2026-08-10T12:50:00+09:00,CMP-S03-L01-01,S03,S03-L01,1,running,160.6414,436.405,97.2119,39.2492,-0.4261,A,relation-reasoning-agent-eval-v3.1
2026-08-10T12:50:00+09:00,CMP-S03-L02-01,S03,S03-L02,1,running,153.6548,466.1057,103.0813,42.5336,0.1317,A,relation-reasoning-agent-eval-v3.1
2026-08-10T12:50:00+09:00,CMP-S03-L03-01,S03,S03-L03,1,running,199.8542,358.8613,95.7865,45.3983,1.2085,B,relation-reasoning-agent-eval-v3.1
2026-08-10T12:50:00+09:00,CMP-S03-L04-01,S03,S03-L04,1,running,181.3423,378.6969,101.138,45.0754,1.1589,B,relation-reasoning-agent-eval-v3.1
2026-08-10T12:50:00+09:00,CMP-S03-L05-01,S03,S03-L05,1,running,169.0048,428.5925,98.1126,36.5588,-0.78,A,relation-reasoning-agent-eval-v3.1
2026-08-10T13:00:00+09:00,CMP-S03-L01-01,S03,S03-L01,1,running,166.261,425.7607,104.1198,38.9512,-0.4813,A,relation-reasoning-agent-eval-v3.1
2026-08-10T13:00:00+09:00,CMP-S03-L02-01,S03,S03-L02,1,running,151.7842,407.6152,103.6237,46.7497,0.9124,A,relation-reasoning-agent-eval-v3.1
2026-08-10T13:00:00+09:00,CMP-S03-L03-01,S03,S03-L03,1,running,202.9797,391.5802,94.8316,41.9643,0.5726,A,relation-reasoning-agent-eval-v3.1
2026-08-10T13:00:00+09:00,CMP-S03-L04-01,S03,S03-L04,1,running,169.8423,405.5422,109.99,35.648,-0.5869,A,relation-reasoning-agent-eval-v3.1
2026-08-10T13:00:00+09:00,CMP-S03-L05-01,S03,S03-L05,1,running,196.0122,394.3976,100.2939,37.3752,-0.6288,A,relation-reasoning-agent-eval-v3.1
2026-08-10T13:10:00+09:00,CMP-S03-L01-01,S03,S03-L01,1,running,160.2611,435.5976,105.1045,41.0246,-0.0973,A,relation-reasoning-agent-eval-v3.1
2026-08-10T13:10:00+09:00,CMP-S03-L02-01,S03,S03-L02,1,running,143.496,423.9373,104.8447,44.3235,0.4631,A,relation-reasoning-agent-eval-v3.1
2026-08-10T13:10:00+09:00,CMP-S03-L03-01,S03,S03-L03,1,running,186.6602,399.6319,97.9299,38.6308,-0.0447,A,relation-reasoning-agent-eval-v3.1
2026-08-10T13:10:00+09:00,CMP-S03-L04-01,S03,S03-L04,1,running,162.3753,448.7789,110.8074,31.1943,-1.4117,B,relation-reasoning-agent-eval-v3.1
2026-08-10T13:10:00+09:00,CMP-S03-L05-01,S03,S03-L05,1,running,197.3367,382.3991,99.5875,43.4617,0.4983,A,relation-reasoning-agent-eval-v3.1
2026-08-10T13:20:00+09:00,CMP-S03-L01-01,S03,S03-L01,1,running,149.7739,460.0123,102.4673,32.2045,-1.7307,B,relation-reasoning-agent-eval-v3.1
2026-08-10T13:20:00+09:00,CMP-S03-L02-01,S03,S03-L02,1,running,155.9446,465.8716,104.4357,46.2462,0.8192,A,relation-reasoning-agent-eval-v3.1
2026-08-10T13:20:00+09:00,CMP-S03-L03-01,S03,S03-L03,1,running,173.8615,436.9462,105.8181,43.885,0.9283,A,relation-reasoning-agent-eval-v3.1
2026-08-10T13:20:00+09:00,CMP-S03-L04-01,S03,S03-L04,1,running,152.8056,433.4636,111.5539,33.8593,-0.9182,A,relation-reasoning-agent-eval-v3.1
2026-08-10T13:20:00+09:00,CMP-S03-L05-01,S03,S03-L05,1,running,181.8969,412.4929,102.2928,39.3763,-0.2583,A,relation-reasoning-agent-eval-v3.1
2026-08-10T13:30:00+09:00,CMP-S03-L01-01,S03,S03-L01,1,running,159.4913,455.1115,104.5719,34.4919,-1.3071,B,relation-reasoning-agent-eval-v3.1
2026-08-10T13:30:00+09:00,CMP-S03-L02-01,S03,S03-L02,1,running,146.5053,468.9879,101.1915,48.9747,1.3245,B,relation-reasoning-agent-eval-v3.1
2026-08-10T13:30:00+09:00,CMP-S03-L03-01,S03,S03-L03,1,running,178.4963,426.4937,111.9213,46.4856,1.4098,B,relation-reasoning-agent-eval-v3.1
2026-08-10T13:30:00+09:00,CMP-S03-L04-01,S03,S03-L04,1,running,151.8395,422.3485,109.1796,34.2669,-0.8427,A,relation-reasoning-agent-eval-v3.1
2026-08-10T13:30:00+09:00,CMP-S03-L05-01,S03,S03-L05,1,running,176.2223,432.871,98.5168,41.2595,0.0905,A,relation-reasoning-agent-eval-v3.1
2026-08-10T13:40:00+09:00,CMP-S03-L01-01,S03,S03-L01,1,running,175.1985,477.0528,101.9217,39.5476,-0.3709,A,relation-reasoning-agent-eval-v3.1
2026-08-10T13:40:00+09:00,CMP-S03-L02-01,S03,S03-L02,1,running,157.7186,498.3866,103.7658,46.8111,0.9238,A,relation-reasoning-agent-eval-v3.1
2026-08-10T13:40:00+09:00,CMP-S03-L03-01,S03,S03-L03,1,running,165.4095,407.8337,106.6079,52.9159,2.6006,C,relation-reasoning-agent-eval-v3.1
2026-08-10T13:40:00+09:00,CMP-S03-L04-01,S03,S03-L04,1,running,151.7372,416.6948,101.7439,35.0921,-0.6899,A,relation-reasoning-agent-eval-v3.1
2026-08-10T13:40:00+09:00,CMP-S03-L05-01,S03,S03-L05,1,running,187.6569,427.9235,98.1809,45.9915,0.9668,A,relation-reasoning-agent-eval-v3.1
2026-08-10T13:50:00+09:00,CMP-S03-L01-01,S03,S03-L01,1,running,185.8437,457.5114,101.6206,41.6704,0.0223,A,relation-reasoning-agent-eval-v3.1
2026-08-10T13:50:00+09:00,CMP-S03-L02-01,S03,S03-L02,1,running,143.3736,493.8841,97.1708,37.3886,-0.8211,A,relation-reasoning-agent-eval-v3.1
2026-08-10T13:50:00+09:00,CMP-S03-L03-01,S03,S03-L03,1,running,158.3171,434.3581,108.3841,56.6022,3.2833,D,relation-reasoning-agent-eval-v3.1
2026-08-10T13:50:00+09:00,CMP-S03-L04-01,S03,S03-L04,1,running,158.7753,422.2199,101.8201,36.2047,-0.4838,A,relation-reasoning-agent-eval-v3.1
2026-08-10T13:50:00+09:00,CMP-S03-L05-01,S03,S03-L05,1,running,170.0304,469.1039,108.4185,38.7514,-0.374,A,relation-reasoning-agent-eval-v3.1
2026-08-10T14:00:00+09:00,CMP-S03-L01-01,S03,S03-L01,1,running,189.7119,473.7028,97.6037,42.87,0.2444,A,relation-reasoning-agent-eval-v3.1
2026-08-10T14:00:00+09:00,CMP-S03-L02-01,S03,S03-L02,1,running,157.1691,470.4969,94.5661,39.8087,-0.373,A,relation-reasoning-agent-eval-v3.1
2026-08-10T14:00:00+09:00,CMP-S03-L03-01,S03,S03-L03,1,running,172.5422,398.9706,108.8087,48.2163,1.7303,B,relation-reasoning-agent-eval-v3.1
2026-08-10T14:00:00+09:00,CMP-S03-L04-01,S03,S03-L04,1,running,163.3689,413.1669,100.9338,35.7879,-0.561,A,relation-reasoning-agent-eval-v3.1
2026-08-10T14:00:00+09:00,CMP-S03-L05-01,S03,S03-L05,1,running,176.7852,456.4242,106.3044,39.59,-0.2187,A,relation-reasoning-agent-eval-v3.1
2026-08-10T14:10:00+09:00,CMP-S03-L01-01,S03,S03-L01,1,running,177.3172,439.2234,102.4823,39.7266,-0.3377,A,relation-reasoning-agent-eval-v3.1
2026-08-10T14:10:00+09:00,CMP-S03-L02-01,S03,S03-L02,1,running,146.6456,482.2175,101.5877,41.7061,-0.0216,A,relation-reasoning-agent-eval-v3.1
2026-08-10T14:10:00+09:00,CMP-S03-L03-01,S03,S03-L03,1,running,181.6311,417.5508,111.2204,40.2706,0.2589,A,relation-reasoning-agent-eval-v3.1
2026-08-10T14:10:00+09:00,CMP-S03-L04-01,S03,S03-L04,1,running,164.6098,362.2636,102.0098,32.2499,-1.2162,B,relation-reasoning-agent-eval-v3.1
2026-08-10T14:10:00+09:00,CMP-S03-L05-01,S03,S03-L05,1,running,169.1777,471.8022,106.6578,44.946,0.7732,A,relation-reasoning-agent-eval-v3.1
2026-08-10T14:20:00+09:00,CMP-S03-L01-01,S03,S03-L01,1,running,178.3781,477.1751,101.0948,40.939,-0.1132,A,relation-reasoning-agent-eval-v3.1
2026-08-10T14:20:00+09:00,CMP-S03-L02-01,S03,S03-L02,1,running,145.2269,455.1312,105.9349,46.6252,0.8894,A,relation-reasoning-agent-eval-v3.1
2026-08-10T14:20:00+09:00,CMP-S03-L03-01,S03,S03-L03,1,running,178.6897,448.6897,107.9233,40.9648,0.3875,A,relation-reasoning-agent-eval-v3.1
2026-08-10T14:20:00+09:00,CMP-S03-L04-01,S03,S03-L04,1,running,164.2067,370.6396,103.1443,38.0915,-0.1344,A,relation-reasoning-agent-eval-v3.1
2026-08-10T14:20:00+09:00,CMP-S03-L05-01,S03,S03-L05,1,running,162.7403,422.0101,106.1064,43.5999,0.5239,A,relation-reasoning-agent-eval-v3.1
2026-08-10T14:30:00+09:00,CMP-S03-L01-01,S03,S03-L01,1,running,189.8328,473.9709,106.0834,47.0168,1.0123,B,relation-reasoning-agent-eval-v3.1
2026-08-10T14:30:00+09:00,CMP-S03-L02-01,S03,S03-L02,1,running,135.1651,463.7996,101.966,40.3241,-0.2775,A,relation-reasoning-agent-eval-v3.1
2026-08-10T14:30:00+09:00,CMP-S03-L03-01,S03,S03-L03,1,running,170.1494,459.423,99.3681,40.1515,0.2369,A,relation-reasoning-agent-eval-v3.1
2026-08-10T14:30:00+09:00,CMP-S03-L04-01,S03,S03-L04,1,running,168.0139,431.9564,96.5995,42.4599,0.6745,A,relation-reasoning-agent-eval-v3.1
2026-08-10T14:30:00+09:00,CMP-S03-L05-01,S03,S03-L05,1,running,166.3178,436.7565,102.7527,40.912,0.0261,A,relation-reasoning-agent-eval-v3.1
2026-08-10T14:40:00+09:00,CMP-S03-L01-01,S03,S03-L01,1,running,190.6329,467.1278,104.4392,45.3753,0.7084,A,relation-reasoning-agent-eval-v3.1
2026-08-10T14:40:00+09:00,CMP-S03-L02-01,S03,S03-L02,1,running,141.9486,516.3937,106.8446,41.4701,-0.0653,A,relation-reasoning-agent-eval-v3.1
2026-08-10T14:40:00+09:00,CMP-S03-L03-01,S03,S03-L03,1,running,158.9744,431.7705,97.7879,41.2262,0.4359,A,relation-reasoning-agent-eval-v3.1
2026-08-10T14:40:00+09:00,CMP-S03-L04-01,S03,S03-L04,1,running,161.0216,469.3764,101.5119,44.854,1.1179,B,relation-reasoning-agent-eval-v3.1
2026-08-10T14:40:00+09:00,CMP-S03-L05-01,S03,S03-L05,1,running,161.054,471.0299,112.638,35.3214,-1.0092,B,relation-reasoning-agent-eval-v3.1
2026-08-10T14:50:00+09:00,CMP-S03-L01-01,S03,S03-L01,1,running,195.3073,494.561,95.6918,42.6313,0.2002,A,relation-reasoning-agent-eval-v3.1
2026-08-10T14:50:00+09:00,CMP-S03-L02-01,S03,S03-L02,1,running,131.8935,476.806,99.9382,35.9736,-1.0832,B,relation-reasoning-agent-eval-v3.1
2026-08-10T14:50:00+09:00,CMP-S03-L03-01,S03,S03-L03,1,running,147.6781,443.1961,95.0809,42.1389,0.6049,A,relation-reasoning-agent-eval-v3.1
2026-08-10T14:50:00+09:00,CMP-S03-L04-01,S03,S03-L04,1,running,154.5655,428.5016,101.5998,41.9278,0.576,A,relation-reasoning-agent-eval-v3.1
2026-08-10T14:50:00+09:00,CMP-S03-L05-01,S03,S03-L05,1,running,173.4242,466.3917,112.3905,32.6535,-1.5032,B,relation-reasoning-agent-eval-v3.1
2026-08-10T15:00:00+09:00,CMP-S03-L01-01,S03,S03-L01,1,running,168.254,454.396,97.4356,35.4965,-1.1211,B,relation-reasoning-agent-eval-v3.1
2026-08-10T15:00:00+09:00,CMP-S03-L02-01,S03,S03-L02,1,running,146.2444,489.5492,106.3784,35.7582,-1.123,B,relation-reasoning-agent-eval-v3.1
2026-08-10T15:00:00+09:00,CMP-S03-L03-01,S03,S03-L03,1,running,144.4689,457.0474,92.9351,39.5365,0.123,A,relation-reasoning-agent-eval-v3.1
2026-08-10T15:00:00+09:00,CMP-S03-L04-01,S03,S03-L04,1,running,168.925,434.9305,103.2649,43.7626,0.9158,A,relation-reasoning-agent-eval-v3.1
2026-08-10T15:00:00+09:00,CMP-S03-L05-01,S03,S03-L05,1,running,166.7231,473.6447,108.0722,34.8563,-1.0953,B,relation-reasoning-agent-eval-v3.1
2026-08-10T15:10:00+09:00,CMP-S03-L01-01,S03,S03-L01,1,running,166.5968,466.7624,99.4298,35.1169,-1.1913,B,relation-reasoning-agent-eval-v3.1
2026-08-10T15:10:00+09:00,CMP-S03-L02-01,S03,S03-L02,1,running,156.74,536.0642,103.4797,35.4839,-1.1738,B,relation-reasoning-agent-eval-v3.1
2026-08-10T15:10:00+09:00,CMP-S03-L03-01,S03,S03-L03,1,running,168.0084,424.4857,88.7021,43.0318,0.7702,A,relation-reasoning-agent-eval-v3.1
2026-08-10T15:10:00+09:00,CMP-S03-L04-01,S03,S03-L04,1,running,173.7068,355.0045,91.4832,41.508,0.4983,A,relation-reasoning-agent-eval-v3.1
2026-08-10T15:10:00+09:00,CMP-S03-L05-01,S03,S03-L05,1,running,169.4357,459.3271,101.189,31.3109,-1.7519,B,relation-reasoning-agent-eval-v3.1
2026-08-10T15:20:00+09:00,CMP-S03-L01-01,S03,S03-L01,1,running,172.2297,465.466,101.7328,33.781,-1.4387,B,relation-reasoning-agent-eval-v3.1
2026-08-10T15:20:00+09:00,CMP-S03-L02-01,S03,S03-L02,1,running,172.9248,532.0801,101.8258,39.5242,-0.4256,A,relation-reasoning-agent-eval-v3.1
2026-08-10T15:20:00+09:00,CMP-S03-L03-01,S03,S03-L03,1,running,164.4373,448.6246,90.552,39.2457,0.0691,A,relation-reasoning-agent-eval-v3.1
2026-08-10T15:20:00+09:00,CMP-S03-L04-01,S03,S03-L04,1,running,170.7869,381.9285,93.963,39.8274,0.187,A,relation-reasoning-agent-eval-v3.1
2026-08-10T15:20:00+09:00,CMP-S03-L05-01,S03,S03-L05,1,running,171.3592,423.3216,102.5899,36.5926,-0.7738,A,relation-reasoning-agent-eval-v3.1
2026-08-10T15:30:00+09:00,CMP-S03-L01-01,S03,S03-L01,1,running,177.8647,516.1766,94.1354,32.7485,-1.6299,B,relation-reasoning-agent-eval-v3.1
2026-08-10T15:30:00+09:00,CMP-S03-L02-01,S03,S03-L02,1,running,162.584,550.9539,102.7715,42.5742,0.1392,A,relation-reasoning-agent-eval-v3.1
2026-08-10T15:30:00+09:00,CMP-S03-L03-01,S03,S03-L03,1,running,180.6477,439.2603,93.4513,35.6486,-0.597,A,relation-reasoning-agent-eval-v3.1
2026-08-10T15:30:00+09:00,CMP-S03-L04-01,S03,S03-L04,1,running,176.1135,389.5469,92.4289,45.7712,1.2877,B,relation-reasoning-agent-eval-v3.1
2026-08-10T15:30:00+09:00,CMP-S03-L05-01,S03,S03-L05,1,running,171.8465,441.3213,108.0419,37.8187,-0.5467,A,relation-reasoning-agent-eval-v3.1
2026-08-10T15:40:00+09:00,CMP-S03-L01-01,S03,S03-L01,1,running,174.1645,500.8013,87.1665,39.9054,-0.3046,A,relation-reasoning-agent-eval-v3.1
2026-08-10T15:40:00+09:00,CMP-S03-L02-01,S03,S03-L02,1,running,151.6218,521.5072,104.7441,46.4344,0.854,A,relation-reasoning-agent-eval-v3.1
2026-08-10T15:40:00+09:00,CMP-S03-L03-01,S03,S03-L03,1,running,181.291,415.7399,90.9158,35.4996,-0.6246,A,relation-reasoning-agent-eval-v3.1
2026-08-10T15:40:00+09:00,CMP-S03-L04-01,S03,S03-L04,1,running,169.5126,460.663,94.925,42.3693,0.6578,A,relation-reasoning-agent-eval-v3.1
2026-08-10T15:40:00+09:00,CMP-S03-L05-01,S03,S03-L05,1,running,163.9142,421.7462,106.9934,37.917,-0.5285,A,relation-reasoning-agent-eval-v3.1
2026-08-10T15:50:00+09:00,CMP-S03-L01-01,S03,S03-L01,1,running,180.3234,493.2411,84.8459,41.7311,0.0335,A,relation-reasoning-agent-eval-v3.1
2026-08-10T15:50:00+09:00,CMP-S03-L02-01,S03,S03-L02,1,running,164.0793,532.8599,104.4479,38.1298,-0.6839,A,relation-reasoning-agent-eval-v3.1
2026-08-10T15:50:00+09:00,CMP-S03-L03-01,S03,S03-L03,1,running,190.5999,449.6422,89.7901,36.5886,-0.4229,A,relation-reasoning-agent-eval-v3.1
2026-08-10T15:50:00+09:00,CMP-S03-L04-01,S03,S03-L04,1,running,170.5139,452.7284,91.7215,39.6449,0.1533,A,relation-reasoning-agent-eval-v3.1
2026-08-10T15:50:00+09:00,CMP-S03-L05-01,S03,S03-L05,1,running,157.2241,469.641,109.7112,38.4098,-0.4373,A,relation-reasoning-agent-eval-v3.1
2026-08-10T16:00:00+09:00,CMP-S03-L01-01,S03,S03-L01,1,running,178.5262,462.5068,85.3823,41.6113,0.0113,A,relation-reasoning-agent-eval-v3.1
2026-08-10T16:00:00+09:00,CMP-S03-L02-01,S03,S03-L02,1,running,151.8368,506.6474,104.6669,37.917,-0.7233,A,relation-reasoning-agent-eval-v3.1
2026-08-10T16:00:00+09:00,CMP-S03-L03-01,S03,S03-L03,1,running,187.2936,467.1697,85.6786,36.9669,-0.3529,A,relation-reasoning-agent-eval-v3.1
2026-08-10T16:00:00+09:00,CMP-S03-L04-01,S03,S03-L04,1,running,176.3832,495.9088,95.8055,43.406,0.8498,A,relation-reasoning-agent-eval-v3.1
2026-08-10T16:00:00+09:00,CMP-S03-L05-01,S03,S03-L05,1,running,172.3951,441.7364,106.748,35.7046,-0.9382,A,relation-reasoning-agent-eval-v3.1
2026-08-10T16:10:00+09:00,CMP-S03-L01-01,S03,S03-L01,1,running,170.2289,474.2344,90.1236,38.671,-0.5332,A,relation-reasoning-agent-eval-v3.1
2026-08-10T16:10:00+09:00,CMP-S03-L02-01,S03,S03-L02,1,running,143.4384,433.7893,107.2059,43.2391,0.2623,A,relation-reasoning-agent-eval-v3.1
2026-08-10T16:10:00+09:00,CMP-S03-L03-01,S03,S03-L03,1,running,183.2751,461.6659,82.7472,34.6343,-0.7848,A,relation-reasoning-agent-eval-v3.1
2026-08-10T16:10:00+09:00,CMP-S03-L04-01,S03,S03-L04,1,running,163.4596,567.7698,94.9583,42.5158,0.6849,A,relation-reasoning-agent-eval-v3.1
2026-08-10T16:10:00+09:00,CMP-S03-L05-01,S03,S03-L05,1,running,157.9074,427.8026,111.0399,43.0718,0.4261,A,relation-reasoning-agent-eval-v3.1
2026-08-10T16:20:00+09:00,CMP-S03-L01-01,S03,S03-L01,1,running,157.8077,491.7541,90.2549,38.7028,-0.5273,A,relation-reasoning-agent-eval-v3.1
2026-08-10T16:20:00+09:00,CMP-S03-L02-01,S03,S03-L02,1,running,146.2439,458.4102,106.0909,44.6124,0.5166,A,relation-reasoning-agent-eval-v3.1
2026-08-10T16:20:00+09:00,CMP-S03-L03-01,S03,S03-L03,1,running,164.2226,448.766,91.1345,30.7539,-1.5034,B,relation-reasoning-agent-eval-v3.1
2026-08-10T16:20:00+09:00,CMP-S03-L04-01,S03,S03-L04,1,running,153.3394,527.4917,102.2295,43.9101,0.9431,A,relation-reasoning-agent-eval-v3.1
2026-08-10T16:20:00+09:00,CMP-S03-L05-01,S03,S03-L05,1,running,169.0147,438.5515,106.6595,42.7205,0.361,A,relation-reasoning-agent-eval-v3.1
2026-08-10T16:30:00+09:00,CMP-S03-L01-01,S03,S03-L01,1,running,166.5059,508.3449,94.9516,37.8458,-0.686,A,relation-reasoning-agent-eval-v3.1
2026-08-10T16:30:00+09:00,CMP-S03-L02-01,S03,S03-L02,1,running,142.1932,459.8683,107.6672,40.1203,-0.3152,A,relation-reasoning-agent-eval-v3.1
2026-08-10T16:30:00+09:00,CMP-S03-L03-01,S03,S03-L03,1,running,173.6758,480.6445,84.7786,36.8026,-0.3833,A,relation-reasoning-agent-eval-v3.1
2026-08-10T16:30:00+09:00,CMP-S03-L04-01,S03,S03-L04,1,running,144.9109,455.6181,96.3304,41.8707,0.5654,A,relation-reasoning-agent-eval-v3.1
2026-08-10T16:30:00+09:00,CMP-S03-L05-01,S03,S03-L05,1,running,180.1738,443.8115,106.9189,43.7573,0.553,A,relation-reasoning-agent-eval-v3.1
2026-08-10T16:40:00+09:00,CMP-S03-L01-01,S03,S03-L01,1,running,161.8295,497.3536,97.32,42.3048,0.1397,A,relation-reasoning-agent-eval-v3.1
2026-08-10T16:40:00+09:00,CMP-S03-L02-01,S03,S03-L02,1,running,149.4237,443.879,99.3901,37.6179,-0.7787,A,relation-reasoning-agent-eval-v3.1
2026-08-10T16:40:00+09:00,CMP-S03-L03-01,S03,S03-L03,1,running,171.6884,484.5264,88.5971,35.1985,-0.6804,A,relation-reasoning-agent-eval-v3.1
2026-08-10T16:40:00+09:00,CMP-S03-L04-01,S03,S03-L04,1,running,151.566,447.4444,90.8598,41.4767,0.4925,A,relation-reasoning-agent-eval-v3.1
2026-08-10T16:40:00+09:00,CMP-S03-L05-01,S03,S03-L05,1,running,194.0921,446.7928,102.413,39.969,-0.1485,A,relation-reasoning-agent-eval-v3.1
2026-08-10T16:50:00+09:00,CMP-S03-L01-01,S03,S03-L01,1,running,171.2655,501.0611,93.9389,40.4599,-0.2019,A,relation-reasoning-agent-eval-v3.1
2026-08-10T16:50:00+09:00,CMP-S03-L02-01,S03,S03-L02,1,running,138.516,486.913,99.0523,36.4154,-1.0013,B,relation-reasoning-agent-eval-v3.1
2026-08-10T16:50:00+09:00,CMP-S03-L03-01,S03,S03-L03,1,running,170.2856,504.0916,91.843,41.6739,0.5188,A,relation-reasoning-agent-eval-v3.1
2026-08-10T16:50:00+09:00,CMP-S03-L04-01,S03,S03-L04,1,running,142.5811,526.3634,92.3603,42.3975,0.663,A,relation-reasoning-agent-eval-v3.1
2026-08-10T16:50:00+09:00,CMP-S03-L05-01,S03,S03-L05,1,running,199.0885,466.4221,107.3475,44.3244,0.6581,A,relation-reasoning-agent-eval-v3.1
2026-08-10T17:00:00+09:00,CMP-S03-L01-01,S03,S03-L01,1,running,183.6947,461.223,95.9912,38.9154,-0.4879,A,relation-reasoning-agent-eval-v3.1
2026-08-10T17:00:00+09:00,CMP-S03-L02-01,S03,S03-L02,1,running,160.4081,477.7977,100.2807,39.9456,-0.3476,A,relation-reasoning-agent-eval-v3.1
2026-08-10T17:00:00+09:00,CMP-S03-L03-01,S03,S03-L03,1,running,182.2582,503.4777,101.8075,32.9013,-1.1058,B,relation-reasoning-agent-eval-v3.1
2026-08-10T17:00:00+09:00,CMP-S03-L04-01,S03,S03-L04,1,running,141.7032,485.4395,90.0002,38.273,-0.1008,A,relation-reasoning-agent-eval-v3.1
2026-08-10T17:00:00+09:00,CMP-S03-L05-01,S03,S03-L05,1,running,191.9549,500.2169,101.6049,42.4912,0.3186,A,relation-reasoning-agent-eval-v3.1
2026-08-10T17:10:00+09:00,CMP-S03-L01-01,S03,S03-L01,1,running,174.0696,446.6479,96.1438,43.5677,0.3736,A,relation-reasoning-agent-eval-v3.1
2026-08-10T17:10:00+09:00,CMP-S03-L02-01,S03,S03-L02,1,running,148.1387,471.6278,99.3822,36.8584,-0.9193,A,relation-reasoning-agent-eval-v3.1
2026-08-10T17:10:00+09:00,CMP-S03-L03-01,S03,S03-L03,1,running,185.7703,475.5212,95.9466,32.799,-1.1247,B,relation-reasoning-agent-eval-v3.1
2026-08-10T17:10:00+09:00,CMP-S03-L04-01,S03,S03-L04,1,running,149.0061,533.1088,83.9873,38.5982,-0.0406,A,relation-reasoning-agent-eval-v3.1
2026-08-10T17:10:00+09:00,CMP-S03-L05-01,S03,S03-L05,1,running,184.7345,490.5904,97.908,42.5086,0.3218,A,relation-reasoning-agent-eval-v3.1
2026-08-10T17:20:00+09:00,CMP-S03-L01-01,S03,S03-L01,1,running,157.3895,488.9912,92.9974,47.6311,1.1261,B,relation-reasoning-agent-eval-v3.1
2026-08-10T17:20:00+09:00,CMP-S03-L02-01,S03,S03-L02,1,running,150.3534,476.448,97.1733,37.5138,-0.7979,A,relation-reasoning-agent-eval-v3.1
2026-08-10T17:20:00+09:00,CMP-S03-L03-01,S03,S03-L03,1,running,183.4574,447.4289,93.1027,34.5354,-0.8032,A,relation-reasoning-agent-eval-v3.1
2026-08-10T17:20:00+09:00,CMP-S03-L04-01,S03,S03-L04,1,running,147.7707,546.0008,89.8301,39.0208,0.0377,A,relation-reasoning-agent-eval-v3.1
2026-08-10T17:20:00+09:00,CMP-S03-L05-01,S03,S03-L05,1,running,197.5545,488.9767,100.2614,45.0506,0.7925,A,relation-reasoning-agent-eval-v3.1
2026-08-10T17:30:00+09:00,CMP-S03-L01-01,S03,S03-L01,1,running,166.4567,502.5447,92.6072,46.9321,0.9967,A,relation-reasoning-agent-eval-v3.1
2026-08-10T17:30:00+09:00,CMP-S03-L02-01,S03,S03-L02,1,running,164.899,468.2322,101.0321,32.1208,-1.7966,B,relation-reasoning-agent-eval-v3.1
2026-08-10T17:30:00+09:00,CMP-S03-L03-01,S03,S03-L03,1,running,182.39,447.4538,94.427,34.8611,-0.7428,A,relation-reasoning-agent-eval-v3.1
2026-08-10T17:30:00+09:00,CMP-S03-L04-01,S03,S03-L04,1,running,159.7187,509.9216,98.9661,41.7814,0.5489,A,relation-reasoning-agent-eval-v3.1
2026-08-10T17:30:00+09:00,CMP-S03-L05-01,S03,S03-L05,1,running,196.3933,470.5347,96.6832,46.1842,1.0025,B,relation-reasoning-agent-eval-v3.1
2026-08-10T17:40:00+09:00,CMP-S03-L01-01,S03,S03-L01,1,running,165.7062,560.4517,96.2692,43.3021,0.3244,A,relation-reasoning-agent-eval-v3.1
2026-08-10T17:40:00+09:00,CMP-S03-L02-01,S03,S03-L02,1,running,173.8699,438.2824,100.2315,37.8311,-0.7392,A,relation-reasoning-agent-eval-v3.1
2026-08-10T17:40:00+09:00,CMP-S03-L03-01,S03,S03-L03,1,running,191.4452,402.3981,89.2519,33.7165,-0.9548,A,relation-reasoning-agent-eval-v3.1
2026-08-10T17:40:00+09:00,CMP-S03-L04-01,S03,S03-L04,1,running,162.0552,500.2891,96.0137,47.0366,1.5221,B,relation-reasoning-agent-eval-v3.1
2026-08-10T17:40:00+09:00,CMP-S03-L05-01,S03,S03-L05,1,running,176.4515,513.0822,99.5443,43.3958,0.4861,A,relation-reasoning-agent-eval-v3.1
2026-08-10T17:50:00+09:00,CMP-S03-L01-01,S03,S03-L01,1,running,178.3048,552.317,99.3551,49.3563,1.4456,B,relation-reasoning-agent-eval-v3.1
2026-08-10T17:50:00+09:00,CMP-S03-L02-01,S03,S03-L02,1,running,172.5505,430.1885,101.1884,44.9151,0.5727,A,relation-reasoning-agent-eval-v3.1
2026-08-10T17:50:00+09:00,CMP-S03-L03-01,S03,S03-L03,1,running,171.3409,416.7787,94.1073,34.5031,-0.8091,A,relation-reasoning-agent-eval-v3.1
2026-08-10T17:50:00+09:00,CMP-S03-L04-01,S03,S03-L04,1,running,163.1294,543.2809,99.4547,47.4959,1.6071,B,relation-reasoning-agent-eval-v3.1
2026-08-10T17:50:00+09:00,CMP-S03-L05-01,S03,S03-L05,1,running,206.5102,513.2601,100.7511,40.5909,-0.0333,A,relation-reasoning-agent-eval-v3.1
2026-08-10T18:00:00+09:00,CMP-S03-L01-01,S03,S03-L01,1,running,184.6649,583.2327,92.4195,42.171,0.115,A,relation-reasoning-agent-eval-v3.1
2026-08-10T18:00:00+09:00,CMP-S03-L02-01,S03,S03-L02,1,running,163.0145,418.529,102.074,45.6202,0.7033,A,relation-reasoning-agent-eval-v3.1
2026-08-10T18:00:00+09:00,CMP-S03-L03-01,S03,S03-L03,1,running,191.2424,378.4106,95.0495,40.224,0.2503,A,relation-reasoning-agent-eval-v3.1
2026-08-10T18:00:00+09:00,CMP-S03-L04-01,S03,S03-L04,1,running,150.6357,500.142,101.2031,43.7818,0.9193,A,relation-reasoning-agent-eval-v3.1
2026-08-10T18:00:00+09:00,CMP-S03-L05-01,S03,S03-L05,1,running,184.8619,498.1898,99.6499,40.2327,-0.0997,A,relation-reasoning-agent-eval-v3.1
2026-08-10T18:10:00+09:00,CMP-S03-L01-01,S03,S03-L01,1,running,194.2908,588.4458,94.514,38.6591,-0.5354,A,relation-reasoning-agent-eval-v3.1
2026-08-10T18:10:00+09:00,CMP-S03-L02-01,S03,S03-L02,1,running,155.7443,485.8683,99.731,43.0563,0.2285,A,relation-reasoning-agent-eval-v3.1
2026-08-10T18:10:00+09:00,CMP-S03-L03-01,S03,S03-L03,1,running,178.8779,377.2596,94.7893,37.9239,-0.1757,A,relation-reasoning-agent-eval-v3.1
2026-08-10T18:10:00+09:00,CMP-S03-L04-01,S03,S03-L04,1,running,159.469,479.6581,102.6521,38.9477,0.0241,A,relation-reasoning-agent-eval-v3.1
2026-08-10T18:10:00+09:00,CMP-S03-L05-01,S03,S03-L05,1,running,175.9658,512.7666,101.5722,38.2904,-0.4594,A,relation-reasoning-agent-eval-v3.1
2026-08-10T18:20:00+09:00,CMP-S03-L01-01,S03,S03-L01,1,running,202.7826,518.1497,102.1682,38.2745,-0.6066,A,relation-reasoning-agent-eval-v3.1
2026-08-10T18:20:00+09:00,CMP-S03-L02-01,S03,S03-L02,1,running,183.5083,472.0939,102.0033,45.4225,0.6666,A,relation-reasoning-agent-eval-v3.1
2026-08-10T18:20:00+09:00,CMP-S03-L03-01,S03,S03-L03,1,running,173.2797,426.6342,91.9591,36.9003,-0.3652,A,relation-reasoning-agent-eval-v3.1
2026-08-10T18:20:00+09:00,CMP-S03-L04-01,S03,S03-L04,1,running,165.8406,509.339,104.2494,38.2892,-0.0978,A,relation-reasoning-agent-eval-v3.1
2026-08-10T18:20:00+09:00,CMP-S03-L05-01,S03,S03-L05,1,running,172.038,529.0792,104.2995,40.4525,-0.059,A,relation-reasoning-agent-eval-v3.1
2026-08-10T18:30:00+09:00,CMP-S03-L01-01,S03,S03-L01,1,running,209.0287,492.7666,103.7532,38.6444,-0.5381,A,relation-reasoning-agent-eval-v3.1
2026-08-10T18:30:00+09:00,CMP-S03-L02-01,S03,S03-L02,1,running,164.135,495.299,108.6923,48.7943,1.291,B,relation-reasoning-agent-eval-v3.1
2026-08-10T18:30:00+09:00,CMP-S03-L03-01,S03,S03-L03,1,running,185.3958,450.3811,93.9563,38.3723,-0.0926,A,relation-reasoning-agent-eval-v3.1
2026-08-10T18:30:00+09:00,CMP-S03-L04-01,S03,S03-L04,1,running,156.3507,444.3198,98.1441,40.4902,0.3098,A,relation-reasoning-agent-eval-v3.1
2026-08-10T18:30:00+09:00,CMP-S03-L05-01,S03,S03-L05,1,running,172.2996,534.6474,105.7009,36.7356,-0.7473,A,relation-reasoning-agent-eval-v3.1
2026-08-10T18:40:00+09:00,CMP-S03-L01-01,S03,S03-L01,1,running,193.4673,427.1271,102.2221,38.3976,-0.5838,A,relation-reasoning-agent-eval-v3.1
2026-08-10T18:40:00+09:00,CMP-S03-L02-01,S03,S03-L02,1,running,190.5397,496.2196,112.5239,37.556,-0.7901,A,relation-reasoning-agent-eval-v3.1
2026-08-10T18:40:00+09:00,CMP-S03-L03-01,S03,S03-L03,1,running,171.2955,450.3501,90.5785,31.3928,-1.3851,B,relation-reasoning-agent-eval-v3.1
2026-08-10T18:40:00+09:00,CMP-S03-L04-01,S03,S03-L04,1,running,183.6931,484.0048,97.0503,40.6057,0.3312,A,relation-reasoning-agent-eval-v3.1
2026-08-10T18:40:00+09:00,CMP-S03-L05-01,S03,S03-L05,1,running,171.8184,503.1851,106.389,34.2599,-1.2057,B,relation-reasoning-agent-eval-v3.1
2026-08-10T18:50:00+09:00,CMP-S03-L01-01,S03,S03-L01,1,running,208.1357,429.3899,105.603,38.1027,-0.6384,A,relation-reasoning-agent-eval-v3.1
2026-08-10T18:50:00+09:00,CMP-S03-L02-01,S03,S03-L02,1,running,202.8633,442.03,115.0456,42.5348,0.1319,A,relation-reasoning-agent-eval-v3.1
2026-08-10T18:50:00+09:00,CMP-S03-L03-01,S03,S03-L03,1,running,176.3537,436.8912,91.3567,38.6924,-0.0333,A,relation-reasoning-agent-eval-v3.1
2026-08-10T18:50:00+09:00,CMP-S03-L04-01,S03,S03-L04,1,running,174.4211,512.0011,97.8736,38.8486,0.0058,A,relation-reasoning-agent-eval-v3.1
2026-08-10T18:50:00+09:00,CMP-S03-L05-01,S03,S03-L05,1,running,187.127,488.5115,105.2013,37.863,-0.5385,A,relation-reasoning-agent-eval-v3.1
2026-08-10T19:00:00+09:00,CMP-S03-L01-01,S03,S03-L01,1,running,192.0468,432.1702,100.8268,37.704,-0.7123,A,relation-reasoning-agent-eval-v3.1
2026-08-10T19:00:00+09:00,CMP-S03-L02-01,S03,S03-L02,1,running,206.3031,500.4499,110.6083,36.8871,-0.914,A,relation-reasoning-agent-eval-v3.1
2026-08-10T19:00:00+09:00,CMP-S03-L03-01,S03,S03-L03,1,running,182.3853,426.1257,90.2614,42.4669,0.6656,A,relation-reasoning-agent-eval-v3.1
2026-08-10T19:00:00+09:00,CMP-S03-L04-01,S03,S03-L04,1,running,182.2182,534.3907,102.0521,36.1444,-0.495,A,relation-reasoning-agent-eval-v3.1
2026-08-10T19:00:00+09:00,CMP-S03-L05-01,S03,S03-L05,1,running,187.5089,531.4881,101.0996,32.5776,-1.5173,B,relation-reasoning-agent-eval-v3.1
2026-08-10T19:10:00+09:00,CMP-S03-L01-01,S03,S03-L01,1,running,187.665,480.5727,108.3289,38.6264,-0.5414,A,relation-reasoning-agent-eval-v3.1
2026-08-10T19:10:00+09:00,CMP-S03-L02-01,S03,S03-L02,1,running,207.3439,490.4104,106.2699,39.4344,-0.4423,A,relation-reasoning-agent-eval-v3.1
2026-08-10T19:10:00+09:00,CMP-S03-L03-01,S03,S03-L03,1,running,166.6204,344.2549,88.0954,40.7268,0.3434,A,relation-reasoning-agent-eval-v3.1
2026-08-10T19:10:00+09:00,CMP-S03-L04-01,S03,S03-L04,1,running,172.993,544.1439,99.5772,41.7803,0.5487,A,relation-reasoning-agent-eval-v3.1
2026-08-10T19:10:00+09:00,CMP-S03-L05-01,S03,S03-L05,1,running,185.4466,512.5424,101.4504,31.1019,-1.7906,B,relation-reasoning-agent-eval-v3.1
2026-08-10T19:20:00+09:00,CMP-S03-L01-01,S03,S03-L01,1,running,188.0,474.3254,108.7901,40.9331,-0.1143,A,relation-reasoning-agent-eval-v3.1
2026-08-10T19:20:00+09:00,CMP-S03-L02-01,S03,S03-L02,1,running,202.2867,493.255,103.3834,37.1761,-0.8605,A,relation-reasoning-agent-eval-v3.1
2026-08-10T19:20:00+09:00,CMP-S03-L03-01,S03,S03-L03,1,running,175.8226,384.8653,84.9214,38.0025,-0.1611,A,relation-reasoning-agent-eval-v3.1
2026-08-10T19:20:00+09:00,CMP-S03-L04-01,S03,S03-L04,1,running,181.1741,451.328,109.0693,46.6802,1.4561,B,relation-reasoning-agent-eval-v3.1
2026-08-10T19:20:00+09:00,CMP-S03-L05-01,S03,S03-L05,1,running,188.9345,466.3371,108.0286,38.1449,-0.4863,A,relation-reasoning-agent-eval-v3.1
2026-08-10T19:30:00+09:00,CMP-S03-L01-01,S03,S03-L01,1,running,175.6002,574.3097,105.8128,43.2379,0.3125,A,relation-reasoning-agent-eval-v3.1
2026-08-10T19:30:00+09:00,CMP-S03-L02-01,S03,S03-L02,1,running,172.0181,531.7729,102.6544,41.4881,-0.0619,A,relation-reasoning-agent-eval-v3.1
2026-08-10T19:30:00+09:00,CMP-S03-L03-01,S03,S03-L03,1,running,180.2124,408.2228,91.5022,36.6291,-0.4154,A,relation-reasoning-agent-eval-v3.1
2026-08-10T19:30:00+09:00,CMP-S03-L04-01,S03,S03-L04,1,running,179.0199,425.384,113.4279,47.9425,1.6899,B,relation-reasoning-agent-eval-v3.1
2026-08-10T19:30:00+09:00,CMP-S03-L05-01,S03,S03-L05,1,running,207.1415,468.4836,109.9757,40.5303,-0.0446,A,relation-reasoning-agent-eval-v3.1
2026-08-10T19:40:00+09:00,CMP-S03-L01-01,S03,S03-L01,1,running,194.7919,507.2321,106.831,44.6379,0.5718,A,relation-reasoning-agent-eval-v3.1
2026-08-10T19:40:00+09:00,CMP-S03-L02-01,S03,S03-L02,1,running,181.453,492.3579,102.3447,41.0655,-0.1402,A,relation-reasoning-agent-eval-v3.1
2026-08-10T19:40:00+09:00,CMP-S03-L03-01,S03,S03-L03,1,running,175.2572,419.2581,87.0853,41.7092,0.5253,A,relation-reasoning-agent-eval-v3.1
2026-08-10T19:40:00+09:00,CMP-S03-L04-01,S03,S03-L04,1,running,179.3474,447.3285,119.2262,36.9429,-0.3471,A,relation-reasoning-agent-eval-v3.1
2026-08-10T19:40:00+09:00,CMP-S03-L05-01,S03,S03-L05,1,running,183.7848,506.219,106.2687,46.2083,1.0069,B,relation-reasoning-agent-eval-v3.1
2026-08-10T19:50:00+09:00,CMP-S03-L01-01,S03,S03-L01,1,running,213.7265,467.4082,101.4756,38.2868,-0.6043,A,relation-reasoning-agent-eval-v3.1
2026-08-10T19:50:00+09:00,CMP-S03-L02-01,S03,S03-L02,1,running,188.1691,465.7943,109.0718,41.0071,-0.151,A,relation-reasoning-agent-eval-v3.1
2026-08-10T19:50:00+09:00,CMP-S03-L03-01,S03,S03-L03,1,running,149.1505,421.6352,82.429,48.3001,1.7459,B,relation-reasoning-agent-eval-v3.1
2026-08-10T19:50:00+09:00,CMP-S03-L04-01,S03,S03-L04,1,running,176.0769,483.4127,108.7714,33.7134,-0.9452,A,relation-reasoning-agent-eval-v3.1
2026-08-10T19:50:00+09:00,CMP-S03-L05-01,S03,S03-L05,1,running,175.5723,487.2694,109.2648,45.878,0.9458,A,relation-reasoning-agent-eval-v3.1
2026-08-10T20:00:00+09:00,CMP-S03-L01-01,S03,S03-L01,1,running,216.3739,441.6514,100.2225,32.9645,-1.5899,B,relation-reasoning-agent-eval-v3.1
2026-08-10T20:00:00+09:00,CMP-S03-L02-01,S03,S03-L02,1,running,190.5097,450.6764,108.8355,41.2365,-0.1085,A,relation-reasoning-agent-eval-v3.1
2026-08-10T20:00:00+09:00,CMP-S03-L03-01,S03,S03-L03,1,running,158.4482,453.8482,87.3796,46.7803,1.4644,B,relation-reasoning-agent-eval-v3.1
2026-08-10T20:00:00+09:00,CMP-S03-L04-01,S03,S03-L04,1,running,157.5858,463.389,119.0193,31.8213,-1.2956,B,relation-reasoning-agent-eval-v3.1
2026-08-10T20:00:00+09:00,CMP-S03-L05-01,S03,S03-L05,1,running,174.4482,472.8305,106.0482,39.157,-0.2989,A,relation-reasoning-agent-eval-v3.1
2026-08-10T20:10:00+09:00,CMP-S03-L01-01,S03,S03-L01,1,running,196.6034,439.622,97.5196,44.4019,0.5281,A,relation-reasoning-agent-eval-v3.1
2026-08-10T20:10:00+09:00,CMP-S03-L02-01,S03,S03-L02,1,running,193.4583,442.0532,107.3083,50.8232,1.6668,B,relation-reasoning-agent-eval-v3.1
2026-08-10T20:10:00+09:00,CMP-S03-L03-01,S03,S03-L03,1,running,147.3427,461.0685,84.1778,42.8209,0.7312,A,relation-reasoning-agent-eval-v3.1
2026-08-10T20:10:00+09:00,CMP-S03-L04-01,S03,S03-L04,1,running,145.1337,487.7989,120.3814,29.6075,-1.7055,B,relation-reasoning-agent-eval-v3.1
2026-08-10T20:10:00+09:00,CMP-S03-L05-01,S03,S03-L05,1,running,179.4814,485.268,109.44,42.6432,0.3467,A,relation-reasoning-agent-eval-v3.1
2026-08-10T20:20:00+09:00,CMP-S03-L01-01,S03,S03-L01,1,running,182.1997,444.7543,90.6739,45.2023,0.6763,A,relation-reasoning-agent-eval-v3.1
2026-08-10T20:20:00+09:00,CMP-S03-L02-01,S03,S03-L02,1,running,186.8585,432.1963,109.4356,41.9682,0.0269,A,relation-reasoning-agent-eval-v3.1
2026-08-10T20:20:00+09:00,CMP-S03-L03-01,S03,S03-L03,1,running,151.4037,462.8976,82.4929,44.3045,1.0059,B,relation-reasoning-agent-eval-v3.1
2026-08-10T20:20:00+09:00,CMP-S03-L04-01,S03,S03-L04,1,running,146.6014,488.0579,112.4656,33.4829,-0.9879,A,relation-reasoning-agent-eval-v3.1
2026-08-10T20:20:00+09:00,CMP-S03-L05-01,S03,S03-L05,1,running,165.9039,442.3108,106.1522,42.4353,0.3082,A,relation-reasoning-agent-eval-v3.1
2026-08-10T20:30:00+09:00,CMP-S03-L01-01,S03,S03-L01,1,running,179.2362,433.0261,88.6429,48.7231,1.3283,B,relation-reasoning-agent-eval-v3.1
2026-08-10T20:30:00+09:00,CMP-S03-L02-01,S03,S03-L02,1,running,178.1686,424.7007,102.5878,36.6933,-0.9499,A,relation-reasoning-agent-eval-v3.1
2026-08-10T20:30:00+09:00,CMP-S03-L03-01,S03,S03-L03,1,running,154.539,416.7561,88.5025,39.6313,0.1405,A,relation-reasoning-agent-eval-v3.1
2026-08-10T20:30:00+09:00,CMP-S03-L04-01,S03,S03-L04,1,running,142.6458,447.0772,109.7207,38.1813,-0.1178,A,relation-reasoning-agent-eval-v3.1
2026-08-10T20:30:00+09:00,CMP-S03-L05-01,S03,S03-L05,1,running,164.8194,468.7027,102.3803,39.0993,-0.3096,A,relation-reasoning-agent-eval-v3.1
2026-08-10T20:40:00+09:00,CMP-S03-L01-01,S03,S03-L01,1,running,176.8981,460.9465,97.1455,40.8498,-0.1297,A,relation-reasoning-agent-eval-v3.1
2026-08-10T20:40:00+09:00,CMP-S03-L02-01,S03,S03-L02,1,running,170.2167,448.9278,99.739,38.2133,-0.6684,A,relation-reasoning-agent-eval-v3.1
2026-08-10T20:40:00+09:00,CMP-S03-L03-01,S03,S03-L03,1,running,155.2391,420.1055,94.4395,41.1888,0.429,A,relation-reasoning-agent-eval-v3.1
2026-08-10T20:40:00+09:00,CMP-S03-L04-01,S03,S03-L04,1,running,159.5618,441.5701,106.8224,32.4556,-1.1781,B,relation-reasoning-agent-eval-v3.1
2026-08-10T20:40:00+09:00,CMP-S03-L05-01,S03,S03-L05,1,running,161.0023,497.6897,104.0329,34.8823,-1.0905,B,relation-reasoning-agent-eval-v3.1
2026-08-10T20:50:00+09:00,CMP-S03-L01-01,S03,S03-L01,1,running,188.9215,433.8661,96.0674,42.0641,0.0952,A,relation-reasoning-agent-eval-v3.1
2026-08-10T20:50:00+09:00,CMP-S03-L02-01,S03,S03-L02,1,running,164.0715,493.6636,99.817,40.9317,-0.165,A,relation-reasoning-agent-eval-v3.1
2026-08-10T20:50:00+09:00,CMP-S03-L03-01,S03,S03-L03,1,running,173.8196,436.972,94.1035,40.95,0.3847,A,relation-reasoning-agent-eval-v3.1
2026-08-10T20:50:00+09:00,CMP-S03-L04-01,S03,S03-L04,1,running,154.7975,442.9266,99.6754,37.8093,-0.1867,A,relation-reasoning-agent-eval-v3.1
2026-08-10T20:50:00+09:00,CMP-S03-L05-01,S03,S03-L05,1,running,163.8219,463.0577,110.2747,40.0508,-0.1334,A,relation-reasoning-agent-eval-v3.1
2026-08-10T21:00:00+09:00,CMP-S03-L01-01,S03,S03-L01,1,running,172.3001,441.2157,88.3214,41.2406,-0.0573,A,relation-reasoning-agent-eval-v3.1
2026-08-10T21:00:00+09:00,CMP-S03-L02-01,S03,S03-L02,1,running,168.7381,501.025,100.6392,44.7561,0.5432,A,relation-reasoning-agent-eval-v3.1
2026-08-10T21:00:00+09:00,CMP-S03-L03-01,S03,S03-L03,1,running,149.3305,429.1063,94.013,42.8609,0.7386,A,relation-reasoning-agent-eval-v3.1
2026-08-10T21:00:00+09:00,CMP-S03-L04-01,S03,S03-L04,1,running,173.0355,414.421,110.9105,41.1877,0.439,A,relation-reasoning-agent-eval-v3.1
2026-08-10T21:00:00+09:00,CMP-S03-L05-01,S03,S03-L05,1,running,177.7468,453.9439,106.3926,39.3592,-0.2614,A,relation-reasoning-agent-eval-v3.1
2026-08-10T21:10:00+09:00,CMP-S03-L01-01,S03,S03-L01,1,running,179.8607,429.1356,92.492,46.4958,0.9159,A,relation-reasoning-agent-eval-v3.1
2026-08-10T21:10:00+09:00,CMP-S03-L02-01,S03,S03-L02,1,running,150.7495,476.7076,96.3532,39.7201,-0.3894,A,relation-reasoning-agent-eval-v3.1
2026-08-10T21:10:00+09:00,CMP-S03-L03-01,S03,S03-L03,1,running,149.4615,427.2848,95.6104,35.4407,-0.6355,A,relation-reasoning-agent-eval-v3.1
2026-08-10T21:10:00+09:00,CMP-S03-L04-01,S03,S03-L04,1,running,177.2185,417.7294,109.1702,47.6645,1.6384,B,relation-reasoning-agent-eval-v3.1
2026-08-10T21:10:00+09:00,CMP-S03-L05-01,S03,S03-L05,1,running,176.2061,460.9202,102.5835,38.2322,-0.4701,A,relation-reasoning-agent-eval-v3.1
2026-08-10T21:20:00+09:00,CMP-S03-L01-01,S03,S03-L01,1,running,181.1667,422.126,95.1884,43.7175,0.4014,A,relation-reasoning-agent-eval-v3.1
2026-08-10T21:20:00+09:00,CMP-S03-L02-01,S03,S03-L02,1,running,162.3223,457.7295,96.5942,37.5204,-0.7967,A,relation-reasoning-agent-eval-v3.1
2026-08-10T21:20:00+09:00,CMP-S03-L03-01,S03,S03-L03,1,running,140.6945,517.3393,96.3943,33.3084,-1.0304,B,relation-reasoning-agent-eval-v3.1
2026-08-10T21:20:00+09:00,CMP-S03-L04-01,S03,S03-L04,1,running,176.0783,380.9418,117.2562,48.7956,1.8478,B,relation-reasoning-agent-eval-v3.1
2026-08-10T21:20:00+09:00,CMP-S03-L05-01,S03,S03-L05,1,running,174.1782,468.2902,98.1,45.1248,0.8063,A,relation-reasoning-agent-eval-v3.1
2026-08-10T21:30:00+09:00,CMP-S03-L01-01,S03,S03-L01,1,running,176.472,491.2086,95.499,40.9749,-0.1065,A,relation-reasoning-agent-eval-v3.1
2026-08-10T21:30:00+09:00,CMP-S03-L02-01,S03,S03-L02,1,running,178.2102,479.5681,98.7375,42.0944,0.0503,A,relation-reasoning-agent-eval-v3.1
2026-08-10T21:30:00+09:00,CMP-S03-L03-01,S03,S03-L03,1,running,150.5637,525.3126,93.726,29.3037,-1.772,B,relation-reasoning-agent-eval-v3.1
2026-08-10T21:30:00+09:00,CMP-S03-L04-01,S03,S03-L04,1,running,169.2352,419.9925,114.2779,47.7689,1.6577,B,relation-reasoning-agent-eval-v3.1
2026-08-10T21:30:00+09:00,CMP-S03-L05-01,S03,S03-L05,1,running,192.272,443.9747,93.9199,47.712,1.2854,B,relation-reasoning-agent-eval-v3.1
2026-08-10T21:40:00+09:00,CMP-S03-L01-01,S03,S03-L01,1,running,191.2958,469.0997,103.7654,39.2708,-0.4221,A,relation-reasoning-agent-eval-v3.1
2026-08-10T21:40:00+09:00,CMP-S03-L02-01,S03,S03-L02,1,running,160.5844,427.2421,103.9862,48.2826,1.1963,B,relation-reasoning-agent-eval-v3.1
2026-08-10T21:40:00+09:00,CMP-S03-L03-01,S03,S03-L03,1,running,158.432,500.2247,98.0902,32.4784,-1.1841,B,relation-reasoning-agent-eval-v3.1
2026-08-10T21:40:00+09:00,CMP-S03-L04-01,S03,S03-L04,1,running,166.9529,420.4172,115.9186,48.2958,1.7553,B,relation-reasoning-agent-eval-v3.1
2026-08-10T21:40:00+09:00,CMP-S03-L05-01,S03,S03-L05,1,running,186.8802,453.1836,91.2586,40.5724,-0.0368,A,relation-reasoning-agent-eval-v3.1
2026-08-10T21:50:00+09:00,CMP-S03-L01-01,S03,S03-L01,1,running,186.2319,425.3866,98.6856,41.2654,-0.0527,A,relation-reasoning-agent-eval-v3.1
2026-08-10T21:50:00+09:00,CMP-S03-L02-01,S03,S03-L02,1,running,163.7832,460.1855,104.49,44.2826,0.4556,A,relation-reasoning-agent-eval-v3.1
2026-08-10T21:50:00+09:00,CMP-S03-L03-01,S03,S03-L03,1,running,174.3723,450.0381,96.4775,35.3118,-0.6594,A,relation-reasoning-agent-eval-v3.1
2026-08-10T21:50:00+09:00,CMP-S03-L04-01,S03,S03-L04,1,running,154.5065,442.303,114.047,40.3553,0.2848,A,relation-reasoning-agent-eval-v3.1
2026-08-10T21:50:00+09:00,CMP-S03-L05-01,S03,S03-L05,1,running,187.4725,497.5132,93.0482,42.1629,0.2578,A,relation-reasoning-agent-eval-v3.1
2026-08-10T22:00:00+09:00,CMP-S03-L01-01,S03,S03-L01,1,running,173.3503,413.5894,95.2528,42.8759,0.2455,A,relation-reasoning-agent-eval-v3.1
2026-08-10T22:00:00+09:00,CMP-S03-L02-01,S03,S03-L02,1,running,153.2405,455.748,101.8452,46.7755,0.9172,A,relation-reasoning-agent-eval-v3.1
2026-08-10T22:00:00+09:00,CMP-S03-L03-01,S03,S03-L03,1,running,174.7347,491.0593,91.8443,41.6099,0.5069,A,relation-reasoning-agent-eval-v3.1
2026-08-10T22:00:00+09:00,CMP-S03-L04-01,S03,S03-L04,1,running,165.6803,446.5556,112.9106,34.4027,-0.8175,A,relation-reasoning-agent-eval-v3.1
2026-08-10T22:00:00+09:00,CMP-S03-L05-01,S03,S03-L05,1,running,180.6501,512.5762,90.4521,43.3899,0.485,A,relation-reasoning-agent-eval-v3.1
2026-08-10T22:10:00+09:00,CMP-S03-L01-01,S03,S03-L01,1,running,179.3113,439.4282,97.5233,40.2908,-0.2332,A,relation-reasoning-agent-eval-v3.1
2026-08-10T22:10:00+09:00,CMP-S03-L02-01,S03,S03-L02,1,running,158.662,441.7616,97.5385,41.5451,-0.0514,A,relation-reasoning-agent-eval-v3.1
2026-08-10T22:10:00+09:00,CMP-S03-L03-01,S03,S03-L03,1,running,160.4043,472.1728,93.0568,46.6054,1.432,B,relation-reasoning-agent-eval-v3.1
2026-08-10T22:10:00+09:00,CMP-S03-L04-01,S03,S03-L04,1,running,166.8721,458.2886,110.0925,31.2457,-1.4021,B,relation-reasoning-agent-eval-v3.1
2026-08-10T22:10:00+09:00,CMP-S03-L05-01,S03,S03-L05,1,running,187.9738,467.1326,88.1733,38.0762,-0.499,A,relation-reasoning-agent-eval-v3.1
2026-08-10T22:20:00+09:00,CMP-S03-L01-01,S03,S03-L01,1,running,162.7444,393.0065,95.46,44.2222,0.4948,A,relation-reasoning-agent-eval-v3.1
2026-08-10T22:20:00+09:00,CMP-S03-L02-01,S03,S03-L02,1,running,152.4847,487.6364,99.5484,42.1521,0.061,A,relation-reasoning-agent-eval-v3.1
2026-08-10T22:20:00+09:00,CMP-S03-L03-01,S03,S03-L03,1,running,147.7513,413.6614,94.8079,39.1725,0.0556,A,relation-reasoning-agent-eval-v3.1
2026-08-10T22:20:00+09:00,CMP-S03-L04-01,S03,S03-L04,1,running,174.9169,486.5783,110.1819,33.3765,-1.0076,B,relation-reasoning-agent-eval-v3.1
2026-08-10T22:20:00+09:00,CMP-S03-L05-01,S03,S03-L05,1,running,181.0766,506.1821,97.3135,43.1301,0.4369,A,relation-reasoning-agent-eval-v3.1
2026-08-10T22:30:00+09:00,CMP-S03-L01-01,S03,S03-L01,1,running,171.5072,418.6106,91.8477,41.6074,0.0106,A,relation-reasoning-agent-eval-v3.1
2026-08-10T22:30:00+09:00,CMP-S03-L02-01,S03,S03-L02,1,running,167.2937,496.8875,95.1227,41.2251,-0.1106,A,relation-reasoning-agent-eval-v3.1
2026-08-10T22:30:00+09:00,CMP-S03-L03-01,S03,S03-L03,1,running,154.2478,392.4241,91.0322,42.7918,0.7258,A,relation-reasoning-agent-eval-v3.1
2026-08-10T22:30:00+09:00,CMP-S03-L04-01,S03,S03-L04,1,running,161.2219,512.5778,115.3772,33.3494,-1.0126,B,relation-reasoning-agent-eval-v3.1
2026-08-10T22:30:00+09:00,CMP-S03-L05-01,S03,S03-L05,1,running,181.3913,510.6184,89.3476,47.6592,1.2756,B,relation-reasoning-agent-eval-v3.1
2026-08-10T22:40:00+09:00,CMP-S03-L01-01,S03,S03-L01,1,running,176.0641,471.9529,93.6417,53.017,2.1235,C,relation-reasoning-agent-eval-v3.1
2026-08-10T22:40:00+09:00,CMP-S03-L02-01,S03,S03-L02,1,running,145.0441,464.3214,95.054,37.8853,-0.7291,A,relation-reasoning-agent-eval-v3.1
2026-08-10T22:40:00+09:00,CMP-S03-L03-01,S03,S03-L03,1,running,167.5053,434.1067,96.7223,42.8522,0.737,A,relation-reasoning-agent-eval-v3.1
2026-08-10T22:40:00+09:00,CMP-S03-L04-01,S03,S03-L04,1,running,159.0836,474.4795,123.6385,35.1055,-0.6874,A,relation-reasoning-agent-eval-v3.1
2026-08-10T22:40:00+09:00,CMP-S03-L05-01,S03,S03-L05,1,running,166.0545,503.1921,93.665,50.3261,1.7695,B,relation-reasoning-agent-eval-v3.1
2026-08-10T22:50:00+09:00,CMP-S03-L01-01,S03,S03-L01,1,running,167.678,530.0385,96.5747,48.2243,1.2359,B,relation-reasoning-agent-eval-v3.1
2026-08-10T22:50:00+09:00,CMP-S03-L02-01,S03,S03-L02,1,running,145.905,486.9608,94.8609,38.4527,-0.6241,A,relation-reasoning-agent-eval-v3.1
2026-08-10T22:50:00+09:00,CMP-S03-L03-01,S03,S03-L03,1,running,156.2868,479.6845,98.5254,47.2309,1.5479,B,relation-reasoning-agent-eval-v3.1
2026-08-10T22:50:00+09:00,CMP-S03-L04-01,S03,S03-L04,1,running,170.4928,437.2342,120.2056,43.2873,0.8278,A,relation-reasoning-agent-eval-v3.1
2026-08-10T22:50:00+09:00,CMP-S03-L05-01,S03,S03-L05,1,running,174.5724,453.5172,91.1844,52.187,2.1141,C,relation-reasoning-agent-eval-v3.1
2026-08-10T23:00:00+09:00,CMP-S03-L01-01,S03,S03-L01,1,running,172.4191,526.6137,99.9116,48.9792,1.3757,B,relation-reasoning-agent-eval-v3.1
2026-08-10T23:00:00+09:00,CMP-S03-L02-01,S03,S03-L02,1,running,159.2589,496.1762,97.2084,36.7013,-0.9484,A,relation-reasoning-agent-eval-v3.1
2026-08-10T23:00:00+09:00,CMP-S03-L03-01,S03,S03-L03,1,running,157.82,410.8884,89.8955,49.0692,1.8883,B,relation-reasoning-agent-eval-v3.1
2026-08-10T23:00:00+09:00,CMP-S03-L04-01,S03,S03-L04,1,running,154.5833,486.9868,113.6575,42.6319,0.7064,A,relation-reasoning-agent-eval-v3.1
2026-08-10T23:00:00+09:00,CMP-S03-L05-01,S03,S03-L05,1,running,157.447,415.1412,93.7064,50.0367,1.7159,B,relation-reasoning-agent-eval-v3.1
2026-08-10T23:10:00+09:00,CMP-S03-L01-01,S03,S03-L01,1,running,164.157,530.6911,97.4676,46.9084,0.9923,A,relation-reasoning-agent-eval-v3.1
2026-08-10T23:10:00+09:00,CMP-S03-L02-01,S03,S03-L02,1,running,164.8996,508.2558,95.2263,39.9133,-0.3536,A,relation-reasoning-agent-eval-v3.1
2026-08-10T23:10:00+09:00,CMP-S03-L03-01,S03,S03-L03,1,running,172.1712,404.3311,87.5758,46.8954,1.4857,B,relation-reasoning-agent-eval-v3.1
2026-08-10T23:10:00+09:00,CMP-S03-L04-01,S03,S03-L04,1,running,148.6382,545.724,108.3961,37.375,-0.2671,A,relation-reasoning-agent-eval-v3.1
2026-08-10T23:10:00+09:00,CMP-S03-L05-01,S03,S03-L05,1,running,150.1879,441.3503,95.8356,44.5485,0.6995,A,relation-reasoning-agent-eval-v3.1
2026-08-10T23:20:00+09:00,CMP-S03-L01-01,S03,S03-L01,1,running,158.8846,521.3337,100.2081,48.554,1.297,B,relation-reasoning-agent-eval-v3.1
2026-08-10T23:20:00+09:00,CMP-S03-L02-01,S03,S03-L02,1,running,154.8367,529.7432,97.0685,40.2053,-0.2995,A,relation-reasoning-agent-eval-v3.1
2026-08-10T23:20:00+09:00,CMP-S03-L03-01,S03,S03-L03,1,running,149.1251,380.9755,85.2205,41.3492,0.4587,A,relation-reasoning-agent-eval-v3.1
2026-08-10T23:20:00+09:00,CMP-S03-L04-01,S03,S03-L04,1,running,157.7438,492.3976,103.9667,42.9287,0.7614,A,relation-reasoning-agent-eval-v3.1
2026-08-10T23:20:00+09:00,CMP-S03-L05-01,S03,S03-L05,1,running,139.8555,436.9172,98.2094,43.4323,0.4929,A,relation-reasoning-agent-eval-v3.1
2026-08-10T23:30:00+09:00,CMP-S03-L01-01,S03,S03-L01,1,running,176.9846,433.0355,93.8934,43.9966,0.453,A,relation-reasoning-agent-eval-v3.1
2026-08-10T23:30:00+09:00,CMP-S03-L02-01,S03,S03-L02,1,running,158.933,522.5814,106.1733,47.5583,1.0622,B,relation-reasoning-agent-eval-v3.1
2026-08-10T23:30:00+09:00,CMP-S03-L03-01,S03,S03-L03,1,running,149.8803,393.2645,86.1035,39.7218,0.1573,A,relation-reasoning-agent-eval-v3.1
2026-08-10T23:30:00+09:00,CMP-S03-L04-01,S03,S03-L04,1,running,150.0056,498.5037,101.8274,42.2607,0.6377,A,relation-reasoning-agent-eval-v3.1
2026-08-10T23:30:00+09:00,CMP-S03-L05-01,S03,S03-L05,1,running,155.0888,410.7707,96.5694,40.5119,-0.048,A,relation-reasoning-agent-eval-v3.1
2026-08-10T23:40:00+09:00,CMP-S03-L01-01,S03,S03-L01,1,running,159.2677,427.3975,96.9939,43.6348,0.386,A,relation-reasoning-agent-eval-v3.1
2026-08-10T23:40:00+09:00,CMP-S03-L02-01,S03,S03-L02,1,running,174.1456,518.6236,100.3336,48.1043,1.1633,B,relation-reasoning-agent-eval-v3.1
2026-08-10T23:40:00+09:00,CMP-S03-L03-01,S03,S03-L03,1,running,146.3166,407.1643,84.306,36.4964,-0.44,A,relation-reasoning-agent-eval-v3.1
2026-08-10T23:40:00+09:00,CMP-S03-L04-01,S03,S03-L04,1,running,146.7046,494.7061,91.8874,40.1352,0.2441,A,relation-reasoning-agent-eval-v3.1
2026-08-10T23:40:00+09:00,CMP-S03-L05-01,S03,S03-L05,1,running,175.3246,450.6096,98.4444,36.0461,-0.875,A,relation-reasoning-agent-eval-v3.1
2026-08-10T23:50:00+09:00,CMP-S03-L01-01,S03,S03-L01,1,running,189.9098,446.765,91.1154,37.5048,-0.7492,A,relation-reasoning-agent-eval-v3.1
2026-08-10T23:50:00+09:00,CMP-S03-L02-01,S03,S03-L02,1,running,168.2976,452.9743,105.0682,47.5418,1.0591,B,relation-reasoning-agent-eval-v3.1
2026-08-10T23:50:00+09:00,CMP-S03-L03-01,S03,S03-L03,1,running,129.3319,397.0186,81.5768,34.4348,-0.8218,A,relation-reasoning-agent-eval-v3.1
2026-08-10T23:50:00+09:00,CMP-S03-L04-01,S03,S03-L04,1,running,157.8037,447.749,92.271,44.706,1.0905,B,relation-reasoning-agent-eval-v3.1
2026-08-10T23:50:00+09:00,CMP-S03-L05-01,S03,S03-L05,1,running,194.4572,469.4281,98.4978,37.0652,-0.6862,A,relation-reasoning-agent-eval-v3.1
2026-08-11T00:00:00+09:00,CMP-S03-L01-01,S03,S03-L01,1,running,184.7308,395.7341,95.2483,35.0949,-1.1954,B,relation-reasoning-agent-eval-v3.1
2026-08-11T00:00:00+09:00,CMP-S03-L02-01,S03,S03-L02,1,running,153.7303,456.621,107.8617,46.1082,0.7936,A,relation-reasoning-agent-eval-v3.1
2026-08-11T00:00:00+09:00,CMP-S03-L03-01,S03,S03-L03,1,running,150.1933,413.056,87.7141,33.4237,-1.009,B,relation-reasoning-agent-eval-v3.1
2026-08-11T00:00:00+09:00,CMP-S03-L04-01,S03,S03-L04,1,running,184.6046,443.0575,91.6527,41.6738,0.529,A,relation-reasoning-agent-eval-v3.1
2026-08-11T00:00:00+09:00,CMP-S03-L05-01,S03,S03-L05,1,running,214.3124,470.44,95.5817,43.547,0.5141,A,relation-reasoning-agent-eval-v3.1
2026-08-11T00:10:00+09:00,CMP-S03-L01-01,S03,S03-L01,1,running,184.1115,378.53,95.5533,36.2248,-0.9862,A,relation-reasoning-agent-eval-v3.1
2026-08-11T00:10:00+09:00,CMP-S03-L02-01,S03,S03-L02,1,running,146.2695,470.2049,105.6218,47.1134,0.9798,A,relation-reasoning-agent-eval-v3.1
2026-08-11T00:10:00+09:00,CMP-S03-L03-01,S03,S03-L03,1,running,157.5754,402.1603,93.6326,35.2686,-0.6674,A,relation-reasoning-agent-eval-v3.1
2026-08-11T00:10:00+09:00,CMP-S03-L04-01,S03,S03-L04,1,running,169.4241,408.5611,95.222,39.4014,0.1082,A,relation-reasoning-agent-eval-v3.1
2026-08-11T00:10:00+09:00,CMP-S03-L05-01,S03,S03-L05,1,running,202.2205,484.4234,93.8289,42.7175,0.3605,A,relation-reasoning-agent-eval-v3.1
2026-08-11T00:20:00+09:00,CMP-S03-L01-01,S03,S03-L01,1,running,193.4114,392.8116,102.0677,44.9295,0.6258,A,relation-reasoning-agent-eval-v3.1
2026-08-11T00:20:00+09:00,CMP-S03-L02-01,S03,S03-L02,1,running,155.4304,480.416,106.4752,46.6082,0.8862,A,relation-reasoning-agent-eval-v3.1
2026-08-11T00:20:00+09:00,CMP-S03-L03-01,S03,S03-L03,1,running,164.3643,368.9184,90.5601,33.6171,-0.9732,A,relation-reasoning-agent-eval-v3.1
2026-08-11T00:20:00+09:00,CMP-S03-L04-01,S03,S03-L04,1,running,190.4359,405.1776,92.0708,36.3112,-0.4641,A,relation-reasoning-agent-eval-v3.1
2026-08-11T00:20:00+09:00,CMP-S03-L05-01,S03,S03-L05,1,running,190.8953,490.8652,86.2044,38.918,-0.3431,A,relation-reasoning-agent-eval-v3.1
2026-08-11T00:30:00+09:00,CMP-S03-L01-01,S03,S03-L01,1,running,189.2324,476.3646,101.3634,43.7746,0.4119,A,relation-reasoning-agent-eval-v3.1
2026-08-11T00:30:00+09:00,CMP-S03-L02-01,S03,S03-L02,1,running,186.7781,517.529,110.2121,42.2717,0.0832,A,relation-reasoning-agent-eval-v3.1
2026-08-11T00:30:00+09:00,CMP-S03-L03-01,S03,S03-L03,1,running,169.102,449.6041,86.2898,35.1352,-0.6921,A,relation-reasoning-agent-eval-v3.1
2026-08-11T00:30:00+09:00,CMP-S03-L04-01,S03,S03-L04,1,running,181.6456,456.4341,92.7968,35.6177,-0.5925,A,relation-reasoning-agent-eval-v3.1
2026-08-11T00:30:00+09:00,CMP-S03-L05-01,S03,S03-L05,1,running,185.9961,479.421,94.9524,34.3249,-1.1937,B,relation-reasoning-agent-eval-v3.1
2026-08-11T00:40:00+09:00,CMP-S03-L01-01,S03,S03-L01,1,running,178.9293,513.7241,96.3526,39.0687,-0.4595,A,relation-reasoning-agent-eval-v3.1
2026-08-11T00:40:00+09:00,CMP-S03-L02-01,S03,S03-L02,1,running,174.3199,488.5372,112.9286,40.7704,-0.1949,A,relation-reasoning-agent-eval-v3.1
2026-08-11T00:40:00+09:00,CMP-S03-L03-01,S03,S03-L03,1,running,162.1379,472.7057,92.2767,36.5804,-0.4245,A,relation-reasoning-agent-eval-v3.1
2026-08-11T00:40:00+09:00,CMP-S03-L04-01,S03,S03-L04,1,running,166.3799,468.5168,97.3046,37.5213,-0.24,A,relation-reasoning-agent-eval-v3.1
2026-08-11T00:40:00+09:00,CMP-S03-L05-01,S03,S03-L05,1,running,184.25,481.0942,94.4766,39.4141,-0.2513,A,relation-reasoning-agent-eval-v3.1
2026-08-11T00:50:00+09:00,CMP-S03-L01-01,S03,S03-L01,1,running,164.5321,492.3338,90.0147,42.1038,0.1025,A,relation-reasoning-agent-eval-v3.1
2026-08-11T00:50:00+09:00,CMP-S03-L02-01,S03,S03-L02,1,running,188.8382,479.7878,114.3779,47.8449,1.1152,B,relation-reasoning-agent-eval-v3.1
2026-08-11T00:50:00+09:00,CMP-S03-L03-01,S03,S03-L03,1,running,164.0556,446.0945,99.2137,41.4869,0.4842,A,relation-reasoning-agent-eval-v3.1
2026-08-11T00:50:00+09:00,CMP-S03-L04-01,S03,S03-L04,1,running,160.3031,429.5488,97.588,32.1602,-1.2328,B,relation-reasoning-agent-eval-v3.1
2026-08-11T00:50:00+09:00,CMP-S03-L05-01,S03,S03-L05,1,running,181.9951,480.2431,95.3205,43.9347,0.5859,A,relation-reasoning-agent-eval-v3.1
2026-08-11T01:00:00+09:00,CMP-S03-L01-01,S03,S03-L01,1,running,159.475,469.0675,93.4932,35.6934,-1.0846,B,relation-reasoning-agent-eval-v3.1
2026-08-11T01:00:00+09:00,CMP-S03-L02-01,S03,S03-L02,1,running,187.5132,493.197,109.3485,43.3917,0.2906,A,relation-reasoning-agent-eval-v3.1
2026-08-11T01:00:00+09:00,CMP-S03-L03-01,S03,S03-L03,1,running,166.9407,448.513,100.6711,38.0843,-0.146,A,relation-reasoning-agent-eval-v3.1
2026-08-11T01:00:00+09:00,CMP-S03-L04-01,S03,S03-L04,1,running,179.521,413.4102,102.1027,31.8512,-1.29,B,relation-reasoning-agent-eval-v3.1
2026-08-11T01:00:00+09:00,CMP-S03-L05-01,S03,S03-L05,1,running,152.6322,484.8811,100.9395,43.5891,0.5219,A,relation-reasoning-agent-eval-v3.1
2026-08-11T01:10:00+09:00,CMP-S03-L01-01,S03,S03-L01,1,running,155.1817,443.2446,94.3471,35.2754,-1.162,B,relation-reasoning-agent-eval-v3.1
2026-08-11T01:10:00+09:00,CMP-S03-L02-01,S03,S03-L02,1,running,175.0932,512.5224,108.0584,37.1123,-0.8723,A,relation-reasoning-agent-eval-v3.1
2026-08-11T01:10:00+09:00,CMP-S03-L03-01,S03,S03-L03,1,running,182.5039,425.4405,105.3936,40.5234,0.3057,A,relation-reasoning-agent-eval-v3.1
2026-08-11T01:10:00+09:00,CMP-S03-L04-01,S03,S03-L04,1,running,178.7581,409.5183,109.6638,35.5144,-0.6117,A,relation-reasoning-agent-eval-v3.1
2026-08-11T01:10:00+09:00,CMP-S03-L05-01,S03,S03-L05,1,running,171.7656,510.5801,96.1173,41.3435,0.106,A,relation-reasoning-agent-eval-v3.1
2026-08-11T01:20:00+09:00,CMP-S03-L01-01,S03,S03-L01,1,running,150.6397,462.7038,99.4263,38.6705,-0.5333,A,relation-reasoning-agent-eval-v3.1
2026-08-11T01:20:00+09:00,CMP-S03-L02-01,S03,S03-L02,1,running,177.2266,513.1299,106.7054,41.8216,-0.0002,A,relation-reasoning-agent-eval-v3.1
2026-08-11T01:20:00+09:00,CMP-S03-L03-01,S03,S03-L03,1,running,173.4818,472.7215,100.4665,40.0316,0.2147,A,relation-reasoning-agent-eval-v3.1
2026-08-11T01:20:00+09:00,CMP-S03-L04-01,S03,S03-L04,1,running,179.8914,450.1305,105.2396,33.5649,-0.9727,A,relation-reasoning-agent-eval-v3.1
2026-08-11T01:20:00+09:00,CMP-S03-L05-01,S03,S03-L05,1,running,169.6236,451.906,99.9466,39.8688,-0.1671,A,relation-reasoning-agent-eval-v3.1
2026-08-11T01:30:00+09:00,CMP-S03-L01-01,S03,S03-L01,1,running,158.1152,460.6284,98.0445,41.7112,0.0298,A,relation-reasoning-agent-eval-v3.1
2026-08-11T01:30:00+09:00,CMP-S03-L02-01,S03,S03-L02,1,running,168.6532,485.9405,97.9913,45.8055,0.7376,A,relation-reasoning-agent-eval-v3.1
2026-08-11T01:30:00+09:00,CMP-S03-L03-01,S03,S03-L03,1,running,164.292,454.8921,89.5818,41.0456,0.4024,A,relation-reasoning-agent-eval-v3.1
2026-08-11T01:30:00+09:00,CMP-S03-L04-01,S03,S03-L04,1,running,174.2604,453.6568,103.541,35.4814,-0.6178,A,relation-reasoning-agent-eval-v3.1
2026-08-11T01:30:00+09:00,CMP-S03-L05-01,S03,S03-L05,1,running,165.4677,464.4492,99.7285,35.8148,-0.9178,A,relation-reasoning-agent-eval-v3.1
2026-08-11T01:40:00+09:00,CMP-S03-L01-01,S03,S03-L01,1,running,159.5816,426.0934,97.6201,44.5637,0.5581,A,relation-reasoning-agent-eval-v3.1
2026-08-11T01:40:00+09:00,CMP-S03-L02-01,S03,S03-L02,1,running,170.4722,467.8425,100.9067,46.6133,0.8872,A,relation-reasoning-agent-eval-v3.1
2026-08-11T01:40:00+09:00,CMP-S03-L03-01,S03,S03-L03,1,running,158.075,472.1586,78.2121,42.7146,0.7115,A,relation-reasoning-agent-eval-v3.1
2026-08-11T01:40:00+09:00,CMP-S03-L04-01,S03,S03-L04,1,running,149.0584,511.6649,108.7424,34.2108,-0.8531,A,relation-reasoning-agent-eval-v3.1
2026-08-11T01:40:00+09:00,CMP-S03-L05-01,S03,S03-L05,1,running,169.8624,445.5331,95.2997,46.0317,0.9742,A,relation-reasoning-agent-eval-v3.1
2026-08-11T01:50:00+09:00,CMP-S03-L01-01,S03,S03-L01,1,running,180.8455,465.8726,96.4754,44.1575,0.4828,A,relation-reasoning-agent-eval-v3.1
2026-08-11T01:50:00+09:00,CMP-S03-L02-01,S03,S03-L02,1,running,176.863,422.7811,99.6089,35.265,-1.2144,B,relation-reasoning-agent-eval-v3.1
2026-08-11T01:50:00+09:00,CMP-S03-L03-01,S03,S03-L03,1,running,154.3707,438.577,96.9448,35.6633,-0.5943,A,relation-reasoning-agent-eval-v3.1
2026-08-11T01:50:00+09:00,CMP-S03-L04-01,S03,S03-L04,1,running,159.687,509.1109,101.6756,34.0128,-0.8897,A,relation-reasoning-agent-eval-v3.1
2026-08-11T01:50:00+09:00,CMP-S03-L05-01,S03,S03-L05,1,running,190.1557,450.398,102.0694,35.4971,-0.9766,A,relation-reasoning-agent-eval-v3.1
2026-08-11T02:00:00+09:00,CMP-S03-L01-01,S03,S03-L01,1,running,189.2928,469.2625,94.4341,40.9321,-0.1145,A,relation-reasoning-agent-eval-v3.1
2026-08-11T02:00:00+09:00,CMP-S03-L02-01,S03,S03-L02,1,running,179.4491,449.6609,102.0231,35.2893,-1.2099,B,relation-reasoning-agent-eval-v3.1
2026-08-11T02:00:00+09:00,CMP-S03-L03-01,S03,S03-L03,1,running,161.2119,351.973,99.3623,36.1882,-0.4971,A,relation-reasoning-agent-eval-v3.1
2026-08-11T02:00:00+09:00,CMP-S03-L04-01,S03,S03-L04,1,running,160.7268,537.5283,96.2886,38.2237,-0.1099,A,relation-reasoning-agent-eval-v3.1
2026-08-11T02:00:00+09:00,CMP-S03-L05-01,S03,S03-L05,1,running,180.5333,437.443,98.913,29.6567,-2.0582,C,relation-reasoning-agent-eval-v3.1
2026-08-11T02:10:00+09:00,CMP-S03-L01-01,S03,S03-L01,1,running,203.704,489.9587,99.7743,38.6663,-0.5341,A,relation-reasoning-agent-eval-v3.1
2026-08-11T02:10:00+09:00,CMP-S03-L02-01,S03,S03-L02,1,running,173.4318,483.199,102.2573,36.1734,-1.0462,B,relation-reasoning-agent-eval-v3.1
2026-08-11T02:10:00+09:00,CMP-S03-L03-01,S03,S03-L03,1,running,158.7318,358.6672,99.4591,35.9991,-0.5321,A,relation-reasoning-agent-eval-v3.1
2026-08-11T02:10:00+09:00,CMP-S03-L04-01,S03,S03-L04,1,running,160.6458,537.253,101.0732,42.0674,0.6019,A,relation-reasoning-agent-eval-v3.1
2026-08-11T02:10:00+09:00,CMP-S03-L05-01,S03,S03-L05,1,running,158.575,456.1556,103.2927,33.0115,-1.4369,B,relation-reasoning-agent-eval-v3.1
2026-08-11T02:20:00+09:00,CMP-S03-L01-01,S03,S03-L01,1,running,193.974,487.2357,88.0986,36.1043,-1.0085,B,relation-reasoning-agent-eval-v3.1
2026-08-11T02:20:00+09:00,CMP-S03-L02-01,S03,S03-L02,1,running,149.7418,484.918,95.4249,37.1783,-0.8601,A,relation-reasoning-agent-eval-v3.1
2026-08-11T02:20:00+09:00,CMP-S03-L03-01,S03,S03-L03,1,running,169.254,417.778,96.8902,43.4852,0.8542,A,relation-reasoning-agent-eval-v3.1
2026-08-11T02:20:00+09:00,CMP-S03-L04-01,S03,S03-L04,1,running,174.6842,497.1654,100.0396,36.863,-0.3619,A,relation-reasoning-agent-eval-v3.1
2026-08-11T02:20:00+09:00,CMP-S03-L05-01,S03,S03-L05,1,running,156.0856,484.71,106.536,32.2911,-1.5703,B,relation-reasoning-agent-eval-v3.1
2026-08-11T02:30:00+09:00,CMP-S03-L01-01,S03,S03-L01,1,running,179.8321,490.3689,93.4346,38.9648,-0.4788,A,relation-reasoning-agent-eval-v3.1
2026-08-11T02:30:00+09:00,CMP-S03-L02-01,S03,S03-L02,1,running,159.5528,470.0033,93.8702,36.357,-1.0122,B,relation-reasoning-agent-eval-v3.1
2026-08-11T02:30:00+09:00,CMP-S03-L03-01,S03,S03-L03,1,running,162.9305,460.1317,95.6176,46.5243,1.417,B,relation-reasoning-agent-eval-v3.1
2026-08-11T02:30:00+09:00,CMP-S03-L04-01,S03,S03-L04,1,running,169.8902,477.7176,102.2406,42.2826,0.6417,A,relation-reasoning-agent-eval-v3.1
2026-08-11T02:30:00+09:00,CMP-S03-L05-01,S03,S03-L05,1,running,175.0453,435.5639,109.3959,31.3886,-1.7375,B,relation-reasoning-agent-eval-v3.1
2026-08-11T02:40:00+09:00,CMP-S03-L01-01,S03,S03-L01,1,running,170.06,474.2203,91.0279,38.4669,-0.571,A,relation-reasoning-agent-eval-v3.1
2026-08-11T02:40:00+09:00,CMP-S03-L02-01,S03,S03-L02,1,running,150.9036,505.4783,97.78,37.9162,-0.7234,A,relation-reasoning-agent-eval-v3.1
2026-08-11T02:40:00+09:00,CMP-S03-L03-01,S03,S03-L03,1,running,172.7352,424.4349,90.3243,49.4747,1.9634,B,relation-reasoning-agent-eval-v3.1
2026-08-11T02:40:00+09:00,CMP-S03-L04-01,S03,S03-L04,1,running,170.6734,466.4246,93.6973,47.9057,1.683,B,relation-reasoning-agent-eval-v3.1
2026-08-11T02:40:00+09:00,CMP-S03-L05-01,S03,S03-L05,1,running,182.3028,440.0176,103.0751,30.4636,-1.9088,B,relation-reasoning-agent-eval-v3.1
2026-08-11T02:50:00+09:00,CMP-S03-L01-01,S03,S03-L01,1,running,168.7755,483.4306,96.9506,36.1373,-1.0024,B,relation-reasoning-agent-eval-v3.1
2026-08-11T02:50:00+09:00,CMP-S03-L02-01,S03,S03-L02,1,running,163.8539,511.3198,105.8151,41.951,0.0238,A,relation-reasoning-agent-eval-v3.1
2026-08-11T02:50:00+09:00,CMP-S03-L03-01,S03,S03-L03,1,running,165.9055,430.6988,92.2345,49.0446,1.8837,B,relation-reasoning-agent-eval-v3.1
2026-08-11T02:50:00+09:00,CMP-S03-L04-01,S03,S03-L04,1,running,182.7442,416.2636,99.8235,49.4303,1.9654,B,relation-reasoning-agent-eval-v3.1
2026-08-11T02:50:00+09:00,CMP-S03-L05-01,S03,S03-L05,1,running,179.0578,461.7204,100.8713,33.0988,-1.4208,B,relation-reasoning-agent-eval-v3.1
2026-08-11T03:00:00+09:00,CMP-S03-L01-01,S03,S03-L01,1,running,170.7921,503.2038,91.5293,35.6814,-1.0868,B,relation-reasoning-agent-eval-v3.1
2026-08-11T03:00:00+09:00,CMP-S03-L02-01,S03,S03-L02,1,running,156.9876,487.4805,97.6065,38.2709,-0.6577,A,relation-reasoning-agent-eval-v3.1
2026-08-11T03:00:00+09:00,CMP-S03-L03-01,S03,S03-L03,1,running,178.0332,442.0685,98.2108,44.5043,1.0429,B,relation-reasoning-agent-eval-v3.1
2026-08-11T03:00:00+09:00,CMP-S03-L04-01,S03,S03-L04,1,running,156.6544,407.0017,95.0579,41.9575,0.5815,A,relation-reasoning-agent-eval-v3.1
2026-08-11T03:00:00+09:00,CMP-S03-L05-01,S03,S03-L05,1,running,165.6866,452.8079,103.8824,36.8294,-0.7299,A,relation-reasoning-agent-eval-v3.1
2026-08-11T03:10:00+09:00,CMP-S03-L01-01,S03,S03-L01,1,running,168.6439,473.6433,91.4464,30.9125,-1.9699,B,relation-reasoning-agent-eval-v3.1
2026-08-11T03:10:00+09:00,CMP-S03-L02-01,S03,S03-L02,1,running,157.3359,451.9926,94.7053,33.2507,-1.5874,B,relation-reasoning-agent-eval-v3.1
2026-08-11T03:10:00+09:00,CMP-S03-L03-01,S03,S03-L03,1,running,176.2172,452.3296,102.6299,39.5043,0.117,A,relation-reasoning-agent-eval-v3.1
2026-08-11T03:10:00+09:00,CMP-S03-L04-01,S03,S03-L04,1,running,164.3004,447.6518,93.7247,39.2394,0.0782,A,relation-reasoning-agent-eval-v3.1
2026-08-11T03:10:00+09:00,CMP-S03-L05-01,S03,S03-L05,1,running,162.9898,460.3152,103.1933,33.4963,-1.3472,B,relation-reasoning-agent-eval-v3.1
2026-08-11T03:20:00+09:00,CMP-S03-L01-01,S03,S03-L01,1,running,166.0569,477.7102,96.4597,37.3572,-0.7765,A,relation-reasoning-agent-eval-v3.1
2026-08-11T03:20:00+09:00,CMP-S03-L02-01,S03,S03-L02,1,running,173.202,440.3527,94.4002,31.5294,-1.9062,B,relation-reasoning-agent-eval-v3.1
2026-08-11T03:20:00+09:00,CMP-S03-L03-01,S03,S03-L03,1,running,168.1359,445.2556,98.8156,36.413,-0.4555,A,relation-reasoning-agent-eval-v3.1
2026-08-11T03:20:00+09:00,CMP-S03-L04-01,S03,S03-L04,1,running,175.8435,434.1157,98.1395,40.358,0.2853,A,relation-reasoning-agent-eval-v3.1
2026-08-11T03:20:00+09:00,CMP-S03-L05-01,S03,S03-L05,1,running,180.8431,475.8837,97.5566,40.8243,0.0099,A,relation-reasoning-agent-eval-v3.1
2026-08-11T03:30:00+09:00,CMP-S03-L01-01,S03,S03-L01,1,running,146.9399,478.1356,94.8045,36.104,-1.0086,B,relation-reasoning-agent-eval-v3.1
2026-08-11T03:30:00+09:00,CMP-S03-L02-01,S03,S03-L02,1,running,150.2849,414.3969,90.621,35.6146,-1.1496,B,relation-reasoning-agent-eval-v3.1
2026-08-11T03:30:00+09:00,CMP-S03-L03-01,S03,S03-L03,1,running,175.3278,415.7824,93.5715,33.1764,-1.0548,B,relation-reasoning-agent-eval-v3.1
2026-08-11T03:30:00+09:00,CMP-S03-L04-01,S03,S03-L04,1,running,184.5961,426.4698,90.4649,52.0322,2.4472,C,relation-reasoning-agent-eval-v3.1
2026-08-11T03:30:00+09:00,CMP-S03-L05-01,S03,S03-L05,1,running,192.3617,488.4825,101.2179,36.4208,-0.8056,A,relation-reasoning-agent-eval-v3.1
2026-08-11T03:40:00+09:00,CMP-S03-L01-01,S03,S03-L01,1,running,162.1567,473.7259,91.7813,40.9058,-0.1193,A,relation-reasoning-agent-eval-v3.1
2026-08-11T03:40:00+09:00,CMP-S03-L02-01,S03,S03-L02,1,running,159.4015,439.1662,97.6813,28.8422,-2.4038,C,relation-reasoning-agent-eval-v3.1
2026-08-11T03:40:00+09:00,CMP-S03-L03-01,S03,S03-L03,1,running,182.6299,376.5205,91.2986,26.7656,-2.242,C,relation-reasoning-agent-eval-v3.1
2026-08-11T03:40:00+09:00,CMP-S03-L04-01,S03,S03-L04,1,running,183.2648,465.8294,90.2357,49.0337,1.8919,B,relation-reasoning-agent-eval-v3.1
2026-08-11T03:40:00+09:00,CMP-S03-L05-01,S03,S03-L05,1,running,187.766,472.094,97.5974,45.3757,0.8527,A,relation-reasoning-agent-eval-v3.1
2026-08-11T03:50:00+09:00,CMP-S03-L01-01,S03,S03-L01,1,running,166.7339,482.0642,94.6648,48.5235,1.2913,B,relation-reasoning-agent-eval-v3.1
2026-08-11T03:50:00+09:00,CMP-S03-L02-01,S03,S03-L02,1,running,136.5851,431.2837,102.871,38.2805,-0.6559,A,relation-reasoning-agent-eval-v3.1
2026-08-11T03:50:00+09:00,CMP-S03-L03-01,S03,S03-L03,1,running,175.5581,381.8537,94.3621,38.4783,-0.073,A,relation-reasoning-agent-eval-v3.1
2026-08-11T03:50:00+09:00,CMP-S03-L04-01,S03,S03-L04,1,running,182.4846,475.735,95.5284,46.4644,1.4161,B,relation-reasoning-agent-eval-v3.1
2026-08-11T03:50:00+09:00,CMP-S03-L05-01,S03,S03-L05,1,running,191.6632,459.1822,100.196,41.4758,0.1305,A,relation-reasoning-agent-eval-v3.1
2026-08-11T04:00:00+09:00,CMP-S03-L01-01,S03,S03-L01,1,running,156.0322,455.2113,97.9912,50.1273,1.5883,B,relation-reasoning-agent-eval-v3.1
2026-08-11T04:00:00+09:00,CMP-S03-L02-01,S03,S03-L02,1,running,137.8454,436.9678,108.0181,39.0614,-0.5113,A,relation-reasoning-agent-eval-v3.1
2026-08-11T04:00:00+09:00,CMP-S03-L03-01,S03,S03-L03,1,running,170.197,420.3742,92.5225,44.0327,0.9556,A,relation-reasoning-agent-eval-v3.1
2026-08-11T04:00:00+09:00,CMP-S03-L04-01,S03,S03-L04,1,running,179.6756,513.0816,91.9402,42.1292,0.6133,A,relation-reasoning-agent-eval-v3.1
2026-08-11T04:00:00+09:00,CMP-S03-L05-01,S03,S03-L05,1,running,189.6023,406.6009,102.0149,38.824,-0.3605,A,relation-reasoning-agent-eval-v3.1
2026-08-11T04:10:00+09:00,CMP-S03-L01-01,S03,S03-L01,1,running,143.1991,456.9936,90.1922,48.3807,1.2649,B,relation-reasoning-agent-eval-v3.1
2026-08-11T04:10:00+09:00,CMP-S03-L02-01,S03,S03-L02,1,running,136.6014,423.5179,106.9837,35.7291,-1.1284,B,relation-reasoning-agent-eval-v3.1
2026-08-11T04:10:00+09:00,CMP-S03-L03-01,S03,S03-L03,1,running,174.5507,384.4455,103.2985,46.8746,1.4819,B,relation-reasoning-agent-eval-v3.1
2026-08-11T04:10:00+09:00,CMP-S03-L04-01,S03,S03-L04,1,running,192.9604,506.1026,99.7285,35.1992,-0.67,A,relation-reasoning-agent-eval-v3.1
2026-08-11T04:10:00+09:00,CMP-S03-L05-01,S03,S03-L05,1,running,198.0862,430.8171,100.2375,36.7049,-0.753,A,relation-reasoning-agent-eval-v3.1
2026-08-11T04:20:00+09:00,CMP-S03-L01-01,S03,S03-L01,1,running,150.0555,453.5611,96.4854,52.3842,2.0063,C,relation-reasoning-agent-eval-v3.1
2026-08-11T04:20:00+09:00,CMP-S03-L02-01,S03,S03-L02,1,running,130.2289,465.5542,115.0142,37.4191,-0.8155,A,relation-reasoning-agent-eval-v3.1
2026-08-11T04:20:00+09:00,CMP-S03-L03-01,S03,S03-L03,1,running,170.341,400.0767,103.6121,45.6455,1.2543,B,relation-reasoning-agent-eval-v3.1
2026-08-11T04:20:00+09:00,CMP-S03-L04-01,S03,S03-L04,1,running,186.2101,476.7494,103.1379,33.7105,-0.9457,A,relation-reasoning-agent-eval-v3.1
2026-08-11T04:20:00+09:00,CMP-S03-L05-01,S03,S03-L05,1,running,199.2562,434.4343,106.6428,30.4375,-1.9136,B,relation-reasoning-agent-eval-v3.1
2026-08-11T04:30:00+09:00,CMP-S03-L01-01,S03,S03-L01,1,running,157.0883,480.8876,98.4742,39.7697,-0.3297,A,relation-reasoning-agent-eval-v3.1
2026-08-11T04:30:00+09:00,CMP-S03-L02-01,S03,S03-L02,1,running,139.2247,471.6375,110.1241,46.0263,0.7785,A,relation-reasoning-agent-eval-v3.1
2026-08-11T04:30:00+09:00,CMP-S03-L03-01,S03,S03-L03,1,running,173.0863,407.9611,100.6191,50.1013,2.0794,C,relation-reasoning-agent-eval-v3.1
2026-08-11T04:30:00+09:00,CMP-S03-L04-01,S03,S03-L04,1,running,192.5537,496.5689,100.2458,36.9538,-0.3451,A,relation-reasoning-agent-eval-v3.1
2026-08-11T04:30:00+09:00,CMP-S03-L05-01,S03,S03-L05,1,running,185.7351,434.2952,102.3547,34.5099,-1.1594,B,relation-reasoning-agent-eval-v3.1
2026-08-11T04:40:00+09:00,CMP-S03-L01-01,S03,S03-L01,1,running,159.0194,512.9672,94.9025,46.8543,0.9822,A,relation-reasoning-agent-eval-v3.1
2026-08-11T04:40:00+09:00,CMP-S03-L02-01,S03,S03-L02,1,running,134.0958,433.3831,109.3898,45.0906,0.6052,A,relation-reasoning-agent-eval-v3.1
2026-08-11T04:40:00+09:00,CMP-S03-L03-01,S03,S03-L03,1,running,179.4254,422.2689,101.2533,51.2121,2.2851,C,relation-reasoning-agent-eval-v3.1
2026-08-11T04:40:00+09:00,CMP-S03-L04-01,S03,S03-L04,1,running,173.2868,499.1889,111.2701,35.7824,-0.562,A,relation-reasoning-agent-eval-v3.1
2026-08-11T04:40:00+09:00,CMP-S03-L05-01,S03,S03-L05,1,running,165.8727,429.7894,104.0434,38.5844,-0.4049,A,relation-reasoning-agent-eval-v3.1
2026-08-11T04:50:00+09:00,CMP-S03-L01-01,S03,S03-L01,1,running,161.6814,549.4264,97.7376,44.9352,0.6269,A,relation-reasoning-agent-eval-v3.1
2026-08-11T04:50:00+09:00,CMP-S03-L02-01,S03,S03-L02,1,running,148.6095,536.7425,110.4824,45.2265,0.6303,A,relation-reasoning-agent-eval-v3.1
2026-08-11T04:50:00+09:00,CMP-S03-L03-01,S03,S03-L03,1,running,194.6441,445.5662,101.2646,45.4442,1.217,B,relation-reasoning-agent-eval-v3.1
2026-08-11T04:50:00+09:00,CMP-S03-L04-01,S03,S03-L04,1,running,182.6404,484.3384,114.4515,35.1858,-0.6725,A,relation-reasoning-agent-eval-v3.1
2026-08-11T04:50:00+09:00,CMP-S03-L05-01,S03,S03-L05,1,running,163.4799,446.5928,107.6248,30.7094,-1.8633,B,relation-reasoning-agent-eval-v3.1
2026-08-11T05:00:00+09:00,CMP-S03-L01-01,S03,S03-L01,1,running,151.9237,557.211,103.5046,43.426,0.3474,A,relation-reasoning-agent-eval-v3.1
2026-08-11T05:00:00+09:00,CMP-S03-L02-01,S03,S03-L02,1,running,156.92,490.237,101.3271,38.876,-0.5457,A,relation-reasoning-agent-eval-v3.1
2026-08-11T05:00:00+09:00,CMP-S03-L03-01,S03,S03-L03,1,running,176.8798,512.3082,107.6924,38.7166,-0.0289,A,relation-reasoning-agent-eval-v3.1
2026-08-11T05:00:00+09:00,CMP-S03-L04-01,S03,S03-L04,1,running,174.9177,460.4596,117.4648,41.1435,0.4308,A,relation-reasoning-agent-eval-v3.1
2026-08-11T05:00:00+09:00,CMP-S03-L05-01,S03,S03-L05,1,running,164.7779,497.597,99.2219,37.1548,-0.6697,A,relation-reasoning-agent-eval-v3.1
2026-08-11T05:10:00+09:00,CMP-S03-L01-01,S03,S03-L01,1,running,157.6336,527.5523,105.2324,38.8402,-0.5018,A,relation-reasoning-agent-eval-v3.1
2026-08-11T05:10:00+09:00,CMP-S03-L02-01,S03,S03-L02,1,running,174.4209,500.2213,104.3084,44.1096,0.4235,A,relation-reasoning-agent-eval-v3.1
2026-08-11T05:10:00+09:00,CMP-S03-L03-01,S03,S03-L03,1,running,172.7899,479.5136,105.5813,39.7048,0.1541,A,relation-reasoning-agent-eval-v3.1
2026-08-11T05:10:00+09:00,CMP-S03-L04-01,S03,S03-L04,1,running,175.9695,458.2319,114.7612,42.6631,0.7122,A,relation-reasoning-agent-eval-v3.1
2026-08-11T05:10:00+09:00,CMP-S03-L05-01,S03,S03-L05,1,running,156.6725,500.5182,113.3771,33.4776,-1.3506,B,relation-reasoning-agent-eval-v3.1
2026-08-11T05:20:00+09:00,CMP-S03-L01-01,S03,S03-L01,1,running,160.5706,488.9824,103.3525,41.5472,-0.0005,A,relation-reasoning-agent-eval-v3.1
2026-08-11T05:20:00+09:00,CMP-S03-L02-01,S03,S03-L02,1,running,171.1652,443.5637,95.907,42.1386,0.0585,A,relation-reasoning-agent-eval-v3.1
2026-08-11T05:20:00+09:00,CMP-S03-L03-01,S03,S03-L03,1,running,175.6783,498.4003,101.8185,40.9452,0.3838,A,relation-reasoning-agent-eval-v3.1
2026-08-11T05:20:00+09:00,CMP-S03-L04-01,S03,S03-L04,1,running,173.4167,462.4353,117.4615,44.498,1.052,B,relation-reasoning-agent-eval-v3.1
2026-08-11T05:20:00+09:00,CMP-S03-L05-01,S03,S03-L05,1,running,154.5956,483.9172,113.734,31.5772,-1.7025,B,relation-reasoning-agent-eval-v3.1
2026-08-11T05:30:00+09:00,CMP-S03-L01-01,S03,S03-L01,1,running,161.9757,457.5135,108.5291,36.8498,-0.8704,A,relation-reasoning-agent-eval-v3.1
2026-08-11T05:30:00+09:00,CMP-S03-L02-01,S03,S03-L02,1,running,163.6578,460.4747,93.8114,45.2426,0.6333,A,relation-reasoning-agent-eval-v3.1
2026-08-11T05:30:00+09:00,CMP-S03-L03-01,S03,S03-L03,1,running,173.4041,471.0798,90.6294,47.1805,1.5385,B,relation-reasoning-agent-eval-v3.1
2026-08-11T05:30:00+09:00,CMP-S03-L04-01,S03,S03-L04,1,running,177.5712,438.1808,116.9586,43.72,0.9079,A,relation-reasoning-agent-eval-v3.1
2026-08-11T05:30:00+09:00,CMP-S03-L05-01,S03,S03-L05,1,running,164.2092,455.271,110.3573,34.4007,-1.1797,B,relation-reasoning-agent-eval-v3.1
2026-08-11T05:40:00+09:00,CMP-S03-L01-01,S03,S03-L01,1,running,167.1279,398.708,102.2335,40.2264,-0.2451,A,relation-reasoning-agent-eval-v3.1
2026-08-11T05:40:00+09:00,CMP-S03-L02-01,S03,S03-L02,1,running,177.5932,451.3279,102.9936,42.4409,0.1145,A,relation-reasoning-agent-eval-v3.1
2026-08-11T05:40:00+09:00,CMP-S03-L03-01,S03,S03-L03,1,running,179.9437,464.5051,96.4953,44.3383,1.0122,B,relation-reasoning-agent-eval-v3.1
2026-08-11T05:40:00+09:00,CMP-S03-L04-01,S03,S03-L04,1,running,168.669,441.9759,116.2887,44.893,1.1251,B,relation-reasoning-agent-eval-v3.1
2026-08-11T05:40:00+09:00,CMP-S03-L05-01,S03,S03-L05,1,running,177.9708,455.5709,111.6951,32.2001,-1.5872,B,relation-reasoning-agent-eval-v3.1
2026-08-11T05:50:00+09:00,CMP-S03-L01-01,S03,S03-L01,1,running,155.9455,416.414,100.8712,43.8814,0.4317,A,relation-reasoning-agent-eval-v3.1
2026-08-11T05:50:00+09:00,CMP-S03-L02-01,S03,S03-L02,1,running,167.9602,464.7297,105.4912,39.7309,-0.3874,A,relation-reasoning-agent-eval-v3.1
2026-08-11T05:50:00+09:00,CMP-S03-L03-01,S03,S03-L03,1,running,183.5972,436.189,94.5739,37.9726,-0.1666,A,relation-reasoning-agent-eval-v3.1
2026-08-11T05:50:00+09:00,CMP-S03-L04-01,S03,S03-L04,1,running,167.9423,426.7705,115.4058,44.7819,1.1045,B,relation-reasoning-agent-eval-v3.1
2026-08-11T05:50:00+09:00,CMP-S03-L05-01,S03,S03-L05,1,running,197.5589,470.7469,107.7096,33.3309,-1.3778,B,relation-reasoning-agent-eval-v3.1
2026-08-11T06:00:00+09:00,CMP-S03-L01-01,S03,S03-L01,1,running,141.2947,447.5098,99.4309,35.415,-1.1362,B,relation-reasoning-agent-eval-v3.1
2026-08-11T06:00:00+09:00,CMP-S03-L02-01,S03,S03-L02,1,running,183.8235,416.7689,104.9834,36.6991,-0.9488,A,relation-reasoning-agent-eval-v3.1
2026-08-11T06:00:00+09:00,CMP-S03-L03-01,S03,S03-L03,1,running,164.858,477.3577,98.2903,35.6972,-0.588,A,relation-reasoning-agent-eval-v3.1
2026-08-11T06:00:00+09:00,CMP-S03-L04-01,S03,S03-L04,1,running,165.4791,439.6257,120.2605,47.9502,1.6913,B,relation-reasoning-agent-eval-v3.1
2026-08-11T06:00:00+09:00,CMP-S03-L05-01,S03,S03-L05,1,running,198.8492,466.6832,107.2634,36.3757,-0.8139,A,relation-reasoning-agent-eval-v3.1
2026-08-11T06:10:00+09:00,CMP-S03-L01-01,S03,S03-L01,1,running,159.5604,464.7752,98.7837,33.9814,-1.4016,B,relation-reasoning-agent-eval-v3.1
2026-08-11T06:10:00+09:00,CMP-S03-L02-01,S03,S03-L02,1,running,177.6504,409.8438,105.1884,36.3658,-1.0105,B,relation-reasoning-agent-eval-v3.1
2026-08-11T06:10:00+09:00,CMP-S03-L03-01,S03,S03-L03,1,running,159.9209,423.7036,98.9472,37.1995,-0.3098,A,relation-reasoning-agent-eval-v3.1
2026-08-11T06:10:00+09:00,CMP-S03-L04-01,S03,S03-L04,1,running,172.5094,406.9545,119.2915,50.3788,2.141,C,relation-reasoning-agent-eval-v3.1
2026-08-11T06:10:00+09:00,CMP-S03-L05-01,S03,S03-L05,1,running,207.6665,470.865,110.521,38.4935,-0.4217,A,relation-reasoning-agent-eval-v3.1
2026-08-11T06:20:00+09:00,CMP-S03-L01-01,S03,S03-L01,1,running,165.2627,468.7167,98.5492,32.2555,-1.7212,B,relation-reasoning-agent-eval-v3.1
2026-08-11T06:20:00+09:00,CMP-S03-L02-01,S03,S03-L02,1,running,186.1068,353.3553,109.1679,39.4873,-0.4325,A,relation-reasoning-agent-eval-v3.1
2026-08-11T06:20:00+09:00,CMP-S03-L03-01,S03,S03-L03,1,running,165.196,468.5749,94.183,35.9044,-0.5496,A,relation-reasoning-agent-eval-v3.1
2026-08-11T06:20:00+09:00,CMP-S03-L04-01,S03,S03-L04,1,running,162.4993,420.5847,114.6518,46.4333,1.4104,B,relation-reasoning-agent-eval-v3.1
2026-08-11T06:20:00+09:00,CMP-S03-L05-01,S03,S03-L05,1,running,188.7754,437.5483,111.7153,37.8259,-0.5454,A,relation-reasoning-agent-eval-v3.1
2026-08-11T06:30:00+09:00,CMP-S03-L01-01,S03,S03-L01,1,running,151.6622,428.9544,93.4262,35.014,-1.2104,B,relation-reasoning-agent-eval-v3.1
2026-08-11T06:30:00+09:00,CMP-S03-L02-01,S03,S03-L02,1,running,165.1555,347.405,113.2853,36.2029,-1.0407,B,relation-reasoning-agent-eval-v3.1
2026-08-11T06:30:00+09:00,CMP-S03-L03-01,S03,S03-L03,1,running,171.9537,444.2005,93.0795,35.4519,-0.6334,A,relation-reasoning-agent-eval-v3.1
2026-08-11T06:30:00+09:00,CMP-S03-L04-01,S03,S03-L04,1,running,163.9015,424.3123,112.3809,45.3127,1.2028,B,relation-reasoning-agent-eval-v3.1
2026-08-11T06:30:00+09:00,CMP-S03-L05-01,S03,S03-L05,1,running,190.0604,412.0814,110.096,43.1514,0.4408,A,relation-reasoning-agent-eval-v3.1
2026-08-11T06:40:00+09:00,CMP-S03-L01-01,S03,S03-L01,1,running,150.5296,451.4433,83.0619,36.9586,-0.8503,A,relation-reasoning-agent-eval-v3.1
2026-08-11T06:40:00+09:00,CMP-S03-L02-01,S03,S03-L02,1,running,178.2255,359.8769,110.8215,33.6217,-1.5187,B,relation-reasoning-agent-eval-v3.1
2026-08-11T06:40:00+09:00,CMP-S03-L03-01,S03,S03-L03,1,running,178.6463,384.3004,98.9919,30.557,-1.5399,B,relation-reasoning-agent-eval-v3.1
2026-08-11T06:40:00+09:00,CMP-S03-L04-01,S03,S03-L04,1,running,136.5106,406.3926,116.8683,45.8844,1.3087,B,relation-reasoning-agent-eval-v3.1
2026-08-11T06:40:00+09:00,CMP-S03-L05-01,S03,S03-L05,1,running,186.5215,407.6627,113.4013,39.6363,-0.2101,A,relation-reasoning-agent-eval-v3.1
2026-08-11T06:50:00+09:00,CMP-S03-L01-01,S03,S03-L01,1,running,141.1498,453.4879,93.2357,35.1493,-1.1853,B,relation-reasoning-agent-eval-v3.1
2026-08-11T06:50:00+09:00,CMP-S03-L02-01,S03,S03-L02,1,running,164.0679,335.3953,98.6895,32.7974,-1.6713,B,relation-reasoning-agent-eval-v3.1
2026-08-11T06:50:00+09:00,CMP-S03-L03-01,S03,S03-L03,1,running,180.0412,423.2038,97.9443,32.0129,-1.2703,B,relation-reasoning-agent-eval-v3.1
2026-08-11T06:50:00+09:00,CMP-S03-L04-01,S03,S03-L04,1,running,168.292,440.9621,117.0999,42.9504,0.7654,A,relation-reasoning-agent-eval-v3.1
2026-08-11T06:50:00+09:00,CMP-S03-L05-01,S03,S03-L05,1,running,206.331,391.7199,115.1909,38.7892,-0.367,A,relation-reasoning-agent-eval-v3.1
2026-08-11T07:00:00+09:00,CMP-S03-L01-01,S03,S03-L01,1,running,143.2517,511.6374,95.5075,40.8048,-0.138,A,relation-reasoning-agent-eval-v3.1
2026-08-11T07:00:00+09:00,CMP-S03-L02-01,S03,S03-L02,1,running,176.4186,373.4688,100.7558,37.3766,-0.8233,A,relation-reasoning-agent-eval-v3.1
2026-08-11T07:00:00+09:00,CMP-S03-L03-01,S03,S03-L03,1,running,163.7046,439.8916,92.2567,32.9469,-1.0973,B,relation-reasoning-agent-eval-v3.1
2026-08-11T07:00:00+09:00,CMP-S03-L04-01,S03,S03-L04,1,running,165.9928,373.7163,120.8677,31.0224,-1.4435,B,relation-reasoning-agent-eval-v3.1
2026-08-11T07:00:00+09:00,CMP-S03-L05-01,S03,S03-L05,1,running,199.3182,396.4763,108.258,33.564,-1.3346,B,relation-reasoning-agent-eval-v3.1
2026-08-11T07:10:00+09:00,CMP-S03-L01-01,S03,S03-L01,1,running,154.899,443.7459,100.448,40.7681,-0.1448,A,relation-reasoning-agent-eval-v3.1
2026-08-11T07:10:00+09:00,CMP-S03-L02-01,S03,S03-L02,1,running,170.572,402.2952,100.242,31.7755,-1.8606,B,relation-reasoning-agent-eval-v3.1
2026-08-11T07:10:00+09:00,CMP-S03-L03-01,S03,S03-L03,1,running,173.8063,469.4625,89.6034,35.9551,-0.5403,A,relation-reasoning-agent-eval-v3.1
2026-08-11T07:10:00+09:00,CMP-S03-L04-01,S03,S03-L04,1,running,164.4588,411.616,117.1473,35.0048,-0.706,A,relation-reasoning-agent-eval-v3.1
2026-08-11T07:10:00+09:00,CMP-S03-L05-01,S03,S03-L05,1,running,190.0911,412.0674,102.102,34.5913,-1.1444,B,relation-reasoning-agent-eval-v3.1
2026-08-11T07:20:00+09:00,CMP-S03-L01-01,S03,S03-L01,1,running,178.529,435.6306,96.1797,40.2301,-0.2445,A,relation-reasoning-agent-eval-v3.1
2026-08-11T07:20:00+09:00,CMP-S03-L02-01,S03,S03-L02,1,running,167.4381,429.7364,97.2481,32.8388,-1.6637,B,relation-reasoning-agent-eval-v3.1
2026-08-11T07:20:00+09:00,CMP-S03-L03-01,S03,S03-L03,1,running,176.9193,410.6483,93.1898,38.9356,0.0117,A,relation-reasoning-agent-eval-v3.1
2026-08-11T07:20:00+09:00,CMP-S03-L04-01,S03,S03-L04,1,running,157.4217,393.0139,117.8963,37.7534,-0.197,A,relation-reasoning-agent-eval-v3.1
2026-08-11T07:20:00+09:00,CMP-S03-L05-01,S03,S03-L05,1,running,204.7985,450.5323,97.2305,35.2793,-1.017,B,relation-reasoning-agent-eval-v3.1
2026-08-11T07:30:00+09:00,CMP-S03-L01-01,S03,S03-L01,1,running,200.5797,457.3682,95.3203,45.0123,0.6411,A,relation-reasoning-agent-eval-v3.1
2026-08-11T07:30:00+09:00,CMP-S03-L02-01,S03,S03-L02,1,running,173.9428,398.2966,99.9003,34.2273,-1.4065,B,relation-reasoning-agent-eval-v3.1
2026-08-11T07:30:00+09:00,CMP-S03-L03-01,S03,S03-L03,1,running,160.8669,447.594,104.288,35.8565,-0.5585,A,relation-reasoning-agent-eval-v3.1
2026-08-11T07:30:00+09:00,CMP-S03-L04-01,S03,S03-L04,1,running,161.0722,442.8984,108.4955,42.5911,0.6988,A,relation-reasoning-agent-eval-v3.1
2026-08-11T07:30:00+09:00,CMP-S03-L05-01,S03,S03-L05,1,running,196.5765,457.4185,95.2416,34.5247,-1.1567,B,relation-reasoning-agent-eval-v3.1
2026-08-11T07:40:00+09:00,CMP-S03-L01-01,S03,S03-L01,1,running,179.3232,471.6619,102.471,45.4833,0.7284,A,relation-reasoning-agent-eval-v3.1
2026-08-11T07:40:00+09:00,CMP-S03-L02-01,S03,S03-L02,1,running,165.879,385.0569,92.7152,32.5473,-1.7177,B,relation-reasoning-agent-eval-v3.1
2026-08-11T07:40:00+09:00,CMP-S03-L03-01,S03,S03-L03,1,running,159.7172,414.1338,100.6572,38.5963,-0.0511,A,relation-reasoning-agent-eval-v3.1
2026-08-11T07:40:00+09:00,CMP-S03-L04-01,S03,S03-L04,1,running,152.5286,482.1608,106.355,41.9705,0.5839,A,relation-reasoning-agent-eval-v3.1
2026-08-11T07:40:00+09:00,CMP-S03-L05-01,S03,S03-L05,1,running,196.5968,458.2561,101.264,35.1778,-1.0358,B,relation-reasoning-agent-eval-v3.1
2026-08-11T07:50:00+09:00,CMP-S03-L01-01,S03,S03-L01,1,running,188.1892,409.3927,101.2431,39.5299,-0.3741,A,relation-reasoning-agent-eval-v3.1
2026-08-11T07:50:00+09:00,CMP-S03-L02-01,S03,S03-L02,1,running,162.4817,403.2786,96.7033,35.7822,-1.1186,B,relation-reasoning-agent-eval-v3.1
2026-08-11T07:50:00+09:00,CMP-S03-L03-01,S03,S03-L03,1,running,173.1934,332.5843,95.414,40.148,0.2362,A,relation-reasoning-agent-eval-v3.1
2026-08-11T07:50:00+09:00,CMP-S03-L04-01,S03,S03-L04,1,running,152.936,479.1404,105.1937,44.7192,1.0929,B,relation-reasoning-agent-eval-v3.1
2026-08-11T07:50:00+09:00,CMP-S03-L05-01,S03,S03-L05,1,running,189.3122,419.799,104.5437,45.5949,0.8933,A,relation-reasoning-agent-eval-v3.1
2026-08-11T08:00:00+09:00,CMP-S03-L01-01,S03,S03-L01,1,running,171.5988,417.6024,92.3934,37.7013,-0.7128,A,relation-reasoning-agent-eval-v3.1
2026-08-11T08:00:00+09:00,CMP-S03-L02-01,S03,S03-L02,1,running,174.1694,405.4289,94.1307,42.5992,0.1438,A,relation-reasoning-agent-eval-v3.1
2026-08-11T08:00:00+09:00,CMP-S03-L03-01,S03,S03-L03,1,running,185.3758,331.6792,98.1862,45.3239,1.1947,B,relation-reasoning-agent-eval-v3.1
2026-08-11T08:00:00+09:00,CMP-S03-L04-01,S03,S03-L04,1,running,153.2275,435.7553,106.4872,44.9864,1.1424,B,relation-reasoning-agent-eval-v3.1
2026-08-11T08:00:00+09:00,CMP-S03-L05-01,S03,S03-L05,1,running,191.2598,444.7727,105.9933,45.1318,0.8076,A,relation-reasoning-agent-eval-v3.1
2026-08-11T08:10:00+09:00,CMP-S03-L01-01,S03,S03-L01,1,running,177.9504,411.6428,92.9214,38.7914,-0.5109,A,relation-reasoning-agent-eval-v3.1
2026-08-11T08:10:00+09:00,CMP-S03-L02-01,S03,S03-L02,1,running,171.287,435.1452,101.1303,43.3848,0.2893,A,relation-reasoning-agent-eval-v3.1
2026-08-11T08:10:00+09:00,CMP-S03-L03-01,S03,S03-L03,1,running,167.5601,358.4104,97.2836,41.1924,0.4296,A,relation-reasoning-agent-eval-v3.1
2026-08-11T08:10:00+09:00,CMP-S03-L04-01,S03,S03-L04,1,running,153.1224,423.1842,99.1241,37.5237,-0.2396,A,relation-reasoning-agent-eval-v3.1
2026-08-11T08:10:00+09:00,CMP-S03-L05-01,S03,S03-L05,1,running,191.763,439.9509,100.3073,44.6972,0.7271,A,relation-reasoning-agent-eval-v3.1
2026-08-11T08:20:00+09:00,CMP-S03-L01-01,S03,S03-L01,1,running,165.5852,358.0634,93.1653,38.4506,-0.574,A,relation-reasoning-agent-eval-v3.1
2026-08-11T08:20:00+09:00,CMP-S03-L02-01,S03,S03-L02,1,running,163.4621,437.174,95.9661,37.8676,-0.7324,A,relation-reasoning-agent-eval-v3.1
2026-08-11T08:20:00+09:00,CMP-S03-L03-01,S03,S03-L03,1,running,163.5459,351.8279,95.6282,42.8157,0.7302,A,relation-reasoning-agent-eval-v3.1
2026-08-11T08:20:00+09:00,CMP-S03-L04-01,S03,S03-L04,1,running,176.4383,473.932,98.3233,41.02,0.4079,A,relation-reasoning-agent-eval-v3.1
2026-08-11T08:20:00+09:00,CMP-S03-L05-01,S03,S03-L05,1,running,184.0451,471.0981,103.9031,35.9196,-0.8984,A,relation-reasoning-agent-eval-v3.1
2026-08-11T08:30:00+09:00,CMP-S03-L01-01,S03,S03-L01,1,running,165.338,402.3843,96.3673,38.4892,-0.5668,A,relation-reasoning-agent-eval-v3.1
2026-08-11T08:30:00+09:00,CMP-S03-L02-01,S03,S03-L02,1,running,140.1266,462.6509,94.0808,35.6285,-1.1471,B,relation-reasoning-agent-eval-v3.1
2026-08-11T08:30:00+09:00,CMP-S03-L03-01,S03,S03-L03,1,running,150.4394,375.601,98.3675,39.8674,0.1842,A,relation-reasoning-agent-eval-v3.1
2026-08-11T08:30:00+09:00,CMP-S03-L04-01,S03,S03-L04,1,running,177.2089,492.4993,103.3022,37.7196,-0.2033,A,relation-reasoning-agent-eval-v3.1
2026-08-11T08:30:00+09:00,CMP-S03-L05-01,S03,S03-L05,1,running,188.3091,507.9262,111.0698,34.9671,-1.0748,B,relation-reasoning-agent-eval-v3.1
2026-08-11T08:40:00+09:00,CMP-S03-L01-01,S03,S03-L01,1,running,157.2898,410.0516,99.5426,43.4083,0.3441,A,relation-reasoning-agent-eval-v3.1
2026-08-11T08:40:00+09:00,CMP-S03-L02-01,S03,S03-L02,1,running,146.5062,502.5024,84.3127,36.7401,-0.9412,A,relation-reasoning-agent-eval-v3.1
2026-08-11T08:40:00+09:00,CMP-S03-L03-01,S03,S03-L03,1,running,143.5134,422.5444,97.3817,40.8935,0.3743,A,relation-reasoning-agent-eval-v3.1
2026-08-11T08:40:00+09:00,CMP-S03-L04-01,S03,S03-L04,1,running,184.6411,460.0207,104.1517,35.9276,-0.5351,A,relation-reasoning-agent-eval-v3.1
2026-08-11T08:40:00+09:00,CMP-S03-L05-01,S03,S03-L05,1,running,195.9179,510.6207,108.6987,36.1474,-0.8562,A,relation-reasoning-agent-eval-v3.1
2026-08-11T08:50:00+09:00,CMP-S03-L01-01,S03,S03-L01,1,running,161.5564,400.8208,95.4596,49.9637,1.5581,B,relation-reasoning-agent-eval-v3.1
2026-08-11T08:50:00+09:00,CMP-S03-L02-01,S03,S03-L02,1,running,145.8367,521.3958,97.2307,41.1317,-0.128,A,relation-reasoning-agent-eval-v3.1
2026-08-11T08:50:00+09:00,CMP-S03-L03-01,S03,S03-L03,1,running,153.363,454.2315,91.7936,49.3829,1.9464,B,relation-reasoning-agent-eval-v3.1
2026-08-11T08:50:00+09:00,CMP-S03-L04-01,S03,S03-L04,1,running,205.2531,449.6828,98.977,42.15,0.6172,A,relation-reasoning-agent-eval-v3.1
2026-08-11T08:50:00+09:00,CMP-S03-L05-01,S03,S03-L05,1,running,189.6327,470.7403,105.4102,41.3831,0.1134,A,relation-reasoning-agent-eval-v3.1
2026-08-11T09:00:00+09:00,CMP-S03-L01-01,S03,S03-L01,1,running,154.2403,362.6778,97.7959,45.5545,0.7415,A,relation-reasoning-agent-eval-v3.1
2026-08-11T09:00:00+09:00,CMP-S03-L02-01,S03,S03-L02,1,running,157.3962,495.2948,93.9855,36.318,-1.0194,B,relation-reasoning-agent-eval-v3.1
2026-08-11T09:00:00+09:00,CMP-S03-L03-01,S03,S03-L03,1,running,151.6392,430.2712,99.9537,50.7199,2.194,C,relation-reasoning-agent-eval-v3.1
2026-08-11T09:00:00+09:00,CMP-S03-L04-01,S03,S03-L04,1,running,198.8578,500.0013,104.6356,38.5169,-0.0556,A,relation-reasoning-agent-eval-v3.1
2026-08-11T09:00:00+09:00,CMP-S03-L05-01,S03,S03-L05,1,running,185.732,494.3997,100.8006,42.3951,0.3008,A,relation-reasoning-agent-eval-v3.1
2026-08-11T09:10:00+09:00,CMP-S03-L01-01,S03,S03-L01,1,running,159.2054,389.8142,95.7424,42.1615,0.1132,A,relation-reasoning-agent-eval-v3.1
2026-08-11T09:10:00+09:00,CMP-S03-L02-01,S03,S03-L02,1,running,155.0961,466.1088,100.6609,37.979,-0.7118,A,relation-reasoning-agent-eval-v3.1
2026-08-11T09:10:00+09:00,CMP-S03-L03-01,S03,S03-L03,1,running,144.0731,425.5684,95.634,44.6909,1.0775,B,relation-reasoning-agent-eval-v3.1
2026-08-11T09:10:00+09:00,CMP-S03-L04-01,S03,S03-L04,1,running,183.1942,507.2038,104.5063,34.1533,-0.8637,A,relation-reasoning-agent-eval-v3.1
2026-08-11T09:10:00+09:00,CMP-S03-L05-01,S03,S03-L05,1,running,189.9408,500.7516,105.1172,38.1824,-0.4794,A,relation-reasoning-agent-eval-v3.1
2026-08-11T09:20:00+09:00,CMP-S03-L01-01,S03,S03-L01,1,running,154.5708,443.3835,103.4029,41.076,-0.0878,A,relation-reasoning-agent-eval-v3.1
2026-08-11T09:20:00+09:00,CMP-S03-L02-01,S03,S03-L02,1,running,142.1035,502.3641,99.4029,36.3092,-1.021,B,relation-reasoning-agent-eval-v3.1
2026-08-11T09:20:00+09:00,CMP-S03-L03-01,S03,S03-L03,1,running,145.6301,424.4795,93.3315,36.453,-0.448,A,relation-reasoning-agent-eval-v3.1
2026-08-11T09:20:00+09:00,CMP-S03-L04-01,S03,S03-L04,1,running,175.9141,499.5098,102.5265,35.7146,-0.5746,A,relation-reasoning-agent-eval-v3.1
2026-08-11T09:20:00+09:00,CMP-S03-L05-01,S03,S03-L05,1,running,171.5303,460.2452,102.3359,41.6303,0.1591,A,relation-reasoning-agent-eval-v3.1
2026-08-11T09:30:00+09:00,CMP-S03-L01-01,S03,S03-L01,1,running,158.2892,446.4913,100.9929,40.8887,-0.1225,A,relation-reasoning-agent-eval-v3.1
2026-08-11T09:30:00+09:00,CMP-S03-L02-01,S03,S03-L02,1,running,143.0849,482.8779,98.591,39.733,-0.387,A,relation-reasoning-agent-eval-v3.1
2026-08-11T09:30:00+09:00,CMP-S03-L03-01,S03,S03-L03,1,running,150.4754,416.6782,85.5125,37.3298,-0.2857,A,relation-reasoning-agent-eval-v3.1
2026-08-11T09:30:00+09:00,CMP-S03-L04-01,S03,S03-L04,1,running,176.8894,481.5309,107.2096,33.3199,-1.018,B,relation-reasoning-agent-eval-v3.1
2026-08-11T09:30:00+09:00,CMP-S03-L05-01,S03,S03-L05,1,running,169.4366,459.5402,105.5264,37.8106,-0.5482,A,relation-reasoning-agent-eval-v3.1
2026-08-11T09:40:00+09:00,CMP-S03-L01-01,S03,S03-L01,1,running,157.8455,481.2614,100.5122,43.4423,0.3504,A,relation-reasoning-agent-eval-v3.1
2026-08-11T09:40:00+09:00,CMP-S03-L02-01,S03,S03-L02,1,running,143.1736,490.7357,95.8786,43.2286,0.2604,A,relation-reasoning-agent-eval-v3.1
2026-08-11T09:40:00+09:00,CMP-S03-L03-01,S03,S03-L03,1,running,131.7299,400.304,88.4999,44.7572,1.0898,B,relation-reasoning-agent-eval-v3.1
2026-08-11T09:40:00+09:00,CMP-S03-L04-01,S03,S03-L04,1,running,172.5076,463.7023,101.4594,31.1899,-1.4125,B,relation-reasoning-agent-eval-v3.1
2026-08-11T09:40:00+09:00,CMP-S03-L05-01,S03,S03-L05,1,running,177.9736,468.5525,101.0328,35.5107,-0.9741,A,relation-reasoning-agent-eval-v3.1
2026-08-11T09:50:00+09:00,CMP-S03-L01-01,S03,S03-L01,1,running,170.4711,484.2859,98.8428,45.3915,0.7114,A,relation-reasoning-agent-eval-v3.1
2026-08-11T09:50:00+09:00,CMP-S03-L02-01,S03,S03-L02,1,running,152.6282,501.2743,100.3767,45.5298,0.6865,A,relation-reasoning-agent-eval-v3.1
2026-08-11T09:50:00+09:00,CMP-S03-L03-01,S03,S03-L03,1,running,131.9084,462.5701,82.3783,50.4038,2.1354,C,relation-reasoning-agent-eval-v3.1
2026-08-11T09:50:00+09:00,CMP-S03-L04-01,S03,S03-L04,1,running,174.1057,465.8032,105.4781,33.0728,-1.0638,B,relation-reasoning-agent-eval-v3.1
2026-08-11T09:50:00+09:00,CMP-S03-L05-01,S03,S03-L05,1,running,173.726,482.4793,96.4447,32.0665,-1.6119,B,relation-reasoning-agent-eval-v3.1
2026-08-11T10:00:00+09:00,CMP-S03-L01-01,S03,S03-L01,1,running,169.6975,461.0447,96.4357,43.1468,0.2957,A,relation-reasoning-agent-eval-v3.1
2026-08-11T10:00:00+09:00,CMP-S03-L02-01,S03,S03-L02,1,running,159.1541,477.2041,102.3548,53.8241,2.2225,C,relation-reasoning-agent-eval-v3.1
2026-08-11T10:00:00+09:00,CMP-S03-L03-01,S03,S03-L03,1,running,151.8406,401.0974,85.564,39.6073,0.1361,A,relation-reasoning-agent-eval-v3.1
2026-08-11T10:00:00+09:00,CMP-S03-L04-01,S03,S03-L04,1,running,175.0327,502.7523,100.2159,28.0983,-1.985,B,relation-reasoning-agent-eval-v3.1
2026-08-11T10:00:00+09:00,CMP-S03-L05-01,S03,S03-L05,1,running,190.7709,491.856,91.8807,35.9329,-0.8959,A,relation-reasoning-agent-eval-v3.1
2026-08-11T10:10:00+09:00,CMP-S03-L01-01,S03,S03-L01,1,running,179.6699,488.2333,94.8611,50.0672,1.5772,B,relation-reasoning-agent-eval-v3.1
2026-08-11T10:10:00+09:00,CMP-S03-L02-01,S03,S03-L02,1,running,160.7687,465.8319,110.8623,50.1895,1.5494,B,relation-reasoning-agent-eval-v3.1
2026-08-11T10:10:00+09:00,CMP-S03-L03-01,S03,S03-L03,1,running,166.0282,437.3436,94.2693,42.7806,0.7237,A,relation-reasoning-agent-eval-v3.1
2026-08-11T10:10:00+09:00,CMP-S03-L04-01,S03,S03-L04,1,running,164.8471,484.9404,98.9732,36.5352,-0.4226,A,relation-reasoning-agent-eval-v3.1
2026-08-11T10:10:00+09:00,CMP-S03-L05-01,S03,S03-L05,1,running,199.4234,527.1033,94.1083,36.1671,-0.8526,A,relation-reasoning-agent-eval-v3.1
2026-08-11T10:20:00+09:00,CMP-S03-L01-01,S03,S03-L01,1,running,167.6877,447.6105,93.0858,49.8727,1.5412,B,relation-reasoning-agent-eval-v3.1
2026-08-11T10:20:00+09:00,CMP-S03-L02-01,S03,S03-L02,1,running,154.556,444.7916,102.073,49.4593,1.4142,B,relation-reasoning-agent-eval-v3.1
2026-08-11T10:20:00+09:00,CMP-S03-L03-01,S03,S03-L03,1,running,179.5219,422.7816,90.9273,34.3023,-0.8463,A,relation-reasoning-agent-eval-v3.1
2026-08-11T10:20:00+09:00,CMP-S03-L04-01,S03,S03-L04,1,running,165.737,458.4773,97.1059,41.0634,0.4159,A,relation-reasoning-agent-eval-v3.1
2026-08-11T10:20:00+09:00,CMP-S03-L05-01,S03,S03-L05,1,running,196.6567,534.4734,95.8432,35.4057,-0.9936,A,relation-reasoning-agent-eval-v3.1
2026-08-11T10:30:00+09:00,CMP-S03-L01-01,S03,S03-L01,1,running,168.1517,443.978,95.9917,50.1722,1.5967,B,relation-reasoning-agent-eval-v3.1
2026-08-11T10:30:00+09:00,CMP-S03-L02-01,S03,S03-L02,1,running,164.6237,422.3655,98.6388,46.0993,0.792,A,relation-reasoning-agent-eval-v3.1
2026-08-11T10:30:00+09:00,CMP-S03-L03-01,S03,S03-L03,1,running,182.6273,451.0768,88.915,35.9117,-0.5483,A,relation-reasoning-agent-eval-v3.1
2026-08-11T10:30:00+09:00,CMP-S03-L04-01,S03,S03-L04,1,running,168.9519,446.2852,96.9608,41.0151,0.407,A,relation-reasoning-agent-eval-v3.1
2026-08-11T10:30:00+09:00,CMP-S03-L05-01,S03,S03-L05,1,running,192.8709,501.3847,101.3026,34.9757,-1.0732,B,relation-reasoning-agent-eval-v3.1
2026-08-11T10:40:00+09:00,CMP-S03-L01-01,S03,S03-L01,1,running,165.3694,402.6324,100.4797,45.8852,0.8028,A,relation-reasoning-agent-eval-v3.1
2026-08-11T10:40:00+09:00,CMP-S03-L02-01,S03,S03-L02,1,running,165.0083,448.1775,105.1332,43.1885,0.2529,A,relation-reasoning-agent-eval-v3.1
2026-08-11T10:40:00+09:00,CMP-S03-L03-01,S03,S03-L03,1,running,174.6238,432.247,90.9233,39.4071,0.099,A,relation-reasoning-agent-eval-v3.1
2026-08-11T10:40:00+09:00,CMP-S03-L04-01,S03,S03-L04,1,running,162.9627,436.5813,103.2262,45.3271,1.2055,B,relation-reasoning-agent-eval-v3.1
2026-08-11T10:40:00+09:00,CMP-S03-L05-01,S03,S03-L05,1,running,195.4548,459.932,98.9573,37.3355,-0.6362,A,relation-reasoning-agent-eval-v3.1
2026-08-11T10:50:00+09:00,CMP-S03-L01-01,S03,S03-L01,1,running,161.8513,445.4061,99.9147,45.8105,0.7889,A,relation-reasoning-agent-eval-v3.1
2026-08-11T10:50:00+09:00,CMP-S03-L02-01,S03,S03-L02,1,running,167.8196,486.4494,110.9563,43.14,0.244,A,relation-reasoning-agent-eval-v3.1
2026-08-11T10:50:00+09:00,CMP-S03-L03-01,S03,S03-L03,1,running,172.317,417.4252,97.4039,47.4939,1.5966,B,relation-reasoning-agent-eval-v3.1
2026-08-11T10:50:00+09:00,CMP-S03-L04-01,S03,S03-L04,1,running,144.4442,454.5201,102.9143,48.7197,1.8338,B,relation-reasoning-agent-eval-v3.1
2026-08-11T10:50:00+09:00,CMP-S03-L05-01,S03,S03-L05,1,running,179.1863,447.9921,103.2566,40.0712,-0.1296,A,relation-reasoning-agent-eval-v3.1
2026-08-11T11:00:00+09:00,CMP-S03-L01-01,S03,S03-L01,1,running,183.8215,434.2997,97.0291,42.733,0.219,A,relation-reasoning-agent-eval-v3.1
2026-08-11T11:00:00+09:00,CMP-S03-L02-01,S03,S03-L02,1,running,175.2617,470.8233,112.4389,35.3275,-1.2028,B,relation-reasoning-agent-eval-v3.1
2026-08-11T11:00:00+09:00,CMP-S03-L03-01,S03,S03-L03,1,running,185.0103,396.6467,99.7064,45.8801,1.2977,B,relation-reasoning-agent-eval-v3.1
2026-08-11T11:00:00+09:00,CMP-S03-L04-01,S03,S03-L04,1,running,158.0085,457.0051,101.4274,45.2349,1.1884,B,relation-reasoning-agent-eval-v3.1
2026-08-11T11:00:00+09:00,CMP-S03-L05-01,S03,S03-L05,1,running,176.358,469.93,109.5062,39.8668,-0.1674,A,relation-reasoning-agent-eval-v3.1
2026-08-11T11:10:00+09:00,CMP-S03-L01-01,S03,S03-L01,1,running,186.8315,444.8718,99.423,45.1254,0.6621,A,relation-reasoning-agent-eval-v3.1
2026-08-11T11:10:00+09:00,CMP-S03-L02-01,S03,S03-L02,1,running,198.2508,513.1339,116.2694,36.5646,-0.9737,A,relation-reasoning-agent-eval-v3.1
2026-08-11T11:10:00+09:00,CMP-S03-L03-01,S03,S03-L03,1,running,191.4169,438.2314,99.1578,43.0051,0.7653,A,relation-reasoning-agent-eval-v3.1
2026-08-11T11:10:00+09:00,CMP-S03-L04-01,S03,S03-L04,1,running,164.6131,468.5839,93.4139,53.8682,2.7872,C,relation-reasoning-agent-eval-v3.1
2026-08-11T11:10:00+09:00,CMP-S03-L05-01,S03,S03-L05,1,running,180.4452,480.9571,106.9007,39.7913,-0.1814,A,relation-reasoning-agent-eval-v3.1
2026-08-11T11:20:00+09:00,CMP-S03-L01-01,S03,S03-L01,1,running,200.0971,478.4293,99.6691,39.7885,-0.3262,A,relation-reasoning-agent-eval-v3.1
2026-08-11T11:20:00+09:00,CMP-S03-L02-01,S03,S03-L02,1,running,178.4319,510.0128,115.3995,43.4957,0.3098,A,relation-reasoning-agent-eval-v3.1
2026-08-11T11:20:00+09:00,CMP-S03-L03-01,S03,S03-L03,1,running,179.3996,407.396,98.0893,47.047,1.5138,B,relation-reasoning-agent-eval-v3.1
2026-08-11T11:20:00+09:00,CMP-S03-L04-01,S03,S03-L04,1,running,169.2866,427.7322,92.8898,50.7593,2.2115,C,relation-reasoning-agent-eval-v3.1
2026-08-11T11:20:00+09:00,CMP-S03-L05-01,S03,S03-L05,1,running,186.0172,476.7698,113.2857,38.2441,-0.4679,A,relation-reasoning-agent-eval-v3.1
2026-08-11T11:30:00+09:00,CMP-S03-L01-01,S03,S03-L01,1,running,209.972,416.6753,104.8702,47.3143,1.0674,B,relation-reasoning-agent-eval-v3.1
2026-08-11T11:30:00+09:00,CMP-S03-L02-01,S03,S03-L02,1,running,181.8952,502.4763,110.1989,45.198,0.6251,A,relation-reasoning-agent-eval-v3.1
2026-08-11T11:30:00+09:00,CMP-S03-L03-01,S03,S03-L03,1,running,169.471,457.3802,95.5375,47.1855,1.5395,B,relation-reasoning-agent-eval-v3.1
2026-08-11T11:30:00+09:00,CMP-S03-L04-01,S03,S03-L04,1,running,170.1743,422.776,97.9041,45.4048,1.2199,B,relation-reasoning-agent-eval-v3.1
2026-08-11T11:30:00+09:00,CMP-S03-L05-01,S03,S03-L05,1,running,166.8265,500.867,110.1943,30.8629,-1.8348,B,relation-reasoning-agent-eval-v3.1
2026-08-11T11:40:00+09:00,CMP-S03-L01-01,S03,S03-L01,1,running,203.253,398.6805,95.8022,47.9018,1.1762,B,relation-reasoning-agent-eval-v3.1
2026-08-11T11:40:00+09:00,CMP-S03-L02-01,S03,S03-L02,1,running,193.7747,497.2144,106.9504,47.7386,1.0956,B,relation-reasoning-agent-eval-v3.1
2026-08-11T11:40:00+09:00,CMP-S03-L03-01,S03,S03-L03,1,running,148.5215,436.4546,98.0226,46.7461,1.4581,B,relation-reasoning-agent-eval-v3.1
2026-08-11T11:40:00+09:00,CMP-S03-L04-01,S03,S03-L04,1,running,169.9757,455.4898,95.1406,45.1065,1.1647,B,relation-reasoning-agent-eval-v3.1
2026-08-11T11:40:00+09:00,CMP-S03-L05-01,S03,S03-L05,1,running,172.2442,455.9452,111.8802,35.1569,-1.0396,B,relation-reasoning-agent-eval-v3.1
2026-08-11T11:50:00+09:00,CMP-S03-L01-01,S03,S03-L01,1,running,202.0852,369.9729,99.0057,49.0111,1.3816,B,relation-reasoning-agent-eval-v3.1
2026-08-11T11:50:00+09:00,CMP-S03-L02-01,S03,S03-L02,1,running,163.4798,458.3561,97.5128,45.9504,0.7644,A,relation-reasoning-agent-eval-v3.1
2026-08-11T11:50:00+09:00,CMP-S03-L03-01,S03,S03-L03,1,running,144.7125,428.3668,98.9952,43.7446,0.9023,A,relation-reasoning-agent-eval-v3.1
2026-08-11T11:50:00+09:00,CMP-S03-L04-01,S03,S03-L04,1,running,161.991,428.589,94.8467,46.2081,1.3687,B,relation-reasoning-agent-eval-v3.1
2026-08-11T11:50:00+09:00,CMP-S03-L05-01,S03,S03-L05,1,running,167.0391,437.0598,107.5491,40.3923,-0.0701,A,relation-reasoning-agent-eval-v3.1
2026-08-11T12:00:00+09:00,CMP-S03-L01-01,S03,S03-L01,1,running,176.6392,348.0497,101.3649,46.8342,0.9785,A,relation-reasoning-agent-eval-v3.1
2026-08-11T12:00:00+09:00,CMP-S03-L02-01,S03,S03-L02,1,running,189.6433,443.9489,91.1158,49.9217,1.4998,B,relation-reasoning-agent-eval-v3.1
2026-08-11T12:00:00+09:00,CMP-S03-L03-01,S03,S03-L03,1,running,147.6875,430.3826,94.4736,42.6576,0.701,A,relation-reasoning-agent-eval-v3.1
2026-08-11T12:00:00+09:00,CMP-S03-L04-01,S03,S03-L04,1,running,157.1566,432.2399,93.0035,42.4923,0.6805,A,relation-reasoning-agent-eval-v3.1
2026-08-11T12:00:00+09:00,CMP-S03-L05-01,S03,S03-L05,1,running,183.4115,453.0617,103.3546,43.046,0.4213,A,relation-reasoning-agent-eval-v3.1
2026-08-11T12:10:00+09:00,CMP-S03-L01-01,S03,S03-L01,1,running,175.3492,384.531,102.1563,43.7589,0.409,A,relation-reasoning-agent-eval-v3.1
2026-08-11T12:10:00+09:00,CMP-S03-L02-01,S03,S03-L02,1,running,186.1423,395.897,90.421,43.4285,0.2974,A,relation-reasoning-agent-eval-v3.1
2026-08-11T12:10:00+09:00,CMP-S03-L03-01,S03,S03-L03,1,running,160.0602,420.4407,102.2401,41.7922,0.5407,A,relation-reasoning-agent-eval-v3.1
2026-08-11T12:10:00+09:00,CMP-S03-L04-01,S03,S03-L04,1,running,161.913,378.5854,95.4276,42.6438,0.7086,A,relation-reasoning-agent-eval-v3.1
2026-08-11T12:10:00+09:00,CMP-S03-L05-01,S03,S03-L05,1,running,180.174,407.5012,105.8064,44.362,0.665,A,relation-reasoning-agent-eval-v3.1
2026-08-11T12:20:00+09:00,CMP-S03-L01-01,S03,S03-L01,1,running,157.7627,432.9008,103.3219,41.4669,-0.0154,A,relation-reasoning-agent-eval-v3.1
2026-08-11T12:20:00+09:00,CMP-S03-L02-01,S03,S03-L02,1,running,174.5809,400.8783,95.3313,38.3875,-0.6361,A,relation-reasoning-agent-eval-v3.1
2026-08-11T12:20:00+09:00,CMP-S03-L03-01,S03,S03-L03,1,running,169.0294,409.978,102.0328,38.5961,-0.0512,A,relation-reasoning-agent-eval-v3.1
2026-08-11T12:20:00+09:00,CMP-S03-L04-01,S03,S03-L04,1,running,164.8304,442.4694,96.4638,41.5327,0.5028,A,relation-reasoning-agent-eval-v3.1
2026-08-11T12:20:00+09:00,CMP-S03-L05-01,S03,S03-L05,1,running,179.8668,410.5921,103.309,37.7804,-0.5538,A,relation-reasoning-agent-eval-v3.1
2026-08-11T12:30:00+09:00,CMP-S03-L01-01,S03,S03-L01,1,running,165.2522,431.5443,104.1984,42.3787,0.1534,A,relation-reasoning-agent-eval-v3.1
2026-08-11T12:30:00+09:00,CMP-S03-L02-01,S03,S03-L02,1,running,171.454,427.2122,95.9023,37.9212,-0.7225,A,relation-reasoning-agent-eval-v3.1
2026-08-11T12:30:00+09:00,CMP-S03-L03-01,S03,S03-L03,1,running,173.1668,423.5635,101.6518,40.2296,0.2513,A,relation-reasoning-agent-eval-v3.1
2026-08-11T12:30:00+09:00,CMP-S03-L04-01,S03,S03-L04,1,running,148.6943,426.8608,92.9243,39.7276,0.1686,A,relation-reasoning-agent-eval-v3.1
2026-08-11T12:30:00+09:00,CMP-S03-L05-01,S03,S03-L05,1,running,182.2245,387.1896,100.8041,41.8779,0.205,A,relation-reasoning-agent-eval-v3.1
2026-08-11T12:40:00+09:00,CMP-S03-L01-01,S03,S03-L01,1,running,163.9094,421.2598,101.9809,34.8141,-1.2474,B,relation-reasoning-agent-eval-v3.1
2026-08-11T12:40:00+09:00,CMP-S03-L02-01,S03,S03-L02,1,running,193.7693,400.718,91.4182,34.5353,-1.3495,B,relation-reasoning-agent-eval-v3.1
2026-08-11T12:40:00+09:00,CMP-S03-L03-01,S03,S03-L03,1,running,176.8886,436.8511,99.4542,39.7803,0.1681,A,relation-reasoning-agent-eval-v3.1
2026-08-11T12:40:00+09:00,CMP-S03-L04-01,S03,S03-L04,1,running,159.1459,425.8328,97.896,39.1075,0.0537,A,relation-reasoning-agent-eval-v3.1
2026-08-11T12:40:00+09:00,CMP-S03-L05-01,S03,S03-L05,1,running,175.2652,412.4149,104.9926,38.1328,-0.4885,A,relation-reasoning-agent-eval-v3.1
2026-08-11T12:50:00+09:00,CMP-S03-L01-01,S03,S03-L01,1,running,173.6047,436.614,105.0663,40.8402,-0.1315,A,relation-reasoning-agent-eval-v3.1
2026-08-11T12:50:00+09:00,CMP-S03-L02-01,S03,S03-L02,1,running,175.8828,457.3166,94.1943,46.0998,0.7921,A,relation-reasoning-agent-eval-v3.1
2026-08-11T12:50:00+09:00,CMP-S03-L03-01,S03,S03-L03,1,running,173.8724,430.2642,97.9203,42.9571,0.7564,A,relation-reasoning-agent-eval-v3.1
2026-08-11T12:50:00+09:00,CMP-S03-L04-01,S03,S03-L04,1,running,159.7677,388.248,97.9346,40.5977,0.3297,A,relation-reasoning-agent-eval-v3.1
2026-08-11T12:50:00+09:00,CMP-S03-L05-01,S03,S03-L05,1,running,181.709,435.8329,100.2237,35.5484,-0.9671,A,relation-reasoning-agent-eval-v3.1
2026-08-11T13:00:00+09:00,CMP-S03-L01-01,S03,S03-L01,1,running,170.514,429.8271,100.5841,40.5467,-0.1858,A,relation-reasoning-agent-eval-v3.1
2026-08-11T13:00:00+09:00,CMP-S03-L02-01,S03,S03-L02,1,running,164.2675,443.2195,94.7563,41.5015,-0.0595,A,relation-reasoning-agent-eval-v3.1
2026-08-11T13:00:00+09:00,CMP-S03-L03-01,S03,S03-L03,1,running,161.8533,473.8905,96.9566,41.7177,0.5269,A,relation-reasoning-agent-eval-v3.1
2026-08-11T13:00:00+09:00,CMP-S03-L04-01,S03,S03-L04,1,running,176.2322,360.8322,95.3702,33.7135,-0.9452,A,relation-reasoning-agent-eval-v3.1
2026-08-11T13:00:00+09:00,CMP-S03-L05-01,S03,S03-L05,1,running,171.4017,453.3163,100.4706,34.8312,-1.0999,B,relation-reasoning-agent-eval-v3.1
2026-08-11T13:10:00+09:00,CMP-S03-L01-01,S03,S03-L01,1,running,174.3332,379.0395,102.2436,42.9938,0.2673,A,relation-reasoning-agent-eval-v3.1
2026-08-11T13:10:00+09:00,CMP-S03-L02-01,S03,S03-L02,1,running,167.0765,489.0271,92.5805,35.8904,-1.0986,B,relation-reasoning-agent-eval-v3.1
2026-08-11T13:10:00+09:00,CMP-S03-L03-01,S03,S03-L03,1,running,149.96,452.1647,97.5265,36.6871,-0.4047,A,relation-reasoning-agent-eval-v3.1
2026-08-11T13:10:00+09:00,CMP-S03-L04-01,S03,S03-L04,1,running,158.0427,423.1473,97.0952,32.1869,-1.2279,B,relation-reasoning-agent-eval-v3.1
2026-08-11T13:10:00+09:00,CMP-S03-L05-01,S03,S03-L05,1,running,169.1884,440.8016,103.1623,27.5952,-2.44,C,relation-reasoning-agent-eval-v3.1
2026-08-11T13:20:00+09:00,CMP-S03-L01-01,S03,S03-L01,1,running,185.7322,396.6322,102.4902,39.7829,-0.3273,A,relation-reasoning-agent-eval-v3.1
2026-08-11T13:20:00+09:00,CMP-S03-L02-01,S03,S03-L02,1,running,174.4024,493.5499,88.0566,35.7868,-1.1177,B,relation-reasoning-agent-eval-v3.1
2026-08-11T13:20:00+09:00,CMP-S03-L03-01,S03,S03-L03,1,running,152.3106,421.2661,102.178,34.2867,-0.8492,A,relation-reasoning-agent-eval-v3.1
2026-08-11T13:20:00+09:00,CMP-S03-L04-01,S03,S03-L04,1,running,161.1479,482.5825,101.146,30.2216,-1.5918,B,relation-reasoning-agent-eval-v3.1
2026-08-11T13:20:00+09:00,CMP-S03-L05-01,S03,S03-L05,1,running,170.1572,440.8254,106.087,26.8074,-2.5858,C,relation-reasoning-agent-eval-v3.1
2026-08-11T13:30:00+09:00,CMP-S03-L01-01,S03,S03-L01,1,running,186.9137,380.883,104.881,42.2326,0.1264,A,relation-reasoning-agent-eval-v3.1
2026-08-11T13:30:00+09:00,CMP-S03-L02-01,S03,S03-L02,1,running,195.4855,449.3406,92.1216,41.932,0.0203,A,relation-reasoning-agent-eval-v3.1
2026-08-11T13:30:00+09:00,CMP-S03-L03-01,S03,S03-L03,1,running,146.3939,446.818,107.2837,39.3879,0.0955,A,relation-reasoning-agent-eval-v3.1
2026-08-11T13:30:00+09:00,CMP-S03-L04-01,S03,S03-L04,1,running,159.0887,473.8236,95.2459,29.9886,-1.635,B,relation-reasoning-agent-eval-v3.1
2026-08-11T13:30:00+09:00,CMP-S03-L05-01,S03,S03-L05,1,running,178.053,409.3612,103.3321,27.2611,-2.5018,C,relation-reasoning-agent-eval-v3.1
2026-08-11T13:40:00+09:00,CMP-S03-L01-01,S03,S03-L01,1,running,202.5026,398.9408,99.1556,38.927,-0.4858,A,relation-reasoning-agent-eval-v3.1
2026-08-11T13:40:00+09:00,CMP-S03-L02-01,S03,S03-L02,1,running,175.5374,469.3289,98.2174,42.4105,0.1089,A,relation-reasoning-agent-eval-v3.1
2026-08-11T13:40:00+09:00,CMP-S03-L03-01,S03,S03-L03,1,running,165.348,480.5144,103.2964,43.0448,0.7727,A,relation-reasoning-agent-eval-v3.1
2026-08-11T13:40:00+09:00,CMP-S03-L04-01,S03,S03-L04,1,running,162.8002,473.3458,88.3385,28.7013,-1.8733,B,relation-reasoning-agent-eval-v3.1
2026-08-11T13:40:00+09:00,CMP-S03-L05-01,S03,S03-L05,1,running,180.0458,429.0769,108.5889,36.4457,-0.801,A,relation-reasoning-agent-eval-v3.1
2026-08-11T13:50:00+09:00,CMP-S03-L01-01,S03,S03-L01,1,running,204.1315,425.0362,96.961,38.8918,-0.4923,A,relation-reasoning-agent-eval-v3.1
2026-08-11T13:50:00+09:00,CMP-S03-L02-01,S03,S03-L02,1,running,178.8808,459.9302,101.1123,37.2987,-0.8378,A,relation-reasoning-agent-eval-v3.1
2026-08-11T13:50:00+09:00,CMP-S03-L03-01,S03,S03-L03,1,running,168.922,413.8453,100.7931,33.1823,-1.0537,B,relation-reasoning-agent-eval-v3.1
2026-08-11T13:50:00+09:00,CMP-S03-L04-01,S03,S03-L04,1,running,171.4057,458.5976,92.6598,28.2799,-1.9514,B,relation-reasoning-agent-eval-v3.1
2026-08-11T13:50:00+09:00,CMP-S03-L05-01,S03,S03-L05,1,running,185.5095,397.4244,100.4669,39.268,-0.2783,A,relation-reasoning-agent-eval-v3.1
2026-08-11T14:00:00+09:00,CMP-S03-L01-01,S03,S03-L01,1,running,212.9623,410.4414,93.0059,32.6508,-1.648,B,relation-reasoning-agent-eval-v3.1
2026-08-11T14:00:00+09:00,CMP-S03-L02-01,S03,S03-L02,1,running,169.1884,421.6187,107.6654,35.1665,-1.2326,B,relation-reasoning-agent-eval-v3.1
2026-08-11T14:00:00+09:00,CMP-S03-L03-01,S03,S03-L03,1,running,157.7125,442.216,93.6615,37.1011,-0.328,A,relation-reasoning-agent-eval-v3.1
2026-08-11T14:00:00+09:00,CMP-S03-L04-01,S03,S03-L04,1,running,167.3758,483.6361,97.6419,37.7217,-0.2029,A,relation-reasoning-agent-eval-v3.1
2026-08-11T14:00:00+09:00,CMP-S03-L05-01,S03,S03-L05,1,running,178.5262,448.2246,97.3478,43.1199,0.435,A,relation-reasoning-agent-eval-v3.1
