observed_at,asset_id,site_id,cell_id,is_operating,operating_state,voltage_raw,rotation_raw,pressure_raw,vibration_raw,relative_vibration_z,relative_vibration_zone,generator_version
2026-08-11T23:00:00+09:00,CMP-S01-L01-01,S01,S01-L01,1,running,182.681,441.4009,104.1238,42.0697,0.4145,A,relation-reasoning-agent-eval-v3.1
2026-08-11T23:00:00+09:00,CMP-S01-L02-01,S01,S01-L02,1,running,172.3809,383.1433,94.3489,38.8827,-0.0362,A,relation-reasoning-agent-eval-v3.1
2026-08-11T23:00:00+09:00,CMP-S01-L03-01,S01,S01-L03,1,running,192.7411,426.8272,104.8309,41.8927,0.2467,A,relation-reasoning-agent-eval-v3.1
2026-08-11T23:00:00+09:00,CMP-S01-L04-01,S01,S01-L04,1,running,174.594,530.5237,90.8412,39.5415,-0.0392,A,relation-reasoning-agent-eval-v3.1
2026-08-11T23:00:00+09:00,CMP-S01-L05-01,S01,S01-L05,1,running,162.6537,473.493,104.425,51.1165,1.7729,B,relation-reasoning-agent-eval-v3.1
2026-08-11T23:10:00+09:00,CMP-S01-L01-01,S01,S01-L01,1,running,181.1249,447.8794,106.2039,44.7308,0.9073,A,relation-reasoning-agent-eval-v3.1
2026-08-11T23:10:00+09:00,CMP-S01-L02-01,S01,S01-L02,1,running,170.8553,408.7098,96.3799,39.1725,0.0174,A,relation-reasoning-agent-eval-v3.1
2026-08-11T23:10:00+09:00,CMP-S01-L03-01,S01,S01-L03,1,running,202.3588,427.7713,100.8682,42.6126,0.38,A,relation-reasoning-agent-eval-v3.1
2026-08-11T23:10:00+09:00,CMP-S01-L04-01,S01,S01-L04,1,running,184.2654,515.3555,97.2672,45.6899,1.0994,B,relation-reasoning-agent-eval-v3.1
2026-08-11T23:10:00+09:00,CMP-S01-L05-01,S01,S01-L05,1,running,171.1483,471.3026,104.3883,43.6127,0.3833,A,relation-reasoning-agent-eval-v3.1
2026-08-11T23:20:00+09:00,CMP-S01-L01-01,S01,S01-L01,1,running,183.6879,446.6667,109.5108,37.0867,-0.5082,A,relation-reasoning-agent-eval-v3.1
2026-08-11T23:20:00+09:00,CMP-S01-L02-01,S01,S01-L02,1,running,176.7894,424.867,99.3235,40.3581,0.237,A,relation-reasoning-agent-eval-v3.1
2026-08-11T23:20:00+09:00,CMP-S01-L03-01,S01,S01-L03,1,running,190.6269,375.4007,98.4188,40.6074,0.0087,A,relation-reasoning-agent-eval-v3.1
2026-08-11T23:20:00+09:00,CMP-S01-L04-01,S01,S01-L04,1,running,172.4175,497.0194,105.4374,51.6187,2.1973,C,relation-reasoning-agent-eval-v3.1
2026-08-11T23:20:00+09:00,CMP-S01-L05-01,S01,S01-L05,1,running,157.1282,439.5697,100.804,43.273,0.3204,A,relation-reasoning-agent-eval-v3.1
2026-08-11T23:30:00+09:00,CMP-S01-L01-01,S01,S01-L01,1,running,177.8194,457.6108,108.7587,30.7808,-1.676,B,relation-reasoning-agent-eval-v3.1
2026-08-11T23:30:00+09:00,CMP-S01-L02-01,S01,S01-L02,1,running,170.3821,427.5563,99.7008,44.6874,1.0387,B,relation-reasoning-agent-eval-v3.1
2026-08-11T23:30:00+09:00,CMP-S01-L03-01,S01,S01-L03,1,running,180.2591,427.0515,102.2713,41.7301,0.2166,A,relation-reasoning-agent-eval-v3.1
2026-08-11T23:30:00+09:00,CMP-S01-L04-01,S01,S01-L04,1,running,181.9181,521.7299,109.1187,49.2702,1.7624,B,relation-reasoning-agent-eval-v3.1
2026-08-11T23:30:00+09:00,CMP-S01-L05-01,S01,S01-L05,1,running,189.0258,471.4552,97.0293,49.4451,1.4634,B,relation-reasoning-agent-eval-v3.1
2026-08-11T23:40:00+09:00,CMP-S01-L01-01,S01,S01-L01,1,running,194.8839,461.3395,108.5357,29.3828,-1.9349,B,relation-reasoning-agent-eval-v3.1
2026-08-11T23:40:00+09:00,CMP-S01-L02-01,S01,S01-L02,1,running,163.5458,403.5984,97.5859,40.3738,0.2399,A,relation-reasoning-agent-eval-v3.1
2026-08-11T23:40:00+09:00,CMP-S01-L03-01,S01,S01-L03,1,running,184.6086,384.0384,98.7161,44.9832,0.819,A,relation-reasoning-agent-eval-v3.1
2026-08-11T23:40:00+09:00,CMP-S01-L04-01,S01,S01-L04,1,running,177.9831,497.8211,100.0336,44.1166,0.8081,A,relation-reasoning-agent-eval-v3.1
2026-08-11T23:40:00+09:00,CMP-S01-L05-01,S01,S01-L05,1,running,200.385,462.5382,91.9981,46.9412,0.9997,A,relation-reasoning-agent-eval-v3.1
2026-08-11T23:50:00+09:00,CMP-S01-L01-01,S01,S01-L01,1,running,182.1797,442.8361,113.2794,33.7172,-1.1322,B,relation-reasoning-agent-eval-v3.1
2026-08-11T23:50:00+09:00,CMP-S01-L02-01,S01,S01-L02,1,running,168.0048,410.2452,104.0892,41.3998,0.4299,A,relation-reasoning-agent-eval-v3.1
2026-08-11T23:50:00+09:00,CMP-S01-L03-01,S01,S01-L03,1,running,189.9805,365.1076,99.8048,43.1403,0.4778,A,relation-reasoning-agent-eval-v3.1
2026-08-11T23:50:00+09:00,CMP-S01-L04-01,S01,S01-L04,1,running,180.0678,477.8023,98.5928,41.1981,0.2676,A,relation-reasoning-agent-eval-v3.1
2026-08-11T23:50:00+09:00,CMP-S01-L05-01,S01,S01-L05,1,running,175.3495,408.7304,97.9893,45.3875,0.712,A,relation-reasoning-agent-eval-v3.1
2026-08-12T00:00:00+09:00,CMP-S01-L01-01,S01,S01-L01,1,running,174.4506,434.2481,111.3743,35.9421,-0.7202,A,relation-reasoning-agent-eval-v3.1
2026-08-12T00:00:00+09:00,CMP-S01-L02-01,S01,S01-L02,1,running,186.3948,379.8559,107.5465,41.2402,0.4004,A,relation-reasoning-agent-eval-v3.1
2026-08-12T00:00:00+09:00,CMP-S01-L03-01,S01,S01-L03,1,running,198.7758,422.5859,107.8356,40.176,-0.0712,A,relation-reasoning-agent-eval-v3.1
2026-08-12T00:00:00+09:00,CMP-S01-L04-01,S01,S01-L04,1,running,168.3963,475.0819,97.274,37.9854,-0.3273,A,relation-reasoning-agent-eval-v3.1
2026-08-12T00:00:00+09:00,CMP-S01-L05-01,S01,S01-L05,1,running,187.7358,400.1107,91.4054,46.1391,0.8512,A,relation-reasoning-agent-eval-v3.1
2026-08-12T00:10:00+09:00,CMP-S01-L01-01,S01,S01-L01,1,running,174.2024,479.3463,108.8224,35.6037,-0.7829,A,relation-reasoning-agent-eval-v3.1
2026-08-12T00:10:00+09:00,CMP-S01-L02-01,S01,S01-L02,1,running,167.4041,301.8689,100.3221,37.4832,-0.2954,A,relation-reasoning-agent-eval-v3.1
2026-08-12T00:10:00+09:00,CMP-S01-L03-01,S01,S01-L03,1,running,183.5104,429.4789,113.63,40.5494,-0.002,A,relation-reasoning-agent-eval-v3.1
2026-08-12T00:10:00+09:00,CMP-S01-L04-01,S01,S01-L04,1,running,164.6166,443.6046,92.118,38.272,-0.2743,A,relation-reasoning-agent-eval-v3.1
2026-08-12T00:10:00+09:00,CMP-S01-L05-01,S01,S01-L05,1,running,184.2805,412.4571,96.1566,44.7665,0.597,A,relation-reasoning-agent-eval-v3.1
2026-08-12T00:20:00+09:00,CMP-S01-L01-01,S01,S01-L01,1,running,177.4879,486.2124,99.7886,41.5609,0.3203,A,relation-reasoning-agent-eval-v3.1
2026-08-12T00:20:00+09:00,CMP-S01-L02-01,S01,S01-L02,1,running,169.1327,346.084,106.118,39.6069,0.0979,A,relation-reasoning-agent-eval-v3.1
2026-08-12T00:20:00+09:00,CMP-S01-L03-01,S01,S01-L03,1,running,176.6618,450.7131,109.8894,42.4504,0.35,A,relation-reasoning-agent-eval-v3.1
2026-08-12T00:20:00+09:00,CMP-S01-L04-01,S01,S01-L04,1,running,164.9018,483.9273,96.8821,39.0079,-0.138,A,relation-reasoning-agent-eval-v3.1
2026-08-12T00:20:00+09:00,CMP-S01-L05-01,S01,S01-L05,1,running,159.2125,420.6986,92.775,45.1479,0.6676,A,relation-reasoning-agent-eval-v3.1
2026-08-12T00:30:00+09:00,CMP-S01-L01-01,S01,S01-L01,1,running,178.8312,432.0797,99.7842,41.293,0.2707,A,relation-reasoning-agent-eval-v3.1
2026-08-12T00:30:00+09:00,CMP-S01-L02-01,S01,S01-L02,1,running,166.817,391.3017,111.3656,35.6391,-0.6369,A,relation-reasoning-agent-eval-v3.1
2026-08-12T00:30:00+09:00,CMP-S01-L03-01,S01,S01-L03,1,running,153.5967,460.6672,110.6792,35.3168,-0.9711,A,relation-reasoning-agent-eval-v3.1
2026-08-12T00:30:00+09:00,CMP-S01-L04-01,S01,S01-L04,1,running,156.7538,506.8015,97.5838,38.6416,-0.2058,A,relation-reasoning-agent-eval-v3.1
2026-08-12T00:30:00+09:00,CMP-S01-L05-01,S01,S01-L05,1,running,156.989,462.4643,88.0053,47.9563,1.1877,B,relation-reasoning-agent-eval-v3.1
2026-08-12T00:40:00+09:00,CMP-S01-L01-01,S01,S01-L01,1,running,189.2683,406.5837,104.3994,35.4652,-0.8085,A,relation-reasoning-agent-eval-v3.1
2026-08-12T00:40:00+09:00,CMP-S01-L02-01,S01,S01-L02,1,running,161.6381,415.4471,100.6098,37.1651,-0.3543,A,relation-reasoning-agent-eval-v3.1
2026-08-12T00:40:00+09:00,CMP-S01-L03-01,S01,S01-L03,1,running,147.8759,442.7609,108.853,33.3123,-1.3422,B,relation-reasoning-agent-eval-v3.1
2026-08-12T00:40:00+09:00,CMP-S01-L04-01,S01,S01-L04,1,running,175.5593,502.5271,101.8951,38.4155,-0.2477,A,relation-reasoning-agent-eval-v3.1
2026-08-12T00:40:00+09:00,CMP-S01-L05-01,S01,S01-L05,1,running,172.0089,463.2198,91.4045,53.2081,2.1603,C,relation-reasoning-agent-eval-v3.1
2026-08-12T00:50:00+09:00,CMP-S01-L01-01,S01,S01-L01,1,running,175.7617,423.9612,97.7845,31.9581,-1.458,B,relation-reasoning-agent-eval-v3.1
2026-08-12T00:50:00+09:00,CMP-S01-L02-01,S01,S01-L02,1,running,164.1832,419.7952,93.0073,37.2925,-0.3307,A,relation-reasoning-agent-eval-v3.1
2026-08-12T00:50:00+09:00,CMP-S01-L03-01,S01,S01-L03,1,running,152.6757,442.07,110.2933,35.0402,-1.0223,B,relation-reasoning-agent-eval-v3.1
2026-08-12T00:50:00+09:00,CMP-S01-L04-01,S01,S01-L04,1,running,170.4121,504.7032,108.3174,41.4208,0.3088,A,relation-reasoning-agent-eval-v3.1
2026-08-12T00:50:00+09:00,CMP-S01-L05-01,S01,S01-L05,1,running,175.2623,448.5401,94.5767,51.841,1.9071,B,relation-reasoning-agent-eval-v3.1
2026-08-12T01:00:00+09:00,CMP-S01-L01-01,S01,S01-L01,1,running,165.3513,432.7252,99.0093,35.0846,-0.879,A,relation-reasoning-agent-eval-v3.1
2026-08-12T01:00:00+09:00,CMP-S01-L02-01,S01,S01-L02,1,running,154.6814,383.8292,94.601,36.493,-0.4788,A,relation-reasoning-agent-eval-v3.1
2026-08-12T01:00:00+09:00,CMP-S01-L03-01,S01,S01-L03,1,running,173.0111,451.4285,111.5245,40.3544,-0.0382,A,relation-reasoning-agent-eval-v3.1
2026-08-12T01:00:00+09:00,CMP-S01-L04-01,S01,S01-L04,1,running,174.4848,538.2015,102.3851,40.446,0.1283,A,relation-reasoning-agent-eval-v3.1
2026-08-12T01:00:00+09:00,CMP-S01-L05-01,S01,S01-L05,1,running,158.8995,436.0498,94.9333,48.5996,1.3069,B,relation-reasoning-agent-eval-v3.1
2026-08-12T01:10:00+09:00,CMP-S01-L01-01,S01,S01-L01,1,running,169.7036,392.1808,96.6341,36.1724,-0.6776,A,relation-reasoning-agent-eval-v3.1
2026-08-12T01:10:00+09:00,CMP-S01-L02-01,S01,S01-L02,1,running,161.838,421.1704,94.9271,31.2578,-1.4482,B,relation-reasoning-agent-eval-v3.1
2026-08-12T01:10:00+09:00,CMP-S01-L03-01,S01,S01-L03,1,running,153.0802,489.2243,111.0811,39.7163,-0.1563,A,relation-reasoning-agent-eval-v3.1
2026-08-12T01:10:00+09:00,CMP-S01-L04-01,S01,S01-L04,1,running,155.3545,517.6571,108.9189,41.9885,0.414,A,relation-reasoning-agent-eval-v3.1
2026-08-12T01:10:00+09:00,CMP-S01-L05-01,S01,S01-L05,1,running,163.3989,409.6749,103.2572,49.6334,1.4983,B,relation-reasoning-agent-eval-v3.1
2026-08-12T01:20:00+09:00,CMP-S01-L01-01,S01,S01-L01,1,running,180.213,413.3917,94.5268,37.7834,-0.3792,A,relation-reasoning-agent-eval-v3.1
2026-08-12T01:20:00+09:00,CMP-S01-L02-01,S01,S01-L02,1,running,165.4715,411.3578,96.8655,31.2801,-1.4441,B,relation-reasoning-agent-eval-v3.1
2026-08-12T01:20:00+09:00,CMP-S01-L03-01,S01,S01-L03,1,running,137.9193,484.1958,104.3651,36.9702,-0.6649,A,relation-reasoning-agent-eval-v3.1
2026-08-12T01:20:00+09:00,CMP-S01-L04-01,S01,S01-L04,1,running,173.1171,544.0047,106.1805,43.1683,0.6325,A,relation-reasoning-agent-eval-v3.1
2026-08-12T01:20:00+09:00,CMP-S01-L05-01,S01,S01-L05,1,running,156.8724,440.0325,103.6609,45.4632,0.726,A,relation-reasoning-agent-eval-v3.1
2026-08-12T01:30:00+09:00,CMP-S01-L01-01,S01,S01-L01,1,running,185.6901,358.1274,100.6692,38.3934,-0.2663,A,relation-reasoning-agent-eval-v3.1
2026-08-12T01:30:00+09:00,CMP-S01-L02-01,S01,S01-L02,1,running,186.8626,409.301,93.4145,31.7684,-1.3537,B,relation-reasoning-agent-eval-v3.1
2026-08-12T01:30:00+09:00,CMP-S01-L03-01,S01,S01-L03,1,running,146.5036,481.6116,101.4828,32.0897,-1.5687,B,relation-reasoning-agent-eval-v3.1
2026-08-12T01:30:00+09:00,CMP-S01-L04-01,S01,S01-L04,1,running,151.7903,504.4595,101.9474,43.2168,0.6414,A,relation-reasoning-agent-eval-v3.1
2026-08-12T01:30:00+09:00,CMP-S01-L05-01,S01,S01-L05,1,running,175.8088,425.9268,98.2814,44.3613,0.522,A,relation-reasoning-agent-eval-v3.1
2026-08-12T01:40:00+09:00,CMP-S01-L01-01,S01,S01-L01,1,running,183.1864,365.5299,100.2023,38.2854,-0.2863,A,relation-reasoning-agent-eval-v3.1
2026-08-12T01:40:00+09:00,CMP-S01-L02-01,S01,S01-L02,1,running,200.2875,413.9204,95.0024,39.4243,0.0641,A,relation-reasoning-agent-eval-v3.1
2026-08-12T01:40:00+09:00,CMP-S01-L03-01,S01,S01-L03,1,running,139.8904,512.2321,104.0364,39.4019,-0.2146,A,relation-reasoning-agent-eval-v3.1
2026-08-12T01:40:00+09:00,CMP-S01-L04-01,S01,S01-L04,1,running,165.0701,470.1252,101.6143,41.1981,0.2676,A,relation-reasoning-agent-eval-v3.1
2026-08-12T01:40:00+09:00,CMP-S01-L05-01,S01,S01-L05,1,running,173.4502,392.1831,101.1591,45.2309,0.683,A,relation-reasoning-agent-eval-v3.1
2026-08-12T01:50:00+09:00,CMP-S01-L01-01,S01,S01-L01,1,running,162.4546,342.2857,104.3835,41.3421,0.2798,A,relation-reasoning-agent-eval-v3.1
2026-08-12T01:50:00+09:00,CMP-S01-L02-01,S01,S01-L02,1,running,209.6312,446.0038,95.1003,37.0592,-0.3739,A,relation-reasoning-agent-eval-v3.1
2026-08-12T01:50:00+09:00,CMP-S01-L03-01,S01,S01-L03,1,running,142.1704,476.6282,103.4331,43.6504,0.5722,A,relation-reasoning-agent-eval-v3.1
2026-08-12T01:50:00+09:00,CMP-S01-L04-01,S01,S01-L04,1,running,155.729,491.8065,98.8965,37.4861,-0.4198,A,relation-reasoning-agent-eval-v3.1
2026-08-12T01:50:00+09:00,CMP-S01-L05-01,S01,S01-L05,1,running,168.7345,415.708,97.8326,47.0467,1.0193,B,relation-reasoning-agent-eval-v3.1
2026-08-12T02:00:00+09:00,CMP-S01-L01-01,S01,S01-L01,1,running,162.9346,403.5333,108.6434,41.848,0.3735,A,relation-reasoning-agent-eval-v3.1
2026-08-12T02:00:00+09:00,CMP-S01-L02-01,S01,S01-L02,1,running,211.6003,444.7747,104.7089,37.0543,-0.3748,A,relation-reasoning-agent-eval-v3.1
2026-08-12T02:00:00+09:00,CMP-S01-L03-01,S01,S01-L03,1,running,145.9437,458.9243,97.5124,47.3799,1.2629,B,relation-reasoning-agent-eval-v3.1
2026-08-12T02:00:00+09:00,CMP-S01-L04-01,S01,S01-L04,1,running,165.192,460.9923,102.5843,38.5802,-0.2172,A,relation-reasoning-agent-eval-v3.1
2026-08-12T02:00:00+09:00,CMP-S01-L05-01,S01,S01-L05,1,running,169.3065,410.7579,100.7178,45.3874,0.712,A,relation-reasoning-agent-eval-v3.1
2026-08-12T02:10:00+09:00,CMP-S01-L01-01,S01,S01-L01,1,running,153.1853,414.0186,107.1003,41.878,0.379,A,relation-reasoning-agent-eval-v3.1
2026-08-12T02:10:00+09:00,CMP-S01-L02-01,S01,S01-L02,1,running,191.4756,423.9907,100.9092,34.3065,-0.8837,A,relation-reasoning-agent-eval-v3.1
2026-08-12T02:10:00+09:00,CMP-S01-L03-01,S01,S01-L03,1,running,150.5677,447.1779,95.4976,40.6192,0.0109,A,relation-reasoning-agent-eval-v3.1
2026-08-12T02:10:00+09:00,CMP-S01-L04-01,S01,S01-L04,1,running,181.5452,482.2412,101.8063,37.8845,-0.346,A,relation-reasoning-agent-eval-v3.1
2026-08-12T02:10:00+09:00,CMP-S01-L05-01,S01,S01-L05,1,running,166.1333,423.0341,98.782,43.6231,0.3853,A,relation-reasoning-agent-eval-v3.1
2026-08-12T02:20:00+09:00,CMP-S01-L01-01,S01,S01-L01,1,running,155.1073,421.1838,104.6712,35.5594,-0.7911,A,relation-reasoning-agent-eval-v3.1
2026-08-12T02:20:00+09:00,CMP-S01-L02-01,S01,S01-L02,1,running,181.2813,367.6972,100.0757,37.715,-0.2525,A,relation-reasoning-agent-eval-v3.1
2026-08-12T02:20:00+09:00,CMP-S01-L03-01,S01,S01-L03,1,running,161.978,440.5173,106.7901,44.0026,0.6374,A,relation-reasoning-agent-eval-v3.1
2026-08-12T02:20:00+09:00,CMP-S01-L04-01,S01,S01-L04,1,running,184.2086,415.1818,104.1575,36.0657,-0.6828,A,relation-reasoning-agent-eval-v3.1
2026-08-12T02:20:00+09:00,CMP-S01-L05-01,S01,S01-L05,1,running,166.3936,472.3258,101.1346,46.11,0.8458,A,relation-reasoning-agent-eval-v3.1
2026-08-12T02:30:00+09:00,CMP-S01-L01-01,S01,S01-L01,1,running,157.9598,418.6552,103.6477,35.2919,-0.8406,A,relation-reasoning-agent-eval-v3.1
2026-08-12T02:30:00+09:00,CMP-S01-L02-01,S01,S01-L02,1,running,179.4845,424.7412,102.2907,36.2038,-0.5323,A,relation-reasoning-agent-eval-v3.1
2026-08-12T02:30:00+09:00,CMP-S01-L03-01,S01,S01-L03,1,running,160.0426,397.3275,102.9101,37.8202,-0.5075,A,relation-reasoning-agent-eval-v3.1
2026-08-12T02:30:00+09:00,CMP-S01-L04-01,S01,S01-L04,1,running,192.9425,422.351,102.6179,35.7664,-0.7383,A,relation-reasoning-agent-eval-v3.1
2026-08-12T02:30:00+09:00,CMP-S01-L05-01,S01,S01-L05,1,running,165.1166,466.1403,98.0461,42.42,0.1625,A,relation-reasoning-agent-eval-v3.1
2026-08-12T02:40:00+09:00,CMP-S01-L01-01,S01,S01-L01,1,running,181.1587,441.4201,105.8332,39.5491,-0.0522,A,relation-reasoning-agent-eval-v3.1
2026-08-12T02:40:00+09:00,CMP-S01-L02-01,S01,S01-L02,1,running,177.9763,388.8063,104.1251,37.2062,-0.3467,A,relation-reasoning-agent-eval-v3.1
2026-08-12T02:40:00+09:00,CMP-S01-L03-01,S01,S01-L03,1,running,155.2724,386.44,101.3493,38.1186,-0.4522,A,relation-reasoning-agent-eval-v3.1
2026-08-12T02:40:00+09:00,CMP-S01-L04-01,S01,S01-L04,1,running,205.7165,407.5822,99.134,48.8245,1.6799,B,relation-reasoning-agent-eval-v3.1
2026-08-12T02:40:00+09:00,CMP-S01-L05-01,S01,S01-L05,1,running,153.9387,447.6331,92.85,39.3755,-0.4013,A,relation-reasoning-agent-eval-v3.1
2026-08-12T02:50:00+09:00,CMP-S01-L01-01,S01,S01-L01,1,running,202.0983,431.1517,105.2095,33.2076,-1.2266,B,relation-reasoning-agent-eval-v3.1
2026-08-12T02:50:00+09:00,CMP-S01-L02-01,S01,S01-L02,1,running,178.6618,372.5718,99.2166,41.6523,0.4767,A,relation-reasoning-agent-eval-v3.1
2026-08-12T02:50:00+09:00,CMP-S01-L03-01,S01,S01-L03,1,running,150.8787,409.2985,105.8774,39.2088,-0.2503,A,relation-reasoning-agent-eval-v3.1
2026-08-12T02:50:00+09:00,CMP-S01-L04-01,S01,S01-L04,1,running,199.2497,412.4154,95.4232,43.0682,0.6139,A,relation-reasoning-agent-eval-v3.1
2026-08-12T02:50:00+09:00,CMP-S01-L05-01,S01,S01-L05,1,running,162.7453,470.2699,94.3934,44.8381,0.6103,A,relation-reasoning-agent-eval-v3.1
2026-08-12T03:00:00+09:00,CMP-S01-L01-01,S01,S01-L01,1,running,202.0119,467.9107,100.7479,36.391,-0.6371,A,relation-reasoning-agent-eval-v3.1
2026-08-12T03:00:00+09:00,CMP-S01-L02-01,S01,S01-L02,1,running,181.3028,387.8892,93.9567,39.9511,0.1616,A,relation-reasoning-agent-eval-v3.1
2026-08-12T03:00:00+09:00,CMP-S01-L03-01,S01,S01-L03,1,running,137.5189,418.2987,105.1238,41.2983,0.1366,A,relation-reasoning-agent-eval-v3.1
2026-08-12T03:00:00+09:00,CMP-S01-L04-01,S01,S01-L04,1,running,192.1239,401.5285,91.8961,41.7614,0.3719,A,relation-reasoning-agent-eval-v3.1
2026-08-12T03:00:00+09:00,CMP-S01-L05-01,S01,S01-L05,1,running,147.3293,418.2771,96.7474,42.6629,0.2074,A,relation-reasoning-agent-eval-v3.1
2026-08-12T03:10:00+09:00,CMP-S01-L01-01,S01,S01-L01,1,running,186.2711,431.8087,106.0779,36.3443,-0.6457,A,relation-reasoning-agent-eval-v3.1
2026-08-12T03:10:00+09:00,CMP-S01-L02-01,S01,S01-L02,1,running,198.1339,394.9158,96.7207,42.5618,0.6451,A,relation-reasoning-agent-eval-v3.1
2026-08-12T03:10:00+09:00,CMP-S01-L03-01,S01,S01-L03,1,running,130.971,397.6147,105.7765,40.648,0.0162,A,relation-reasoning-agent-eval-v3.1
2026-08-12T03:10:00+09:00,CMP-S01-L04-01,S01,S01-L04,1,running,190.7745,492.7905,98.5408,40.0615,0.0571,A,relation-reasoning-agent-eval-v3.1
2026-08-12T03:10:00+09:00,CMP-S01-L05-01,S01,S01-L05,1,running,147.8912,438.1209,94.7864,43.8768,0.4323,A,relation-reasoning-agent-eval-v3.1
2026-08-12T03:20:00+09:00,CMP-S01-L01-01,S01,S01-L01,1,running,170.1065,418.7096,95.8955,28.9307,-2.0186,C,relation-reasoning-agent-eval-v3.1
2026-08-12T03:20:00+09:00,CMP-S01-L02-01,S01,S01-L02,1,running,187.5256,374.9038,105.268,45.0572,1.1072,B,relation-reasoning-agent-eval-v3.1
2026-08-12T03:20:00+09:00,CMP-S01-L03-01,S01,S01-L03,1,running,139.6961,436.4202,103.8324,36.9142,-0.6752,A,relation-reasoning-agent-eval-v3.1
2026-08-12T03:20:00+09:00,CMP-S01-L04-01,S01,S01-L04,1,running,171.6574,492.6403,96.1066,36.6015,-0.5836,A,relation-reasoning-agent-eval-v3.1
2026-08-12T03:20:00+09:00,CMP-S01-L05-01,S01,S01-L05,1,running,159.1727,487.1517,90.5952,45.3195,0.6994,A,relation-reasoning-agent-eval-v3.1
2026-08-12T03:30:00+09:00,CMP-S01-L01-01,S01,S01-L01,1,running,171.2519,422.7812,94.242,26.2247,-2.5197,C,relation-reasoning-agent-eval-v3.1
2026-08-12T03:30:00+09:00,CMP-S01-L02-01,S01,S01-L02,1,running,169.4801,418.6937,98.1352,47.8195,1.6187,B,relation-reasoning-agent-eval-v3.1
2026-08-12T03:30:00+09:00,CMP-S01-L03-01,S01,S01-L03,1,running,158.2161,412.0408,97.0176,37.3177,-0.6005,A,relation-reasoning-agent-eval-v3.1
2026-08-12T03:30:00+09:00,CMP-S01-L04-01,S01,S01-L04,1,running,197.3689,463.5853,87.7086,33.664,-1.1276,B,relation-reasoning-agent-eval-v3.1
2026-08-12T03:30:00+09:00,CMP-S01-L05-01,S01,S01-L05,1,running,156.1276,473.1993,92.8447,45.197,0.6767,A,relation-reasoning-agent-eval-v3.1
2026-08-12T03:40:00+09:00,CMP-S01-L01-01,S01,S01-L01,1,running,187.287,465.0545,90.1388,26.0003,-2.5613,C,relation-reasoning-agent-eval-v3.1
2026-08-12T03:40:00+09:00,CMP-S01-L02-01,S01,S01-L02,1,running,164.1387,431.0709,101.1803,45.8366,1.2515,B,relation-reasoning-agent-eval-v3.1
2026-08-12T03:40:00+09:00,CMP-S01-L03-01,S01,S01-L03,1,running,164.7309,440.2993,104.6875,45.2358,0.8658,A,relation-reasoning-agent-eval-v3.1
2026-08-12T03:40:00+09:00,CMP-S01-L04-01,S01,S01-L04,1,running,182.3481,467.3512,96.6819,33.2523,-1.2038,B,relation-reasoning-agent-eval-v3.1
2026-08-12T03:40:00+09:00,CMP-S01-L05-01,S01,S01-L05,1,running,164.8851,488.7067,102.0249,47.5217,1.1072,B,relation-reasoning-agent-eval-v3.1
2026-08-12T03:50:00+09:00,CMP-S01-L01-01,S01,S01-L01,1,running,199.2337,428.2013,95.7347,22.0837,-3.2866,D,relation-reasoning-agent-eval-v3.1
2026-08-12T03:50:00+09:00,CMP-S01-L02-01,S01,S01-L02,1,running,166.9633,457.5519,100.6674,48.1094,1.6724,B,relation-reasoning-agent-eval-v3.1
2026-08-12T03:50:00+09:00,CMP-S01-L03-01,S01,S01-L03,1,running,163.45,437.3005,104.789,47.0261,1.1973,B,relation-reasoning-agent-eval-v3.1
2026-08-12T03:50:00+09:00,CMP-S01-L04-01,S01,S01-L04,1,running,176.5185,462.1108,102.4813,36.2344,-0.6516,A,relation-reasoning-agent-eval-v3.1
2026-08-12T03:50:00+09:00,CMP-S01-L05-01,S01,S01-L05,1,running,172.9304,489.1799,107.5999,41.4358,-0.0198,A,relation-reasoning-agent-eval-v3.1
2026-08-12T04:00:00+09:00,CMP-S01-L01-01,S01,S01-L01,1,running,192.5181,400.7987,96.2052,24.1738,-2.8995,C,relation-reasoning-agent-eval-v3.1
2026-08-12T04:00:00+09:00,CMP-S01-L02-01,S01,S01-L02,1,running,189.6286,402.459,105.5522,47.2796,1.5188,B,relation-reasoning-agent-eval-v3.1
2026-08-12T04:00:00+09:00,CMP-S01-L03-01,S01,S01-L03,1,running,150.8258,368.9044,109.5804,51.7282,2.0681,C,relation-reasoning-agent-eval-v3.1
2026-08-12T04:00:00+09:00,CMP-S01-L04-01,S01,S01-L04,1,running,169.9942,476.5264,103.303,39.6984,-0.0101,A,relation-reasoning-agent-eval-v3.1
2026-08-12T04:00:00+09:00,CMP-S01-L05-01,S01,S01-L05,1,running,165.0719,432.0667,106.6738,34.5148,-1.3014,B,relation-reasoning-agent-eval-v3.1
2026-08-12T04:10:00+09:00,CMP-S01-L01-01,S01,S01-L01,1,running,171.7325,405.8806,90.5769,31.3303,-1.5742,B,relation-reasoning-agent-eval-v3.1
2026-08-12T04:10:00+09:00,CMP-S01-L02-01,S01,S01-L02,1,running,191.9286,423.241,99.691,39.2318,0.0284,A,relation-reasoning-agent-eval-v3.1
2026-08-12T04:10:00+09:00,CMP-S01-L03-01,S01,S01-L03,1,running,152.9958,402.5846,111.7244,48.4509,1.4612,B,relation-reasoning-agent-eval-v3.1
2026-08-12T04:10:00+09:00,CMP-S01-L04-01,S01,S01-L04,1,running,187.6079,463.4987,106.6884,42.5853,0.5245,A,relation-reasoning-agent-eval-v3.1
2026-08-12T04:10:00+09:00,CMP-S01-L05-01,S01,S01-L05,1,running,173.3948,429.3779,106.7928,32.4316,-1.6872,B,relation-reasoning-agent-eval-v3.1
2026-08-12T04:20:00+09:00,CMP-S01-L01-01,S01,S01-L01,1,running,170.657,421.5272,95.3249,36.4986,-0.6171,A,relation-reasoning-agent-eval-v3.1
2026-08-12T04:20:00+09:00,CMP-S01-L02-01,S01,S01-L02,1,running,189.316,416.2748,101.2878,49.0488,1.8464,B,relation-reasoning-agent-eval-v3.1
2026-08-12T04:20:00+09:00,CMP-S01-L03-01,S01,S01-L03,1,running,166.5113,382.3257,106.6069,49.6902,1.6907,B,relation-reasoning-agent-eval-v3.1
2026-08-12T04:20:00+09:00,CMP-S01-L04-01,S01,S01-L04,1,running,186.7463,509.128,107.9965,39.8272,0.0137,A,relation-reasoning-agent-eval-v3.1
2026-08-12T04:20:00+09:00,CMP-S01-L05-01,S01,S01-L05,1,running,173.2082,417.1914,103.9944,36.1149,-1.0051,B,relation-reasoning-agent-eval-v3.1
2026-08-12T04:30:00+09:00,CMP-S01-L01-01,S01,S01-L01,1,running,190.6696,441.6204,103.8049,40.4067,0.1066,A,relation-reasoning-agent-eval-v3.1
2026-08-12T04:30:00+09:00,CMP-S01-L02-01,S01,S01-L02,1,running,177.0055,480.8166,106.5177,41.972,0.5359,A,relation-reasoning-agent-eval-v3.1
2026-08-12T04:30:00+09:00,CMP-S01-L03-01,S01,S01-L03,1,running,181.1579,398.6864,104.2591,56.2152,2.899,C,relation-reasoning-agent-eval-v3.1
2026-08-12T04:30:00+09:00,CMP-S01-L04-01,S01,S01-L04,1,running,178.7467,463.4085,106.6631,35.2848,-0.8275,A,relation-reasoning-agent-eval-v3.1
2026-08-12T04:30:00+09:00,CMP-S01-L05-01,S01,S01-L05,1,running,189.0524,410.4203,102.2836,49.9837,1.5632,B,relation-reasoning-agent-eval-v3.1
2026-08-12T04:40:00+09:00,CMP-S01-L01-01,S01,S01-L01,1,running,199.3919,480.4208,103.2513,41.4379,0.2975,A,relation-reasoning-agent-eval-v3.1
2026-08-12T04:40:00+09:00,CMP-S01-L02-01,S01,S01-L02,1,running,164.6606,495.0752,106.0112,41.237,0.3998,A,relation-reasoning-agent-eval-v3.1
2026-08-12T04:40:00+09:00,CMP-S01-L03-01,S01,S01-L03,1,running,184.61,423.599,105.294,56.5391,2.959,C,relation-reasoning-agent-eval-v3.1
2026-08-12T04:40:00+09:00,CMP-S01-L04-01,S01,S01-L04,1,running,182.0809,424.5852,109.5199,36.6955,-0.5662,A,relation-reasoning-agent-eval-v3.1
2026-08-12T04:40:00+09:00,CMP-S01-L05-01,S01,S01-L05,1,running,182.2722,465.7812,97.3218,49.8562,1.5396,B,relation-reasoning-agent-eval-v3.1
2026-08-12T04:50:00+09:00,CMP-S01-L01-01,S01,S01-L01,1,running,200.8692,484.243,98.6288,43.1897,0.6219,A,relation-reasoning-agent-eval-v3.1
2026-08-12T04:50:00+09:00,CMP-S01-L02-01,S01,S01-L02,1,running,164.8133,433.3718,100.8624,43.0317,0.7321,A,relation-reasoning-agent-eval-v3.1
2026-08-12T04:50:00+09:00,CMP-S01-L03-01,S01,S01-L03,1,running,176.0253,441.9122,104.6026,50.3251,1.8083,B,relation-reasoning-agent-eval-v3.1
2026-08-12T04:50:00+09:00,CMP-S01-L04-01,S01,S01-L04,1,running,177.1311,453.6603,100.4565,41.7859,0.3765,A,relation-reasoning-agent-eval-v3.1
2026-08-12T04:50:00+09:00,CMP-S01-L05-01,S01,S01-L05,1,running,159.432,451.1446,105.4995,53.8283,2.2751,C,relation-reasoning-agent-eval-v3.1
2026-08-12T05:00:00+09:00,CMP-S01-L01-01,S01,S01-L01,1,running,192.6944,484.387,101.7771,37.3285,-0.4635,A,relation-reasoning-agent-eval-v3.1
2026-08-12T05:00:00+09:00,CMP-S01-L02-01,S01,S01-L02,1,running,174.8229,382.477,102.5992,42.8102,0.6911,A,relation-reasoning-agent-eval-v3.1
2026-08-12T05:00:00+09:00,CMP-S01-L03-01,S01,S01-L03,1,running,170.3605,454.8302,103.1414,46.7052,1.1379,B,relation-reasoning-agent-eval-v3.1
2026-08-12T05:00:00+09:00,CMP-S01-L04-01,S01,S01-L04,1,running,166.4736,463.356,101.3081,40.551,0.1478,A,relation-reasoning-agent-eval-v3.1
2026-08-12T05:00:00+09:00,CMP-S01-L05-01,S01,S01-L05,1,running,159.7701,479.3885,96.5549,45.3643,0.7077,A,relation-reasoning-agent-eval-v3.1
2026-08-12T05:10:00+09:00,CMP-S01-L01-01,S01,S01-L01,1,running,189.7998,451.5122,95.7635,37.8917,-0.3592,A,relation-reasoning-agent-eval-v3.1
2026-08-12T05:10:00+09:00,CMP-S01-L02-01,S01,S01-L02,1,running,190.5753,437.7253,108.7621,41.2242,0.3974,A,relation-reasoning-agent-eval-v3.1
2026-08-12T05:10:00+09:00,CMP-S01-L03-01,S01,S01-L03,1,running,192.0203,448.8389,100.8471,46.8701,1.1685,B,relation-reasoning-agent-eval-v3.1
2026-08-12T05:10:00+09:00,CMP-S01-L04-01,S01,S01-L04,1,running,179.1089,454.6894,105.6722,35.8996,-0.7136,A,relation-reasoning-agent-eval-v3.1
2026-08-12T05:10:00+09:00,CMP-S01-L05-01,S01,S01-L05,1,running,160.6099,472.8174,96.9986,39.5739,-0.3646,A,relation-reasoning-agent-eval-v3.1
2026-08-12T05:20:00+09:00,CMP-S01-L01-01,S01,S01-L01,1,running,191.1949,425.2976,101.7849,38.8324,-0.185,A,relation-reasoning-agent-eval-v3.1
2026-08-12T05:20:00+09:00,CMP-S01-L02-01,S01,S01-L02,1,running,172.533,449.5419,107.6419,42.1713,0.5728,A,relation-reasoning-agent-eval-v3.1
2026-08-12T05:20:00+09:00,CMP-S01-L03-01,S01,S01-L03,1,running,189.1925,399.6463,105.6288,47.8954,1.3583,B,relation-reasoning-agent-eval-v3.1
2026-08-12T05:20:00+09:00,CMP-S01-L04-01,S01,S01-L04,1,running,167.2623,451.9855,103.4116,42.5373,0.5156,A,relation-reasoning-agent-eval-v3.1
2026-08-12T05:20:00+09:00,CMP-S01-L05-01,S01,S01-L05,1,running,157.2462,469.4043,92.7731,41.0422,-0.0927,A,relation-reasoning-agent-eval-v3.1
2026-08-12T05:30:00+09:00,CMP-S01-L01-01,S01,S01-L01,1,running,167.9644,419.9141,104.5501,36.875,-0.5475,A,relation-reasoning-agent-eval-v3.1
2026-08-12T05:30:00+09:00,CMP-S01-L02-01,S01,S01-L02,1,running,160.9625,450.0259,107.5934,37.8249,-0.2321,A,relation-reasoning-agent-eval-v3.1
2026-08-12T05:30:00+09:00,CMP-S01-L03-01,S01,S01-L03,1,running,174.0245,403.3181,103.6676,39.8249,-0.1362,A,relation-reasoning-agent-eval-v3.1
2026-08-12T05:30:00+09:00,CMP-S01-L04-01,S01,S01-L04,1,running,171.8828,446.0322,106.9919,46.6414,1.2756,B,relation-reasoning-agent-eval-v3.1
2026-08-12T05:30:00+09:00,CMP-S01-L05-01,S01,S01-L05,1,running,155.3155,496.6303,96.4339,47.3563,1.0766,B,relation-reasoning-agent-eval-v3.1
2026-08-12T05:40:00+09:00,CMP-S01-L01-01,S01,S01-L01,1,running,179.4937,426.3649,106.0572,44.3373,0.8345,A,relation-reasoning-agent-eval-v3.1
2026-08-12T05:40:00+09:00,CMP-S01-L02-01,S01,S01-L02,1,running,184.8566,441.2815,111.7382,39.1439,0.0122,A,relation-reasoning-agent-eval-v3.1
2026-08-12T05:40:00+09:00,CMP-S01-L03-01,S01,S01-L03,1,running,161.8381,405.3585,98.3395,32.5416,-1.485,B,relation-reasoning-agent-eval-v3.1
2026-08-12T05:40:00+09:00,CMP-S01-L04-01,S01,S01-L04,1,running,166.1819,480.9387,98.0538,42.7972,0.5637,A,relation-reasoning-agent-eval-v3.1
2026-08-12T05:40:00+09:00,CMP-S01-L05-01,S01,S01-L05,1,running,172.5342,508.0491,96.1145,47.1489,1.0382,B,relation-reasoning-agent-eval-v3.1
2026-08-12T05:50:00+09:00,CMP-S01-L01-01,S01,S01-L01,1,running,193.188,456.1378,103.3256,48.6074,1.6252,B,relation-reasoning-agent-eval-v3.1
2026-08-12T05:50:00+09:00,CMP-S01-L02-01,S01,S01-L02,1,running,189.4574,449.6057,114.3347,35.299,-0.6999,A,relation-reasoning-agent-eval-v3.1
2026-08-12T05:50:00+09:00,CMP-S01-L03-01,S01,S01-L03,1,running,160.6763,428.8062,101.3592,35.6875,-0.9024,A,relation-reasoning-agent-eval-v3.1
2026-08-12T05:50:00+09:00,CMP-S01-L04-01,S01,S01-L04,1,running,177.5544,435.259,95.5483,43.3128,0.6592,A,relation-reasoning-agent-eval-v3.1
2026-08-12T05:50:00+09:00,CMP-S01-L05-01,S01,S01-L05,1,running,181.8272,493.1381,94.7381,51.5373,1.8509,B,relation-reasoning-agent-eval-v3.1
2026-08-12T06:00:00+09:00,CMP-S01-L01-01,S01,S01-L01,1,running,185.6054,444.368,105.9734,45.8371,1.1122,B,relation-reasoning-agent-eval-v3.1
2026-08-12T06:00:00+09:00,CMP-S01-L02-01,S01,S01-L02,1,running,186.9632,438.151,111.6031,32.8536,-1.1527,B,relation-reasoning-agent-eval-v3.1
2026-08-12T06:00:00+09:00,CMP-S01-L03-01,S01,S01-L03,1,running,155.1395,488.8493,104.4613,38.821,-0.3221,A,relation-reasoning-agent-eval-v3.1
2026-08-12T06:00:00+09:00,CMP-S01-L04-01,S01,S01-L04,1,running,178.897,445.3647,97.987,40.2144,0.0854,A,relation-reasoning-agent-eval-v3.1
2026-08-12T06:00:00+09:00,CMP-S01-L05-01,S01,S01-L05,1,running,182.7854,480.5429,91.8191,55.9936,2.6761,C,relation-reasoning-agent-eval-v3.1
2026-08-12T06:10:00+09:00,CMP-S01-L01-01,S01,S01-L01,1,running,181.861,464.2688,103.9811,43.0087,0.5884,A,relation-reasoning-agent-eval-v3.1
2026-08-12T06:10:00+09:00,CMP-S01-L02-01,S01,S01-L02,1,running,172.3024,440.0827,112.0655,30.3512,-1.6161,B,relation-reasoning-agent-eval-v3.1
2026-08-12T06:10:00+09:00,CMP-S01-L03-01,S01,S01-L03,1,running,157.7342,445.499,106.0726,34.6539,-1.0938,B,relation-reasoning-agent-eval-v3.1
2026-08-12T06:10:00+09:00,CMP-S01-L04-01,S01,S01-L04,1,running,187.2455,439.4695,101.1268,37.6497,-0.3895,A,relation-reasoning-agent-eval-v3.1
2026-08-12T06:10:00+09:00,CMP-S01-L05-01,S01,S01-L05,1,running,168.5916,459.7272,92.8673,57.5685,2.9678,C,relation-reasoning-agent-eval-v3.1
2026-08-12T06:20:00+09:00,CMP-S01-L01-01,S01,S01-L01,1,running,194.9576,468.3033,105.5661,37.1702,-0.4928,A,relation-reasoning-agent-eval-v3.1
2026-08-12T06:20:00+09:00,CMP-S01-L02-01,S01,S01-L02,1,running,179.1874,464.019,111.0069,37.082,-0.3697,A,relation-reasoning-agent-eval-v3.1
2026-08-12T06:20:00+09:00,CMP-S01-L03-01,S01,S01-L03,1,running,149.2597,424.5421,109.8183,34.74,-1.0779,B,relation-reasoning-agent-eval-v3.1
2026-08-12T06:20:00+09:00,CMP-S01-L04-01,S01,S01-L04,1,running,196.0478,446.4764,104.9309,34.8998,-0.8988,A,relation-reasoning-agent-eval-v3.1
2026-08-12T06:20:00+09:00,CMP-S01-L05-01,S01,S01-L05,1,running,174.7918,475.9126,87.4825,54.5254,2.4042,C,relation-reasoning-agent-eval-v3.1
2026-08-12T06:30:00+09:00,CMP-S01-L01-01,S01,S01-L01,1,running,204.4622,466.979,97.9825,43.9284,0.7587,A,relation-reasoning-agent-eval-v3.1
2026-08-12T06:30:00+09:00,CMP-S01-L02-01,S01,S01-L02,1,running,161.2778,453.9741,109.5695,38.804,-0.0508,A,relation-reasoning-agent-eval-v3.1
2026-08-12T06:30:00+09:00,CMP-S01-L03-01,S01,S01-L03,1,running,145.9227,432.4657,101.6547,29.4163,-2.0637,C,relation-reasoning-agent-eval-v3.1
2026-08-12T06:30:00+09:00,CMP-S01-L04-01,S01,S01-L04,1,running,191.9324,423.7162,113.0089,35.1365,-0.8549,A,relation-reasoning-agent-eval-v3.1
2026-08-12T06:30:00+09:00,CMP-S01-L05-01,S01,S01-L05,1,running,162.5269,455.8185,88.6818,48.9385,1.3696,B,relation-reasoning-agent-eval-v3.1
2026-08-12T06:40:00+09:00,CMP-S01-L01-01,S01,S01-L01,1,running,185.0105,464.3488,87.6039,43.7448,0.7247,A,relation-reasoning-agent-eval-v3.1
2026-08-12T06:40:00+09:00,CMP-S01-L02-01,S01,S01-L02,1,running,161.0681,479.459,107.394,32.4936,-1.2194,B,relation-reasoning-agent-eval-v3.1
2026-08-12T06:40:00+09:00,CMP-S01-L03-01,S01,S01-L03,1,running,153.9585,443.6628,112.1022,30.0233,-1.9513,B,relation-reasoning-agent-eval-v3.1
2026-08-12T06:40:00+09:00,CMP-S01-L04-01,S01,S01-L04,1,running,183.5797,396.5025,116.7257,31.4007,-1.5467,B,relation-reasoning-agent-eval-v3.1
2026-08-12T06:40:00+09:00,CMP-S01-L05-01,S01,S01-L05,1,running,154.9968,456.132,87.8227,44.9222,0.6259,A,relation-reasoning-agent-eval-v3.1
2026-08-12T06:50:00+09:00,CMP-S01-L01-01,S01,S01-L01,1,running,174.8541,496.1042,86.0852,37.3759,-0.4547,A,relation-reasoning-agent-eval-v3.1
2026-08-12T06:50:00+09:00,CMP-S01-L02-01,S01,S01-L02,1,running,167.9533,498.3878,106.1813,33.7002,-0.9959,A,relation-reasoning-agent-eval-v3.1
2026-08-12T06:50:00+09:00,CMP-S01-L03-01,S01,S01-L03,1,running,140.2973,441.3295,113.4835,31.6412,-1.6517,B,relation-reasoning-agent-eval-v3.1
2026-08-12T06:50:00+09:00,CMP-S01-L04-01,S01,S01-L04,1,running,183.2628,440.1546,114.5799,35.6456,-0.7606,A,relation-reasoning-agent-eval-v3.1
2026-08-12T06:50:00+09:00,CMP-S01-L05-01,S01,S01-L05,1,running,173.9157,401.9005,91.7991,48.2726,1.2463,B,relation-reasoning-agent-eval-v3.1
2026-08-12T07:00:00+09:00,CMP-S01-L01-01,S01,S01-L01,1,running,181.1769,454.1317,78.7857,47.9296,1.4997,B,relation-reasoning-agent-eval-v3.1
2026-08-12T07:00:00+09:00,CMP-S01-L02-01,S01,S01-L02,1,running,153.6357,479.16,102.9164,37.8994,-0.2183,A,relation-reasoning-agent-eval-v3.1
2026-08-12T07:00:00+09:00,CMP-S01-L03-01,S01,S01-L03,1,running,175.2421,388.6233,106.6689,40.5927,0.006,A,relation-reasoning-agent-eval-v3.1
2026-08-12T07:00:00+09:00,CMP-S01-L04-01,S01,S01-L04,1,running,177.6387,451.6497,116.6951,39.7444,-0.0016,A,relation-reasoning-agent-eval-v3.1
2026-08-12T07:00:00+09:00,CMP-S01-L05-01,S01,S01-L05,1,running,181.3653,386.3035,91.9408,49.2343,1.4244,B,relation-reasoning-agent-eval-v3.1
2026-08-12T07:10:00+09:00,CMP-S01-L01-01,S01,S01-L01,1,running,181.4488,441.2672,82.9441,48.7637,1.6542,B,relation-reasoning-agent-eval-v3.1
2026-08-12T07:10:00+09:00,CMP-S01-L02-01,S01,S01-L02,1,running,156.7124,487.3346,107.6468,41.8807,0.519,A,relation-reasoning-agent-eval-v3.1
2026-08-12T07:10:00+09:00,CMP-S01-L03-01,S01,S01-L03,1,running,169.048,423.2403,108.8473,44.3976,0.7106,A,relation-reasoning-agent-eval-v3.1
2026-08-12T07:10:00+09:00,CMP-S01-L04-01,S01,S01-L04,1,running,166.3621,460.8442,110.8357,42.7992,0.5641,A,relation-reasoning-agent-eval-v3.1
2026-08-12T07:10:00+09:00,CMP-S01-L05-01,S01,S01-L05,1,running,177.5266,380.6138,95.8348,49.5859,1.4895,B,relation-reasoning-agent-eval-v3.1
2026-08-12T07:20:00+09:00,CMP-S01-L01-01,S01,S01-L01,1,running,169.8378,497.1319,88.7811,50.6347,2.0006,C,relation-reasoning-agent-eval-v3.1
2026-08-12T07:20:00+09:00,CMP-S01-L02-01,S01,S01-L02,1,running,161.9247,486.107,111.2628,45.4991,1.189,B,relation-reasoning-agent-eval-v3.1
2026-08-12T07:20:00+09:00,CMP-S01-L03-01,S01,S01-L03,1,running,142.1545,407.2849,106.4476,44.2811,0.689,A,relation-reasoning-agent-eval-v3.1
2026-08-12T07:20:00+09:00,CMP-S01-L04-01,S01,S01-L04,1,running,177.2107,475.257,115.5937,38.4291,-0.2452,A,relation-reasoning-agent-eval-v3.1
2026-08-12T07:20:00+09:00,CMP-S01-L05-01,S01,S01-L05,1,running,184.7794,433.7198,96.5545,53.1504,2.1496,C,relation-reasoning-agent-eval-v3.1
2026-08-12T07:30:00+09:00,CMP-S01-L01-01,S01,S01-L01,1,running,170.0617,495.9371,94.5896,50.2641,1.932,B,relation-reasoning-agent-eval-v3.1
2026-08-12T07:30:00+09:00,CMP-S01-L02-01,S01,S01-L02,1,running,180.8086,520.4671,112.8944,48.8234,1.8047,B,relation-reasoning-agent-eval-v3.1
2026-08-12T07:30:00+09:00,CMP-S01-L03-01,S01,S01-L03,1,running,145.7975,387.0233,105.6173,37.9627,-0.4811,A,relation-reasoning-agent-eval-v3.1
2026-08-12T07:30:00+09:00,CMP-S01-L04-01,S01,S01-L04,1,running,199.8763,492.0493,110.748,32.491,-1.3448,B,relation-reasoning-agent-eval-v3.1
2026-08-12T07:30:00+09:00,CMP-S01-L05-01,S01,S01-L05,1,running,184.0991,488.2143,97.7043,51.0069,1.7526,B,relation-reasoning-agent-eval-v3.1
2026-08-12T07:40:00+09:00,CMP-S01-L01-01,S01,S01-L01,1,running,177.5446,497.6846,98.9551,46.8181,1.2939,B,relation-reasoning-agent-eval-v3.1
2026-08-12T07:40:00+09:00,CMP-S01-L02-01,S01,S01-L02,1,running,168.059,523.425,113.5584,44.553,1.0138,B,relation-reasoning-agent-eval-v3.1
2026-08-12T07:40:00+09:00,CMP-S01-L03-01,S01,S01-L03,1,running,161.5423,356.5751,105.7253,38.9568,-0.297,A,relation-reasoning-agent-eval-v3.1
2026-08-12T07:40:00+09:00,CMP-S01-L04-01,S01,S01-L04,1,running,189.4753,462.846,120.1641,24.7392,-2.7803,C,relation-reasoning-agent-eval-v3.1
2026-08-12T07:40:00+09:00,CMP-S01-L05-01,S01,S01-L05,1,running,163.7446,480.7255,96.0904,48.6314,1.3127,B,relation-reasoning-agent-eval-v3.1
2026-08-12T07:50:00+09:00,CMP-S01-L01-01,S01,S01-L01,1,running,162.8068,455.8178,99.4511,41.1451,0.2433,A,relation-reasoning-agent-eval-v3.1
2026-08-12T07:50:00+09:00,CMP-S01-L02-01,S01,S01-L02,1,running,161.6896,511.1167,108.0065,51.2585,2.2556,C,relation-reasoning-agent-eval-v3.1
2026-08-12T07:50:00+09:00,CMP-S01-L03-01,S01,S01-L03,1,running,164.3409,379.6528,98.8318,33.3229,-1.3403,B,relation-reasoning-agent-eval-v3.1
2026-08-12T07:50:00+09:00,CMP-S01-L04-01,S01,S01-L04,1,running,166.1197,481.2582,115.1382,26.5776,-2.4399,C,relation-reasoning-agent-eval-v3.1
2026-08-12T07:50:00+09:00,CMP-S01-L05-01,S01,S01-L05,1,running,161.8241,466.2341,91.2791,45.644,0.7595,A,relation-reasoning-agent-eval-v3.1
2026-08-12T08:00:00+09:00,CMP-S01-L01-01,S01,S01-L01,1,running,185.8172,469.7685,103.061,41.4472,0.2992,A,relation-reasoning-agent-eval-v3.1
2026-08-12T08:00:00+09:00,CMP-S01-L02-01,S01,S01-L02,1,running,154.7058,511.9019,107.3075,47.2685,1.5167,B,relation-reasoning-agent-eval-v3.1
2026-08-12T08:00:00+09:00,CMP-S01-L03-01,S01,S01-L03,1,running,155.8039,447.1858,106.7623,42.231,0.3094,A,relation-reasoning-agent-eval-v3.1
2026-08-12T08:00:00+09:00,CMP-S01-L04-01,S01,S01-L04,1,running,172.5769,436.4293,119.6869,32.1605,-1.406,B,relation-reasoning-agent-eval-v3.1
2026-08-12T08:00:00+09:00,CMP-S01-L05-01,S01,S01-L05,1,running,162.0676,454.1992,95.5294,42.3037,0.1409,A,relation-reasoning-agent-eval-v3.1
2026-08-12T08:10:00+09:00,CMP-S01-L01-01,S01,S01-L01,1,running,176.3771,449.3598,107.0145,39.0715,-0.1407,A,relation-reasoning-agent-eval-v3.1
2026-08-12T08:10:00+09:00,CMP-S01-L02-01,S01,S01-L02,1,running,155.7154,497.2864,107.1471,43.8484,0.8834,A,relation-reasoning-agent-eval-v3.1
2026-08-12T08:10:00+09:00,CMP-S01-L03-01,S01,S01-L03,1,running,150.3284,490.6128,110.0338,46.0663,1.0196,B,relation-reasoning-agent-eval-v3.1
2026-08-12T08:10:00+09:00,CMP-S01-L04-01,S01,S01-L04,1,running,161.4646,475.1675,116.9625,25.6428,-2.613,C,relation-reasoning-agent-eval-v3.1
2026-08-12T08:10:00+09:00,CMP-S01-L05-01,S01,S01-L05,1,running,161.9852,450.7476,90.7364,43.4721,0.3573,A,relation-reasoning-agent-eval-v3.1
2026-08-12T08:20:00+09:00,CMP-S01-L01-01,S01,S01-L01,1,running,182.5058,450.5021,101.7034,39.0161,-0.1509,A,relation-reasoning-agent-eval-v3.1
2026-08-12T08:20:00+09:00,CMP-S01-L02-01,S01,S01-L02,1,running,139.6018,445.7525,104.4578,42.2618,0.5895,A,relation-reasoning-agent-eval-v3.1
2026-08-12T08:20:00+09:00,CMP-S01-L03-01,S01,S01-L03,1,running,154.2872,426.3937,113.4709,42.1917,0.3021,A,relation-reasoning-agent-eval-v3.1
2026-08-12T08:20:00+09:00,CMP-S01-L04-01,S01,S01-L04,1,running,160.9717,517.5184,112.8026,27.7209,-2.2282,C,relation-reasoning-agent-eval-v3.1
2026-08-12T08:20:00+09:00,CMP-S01-L05-01,S01,S01-L05,1,running,163.2451,441.0225,95.0254,38.9101,-0.4875,A,relation-reasoning-agent-eval-v3.1
2026-08-12T08:30:00+09:00,CMP-S01-L01-01,S01,S01-L01,1,running,181.2448,455.1543,96.017,46.1428,1.1688,B,relation-reasoning-agent-eval-v3.1
2026-08-12T08:30:00+09:00,CMP-S01-L02-01,S01,S01-L02,1,running,142.5821,458.3248,99.043,38.4913,-0.1087,A,relation-reasoning-agent-eval-v3.1
2026-08-12T08:30:00+09:00,CMP-S01-L03-01,S01,S01-L03,1,running,159.184,486.1325,106.6004,42.5551,0.3694,A,relation-reasoning-agent-eval-v3.1
2026-08-12T08:30:00+09:00,CMP-S01-L04-01,S01,S01-L04,1,running,153.2027,488.4629,112.2836,37.6935,-0.3814,A,relation-reasoning-agent-eval-v3.1
2026-08-12T08:30:00+09:00,CMP-S01-L05-01,S01,S01-L05,1,running,173.719,430.1321,93.3317,42.6091,0.1975,A,relation-reasoning-agent-eval-v3.1
2026-08-12T08:40:00+09:00,CMP-S01-L01-01,S01,S01-L01,1,running,180.3095,454.4786,104.7205,42.1417,0.4279,A,relation-reasoning-agent-eval-v3.1
2026-08-12T08:40:00+09:00,CMP-S01-L02-01,S01,S01-L02,1,running,147.8273,417.342,104.0714,40.9477,0.3462,A,relation-reasoning-agent-eval-v3.1
2026-08-12T08:40:00+09:00,CMP-S01-L03-01,S01,S01-L03,1,running,157.223,455.8701,108.2599,49.633,1.6801,B,relation-reasoning-agent-eval-v3.1
2026-08-12T08:40:00+09:00,CMP-S01-L04-01,S01,S01-L04,1,running,182.7574,468.6437,113.1854,37.3625,-0.4427,A,relation-reasoning-agent-eval-v3.1
2026-08-12T08:40:00+09:00,CMP-S01-L05-01,S01,S01-L05,1,running,184.9837,445.1974,103.2537,43.4557,0.3543,A,relation-reasoning-agent-eval-v3.1
2026-08-12T08:50:00+09:00,CMP-S01-L01-01,S01,S01-L01,1,running,187.4514,475.5531,104.9236,43.3033,0.643,A,relation-reasoning-agent-eval-v3.1
2026-08-12T08:50:00+09:00,CMP-S01-L02-01,S01,S01-L02,1,running,152.9178,407.61,105.8151,36.2497,-0.5238,A,relation-reasoning-agent-eval-v3.1
2026-08-12T08:50:00+09:00,CMP-S01-L03-01,S01,S01-L03,1,running,168.1379,431.1506,103.6311,47.0024,1.193,B,relation-reasoning-agent-eval-v3.1
2026-08-12T08:50:00+09:00,CMP-S01-L04-01,S01,S01-L04,1,running,189.1859,524.0661,108.848,40.1592,0.0752,A,relation-reasoning-agent-eval-v3.1
2026-08-12T08:50:00+09:00,CMP-S01-L05-01,S01,S01-L05,1,running,184.9247,429.1343,105.7527,44.1458,0.4821,A,relation-reasoning-agent-eval-v3.1
2026-08-12T09:00:00+09:00,CMP-S01-L01-01,S01,S01-L01,1,running,184.2432,458.4204,103.7725,37.7093,-0.393,A,relation-reasoning-agent-eval-v3.1
2026-08-12T09:00:00+09:00,CMP-S01-L02-01,S01,S01-L02,1,running,169.0151,359.5244,105.6535,41.3788,0.426,A,relation-reasoning-agent-eval-v3.1
2026-08-12T09:00:00+09:00,CMP-S01-L03-01,S01,S01-L03,1,running,154.1633,471.0349,102.5292,47.493,1.2838,B,relation-reasoning-agent-eval-v3.1
2026-08-12T09:00:00+09:00,CMP-S01-L04-01,S01,S01-L04,1,running,182.87,474.3972,111.9504,36.5792,-0.5878,A,relation-reasoning-agent-eval-v3.1
2026-08-12T09:00:00+09:00,CMP-S01-L05-01,S01,S01-L05,1,running,179.4185,443.0941,99.4689,42.387,0.1564,A,relation-reasoning-agent-eval-v3.1
2026-08-12T09:10:00+09:00,CMP-S01-L01-01,S01,S01-L01,1,running,165.3404,511.9082,110.7873,30.7786,-1.6764,B,relation-reasoning-agent-eval-v3.1
2026-08-12T09:10:00+09:00,CMP-S01-L02-01,S01,S01-L02,1,running,178.0412,368.5992,101.2407,42.0814,0.5561,A,relation-reasoning-agent-eval-v3.1
2026-08-12T09:10:00+09:00,CMP-S01-L03-01,S01,S01-L03,1,running,167.9253,488.1455,105.2771,42.9458,0.4417,A,relation-reasoning-agent-eval-v3.1
2026-08-12T09:10:00+09:00,CMP-S01-L04-01,S01,S01-L04,1,running,191.4394,456.7686,109.8623,31.2722,-1.5705,B,relation-reasoning-agent-eval-v3.1
2026-08-12T09:10:00+09:00,CMP-S01-L05-01,S01,S01-L05,1,running,188.2436,483.2632,103.8984,42.5319,0.1832,A,relation-reasoning-agent-eval-v3.1
2026-08-12T09:20:00+09:00,CMP-S01-L01-01,S01,S01-L01,1,running,178.7398,514.9901,110.2809,36.9415,-0.5351,A,relation-reasoning-agent-eval-v3.1
2026-08-12T09:20:00+09:00,CMP-S01-L02-01,S01,S01-L02,1,running,178.2212,340.2372,104.595,38.9131,-0.0306,A,relation-reasoning-agent-eval-v3.1
2026-08-12T09:20:00+09:00,CMP-S01-L03-01,S01,S01-L03,1,running,182.405,445.8365,110.7031,38.6893,-0.3465,A,relation-reasoning-agent-eval-v3.1
2026-08-12T09:20:00+09:00,CMP-S01-L04-01,S01,S01-L04,1,running,177.036,498.0593,111.4278,33.6605,-1.1283,B,relation-reasoning-agent-eval-v3.1
2026-08-12T09:20:00+09:00,CMP-S01-L05-01,S01,S01-L05,1,running,189.8201,479.7434,116.1044,52.497,2.0286,C,relation-reasoning-agent-eval-v3.1
2026-08-12T09:30:00+09:00,CMP-S01-L01-01,S01,S01-L01,1,running,176.9415,523.0178,111.2943,39.814,-0.0032,A,relation-reasoning-agent-eval-v3.1
2026-08-12T09:30:00+09:00,CMP-S01-L02-01,S01,S01-L02,1,running,166.7887,402.6764,103.9622,40.8258,0.3236,A,relation-reasoning-agent-eval-v3.1
2026-08-12T09:30:00+09:00,CMP-S01-L03-01,S01,S01-L03,1,running,176.6975,405.7293,110.2738,45.0836,0.8376,A,relation-reasoning-agent-eval-v3.1
2026-08-12T09:30:00+09:00,CMP-S01-L04-01,S01,S01-L04,1,running,167.1516,553.1423,111.4662,40.5911,0.1552,A,relation-reasoning-agent-eval-v3.1
2026-08-12T09:30:00+09:00,CMP-S01-L05-01,S01,S01-L05,1,running,186.9803,485.2836,109.8896,45.9047,0.8078,A,relation-reasoning-agent-eval-v3.1
2026-08-12T09:40:00+09:00,CMP-S01-L01-01,S01,S01-L01,1,running,176.1122,543.7481,114.2267,38.1174,-0.3174,A,relation-reasoning-agent-eval-v3.1
2026-08-12T09:40:00+09:00,CMP-S01-L02-01,S01,S01-L02,1,running,165.131,355.433,105.9646,34.5853,-0.832,A,relation-reasoning-agent-eval-v3.1
2026-08-12T09:40:00+09:00,CMP-S01-L03-01,S01,S01-L03,1,running,167.6696,429.6797,113.5214,39.6602,-0.1667,A,relation-reasoning-agent-eval-v3.1
2026-08-12T09:40:00+09:00,CMP-S01-L04-01,S01,S01-L04,1,running,161.5195,521.785,112.261,44.1256,0.8097,A,relation-reasoning-agent-eval-v3.1
2026-08-12T09:40:00+09:00,CMP-S01-L05-01,S01,S01-L05,1,running,195.2508,486.2003,103.2333,38.9589,-0.4785,A,relation-reasoning-agent-eval-v3.1
2026-08-12T09:50:00+09:00,CMP-S01-L01-01,S01,S01-L01,1,running,166.4972,502.7912,111.6947,39.7544,-0.0142,A,relation-reasoning-agent-eval-v3.1
2026-08-12T09:50:00+09:00,CMP-S01-L02-01,S01,S01-L02,1,running,167.3663,357.4947,109.1351,41.5114,0.4506,A,relation-reasoning-agent-eval-v3.1
2026-08-12T09:50:00+09:00,CMP-S01-L03-01,S01,S01-L03,1,running,170.5779,422.4248,111.2678,39.6751,-0.164,A,relation-reasoning-agent-eval-v3.1
2026-08-12T09:50:00+09:00,CMP-S01-L04-01,S01,S01-L04,1,running,172.4949,519.8122,107.6779,47.0617,1.3534,B,relation-reasoning-agent-eval-v3.1
2026-08-12T09:50:00+09:00,CMP-S01-L05-01,S01,S01-L05,1,running,186.7334,491.5897,103.4791,44.3672,0.5231,A,relation-reasoning-agent-eval-v3.1
2026-08-12T10:00:00+09:00,CMP-S01-L01-01,S01,S01-L01,1,running,169.3209,470.1966,104.0794,44.3439,0.8357,A,relation-reasoning-agent-eval-v3.1
2026-08-12T10:00:00+09:00,CMP-S01-L02-01,S01,S01-L02,1,running,152.2426,404.2731,105.8419,39.5028,0.0786,A,relation-reasoning-agent-eval-v3.1
2026-08-12T10:00:00+09:00,CMP-S01-L03-01,S01,S01-L03,1,running,172.2309,511.4375,106.4949,37.8903,-0.4945,A,relation-reasoning-agent-eval-v3.1
2026-08-12T10:00:00+09:00,CMP-S01-L04-01,S01,S01-L04,1,running,185.5947,557.1744,115.042,46.8969,1.3229,B,relation-reasoning-agent-eval-v3.1
2026-08-12T10:00:00+09:00,CMP-S01-L05-01,S01,S01-L05,1,running,181.3679,441.5006,106.3587,44.8242,0.6077,A,relation-reasoning-agent-eval-v3.1
2026-08-12T10:10:00+09:00,CMP-S01-L01-01,S01,S01-L01,1,running,164.4957,443.9597,101.0221,47.1573,1.3567,B,relation-reasoning-agent-eval-v3.1
2026-08-12T10:10:00+09:00,CMP-S01-L02-01,S01,S01-L02,1,running,168.3471,429.8502,110.21,37.9895,-0.2016,A,relation-reasoning-agent-eval-v3.1
2026-08-12T10:10:00+09:00,CMP-S01-L03-01,S01,S01-L03,1,running,178.4741,458.5371,116.7739,40.8304,0.05,A,relation-reasoning-agent-eval-v3.1
2026-08-12T10:10:00+09:00,CMP-S01-L04-01,S01,S01-L04,1,running,188.703,593.9619,107.0969,35.5602,-0.7765,A,relation-reasoning-agent-eval-v3.1
2026-08-12T10:10:00+09:00,CMP-S01-L05-01,S01,S01-L05,1,running,157.7216,419.7017,103.4076,42.6472,0.2045,A,relation-reasoning-agent-eval-v3.1
2026-08-12T10:20:00+09:00,CMP-S01-L01-01,S01,S01-L01,1,running,154.8838,451.3998,98.2345,49.8991,1.8644,B,relation-reasoning-agent-eval-v3.1
2026-08-12T10:20:00+09:00,CMP-S01-L02-01,S01,S01-L02,1,running,176.139,457.7565,110.6634,39.219,0.0261,A,relation-reasoning-agent-eval-v3.1
2026-08-12T10:20:00+09:00,CMP-S01-L03-01,S01,S01-L03,1,running,163.3705,466.6449,117.3231,37.9191,-0.4891,A,relation-reasoning-agent-eval-v3.1
2026-08-12T10:20:00+09:00,CMP-S01-L04-01,S01,S01-L04,1,running,190.6676,567.2908,105.3379,35.9818,-0.6984,A,relation-reasoning-agent-eval-v3.1
2026-08-12T10:20:00+09:00,CMP-S01-L05-01,S01,S01-L05,1,running,150.5207,420.1445,99.752,41.7827,0.0444,A,relation-reasoning-agent-eval-v3.1
2026-08-12T10:30:00+09:00,CMP-S01-L01-01,S01,S01-L01,1,running,161.8631,471.9395,98.7031,44.4413,0.8537,A,relation-reasoning-agent-eval-v3.1
2026-08-12T10:30:00+09:00,CMP-S01-L02-01,S01,S01-L02,1,running,185.1724,492.0258,112.4785,35.0535,-0.7453,A,relation-reasoning-agent-eval-v3.1
2026-08-12T10:30:00+09:00,CMP-S01-L03-01,S01,S01-L03,1,running,174.5419,461.2473,114.1223,32.4555,-1.5009,B,relation-reasoning-agent-eval-v3.1
2026-08-12T10:30:00+09:00,CMP-S01-L04-01,S01,S01-L04,1,running,172.4572,506.5207,98.0024,33.4867,-1.1604,B,relation-reasoning-agent-eval-v3.1
2026-08-12T10:30:00+09:00,CMP-S01-L05-01,S01,S01-L05,1,running,157.6585,431.9518,97.5451,41.5998,0.0106,A,relation-reasoning-agent-eval-v3.1
2026-08-12T10:40:00+09:00,CMP-S01-L01-01,S01,S01-L01,1,running,147.2356,453.3565,101.2931,39.9687,0.0255,A,relation-reasoning-agent-eval-v3.1
2026-08-12T10:40:00+09:00,CMP-S01-L02-01,S01,S01-L02,1,running,170.2526,502.1606,107.9495,34.7049,-0.8099,A,relation-reasoning-agent-eval-v3.1
2026-08-12T10:40:00+09:00,CMP-S01-L03-01,S01,S01-L03,1,running,181.4714,438.2873,111.4469,39.5294,-0.1909,A,relation-reasoning-agent-eval-v3.1
2026-08-12T10:40:00+09:00,CMP-S01-L04-01,S01,S01-L04,1,running,188.6585,480.878,97.14,27.8013,-2.2133,C,relation-reasoning-agent-eval-v3.1
2026-08-12T10:40:00+09:00,CMP-S01-L05-01,S01,S01-L05,1,running,166.4294,417.7016,97.7073,42.5906,0.1941,A,relation-reasoning-agent-eval-v3.1
2026-08-12T10:50:00+09:00,CMP-S01-L01-01,S01,S01-L01,1,running,144.7618,491.8374,99.4941,36.6956,-0.5807,A,relation-reasoning-agent-eval-v3.1
2026-08-12T10:50:00+09:00,CMP-S01-L02-01,S01,S01-L02,1,running,171.652,424.0362,106.6784,38.9823,-0.0178,A,relation-reasoning-agent-eval-v3.1
2026-08-12T10:50:00+09:00,CMP-S01-L03-01,S01,S01-L03,1,running,176.4903,463.496,116.3708,37.3022,-0.6034,A,relation-reasoning-agent-eval-v3.1
2026-08-12T10:50:00+09:00,CMP-S01-L04-01,S01,S01-L04,1,running,179.5268,478.4636,100.1605,31.0263,-1.6161,B,relation-reasoning-agent-eval-v3.1
2026-08-12T10:50:00+09:00,CMP-S01-L05-01,S01,S01-L05,1,running,183.6884,415.5111,103.0921,47.1703,1.0422,B,relation-reasoning-agent-eval-v3.1
2026-08-12T11:00:00+09:00,CMP-S01-L01-01,S01,S01-L01,1,running,153.4474,473.2599,102.6607,39.0726,-0.1405,A,relation-reasoning-agent-eval-v3.1
2026-08-12T11:00:00+09:00,CMP-S01-L02-01,S01,S01-L02,1,running,169.7126,482.1294,105.9412,29.2229,-1.8251,B,relation-reasoning-agent-eval-v3.1
2026-08-12T11:00:00+09:00,CMP-S01-L03-01,S01,S01-L03,1,running,164.5758,469.7079,108.8266,36.1549,-0.8158,A,relation-reasoning-agent-eval-v3.1
2026-08-12T11:00:00+09:00,CMP-S01-L04-01,S01,S01-L04,1,running,189.4401,524.8212,99.1071,30.1875,-1.7714,B,relation-reasoning-agent-eval-v3.1
2026-08-12T11:00:00+09:00,CMP-S01-L05-01,S01,S01-L05,1,running,181.8175,443.112,107.0518,53.7965,2.2692,C,relation-reasoning-agent-eval-v3.1
2026-08-12T11:10:00+09:00,CMP-S01-L01-01,S01,S01-L01,1,running,173.6173,454.9678,108.8123,39.5357,-0.0547,A,relation-reasoning-agent-eval-v3.1
2026-08-12T11:10:00+09:00,CMP-S01-L02-01,S01,S01-L02,1,running,187.8344,427.263,108.3893,26.8679,-2.2612,C,relation-reasoning-agent-eval-v3.1
2026-08-12T11:10:00+09:00,CMP-S01-L03-01,S01,S01-L03,1,running,160.273,456.814,107.8256,37.4884,-0.5689,A,relation-reasoning-agent-eval-v3.1
2026-08-12T11:10:00+09:00,CMP-S01-L04-01,S01,S01-L04,1,running,206.3763,508.7284,98.0717,33.9399,-1.0765,B,relation-reasoning-agent-eval-v3.1
2026-08-12T11:10:00+09:00,CMP-S01-L05-01,S01,S01-L05,1,running,187.3658,402.4687,103.6094,47.7332,1.1464,B,relation-reasoning-agent-eval-v3.1
2026-08-12T11:20:00+09:00,CMP-S01-L01-01,S01,S01-L01,1,running,183.4888,461.8408,113.3781,40.4572,0.1159,A,relation-reasoning-agent-eval-v3.1
2026-08-12T11:20:00+09:00,CMP-S01-L02-01,S01,S01-L02,1,running,183.9973,401.3843,105.1408,28.2792,-1.9998,B,relation-reasoning-agent-eval-v3.1
2026-08-12T11:20:00+09:00,CMP-S01-L03-01,S01,S01-L03,1,running,172.8342,424.558,110.8338,34.4047,-1.14,B,relation-reasoning-agent-eval-v3.1
2026-08-12T11:20:00+09:00,CMP-S01-L04-01,S01,S01-L04,1,running,187.2878,450.6994,100.5478,37.418,-0.4324,A,relation-reasoning-agent-eval-v3.1
2026-08-12T11:20:00+09:00,CMP-S01-L05-01,S01,S01-L05,1,running,193.1288,411.803,105.0844,50.3935,1.6391,B,relation-reasoning-agent-eval-v3.1
2026-08-12T11:30:00+09:00,CMP-S01-L01-01,S01,S01-L01,1,running,200.5438,481.2673,111.5722,43.1803,0.6202,A,relation-reasoning-agent-eval-v3.1
2026-08-12T11:30:00+09:00,CMP-S01-L02-01,S01,S01-L02,1,running,170.6569,410.4301,108.1496,28.4213,-1.9735,B,relation-reasoning-agent-eval-v3.1
2026-08-12T11:30:00+09:00,CMP-S01-L03-01,S01,S01-L03,1,running,183.393,431.8266,98.8219,34.0008,-1.2147,B,relation-reasoning-agent-eval-v3.1
2026-08-12T11:30:00+09:00,CMP-S01-L04-01,S01,S01-L04,1,running,177.8977,442.244,91.0224,40.9641,0.2243,A,relation-reasoning-agent-eval-v3.1
2026-08-12T11:30:00+09:00,CMP-S01-L05-01,S01,S01-L05,1,running,192.255,403.6252,100.0679,46.8251,0.9782,A,relation-reasoning-agent-eval-v3.1
2026-08-12T11:40:00+09:00,CMP-S01-L01-01,S01,S01-L01,1,running,201.4974,481.6183,114.0679,45.9354,1.1304,B,relation-reasoning-agent-eval-v3.1
2026-08-12T11:40:00+09:00,CMP-S01-L02-01,S01,S01-L02,1,running,171.783,477.6592,105.8138,32.5705,-1.2052,B,relation-reasoning-agent-eval-v3.1
2026-08-12T11:40:00+09:00,CMP-S01-L03-01,S01,S01-L03,1,running,171.5203,397.0067,101.1783,38.4493,-0.391,A,relation-reasoning-agent-eval-v3.1
2026-08-12T11:40:00+09:00,CMP-S01-L04-01,S01,S01-L04,1,running,169.6395,470.9295,89.1121,36.2138,-0.6554,A,relation-reasoning-agent-eval-v3.1
2026-08-12T11:40:00+09:00,CMP-S01-L05-01,S01,S01-L05,1,running,189.3282,389.1937,99.4131,44.8324,0.6092,A,relation-reasoning-agent-eval-v3.1
2026-08-12T11:50:00+09:00,CMP-S01-L01-01,S01,S01-L01,1,running,178.7936,475.6509,107.8823,42.5538,0.5042,A,relation-reasoning-agent-eval-v3.1
2026-08-12T11:50:00+09:00,CMP-S01-L02-01,S01,S01-L02,1,running,176.3147,451.3778,106.057,40.1385,0.1963,A,relation-reasoning-agent-eval-v3.1
2026-08-12T11:50:00+09:00,CMP-S01-L03-01,S01,S01-L03,1,running,163.4056,420.8686,100.6914,37.3601,-0.5927,A,relation-reasoning-agent-eval-v3.1
2026-08-12T11:50:00+09:00,CMP-S01-L04-01,S01,S01-L04,1,running,160.7653,483.898,86.0322,35.3602,-0.8135,A,relation-reasoning-agent-eval-v3.1
2026-08-12T11:50:00+09:00,CMP-S01-L05-01,S01,S01-L05,1,running,178.9536,394.9434,99.136,41.8974,0.0657,A,relation-reasoning-agent-eval-v3.1
2026-08-12T12:00:00+09:00,CMP-S01-L01-01,S01,S01-L01,1,running,156.1839,481.7143,107.1646,40.6965,0.1602,A,relation-reasoning-agent-eval-v3.1
2026-08-12T12:00:00+09:00,CMP-S01-L02-01,S01,S01-L02,1,running,166.8478,444.6374,99.5196,42.0613,0.5524,A,relation-reasoning-agent-eval-v3.1
2026-08-12T12:00:00+09:00,CMP-S01-L03-01,S01,S01-L03,1,running,175.0926,426.5774,95.9243,39.445,-0.2066,A,relation-reasoning-agent-eval-v3.1
2026-08-12T12:00:00+09:00,CMP-S01-L04-01,S01,S01-L04,1,running,149.7239,449.5484,95.4182,39.8725,0.0221,A,relation-reasoning-agent-eval-v3.1
2026-08-12T12:00:00+09:00,CMP-S01-L05-01,S01,S01-L05,1,running,190.1982,380.6105,102.1045,39.6671,-0.3473,A,relation-reasoning-agent-eval-v3.1
2026-08-12T12:10:00+09:00,CMP-S01-L01-01,S01,S01-L01,1,running,176.537,533.2955,105.1665,44.5478,0.8734,A,relation-reasoning-agent-eval-v3.1
2026-08-12T12:10:00+09:00,CMP-S01-L02-01,S01,S01-L02,1,running,163.6391,517.0742,99.4109,38.4993,-0.1072,A,relation-reasoning-agent-eval-v3.1
2026-08-12T12:10:00+09:00,CMP-S01-L03-01,S01,S01-L03,1,running,174.7256,506.7805,100.0391,38.8105,-0.3241,A,relation-reasoning-agent-eval-v3.1
2026-08-12T12:10:00+09:00,CMP-S01-L04-01,S01,S01-L04,1,running,158.1945,444.508,91.3941,35.771,-0.7374,A,relation-reasoning-agent-eval-v3.1
2026-08-12T12:10:00+09:00,CMP-S01-L05-01,S01,S01-L05,1,running,193.234,441.5867,99.2932,37.1308,-0.817,A,relation-reasoning-agent-eval-v3.1
2026-08-12T12:20:00+09:00,CMP-S01-L01-01,S01,S01-L01,1,running,172.8893,536.404,108.5036,42.7861,0.5472,A,relation-reasoning-agent-eval-v3.1
2026-08-12T12:20:00+09:00,CMP-S01-L02-01,S01,S01-L02,1,running,169.0258,447.0356,99.7371,34.4753,-0.8524,A,relation-reasoning-agent-eval-v3.1
2026-08-12T12:20:00+09:00,CMP-S01-L03-01,S01,S01-L03,1,running,156.4561,447.7329,102.667,41.8607,0.2408,A,relation-reasoning-agent-eval-v3.1
2026-08-12T12:20:00+09:00,CMP-S01-L04-01,S01,S01-L04,1,running,167.8157,454.7893,91.2509,33.8022,-1.102,B,relation-reasoning-agent-eval-v3.1
2026-08-12T12:20:00+09:00,CMP-S01-L05-01,S01,S01-L05,1,running,192.7495,446.4612,99.9602,41.2752,-0.0495,A,relation-reasoning-agent-eval-v3.1
2026-08-12T12:30:00+09:00,CMP-S01-L01-01,S01,S01-L01,1,running,164.7334,478.5179,111.9595,44.871,0.9333,A,relation-reasoning-agent-eval-v3.1
2026-08-12T12:30:00+09:00,CMP-S01-L02-01,S01,S01-L02,1,running,161.1072,455.3545,103.9125,36.2501,-0.5237,A,relation-reasoning-agent-eval-v3.1
2026-08-12T12:30:00+09:00,CMP-S01-L03-01,S01,S01-L03,1,running,179.5516,472.2349,96.0379,45.6218,0.9373,A,relation-reasoning-agent-eval-v3.1
2026-08-12T12:30:00+09:00,CMP-S01-L04-01,S01,S01-L04,1,running,183.2966,443.8518,88.2766,37.0291,-0.5044,A,relation-reasoning-agent-eval-v3.1
2026-08-12T12:30:00+09:00,CMP-S01-L05-01,S01,S01-L05,1,running,179.7766,470.5967,98.0127,42.8672,0.2453,A,relation-reasoning-agent-eval-v3.1
2026-08-12T12:40:00+09:00,CMP-S01-L01-01,S01,S01-L01,1,running,153.3751,475.3513,108.3914,48.236,1.5564,B,relation-reasoning-agent-eval-v3.1
2026-08-12T12:40:00+09:00,CMP-S01-L02-01,S01,S01-L02,1,running,165.6799,492.858,113.5916,34.7357,-0.8042,A,relation-reasoning-agent-eval-v3.1
2026-08-12T12:40:00+09:00,CMP-S01-L03-01,S01,S01-L03,1,running,172.4533,455.4286,99.7594,42.251,0.3131,A,relation-reasoning-agent-eval-v3.1
2026-08-12T12:40:00+09:00,CMP-S01-L04-01,S01,S01-L04,1,running,175.7967,452.637,88.7298,43.9327,0.774,A,relation-reasoning-agent-eval-v3.1
2026-08-12T12:40:00+09:00,CMP-S01-L05-01,S01,S01-L05,1,running,185.4367,488.4295,98.5751,40.9476,-0.1102,A,relation-reasoning-agent-eval-v3.1
2026-08-12T12:50:00+09:00,CMP-S01-L01-01,S01,S01-L01,1,running,139.2456,502.8346,106.8637,49.7852,1.8433,B,relation-reasoning-agent-eval-v3.1
2026-08-12T12:50:00+09:00,CMP-S01-L02-01,S01,S01-L02,1,running,158.2735,457.1541,113.7804,36.6953,-0.4413,A,relation-reasoning-agent-eval-v3.1
2026-08-12T12:50:00+09:00,CMP-S01-L03-01,S01,S01-L03,1,running,174.7837,442.661,100.9516,43.7365,0.5882,A,relation-reasoning-agent-eval-v3.1
2026-08-12T12:50:00+09:00,CMP-S01-L04-01,S01,S01-L04,1,running,181.2918,450.0858,91.1697,37.0673,-0.4974,A,relation-reasoning-agent-eval-v3.1
2026-08-12T12:50:00+09:00,CMP-S01-L05-01,S01,S01-L05,1,running,189.9546,485.0288,106.7553,40.4205,-0.2078,A,relation-reasoning-agent-eval-v3.1
2026-08-12T13:00:00+09:00,CMP-S01-L01-01,S01,S01-L01,1,running,164.7813,477.5312,106.6696,51.4353,2.1489,C,relation-reasoning-agent-eval-v3.1
2026-08-12T13:00:00+09:00,CMP-S01-L02-01,S01,S01-L02,1,running,174.8965,481.6252,112.6837,36.8082,-0.4204,A,relation-reasoning-agent-eval-v3.1
2026-08-12T13:00:00+09:00,CMP-S01-L03-01,S01,S01-L03,1,running,189.6121,380.2299,107.4074,38.8134,-0.3235,A,relation-reasoning-agent-eval-v3.1
2026-08-12T13:00:00+09:00,CMP-S01-L04-01,S01,S01-L04,1,running,188.1583,422.5989,100.048,37.8487,-0.3527,A,relation-reasoning-agent-eval-v3.1
2026-08-12T13:00:00+09:00,CMP-S01-L05-01,S01,S01-L05,1,running,172.9347,502.3384,106.9215,44.7217,0.5887,A,relation-reasoning-agent-eval-v3.1
2026-08-12T13:10:00+09:00,CMP-S01-L01-01,S01,S01-L01,1,running,145.9561,496.0514,109.5925,45.3292,1.0181,B,relation-reasoning-agent-eval-v3.1
2026-08-12T13:10:00+09:00,CMP-S01-L02-01,S01,S01-L02,1,running,193.0353,466.0941,111.071,34.8368,-0.7855,A,relation-reasoning-agent-eval-v3.1
2026-08-12T13:10:00+09:00,CMP-S01-L03-01,S01,S01-L03,1,running,177.3099,406.6057,102.542,44.0083,0.6385,A,relation-reasoning-agent-eval-v3.1
2026-08-12T13:10:00+09:00,CMP-S01-L04-01,S01,S01-L04,1,running,191.2754,403.2301,96.677,35.8102,-0.7302,A,relation-reasoning-agent-eval-v3.1
2026-08-12T13:10:00+09:00,CMP-S01-L05-01,S01,S01-L05,1,running,176.7273,439.4701,99.7015,40.023,-0.2814,A,relation-reasoning-agent-eval-v3.1
2026-08-12T13:20:00+09:00,CMP-S01-L01-01,S01,S01-L01,1,running,162.7846,465.8003,104.1178,41.8737,0.3782,A,relation-reasoning-agent-eval-v3.1
2026-08-12T13:20:00+09:00,CMP-S01-L02-01,S01,S01-L02,1,running,185.7129,422.3583,113.4354,39.2526,0.0323,A,relation-reasoning-agent-eval-v3.1
2026-08-12T13:20:00+09:00,CMP-S01-L03-01,S01,S01-L03,1,running,160.9503,376.6184,105.7876,41.5451,0.1823,A,relation-reasoning-agent-eval-v3.1
2026-08-12T13:20:00+09:00,CMP-S01-L04-01,S01,S01-L04,1,running,186.1084,410.886,97.9129,35.9135,-0.711,A,relation-reasoning-agent-eval-v3.1
2026-08-12T13:20:00+09:00,CMP-S01-L05-01,S01,S01-L05,1,running,184.1595,406.9644,87.8204,44.9444,0.63,A,relation-reasoning-agent-eval-v3.1
2026-08-12T13:30:00+09:00,CMP-S01-L01-01,S01,S01-L01,1,running,171.8155,466.2883,98.8479,38.7321,-0.2036,A,relation-reasoning-agent-eval-v3.1
2026-08-12T13:30:00+09:00,CMP-S01-L02-01,S01,S01-L02,1,running,175.0068,404.7432,105.1725,39.2777,0.0369,A,relation-reasoning-agent-eval-v3.1
2026-08-12T13:30:00+09:00,CMP-S01-L03-01,S01,S01-L03,1,running,179.9933,414.2725,101.9223,42.6895,0.3943,A,relation-reasoning-agent-eval-v3.1
2026-08-12T13:30:00+09:00,CMP-S01-L04-01,S01,S01-L04,1,running,190.2545,413.5383,94.7549,39.6633,-0.0166,A,relation-reasoning-agent-eval-v3.1
2026-08-12T13:30:00+09:00,CMP-S01-L05-01,S01,S01-L05,1,running,186.7434,379.6468,92.5,41.0973,-0.0825,A,relation-reasoning-agent-eval-v3.1
2026-08-12T13:40:00+09:00,CMP-S01-L01-01,S01,S01-L01,1,running,169.776,455.6357,97.2933,40.4339,0.1116,A,relation-reasoning-agent-eval-v3.1
2026-08-12T13:40:00+09:00,CMP-S01-L02-01,S01,S01-L02,1,running,163.9075,428.5968,108.6402,39.239,0.0298,A,relation-reasoning-agent-eval-v3.1
2026-08-12T13:40:00+09:00,CMP-S01-L03-01,S01,S01-L03,1,running,161.8139,397.8767,98.5562,43.2659,0.501,A,relation-reasoning-agent-eval-v3.1
2026-08-12T13:40:00+09:00,CMP-S01-L04-01,S01,S01-L04,1,running,171.921,451.9186,97.1489,37.5239,-0.4128,A,relation-reasoning-agent-eval-v3.1
2026-08-12T13:40:00+09:00,CMP-S01-L05-01,S01,S01-L05,1,running,183.2336,421.9833,85.8302,49.9701,1.5606,B,relation-reasoning-agent-eval-v3.1
2026-08-12T13:50:00+09:00,CMP-S01-L01-01,S01,S01-L01,1,running,178.6376,436.0803,102.2623,44.7477,0.9104,A,relation-reasoning-agent-eval-v3.1
2026-08-12T13:50:00+09:00,CMP-S01-L02-01,S01,S01-L02,1,running,168.838,436.4872,107.674,41.3573,0.422,A,relation-reasoning-agent-eval-v3.1
2026-08-12T13:50:00+09:00,CMP-S01-L03-01,S01,S01-L03,1,running,173.1403,438.9079,98.6183,47.1417,1.2187,B,relation-reasoning-agent-eval-v3.1
2026-08-12T13:50:00+09:00,CMP-S01-L04-01,S01,S01-L04,1,running,175.304,471.1128,95.6216,35.3748,-0.8108,A,relation-reasoning-agent-eval-v3.1
2026-08-12T13:50:00+09:00,CMP-S01-L05-01,S01,S01-L05,1,running,181.3762,434.7441,87.672,50.8514,1.7239,B,relation-reasoning-agent-eval-v3.1
2026-08-12T14:00:00+09:00,CMP-S01-L01-01,S01,S01-L01,1,running,181.5318,432.905,103.7851,42.3305,0.4628,A,relation-reasoning-agent-eval-v3.1
2026-08-12T14:00:00+09:00,CMP-S01-L02-01,S01,S01-L02,1,running,154.3258,443.4523,105.8148,35.1487,-0.7277,A,relation-reasoning-agent-eval-v3.1
2026-08-12T14:00:00+09:00,CMP-S01-L03-01,S01,S01-L03,1,running,170.7049,448.0436,104.2824,44.5667,0.7419,A,relation-reasoning-agent-eval-v3.1
2026-08-12T14:00:00+09:00,CMP-S01-L04-01,S01,S01-L04,1,running,178.9442,549.938,103.7113,38.9293,-0.1526,A,relation-reasoning-agent-eval-v3.1
2026-08-12T14:00:00+09:00,CMP-S01-L05-01,S01,S01-L05,1,running,177.3144,410.2508,89.4313,50.0883,1.5825,B,relation-reasoning-agent-eval-v3.1
2026-08-12T14:10:00+09:00,CMP-S01-L01-01,S01,S01-L01,1,running,192.2759,411.6008,106.2051,42.7163,0.5343,A,relation-reasoning-agent-eval-v3.1
2026-08-12T14:10:00+09:00,CMP-S01-L02-01,S01,S01-L02,1,running,156.1553,436.6098,104.5897,38.3588,-0.1332,A,relation-reasoning-agent-eval-v3.1
2026-08-12T14:10:00+09:00,CMP-S01-L03-01,S01,S01-L03,1,running,172.2756,494.5841,107.4176,40.5917,0.0058,A,relation-reasoning-agent-eval-v3.1
2026-08-12T14:10:00+09:00,CMP-S01-L04-01,S01,S01-L04,1,running,164.2179,505.4201,105.8918,32.0999,-1.4173,B,relation-reasoning-agent-eval-v3.1
2026-08-12T14:10:00+09:00,CMP-S01-L05-01,S01,S01-L05,1,running,185.4725,408.9378,88.2079,42.6727,0.2093,A,relation-reasoning-agent-eval-v3.1
2026-08-12T14:20:00+09:00,CMP-S01-L01-01,S01,S01-L01,1,running,201.2102,395.8821,105.9843,40.6039,0.1431,A,relation-reasoning-agent-eval-v3.1
2026-08-12T14:20:00+09:00,CMP-S01-L02-01,S01,S01-L02,1,running,141.7722,481.3807,97.2762,36.0976,-0.552,A,relation-reasoning-agent-eval-v3.1
2026-08-12T14:20:00+09:00,CMP-S01-L03-01,S01,S01-L03,1,running,165.746,473.1263,100.2281,41.5657,0.1861,A,relation-reasoning-agent-eval-v3.1
2026-08-12T14:20:00+09:00,CMP-S01-L04-01,S01,S01-L04,1,running,168.3646,560.6155,108.2244,33.4603,-1.1653,B,relation-reasoning-agent-eval-v3.1
2026-08-12T14:20:00+09:00,CMP-S01-L05-01,S01,S01-L05,1,running,171.7705,430.9658,87.8023,44.2039,0.4928,A,relation-reasoning-agent-eval-v3.1
2026-08-12T14:30:00+09:00,CMP-S01-L01-01,S01,S01-L01,1,running,164.0327,392.8692,105.0239,41.1733,0.2485,A,relation-reasoning-agent-eval-v3.1
2026-08-12T14:30:00+09:00,CMP-S01-L02-01,S01,S01-L02,1,running,147.5934,433.9448,101.4951,46.6326,1.399,B,relation-reasoning-agent-eval-v3.1
2026-08-12T14:30:00+09:00,CMP-S01-L03-01,S01,S01-L03,1,running,173.7765,452.0707,92.988,44.9345,0.81,A,relation-reasoning-agent-eval-v3.1
2026-08-12T14:30:00+09:00,CMP-S01-L04-01,S01,S01-L04,1,running,174.0818,555.3699,108.4482,40.174,0.0779,A,relation-reasoning-agent-eval-v3.1
2026-08-12T14:30:00+09:00,CMP-S01-L05-01,S01,S01-L05,1,running,181.55,436.8222,90.6329,42.8383,0.2399,A,relation-reasoning-agent-eval-v3.1
2026-08-12T14:40:00+09:00,CMP-S01-L01-01,S01,S01-L01,1,running,154.4645,417.5701,101.9819,40.6998,0.1608,A,relation-reasoning-agent-eval-v3.1
2026-08-12T14:40:00+09:00,CMP-S01-L02-01,S01,S01-L02,1,running,162.2075,478.4988,103.9788,52.3831,2.4639,C,relation-reasoning-agent-eval-v3.1
2026-08-12T14:40:00+09:00,CMP-S01-L03-01,S01,S01-L03,1,running,175.5522,441.3272,96.7282,49.8409,1.7186,B,relation-reasoning-agent-eval-v3.1
2026-08-12T14:40:00+09:00,CMP-S01-L04-01,S01,S01-L04,1,running,173.823,544.6151,106.5369,46.4572,1.2415,B,relation-reasoning-agent-eval-v3.1
2026-08-12T14:40:00+09:00,CMP-S01-L05-01,S01,S01-L05,1,running,180.9113,389.2974,94.7668,46.9973,1.0101,B,relation-reasoning-agent-eval-v3.1
2026-08-12T14:50:00+09:00,CMP-S01-L01-01,S01,S01-L01,1,running,145.9685,402.7868,96.9218,38.1871,-0.3045,A,relation-reasoning-agent-eval-v3.1
2026-08-12T14:50:00+09:00,CMP-S01-L02-01,S01,S01-L02,1,running,175.9925,512.9075,103.7594,49.5554,1.9402,B,relation-reasoning-agent-eval-v3.1
2026-08-12T14:50:00+09:00,CMP-S01-L03-01,S01,S01-L03,1,running,153.8925,448.2381,102.186,51.001,1.9334,B,relation-reasoning-agent-eval-v3.1
2026-08-12T14:50:00+09:00,CMP-S01-L04-01,S01,S01-L04,1,running,173.2827,525.1902,106.15,42.7534,0.5556,A,relation-reasoning-agent-eval-v3.1
2026-08-12T14:50:00+09:00,CMP-S01-L05-01,S01,S01-L05,1,running,190.0272,447.5886,100.7658,49.5498,1.4828,B,relation-reasoning-agent-eval-v3.1
2026-08-12T15:00:00+09:00,CMP-S01-L01-01,S01,S01-L01,1,running,158.1342,457.235,94.5341,46.6015,1.2538,B,relation-reasoning-agent-eval-v3.1
2026-08-12T15:00:00+09:00,CMP-S01-L02-01,S01,S01-L02,1,running,174.2706,458.1821,100.0984,50.0258,2.0273,C,relation-reasoning-agent-eval-v3.1
2026-08-12T15:00:00+09:00,CMP-S01-L03-01,S01,S01-L03,1,running,160.2758,457.1966,104.9699,42.2737,0.3173,A,relation-reasoning-agent-eval-v3.1
2026-08-12T15:00:00+09:00,CMP-S01-L04-01,S01,S01-L04,1,running,180.9857,515.2008,108.8011,45.1281,0.9954,A,relation-reasoning-agent-eval-v3.1
2026-08-12T15:00:00+09:00,CMP-S01-L05-01,S01,S01-L05,1,running,178.9412,441.6525,89.3446,49.232,1.424,B,relation-reasoning-agent-eval-v3.1
2026-08-12T15:10:00+09:00,CMP-S01-L01-01,S01,S01-L01,1,running,175.5397,502.5382,94.0375,42.2492,0.4478,A,relation-reasoning-agent-eval-v3.1
2026-08-12T15:10:00+09:00,CMP-S01-L02-01,S01,S01-L02,1,running,173.2788,424.1046,103.006,44.5564,1.0145,B,relation-reasoning-agent-eval-v3.1
2026-08-12T15:10:00+09:00,CMP-S01-L03-01,S01,S01-L03,1,running,173.0964,480.5624,105.1841,40.969,0.0757,A,relation-reasoning-agent-eval-v3.1
2026-08-12T15:10:00+09:00,CMP-S01-L04-01,S01,S01-L04,1,running,164.786,493.0202,117.1529,37.81,-0.3598,A,relation-reasoning-agent-eval-v3.1
2026-08-12T15:10:00+09:00,CMP-S01-L05-01,S01,S01-L05,1,running,185.042,457.2372,97.0072,45.8565,0.7989,A,relation-reasoning-agent-eval-v3.1
2026-08-12T15:20:00+09:00,CMP-S01-L01-01,S01,S01-L01,1,running,154.6933,431.7627,102.2294,43.5067,0.6806,A,relation-reasoning-agent-eval-v3.1
2026-08-12T15:20:00+09:00,CMP-S01-L02-01,S01,S01-L02,1,running,179.7232,462.9396,99.9719,34.9718,-0.7605,A,relation-reasoning-agent-eval-v3.1
2026-08-12T15:20:00+09:00,CMP-S01-L03-01,S01,S01-L03,1,running,177.9711,430.8586,112.0556,40.5273,-0.0061,A,relation-reasoning-agent-eval-v3.1
2026-08-12T15:20:00+09:00,CMP-S01-L04-01,S01,S01-L04,1,running,163.1012,513.5847,113.0136,39.8763,0.0228,A,relation-reasoning-agent-eval-v3.1
2026-08-12T15:20:00+09:00,CMP-S01-L05-01,S01,S01-L05,1,running,201.2697,430.5071,103.2827,41.9734,0.0798,A,relation-reasoning-agent-eval-v3.1
2026-08-12T15:30:00+09:00,CMP-S01-L01-01,S01,S01-L01,1,running,163.0041,447.689,107.7735,37.9079,-0.3562,A,relation-reasoning-agent-eval-v3.1
2026-08-12T15:30:00+09:00,CMP-S01-L02-01,S01,S01-L02,1,running,194.73,486.908,95.3014,39.7658,0.1273,A,relation-reasoning-agent-eval-v3.1
2026-08-12T15:30:00+09:00,CMP-S01-L03-01,S01,S01-L03,1,running,170.7873,389.0773,110.2589,40.0469,-0.0951,A,relation-reasoning-agent-eval-v3.1
2026-08-12T15:30:00+09:00,CMP-S01-L04-01,S01,S01-L04,1,running,176.6162,515.5687,112.3695,39.1766,-0.1068,A,relation-reasoning-agent-eval-v3.1
2026-08-12T15:30:00+09:00,CMP-S01-L05-01,S01,S01-L05,1,running,183.3637,450.5755,104.4093,35.8491,-1.0544,B,relation-reasoning-agent-eval-v3.1
2026-08-12T15:40:00+09:00,CMP-S01-L01-01,S01,S01-L01,1,running,159.9246,464.0889,106.5422,37.7489,-0.3856,A,relation-reasoning-agent-eval-v3.1
2026-08-12T15:40:00+09:00,CMP-S01-L02-01,S01,S01-L02,1,running,188.3012,433.0679,103.7718,44.4907,1.0023,B,relation-reasoning-agent-eval-v3.1
2026-08-12T15:40:00+09:00,CMP-S01-L03-01,S01,S01-L03,1,running,150.235,373.9288,108.5232,42.7727,0.4097,A,relation-reasoning-agent-eval-v3.1
2026-08-12T15:40:00+09:00,CMP-S01-L04-01,S01,S01-L04,1,running,180.6021,508.2714,112.3815,31.9183,-1.4509,B,relation-reasoning-agent-eval-v3.1
2026-08-12T15:40:00+09:00,CMP-S01-L05-01,S01,S01-L05,1,running,198.9377,415.4853,105.2874,37.1912,-0.8058,A,relation-reasoning-agent-eval-v3.1
2026-08-12T15:50:00+09:00,CMP-S01-L01-01,S01,S01-L01,1,running,166.3893,487.2053,108.7765,33.7319,-1.1295,B,relation-reasoning-agent-eval-v3.1
2026-08-12T15:50:00+09:00,CMP-S01-L02-01,S01,S01-L02,1,running,194.5642,411.1155,99.2734,43.7027,0.8564,A,relation-reasoning-agent-eval-v3.1
2026-08-12T15:50:00+09:00,CMP-S01-L03-01,S01,S01-L03,1,running,144.3744,393.2814,104.7947,44.5641,0.7414,A,relation-reasoning-agent-eval-v3.1
2026-08-12T15:50:00+09:00,CMP-S01-L04-01,S01,S01-L04,1,running,160.6125,491.7237,104.2651,34.3472,-1.0011,B,relation-reasoning-agent-eval-v3.1
2026-08-12T15:50:00+09:00,CMP-S01-L05-01,S01,S01-L05,1,running,203.5767,407.9993,106.3732,40.228,-0.2434,A,relation-reasoning-agent-eval-v3.1
2026-08-12T16:00:00+09:00,CMP-S01-L01-01,S01,S01-L01,1,running,169.0934,455.9615,104.796,38.4786,-0.2505,A,relation-reasoning-agent-eval-v3.1
2026-08-12T16:00:00+09:00,CMP-S01-L02-01,S01,S01-L02,1,running,187.1537,390.1982,106.0157,43.5779,0.8333,A,relation-reasoning-agent-eval-v3.1
2026-08-12T16:00:00+09:00,CMP-S01-L03-01,S01,S01-L03,1,running,157.8235,384.9386,106.3266,46.1261,1.0307,B,relation-reasoning-agent-eval-v3.1
2026-08-12T16:00:00+09:00,CMP-S01-L04-01,S01,S01-L04,1,running,159.7812,478.9223,99.2999,35.0607,-0.869,A,relation-reasoning-agent-eval-v3.1
2026-08-12T16:00:00+09:00,CMP-S01-L05-01,S01,S01-L05,1,running,194.159,456.5824,107.1266,41.3582,-0.0342,A,relation-reasoning-agent-eval-v3.1
2026-08-12T16:10:00+09:00,CMP-S01-L01-01,S01,S01-L01,1,running,166.0376,455.1387,110.1701,36.7449,-0.5715,A,relation-reasoning-agent-eval-v3.1
2026-08-12T16:10:00+09:00,CMP-S01-L02-01,S01,S01-L02,1,running,180.8728,329.6198,111.5972,40.3218,0.2303,A,relation-reasoning-agent-eval-v3.1
2026-08-12T16:10:00+09:00,CMP-S01-L03-01,S01,S01-L03,1,running,144.0837,398.7293,102.7785,44.2066,0.6752,A,relation-reasoning-agent-eval-v3.1
2026-08-12T16:10:00+09:00,CMP-S01-L04-01,S01,S01-L04,1,running,147.4428,456.5093,102.3532,28.1685,-2.1453,C,relation-reasoning-agent-eval-v3.1
2026-08-12T16:10:00+09:00,CMP-S01-L05-01,S01,S01-L05,1,running,179.1685,427.4757,106.774,44.1228,0.4778,A,relation-reasoning-agent-eval-v3.1
2026-08-12T16:20:00+09:00,CMP-S01-L01-01,S01,S01-L01,1,running,160.872,448.6221,99.438,37.5277,-0.4266,A,relation-reasoning-agent-eval-v3.1
2026-08-12T16:20:00+09:00,CMP-S01-L02-01,S01,S01-L02,1,running,169.4776,343.3428,108.5643,36.1563,-0.5411,A,relation-reasoning-agent-eval-v3.1
2026-08-12T16:20:00+09:00,CMP-S01-L03-01,S01,S01-L03,1,running,143.8875,415.1066,103.0119,44.9788,0.8182,A,relation-reasoning-agent-eval-v3.1
2026-08-12T16:20:00+09:00,CMP-S01-L04-01,S01,S01-L04,1,running,158.8796,480.7341,101.7916,34.7488,-0.9267,A,relation-reasoning-agent-eval-v3.1
2026-08-12T16:20:00+09:00,CMP-S01-L05-01,S01,S01-L05,1,running,169.79,460.8639,102.8688,37.8984,-0.6748,A,relation-reasoning-agent-eval-v3.1
2026-08-12T16:30:00+09:00,CMP-S01-L01-01,S01,S01-L01,1,running,175.788,488.3879,101.3597,38.7202,-0.2057,A,relation-reasoning-agent-eval-v3.1
2026-08-12T16:30:00+09:00,CMP-S01-L02-01,S01,S01-L02,1,running,156.5742,370.0168,105.6778,31.2973,-1.4409,B,relation-reasoning-agent-eval-v3.1
2026-08-12T16:30:00+09:00,CMP-S01-L03-01,S01,S01-L03,1,running,140.0098,395.6709,91.3314,44.4814,0.7261,A,relation-reasoning-agent-eval-v3.1
2026-08-12T16:30:00+09:00,CMP-S01-L04-01,S01,S01-L04,1,running,161.3097,528.7428,107.1978,33.6746,-1.1256,B,relation-reasoning-agent-eval-v3.1
2026-08-12T16:30:00+09:00,CMP-S01-L05-01,S01,S01-L05,1,running,179.1054,465.6859,99.7619,40.3944,-0.2126,A,relation-reasoning-agent-eval-v3.1
2026-08-12T16:40:00+09:00,CMP-S01-L01-01,S01,S01-L01,1,running,163.0011,496.3716,102.9673,42.0654,0.4137,A,relation-reasoning-agent-eval-v3.1
2026-08-12T16:40:00+09:00,CMP-S01-L02-01,S01,S01-L02,1,running,155.2742,340.7025,103.7783,30.4865,-1.5911,B,relation-reasoning-agent-eval-v3.1
2026-08-12T16:40:00+09:00,CMP-S01-L03-01,S01,S01-L03,1,running,151.4403,340.1381,99.7414,38.7074,-0.3432,A,relation-reasoning-agent-eval-v3.1
2026-08-12T16:40:00+09:00,CMP-S01-L04-01,S01,S01-L04,1,running,174.5909,469.5617,95.4885,35.206,-0.8421,A,relation-reasoning-agent-eval-v3.1
2026-08-12T16:40:00+09:00,CMP-S01-L05-01,S01,S01-L05,1,running,182.3786,476.7726,101.3288,33.0321,-1.576,B,relation-reasoning-agent-eval-v3.1
2026-08-12T16:50:00+09:00,CMP-S01-L01-01,S01,S01-L01,1,running,180.8769,494.1062,103.2742,44.7485,0.9106,A,relation-reasoning-agent-eval-v3.1
2026-08-12T16:50:00+09:00,CMP-S01-L02-01,S01,S01-L02,1,running,161.1191,393.9621,109.6274,31.1444,-1.4692,B,relation-reasoning-agent-eval-v3.1
2026-08-12T16:50:00+09:00,CMP-S01-L03-01,S01,S01-L03,1,running,163.6525,311.6942,111.5077,34.9252,-1.0436,B,relation-reasoning-agent-eval-v3.1
2026-08-12T16:50:00+09:00,CMP-S01-L04-01,S01,S01-L04,1,running,178.9364,517.5228,95.9195,40.0633,0.0574,A,relation-reasoning-agent-eval-v3.1
2026-08-12T16:50:00+09:00,CMP-S01-L05-01,S01,S01-L05,1,running,190.4712,395.0835,103.1144,33.2877,-1.5287,B,relation-reasoning-agent-eval-v3.1
2026-08-12T17:00:00+09:00,CMP-S01-L01-01,S01,S01-L01,1,running,186.3548,510.9419,104.5483,46.8886,1.3069,B,relation-reasoning-agent-eval-v3.1
2026-08-12T17:00:00+09:00,CMP-S01-L02-01,S01,S01-L02,1,running,155.8249,435.6007,112.3429,38.2699,-0.1497,A,relation-reasoning-agent-eval-v3.1
2026-08-12T17:00:00+09:00,CMP-S01-L03-01,S01,S01-L03,1,running,143.4946,390.0932,110.3917,38.5439,-0.3734,A,relation-reasoning-agent-eval-v3.1
2026-08-12T17:00:00+09:00,CMP-S01-L04-01,S01,S01-L04,1,running,182.5112,538.2096,100.6155,42.9268,0.5877,A,relation-reasoning-agent-eval-v3.1
2026-08-12T17:00:00+09:00,CMP-S01-L05-01,S01,S01-L05,1,running,185.9682,427.0714,101.0492,37.4173,-0.764,A,relation-reasoning-agent-eval-v3.1
2026-08-12T17:10:00+09:00,CMP-S01-L01-01,S01,S01-L01,1,running,174.8331,524.9447,102.0158,47.1084,1.3476,B,relation-reasoning-agent-eval-v3.1
2026-08-12T17:10:00+09:00,CMP-S01-L02-01,S01,S01-L02,1,running,161.8041,461.7858,113.0897,35.4408,-0.6736,A,relation-reasoning-agent-eval-v3.1
2026-08-12T17:10:00+09:00,CMP-S01-L03-01,S01,S01-L03,1,running,143.1669,408.3573,116.2685,41.7079,0.2125,A,relation-reasoning-agent-eval-v3.1
2026-08-12T17:10:00+09:00,CMP-S01-L04-01,S01,S01-L04,1,running,173.0144,557.4742,106.6581,41.1973,0.2675,A,relation-reasoning-agent-eval-v3.1
2026-08-12T17:10:00+09:00,CMP-S01-L05-01,S01,S01-L05,1,running,182.7139,510.6427,102.6695,33.7589,-1.4414,B,relation-reasoning-agent-eval-v3.1
2026-08-12T17:20:00+09:00,CMP-S01-L01-01,S01,S01-L01,1,running,173.7801,502.3114,103.9432,38.2937,-0.2847,A,relation-reasoning-agent-eval-v3.1
2026-08-12T17:20:00+09:00,CMP-S01-L02-01,S01,S01-L02,1,running,162.8049,464.4981,111.6972,35.3321,-0.6937,A,relation-reasoning-agent-eval-v3.1
2026-08-12T17:20:00+09:00,CMP-S01-L03-01,S01,S01-L03,1,running,151.3813,429.0017,111.2085,38.4203,-0.3963,A,relation-reasoning-agent-eval-v3.1
2026-08-12T17:20:00+09:00,CMP-S01-L04-01,S01,S01-L04,1,running,173.6429,529.421,114.6842,40.3788,0.1159,A,relation-reasoning-agent-eval-v3.1
2026-08-12T17:20:00+09:00,CMP-S01-L05-01,S01,S01-L05,1,running,183.1934,520.0953,100.3234,33.1767,-1.5493,B,relation-reasoning-agent-eval-v3.1
2026-08-12T17:30:00+09:00,CMP-S01-L01-01,S01,S01-L01,1,running,184.2603,495.7466,101.4917,33.9539,-1.0884,B,relation-reasoning-agent-eval-v3.1
2026-08-12T17:30:00+09:00,CMP-S01-L02-01,S01,S01-L02,1,running,155.1544,457.5974,113.7664,36.8296,-0.4164,A,relation-reasoning-agent-eval-v3.1
2026-08-12T17:30:00+09:00,CMP-S01-L03-01,S01,S01-L03,1,running,134.7897,426.9191,108.4378,44.5428,0.7375,A,relation-reasoning-agent-eval-v3.1
2026-08-12T17:30:00+09:00,CMP-S01-L04-01,S01,S01-L04,1,running,190.6903,541.8973,107.1265,33.7024,-1.1205,B,relation-reasoning-agent-eval-v3.1
2026-08-12T17:30:00+09:00,CMP-S01-L05-01,S01,S01-L05,1,running,164.8504,447.1553,106.1488,29.5101,-2.2282,C,relation-reasoning-agent-eval-v3.1
2026-08-12T17:40:00+09:00,CMP-S01-L01-01,S01,S01-L01,1,running,185.6241,449.9002,96.8626,38.9407,-0.1649,A,relation-reasoning-agent-eval-v3.1
2026-08-12T17:40:00+09:00,CMP-S01-L02-01,S01,S01-L02,1,running,166.0764,467.9441,110.1306,40.8042,0.3196,A,relation-reasoning-agent-eval-v3.1
2026-08-12T17:40:00+09:00,CMP-S01-L03-01,S01,S01-L03,1,running,134.9508,432.8869,100.465,50.8992,1.9146,B,relation-reasoning-agent-eval-v3.1
2026-08-12T17:40:00+09:00,CMP-S01-L04-01,S01,S01-L04,1,running,169.6163,498.6676,107.0596,30.7898,-1.6599,B,relation-reasoning-agent-eval-v3.1
2026-08-12T17:40:00+09:00,CMP-S01-L05-01,S01,S01-L05,1,running,152.9602,438.4878,103.8942,25.8349,-2.9088,C,relation-reasoning-agent-eval-v3.1
2026-08-12T17:50:00+09:00,CMP-S01-L01-01,S01,S01-L01,1,running,172.4125,453.0166,92.3935,36.5299,-0.6114,A,relation-reasoning-agent-eval-v3.1
2026-08-12T17:50:00+09:00,CMP-S01-L02-01,S01,S01-L02,1,running,170.5175,429.4778,102.4445,35.9403,-0.5811,A,relation-reasoning-agent-eval-v3.1
2026-08-12T17:50:00+09:00,CMP-S01-L03-01,S01,S01-L03,1,running,158.6288,373.9251,95.2591,46.1021,1.0262,B,relation-reasoning-agent-eval-v3.1
2026-08-12T17:50:00+09:00,CMP-S01-L04-01,S01,S01-L04,1,running,164.8725,429.3718,107.4352,30.0843,-1.7905,B,relation-reasoning-agent-eval-v3.1
2026-08-12T17:50:00+09:00,CMP-S01-L05-01,S01,S01-L05,1,running,141.7919,426.6175,101.0712,34.868,-1.2361,B,relation-reasoning-agent-eval-v3.1
2026-08-12T18:00:00+09:00,CMP-S01-L01-01,S01,S01-L01,1,running,165.5194,455.2439,102.418,41.7339,0.3524,A,relation-reasoning-agent-eval-v3.1
2026-08-12T18:00:00+09:00,CMP-S01-L02-01,S01,S01-L02,1,running,155.6,375.5171,105.5138,39.2227,0.0267,A,relation-reasoning-agent-eval-v3.1
2026-08-12T18:00:00+09:00,CMP-S01-L03-01,S01,S01-L03,1,running,181.8643,399.1781,91.702,44.8962,0.8029,A,relation-reasoning-agent-eval-v3.1
2026-08-12T18:00:00+09:00,CMP-S01-L04-01,S01,S01-L04,1,running,169.525,411.3274,108.3436,36.7042,-0.5646,A,relation-reasoning-agent-eval-v3.1
2026-08-12T18:00:00+09:00,CMP-S01-L05-01,S01,S01-L05,1,running,148.7319,387.8929,97.7773,30.9589,-1.9599,B,relation-reasoning-agent-eval-v3.1
2026-08-12T18:10:00+09:00,CMP-S01-L01-01,S01,S01-L01,1,running,175.7527,453.6949,99.1035,44.0219,0.7761,A,relation-reasoning-agent-eval-v3.1
2026-08-12T18:10:00+09:00,CMP-S01-L02-01,S01,S01-L02,1,running,145.3145,352.3772,106.1471,39.8521,0.1433,A,relation-reasoning-agent-eval-v3.1
2026-08-12T18:10:00+09:00,CMP-S01-L03-01,S01,S01-L03,1,running,161.9618,438.9875,94.1475,39.1325,-0.2644,A,relation-reasoning-agent-eval-v3.1
2026-08-12T18:10:00+09:00,CMP-S01-L04-01,S01,S01-L04,1,running,153.3681,422.2134,109.8324,35.0013,-0.88,A,relation-reasoning-agent-eval-v3.1
2026-08-12T18:10:00+09:00,CMP-S01-L05-01,S01,S01-L05,1,running,141.9927,383.7149,91.921,28.3014,-2.4521,C,relation-reasoning-agent-eval-v3.1
2026-08-12T18:20:00+09:00,CMP-S01-L01-01,S01,S01-L01,1,running,177.755,465.674,94.6475,45.058,0.9679,A,relation-reasoning-agent-eval-v3.1
2026-08-12T18:20:00+09:00,CMP-S01-L02-01,S01,S01-L02,1,running,143.0819,361.6217,103.6771,36.8717,-0.4086,A,relation-reasoning-agent-eval-v3.1
2026-08-12T18:20:00+09:00,CMP-S01-L03-01,S01,S01-L03,1,running,177.4814,403.4785,106.3087,41.7612,0.2224,A,relation-reasoning-agent-eval-v3.1
2026-08-12T18:20:00+09:00,CMP-S01-L04-01,S01,S01-L04,1,running,181.328,401.5625,110.6891,37.6434,-0.3907,A,relation-reasoning-agent-eval-v3.1
2026-08-12T18:20:00+09:00,CMP-S01-L05-01,S01,S01-L05,1,running,146.9677,401.3411,94.5506,33.5221,-1.4853,B,relation-reasoning-agent-eval-v3.1
2026-08-12T18:30:00+09:00,CMP-S01-L01-01,S01,S01-L01,1,running,171.2937,473.3939,97.5871,41.7122,0.3483,A,relation-reasoning-agent-eval-v3.1
2026-08-12T18:30:00+09:00,CMP-S01-L02-01,S01,S01-L02,1,running,146.1458,439.9586,118.2658,38.5998,-0.0886,A,relation-reasoning-agent-eval-v3.1
2026-08-12T18:30:00+09:00,CMP-S01-L03-01,S01,S01-L03,1,running,173.7569,409.8626,101.424,41.636,0.1992,A,relation-reasoning-agent-eval-v3.1
2026-08-12T18:30:00+09:00,CMP-S01-L04-01,S01,S01-L04,1,running,174.7277,473.5294,104.6979,31.9985,-1.436,B,relation-reasoning-agent-eval-v3.1
2026-08-12T18:30:00+09:00,CMP-S01-L05-01,S01,S01-L05,1,running,139.1817,437.4046,96.8827,30.5987,-2.0267,C,relation-reasoning-agent-eval-v3.1
2026-08-12T18:40:00+09:00,CMP-S01-L01-01,S01,S01-L01,1,running,174.1214,490.0223,98.2904,40.4896,0.1219,A,relation-reasoning-agent-eval-v3.1
2026-08-12T18:40:00+09:00,CMP-S01-L02-01,S01,S01-L02,1,running,145.1739,423.8517,113.8627,33.6318,-1.0086,B,relation-reasoning-agent-eval-v3.1
2026-08-12T18:40:00+09:00,CMP-S01-L03-01,S01,S01-L03,1,running,165.1736,437.455,100.1465,39.5898,-0.1798,A,relation-reasoning-agent-eval-v3.1
2026-08-12T18:40:00+09:00,CMP-S01-L04-01,S01,S01-L04,1,running,173.236,469.8508,96.6191,29.5289,-1.8934,B,relation-reasoning-agent-eval-v3.1
2026-08-12T18:40:00+09:00,CMP-S01-L05-01,S01,S01-L05,1,running,155.3913,433.3585,99.715,26.6768,-2.7529,C,relation-reasoning-agent-eval-v3.1
2026-08-12T18:50:00+09:00,CMP-S01-L01-01,S01,S01-L01,1,running,180.7308,451.7974,98.2334,44.2338,0.8153,A,relation-reasoning-agent-eval-v3.1
2026-08-12T18:50:00+09:00,CMP-S01-L02-01,S01,S01-L02,1,running,152.6389,401.1743,117.197,33.3168,-1.0669,B,relation-reasoning-agent-eval-v3.1
2026-08-12T18:50:00+09:00,CMP-S01-L03-01,S01,S01-L03,1,running,161.9048,438.355,99.7138,39.9045,-0.1215,A,relation-reasoning-agent-eval-v3.1
2026-08-12T18:50:00+09:00,CMP-S01-L04-01,S01,S01-L04,1,running,176.0027,499.7589,108.5561,33.3674,-1.1825,B,relation-reasoning-agent-eval-v3.1
2026-08-12T18:50:00+09:00,CMP-S01-L05-01,S01,S01-L05,1,running,152.8673,413.5897,99.1977,31.9519,-1.7761,B,relation-reasoning-agent-eval-v3.1
2026-08-12T19:00:00+09:00,CMP-S01-L01-01,S01,S01-L01,1,running,168.7087,425.3956,101.1028,44.3392,0.8348,A,relation-reasoning-agent-eval-v3.1
2026-08-12T19:00:00+09:00,CMP-S01-L02-01,S01,S01-L02,1,running,147.9116,400.3158,117.0557,45.4091,1.1724,B,relation-reasoning-agent-eval-v3.1
2026-08-12T19:00:00+09:00,CMP-S01-L03-01,S01,S01-L03,1,running,157.9452,410.856,100.3591,37.9547,-0.4826,A,relation-reasoning-agent-eval-v3.1
2026-08-12T19:00:00+09:00,CMP-S01-L04-01,S01,S01-L04,1,running,179.3691,546.627,103.9926,33.6874,-1.1233,B,relation-reasoning-agent-eval-v3.1
2026-08-12T19:00:00+09:00,CMP-S01-L05-01,S01,S01-L05,1,running,156.0365,481.7745,95.7137,32.8004,-1.6189,B,relation-reasoning-agent-eval-v3.1
2026-08-12T19:10:00+09:00,CMP-S01-L01-01,S01,S01-L01,1,running,146.5226,372.4009,100.0516,35.4722,-0.8072,A,relation-reasoning-agent-eval-v3.1
2026-08-12T19:10:00+09:00,CMP-S01-L02-01,S01,S01-L02,1,running,149.7509,411.0981,107.612,44.4108,0.9875,A,relation-reasoning-agent-eval-v3.1
2026-08-12T19:10:00+09:00,CMP-S01-L03-01,S01,S01-L03,1,running,159.9749,461.3245,99.2271,38.9722,-0.2941,A,relation-reasoning-agent-eval-v3.1
2026-08-12T19:10:00+09:00,CMP-S01-L04-01,S01,S01-L04,1,running,163.8369,556.7379,102.7041,34.07,-1.0524,B,relation-reasoning-agent-eval-v3.1
2026-08-12T19:10:00+09:00,CMP-S01-L05-01,S01,S01-L05,1,running,172.8261,415.9667,85.6689,37.0307,-0.8355,A,relation-reasoning-agent-eval-v3.1
2026-08-12T19:20:00+09:00,CMP-S01-L01-01,S01,S01-L01,1,running,158.4128,438.6496,95.7351,38.8409,-0.1834,A,relation-reasoning-agent-eval-v3.1
2026-08-12T19:20:00+09:00,CMP-S01-L02-01,S01,S01-L02,1,running,159.6354,416.1111,105.5642,44.1329,0.936,A,relation-reasoning-agent-eval-v3.1
2026-08-12T19:20:00+09:00,CMP-S01-L03-01,S01,S01-L03,1,running,166.8362,436.5232,101.7698,38.6156,-0.3602,A,relation-reasoning-agent-eval-v3.1
2026-08-12T19:20:00+09:00,CMP-S01-L04-01,S01,S01-L04,1,running,169.6531,555.116,101.0936,32.5947,-1.3256,B,relation-reasoning-agent-eval-v3.1
2026-08-12T19:20:00+09:00,CMP-S01-L05-01,S01,S01-L05,1,running,167.9875,416.8697,92.0434,33.768,-1.4397,B,relation-reasoning-agent-eval-v3.1
2026-08-12T19:30:00+09:00,CMP-S01-L01-01,S01,S01-L01,1,running,163.265,471.194,95.6607,39.9013,0.013,A,relation-reasoning-agent-eval-v3.1
2026-08-12T19:30:00+09:00,CMP-S01-L02-01,S01,S01-L02,1,running,173.3743,416.6543,104.5777,52.4999,2.4855,C,relation-reasoning-agent-eval-v3.1
2026-08-12T19:30:00+09:00,CMP-S01-L03-01,S01,S01-L03,1,running,162.9483,439.2873,101.8469,32.1423,-1.5589,B,relation-reasoning-agent-eval-v3.1
2026-08-12T19:30:00+09:00,CMP-S01-L04-01,S01,S01-L04,1,running,170.4547,543.3964,95.5481,35.6998,-0.7506,A,relation-reasoning-agent-eval-v3.1
2026-08-12T19:30:00+09:00,CMP-S01-L05-01,S01,S01-L05,1,running,175.857,420.1224,91.6551,44.7194,0.5883,A,relation-reasoning-agent-eval-v3.1
2026-08-12T19:40:00+09:00,CMP-S01-L01-01,S01,S01-L01,1,running,196.625,480.5676,97.6413,40.5755,0.1378,A,relation-reasoning-agent-eval-v3.1
2026-08-12T19:40:00+09:00,CMP-S01-L02-01,S01,S01-L02,1,running,175.5843,366.8309,98.6116,53.1317,2.6025,C,relation-reasoning-agent-eval-v3.1
2026-08-12T19:40:00+09:00,CMP-S01-L03-01,S01,S01-L03,1,running,161.5433,410.3134,101.1425,36.3207,-0.7851,A,relation-reasoning-agent-eval-v3.1
2026-08-12T19:40:00+09:00,CMP-S01-L04-01,S01,S01-L04,1,running,171.3441,500.3771,96.333,42.1092,0.4363,A,relation-reasoning-agent-eval-v3.1
2026-08-12T19:40:00+09:00,CMP-S01-L05-01,S01,S01-L05,1,running,161.3137,355.9624,94.8103,37.3968,-0.7677,A,relation-reasoning-agent-eval-v3.1
2026-08-12T19:50:00+09:00,CMP-S01-L01-01,S01,S01-L01,1,running,193.9534,451.33,97.6447,40.6854,0.1582,A,relation-reasoning-agent-eval-v3.1
2026-08-12T19:50:00+09:00,CMP-S01-L02-01,S01,S01-L02,1,running,182.0667,417.0402,103.198,53.1667,2.609,C,relation-reasoning-agent-eval-v3.1
2026-08-12T19:50:00+09:00,CMP-S01-L03-01,S01,S01-L03,1,running,165.6375,418.58,106.804,47.2308,1.2352,B,relation-reasoning-agent-eval-v3.1
2026-08-12T19:50:00+09:00,CMP-S01-L04-01,S01,S01-L04,1,running,146.335,459.1637,88.5604,45.7644,1.1132,B,relation-reasoning-agent-eval-v3.1
2026-08-12T19:50:00+09:00,CMP-S01-L05-01,S01,S01-L05,1,running,176.1624,366.9349,97.6485,36.4483,-0.9434,A,relation-reasoning-agent-eval-v3.1
2026-08-12T20:00:00+09:00,CMP-S01-L01-01,S01,S01-L01,1,running,191.894,511.8193,95.5256,39.0554,-0.1437,A,relation-reasoning-agent-eval-v3.1
2026-08-12T20:00:00+09:00,CMP-S01-L02-01,S01,S01-L02,1,running,159.4624,446.2701,103.027,50.7231,2.1564,C,relation-reasoning-agent-eval-v3.1
2026-08-12T20:00:00+09:00,CMP-S01-L03-01,S01,S01-L03,1,running,164.0252,402.9349,104.5966,45.7884,0.9681,A,relation-reasoning-agent-eval-v3.1
2026-08-12T20:00:00+09:00,CMP-S01-L04-01,S01,S01-L04,1,running,157.425,460.6744,84.1228,38.9388,-0.1508,A,relation-reasoning-agent-eval-v3.1
2026-08-12T20:00:00+09:00,CMP-S01-L05-01,S01,S01-L05,1,running,153.1461,392.9638,102.2618,34.772,-1.2538,B,relation-reasoning-agent-eval-v3.1
2026-08-12T20:10:00+09:00,CMP-S01-L01-01,S01,S01-L01,1,running,171.3213,513.7552,93.0631,36.9217,-0.5388,A,relation-reasoning-agent-eval-v3.1
2026-08-12T20:10:00+09:00,CMP-S01-L02-01,S01,S01-L02,1,running,162.6881,433.6359,98.8673,44.5793,1.0187,B,relation-reasoning-agent-eval-v3.1
2026-08-12T20:10:00+09:00,CMP-S01-L03-01,S01,S01-L03,1,running,164.6632,450.4049,106.4658,39.0827,-0.2737,A,relation-reasoning-agent-eval-v3.1
2026-08-12T20:10:00+09:00,CMP-S01-L04-01,S01,S01-L04,1,running,164.3558,430.6283,89.6245,37.0443,-0.5016,A,relation-reasoning-agent-eval-v3.1
2026-08-12T20:10:00+09:00,CMP-S01-L05-01,S01,S01-L05,1,running,167.0033,393.4095,100.2541,40.6598,-0.1635,A,relation-reasoning-agent-eval-v3.1
2026-08-12T20:20:00+09:00,CMP-S01-L01-01,S01,S01-L01,1,running,185.8362,480.8475,99.9574,38.0573,-0.3285,A,relation-reasoning-agent-eval-v3.1
2026-08-12T20:20:00+09:00,CMP-S01-L02-01,S01,S01-L02,1,running,172.1756,427.9695,101.1156,48.2166,1.6923,B,relation-reasoning-agent-eval-v3.1
2026-08-12T20:20:00+09:00,CMP-S01-L03-01,S01,S01-L03,1,running,157.8165,470.2339,96.0682,41.9392,0.2553,A,relation-reasoning-agent-eval-v3.1
2026-08-12T20:20:00+09:00,CMP-S01-L04-01,S01,S01-L04,1,running,161.9491,452.0241,99.9265,41.9031,0.3982,A,relation-reasoning-agent-eval-v3.1
2026-08-12T20:20:00+09:00,CMP-S01-L05-01,S01,S01-L05,1,running,169.966,428.8739,94.7736,42.3349,0.1467,A,relation-reasoning-agent-eval-v3.1
2026-08-12T20:30:00+09:00,CMP-S01-L01-01,S01,S01-L01,1,running,178.4802,482.4009,99.1416,46.1122,1.1631,B,relation-reasoning-agent-eval-v3.1
2026-08-12T20:30:00+09:00,CMP-S01-L02-01,S01,S01-L02,1,running,186.9096,402.3562,102.1873,50.811,2.1727,C,relation-reasoning-agent-eval-v3.1
2026-08-12T20:30:00+09:00,CMP-S01-L03-01,S01,S01-L03,1,running,166.0262,459.807,99.7647,36.0562,-0.8341,A,relation-reasoning-agent-eval-v3.1
2026-08-12T20:30:00+09:00,CMP-S01-L04-01,S01,S01-L04,1,running,179.8584,511.818,107.3096,37.4807,-0.4208,A,relation-reasoning-agent-eval-v3.1
2026-08-12T20:30:00+09:00,CMP-S01-L05-01,S01,S01-L05,1,running,173.353,446.3975,86.4357,48.0145,1.1985,B,relation-reasoning-agent-eval-v3.1
2026-08-12T20:40:00+09:00,CMP-S01-L01-01,S01,S01-L01,1,running,168.5437,456.4009,96.891,43.1832,0.6207,A,relation-reasoning-agent-eval-v3.1
2026-08-12T20:40:00+09:00,CMP-S01-L02-01,S01,S01-L02,1,running,176.9211,333.4011,105.5344,45.2835,1.1491,B,relation-reasoning-agent-eval-v3.1
2026-08-12T20:40:00+09:00,CMP-S01-L03-01,S01,S01-L03,1,running,171.9908,450.2657,101.2011,35.3278,-0.969,A,relation-reasoning-agent-eval-v3.1
2026-08-12T20:40:00+09:00,CMP-S01-L04-01,S01,S01-L04,1,running,187.757,545.7723,107.3907,39.2867,-0.0864,A,relation-reasoning-agent-eval-v3.1
2026-08-12T20:40:00+09:00,CMP-S01-L05-01,S01,S01-L05,1,running,197.4074,408.2635,88.5635,47.2306,1.0533,B,relation-reasoning-agent-eval-v3.1
2026-08-12T20:50:00+09:00,CMP-S01-L01-01,S01,S01-L01,1,running,178.5566,435.5817,101.6114,45.4116,1.0334,B,relation-reasoning-agent-eval-v3.1
2026-08-12T20:50:00+09:00,CMP-S01-L02-01,S01,S01-L02,1,running,172.5479,391.6219,104.9784,44.2209,0.9523,A,relation-reasoning-agent-eval-v3.1
2026-08-12T20:50:00+09:00,CMP-S01-L03-01,S01,S01-L03,1,running,176.9183,458.8959,98.1777,38.5287,-0.3763,A,relation-reasoning-agent-eval-v3.1
2026-08-12T20:50:00+09:00,CMP-S01-L04-01,S01,S01-L04,1,running,169.4801,468.9251,108.2656,37.9827,-0.3278,A,relation-reasoning-agent-eval-v3.1
2026-08-12T20:50:00+09:00,CMP-S01-L05-01,S01,S01-L05,1,running,199.0115,427.1302,92.234,47.7092,1.142,B,relation-reasoning-agent-eval-v3.1
2026-08-12T21:00:00+09:00,CMP-S01-L01-01,S01,S01-L01,1,running,166.1174,458.4784,99.7508,46.3509,1.2073,B,relation-reasoning-agent-eval-v3.1
2026-08-12T21:00:00+09:00,CMP-S01-L02-01,S01,S01-L02,1,running,192.5418,331.9217,112.1131,45.1576,1.1258,B,relation-reasoning-agent-eval-v3.1
2026-08-12T21:00:00+09:00,CMP-S01-L03-01,S01,S01-L03,1,running,170.1122,461.8591,97.1589,42.4513,0.3502,A,relation-reasoning-agent-eval-v3.1
2026-08-12T21:00:00+09:00,CMP-S01-L04-01,S01,S01-L04,1,running,186.4722,450.2075,115.6857,34.2895,-1.0118,B,relation-reasoning-agent-eval-v3.1
2026-08-12T21:00:00+09:00,CMP-S01-L05-01,S01,S01-L05,1,running,204.332,464.2049,92.3559,44.3647,0.5226,A,relation-reasoning-agent-eval-v3.1
2026-08-12T21:10:00+09:00,CMP-S01-L01-01,S01,S01-L01,1,running,168.3236,497.3735,95.5313,47.0535,1.3375,B,relation-reasoning-agent-eval-v3.1
2026-08-12T21:10:00+09:00,CMP-S01-L02-01,S01,S01-L02,1,running,189.3225,396.7772,106.113,47.9561,1.644,B,relation-reasoning-agent-eval-v3.1
2026-08-12T21:10:00+09:00,CMP-S01-L03-01,S01,S01-L03,1,running,170.2548,469.1356,102.3344,42.9885,0.4496,A,relation-reasoning-agent-eval-v3.1
2026-08-12T21:10:00+09:00,CMP-S01-L04-01,S01,S01-L04,1,running,168.5322,449.8998,116.2323,37.1115,-0.4892,A,relation-reasoning-agent-eval-v3.1
2026-08-12T21:10:00+09:00,CMP-S01-L05-01,S01,S01-L05,1,running,189.1026,423.3817,94.0663,46.5478,0.9269,A,relation-reasoning-agent-eval-v3.1
2026-08-12T21:20:00+09:00,CMP-S01-L01-01,S01,S01-L01,1,running,158.7053,490.2253,92.6418,44.9279,0.9438,A,relation-reasoning-agent-eval-v3.1
2026-08-12T21:20:00+09:00,CMP-S01-L02-01,S01,S01-L02,1,running,181.4904,413.2734,103.4974,45.806,1.2459,B,relation-reasoning-agent-eval-v3.1
2026-08-12T21:20:00+09:00,CMP-S01-L03-01,S01,S01-L03,1,running,170.2398,485.3746,102.396,47.957,1.3697,B,relation-reasoning-agent-eval-v3.1
2026-08-12T21:20:00+09:00,CMP-S01-L04-01,S01,S01-L04,1,running,178.8252,449.0848,115.6046,42.9214,0.5867,A,relation-reasoning-agent-eval-v3.1
2026-08-12T21:20:00+09:00,CMP-S01-L05-01,S01,S01-L05,1,running,186.7429,438.5313,100.8911,42.7051,0.2153,A,relation-reasoning-agent-eval-v3.1
2026-08-12T21:30:00+09:00,CMP-S01-L01-01,S01,S01-L01,1,running,156.0883,482.0458,87.3042,45.7459,1.0953,B,relation-reasoning-agent-eval-v3.1
2026-08-12T21:30:00+09:00,CMP-S01-L02-01,S01,S01-L02,1,running,171.1601,428.7593,100.5882,46.7078,1.4129,B,relation-reasoning-agent-eval-v3.1
2026-08-12T21:30:00+09:00,CMP-S01-L03-01,S01,S01-L03,1,running,163.4541,512.2436,105.7876,47.5221,1.2892,B,relation-reasoning-agent-eval-v3.1
2026-08-12T21:30:00+09:00,CMP-S01-L04-01,S01,S01-L04,1,running,164.58,445.8081,113.7371,42.0965,0.434,A,relation-reasoning-agent-eval-v3.1
2026-08-12T21:30:00+09:00,CMP-S01-L05-01,S01,S01-L05,1,running,188.1539,440.9689,100.4119,39.9386,-0.297,A,relation-reasoning-agent-eval-v3.1
2026-08-12T21:40:00+09:00,CMP-S01-L01-01,S01,S01-L01,1,running,159.9302,475.3671,89.6249,46.6751,1.2674,B,relation-reasoning-agent-eval-v3.1
2026-08-12T21:40:00+09:00,CMP-S01-L02-01,S01,S01-L02,1,running,183.9333,424.8647,110.2863,43.2482,0.7722,A,relation-reasoning-agent-eval-v3.1
2026-08-12T21:40:00+09:00,CMP-S01-L03-01,S01,S01-L03,1,running,171.8168,477.9473,106.3183,49.7889,1.709,B,relation-reasoning-agent-eval-v3.1
2026-08-12T21:40:00+09:00,CMP-S01-L04-01,S01,S01-L04,1,running,158.1162,454.7989,105.7951,45.2054,1.0097,B,relation-reasoning-agent-eval-v3.1
2026-08-12T21:40:00+09:00,CMP-S01-L05-01,S01,S01-L05,1,running,176.357,450.9637,102.785,42.8639,0.2447,A,relation-reasoning-agent-eval-v3.1
2026-08-12T21:50:00+09:00,CMP-S01-L01-01,S01,S01-L01,1,running,170.3633,493.4896,93.9448,47.1811,1.3611,B,relation-reasoning-agent-eval-v3.1
2026-08-12T21:50:00+09:00,CMP-S01-L02-01,S01,S01-L02,1,running,184.6161,459.6812,108.9467,35.4508,-0.6718,A,relation-reasoning-agent-eval-v3.1
2026-08-12T21:50:00+09:00,CMP-S01-L03-01,S01,S01-L03,1,running,172.055,495.7249,108.6678,47.2229,1.2338,B,relation-reasoning-agent-eval-v3.1
2026-08-12T21:50:00+09:00,CMP-S01-L04-01,S01,S01-L04,1,running,164.7357,442.5119,100.5924,47.3311,1.4033,B,relation-reasoning-agent-eval-v3.1
2026-08-12T21:50:00+09:00,CMP-S01-L05-01,S01,S01-L05,1,running,179.3972,441.2393,97.337,41.2521,-0.0538,A,relation-reasoning-agent-eval-v3.1
2026-08-12T22:00:00+09:00,CMP-S01-L01-01,S01,S01-L01,1,running,168.2661,490.811,90.7295,42.8747,0.5636,A,relation-reasoning-agent-eval-v3.1
2026-08-12T22:00:00+09:00,CMP-S01-L02-01,S01,S01-L02,1,running,175.0742,471.8422,106.6694,36.1027,-0.551,A,relation-reasoning-agent-eval-v3.1
2026-08-12T22:00:00+09:00,CMP-S01-L03-01,S01,S01-L03,1,running,173.4176,493.1031,116.5193,41.9837,0.2636,A,relation-reasoning-agent-eval-v3.1
2026-08-12T22:00:00+09:00,CMP-S01-L04-01,S01,S01-L04,1,running,170.6576,389.6635,96.3827,37.4481,-0.4268,A,relation-reasoning-agent-eval-v3.1
2026-08-12T22:00:00+09:00,CMP-S01-L05-01,S01,S01-L05,1,running,173.2395,415.9676,95.9916,42.9927,0.2685,A,relation-reasoning-agent-eval-v3.1
2026-08-12T22:10:00+09:00,CMP-S01-L01-01,S01,S01-L01,1,running,162.2619,508.2927,96.6468,44.0309,0.7777,A,relation-reasoning-agent-eval-v3.1
2026-08-12T22:10:00+09:00,CMP-S01-L02-01,S01,S01-L02,1,running,159.6574,503.968,108.1706,36.7787,-0.4259,A,relation-reasoning-agent-eval-v3.1
2026-08-12T22:10:00+09:00,CMP-S01-L03-01,S01,S01-L03,1,running,170.3057,463.0137,118.0609,46.5335,1.1061,B,relation-reasoning-agent-eval-v3.1
2026-08-12T22:10:00+09:00,CMP-S01-L04-01,S01,S01-L04,1,running,178.9126,393.2597,102.4183,39.1948,-0.1034,A,relation-reasoning-agent-eval-v3.1
2026-08-12T22:10:00+09:00,CMP-S01-L05-01,S01,S01-L05,1,running,170.4487,410.6764,92.201,47.8965,1.1766,B,relation-reasoning-agent-eval-v3.1
2026-08-12T22:20:00+09:00,CMP-S01-L01-01,S01,S01-L01,1,running,175.2096,491.6848,103.219,45.0145,0.9599,A,relation-reasoning-agent-eval-v3.1
2026-08-12T22:20:00+09:00,CMP-S01-L02-01,S01,S01-L02,1,running,179.0415,512.7805,107.2044,33.0319,-1.1197,B,relation-reasoning-agent-eval-v3.1
2026-08-12T22:20:00+09:00,CMP-S01-L03-01,S01,S01-L03,1,running,173.4254,489.1395,113.7916,45.869,0.9831,A,relation-reasoning-agent-eval-v3.1
2026-08-12T22:20:00+09:00,CMP-S01-L04-01,S01,S01-L04,1,running,170.1021,417.9014,105.5293,43.028,0.6065,A,relation-reasoning-agent-eval-v3.1
2026-08-12T22:20:00+09:00,CMP-S01-L05-01,S01,S01-L05,1,running,161.0582,430.7574,93.9511,46.0022,0.8258,A,relation-reasoning-agent-eval-v3.1
2026-08-12T22:30:00+09:00,CMP-S01-L01-01,S01,S01-L01,1,running,165.9451,493.5793,104.1894,45.1636,0.9875,A,relation-reasoning-agent-eval-v3.1
2026-08-12T22:30:00+09:00,CMP-S01-L02-01,S01,S01-L02,1,running,180.0631,499.66,107.0523,36.6793,-0.4443,A,relation-reasoning-agent-eval-v3.1
2026-08-12T22:30:00+09:00,CMP-S01-L03-01,S01,S01-L03,1,running,163.5416,420.7379,104.1936,44.7199,0.7703,A,relation-reasoning-agent-eval-v3.1
2026-08-12T22:30:00+09:00,CMP-S01-L04-01,S01,S01-L04,1,running,180.0053,432.7266,107.8384,40.6959,0.1746,A,relation-reasoning-agent-eval-v3.1
2026-08-12T22:30:00+09:00,CMP-S01-L05-01,S01,S01-L05,1,running,160.2394,439.5017,93.9015,41.6026,0.0111,A,relation-reasoning-agent-eval-v3.1
2026-08-12T22:40:00+09:00,CMP-S01-L01-01,S01,S01-L01,1,running,168.1351,523.1685,104.7366,37.7862,-0.3787,A,relation-reasoning-agent-eval-v3.1
2026-08-12T22:40:00+09:00,CMP-S01-L02-01,S01,S01-L02,1,running,182.8787,483.7719,112.6193,32.1675,-1.2798,B,relation-reasoning-agent-eval-v3.1
2026-08-12T22:40:00+09:00,CMP-S01-L03-01,S01,S01-L03,1,running,178.065,411.5124,106.5148,41.6981,0.2107,A,relation-reasoning-agent-eval-v3.1
2026-08-12T22:40:00+09:00,CMP-S01-L04-01,S01,S01-L04,1,running,192.8149,429.2434,102.9605,40.6588,0.1677,A,relation-reasoning-agent-eval-v3.1
2026-08-12T22:40:00+09:00,CMP-S01-L05-01,S01,S01-L05,1,running,155.8695,487.7899,95.585,44.3669,0.523,A,relation-reasoning-agent-eval-v3.1
2026-08-12T22:50:00+09:00,CMP-S01-L01-01,S01,S01-L01,1,running,164.071,485.8985,105.5174,32.271,-1.4,B,relation-reasoning-agent-eval-v3.1
2026-08-12T22:50:00+09:00,CMP-S01-L02-01,S01,S01-L02,1,running,178.8837,476.0667,112.5307,35.1583,-0.7259,A,relation-reasoning-agent-eval-v3.1
2026-08-12T22:50:00+09:00,CMP-S01-L03-01,S01,S01-L03,1,running,175.4413,429.0848,103.564,46.4966,1.0993,B,relation-reasoning-agent-eval-v3.1
2026-08-12T22:50:00+09:00,CMP-S01-L04-01,S01,S01-L04,1,running,185.251,394.2828,98.5539,40.0206,0.0495,A,relation-reasoning-agent-eval-v3.1
2026-08-12T22:50:00+09:00,CMP-S01-L05-01,S01,S01-L05,1,running,171.0741,529.8672,96.0635,48.6997,1.3254,B,relation-reasoning-agent-eval-v3.1
2026-08-12T23:00:00+09:00,CMP-S01-L01-01,S01,S01-L01,1,running,150.53,403.6865,98.5123,37.0838,-0.5088,A,relation-reasoning-agent-eval-v3.1
2026-08-12T23:00:00+09:00,CMP-S01-L02-01,S01,S01-L02,1,running,173.2557,500.0554,110.814,36.9248,-0.3988,A,relation-reasoning-agent-eval-v3.1
2026-08-12T23:00:00+09:00,CMP-S01-L03-01,S01,S01-L03,1,running,179.0164,442.3639,100.9708,39.852,-0.1312,A,relation-reasoning-agent-eval-v3.1
2026-08-12T23:00:00+09:00,CMP-S01-L04-01,S01,S01-L04,1,running,167.0205,430.6349,97.3735,36.5805,-0.5875,A,relation-reasoning-agent-eval-v3.1
2026-08-12T23:00:00+09:00,CMP-S01-L05-01,S01,S01-L05,1,running,182.2756,476.5468,96.3183,47.697,1.1397,B,relation-reasoning-agent-eval-v3.1
2026-08-12T23:10:00+09:00,CMP-S01-L01-01,S01,S01-L01,1,running,142.184,441.5365,98.6354,40.8971,0.1974,A,relation-reasoning-agent-eval-v3.1
2026-08-12T23:10:00+09:00,CMP-S01-L02-01,S01,S01-L02,1,running,173.1092,446.9104,115.0159,36.2674,-0.5205,A,relation-reasoning-agent-eval-v3.1
2026-08-12T23:10:00+09:00,CMP-S01-L03-01,S01,S01-L03,1,running,160.0235,433.3877,101.5448,40.2125,-0.0644,A,relation-reasoning-agent-eval-v3.1
2026-08-12T23:10:00+09:00,CMP-S01-L04-01,S01,S01-L04,1,running,177.9115,437.3337,96.6948,34.4878,-0.975,A,relation-reasoning-agent-eval-v3.1
2026-08-12T23:10:00+09:00,CMP-S01-L05-01,S01,S01-L05,1,running,171.1629,488.2034,95.7567,38.0365,-0.6493,A,relation-reasoning-agent-eval-v3.1
2026-08-12T23:20:00+09:00,CMP-S01-L01-01,S01,S01-L01,1,running,154.3183,463.5233,102.0117,36.8503,-0.5521,A,relation-reasoning-agent-eval-v3.1
2026-08-12T23:20:00+09:00,CMP-S01-L02-01,S01,S01-L02,1,running,167.463,450.1329,112.2858,33.1749,-1.0932,B,relation-reasoning-agent-eval-v3.1
2026-08-12T23:20:00+09:00,CMP-S01-L03-01,S01,S01-L03,1,running,173.5573,447.3499,109.8188,41.8178,0.2328,A,relation-reasoning-agent-eval-v3.1
2026-08-12T23:20:00+09:00,CMP-S01-L04-01,S01,S01-L04,1,running,167.3472,413.5989,91.4505,33.6366,-1.1327,B,relation-reasoning-agent-eval-v3.1
2026-08-12T23:20:00+09:00,CMP-S01-L05-01,S01,S01-L05,1,running,150.8022,508.1047,97.8372,45.5005,0.7329,A,relation-reasoning-agent-eval-v3.1
2026-08-12T23:30:00+09:00,CMP-S01-L01-01,S01,S01-L01,1,running,158.7936,440.2261,102.6354,39.275,-0.103,A,relation-reasoning-agent-eval-v3.1
2026-08-12T23:30:00+09:00,CMP-S01-L02-01,S01,S01-L02,1,running,159.8634,426.1709,111.4744,30.916,-1.5115,B,relation-reasoning-agent-eval-v3.1
2026-08-12T23:30:00+09:00,CMP-S01-L03-01,S01,S01-L03,1,running,167.1748,471.3395,110.5648,43.2505,0.4982,A,relation-reasoning-agent-eval-v3.1
2026-08-12T23:30:00+09:00,CMP-S01-L04-01,S01,S01-L04,1,running,197.7653,396.4125,92.3053,33.9719,-1.0706,B,relation-reasoning-agent-eval-v3.1
2026-08-12T23:30:00+09:00,CMP-S01-L05-01,S01,S01-L05,1,running,166.594,498.3233,95.4593,46.0053,0.8264,A,relation-reasoning-agent-eval-v3.1
2026-08-12T23:40:00+09:00,CMP-S01-L01-01,S01,S01-L01,1,running,157.2896,438.7114,111.3426,39.5828,-0.046,A,relation-reasoning-agent-eval-v3.1
2026-08-12T23:40:00+09:00,CMP-S01-L02-01,S01,S01-L02,1,running,149.0311,455.7324,109.8438,36.5343,-0.4711,A,relation-reasoning-agent-eval-v3.1
2026-08-12T23:40:00+09:00,CMP-S01-L03-01,S01,S01-L03,1,running,169.4668,468.9165,113.8706,41.2522,0.1281,A,relation-reasoning-agent-eval-v3.1
2026-08-12T23:40:00+09:00,CMP-S01-L04-01,S01,S01-L04,1,running,190.7161,383.6262,92.4399,32.1824,-1.402,B,relation-reasoning-agent-eval-v3.1
2026-08-12T23:40:00+09:00,CMP-S01-L05-01,S01,S01-L05,1,running,165.0577,459.891,97.2685,45.374,0.7095,A,relation-reasoning-agent-eval-v3.1
2026-08-12T23:50:00+09:00,CMP-S01-L01-01,S01,S01-L01,1,running,155.6299,479.487,103.1918,33.4954,-1.1733,B,relation-reasoning-agent-eval-v3.1
2026-08-12T23:50:00+09:00,CMP-S01-L02-01,S01,S01-L02,1,running,158.3615,445.2026,105.4439,37.2843,-0.3322,A,relation-reasoning-agent-eval-v3.1
2026-08-12T23:50:00+09:00,CMP-S01-L03-01,S01,S01-L03,1,running,175.9698,436.2031,115.5944,45.3261,0.8825,A,relation-reasoning-agent-eval-v3.1
2026-08-12T23:50:00+09:00,CMP-S01-L04-01,S01,S01-L04,1,running,180.3596,399.0992,88.2759,37.9329,-0.3371,A,relation-reasoning-agent-eval-v3.1
2026-08-12T23:50:00+09:00,CMP-S01-L05-01,S01,S01-L05,1,running,158.3682,453.7091,99.2733,43.5549,0.3726,A,relation-reasoning-agent-eval-v3.1
2026-08-13T00:00:00+09:00,CMP-S01-L01-01,S01,S01-L01,1,running,160.4396,463.0316,102.826,31.6076,-1.5229,B,relation-reasoning-agent-eval-v3.1
2026-08-13T00:00:00+09:00,CMP-S01-L02-01,S01,S01-L02,1,running,133.9174,434.5272,104.7465,38.8838,-0.036,A,relation-reasoning-agent-eval-v3.1
2026-08-13T00:00:00+09:00,CMP-S01-L03-01,S01,S01-L03,1,running,178.8117,433.6243,108.5849,34.4024,-1.1404,B,relation-reasoning-agent-eval-v3.1
2026-08-13T00:00:00+09:00,CMP-S01-L04-01,S01,S01-L04,1,running,169.5042,400.335,87.1587,43.8449,0.7577,A,relation-reasoning-agent-eval-v3.1
2026-08-13T00:00:00+09:00,CMP-S01-L05-01,S01,S01-L05,1,running,185.1974,455.2865,95.5362,46.8354,0.9801,A,relation-reasoning-agent-eval-v3.1
2026-08-13T00:10:00+09:00,CMP-S01-L01-01,S01,S01-L01,1,running,179.747,493.7492,95.4366,39.5657,-0.0491,A,relation-reasoning-agent-eval-v3.1
2026-08-13T00:10:00+09:00,CMP-S01-L02-01,S01,S01-L02,1,running,144.226,390.1585,98.1578,38.0833,-0.1843,A,relation-reasoning-agent-eval-v3.1
2026-08-13T00:10:00+09:00,CMP-S01-L03-01,S01,S01-L03,1,running,190.4379,428.7781,102.6137,35.5763,-0.923,A,relation-reasoning-agent-eval-v3.1
2026-08-13T00:10:00+09:00,CMP-S01-L04-01,S01,S01-L04,1,running,183.4209,460.7092,94.4492,36.0728,-0.6815,A,relation-reasoning-agent-eval-v3.1
2026-08-13T00:10:00+09:00,CMP-S01-L05-01,S01,S01-L05,1,running,191.2844,402.4783,89.4282,44.8392,0.6105,A,relation-reasoning-agent-eval-v3.1
2026-08-13T00:20:00+09:00,CMP-S01-L01-01,S01,S01-L01,1,running,180.3241,485.7843,93.6069,41.6784,0.342,A,relation-reasoning-agent-eval-v3.1
2026-08-13T00:20:00+09:00,CMP-S01-L02-01,S01,S01-L02,1,running,153.5011,348.2068,98.5632,34.7258,-0.806,A,relation-reasoning-agent-eval-v3.1
2026-08-13T00:20:00+09:00,CMP-S01-L03-01,S01,S01-L03,1,running,196.5539,469.5111,99.7029,36.5014,-0.7517,A,relation-reasoning-agent-eval-v3.1
2026-08-13T00:20:00+09:00,CMP-S01-L04-01,S01,S01-L04,1,running,183.7477,416.6559,93.8308,36.2859,-0.6421,A,relation-reasoning-agent-eval-v3.1
2026-08-13T00:20:00+09:00,CMP-S01-L05-01,S01,S01-L05,1,running,196.2944,361.7608,86.7552,46.5625,0.9296,A,relation-reasoning-agent-eval-v3.1
2026-08-13T00:30:00+09:00,CMP-S01-L01-01,S01,S01-L01,1,running,183.0924,466.7724,98.3874,47.4325,1.4076,B,relation-reasoning-agent-eval-v3.1
2026-08-13T00:30:00+09:00,CMP-S01-L02-01,S01,S01-L02,1,running,151.1919,375.9944,104.7228,39.0985,0.0038,A,relation-reasoning-agent-eval-v3.1
2026-08-13T00:30:00+09:00,CMP-S01-L03-01,S01,S01-L03,1,running,200.2324,466.997,105.0599,35.8662,-0.8693,A,relation-reasoning-agent-eval-v3.1
2026-08-13T00:30:00+09:00,CMP-S01-L04-01,S01,S01-L04,1,running,182.9688,460.1565,89.3727,44.0086,0.7881,A,relation-reasoning-agent-eval-v3.1
2026-08-13T00:30:00+09:00,CMP-S01-L05-01,S01,S01-L05,1,running,206.1645,322.783,87.1054,42.9186,0.2548,A,relation-reasoning-agent-eval-v3.1
2026-08-13T00:40:00+09:00,CMP-S01-L01-01,S01,S01-L01,1,running,186.9893,419.6557,93.61,41.905,0.3841,A,relation-reasoning-agent-eval-v3.1
2026-08-13T00:40:00+09:00,CMP-S01-L02-01,S01,S01-L02,1,running,158.5871,370.649,102.0757,36.1763,-0.5374,A,relation-reasoning-agent-eval-v3.1
2026-08-13T00:40:00+09:00,CMP-S01-L03-01,S01,S01-L03,1,running,184.5215,433.3776,109.4773,36.5599,-0.7409,A,relation-reasoning-agent-eval-v3.1
2026-08-13T00:40:00+09:00,CMP-S01-L04-01,S01,S01-L04,1,running,175.8055,485.5539,90.2961,43.7627,0.7425,A,relation-reasoning-agent-eval-v3.1
2026-08-13T00:40:00+09:00,CMP-S01-L05-01,S01,S01-L05,1,running,195.958,382.793,89.1271,41.8573,0.0583,A,relation-reasoning-agent-eval-v3.1
2026-08-13T00:50:00+09:00,CMP-S01-L01-01,S01,S01-L01,1,running,173.7145,430.2888,92.434,40.1257,0.0545,A,relation-reasoning-agent-eval-v3.1
2026-08-13T00:50:00+09:00,CMP-S01-L02-01,S01,S01-L02,1,running,160.8591,402.6572,101.1818,38.7391,-0.0628,A,relation-reasoning-agent-eval-v3.1
2026-08-13T00:50:00+09:00,CMP-S01-L03-01,S01,S01-L03,1,running,176.7853,458.6427,112.413,41.2282,0.1237,A,relation-reasoning-agent-eval-v3.1
2026-08-13T00:50:00+09:00,CMP-S01-L04-01,S01,S01-L04,1,running,155.0481,450.406,91.8548,42.5147,0.5114,A,relation-reasoning-agent-eval-v3.1
2026-08-13T00:50:00+09:00,CMP-S01-L05-01,S01,S01-L05,1,running,195.5557,393.6977,98.633,42.616,0.1988,A,relation-reasoning-agent-eval-v3.1
2026-08-13T01:00:00+09:00,CMP-S01-L01-01,S01,S01-L01,1,running,187.0744,439.7659,95.1103,42.0672,0.4141,A,relation-reasoning-agent-eval-v3.1
2026-08-13T01:00:00+09:00,CMP-S01-L02-01,S01,S01-L02,1,running,179.1475,371.2477,100.4342,38.4798,-0.1108,A,relation-reasoning-agent-eval-v3.1
2026-08-13T01:00:00+09:00,CMP-S01-L03-01,S01,S01-L03,1,running,187.3889,494.7362,112.6133,41.616,0.1955,A,relation-reasoning-agent-eval-v3.1
2026-08-13T01:00:00+09:00,CMP-S01-L04-01,S01,S01-L04,1,running,176.5534,441.3019,95.1364,41.9434,0.4056,A,relation-reasoning-agent-eval-v3.1
2026-08-13T01:00:00+09:00,CMP-S01-L05-01,S01,S01-L05,1,running,207.3931,415.8761,99.7607,40.0808,-0.2707,A,relation-reasoning-agent-eval-v3.1
2026-08-13T01:10:00+09:00,CMP-S01-L01-01,S01,S01-L01,1,running,179.4376,452.2363,94.2014,48.5263,1.6102,B,relation-reasoning-agent-eval-v3.1
2026-08-13T01:10:00+09:00,CMP-S01-L02-01,S01,S01-L02,1,running,167.8921,398.6541,101.3136,36.7909,-0.4236,A,relation-reasoning-agent-eval-v3.1
2026-08-13T01:10:00+09:00,CMP-S01-L03-01,S01,S01-L03,1,running,199.4797,510.5885,103.7206,38.1753,-0.4417,A,relation-reasoning-agent-eval-v3.1
2026-08-13T01:10:00+09:00,CMP-S01-L04-01,S01,S01-L04,1,running,176.3189,434.9925,102.052,44.6824,0.9128,A,relation-reasoning-agent-eval-v3.1
2026-08-13T01:10:00+09:00,CMP-S01-L05-01,S01,S01-L05,1,running,205.4604,464.4525,102.4031,41.9647,0.0782,A,relation-reasoning-agent-eval-v3.1
2026-08-13T01:20:00+09:00,CMP-S01-L01-01,S01,S01-L01,1,running,158.8304,439.1516,91.0583,48.0749,1.5266,B,relation-reasoning-agent-eval-v3.1
2026-08-13T01:20:00+09:00,CMP-S01-L02-01,S01,S01-L02,1,running,160.962,385.5884,102.5352,42.9915,0.7247,A,relation-reasoning-agent-eval-v3.1
2026-08-13T01:20:00+09:00,CMP-S01-L03-01,S01,S01-L03,1,running,211.0286,465.6384,104.3086,35.4283,-0.9504,A,relation-reasoning-agent-eval-v3.1
2026-08-13T01:20:00+09:00,CMP-S01-L04-01,S01,S01-L04,1,running,174.5497,415.4177,96.206,38.282,-0.2724,A,relation-reasoning-agent-eval-v3.1
2026-08-13T01:20:00+09:00,CMP-S01-L05-01,S01,S01-L05,1,running,196.3018,486.4499,107.6301,40.2654,-0.2365,A,relation-reasoning-agent-eval-v3.1
2026-08-13T01:30:00+09:00,CMP-S01-L01-01,S01,S01-L01,1,running,143.1897,458.3973,95.2424,47.848,1.4846,B,relation-reasoning-agent-eval-v3.1
2026-08-13T01:30:00+09:00,CMP-S01-L02-01,S01,S01-L02,1,running,167.5212,344.8537,91.7907,46.366,1.3496,B,relation-reasoning-agent-eval-v3.1
2026-08-13T01:30:00+09:00,CMP-S01-L03-01,S01,S01-L03,1,running,198.8796,443.9205,103.8078,36.0341,-0.8382,A,relation-reasoning-agent-eval-v3.1
2026-08-13T01:30:00+09:00,CMP-S01-L04-01,S01,S01-L04,1,running,185.8189,454.8754,99.6592,40.3721,0.1146,A,relation-reasoning-agent-eval-v3.1
2026-08-13T01:30:00+09:00,CMP-S01-L05-01,S01,S01-L05,1,running,197.9176,451.1178,102.8714,44.1298,0.4791,A,relation-reasoning-agent-eval-v3.1
2026-08-13T01:40:00+09:00,CMP-S01-L01-01,S01,S01-L01,1,running,176.315,492.5766,93.7113,44.3178,0.8308,A,relation-reasoning-agent-eval-v3.1
2026-08-13T01:40:00+09:00,CMP-S01-L02-01,S01,S01-L02,1,running,161.1391,360.542,95.3956,42.9326,0.7138,A,relation-reasoning-agent-eval-v3.1
2026-08-13T01:40:00+09:00,CMP-S01-L03-01,S01,S01-L03,1,running,176.4769,463.9108,104.0464,39.5479,-0.1875,A,relation-reasoning-agent-eval-v3.1
2026-08-13T01:40:00+09:00,CMP-S01-L04-01,S01,S01-L04,1,running,181.1503,467.1132,100.4049,36.7792,-0.5507,A,relation-reasoning-agent-eval-v3.1
2026-08-13T01:40:00+09:00,CMP-S01-L05-01,S01,S01-L05,1,running,202.9292,474.7384,108.6847,44.6845,0.5818,A,relation-reasoning-agent-eval-v3.1
2026-08-13T01:50:00+09:00,CMP-S01-L01-01,S01,S01-L01,1,running,156.9801,496.0975,86.3215,43.9899,0.7701,A,relation-reasoning-agent-eval-v3.1
2026-08-13T01:50:00+09:00,CMP-S01-L02-01,S01,S01-L02,1,running,170.4127,372.807,102.8657,42.9085,0.7093,A,relation-reasoning-agent-eval-v3.1
2026-08-13T01:50:00+09:00,CMP-S01-L03-01,S01,S01-L03,1,running,167.1752,464.0712,101.6344,32.6538,-1.4642,B,relation-reasoning-agent-eval-v3.1
2026-08-13T01:50:00+09:00,CMP-S01-L04-01,S01,S01-L04,1,running,173.3889,457.3162,103.9375,38.8049,-0.1756,A,relation-reasoning-agent-eval-v3.1
2026-08-13T01:50:00+09:00,CMP-S01-L05-01,S01,S01-L05,1,running,187.4118,517.6337,101.5692,43.662,0.3925,A,relation-reasoning-agent-eval-v3.1
2026-08-13T02:00:00+09:00,CMP-S01-L01-01,S01,S01-L01,1,running,188.9287,487.4755,92.4598,43.2218,0.6278,A,relation-reasoning-agent-eval-v3.1
2026-08-13T02:00:00+09:00,CMP-S01-L02-01,S01,S01-L02,1,running,165.7707,403.1458,104.1917,47.829,1.6205,B,relation-reasoning-agent-eval-v3.1
2026-08-13T02:00:00+09:00,CMP-S01-L03-01,S01,S01-L03,1,running,165.7556,441.2171,102.5987,32.9117,-1.4164,B,relation-reasoning-agent-eval-v3.1
2026-08-13T02:00:00+09:00,CMP-S01-L04-01,S01,S01-L04,1,running,166.5744,475.0039,109.2653,37.564,-0.4054,A,relation-reasoning-agent-eval-v3.1
2026-08-13T02:00:00+09:00,CMP-S01-L05-01,S01,S01-L05,1,running,178.6079,494.9949,99.1482,48.7539,1.3354,B,relation-reasoning-agent-eval-v3.1
2026-08-13T02:10:00+09:00,CMP-S01-L01-01,S01,S01-L01,1,running,184.6327,484.4282,96.4392,49.129,1.7218,B,relation-reasoning-agent-eval-v3.1
2026-08-13T02:10:00+09:00,CMP-S01-L02-01,S01,S01-L02,1,running,164.2159,446.1709,103.3389,49.7284,1.9722,B,relation-reasoning-agent-eval-v3.1
2026-08-13T02:10:00+09:00,CMP-S01-L03-01,S01,S01-L03,1,running,158.938,443.5374,102.8443,39.9778,-0.1079,A,relation-reasoning-agent-eval-v3.1
2026-08-13T02:10:00+09:00,CMP-S01-L04-01,S01,S01-L04,1,running,179.2468,448.9993,110.3261,43.705,0.7318,A,relation-reasoning-agent-eval-v3.1
2026-08-13T02:10:00+09:00,CMP-S01-L05-01,S01,S01-L05,1,running,185.4711,495.85,94.8846,52.097,1.9545,B,relation-reasoning-agent-eval-v3.1
2026-08-13T02:20:00+09:00,CMP-S01-L01-01,S01,S01-L01,1,running,169.6808,477.4599,94.2546,47.6154,1.4416,B,relation-reasoning-agent-eval-v3.1
2026-08-13T02:20:00+09:00,CMP-S01-L02-01,S01,S01-L02,1,running,177.736,460.9219,104.1019,48.4646,1.7382,B,relation-reasoning-agent-eval-v3.1
2026-08-13T02:20:00+09:00,CMP-S01-L03-01,S01,S01-L03,1,running,157.5913,469.6568,107.4367,32.4104,-1.5093,B,relation-reasoning-agent-eval-v3.1
2026-08-13T02:20:00+09:00,CMP-S01-L04-01,S01,S01-L04,1,running,179.2075,440.9253,103.7011,40.2793,0.0975,A,relation-reasoning-agent-eval-v3.1
2026-08-13T02:20:00+09:00,CMP-S01-L05-01,S01,S01-L05,1,running,162.9333,446.8255,101.0893,47.7441,1.1484,B,relation-reasoning-agent-eval-v3.1
2026-08-13T02:30:00+09:00,CMP-S01-L01-01,S01,S01-L01,1,running,180.5469,480.2989,98.3865,45.4531,1.0411,B,relation-reasoning-agent-eval-v3.1
2026-08-13T02:30:00+09:00,CMP-S01-L02-01,S01,S01-L02,1,running,163.3201,434.8245,102.825,52.5186,2.489,C,relation-reasoning-agent-eval-v3.1
2026-08-13T02:30:00+09:00,CMP-S01-L03-01,S01,S01-L03,1,running,168.6749,449.1455,114.9284,28.7306,-2.1907,C,relation-reasoning-agent-eval-v3.1
2026-08-13T02:30:00+09:00,CMP-S01-L04-01,S01,S01-L04,1,running,190.8194,424.2292,98.6367,39.4954,-0.0477,A,relation-reasoning-agent-eval-v3.1
2026-08-13T02:30:00+09:00,CMP-S01-L05-01,S01,S01-L05,1,running,166.1167,457.8026,95.2378,49.5206,1.4774,B,relation-reasoning-agent-eval-v3.1
2026-08-13T02:40:00+09:00,CMP-S01-L01-01,S01,S01-L01,1,running,199.9629,497.659,99.1637,48.5401,1.6128,B,relation-reasoning-agent-eval-v3.1
2026-08-13T02:40:00+09:00,CMP-S01-L02-01,S01,S01-L02,1,running,166.4151,425.4095,95.9416,53.8185,2.7297,C,relation-reasoning-agent-eval-v3.1
2026-08-13T02:40:00+09:00,CMP-S01-L03-01,S01,S01-L03,1,running,140.1563,463.1336,111.9381,33.4008,-1.3259,B,relation-reasoning-agent-eval-v3.1
2026-08-13T02:40:00+09:00,CMP-S01-L04-01,S01,S01-L04,1,running,185.5053,445.3913,94.975,37.7104,-0.3783,A,relation-reasoning-agent-eval-v3.1
2026-08-13T02:40:00+09:00,CMP-S01-L05-01,S01,S01-L05,1,running,163.2523,402.716,95.3134,47.6301,1.1273,B,relation-reasoning-agent-eval-v3.1
2026-08-13T02:50:00+09:00,CMP-S01-L01-01,S01,S01-L01,1,running,206.4164,504.7918,97.6856,45.5282,1.055,B,relation-reasoning-agent-eval-v3.1
2026-08-13T02:50:00+09:00,CMP-S01-L02-01,S01,S01-L02,1,running,175.8072,455.3744,96.3402,44.3619,0.9784,A,relation-reasoning-agent-eval-v3.1
2026-08-13T02:50:00+09:00,CMP-S01-L03-01,S01,S01-L03,1,running,151.1111,436.8588,112.2182,27.6047,-2.3992,C,relation-reasoning-agent-eval-v3.1
2026-08-13T02:50:00+09:00,CMP-S01-L04-01,S01,S01-L04,1,running,184.5273,474.1822,98.3084,37.5716,-0.404,A,relation-reasoning-agent-eval-v3.1
2026-08-13T02:50:00+09:00,CMP-S01-L05-01,S01,S01-L05,1,running,151.9873,412.3172,97.5036,35.7219,-1.0779,B,relation-reasoning-agent-eval-v3.1
2026-08-13T03:00:00+09:00,CMP-S01-L01-01,S01,S01-L01,1,running,214.6726,509.6475,95.1695,45.3344,1.0191,B,relation-reasoning-agent-eval-v3.1
2026-08-13T03:00:00+09:00,CMP-S01-L02-01,S01,S01-L02,1,running,165.3464,464.7488,98.4685,42.4734,0.6287,A,relation-reasoning-agent-eval-v3.1
2026-08-13T03:00:00+09:00,CMP-S01-L03-01,S01,S01-L03,1,running,180.0561,458.1178,105.3953,25.2092,-2.8428,C,relation-reasoning-agent-eval-v3.1
2026-08-13T03:00:00+09:00,CMP-S01-L04-01,S01,S01-L04,1,running,175.5971,532.6764,95.4327,38.3447,-0.2608,A,relation-reasoning-agent-eval-v3.1
2026-08-13T03:00:00+09:00,CMP-S01-L05-01,S01,S01-L05,1,running,155.4859,382.8696,100.857,35.4038,-1.1368,B,relation-reasoning-agent-eval-v3.1
2026-08-13T03:10:00+09:00,CMP-S01-L01-01,S01,S01-L01,1,running,219.223,467.3183,96.3015,47.203,1.3651,B,relation-reasoning-agent-eval-v3.1
2026-08-13T03:10:00+09:00,CMP-S01-L02-01,S01,S01-L02,1,running,169.7326,480.6833,98.0524,49.5218,1.934,B,relation-reasoning-agent-eval-v3.1
2026-08-13T03:10:00+09:00,CMP-S01-L03-01,S01,S01-L03,1,running,175.1319,436.4748,107.0406,24.7699,-2.9242,C,relation-reasoning-agent-eval-v3.1
2026-08-13T03:10:00+09:00,CMP-S01-L04-01,S01,S01-L04,1,running,178.5876,523.4746,104.5817,39.1305,-0.1153,A,relation-reasoning-agent-eval-v3.1
2026-08-13T03:10:00+09:00,CMP-S01-L05-01,S01,S01-L05,1,running,160.8754,404.6484,96.3659,38.874,-0.4942,A,relation-reasoning-agent-eval-v3.1
2026-08-13T03:20:00+09:00,CMP-S01-L01-01,S01,S01-L01,1,running,209.3908,468.165,92.7865,43.9628,0.7651,A,relation-reasoning-agent-eval-v3.1
2026-08-13T03:20:00+09:00,CMP-S01-L02-01,S01,S01-L02,1,running,162.2131,480.0818,98.5802,44.3486,0.976,A,relation-reasoning-agent-eval-v3.1
2026-08-13T03:20:00+09:00,CMP-S01-L03-01,S01,S01-L03,1,running,172.0398,401.4261,102.2982,25.0371,-2.8747,C,relation-reasoning-agent-eval-v3.1
2026-08-13T03:20:00+09:00,CMP-S01-L04-01,S01,S01-L04,1,running,169.9149,504.5059,100.8772,36.3835,-0.624,A,relation-reasoning-agent-eval-v3.1
2026-08-13T03:20:00+09:00,CMP-S01-L05-01,S01,S01-L05,1,running,155.5462,463.7731,98.6104,33.8237,-1.4294,B,relation-reasoning-agent-eval-v3.1
2026-08-13T03:30:00+09:00,CMP-S01-L01-01,S01,S01-L01,1,running,196.5034,495.184,93.9008,51.3832,2.1393,C,relation-reasoning-agent-eval-v3.1
2026-08-13T03:30:00+09:00,CMP-S01-L02-01,S01,S01-L02,1,running,174.9666,496.0514,99.5519,46.2347,1.3253,B,relation-reasoning-agent-eval-v3.1
2026-08-13T03:30:00+09:00,CMP-S01-L03-01,S01,S01-L03,1,running,173.1662,460.3058,107.456,30.1086,-1.9355,B,relation-reasoning-agent-eval-v3.1
2026-08-13T03:30:00+09:00,CMP-S01-L04-01,S01,S01-L04,1,running,179.4088,454.5582,103.4134,34.686,-0.9383,A,relation-reasoning-agent-eval-v3.1
2026-08-13T03:30:00+09:00,CMP-S01-L05-01,S01,S01-L05,1,running,157.9388,461.9403,101.6602,36.8533,-0.8684,A,relation-reasoning-agent-eval-v3.1
2026-08-13T03:40:00+09:00,CMP-S01-L01-01,S01,S01-L01,1,running,207.4726,468.0054,88.0981,49.0331,1.704,B,relation-reasoning-agent-eval-v3.1
2026-08-13T03:40:00+09:00,CMP-S01-L02-01,S01,S01-L02,1,running,195.3297,498.9144,94.3656,38.8682,-0.0389,A,relation-reasoning-agent-eval-v3.1
2026-08-13T03:40:00+09:00,CMP-S01-L03-01,S01,S01-L03,1,running,167.5064,481.2676,108.1858,36.4088,-0.7688,A,relation-reasoning-agent-eval-v3.1
2026-08-13T03:40:00+09:00,CMP-S01-L04-01,S01,S01-L04,1,running,177.2933,435.9979,99.4007,32.4009,-1.3615,B,relation-reasoning-agent-eval-v3.1
2026-08-13T03:40:00+09:00,CMP-S01-L05-01,S01,S01-L05,1,running,144.8524,461.7164,104.4182,40.0469,-0.277,A,relation-reasoning-agent-eval-v3.1
2026-08-13T03:50:00+09:00,CMP-S01-L01-01,S01,S01-L01,1,running,201.3935,459.1182,89.98,49.0329,1.704,B,relation-reasoning-agent-eval-v3.1
2026-08-13T03:50:00+09:00,CMP-S01-L02-01,S01,S01-L02,1,running,202.3767,517.6893,89.962,41.7137,0.488,A,relation-reasoning-agent-eval-v3.1
2026-08-13T03:50:00+09:00,CMP-S01-L03-01,S01,S01-L03,1,running,147.3738,498.1411,107.4491,37.9243,-0.4882,A,relation-reasoning-agent-eval-v3.1
2026-08-13T03:50:00+09:00,CMP-S01-L04-01,S01,S01-L04,1,running,183.6591,459.2789,94.6538,35.3842,-0.809,A,relation-reasoning-agent-eval-v3.1
2026-08-13T03:50:00+09:00,CMP-S01-L05-01,S01,S01-L05,1,running,161.7368,418.0889,106.3208,42.187,0.1193,A,relation-reasoning-agent-eval-v3.1
2026-08-13T04:00:00+09:00,CMP-S01-L01-01,S01,S01-L01,1,running,188.6699,444.9896,93.7473,45.1666,0.988,A,relation-reasoning-agent-eval-v3.1
2026-08-13T04:00:00+09:00,CMP-S01-L02-01,S01,S01-L02,1,running,171.5804,530.188,100.2767,48.7034,1.7824,B,relation-reasoning-agent-eval-v3.1
2026-08-13T04:00:00+09:00,CMP-S01-L03-01,S01,S01-L03,1,running,153.7692,468.8924,105.5887,40.4775,-0.0154,A,relation-reasoning-agent-eval-v3.1
2026-08-13T04:00:00+09:00,CMP-S01-L04-01,S01,S01-L04,1,running,173.7528,446.956,106.789,28.6839,-2.0499,C,relation-reasoning-agent-eval-v3.1
2026-08-13T04:00:00+09:00,CMP-S01-L05-01,S01,S01-L05,1,running,168.3379,408.7468,99.882,39.169,-0.4396,A,relation-reasoning-agent-eval-v3.1
2026-08-13T04:10:00+09:00,CMP-S01-L01-01,S01,S01-L01,1,running,180.5254,444.1649,93.0319,48.2202,1.5535,B,relation-reasoning-agent-eval-v3.1
2026-08-13T04:10:00+09:00,CMP-S01-L02-01,S01,S01-L02,1,running,167.7836,492.6758,100.7399,44.1907,0.9468,A,relation-reasoning-agent-eval-v3.1
2026-08-13T04:10:00+09:00,CMP-S01-L03-01,S01,S01-L03,1,running,159.0536,479.5996,112.5276,42.05,0.2758,A,relation-reasoning-agent-eval-v3.1
2026-08-13T04:10:00+09:00,CMP-S01-L04-01,S01,S01-L04,1,running,187.7202,461.1249,105.0671,28.5949,-2.0663,C,relation-reasoning-agent-eval-v3.1
2026-08-13T04:10:00+09:00,CMP-S01-L05-01,S01,S01-L05,1,running,163.209,480.5342,102.0233,37.3376,-0.7787,A,relation-reasoning-agent-eval-v3.1
2026-08-13T04:20:00+09:00,CMP-S01-L01-01,S01,S01-L01,1,running,174.1016,460.2841,97.015,50.785,2.0285,C,relation-reasoning-agent-eval-v3.1
2026-08-13T04:20:00+09:00,CMP-S01-L02-01,S01,S01-L02,1,running,186.8447,533.6368,104.3797,42.6619,0.6636,A,relation-reasoning-agent-eval-v3.1
2026-08-13T04:20:00+09:00,CMP-S01-L03-01,S01,S01-L03,1,running,184.4117,430.5926,110.2337,39.0308,-0.2833,A,relation-reasoning-agent-eval-v3.1
2026-08-13T04:20:00+09:00,CMP-S01-L04-01,S01,S01-L04,1,running,191.8727,444.7034,113.0279,30.9777,-1.6251,B,relation-reasoning-agent-eval-v3.1
2026-08-13T04:20:00+09:00,CMP-S01-L05-01,S01,S01-L05,1,running,178.2899,424.7784,104.2903,47.4251,1.0894,B,relation-reasoning-agent-eval-v3.1
2026-08-13T04:30:00+09:00,CMP-S01-L01-01,S01,S01-L01,1,running,170.0028,483.8595,92.5393,42.0787,0.4162,A,relation-reasoning-agent-eval-v3.1
2026-08-13T04:30:00+09:00,CMP-S01-L02-01,S01,S01-L02,1,running,183.4026,530.192,98.0672,44.1258,0.9347,A,relation-reasoning-agent-eval-v3.1
2026-08-13T04:30:00+09:00,CMP-S01-L03-01,S01,S01-L03,1,running,188.162,428.2355,102.4948,41.6697,0.2054,A,relation-reasoning-agent-eval-v3.1
2026-08-13T04:30:00+09:00,CMP-S01-L04-01,S01,S01-L04,1,running,197.068,454.9944,103.0432,27.6503,-2.2412,C,relation-reasoning-agent-eval-v3.1
2026-08-13T04:30:00+09:00,CMP-S01-L05-01,S01,S01-L05,1,running,182.5004,428.7064,101.4117,51.5245,1.8485,B,relation-reasoning-agent-eval-v3.1
2026-08-13T04:40:00+09:00,CMP-S01-L01-01,S01,S01-L01,1,running,177.0622,496.4725,93.5409,42.4292,0.4811,A,relation-reasoning-agent-eval-v3.1
2026-08-13T04:40:00+09:00,CMP-S01-L02-01,S01,S01-L02,1,running,182.197,502.3617,96.8874,46.9992,1.4668,B,relation-reasoning-agent-eval-v3.1
2026-08-13T04:40:00+09:00,CMP-S01-L03-01,S01,S01-L03,1,running,161.7009,390.3279,102.6385,44.8535,0.795,A,relation-reasoning-agent-eval-v3.1
2026-08-13T04:40:00+09:00,CMP-S01-L04-01,S01,S01-L04,1,running,178.4093,458.1592,100.4289,30.4435,-1.724,B,relation-reasoning-agent-eval-v3.1
2026-08-13T04:40:00+09:00,CMP-S01-L05-01,S01,S01-L05,1,running,194.7943,430.2227,95.9919,47.811,1.1608,B,relation-reasoning-agent-eval-v3.1
2026-08-13T04:50:00+09:00,CMP-S01-L01-01,S01,S01-L01,1,running,184.4389,559.2007,92.0419,48.1627,1.5428,B,relation-reasoning-agent-eval-v3.1
2026-08-13T04:50:00+09:00,CMP-S01-L02-01,S01,S01-L02,1,running,179.6806,456.8483,96.5454,50.5181,2.1185,C,relation-reasoning-agent-eval-v3.1
2026-08-13T04:50:00+09:00,CMP-S01-L03-01,S01,S01-L03,1,running,166.4777,405.0118,108.6497,48.337,1.4401,B,relation-reasoning-agent-eval-v3.1
2026-08-13T04:50:00+09:00,CMP-S01-L04-01,S01,S01-L04,1,running,179.1038,422.4652,96.9697,37.5158,-0.4143,A,relation-reasoning-agent-eval-v3.1
2026-08-13T04:50:00+09:00,CMP-S01-L05-01,S01,S01-L05,1,running,205.4138,445.569,94.8562,42.4491,0.1679,A,relation-reasoning-agent-eval-v3.1
2026-08-13T05:00:00+09:00,CMP-S01-L01-01,S01,S01-L01,1,running,175.8463,496.548,95.1904,49.0131,1.7004,B,relation-reasoning-agent-eval-v3.1
2026-08-13T05:00:00+09:00,CMP-S01-L02-01,S01,S01-L02,1,running,195.9279,420.5285,101.4932,48.4612,1.7376,B,relation-reasoning-agent-eval-v3.1
2026-08-13T05:00:00+09:00,CMP-S01-L03-01,S01,S01-L03,1,running,159.801,392.5276,104.1138,48.5885,1.4867,B,relation-reasoning-agent-eval-v3.1
2026-08-13T05:00:00+09:00,CMP-S01-L04-01,S01,S01-L04,1,running,153.1192,490.2934,99.7757,37.673,-0.3852,A,relation-reasoning-agent-eval-v3.1
2026-08-13T05:00:00+09:00,CMP-S01-L05-01,S01,S01-L05,1,running,208.3608,442.2169,102.2927,40.8637,-0.1257,A,relation-reasoning-agent-eval-v3.1
2026-08-13T05:10:00+09:00,CMP-S01-L01-01,S01,S01-L01,1,running,179.7972,482.1637,92.9388,49.4782,1.7864,B,relation-reasoning-agent-eval-v3.1
2026-08-13T05:10:00+09:00,CMP-S01-L02-01,S01,S01-L02,1,running,191.1043,424.4618,99.5039,44.4186,0.9889,A,relation-reasoning-agent-eval-v3.1
2026-08-13T05:10:00+09:00,CMP-S01-L03-01,S01,S01-L03,1,running,164.6156,383.1183,107.7821,53.5636,2.408,C,relation-reasoning-agent-eval-v3.1
2026-08-13T05:10:00+09:00,CMP-S01-L04-01,S01,S01-L04,1,running,165.8439,473.33,104.7489,39.6722,-0.015,A,relation-reasoning-agent-eval-v3.1
2026-08-13T05:10:00+09:00,CMP-S01-L05-01,S01,S01-L05,1,running,193.6942,441.2013,98.8105,40.0261,-0.2808,A,relation-reasoning-agent-eval-v3.1
2026-08-13T05:20:00+09:00,CMP-S01-L01-01,S01,S01-L01,1,running,179.4869,469.3332,91.3758,47.4843,1.4173,B,relation-reasoning-agent-eval-v3.1
2026-08-13T05:20:00+09:00,CMP-S01-L02-01,S01,S01-L02,1,running,196.9419,444.5968,98.3268,40.4583,0.2556,A,relation-reasoning-agent-eval-v3.1
2026-08-13T05:20:00+09:00,CMP-S01-L03-01,S01,S01-L03,1,running,169.1945,395.3708,100.3911,50.7505,1.887,B,relation-reasoning-agent-eval-v3.1
2026-08-13T05:20:00+09:00,CMP-S01-L04-01,S01,S01-L04,1,running,150.6461,509.0576,109.1952,37.5626,-0.4056,A,relation-reasoning-agent-eval-v3.1
2026-08-13T05:20:00+09:00,CMP-S01-L05-01,S01,S01-L05,1,running,193.4337,425.911,95.9869,44.687,0.5823,A,relation-reasoning-agent-eval-v3.1
2026-08-13T05:30:00+09:00,CMP-S01-L01-01,S01,S01-L01,1,running,184.1119,448.9328,89.5548,40.9085,0.1995,A,relation-reasoning-agent-eval-v3.1
2026-08-13T05:30:00+09:00,CMP-S01-L02-01,S01,S01-L02,1,running,176.2258,478.8468,98.1268,34.4441,-0.8582,A,relation-reasoning-agent-eval-v3.1
2026-08-13T05:30:00+09:00,CMP-S01-L03-01,S01,S01-L03,1,running,159.3095,406.6422,105.1738,46.1726,1.0393,B,relation-reasoning-agent-eval-v3.1
2026-08-13T05:30:00+09:00,CMP-S01-L04-01,S01,S01-L04,1,running,165.5594,482.7337,117.9239,36.6496,-0.5747,A,relation-reasoning-agent-eval-v3.1
2026-08-13T05:30:00+09:00,CMP-S01-L05-01,S01,S01-L05,1,running,180.5008,349.468,95.1431,47.484,1.1003,B,relation-reasoning-agent-eval-v3.1
2026-08-13T05:40:00+09:00,CMP-S01-L01-01,S01,S01-L01,1,running,196.6888,454.384,90.5454,37.7586,-0.3838,A,relation-reasoning-agent-eval-v3.1
2026-08-13T05:40:00+09:00,CMP-S01-L02-01,S01,S01-L02,1,running,183.9301,409.8463,101.4183,37.9333,-0.212,A,relation-reasoning-agent-eval-v3.1
2026-08-13T05:40:00+09:00,CMP-S01-L03-01,S01,S01-L03,1,running,171.9002,431.2997,109.0804,45.0649,0.8342,A,relation-reasoning-agent-eval-v3.1
2026-08-13T05:40:00+09:00,CMP-S01-L04-01,S01,S01-L04,1,running,170.5149,415.1187,116.1435,36.7056,-0.5643,A,relation-reasoning-agent-eval-v3.1
2026-08-13T05:40:00+09:00,CMP-S01-L05-01,S01,S01-L05,1,running,191.5784,349.2361,97.3792,41.7115,0.0313,A,relation-reasoning-agent-eval-v3.1
2026-08-13T05:50:00+09:00,CMP-S01-L01-01,S01,S01-L01,1,running,183.1554,462.3873,87.8446,39.924,0.0172,A,relation-reasoning-agent-eval-v3.1
2026-08-13T05:50:00+09:00,CMP-S01-L02-01,S01,S01-L02,1,running,174.7232,387.6045,97.1042,35.8368,-0.6003,A,relation-reasoning-agent-eval-v3.1
2026-08-13T05:50:00+09:00,CMP-S01-L03-01,S01,S01-L03,1,running,159.2193,423.111,104.8706,39.7944,-0.1419,A,relation-reasoning-agent-eval-v3.1
2026-08-13T05:50:00+09:00,CMP-S01-L04-01,S01,S01-L04,1,running,160.209,441.3957,106.2631,38.2119,-0.2854,A,relation-reasoning-agent-eval-v3.1
2026-08-13T05:50:00+09:00,CMP-S01-L05-01,S01,S01-L05,1,running,189.7184,371.7072,96.0327,37.2632,-0.7925,A,relation-reasoning-agent-eval-v3.1
2026-08-13T06:00:00+09:00,CMP-S01-L01-01,S01,S01-L01,1,running,181.8698,468.1392,92.355,44.1811,0.8056,A,relation-reasoning-agent-eval-v3.1
2026-08-13T06:00:00+09:00,CMP-S01-L02-01,S01,S01-L02,1,running,169.2417,410.4278,98.6182,34.9475,-0.765,A,relation-reasoning-agent-eval-v3.1
2026-08-13T06:00:00+09:00,CMP-S01-L03-01,S01,S01-L03,1,running,151.2547,436.7359,104.9696,43.3532,0.5172,A,relation-reasoning-agent-eval-v3.1
2026-08-13T06:00:00+09:00,CMP-S01-L04-01,S01,S01-L04,1,running,149.438,469.5986,113.0333,39.3772,-0.0696,A,relation-reasoning-agent-eval-v3.1
2026-08-13T06:00:00+09:00,CMP-S01-L05-01,S01,S01-L05,1,running,179.2312,389.9987,98.5566,36.9075,-0.8584,A,relation-reasoning-agent-eval-v3.1
2026-08-13T06:10:00+09:00,CMP-S01-L01-01,S01,S01-L01,1,running,175.4484,514.4182,88.4823,40.2598,0.0794,A,relation-reasoning-agent-eval-v3.1
2026-08-13T06:10:00+09:00,CMP-S01-L02-01,S01,S01-L02,1,running,164.1141,395.9506,104.3101,37.7602,-0.2441,A,relation-reasoning-agent-eval-v3.1
2026-08-13T06:10:00+09:00,CMP-S01-L03-01,S01,S01-L03,1,running,153.5246,442.1444,100.9455,40.1804,-0.0704,A,relation-reasoning-agent-eval-v3.1
2026-08-13T06:10:00+09:00,CMP-S01-L04-01,S01,S01-L04,1,running,161.5875,516.3045,107.2166,39.4456,-0.0569,A,relation-reasoning-agent-eval-v3.1
2026-08-13T06:10:00+09:00,CMP-S01-L05-01,S01,S01-L05,1,running,178.2802,422.0617,97.0991,32.3774,-1.6973,B,relation-reasoning-agent-eval-v3.1
2026-08-13T06:20:00+09:00,CMP-S01-L01-01,S01,S01-L01,1,running,158.7694,554.2999,89.6723,46.2515,1.189,B,relation-reasoning-agent-eval-v3.1
2026-08-13T06:20:00+09:00,CMP-S01-L02-01,S01,S01-L02,1,running,168.1304,402.4431,102.0436,42.1131,0.562,A,relation-reasoning-agent-eval-v3.1
2026-08-13T06:20:00+09:00,CMP-S01-L03-01,S01,S01-L03,1,running,155.1332,409.419,97.1222,35.0532,-1.0199,B,relation-reasoning-agent-eval-v3.1
2026-08-13T06:20:00+09:00,CMP-S01-L04-01,S01,S01-L04,1,running,173.9722,480.014,103.5189,44.8374,0.9415,A,relation-reasoning-agent-eval-v3.1
2026-08-13T06:20:00+09:00,CMP-S01-L05-01,S01,S01-L05,1,running,167.5368,380.8698,96.7812,38.2893,-0.6025,A,relation-reasoning-agent-eval-v3.1
2026-08-13T06:30:00+09:00,CMP-S01-L01-01,S01,S01-L01,1,running,185.7647,534.0641,91.2992,48.0695,1.5256,B,relation-reasoning-agent-eval-v3.1
2026-08-13T06:30:00+09:00,CMP-S01-L02-01,S01,S01-L02,1,running,171.4614,461.7952,101.4353,43.4927,0.8175,A,relation-reasoning-agent-eval-v3.1
2026-08-13T06:30:00+09:00,CMP-S01-L03-01,S01,S01-L03,1,running,161.1283,426.7683,97.6797,38.2856,-0.4213,A,relation-reasoning-agent-eval-v3.1
2026-08-13T06:30:00+09:00,CMP-S01-L04-01,S01,S01-L04,1,running,178.6141,467.0494,104.9034,41.3827,0.3018,A,relation-reasoning-agent-eval-v3.1
2026-08-13T06:30:00+09:00,CMP-S01-L05-01,S01,S01-L05,1,running,158.3284,376.2383,94.3736,40.738,-0.149,A,relation-reasoning-agent-eval-v3.1
2026-08-13T06:40:00+09:00,CMP-S01-L01-01,S01,S01-L01,1,running,191.7596,494.1691,90.3496,46.8263,1.2954,B,relation-reasoning-agent-eval-v3.1
2026-08-13T06:40:00+09:00,CMP-S01-L02-01,S01,S01-L02,1,running,150.6367,411.801,101.9039,38.9573,-0.0224,A,relation-reasoning-agent-eval-v3.1
2026-08-13T06:40:00+09:00,CMP-S01-L03-01,S01,S01-L03,1,running,152.5656,442.0313,99.7318,48.9428,1.5523,B,relation-reasoning-agent-eval-v3.1
2026-08-13T06:40:00+09:00,CMP-S01-L04-01,S01,S01-L04,1,running,176.2187,434.3438,99.2451,40.1146,0.067,A,relation-reasoning-agent-eval-v3.1
2026-08-13T06:40:00+09:00,CMP-S01-L05-01,S01,S01-L05,1,running,170.2409,402.5722,95.8051,42.9137,0.2539,A,relation-reasoning-agent-eval-v3.1
2026-08-13T06:50:00+09:00,CMP-S01-L01-01,S01,S01-L01,1,running,205.7602,475.088,87.4817,39.0689,-0.1412,A,relation-reasoning-agent-eval-v3.1
2026-08-13T06:50:00+09:00,CMP-S01-L02-01,S01,S01-L02,1,running,144.412,394.4282,99.4003,40.8661,0.3311,A,relation-reasoning-agent-eval-v3.1
2026-08-13T06:50:00+09:00,CMP-S01-L03-01,S01,S01-L03,1,running,169.2905,424.4632,109.2269,49.4478,1.6458,B,relation-reasoning-agent-eval-v3.1
2026-08-13T06:50:00+09:00,CMP-S01-L04-01,S01,S01-L04,1,running,171.3981,440.2615,91.7283,36.3364,-0.6327,A,relation-reasoning-agent-eval-v3.1
2026-08-13T06:50:00+09:00,CMP-S01-L05-01,S01,S01-L05,1,running,178.1097,404.1589,98.9165,37.8856,-0.6772,A,relation-reasoning-agent-eval-v3.1
2026-08-13T07:00:00+09:00,CMP-S01-L01-01,S01,S01-L01,1,running,195.4413,488.7094,86.4472,37.7914,-0.3778,A,relation-reasoning-agent-eval-v3.1
2026-08-13T07:00:00+09:00,CMP-S01-L02-01,S01,S01-L02,1,running,161.4141,436.4761,107.9144,45.0932,1.1139,B,relation-reasoning-agent-eval-v3.1
2026-08-13T07:00:00+09:00,CMP-S01-L03-01,S01,S01-L03,1,running,158.5344,390.8335,108.4531,47.7684,1.3348,B,relation-reasoning-agent-eval-v3.1
2026-08-13T07:00:00+09:00,CMP-S01-L04-01,S01,S01-L04,1,running,177.7777,451.0969,97.8368,35.5259,-0.7828,A,relation-reasoning-agent-eval-v3.1
2026-08-13T07:00:00+09:00,CMP-S01-L05-01,S01,S01-L05,1,running,161.3278,429.2027,97.1575,31.2162,-1.9123,B,relation-reasoning-agent-eval-v3.1
2026-08-13T07:10:00+09:00,CMP-S01-L01-01,S01,S01-L01,1,running,191.5348,462.5546,90.525,39.2942,-0.0995,A,relation-reasoning-agent-eval-v3.1
2026-08-13T07:10:00+09:00,CMP-S01-L02-01,S01,S01-L02,1,running,170.9538,431.2384,106.0677,44.0972,0.9294,A,relation-reasoning-agent-eval-v3.1
2026-08-13T07:10:00+09:00,CMP-S01-L03-01,S01,S01-L03,1,running,160.5015,331.0913,108.9191,45.4092,0.8979,A,relation-reasoning-agent-eval-v3.1
2026-08-13T07:10:00+09:00,CMP-S01-L04-01,S01,S01-L04,1,running,184.5507,442.4884,101.7296,39.3599,-0.0728,A,relation-reasoning-agent-eval-v3.1
2026-08-13T07:10:00+09:00,CMP-S01-L05-01,S01,S01-L05,1,running,166.4317,412.9933,96.7794,30.4586,-2.0526,C,relation-reasoning-agent-eval-v3.1
2026-08-13T07:20:00+09:00,CMP-S01-L01-01,S01,S01-L01,1,running,188.1814,449.3586,93.7259,37.3575,-0.4581,A,relation-reasoning-agent-eval-v3.1
2026-08-13T07:20:00+09:00,CMP-S01-L02-01,S01,S01-L02,1,running,171.3448,411.1292,105.9925,43.7424,0.8637,A,relation-reasoning-agent-eval-v3.1
2026-08-13T07:20:00+09:00,CMP-S01-L03-01,S01,S01-L03,1,running,161.0335,325.7934,104.5732,47.5209,1.289,B,relation-reasoning-agent-eval-v3.1
2026-08-13T07:20:00+09:00,CMP-S01-L04-01,S01,S01-L04,1,running,174.0959,455.5589,92.2778,34.7079,-0.9343,A,relation-reasoning-agent-eval-v3.1
2026-08-13T07:20:00+09:00,CMP-S01-L05-01,S01,S01-L05,1,running,170.9202,415.8053,100.1021,30.9413,-1.9632,B,relation-reasoning-agent-eval-v3.1
2026-08-13T07:30:00+09:00,CMP-S01-L01-01,S01,S01-L01,1,running,196.8363,405.0685,90.9735,44.2269,0.814,A,relation-reasoning-agent-eval-v3.1
2026-08-13T07:30:00+09:00,CMP-S01-L02-01,S01,S01-L02,1,running,169.5554,473.5272,104.941,40.4586,0.2556,A,relation-reasoning-agent-eval-v3.1
2026-08-13T07:30:00+09:00,CMP-S01-L03-01,S01,S01-L03,1,running,151.7835,344.8309,103.8459,43.5957,0.5621,A,relation-reasoning-agent-eval-v3.1
2026-08-13T07:30:00+09:00,CMP-S01-L04-01,S01,S01-L04,1,running,159.0951,471.2214,98.797,40.2718,0.0961,A,relation-reasoning-agent-eval-v3.1
2026-08-13T07:30:00+09:00,CMP-S01-L05-01,S01,S01-L05,1,running,178.4958,443.87,86.4403,28.7728,-2.3648,C,relation-reasoning-agent-eval-v3.1
2026-08-13T07:40:00+09:00,CMP-S01-L01-01,S01,S01-L01,1,running,181.2672,380.9773,88.4273,36.7932,-0.5626,A,relation-reasoning-agent-eval-v3.1
2026-08-13T07:40:00+09:00,CMP-S01-L02-01,S01,S01-L02,1,running,146.5568,483.918,108.3215,39.9302,0.1578,A,relation-reasoning-agent-eval-v3.1
2026-08-13T07:40:00+09:00,CMP-S01-L03-01,S01,S01-L03,1,running,146.5891,360.8595,112.8339,47.9576,1.3698,B,relation-reasoning-agent-eval-v3.1
2026-08-13T07:40:00+09:00,CMP-S01-L04-01,S01,S01-L04,1,running,155.805,477.9452,100.5327,32.1692,-1.4044,B,relation-reasoning-agent-eval-v3.1
2026-08-13T07:40:00+09:00,CMP-S01-L05-01,S01,S01-L05,1,running,168.3144,439.6077,89.0453,31.3027,-1.8963,B,relation-reasoning-agent-eval-v3.1
2026-08-13T07:50:00+09:00,CMP-S01-L01-01,S01,S01-L01,1,running,171.3747,402.3899,88.8685,39.9048,0.0136,A,relation-reasoning-agent-eval-v3.1
2026-08-13T07:50:00+09:00,CMP-S01-L02-01,S01,S01-L02,1,running,139.7357,488.0355,105.6429,45.4333,1.1769,B,relation-reasoning-agent-eval-v3.1
2026-08-13T07:50:00+09:00,CMP-S01-L03-01,S01,S01-L03,1,running,145.6482,405.3056,109.8209,45.9372,0.9957,A,relation-reasoning-agent-eval-v3.1
2026-08-13T07:50:00+09:00,CMP-S01-L04-01,S01,S01-L04,1,running,170.3089,510.2966,96.3087,38.117,-0.303,A,relation-reasoning-agent-eval-v3.1
2026-08-13T07:50:00+09:00,CMP-S01-L05-01,S01,S01-L05,1,running,176.2576,462.008,86.054,35.1969,-1.1751,B,relation-reasoning-agent-eval-v3.1
2026-08-13T08:00:00+09:00,CMP-S01-L01-01,S01,S01-L01,1,running,174.5474,420.0083,88.2705,32.6438,-1.331,B,relation-reasoning-agent-eval-v3.1
2026-08-13T08:00:00+09:00,CMP-S01-L02-01,S01,S01-L02,1,running,158.9513,510.0795,107.6329,33.5262,-1.0282,B,relation-reasoning-agent-eval-v3.1
2026-08-13T08:00:00+09:00,CMP-S01-L03-01,S01,S01-L03,1,running,157.1045,423.1751,106.7947,47.9806,1.3741,B,relation-reasoning-agent-eval-v3.1
2026-08-13T08:00:00+09:00,CMP-S01-L04-01,S01,S01-L04,1,running,175.9425,488.5293,100.3926,41.4074,0.3064,A,relation-reasoning-agent-eval-v3.1
2026-08-13T08:00:00+09:00,CMP-S01-L05-01,S01,S01-L05,1,running,174.0491,435.043,85.4373,35.087,-1.1955,B,relation-reasoning-agent-eval-v3.1
2026-08-13T08:10:00+09:00,CMP-S01-L01-01,S01,S01-L01,1,running,164.8211,427.7974,85.5011,37.936,-0.351,A,relation-reasoning-agent-eval-v3.1
2026-08-13T08:10:00+09:00,CMP-S01-L02-01,S01,S01-L02,1,running,179.8085,547.2269,105.7638,37.6822,-0.2585,A,relation-reasoning-agent-eval-v3.1
2026-08-13T08:10:00+09:00,CMP-S01-L03-01,S01,S01-L03,1,running,143.9226,383.7978,100.9518,39.3317,-0.2275,A,relation-reasoning-agent-eval-v3.1
2026-08-13T08:10:00+09:00,CMP-S01-L04-01,S01,S01-L04,1,running,147.5855,466.4276,100.9549,37.3987,-0.436,A,relation-reasoning-agent-eval-v3.1
2026-08-13T08:10:00+09:00,CMP-S01-L05-01,S01,S01-L05,1,running,168.2527,407.645,87.3432,35.9564,-1.0345,B,relation-reasoning-agent-eval-v3.1
2026-08-13T08:20:00+09:00,CMP-S01-L01-01,S01,S01-L01,1,running,153.5488,474.1973,82.2962,33.9867,-1.0824,B,relation-reasoning-agent-eval-v3.1
2026-08-13T08:20:00+09:00,CMP-S01-L02-01,S01,S01-L02,1,running,159.2863,549.7584,101.0023,36.721,-0.4365,A,relation-reasoning-agent-eval-v3.1
2026-08-13T08:20:00+09:00,CMP-S01-L03-01,S01,S01-L03,1,running,143.358,374.0371,95.9172,45.4225,0.9004,A,relation-reasoning-agent-eval-v3.1
2026-08-13T08:20:00+09:00,CMP-S01-L04-01,S01,S01-L04,1,running,149.4367,484.8806,100.5732,36.7909,-0.5486,A,relation-reasoning-agent-eval-v3.1
2026-08-13T08:20:00+09:00,CMP-S01-L05-01,S01,S01-L05,1,running,178.667,408.3194,92.3625,29.023,-2.3184,C,relation-reasoning-agent-eval-v3.1
2026-08-13T08:30:00+09:00,CMP-S01-L01-01,S01,S01-L01,1,running,152.0167,471.7645,84.996,34.2213,-1.0389,B,relation-reasoning-agent-eval-v3.1
2026-08-13T08:30:00+09:00,CMP-S01-L02-01,S01,S01-L02,1,running,157.9467,527.0312,105.9592,40.4416,0.2525,A,relation-reasoning-agent-eval-v3.1
2026-08-13T08:30:00+09:00,CMP-S01-L03-01,S01,S01-L03,1,running,147.4356,414.6365,105.4784,42.2268,0.3086,A,relation-reasoning-agent-eval-v3.1
2026-08-13T08:30:00+09:00,CMP-S01-L04-01,S01,S01-L04,1,running,151.8852,526.7481,110.6737,31.3231,-1.5611,B,relation-reasoning-agent-eval-v3.1
2026-08-13T08:30:00+09:00,CMP-S01-L05-01,S01,S01-L05,1,running,177.6945,419.746,94.9252,30.9127,-1.9685,B,relation-reasoning-agent-eval-v3.1
2026-08-13T08:40:00+09:00,CMP-S01-L01-01,S01,S01-L01,1,running,165.8492,410.326,83.4935,35.8115,-0.7444,A,relation-reasoning-agent-eval-v3.1
2026-08-13T08:40:00+09:00,CMP-S01-L02-01,S01,S01-L02,1,running,177.3294,500.9913,108.0566,41.0596,0.3669,A,relation-reasoning-agent-eval-v3.1
2026-08-13T08:40:00+09:00,CMP-S01-L03-01,S01,S01-L03,1,running,151.3022,427.5189,110.6243,37.9312,-0.4869,A,relation-reasoning-agent-eval-v3.1
2026-08-13T08:40:00+09:00,CMP-S01-L04-01,S01,S01-L04,1,running,153.9935,551.2824,106.4286,37.953,-0.3333,A,relation-reasoning-agent-eval-v3.1
2026-08-13T08:40:00+09:00,CMP-S01-L05-01,S01,S01-L05,1,running,183.2535,385.2622,95.585,24.8381,-3.0934,D,relation-reasoning-agent-eval-v3.1
2026-08-13T08:50:00+09:00,CMP-S01-L01-01,S01,S01-L01,1,running,171.3735,413.5163,83.8382,31.8408,-1.4797,B,relation-reasoning-agent-eval-v3.1
2026-08-13T08:50:00+09:00,CMP-S01-L02-01,S01,S01-L02,1,running,176.1443,508.4289,104.0742,43.5533,0.8287,A,relation-reasoning-agent-eval-v3.1
2026-08-13T08:50:00+09:00,CMP-S01-L03-01,S01,S01-L03,1,running,158.3392,384.7114,108.9592,42.1631,0.2968,A,relation-reasoning-agent-eval-v3.1
2026-08-13T08:50:00+09:00,CMP-S01-L04-01,S01,S01-L04,1,running,154.915,510.1743,102.6113,40.7791,0.19,A,relation-reasoning-agent-eval-v3.1
2026-08-13T08:50:00+09:00,CMP-S01-L05-01,S01,S01-L05,1,running,170.6215,422.9185,96.4986,30.4533,-2.0536,C,relation-reasoning-agent-eval-v3.1
2026-08-13T09:00:00+09:00,CMP-S01-L01-01,S01,S01-L01,1,running,176.034,429.2241,84.6177,36.206,-0.6713,A,relation-reasoning-agent-eval-v3.1
2026-08-13T09:00:00+09:00,CMP-S01-L02-01,S01,S01-L02,1,running,169.9754,484.1526,99.7388,44.1543,0.94,A,relation-reasoning-agent-eval-v3.1
2026-08-13T09:00:00+09:00,CMP-S01-L03-01,S01,S01-L03,1,running,164.0264,389.7011,113.7984,37.8769,-0.497,A,relation-reasoning-agent-eval-v3.1
2026-08-13T09:00:00+09:00,CMP-S01-L04-01,S01,S01-L04,1,running,158.464,483.9338,105.3186,42.6726,0.5406,A,relation-reasoning-agent-eval-v3.1
2026-08-13T09:00:00+09:00,CMP-S01-L05-01,S01,S01-L05,1,running,190.1755,419.1002,97.9211,34.1697,-1.3654,B,relation-reasoning-agent-eval-v3.1
2026-08-13T09:10:00+09:00,CMP-S01-L01-01,S01,S01-L01,1,running,190.7355,474.5369,88.4549,36.939,-0.5356,A,relation-reasoning-agent-eval-v3.1
2026-08-13T09:10:00+09:00,CMP-S01-L02-01,S01,S01-L02,1,running,188.6402,493.7575,92.6374,42.6589,0.6631,A,relation-reasoning-agent-eval-v3.1
2026-08-13T09:10:00+09:00,CMP-S01-L03-01,S01,S01-L03,1,running,167.4765,369.9762,116.0413,33.6615,-1.2776,B,relation-reasoning-agent-eval-v3.1
2026-08-13T09:10:00+09:00,CMP-S01-L04-01,S01,S01-L04,1,running,141.2817,468.3172,109.1784,39.7119,-0.0076,A,relation-reasoning-agent-eval-v3.1
2026-08-13T09:10:00+09:00,CMP-S01-L05-01,S01,S01-L05,1,running,193.4084,392.5782,104.0496,36.6038,-0.9146,A,relation-reasoning-agent-eval-v3.1
2026-08-13T09:20:00+09:00,CMP-S01-L01-01,S01,S01-L01,1,running,185.7427,531.314,89.1807,40.8641,0.1913,A,relation-reasoning-agent-eval-v3.1
2026-08-13T09:20:00+09:00,CMP-S01-L02-01,S01,S01-L02,1,running,175.8481,464.9882,94.0934,43.6975,0.8554,A,relation-reasoning-agent-eval-v3.1
2026-08-13T09:20:00+09:00,CMP-S01-L03-01,S01,S01-L03,1,running,179.1024,400.12,118.6043,35.3348,-0.9677,A,relation-reasoning-agent-eval-v3.1
2026-08-13T09:20:00+09:00,CMP-S01-L04-01,S01,S01-L04,1,running,164.7322,477.0705,102.1163,39.6749,-0.0145,A,relation-reasoning-agent-eval-v3.1
2026-08-13T09:20:00+09:00,CMP-S01-L05-01,S01,S01-L05,1,running,187.6973,370.5479,103.0583,37.7248,-0.707,A,relation-reasoning-agent-eval-v3.1
2026-08-13T09:30:00+09:00,CMP-S01-L01-01,S01,S01-L01,1,running,180.232,552.2598,78.2449,35.7481,-0.7561,A,relation-reasoning-agent-eval-v3.1
2026-08-13T09:30:00+09:00,CMP-S01-L02-01,S01,S01-L02,1,running,191.1209,438.5865,94.1301,43.7062,0.857,A,relation-reasoning-agent-eval-v3.1
2026-08-13T09:30:00+09:00,CMP-S01-L03-01,S01,S01-L03,1,running,169.4157,432.1763,103.5318,36.1911,-0.8091,A,relation-reasoning-agent-eval-v3.1
2026-08-13T09:30:00+09:00,CMP-S01-L04-01,S01,S01-L04,1,running,180.6638,452.3272,109.7836,46.1975,1.1934,B,relation-reasoning-agent-eval-v3.1
2026-08-13T09:30:00+09:00,CMP-S01-L05-01,S01,S01-L05,1,running,195.9614,423.5312,100.9038,36.3777,-0.9565,A,relation-reasoning-agent-eval-v3.1
2026-08-13T09:40:00+09:00,CMP-S01-L01-01,S01,S01-L01,1,running,172.0821,538.1876,75.9673,30.3387,-1.7579,B,relation-reasoning-agent-eval-v3.1
2026-08-13T09:40:00+09:00,CMP-S01-L02-01,S01,S01-L02,1,running,185.4571,417.5774,97.3649,40.0435,0.1787,A,relation-reasoning-agent-eval-v3.1
2026-08-13T09:40:00+09:00,CMP-S01-L03-01,S01,S01-L03,1,running,169.8844,416.0517,101.3774,35.912,-0.8608,A,relation-reasoning-agent-eval-v3.1
2026-08-13T09:40:00+09:00,CMP-S01-L04-01,S01,S01-L04,1,running,173.6324,488.936,108.7853,44.9752,0.9671,A,relation-reasoning-agent-eval-v3.1
2026-08-13T09:40:00+09:00,CMP-S01-L05-01,S01,S01-L05,1,running,176.9564,411.897,103.0382,33.0197,-1.5783,B,relation-reasoning-agent-eval-v3.1
2026-08-13T09:50:00+09:00,CMP-S01-L01-01,S01,S01-L01,1,running,172.1597,557.7423,80.2484,32.3807,-1.3797,B,relation-reasoning-agent-eval-v3.1
2026-08-13T09:50:00+09:00,CMP-S01-L02-01,S01,S01-L02,1,running,171.8107,388.1045,104.22,44.0564,0.9219,A,relation-reasoning-agent-eval-v3.1
2026-08-13T09:50:00+09:00,CMP-S01-L03-01,S01,S01-L03,1,running,153.2187,375.8908,100.2118,41.1307,0.1056,A,relation-reasoning-agent-eval-v3.1
2026-08-13T09:50:00+09:00,CMP-S01-L04-01,S01,S01-L04,1,running,185.1817,499.2547,100.7035,40.373,0.1148,A,relation-reasoning-agent-eval-v3.1
2026-08-13T09:50:00+09:00,CMP-S01-L05-01,S01,S01-L05,1,running,172.6585,417.2416,104.3417,35.4978,-1.1194,B,relation-reasoning-agent-eval-v3.1
2026-08-13T10:00:00+09:00,CMP-S01-L01-01,S01,S01-L01,1,running,184.6044,556.239,77.7676,32.5979,-1.3395,B,relation-reasoning-agent-eval-v3.1
2026-08-13T10:00:00+09:00,CMP-S01-L02-01,S01,S01-L02,1,running,175.4525,390.1855,106.2925,44.3954,0.9846,A,relation-reasoning-agent-eval-v3.1
2026-08-13T10:00:00+09:00,CMP-S01-L03-01,S01,S01-L03,1,running,160.7914,397.9856,98.1033,33.0869,-1.384,B,relation-reasoning-agent-eval-v3.1
2026-08-13T10:00:00+09:00,CMP-S01-L04-01,S01,S01-L04,1,running,185.3197,500.2066,100.522,40.2638,0.0946,A,relation-reasoning-agent-eval-v3.1
2026-08-13T10:00:00+09:00,CMP-S01-L05-01,S01,S01-L05,1,running,189.2614,384.6113,100.397,38.6599,-0.5338,A,relation-reasoning-agent-eval-v3.1
2026-08-13T10:10:00+09:00,CMP-S01-L01-01,S01,S01-L01,1,running,193.5228,484.858,85.933,32.9433,-1.2756,B,relation-reasoning-agent-eval-v3.1
2026-08-13T10:10:00+09:00,CMP-S01-L02-01,S01,S01-L02,1,running,188.2305,393.5736,102.2555,39.4481,0.0685,A,relation-reasoning-agent-eval-v3.1
2026-08-13T10:10:00+09:00,CMP-S01-L03-01,S01,S01-L03,1,running,172.3125,424.9755,96.875,33.442,-1.3182,B,relation-reasoning-agent-eval-v3.1
2026-08-13T10:10:00+09:00,CMP-S01-L04-01,S01,S01-L04,1,running,170.0605,535.4504,103.0573,38.8401,-0.1691,A,relation-reasoning-agent-eval-v3.1
2026-08-13T10:10:00+09:00,CMP-S01-L05-01,S01,S01-L05,1,running,182.0295,424.093,101.0218,39.5778,-0.3639,A,relation-reasoning-agent-eval-v3.1
2026-08-13T10:20:00+09:00,CMP-S01-L01-01,S01,S01-L01,1,running,184.561,441.7966,86.9584,35.3086,-0.8375,A,relation-reasoning-agent-eval-v3.1
2026-08-13T10:20:00+09:00,CMP-S01-L02-01,S01,S01-L02,1,running,167.3437,388.3385,110.0071,37.2533,-0.338,A,relation-reasoning-agent-eval-v3.1
2026-08-13T10:20:00+09:00,CMP-S01-L03-01,S01,S01-L03,1,running,168.8845,513.7325,95.0563,37.1731,-0.6273,A,relation-reasoning-agent-eval-v3.1
2026-08-13T10:20:00+09:00,CMP-S01-L04-01,S01,S01-L04,1,running,182.7868,555.1215,106.2463,42.6349,0.5337,A,relation-reasoning-agent-eval-v3.1
2026-08-13T10:20:00+09:00,CMP-S01-L05-01,S01,S01-L05,1,running,192.4427,466.6078,104.6848,42.8846,0.2485,A,relation-reasoning-agent-eval-v3.1
2026-08-13T10:30:00+09:00,CMP-S01-L01-01,S01,S01-L01,1,running,181.1097,447.4973,79.3811,39.0104,-0.152,A,relation-reasoning-agent-eval-v3.1
2026-08-13T10:30:00+09:00,CMP-S01-L02-01,S01,S01-L02,1,running,158.5219,372.4229,108.9298,42.5668,0.646,A,relation-reasoning-agent-eval-v3.1
2026-08-13T10:30:00+09:00,CMP-S01-L03-01,S01,S01-L03,1,running,169.2283,480.767,92.063,42.25,0.3129,A,relation-reasoning-agent-eval-v3.1
2026-08-13T10:30:00+09:00,CMP-S01-L04-01,S01,S01-L04,1,running,196.4669,529.0779,104.7792,48.2345,1.5706,B,relation-reasoning-agent-eval-v3.1
2026-08-13T10:30:00+09:00,CMP-S01-L05-01,S01,S01-L05,1,running,181.5021,447.144,102.2933,40.3472,-0.2214,A,relation-reasoning-agent-eval-v3.1
2026-08-13T10:40:00+09:00,CMP-S01-L01-01,S01,S01-L01,1,running,189.1734,459.9956,72.7262,39.1937,-0.1181,A,relation-reasoning-agent-eval-v3.1
2026-08-13T10:40:00+09:00,CMP-S01-L02-01,S01,S01-L02,1,running,142.3907,424.4492,106.4364,40.1788,0.2038,A,relation-reasoning-agent-eval-v3.1
2026-08-13T10:40:00+09:00,CMP-S01-L03-01,S01,S01-L03,1,running,170.9812,491.4691,95.7166,33.9348,-1.227,B,relation-reasoning-agent-eval-v3.1
2026-08-13T10:40:00+09:00,CMP-S01-L04-01,S01,S01-L04,1,running,167.4511,493.1329,107.2155,42.8698,0.5772,A,relation-reasoning-agent-eval-v3.1
2026-08-13T10:40:00+09:00,CMP-S01-L05-01,S01,S01-L05,1,running,177.4869,439.8817,99.4939,50.7251,1.7005,B,relation-reasoning-agent-eval-v3.1
2026-08-13T10:50:00+09:00,CMP-S01-L01-01,S01,S01-L01,1,running,192.035,474.0966,73.0928,40.0302,0.0369,A,relation-reasoning-agent-eval-v3.1
2026-08-13T10:50:00+09:00,CMP-S01-L02-01,S01,S01-L02,1,running,162.8789,419.5425,102.6842,37.5303,-0.2867,A,relation-reasoning-agent-eval-v3.1
2026-08-13T10:50:00+09:00,CMP-S01-L03-01,S01,S01-L03,1,running,150.7261,476.0465,99.3032,41.1127,0.1023,A,relation-reasoning-agent-eval-v3.1
2026-08-13T10:50:00+09:00,CMP-S01-L04-01,S01,S01-L04,1,running,176.0505,475.7362,108.2347,44.6115,0.8997,A,relation-reasoning-agent-eval-v3.1
2026-08-13T10:50:00+09:00,CMP-S01-L05-01,S01,S01-L05,1,running,178.2203,449.7584,98.8142,51.1971,1.7879,B,relation-reasoning-agent-eval-v3.1
2026-08-13T11:00:00+09:00,CMP-S01-L01-01,S01,S01-L01,1,running,188.2499,491.7625,77.3587,47.643,1.4466,B,relation-reasoning-agent-eval-v3.1
2026-08-13T11:00:00+09:00,CMP-S01-L02-01,S01,S01-L02,1,running,169.8144,428.6557,102.3735,38.3227,-0.1399,A,relation-reasoning-agent-eval-v3.1
2026-08-13T11:00:00+09:00,CMP-S01-L03-01,S01,S01-L03,1,running,146.0114,499.3841,103.2463,40.0747,-0.09,A,relation-reasoning-agent-eval-v3.1
2026-08-13T11:00:00+09:00,CMP-S01-L04-01,S01,S01-L04,1,running,187.6019,538.9261,110.8122,45.6406,1.0903,B,relation-reasoning-agent-eval-v3.1
2026-08-13T11:00:00+09:00,CMP-S01-L05-01,S01,S01-L05,1,running,175.3139,422.8325,101.5788,49.4885,1.4715,B,relation-reasoning-agent-eval-v3.1
2026-08-13T11:10:00+09:00,CMP-S01-L01-01,S01,S01-L01,1,running,181.8489,487.1317,81.3322,48.5997,1.6238,B,relation-reasoning-agent-eval-v3.1
2026-08-13T11:10:00+09:00,CMP-S01-L02-01,S01,S01-L02,1,running,163.8929,420.4289,108.3042,41.6708,0.4801,A,relation-reasoning-agent-eval-v3.1
2026-08-13T11:10:00+09:00,CMP-S01-L03-01,S01,S01-L03,1,running,155.5723,494.526,106.5949,37.5333,-0.5606,A,relation-reasoning-agent-eval-v3.1
2026-08-13T11:10:00+09:00,CMP-S01-L04-01,S01,S01-L04,1,running,189.1707,525.4181,108.9084,38.5926,-0.2149,A,relation-reasoning-agent-eval-v3.1
2026-08-13T11:10:00+09:00,CMP-S01-L05-01,S01,S01-L05,1,running,191.2969,427.7723,97.0127,45.9249,0.8115,A,relation-reasoning-agent-eval-v3.1
2026-08-13T11:20:00+09:00,CMP-S01-L01-01,S01,S01-L01,1,running,173.5089,459.9617,86.641,43.4901,0.6775,A,relation-reasoning-agent-eval-v3.1
2026-08-13T11:20:00+09:00,CMP-S01-L02-01,S01,S01-L02,1,running,165.2948,497.2291,101.2536,37.0486,-0.3759,A,relation-reasoning-agent-eval-v3.1
2026-08-13T11:20:00+09:00,CMP-S01-L03-01,S01,S01-L03,1,running,145.0506,497.8916,111.7493,39.3539,-0.2234,A,relation-reasoning-agent-eval-v3.1
2026-08-13T11:20:00+09:00,CMP-S01-L04-01,S01,S01-L04,1,running,178.0578,487.4738,109.8571,38.6244,-0.209,A,relation-reasoning-agent-eval-v3.1
2026-08-13T11:20:00+09:00,CMP-S01-L05-01,S01,S01-L05,1,running,187.1725,405.9042,93.3181,43.8082,0.4195,A,relation-reasoning-agent-eval-v3.1
2026-08-13T11:30:00+09:00,CMP-S01-L01-01,S01,S01-L01,1,running,174.7897,444.0869,88.3884,42.839,0.5569,A,relation-reasoning-agent-eval-v3.1
2026-08-13T11:30:00+09:00,CMP-S01-L02-01,S01,S01-L02,1,running,161.9336,424.7508,107.9809,40.2224,0.2119,A,relation-reasoning-agent-eval-v3.1
2026-08-13T11:30:00+09:00,CMP-S01-L03-01,S01,S01-L03,1,running,136.3243,457.6042,107.5093,38.0584,-0.4633,A,relation-reasoning-agent-eval-v3.1
2026-08-13T11:30:00+09:00,CMP-S01-L04-01,S01,S01-L04,1,running,182.24,467.4392,107.985,35.5804,-0.7727,A,relation-reasoning-agent-eval-v3.1
2026-08-13T11:30:00+09:00,CMP-S01-L05-01,S01,S01-L05,1,running,188.6441,391.9318,95.2411,44.3921,0.5277,A,relation-reasoning-agent-eval-v3.1
2026-08-13T11:40:00+09:00,CMP-S01-L01-01,S01,S01-L01,1,running,179.7882,417.416,85.9517,41.5332,0.3152,A,relation-reasoning-agent-eval-v3.1
2026-08-13T11:40:00+09:00,CMP-S01-L02-01,S01,S01-L02,1,running,157.0496,446.02,102.6394,43.9329,0.899,A,relation-reasoning-agent-eval-v3.1
2026-08-13T11:40:00+09:00,CMP-S01-L03-01,S01,S01-L03,1,running,167.6272,469.9679,115.2956,37.3296,-0.5983,A,relation-reasoning-agent-eval-v3.1
2026-08-13T11:40:00+09:00,CMP-S01-L04-01,S01,S01-L04,1,running,174.2275,474.1693,107.1462,36.143,-0.6685,A,relation-reasoning-agent-eval-v3.1
2026-08-13T11:40:00+09:00,CMP-S01-L05-01,S01,S01-L05,1,running,178.1403,383.5467,91.7106,39.9982,-0.286,A,relation-reasoning-agent-eval-v3.1
2026-08-13T11:50:00+09:00,CMP-S01-L01-01,S01,S01-L01,1,running,198.6379,429.7079,85.9977,39.5164,-0.0583,A,relation-reasoning-agent-eval-v3.1
2026-08-13T11:50:00+09:00,CMP-S01-L02-01,S01,S01-L02,1,running,146.6864,468.7097,105.2142,39.9946,0.1697,A,relation-reasoning-agent-eval-v3.1
2026-08-13T11:50:00+09:00,CMP-S01-L03-01,S01,S01-L03,1,running,164.0614,467.6784,111.6895,45.1973,0.8587,A,relation-reasoning-agent-eval-v3.1
2026-08-13T11:50:00+09:00,CMP-S01-L04-01,S01,S01-L04,1,running,166.2324,464.5927,113.3067,37.9947,-0.3256,A,relation-reasoning-agent-eval-v3.1
2026-08-13T11:50:00+09:00,CMP-S01-L05-01,S01,S01-L05,1,running,178.8868,384.5474,86.8521,43.528,0.3677,A,relation-reasoning-agent-eval-v3.1
2026-08-13T12:00:00+09:00,CMP-S01-L01-01,S01,S01-L01,1,running,193.8311,393.7045,80.9614,43.3003,0.6424,A,relation-reasoning-agent-eval-v3.1
2026-08-13T12:00:00+09:00,CMP-S01-L02-01,S01,S01-L02,1,running,170.1544,473.9661,106.0711,38.797,-0.0521,A,relation-reasoning-agent-eval-v3.1
2026-08-13T12:00:00+09:00,CMP-S01-L03-01,S01,S01-L03,1,running,167.4335,439.4581,107.1511,36.0269,-0.8395,A,relation-reasoning-agent-eval-v3.1
2026-08-13T12:00:00+09:00,CMP-S01-L04-01,S01,S01-L04,1,running,176.9697,430.3812,107.9833,34.4586,-0.9805,A,relation-reasoning-agent-eval-v3.1
2026-08-13T12:00:00+09:00,CMP-S01-L05-01,S01,S01-L05,1,running,172.3868,403.1482,84.0479,40.8488,-0.1285,A,relation-reasoning-agent-eval-v3.1
2026-08-13T12:10:00+09:00,CMP-S01-L01-01,S01,S01-L01,1,running,204.7902,495.3814,81.6865,46.5891,1.2514,B,relation-reasoning-agent-eval-v3.1
2026-08-13T12:10:00+09:00,CMP-S01-L02-01,S01,S01-L02,1,running,169.3755,444.1776,109.9159,36.83,-0.4164,A,relation-reasoning-agent-eval-v3.1
2026-08-13T12:10:00+09:00,CMP-S01-L03-01,S01,S01-L03,1,running,189.4022,412.5228,98.7375,38.2848,-0.4214,A,relation-reasoning-agent-eval-v3.1
2026-08-13T12:10:00+09:00,CMP-S01-L04-01,S01,S01-L04,1,running,173.3734,469.1569,105.5911,31.7998,-1.4728,B,relation-reasoning-agent-eval-v3.1
2026-08-13T12:10:00+09:00,CMP-S01-L05-01,S01,S01-L05,1,running,153.4834,417.3662,90.0821,36.9096,-0.858,A,relation-reasoning-agent-eval-v3.1
2026-08-13T12:20:00+09:00,CMP-S01-L01-01,S01,S01-L01,1,running,199.4984,479.2889,83.8647,49.3719,1.7668,B,relation-reasoning-agent-eval-v3.1
2026-08-13T12:20:00+09:00,CMP-S01-L02-01,S01,S01-L02,1,running,176.7349,456.8811,112.7763,37.2705,-0.3348,A,relation-reasoning-agent-eval-v3.1
2026-08-13T12:20:00+09:00,CMP-S01-L03-01,S01,S01-L03,1,running,192.9742,462.1051,108.4477,37.3449,-0.5955,A,relation-reasoning-agent-eval-v3.1
2026-08-13T12:20:00+09:00,CMP-S01-L04-01,S01,S01-L04,1,running,165.9992,459.3509,102.7443,34.3169,-1.0067,B,relation-reasoning-agent-eval-v3.1
2026-08-13T12:20:00+09:00,CMP-S01-L05-01,S01,S01-L05,1,running,178.5707,437.5767,94.1089,35.6882,-1.0841,B,relation-reasoning-agent-eval-v3.1
2026-08-13T12:30:00+09:00,CMP-S01-L01-01,S01,S01-L01,1,running,192.5547,477.945,73.9266,46.881,1.3055,B,relation-reasoning-agent-eval-v3.1
2026-08-13T12:30:00+09:00,CMP-S01-L02-01,S01,S01-L02,1,running,180.6426,408.566,110.3352,39.2568,0.0331,A,relation-reasoning-agent-eval-v3.1
2026-08-13T12:30:00+09:00,CMP-S01-L03-01,S01,S01-L03,1,running,175.7408,497.115,100.3893,38.9119,-0.3053,A,relation-reasoning-agent-eval-v3.1
2026-08-13T12:30:00+09:00,CMP-S01-L04-01,S01,S01-L04,1,running,181.7623,441.4168,106.101,36.8541,-0.5369,A,relation-reasoning-agent-eval-v3.1
2026-08-13T12:30:00+09:00,CMP-S01-L05-01,S01,S01-L05,1,running,166.5142,489.8028,92.3162,39.6528,-0.35,A,relation-reasoning-agent-eval-v3.1
2026-08-13T12:40:00+09:00,CMP-S01-L01-01,S01,S01-L01,1,running,211.0515,452.5899,76.1564,50.4218,1.9612,B,relation-reasoning-agent-eval-v3.1
2026-08-13T12:40:00+09:00,CMP-S01-L02-01,S01,S01-L02,1,running,175.4779,374.8628,105.0082,39.3639,0.0529,A,relation-reasoning-agent-eval-v3.1
2026-08-13T12:40:00+09:00,CMP-S01-L03-01,S01,S01-L03,1,running,197.6939,524.135,103.6109,44.2317,0.6799,A,relation-reasoning-agent-eval-v3.1
2026-08-13T12:40:00+09:00,CMP-S01-L04-01,S01,S01-L04,1,running,193.994,473.5685,99.5424,44.2425,0.8314,A,relation-reasoning-agent-eval-v3.1
2026-08-13T12:40:00+09:00,CMP-S01-L05-01,S01,S01-L05,1,running,165.3273,485.239,91.2942,39.9341,-0.2979,A,relation-reasoning-agent-eval-v3.1
2026-08-13T12:50:00+09:00,CMP-S01-L01-01,S01,S01-L01,1,running,190.5839,451.6292,80.246,47.4675,1.4141,B,relation-reasoning-agent-eval-v3.1
2026-08-13T12:50:00+09:00,CMP-S01-L02-01,S01,S01-L02,1,running,183.1955,378.0884,109.0427,37.5887,-0.2758,A,relation-reasoning-agent-eval-v3.1
2026-08-13T12:50:00+09:00,CMP-S01-L03-01,S01,S01-L03,1,running,185.4328,483.9613,105.017,44.9501,0.8129,A,relation-reasoning-agent-eval-v3.1
2026-08-13T12:50:00+09:00,CMP-S01-L04-01,S01,S01-L04,1,running,200.3207,493.0543,97.2505,43.5649,0.7059,A,relation-reasoning-agent-eval-v3.1
2026-08-13T12:50:00+09:00,CMP-S01-L05-01,S01,S01-L05,1,running,170.4685,436.5228,88.499,32.6454,-1.6476,B,relation-reasoning-agent-eval-v3.1
2026-08-13T13:00:00+09:00,CMP-S01-L01-01,S01,S01-L01,1,running,199.9518,472.0064,79.4581,47.2876,1.3808,B,relation-reasoning-agent-eval-v3.1
2026-08-13T13:00:00+09:00,CMP-S01-L02-01,S01,S01-L02,1,running,183.1834,359.5304,110.1732,35.1477,-0.7279,A,relation-reasoning-agent-eval-v3.1
2026-08-13T13:00:00+09:00,CMP-S01-L03-01,S01,S01-L03,1,running,189.5398,453.023,110.8165,40.8201,0.0481,A,relation-reasoning-agent-eval-v3.1
2026-08-13T13:00:00+09:00,CMP-S01-L04-01,S01,S01-L04,1,running,186.826,459.5799,96.3512,41.9253,0.4023,A,relation-reasoning-agent-eval-v3.1
2026-08-13T13:00:00+09:00,CMP-S01-L05-01,S01,S01-L05,1,running,159.2095,451.6286,96.0109,34.8219,-1.2446,B,relation-reasoning-agent-eval-v3.1
2026-08-13T13:10:00+09:00,CMP-S01-L01-01,S01,S01-L01,1,running,190.5606,560.6564,73.5198,46.2578,1.1901,B,relation-reasoning-agent-eval-v3.1
2026-08-13T13:10:00+09:00,CMP-S01-L02-01,S01,S01-L02,1,running,178.3575,366.6617,119.112,33.2486,-1.0796,B,relation-reasoning-agent-eval-v3.1
2026-08-13T13:10:00+09:00,CMP-S01-L03-01,S01,S01-L03,1,running,193.8281,413.4386,107.7366,41.2761,0.1325,A,relation-reasoning-agent-eval-v3.1
2026-08-13T13:10:00+09:00,CMP-S01-L04-01,S01,S01-L04,1,running,194.558,460.0578,99.0794,43.6847,0.7281,A,relation-reasoning-agent-eval-v3.1
2026-08-13T13:10:00+09:00,CMP-S01-L05-01,S01,S01-L05,1,running,161.3439,487.6142,96.3504,34.8665,-1.2363,B,relation-reasoning-agent-eval-v3.1
2026-08-13T13:20:00+09:00,CMP-S01-L01-01,S01,S01-L01,1,running,181.1603,547.2886,76.5684,52.8332,2.4077,C,relation-reasoning-agent-eval-v3.1
2026-08-13T13:20:00+09:00,CMP-S01-L02-01,S01,S01-L02,1,running,175.0002,371.9627,121.9038,37.8616,-0.2253,A,relation-reasoning-agent-eval-v3.1
2026-08-13T13:20:00+09:00,CMP-S01-L03-01,S01,S01-L03,1,running,192.1014,475.0319,112.0367,37.4836,-0.5698,A,relation-reasoning-agent-eval-v3.1
2026-08-13T13:20:00+09:00,CMP-S01-L04-01,S01,S01-L04,1,running,186.2249,512.0914,100.3639,44.8137,0.9371,A,relation-reasoning-agent-eval-v3.1
2026-08-13T13:20:00+09:00,CMP-S01-L05-01,S01,S01-L05,1,running,161.3957,478.5506,93.1298,37.111,-0.8207,A,relation-reasoning-agent-eval-v3.1
2026-08-13T13:30:00+09:00,CMP-S01-L01-01,S01,S01-L01,1,running,175.2618,539.032,75.2068,50.8011,2.0314,C,relation-reasoning-agent-eval-v3.1
2026-08-13T13:30:00+09:00,CMP-S01-L02-01,S01,S01-L02,1,running,169.3112,361.891,123.9352,34.7045,-0.81,A,relation-reasoning-agent-eval-v3.1
2026-08-13T13:30:00+09:00,CMP-S01-L03-01,S01,S01-L03,1,running,189.9643,477.6413,105.6517,39.1527,-0.2607,A,relation-reasoning-agent-eval-v3.1
2026-08-13T13:30:00+09:00,CMP-S01-L04-01,S01,S01-L04,1,running,164.2875,520.0698,103.0102,35.9155,-0.7107,A,relation-reasoning-agent-eval-v3.1
2026-08-13T13:30:00+09:00,CMP-S01-L05-01,S01,S01-L05,1,running,181.2905,462.0094,91.4681,39.6194,-0.3562,A,relation-reasoning-agent-eval-v3.1
2026-08-13T13:40:00+09:00,CMP-S01-L01-01,S01,S01-L01,1,running,178.5104,481.7754,80.6932,51.8614,2.2278,C,relation-reasoning-agent-eval-v3.1
2026-08-13T13:40:00+09:00,CMP-S01-L02-01,S01,S01-L02,1,running,167.3281,403.3244,114.4852,35.9249,-0.584,A,relation-reasoning-agent-eval-v3.1
2026-08-13T13:40:00+09:00,CMP-S01-L03-01,S01,S01-L03,1,running,207.5337,485.945,106.3468,43.2631,0.5005,A,relation-reasoning-agent-eval-v3.1
2026-08-13T13:40:00+09:00,CMP-S01-L04-01,S01,S01-L04,1,running,181.224,487.0801,104.8035,40.1343,0.0706,A,relation-reasoning-agent-eval-v3.1
2026-08-13T13:40:00+09:00,CMP-S01-L05-01,S01,S01-L05,1,running,178.1807,433.8023,87.2096,37.14,-0.8153,A,relation-reasoning-agent-eval-v3.1
2026-08-13T13:50:00+09:00,CMP-S01-L01-01,S01,S01-L01,1,running,186.8959,482.4669,77.9064,50.8313,2.0371,C,relation-reasoning-agent-eval-v3.1
2026-08-13T13:50:00+09:00,CMP-S01-L02-01,S01,S01-L02,1,running,147.5317,405.6181,115.862,38.5146,-0.1044,A,relation-reasoning-agent-eval-v3.1
2026-08-13T13:50:00+09:00,CMP-S01-L03-01,S01,S01-L03,1,running,201.9229,435.7114,113.3997,44.9011,0.8038,A,relation-reasoning-agent-eval-v3.1
2026-08-13T13:50:00+09:00,CMP-S01-L04-01,S01,S01-L04,1,running,178.9569,491.3286,108.1934,40.2049,0.0837,A,relation-reasoning-agent-eval-v3.1
2026-08-13T13:50:00+09:00,CMP-S01-L05-01,S01,S01-L05,1,running,167.2041,426.5098,87.758,37.7166,-0.7085,A,relation-reasoning-agent-eval-v3.1
2026-08-13T14:00:00+09:00,CMP-S01-L01-01,S01,S01-L01,1,running,189.5425,439.6251,83.6083,45.9737,1.1375,B,relation-reasoning-agent-eval-v3.1
2026-08-13T14:00:00+09:00,CMP-S01-L02-01,S01,S01-L02,1,running,158.6013,429.4302,115.6997,37.2525,-0.3381,A,relation-reasoning-agent-eval-v3.1
2026-08-13T14:00:00+09:00,CMP-S01-L03-01,S01,S01-L03,1,running,192.9141,463.6735,103.9021,38.9678,-0.2949,A,relation-reasoning-agent-eval-v3.1
2026-08-13T14:00:00+09:00,CMP-S01-L04-01,S01,S01-L04,1,running,177.7827,504.5459,115.2441,37.0646,-0.4979,A,relation-reasoning-agent-eval-v3.1
2026-08-13T14:00:00+09:00,CMP-S01-L05-01,S01,S01-L05,1,running,173.5066,426.8415,83.7893,38.0737,-0.6424,A,relation-reasoning-agent-eval-v3.1
2026-08-13T14:10:00+09:00,CMP-S01-L01-01,S01,S01-L01,1,running,182.986,420.3478,80.8554,45.676,1.0824,B,relation-reasoning-agent-eval-v3.1
2026-08-13T14:10:00+09:00,CMP-S01-L02-01,S01,S01-L02,1,running,159.1783,471.65,118.8631,41.1381,0.3815,A,relation-reasoning-agent-eval-v3.1
2026-08-13T14:10:00+09:00,CMP-S01-L03-01,S01,S01-L03,1,running,179.0396,461.904,103.862,38.8944,-0.3085,A,relation-reasoning-agent-eval-v3.1
2026-08-13T14:10:00+09:00,CMP-S01-L04-01,S01,S01-L04,1,running,170.088,505.8853,115.9355,37.3007,-0.4541,A,relation-reasoning-agent-eval-v3.1
2026-08-13T14:10:00+09:00,CMP-S01-L05-01,S01,S01-L05,1,running,189.164,418.2322,70.6553,38.1018,-0.6372,A,relation-reasoning-agent-eval-v3.1
2026-08-13T14:20:00+09:00,CMP-S01-L01-01,S01,S01-L01,1,running,200.5348,443.9184,85.8165,47.8413,1.4833,B,relation-reasoning-agent-eval-v3.1
2026-08-13T14:20:00+09:00,CMP-S01-L02-01,S01,S01-L02,1,running,144.3992,429.3913,109.7848,46.6926,1.4101,B,relation-reasoning-agent-eval-v3.1
2026-08-13T14:20:00+09:00,CMP-S01-L03-01,S01,S01-L03,1,running,199.9713,448.4759,97.7283,32.6923,-1.4571,B,relation-reasoning-agent-eval-v3.1
2026-08-13T14:20:00+09:00,CMP-S01-L04-01,S01,S01-L04,1,running,182.8205,465.5276,110.9719,41.3947,0.304,A,relation-reasoning-agent-eval-v3.1
2026-08-13T14:20:00+09:00,CMP-S01-L05-01,S01,S01-L05,1,running,174.7398,371.9639,68.7215,31.8989,-1.7859,B,relation-reasoning-agent-eval-v3.1
2026-08-13T14:30:00+09:00,CMP-S01-L01-01,S01,S01-L01,1,running,197.5638,452.0217,77.7743,41.236,0.2602,A,relation-reasoning-agent-eval-v3.1
2026-08-13T14:30:00+09:00,CMP-S01-L02-01,S01,S01-L02,1,running,144.8574,394.8946,108.5628,46.2606,1.33,B,relation-reasoning-agent-eval-v3.1
2026-08-13T14:30:00+09:00,CMP-S01-L03-01,S01,S01-L03,1,running,193.3749,423.5625,103.7135,26.7724,-2.5533,C,relation-reasoning-agent-eval-v3.1
2026-08-13T14:30:00+09:00,CMP-S01-L04-01,S01,S01-L04,1,running,178.1536,483.3123,112.2877,40.0475,0.0545,A,relation-reasoning-agent-eval-v3.1
2026-08-13T14:30:00+09:00,CMP-S01-L05-01,S01,S01-L05,1,running,173.9507,331.0022,78.1529,44.1207,0.4774,A,relation-reasoning-agent-eval-v3.1
2026-08-13T14:40:00+09:00,CMP-S01-L01-01,S01,S01-L01,1,running,211.2879,438.736,81.9728,47.0682,1.3402,B,relation-reasoning-agent-eval-v3.1
2026-08-13T14:40:00+09:00,CMP-S01-L02-01,S01,S01-L02,1,running,153.3914,462.5116,116.5717,42.3357,0.6032,A,relation-reasoning-agent-eval-v3.1
2026-08-13T14:40:00+09:00,CMP-S01-L03-01,S01,S01-L03,1,running,196.1475,436.0081,106.2192,31.7536,-1.6309,B,relation-reasoning-agent-eval-v3.1
2026-08-13T14:40:00+09:00,CMP-S01-L04-01,S01,S01-L04,1,running,178.635,442.9732,107.9841,35.7699,-0.7376,A,relation-reasoning-agent-eval-v3.1
2026-08-13T14:40:00+09:00,CMP-S01-L05-01,S01,S01-L05,1,running,183.1253,373.822,86.6564,46.3679,0.8936,A,relation-reasoning-agent-eval-v3.1
2026-08-13T14:50:00+09:00,CMP-S01-L01-01,S01,S01-L01,1,running,215.9504,471.1038,85.1019,50.6767,2.0084,C,relation-reasoning-agent-eval-v3.1
2026-08-13T14:50:00+09:00,CMP-S01-L02-01,S01,S01-L02,1,running,152.3064,432.1149,116.4034,42.6174,0.6554,A,relation-reasoning-agent-eval-v3.1
2026-08-13T14:50:00+09:00,CMP-S01-L03-01,S01,S01-L03,1,running,211.8575,400.8418,111.1963,28.8508,-2.1685,C,relation-reasoning-agent-eval-v3.1
2026-08-13T14:50:00+09:00,CMP-S01-L04-01,S01,S01-L04,1,running,169.7207,470.8823,110.1503,37.1336,-0.4851,A,relation-reasoning-agent-eval-v3.1
2026-08-13T14:50:00+09:00,CMP-S01-L05-01,S01,S01-L05,1,running,165.7216,373.2478,92.2621,43.4889,0.3604,A,relation-reasoning-agent-eval-v3.1
2026-08-13T15:00:00+09:00,CMP-S01-L01-01,S01,S01-L01,1,running,207.6553,434.982,87.4015,48.2548,1.56,B,relation-reasoning-agent-eval-v3.1
2026-08-13T15:00:00+09:00,CMP-S01-L02-01,S01,S01-L02,1,running,183.8174,449.632,113.3517,47.0453,1.4754,B,relation-reasoning-agent-eval-v3.1
2026-08-13T15:00:00+09:00,CMP-S01-L03-01,S01,S01-L03,1,running,204.1893,455.2273,109.0394,30.3103,-1.8982,B,relation-reasoning-agent-eval-v3.1
2026-08-13T15:00:00+09:00,CMP-S01-L04-01,S01,S01-L04,1,running,181.4024,434.4123,100.9364,42.0937,0.4334,A,relation-reasoning-agent-eval-v3.1
2026-08-13T15:00:00+09:00,CMP-S01-L05-01,S01,S01-L05,1,running,170.9282,394.3697,88.3699,38.7367,-0.5196,A,relation-reasoning-agent-eval-v3.1
2026-08-13T15:10:00+09:00,CMP-S01-L01-01,S01,S01-L01,1,running,186.6392,396.4838,86.7072,50.3089,1.9403,B,relation-reasoning-agent-eval-v3.1
2026-08-13T15:10:00+09:00,CMP-S01-L02-01,S01,S01-L02,1,running,183.4746,469.0944,105.4039,50.979,2.2038,C,relation-reasoning-agent-eval-v3.1
2026-08-13T15:10:00+09:00,CMP-S01-L03-01,S01,S01-L03,1,running,202.8415,443.8314,101.94,32.105,-1.5658,B,relation-reasoning-agent-eval-v3.1
2026-08-13T15:10:00+09:00,CMP-S01-L04-01,S01,S01-L04,1,running,187.9001,421.3175,104.5313,29.9948,-1.8071,B,relation-reasoning-agent-eval-v3.1
2026-08-13T15:10:00+09:00,CMP-S01-L05-01,S01,S01-L05,1,running,175.4802,425.417,90.5882,45.1326,0.6648,A,relation-reasoning-agent-eval-v3.1
2026-08-13T15:20:00+09:00,CMP-S01-L01-01,S01,S01-L01,1,running,164.4491,416.7697,86.1787,45.523,1.054,B,relation-reasoning-agent-eval-v3.1
2026-08-13T15:20:00+09:00,CMP-S01-L02-01,S01,S01-L02,1,running,179.3459,453.1642,103.2153,48.2416,1.6969,B,relation-reasoning-agent-eval-v3.1
2026-08-13T15:20:00+09:00,CMP-S01-L03-01,S01,S01-L03,1,running,196.7318,435.3781,104.4317,31.4602,-1.6852,B,relation-reasoning-agent-eval-v3.1
2026-08-13T15:20:00+09:00,CMP-S01-L04-01,S01,S01-L04,1,running,181.062,454.3874,101.6856,29.2378,-1.9473,B,relation-reasoning-agent-eval-v3.1
2026-08-13T15:20:00+09:00,CMP-S01-L05-01,S01,S01-L05,1,running,182.1925,433.2301,89.7966,46.0888,0.8419,A,relation-reasoning-agent-eval-v3.1
2026-08-13T15:30:00+09:00,CMP-S01-L01-01,S01,S01-L01,1,running,156.3732,455.4015,84.7272,46.6806,1.2684,B,relation-reasoning-agent-eval-v3.1
2026-08-13T15:30:00+09:00,CMP-S01-L02-01,S01,S01-L02,1,running,178.6969,444.1935,104.4246,47.6384,1.5852,B,relation-reasoning-agent-eval-v3.1
2026-08-13T15:30:00+09:00,CMP-S01-L03-01,S01,S01-L03,1,running,201.8477,375.1723,101.6284,31.7848,-1.6251,B,relation-reasoning-agent-eval-v3.1
2026-08-13T15:30:00+09:00,CMP-S01-L04-01,S01,S01-L04,1,running,189.0885,473.2499,102.309,30.9768,-1.6252,B,relation-reasoning-agent-eval-v3.1
2026-08-13T15:30:00+09:00,CMP-S01-L05-01,S01,S01-L05,1,running,173.8596,458.3323,95.9784,47.0248,1.0152,B,relation-reasoning-agent-eval-v3.1
2026-08-13T15:40:00+09:00,CMP-S01-L01-01,S01,S01-L01,1,running,186.5285,455.8287,86.8167,45.1805,0.9907,A,relation-reasoning-agent-eval-v3.1
2026-08-13T15:40:00+09:00,CMP-S01-L02-01,S01,S01-L02,1,running,167.249,527.7807,113.865,45.6122,1.21,B,relation-reasoning-agent-eval-v3.1
2026-08-13T15:40:00+09:00,CMP-S01-L03-01,S01,S01-L03,1,running,199.0669,406.4035,99.2951,32.0029,-1.5847,B,relation-reasoning-agent-eval-v3.1
2026-08-13T15:40:00+09:00,CMP-S01-L04-01,S01,S01-L04,1,running,188.1968,492.5802,106.6109,35.3876,-0.8084,A,relation-reasoning-agent-eval-v3.1
2026-08-13T15:40:00+09:00,CMP-S01-L05-01,S01,S01-L05,1,running,153.1288,506.8907,91.4158,47.1556,1.0394,B,relation-reasoning-agent-eval-v3.1
2026-08-13T15:50:00+09:00,CMP-S01-L01-01,S01,S01-L01,1,running,179.8642,465.7532,85.1003,37.6849,-0.3974,A,relation-reasoning-agent-eval-v3.1
2026-08-13T15:50:00+09:00,CMP-S01-L02-01,S01,S01-L02,1,running,173.0526,501.4086,113.5013,50.7045,2.153,C,relation-reasoning-agent-eval-v3.1
2026-08-13T15:50:00+09:00,CMP-S01-L03-01,S01,S01-L03,1,running,200.5259,397.0583,97.5365,34.4021,-1.1404,B,relation-reasoning-agent-eval-v3.1
2026-08-13T15:50:00+09:00,CMP-S01-L04-01,S01,S01-L04,1,running,189.9594,492.9968,104.5265,35.8931,-0.7148,A,relation-reasoning-agent-eval-v3.1
2026-08-13T15:50:00+09:00,CMP-S01-L05-01,S01,S01-L05,1,running,161.1785,516.6636,90.0339,48.1143,1.217,B,relation-reasoning-agent-eval-v3.1
2026-08-13T16:00:00+09:00,CMP-S01-L01-01,S01,S01-L01,1,running,172.6122,430.0974,77.3859,42.6957,0.5304,A,relation-reasoning-agent-eval-v3.1
2026-08-13T16:00:00+09:00,CMP-S01-L02-01,S01,S01-L02,1,running,171.8173,478.1194,107.9518,46.4432,1.3639,B,relation-reasoning-agent-eval-v3.1
2026-08-13T16:00:00+09:00,CMP-S01-L03-01,S01,S01-L03,1,running,200.1665,377.5686,101.3622,36.6901,-0.7167,A,relation-reasoning-agent-eval-v3.1
2026-08-13T16:00:00+09:00,CMP-S01-L04-01,S01,S01-L04,1,running,177.6527,511.7333,106.6043,35.3977,-0.8066,A,relation-reasoning-agent-eval-v3.1
2026-08-13T16:00:00+09:00,CMP-S01-L05-01,S01,S01-L05,1,running,160.1564,498.0231,99.173,46.11,0.8458,A,relation-reasoning-agent-eval-v3.1
2026-08-13T16:10:00+09:00,CMP-S01-L01-01,S01,S01-L01,1,running,175.0559,428.1873,82.2095,42.9185,0.5717,A,relation-reasoning-agent-eval-v3.1
2026-08-13T16:10:00+09:00,CMP-S01-L02-01,S01,S01-L02,1,running,158.6018,410.2115,105.9812,40.4474,0.2535,A,relation-reasoning-agent-eval-v3.1
2026-08-13T16:10:00+09:00,CMP-S01-L03-01,S01,S01-L03,1,running,165.0815,455.8407,102.323,41.3212,0.1409,A,relation-reasoning-agent-eval-v3.1
2026-08-13T16:10:00+09:00,CMP-S01-L04-01,S01,S01-L04,1,running,179.407,497.7584,101.3247,38.1511,-0.2967,A,relation-reasoning-agent-eval-v3.1
2026-08-13T16:10:00+09:00,CMP-S01-L05-01,S01,S01-L05,1,running,164.4558,526.0619,99.139,43.4601,0.3551,A,relation-reasoning-agent-eval-v3.1
2026-08-13T16:20:00+09:00,CMP-S01-L01-01,S01,S01-L01,1,running,172.7834,444.7475,84.8658,42.6999,0.5312,A,relation-reasoning-agent-eval-v3.1
2026-08-13T16:20:00+09:00,CMP-S01-L02-01,S01,S01-L02,1,running,148.4423,407.9804,106.9604,39.1301,0.0096,A,relation-reasoning-agent-eval-v3.1
2026-08-13T16:20:00+09:00,CMP-S01-L03-01,S01,S01-L03,1,running,179.5378,425.5727,100.1388,40.7062,0.027,A,relation-reasoning-agent-eval-v3.1
2026-08-13T16:20:00+09:00,CMP-S01-L04-01,S01,S01-L04,1,running,179.5374,495.6338,97.9545,39.475,-0.0515,A,relation-reasoning-agent-eval-v3.1
2026-08-13T16:20:00+09:00,CMP-S01-L05-01,S01,S01-L05,1,running,169.8843,519.7554,96.1916,40.5627,-0.1815,A,relation-reasoning-agent-eval-v3.1
2026-08-13T16:30:00+09:00,CMP-S01-L01-01,S01,S01-L01,1,running,183.4327,459.5918,85.9483,37.787,-0.3786,A,relation-reasoning-agent-eval-v3.1
2026-08-13T16:30:00+09:00,CMP-S01-L02-01,S01,S01-L02,1,running,156.6197,419.5007,102.4155,42.0518,0.5507,A,relation-reasoning-agent-eval-v3.1
2026-08-13T16:30:00+09:00,CMP-S01-L03-01,S01,S01-L03,1,running,175.1967,446.4287,97.9145,39.8453,-0.1324,A,relation-reasoning-agent-eval-v3.1
2026-08-13T16:30:00+09:00,CMP-S01-L04-01,S01,S01-L04,1,running,181.75,480.8176,93.7159,39.1601,-0.1098,A,relation-reasoning-agent-eval-v3.1
2026-08-13T16:30:00+09:00,CMP-S01-L05-01,S01,S01-L05,1,running,179.5136,504.396,98.0135,44.5522,0.5573,A,relation-reasoning-agent-eval-v3.1
2026-08-13T16:40:00+09:00,CMP-S01-L01-01,S01,S01-L01,1,running,165.8144,437.6233,85.513,36.8664,-0.549,A,relation-reasoning-agent-eval-v3.1
2026-08-13T16:40:00+09:00,CMP-S01-L02-01,S01,S01-L02,1,running,159.4531,406.2893,104.0791,31.4191,-1.4184,B,relation-reasoning-agent-eval-v3.1
2026-08-13T16:40:00+09:00,CMP-S01-L03-01,S01,S01-L03,1,running,167.1991,478.3954,90.9018,35.8851,-0.8658,A,relation-reasoning-agent-eval-v3.1
2026-08-13T16:40:00+09:00,CMP-S01-L04-01,S01,S01-L04,1,running,177.2977,465.0051,95.6466,31.7798,-1.4765,B,relation-reasoning-agent-eval-v3.1
2026-08-13T16:40:00+09:00,CMP-S01-L05-01,S01,S01-L05,1,running,203.4589,490.5876,98.7033,47.5567,1.1137,B,relation-reasoning-agent-eval-v3.1
2026-08-13T16:50:00+09:00,CMP-S01-L01-01,S01,S01-L01,1,running,160.4984,457.5038,85.6579,43.8461,0.7434,A,relation-reasoning-agent-eval-v3.1
2026-08-13T16:50:00+09:00,CMP-S01-L02-01,S01,S01-L02,1,running,184.9306,474.0754,104.3409,29.5368,-1.7669,B,relation-reasoning-agent-eval-v3.1
2026-08-13T16:50:00+09:00,CMP-S01-L03-01,S01,S01-L03,1,running,173.8625,461.3859,91.149,36.8798,-0.6816,A,relation-reasoning-agent-eval-v3.1
2026-08-13T16:50:00+09:00,CMP-S01-L04-01,S01,S01-L04,1,running,170.5461,427.5868,103.3426,39.8002,0.0087,A,relation-reasoning-agent-eval-v3.1
2026-08-13T16:50:00+09:00,CMP-S01-L05-01,S01,S01-L05,1,running,205.5743,475.4655,103.3539,42.5431,0.1853,A,relation-reasoning-agent-eval-v3.1
2026-08-13T17:00:00+09:00,CMP-S01-L01-01,S01,S01-L01,1,running,162.8808,449.6908,82.1076,40.9374,0.2048,A,relation-reasoning-agent-eval-v3.1
2026-08-13T17:00:00+09:00,CMP-S01-L02-01,S01,S01-L02,1,running,191.1229,407.7614,100.4086,34.5077,-0.8464,A,relation-reasoning-agent-eval-v3.1
2026-08-13T17:00:00+09:00,CMP-S01-L03-01,S01,S01-L03,1,running,165.2453,435.0773,95.3231,40.9089,0.0645,A,relation-reasoning-agent-eval-v3.1
2026-08-13T17:00:00+09:00,CMP-S01-L04-01,S01,S01-L04,1,running,173.0279,454.8772,100.748,38.9924,-0.1409,A,relation-reasoning-agent-eval-v3.1
2026-08-13T17:00:00+09:00,CMP-S01-L05-01,S01,S01-L05,1,running,194.8066,477.1172,93.2504,44.1562,0.484,A,relation-reasoning-agent-eval-v3.1
2026-08-13T17:10:00+09:00,CMP-S01-L01-01,S01,S01-L01,1,running,165.579,475.2152,88.2936,38.6368,-0.2211,A,relation-reasoning-agent-eval-v3.1
2026-08-13T17:10:00+09:00,CMP-S01-L02-01,S01,S01-L02,1,running,164.0236,385.8399,100.2318,28.0762,-2.0374,C,relation-reasoning-agent-eval-v3.1
2026-08-13T17:10:00+09:00,CMP-S01-L03-01,S01,S01-L03,1,running,163.0703,443.3109,94.7655,45.1668,0.853,A,relation-reasoning-agent-eval-v3.1
2026-08-13T17:10:00+09:00,CMP-S01-L04-01,S01,S01-L04,1,running,167.5951,425.6671,103.7316,38.3881,-0.2528,A,relation-reasoning-agent-eval-v3.1
2026-08-13T17:10:00+09:00,CMP-S01-L05-01,S01,S01-L05,1,running,198.4436,434.1785,82.992,42.5417,0.185,A,relation-reasoning-agent-eval-v3.1
2026-08-13T17:20:00+09:00,CMP-S01-L01-01,S01,S01-L01,1,running,170.6209,407.0052,83.6124,34.003,-1.0793,B,relation-reasoning-agent-eval-v3.1
2026-08-13T17:20:00+09:00,CMP-S01-L02-01,S01,S01-L02,1,running,172.8192,425.4357,102.1911,34.2357,-0.8968,A,relation-reasoning-agent-eval-v3.1
2026-08-13T17:20:00+09:00,CMP-S01-L03-01,S01,S01-L03,1,running,173.1081,421.6928,96.9328,45.0814,0.8372,A,relation-reasoning-agent-eval-v3.1
2026-08-13T17:20:00+09:00,CMP-S01-L04-01,S01,S01-L04,1,running,184.8411,421.163,99.4691,38.6708,-0.2004,A,relation-reasoning-agent-eval-v3.1
2026-08-13T17:20:00+09:00,CMP-S01-L05-01,S01,S01-L05,1,running,190.1898,432.8709,81.1594,42.8219,0.2369,A,relation-reasoning-agent-eval-v3.1
2026-08-13T17:30:00+09:00,CMP-S01-L01-01,S01,S01-L01,1,running,174.5975,426.8793,86.9493,32.0664,-1.4379,B,relation-reasoning-agent-eval-v3.1
2026-08-13T17:30:00+09:00,CMP-S01-L02-01,S01,S01-L02,1,running,180.6172,408.5783,101.9042,38.254,-0.1527,A,relation-reasoning-agent-eval-v3.1
2026-08-13T17:30:00+09:00,CMP-S01-L03-01,S01,S01-L03,1,running,169.8487,441.3009,92.5587,49.9224,1.7337,B,relation-reasoning-agent-eval-v3.1
2026-08-13T17:30:00+09:00,CMP-S01-L04-01,S01,S01-L04,1,running,156.3881,433.041,95.7697,41.6602,0.3532,A,relation-reasoning-agent-eval-v3.1
2026-08-13T17:30:00+09:00,CMP-S01-L05-01,S01,S01-L05,1,running,194.7511,459.0014,83.9916,50.186,1.6006,B,relation-reasoning-agent-eval-v3.1
2026-08-13T17:40:00+09:00,CMP-S01-L01-01,S01,S01-L01,1,running,170.9548,413.0927,87.0007,26.8642,-2.4013,C,relation-reasoning-agent-eval-v3.1
2026-08-13T17:40:00+09:00,CMP-S01-L02-01,S01,S01-L02,1,running,180.6992,396.9743,103.6322,39.3831,0.0565,A,relation-reasoning-agent-eval-v3.1
2026-08-13T17:40:00+09:00,CMP-S01-L03-01,S01,S01-L03,1,running,179.9429,431.6279,90.0368,47.1603,1.2222,B,relation-reasoning-agent-eval-v3.1
2026-08-13T17:40:00+09:00,CMP-S01-L04-01,S01,S01-L04,1,running,170.5806,449.7511,95.0995,39.0772,-0.1252,A,relation-reasoning-agent-eval-v3.1
2026-08-13T17:40:00+09:00,CMP-S01-L05-01,S01,S01-L05,1,running,180.9194,431.7145,93.765,45.1903,0.6755,A,relation-reasoning-agent-eval-v3.1
2026-08-13T17:50:00+09:00,CMP-S01-L01-01,S01,S01-L01,1,running,176.1259,449.2474,82.6376,30.3502,-1.7557,B,relation-reasoning-agent-eval-v3.1
2026-08-13T17:50:00+09:00,CMP-S01-L02-01,S01,S01-L02,1,running,177.3927,421.1203,109.9261,35.2389,-0.711,A,relation-reasoning-agent-eval-v3.1
2026-08-13T17:50:00+09:00,CMP-S01-L03-01,S01,S01-L03,1,running,157.8175,443.2111,89.3004,46.9794,1.1887,B,relation-reasoning-agent-eval-v3.1
2026-08-13T17:50:00+09:00,CMP-S01-L04-01,S01,S01-L04,1,running,195.3028,499.3751,96.9026,43.5016,0.6942,A,relation-reasoning-agent-eval-v3.1
2026-08-13T17:50:00+09:00,CMP-S01-L05-01,S01,S01-L05,1,running,164.9864,479.837,96.7227,41.6364,0.0174,A,relation-reasoning-agent-eval-v3.1
2026-08-13T18:00:00+09:00,CMP-S01-L01-01,S01,S01-L01,1,running,173.5121,428.164,84.1323,32.1313,-1.4259,B,relation-reasoning-agent-eval-v3.1
2026-08-13T18:00:00+09:00,CMP-S01-L02-01,S01,S01-L02,1,running,158.7412,395.2273,115.5146,43.2077,0.7647,A,relation-reasoning-agent-eval-v3.1
2026-08-13T18:00:00+09:00,CMP-S01-L03-01,S01,S01-L03,1,running,149.2896,442.2981,94.2311,44.9917,0.8206,A,relation-reasoning-agent-eval-v3.1
2026-08-13T18:00:00+09:00,CMP-S01-L04-01,S01,S01-L04,1,running,207.8393,508.8435,105.5433,43.4682,0.688,A,relation-reasoning-agent-eval-v3.1
2026-08-13T18:00:00+09:00,CMP-S01-L05-01,S01,S01-L05,1,running,159.6305,462.2073,100.5859,46.8589,0.9845,A,relation-reasoning-agent-eval-v3.1
2026-08-13T18:10:00+09:00,CMP-S01-L01-01,S01,S01-L01,1,running,168.7257,461.9674,79.1766,36.5936,-0.5996,A,relation-reasoning-agent-eval-v3.1
2026-08-13T18:10:00+09:00,CMP-S01-L02-01,S01,S01-L02,1,running,166.7818,414.4232,114.4326,36.9173,-0.4002,A,relation-reasoning-agent-eval-v3.1
2026-08-13T18:10:00+09:00,CMP-S01-L03-01,S01,S01-L03,1,running,150.6627,433.4668,97.6323,44.5929,0.7467,A,relation-reasoning-agent-eval-v3.1
2026-08-13T18:10:00+09:00,CMP-S01-L04-01,S01,S01-L04,1,running,215.7714,467.015,109.2505,40.4383,0.1269,A,relation-reasoning-agent-eval-v3.1
2026-08-13T18:10:00+09:00,CMP-S01-L05-01,S01,S01-L05,1,running,171.3134,399.5212,105.9025,47.769,1.153,B,relation-reasoning-agent-eval-v3.1
2026-08-13T18:20:00+09:00,CMP-S01-L01-01,S01,S01-L01,1,running,160.3829,450.9279,78.2298,36.8654,-0.5493,A,relation-reasoning-agent-eval-v3.1
2026-08-13T18:20:00+09:00,CMP-S01-L02-01,S01,S01-L02,1,running,168.9993,439.0736,119.5225,36.3431,-0.5065,A,relation-reasoning-agent-eval-v3.1
2026-08-13T18:20:00+09:00,CMP-S01-L03-01,S01,S01-L03,1,running,141.644,483.7087,96.886,40.4357,-0.0231,A,relation-reasoning-agent-eval-v3.1
2026-08-13T18:20:00+09:00,CMP-S01-L04-01,S01,S01-L04,1,running,230.0826,458.1412,105.821,35.6633,-0.7574,A,relation-reasoning-agent-eval-v3.1
2026-08-13T18:20:00+09:00,CMP-S01-L05-01,S01,S01-L05,1,running,184.9065,419.5154,105.3483,44.3475,0.5194,A,relation-reasoning-agent-eval-v3.1
2026-08-13T18:30:00+09:00,CMP-S01-L01-01,S01,S01-L01,1,running,171.4021,467.4298,81.2278,37.5526,-0.422,A,relation-reasoning-agent-eval-v3.1
2026-08-13T18:30:00+09:00,CMP-S01-L02-01,S01,S01-L02,1,running,174.3689,452.6098,109.7833,37.3455,-0.3209,A,relation-reasoning-agent-eval-v3.1
2026-08-13T18:30:00+09:00,CMP-S01-L03-01,S01,S01-L03,1,running,149.1552,508.2836,96.2864,44.6937,0.7654,A,relation-reasoning-agent-eval-v3.1
2026-08-13T18:30:00+09:00,CMP-S01-L04-01,S01,S01-L04,1,running,207.4959,474.3953,102.9727,32.1047,-1.4164,B,relation-reasoning-agent-eval-v3.1
2026-08-13T18:30:00+09:00,CMP-S01-L05-01,S01,S01-L05,1,running,210.5041,428.4461,104.583,35.3506,-1.1467,B,relation-reasoning-agent-eval-v3.1
2026-08-13T18:40:00+09:00,CMP-S01-L01-01,S01,S01-L01,1,running,170.0561,475.6324,79.6294,35.5593,-0.791,A,relation-reasoning-agent-eval-v3.1
2026-08-13T18:40:00+09:00,CMP-S01-L02-01,S01,S01-L02,1,running,170.9707,460.7867,110.9619,37.1425,-0.3585,A,relation-reasoning-agent-eval-v3.1
2026-08-13T18:40:00+09:00,CMP-S01-L03-01,S01,S01-L03,1,running,156.5758,465.2594,99.1559,37.277,-0.608,A,relation-reasoning-agent-eval-v3.1
2026-08-13T18:40:00+09:00,CMP-S01-L04-01,S01,S01-L04,1,running,208.4252,478.2301,100.392,36.7431,-0.5574,A,relation-reasoning-agent-eval-v3.1
2026-08-13T18:40:00+09:00,CMP-S01-L05-01,S01,S01-L05,1,running,184.3482,475.8467,103.4815,41.1696,-0.0691,A,relation-reasoning-agent-eval-v3.1
2026-08-13T18:50:00+09:00,CMP-S01-L01-01,S01,S01-L01,1,running,184.5347,526.7323,79.9086,36.5402,-0.6095,A,relation-reasoning-agent-eval-v3.1
2026-08-13T18:50:00+09:00,CMP-S01-L02-01,S01,S01-L02,1,running,172.22,440.6928,114.5091,34.5308,-0.8421,A,relation-reasoning-agent-eval-v3.1
2026-08-13T18:50:00+09:00,CMP-S01-L03-01,S01,S01-L03,1,running,158.8948,476.2906,103.078,41.1242,0.1044,A,relation-reasoning-agent-eval-v3.1
2026-08-13T18:50:00+09:00,CMP-S01-L04-01,S01,S01-L04,1,running,196.0223,496.7432,107.4869,33.7391,-1.1137,B,relation-reasoning-agent-eval-v3.1
2026-08-13T18:50:00+09:00,CMP-S01-L05-01,S01,S01-L05,1,running,191.0644,455.0838,97.4015,36.3802,-0.956,A,relation-reasoning-agent-eval-v3.1
2026-08-13T19:00:00+09:00,CMP-S01-L01-01,S01,S01-L01,1,running,181.1635,513.3946,75.7422,33.2405,-1.2205,B,relation-reasoning-agent-eval-v3.1
2026-08-13T19:00:00+09:00,CMP-S01-L02-01,S01,S01-L02,1,running,163.7912,416.5061,116.5686,31.3311,-1.4347,B,relation-reasoning-agent-eval-v3.1
2026-08-13T19:00:00+09:00,CMP-S01-L03-01,S01,S01-L03,1,running,178.9704,473.5894,94.6877,38.3147,-0.4159,A,relation-reasoning-agent-eval-v3.1
2026-08-13T19:00:00+09:00,CMP-S01-L04-01,S01,S01-L04,1,running,200.3219,522.0688,102.8438,41.7765,0.3747,A,relation-reasoning-agent-eval-v3.1
2026-08-13T19:00:00+09:00,CMP-S01-L05-01,S01,S01-L05,1,running,192.2136,497.0815,91.2973,33.2206,-1.5411,B,relation-reasoning-agent-eval-v3.1
2026-08-13T19:10:00+09:00,CMP-S01-L01-01,S01,S01-L01,1,running,174.306,499.1532,72.015,44.2376,0.8159,A,relation-reasoning-agent-eval-v3.1
2026-08-13T19:10:00+09:00,CMP-S01-L02-01,S01,S01-L02,1,running,155.2072,411.8854,113.2538,39.8311,0.1394,A,relation-reasoning-agent-eval-v3.1
2026-08-13T19:10:00+09:00,CMP-S01-L03-01,S01,S01-L03,1,running,181.1033,440.3715,105.104,41.8412,0.2372,A,relation-reasoning-agent-eval-v3.1
2026-08-13T19:10:00+09:00,CMP-S01-L04-01,S01,S01-L04,1,running,202.3476,497.0238,104.7124,41.8503,0.3884,A,relation-reasoning-agent-eval-v3.1
2026-08-13T19:10:00+09:00,CMP-S01-L05-01,S01,S01-L05,1,running,178.1583,521.4625,87.4444,32.7239,-1.6331,B,relation-reasoning-agent-eval-v3.1
2026-08-13T19:20:00+09:00,CMP-S01-L01-01,S01,S01-L01,1,running,178.7642,473.3602,79.7739,37.6734,-0.3996,A,relation-reasoning-agent-eval-v3.1
2026-08-13T19:20:00+09:00,CMP-S01-L02-01,S01,S01-L02,1,running,151.4488,415.1156,105.8619,32.629,-1.1943,B,relation-reasoning-agent-eval-v3.1
2026-08-13T19:20:00+09:00,CMP-S01-L03-01,S01,S01-L03,1,running,180.8363,428.5747,106.2049,42.0301,0.2722,A,relation-reasoning-agent-eval-v3.1
2026-08-13T19:20:00+09:00,CMP-S01-L04-01,S01,S01-L04,1,running,196.0367,491.9817,105.1663,43.2718,0.6516,A,relation-reasoning-agent-eval-v3.1
2026-08-13T19:20:00+09:00,CMP-S01-L05-01,S01,S01-L05,1,running,187.5915,517.4355,91.4584,37.113,-0.8203,A,relation-reasoning-agent-eval-v3.1
2026-08-13T19:30:00+09:00,CMP-S01-L01-01,S01,S01-L01,1,running,186.5494,485.1833,80.3879,36.6492,-0.5893,A,relation-reasoning-agent-eval-v3.1
2026-08-13T19:30:00+09:00,CMP-S01-L02-01,S01,S01-L02,1,running,157.3965,392.6816,107.0083,40.2765,0.2219,A,relation-reasoning-agent-eval-v3.1
2026-08-13T19:30:00+09:00,CMP-S01-L03-01,S01,S01-L03,1,running,187.3753,494.8503,114.797,41.0286,0.0867,A,relation-reasoning-agent-eval-v3.1
2026-08-13T19:30:00+09:00,CMP-S01-L04-01,S01,S01-L04,1,running,185.5169,442.1335,103.9067,47.8336,1.4964,B,relation-reasoning-agent-eval-v3.1
2026-08-13T19:30:00+09:00,CMP-S01-L05-01,S01,S01-L05,1,running,165.9962,465.9727,100.2289,34.2036,-1.3591,B,relation-reasoning-agent-eval-v3.1
2026-08-13T19:40:00+09:00,CMP-S01-L01-01,S01,S01-L01,1,running,181.3974,515.8349,78.0714,38.2243,-0.2976,A,relation-reasoning-agent-eval-v3.1
2026-08-13T19:40:00+09:00,CMP-S01-L02-01,S01,S01-L02,1,running,152.0885,389.6064,101.1783,34.7497,-0.8016,A,relation-reasoning-agent-eval-v3.1
2026-08-13T19:40:00+09:00,CMP-S01-L03-01,S01,S01-L03,1,running,176.041,469.808,114.2016,37.4403,-0.5778,A,relation-reasoning-agent-eval-v3.1
2026-08-13T19:40:00+09:00,CMP-S01-L04-01,S01,S01-L04,1,running,179.1446,461.3022,103.972,43.1727,0.6333,A,relation-reasoning-agent-eval-v3.1
2026-08-13T19:40:00+09:00,CMP-S01-L05-01,S01,S01-L05,1,running,164.5435,461.2033,100.6589,34.0459,-1.3883,B,relation-reasoning-agent-eval-v3.1
2026-08-13T19:50:00+09:00,CMP-S01-L01-01,S01,S01-L01,1,running,182.4136,514.9884,77.1641,29.4739,-1.918,B,relation-reasoning-agent-eval-v3.1
2026-08-13T19:50:00+09:00,CMP-S01-L02-01,S01,S01-L02,1,running,163.3794,413.2537,101.2206,37.3482,-0.3204,A,relation-reasoning-agent-eval-v3.1
2026-08-13T19:50:00+09:00,CMP-S01-L03-01,S01,S01-L03,1,running,179.4877,447.4882,113.1062,44.6374,0.755,A,relation-reasoning-agent-eval-v3.1
2026-08-13T19:50:00+09:00,CMP-S01-L04-01,S01,S01-L04,1,running,177.3943,441.1093,99.3021,46.5485,1.2584,B,relation-reasoning-agent-eval-v3.1
2026-08-13T19:50:00+09:00,CMP-S01-L05-01,S01,S01-L05,1,running,184.5467,451.0257,96.8089,28.1801,-2.4745,C,relation-reasoning-agent-eval-v3.1
2026-08-13T20:00:00+09:00,CMP-S01-L01-01,S01,S01-L01,1,running,186.9051,507.7406,81.7075,29.6327,-1.8887,B,relation-reasoning-agent-eval-v3.1
2026-08-13T20:00:00+09:00,CMP-S01-L02-01,S01,S01-L02,1,running,187.6023,348.2213,103.3527,40.5061,0.2644,A,relation-reasoning-agent-eval-v3.1
2026-08-13T20:00:00+09:00,CMP-S01-L03-01,S01,S01-L03,1,running,180.5823,423.8995,104.7981,36.5527,-0.7422,A,relation-reasoning-agent-eval-v3.1
2026-08-13T20:00:00+09:00,CMP-S01-L04-01,S01,S01-L04,1,running,166.0025,459.3741,103.0787,48.4586,1.6121,B,relation-reasoning-agent-eval-v3.1
2026-08-13T20:00:00+09:00,CMP-S01-L05-01,S01,S01-L05,1,running,170.6964,385.8334,99.2114,33.5539,-1.4794,B,relation-reasoning-agent-eval-v3.1
2026-08-13T20:10:00+09:00,CMP-S01-L01-01,S01,S01-L01,1,running,178.12,531.8477,81.9668,38.0296,-0.3337,A,relation-reasoning-agent-eval-v3.1
2026-08-13T20:10:00+09:00,CMP-S01-L02-01,S01,S01-L02,1,running,182.5464,360.5987,103.911,44.4319,0.9914,A,relation-reasoning-agent-eval-v3.1
2026-08-13T20:10:00+09:00,CMP-S01-L03-01,S01,S01-L03,1,running,164.1406,436.2784,107.5787,34.8549,-1.0566,B,relation-reasoning-agent-eval-v3.1
2026-08-13T20:10:00+09:00,CMP-S01-L04-01,S01,S01-L04,1,running,155.5408,446.7981,110.1482,39.8147,0.0114,A,relation-reasoning-agent-eval-v3.1
2026-08-13T20:10:00+09:00,CMP-S01-L05-01,S01,S01-L05,1,running,188.0031,386.6393,98.5217,40.6242,-0.1701,A,relation-reasoning-agent-eval-v3.1
2026-08-13T20:20:00+09:00,CMP-S01-L01-01,S01,S01-L01,1,running,183.351,484.5501,81.8202,40.1842,0.0653,A,relation-reasoning-agent-eval-v3.1
2026-08-13T20:20:00+09:00,CMP-S01-L02-01,S01,S01-L02,1,running,158.6684,408.1921,101.5555,47.998,1.6518,B,relation-reasoning-agent-eval-v3.1
2026-08-13T20:20:00+09:00,CMP-S01-L03-01,S01,S01-L03,1,running,163.7076,429.8458,103.6599,40.5006,-0.0111,A,relation-reasoning-agent-eval-v3.1
2026-08-13T20:20:00+09:00,CMP-S01-L04-01,S01,S01-L04,1,running,171.0889,462.6913,114.0005,40.5208,0.1422,A,relation-reasoning-agent-eval-v3.1
2026-08-13T20:20:00+09:00,CMP-S01-L05-01,S01,S01-L05,1,running,194.2368,402.7427,97.4871,43.1203,0.2922,A,relation-reasoning-agent-eval-v3.1
2026-08-13T20:30:00+09:00,CMP-S01-L01-01,S01,S01-L01,1,running,171.46,449.7033,80.4882,48.7279,1.6476,B,relation-reasoning-agent-eval-v3.1
2026-08-13T20:30:00+09:00,CMP-S01-L02-01,S01,S01-L02,1,running,163.5993,428.4087,108.0904,37.2499,-0.3386,A,relation-reasoning-agent-eval-v3.1
2026-08-13T20:30:00+09:00,CMP-S01-L03-01,S01,S01-L03,1,running,158.5255,431.111,108.5993,34.5187,-1.1188,B,relation-reasoning-agent-eval-v3.1
2026-08-13T20:30:00+09:00,CMP-S01-L04-01,S01,S01-L04,1,running,170.9429,412.6359,112.8858,38.6623,-0.202,A,relation-reasoning-agent-eval-v3.1
2026-08-13T20:30:00+09:00,CMP-S01-L05-01,S01,S01-L05,1,running,191.5925,429.3132,103.606,35.5048,-1.1181,B,relation-reasoning-agent-eval-v3.1
2026-08-13T20:40:00+09:00,CMP-S01-L01-01,S01,S01-L01,1,running,171.4487,471.6998,88.9618,43.1601,0.6164,A,relation-reasoning-agent-eval-v3.1
2026-08-13T20:40:00+09:00,CMP-S01-L02-01,S01,S01-L02,1,running,158.4228,375.0433,105.553,41.1869,0.3905,A,relation-reasoning-agent-eval-v3.1
2026-08-13T20:40:00+09:00,CMP-S01-L03-01,S01,S01-L03,1,running,153.9457,365.113,105.8423,39.112,-0.2682,A,relation-reasoning-agent-eval-v3.1
2026-08-13T20:40:00+09:00,CMP-S01-L04-01,S01,S01-L04,1,running,192.2548,431.1766,109.0391,40.7388,0.1826,A,relation-reasoning-agent-eval-v3.1
2026-08-13T20:40:00+09:00,CMP-S01-L05-01,S01,S01-L05,1,running,194.5126,455.0555,102.6113,28.8413,-2.3521,C,relation-reasoning-agent-eval-v3.1
2026-08-13T20:50:00+09:00,CMP-S01-L01-01,S01,S01-L01,1,running,168.3375,508.3421,90.0982,41.1588,0.2458,A,relation-reasoning-agent-eval-v3.1
2026-08-13T20:50:00+09:00,CMP-S01-L02-01,S01,S01-L02,1,running,160.0391,388.4296,110.0178,45.0946,1.1141,B,relation-reasoning-agent-eval-v3.1
2026-08-13T20:50:00+09:00,CMP-S01-L03-01,S01,S01-L03,1,running,139.4688,402.1725,103.1795,41.1795,0.1146,A,relation-reasoning-agent-eval-v3.1
2026-08-13T20:50:00+09:00,CMP-S01-L04-01,S01,S01-L04,1,running,181.502,383.7006,111.1475,43.6278,0.7175,A,relation-reasoning-agent-eval-v3.1
2026-08-13T20:50:00+09:00,CMP-S01-L05-01,S01,S01-L05,1,running,181.4694,409.5225,99.7576,30.6074,-2.025,C,relation-reasoning-agent-eval-v3.1
2026-08-13T21:00:00+09:00,CMP-S01-L01-01,S01,S01-L01,1,running,171.0314,501.1963,92.7501,38.0399,-0.3318,A,relation-reasoning-agent-eval-v3.1
2026-08-13T21:00:00+09:00,CMP-S01-L02-01,S01,S01-L02,1,running,152.7067,436.7504,99.0323,41.8723,0.5174,A,relation-reasoning-agent-eval-v3.1
2026-08-13T21:00:00+09:00,CMP-S01-L03-01,S01,S01-L03,1,running,156.6083,384.0935,100.8035,45.5183,0.9181,A,relation-reasoning-agent-eval-v3.1
2026-08-13T21:00:00+09:00,CMP-S01-L04-01,S01,S01-L04,1,running,193.9042,428.233,104.8946,47.3238,1.402,B,relation-reasoning-agent-eval-v3.1
2026-08-13T21:00:00+09:00,CMP-S01-L05-01,S01,S01-L05,1,running,177.9851,464.1307,86.0261,33.3881,-1.5101,B,relation-reasoning-agent-eval-v3.1
2026-08-13T21:10:00+09:00,CMP-S01-L01-01,S01,S01-L01,1,running,172.0014,466.0877,82.8601,40.6943,0.1599,A,relation-reasoning-agent-eval-v3.1
2026-08-13T21:10:00+09:00,CMP-S01-L02-01,S01,S01-L02,1,running,161.9801,399.3197,94.6536,37.5843,-0.2767,A,relation-reasoning-agent-eval-v3.1
2026-08-13T21:10:00+09:00,CMP-S01-L03-01,S01,S01-L03,1,running,172.6158,419.5582,104.5633,41.4611,0.1668,A,relation-reasoning-agent-eval-v3.1
2026-08-13T21:10:00+09:00,CMP-S01-L04-01,S01,S01-L04,1,running,182.7223,418.909,103.9593,50.0658,1.9098,B,relation-reasoning-agent-eval-v3.1
2026-08-13T21:10:00+09:00,CMP-S01-L05-01,S01,S01-L05,1,running,194.987,440.7446,90.2965,34.9734,-1.2165,B,relation-reasoning-agent-eval-v3.1
2026-08-13T21:20:00+09:00,CMP-S01-L01-01,S01,S01-L01,1,running,173.1919,417.8455,84.5372,37.6534,-0.4033,A,relation-reasoning-agent-eval-v3.1
2026-08-13T21:20:00+09:00,CMP-S01-L02-01,S01,S01-L02,1,running,182.9057,347.4182,99.2023,40.7297,0.3058,A,relation-reasoning-agent-eval-v3.1
2026-08-13T21:20:00+09:00,CMP-S01-L03-01,S01,S01-L03,1,running,165.6177,464.0689,108.0382,34.7128,-1.0829,B,relation-reasoning-agent-eval-v3.1
2026-08-13T21:20:00+09:00,CMP-S01-L04-01,S01,S01-L04,1,running,177.5549,479.6469,106.5004,49.4854,1.8023,B,relation-reasoning-agent-eval-v3.1
2026-08-13T21:20:00+09:00,CMP-S01-L05-01,S01,S01-L05,1,running,193.9407,507.1171,95.6652,38.0,-0.656,A,relation-reasoning-agent-eval-v3.1
2026-08-13T21:30:00+09:00,CMP-S01-L01-01,S01,S01-L01,1,running,164.96,477.9292,76.7228,39.1569,-0.1248,A,relation-reasoning-agent-eval-v3.1
2026-08-13T21:30:00+09:00,CMP-S01-L02-01,S01,S01-L02,1,running,193.7411,363.6069,100.4537,42.2806,0.593,A,relation-reasoning-agent-eval-v3.1
2026-08-13T21:30:00+09:00,CMP-S01-L03-01,S01,S01-L03,1,running,170.7727,440.9401,112.4748,31.3769,-1.7007,B,relation-reasoning-agent-eval-v3.1
2026-08-13T21:30:00+09:00,CMP-S01-L04-01,S01,S01-L04,1,running,181.9958,533.8087,109.8128,47.883,1.5055,B,relation-reasoning-agent-eval-v3.1
2026-08-13T21:30:00+09:00,CMP-S01-L05-01,S01,S01-L05,1,running,189.0504,500.4045,92.2759,37.2319,-0.7983,A,relation-reasoning-agent-eval-v3.1
2026-08-13T21:40:00+09:00,CMP-S01-L01-01,S01,S01-L01,1,running,173.8167,501.1324,82.2407,32.6764,-1.325,B,relation-reasoning-agent-eval-v3.1
2026-08-13T21:40:00+09:00,CMP-S01-L02-01,S01,S01-L02,1,running,199.9172,426.8907,99.3284,38.5915,-0.0901,A,relation-reasoning-agent-eval-v3.1
2026-08-13T21:40:00+09:00,CMP-S01-L03-01,S01,S01-L03,1,running,182.5472,490.8368,105.2046,35.9982,-0.8449,A,relation-reasoning-agent-eval-v3.1
2026-08-13T21:40:00+09:00,CMP-S01-L04-01,S01,S01-L04,1,running,178.3156,519.5413,105.2388,45.0888,0.9881,A,relation-reasoning-agent-eval-v3.1
2026-08-13T21:40:00+09:00,CMP-S01-L05-01,S01,S01-L05,1,running,176.9026,459.0729,90.4026,33.2569,-1.5344,B,relation-reasoning-agent-eval-v3.1
2026-08-13T21:50:00+09:00,CMP-S01-L01-01,S01,S01-L01,1,running,158.587,498.7118,82.7719,30.8141,-1.6698,B,relation-reasoning-agent-eval-v3.1
2026-08-13T21:50:00+09:00,CMP-S01-L02-01,S01,S01-L02,1,running,193.0816,418.5271,100.3129,38.4867,-0.1096,A,relation-reasoning-agent-eval-v3.1
2026-08-13T21:50:00+09:00,CMP-S01-L03-01,S01,S01-L03,1,running,171.9991,502.2592,100.3127,35.0746,-1.0159,B,relation-reasoning-agent-eval-v3.1
2026-08-13T21:50:00+09:00,CMP-S01-L04-01,S01,S01-L04,1,running,165.3331,519.2105,103.1932,45.3082,1.0287,B,relation-reasoning-agent-eval-v3.1
2026-08-13T21:50:00+09:00,CMP-S01-L05-01,S01,S01-L05,1,running,181.0694,459.5045,88.4755,34.6071,-1.2844,B,relation-reasoning-agent-eval-v3.1
2026-08-13T22:00:00+09:00,CMP-S01-L01-01,S01,S01-L01,1,running,177.3504,529.4684,88.5069,41.8298,0.3701,A,relation-reasoning-agent-eval-v3.1
2026-08-13T22:00:00+09:00,CMP-S01-L02-01,S01,S01-L02,1,running,171.3491,453.439,102.9814,37.715,-0.2525,A,relation-reasoning-agent-eval-v3.1
2026-08-13T22:00:00+09:00,CMP-S01-L03-01,S01,S01-L03,1,running,163.0168,437.2119,108.0832,37.954,-0.4827,A,relation-reasoning-agent-eval-v3.1
2026-08-13T22:00:00+09:00,CMP-S01-L04-01,S01,S01-L04,1,running,159.4044,518.7881,102.3386,45.9034,1.139,B,relation-reasoning-agent-eval-v3.1
2026-08-13T22:00:00+09:00,CMP-S01-L05-01,S01,S01-L05,1,running,184.5481,446.1813,97.0012,36.1963,-0.9901,A,relation-reasoning-agent-eval-v3.1
2026-08-13T22:10:00+09:00,CMP-S01-L01-01,S01,S01-L01,1,running,174.4611,496.2584,84.4864,38.9769,-0.1582,A,relation-reasoning-agent-eval-v3.1
2026-08-13T22:10:00+09:00,CMP-S01-L02-01,S01,S01-L02,1,running,155.7379,438.444,99.1549,38.281,-0.1477,A,relation-reasoning-agent-eval-v3.1
2026-08-13T22:10:00+09:00,CMP-S01-L03-01,S01,S01-L03,1,running,157.1957,443.246,117.7133,39.1268,-0.2655,A,relation-reasoning-agent-eval-v3.1
2026-08-13T22:10:00+09:00,CMP-S01-L04-01,S01,S01-L04,1,running,153.9458,513.9142,107.8651,45.3967,1.0451,B,relation-reasoning-agent-eval-v3.1
2026-08-13T22:10:00+09:00,CMP-S01-L05-01,S01,S01-L05,1,running,157.1141,397.4895,93.8698,34.9664,-1.2178,B,relation-reasoning-agent-eval-v3.1
2026-08-13T22:20:00+09:00,CMP-S01-L01-01,S01,S01-L01,1,running,156.8588,481.2573,83.4168,42.7278,0.5364,A,relation-reasoning-agent-eval-v3.1
2026-08-13T22:20:00+09:00,CMP-S01-L02-01,S01,S01-L02,1,running,150.8932,429.1407,101.2786,41.7502,0.4948,A,relation-reasoning-agent-eval-v3.1
2026-08-13T22:20:00+09:00,CMP-S01-L03-01,S01,S01-L03,1,running,163.7299,457.1346,107.1461,33.8005,-1.2519,B,relation-reasoning-agent-eval-v3.1
2026-08-13T22:20:00+09:00,CMP-S01-L04-01,S01,S01-L04,1,running,161.3782,481.3855,102.7187,46.3586,1.2232,B,relation-reasoning-agent-eval-v3.1
2026-08-13T22:20:00+09:00,CMP-S01-L05-01,S01,S01-L05,1,running,160.0238,358.397,96.7752,36.1119,-1.0057,B,relation-reasoning-agent-eval-v3.1
2026-08-13T22:30:00+09:00,CMP-S01-L01-01,S01,S01-L01,1,running,181.1069,458.4687,87.9253,43.0959,0.6045,A,relation-reasoning-agent-eval-v3.1
2026-08-13T22:30:00+09:00,CMP-S01-L02-01,S01,S01-L02,1,running,157.8849,401.803,99.202,41.3832,0.4268,A,relation-reasoning-agent-eval-v3.1
2026-08-13T22:30:00+09:00,CMP-S01-L03-01,S01,S01-L03,1,running,157.9043,458.1063,104.481,38.3682,-0.406,A,relation-reasoning-agent-eval-v3.1
2026-08-13T22:30:00+09:00,CMP-S01-L04-01,S01,S01-L04,1,running,155.1863,443.7333,99.1519,38.8161,-0.1735,A,relation-reasoning-agent-eval-v3.1
2026-08-13T22:30:00+09:00,CMP-S01-L05-01,S01,S01-L05,1,running,164.1551,336.6979,98.2069,43.206,0.308,A,relation-reasoning-agent-eval-v3.1
2026-08-13T22:40:00+09:00,CMP-S01-L01-01,S01,S01-L01,1,running,185.3818,502.3869,90.9195,47.5015,1.4204,B,relation-reasoning-agent-eval-v3.1
2026-08-13T22:40:00+09:00,CMP-S01-L02-01,S01,S01-L02,1,running,167.2131,481.5166,93.6604,39.1629,0.0157,A,relation-reasoning-agent-eval-v3.1
2026-08-13T22:40:00+09:00,CMP-S01-L03-01,S01,S01-L03,1,running,155.3443,383.408,114.1085,33.5103,-1.3056,B,relation-reasoning-agent-eval-v3.1
2026-08-13T22:40:00+09:00,CMP-S01-L04-01,S01,S01-L04,1,running,165.5331,436.5103,100.5581,42.8073,0.5656,A,relation-reasoning-agent-eval-v3.1
2026-08-13T22:40:00+09:00,CMP-S01-L05-01,S01,S01-L05,1,running,168.5227,383.7865,97.8238,45.9778,0.8213,A,relation-reasoning-agent-eval-v3.1
2026-08-13T22:50:00+09:00,CMP-S01-L01-01,S01,S01-L01,1,running,180.4388,477.4796,87.6836,47.9628,1.5059,B,relation-reasoning-agent-eval-v3.1
2026-08-13T22:50:00+09:00,CMP-S01-L02-01,S01,S01-L02,1,running,177.0046,512.6329,97.0971,38.3809,-0.1291,A,relation-reasoning-agent-eval-v3.1
2026-08-13T22:50:00+09:00,CMP-S01-L03-01,S01,S01-L03,1,running,178.5878,390.5218,118.8378,30.3698,-1.8872,B,relation-reasoning-agent-eval-v3.1
2026-08-13T22:50:00+09:00,CMP-S01-L04-01,S01,S01-L04,1,running,137.7631,432.9332,97.789,36.7281,-0.5602,A,relation-reasoning-agent-eval-v3.1
2026-08-13T22:50:00+09:00,CMP-S01-L05-01,S01,S01-L05,1,running,152.6234,372.2037,95.0638,46.3992,0.8994,A,relation-reasoning-agent-eval-v3.1
2026-08-13T23:00:00+09:00,CMP-S01-L01-01,S01,S01-L01,1,running,186.7524,452.5002,90.8099,41.4916,0.3075,A,relation-reasoning-agent-eval-v3.1
2026-08-13T23:00:00+09:00,CMP-S01-L02-01,S01,S01-L02,1,running,170.3839,490.804,95.605,38.0428,-0.1918,A,relation-reasoning-agent-eval-v3.1
2026-08-13T23:00:00+09:00,CMP-S01-L03-01,S01,S01-L03,1,running,181.333,404.045,115.1735,32.9762,-1.4045,B,relation-reasoning-agent-eval-v3.1
2026-08-13T23:00:00+09:00,CMP-S01-L04-01,S01,S01-L04,1,running,158.9451,439.697,98.6952,40.2385,0.0899,A,relation-reasoning-agent-eval-v3.1
2026-08-13T23:00:00+09:00,CMP-S01-L05-01,S01,S01-L05,1,running,166.1108,331.8631,89.8331,48.0511,1.2053,B,relation-reasoning-agent-eval-v3.1
2026-08-13T23:10:00+09:00,CMP-S01-L01-01,S01,S01-L01,1,running,181.5911,507.1169,87.8434,41.0635,0.2282,A,relation-reasoning-agent-eval-v3.1
2026-08-13T23:10:00+09:00,CMP-S01-L02-01,S01,S01-L02,1,running,156.9627,530.6779,98.2839,35.0033,-0.7546,A,relation-reasoning-agent-eval-v3.1
2026-08-13T23:10:00+09:00,CMP-S01-L03-01,S01,S01-L03,1,running,177.3045,423.7471,116.5444,35.0223,-1.0256,B,relation-reasoning-agent-eval-v3.1
2026-08-13T23:10:00+09:00,CMP-S01-L04-01,S01,S01-L04,1,running,171.7794,435.3098,94.7229,35.7659,-0.7384,A,relation-reasoning-agent-eval-v3.1
2026-08-13T23:10:00+09:00,CMP-S01-L05-01,S01,S01-L05,1,running,169.9791,426.7241,91.7856,49.0607,1.3922,B,relation-reasoning-agent-eval-v3.1
2026-08-13T23:20:00+09:00,CMP-S01-L01-01,S01,S01-L01,1,running,187.6448,479.9842,87.5485,45.2755,1.0082,B,relation-reasoning-agent-eval-v3.1
2026-08-13T23:20:00+09:00,CMP-S01-L02-01,S01,S01-L02,1,running,176.1031,500.7804,95.3569,29.8403,-1.7107,B,relation-reasoning-agent-eval-v3.1
2026-08-13T23:20:00+09:00,CMP-S01-L03-01,S01,S01-L03,1,running,173.1522,417.2448,114.5126,30.2101,-1.9167,B,relation-reasoning-agent-eval-v3.1
2026-08-13T23:20:00+09:00,CMP-S01-L04-01,S01,S01-L04,1,running,163.2912,468.9697,99.524,31.2467,-1.5752,B,relation-reasoning-agent-eval-v3.1
2026-08-13T23:20:00+09:00,CMP-S01-L05-01,S01,S01-L05,1,running,175.8787,463.9932,95.8591,50.518,1.6621,B,relation-reasoning-agent-eval-v3.1
2026-08-13T23:30:00+09:00,CMP-S01-L01-01,S01,S01-L01,1,running,192.3212,495.405,91.6706,44.8306,0.9258,A,relation-reasoning-agent-eval-v3.1
2026-08-13T23:30:00+09:00,CMP-S01-L02-01,S01,S01-L02,1,running,169.4535,492.5666,95.5912,32.1393,-1.285,B,relation-reasoning-agent-eval-v3.1
2026-08-13T23:30:00+09:00,CMP-S01-L03-01,S01,S01-L03,1,running,163.4486,455.6956,110.11,31.0706,-1.7574,B,relation-reasoning-agent-eval-v3.1
2026-08-13T23:30:00+09:00,CMP-S01-L04-01,S01,S01-L04,1,running,164.2518,499.5732,109.2467,38.3311,-0.2633,A,relation-reasoning-agent-eval-v3.1
2026-08-13T23:30:00+09:00,CMP-S01-L05-01,S01,S01-L05,1,running,194.775,452.7935,89.3723,45.6333,0.7575,A,relation-reasoning-agent-eval-v3.1
2026-08-13T23:40:00+09:00,CMP-S01-L01-01,S01,S01-L01,1,running,187.217,493.1189,88.3901,35.1038,-0.8754,A,relation-reasoning-agent-eval-v3.1
2026-08-13T23:40:00+09:00,CMP-S01-L02-01,S01,S01-L02,1,running,167.8687,457.209,97.7806,32.6798,-1.1849,B,relation-reasoning-agent-eval-v3.1
2026-08-13T23:40:00+09:00,CMP-S01-L03-01,S01,S01-L03,1,running,160.9405,447.7761,107.0257,35.5423,-0.9293,A,relation-reasoning-agent-eval-v3.1
2026-08-13T23:40:00+09:00,CMP-S01-L04-01,S01,S01-L04,1,running,163.5559,512.7106,113.6495,41.344,0.2946,A,relation-reasoning-agent-eval-v3.1
2026-08-13T23:40:00+09:00,CMP-S01-L05-01,S01,S01-L05,1,running,176.9367,455.3103,89.9785,50.3358,1.6284,B,relation-reasoning-agent-eval-v3.1
2026-08-13T23:50:00+09:00,CMP-S01-L01-01,S01,S01-L01,1,running,191.2937,469.6819,85.9217,33.8442,-1.1087,B,relation-reasoning-agent-eval-v3.1
2026-08-13T23:50:00+09:00,CMP-S01-L02-01,S01,S01-L02,1,running,155.321,453.7651,101.1949,33.1494,-1.0979,B,relation-reasoning-agent-eval-v3.1
2026-08-13T23:50:00+09:00,CMP-S01-L03-01,S01,S01-L03,1,running,160.1448,406.6737,106.5438,39.1133,-0.268,A,relation-reasoning-agent-eval-v3.1
2026-08-13T23:50:00+09:00,CMP-S01-L04-01,S01,S01-L04,1,running,154.5217,489.0344,111.0305,41.2827,0.2833,A,relation-reasoning-agent-eval-v3.1
2026-08-13T23:50:00+09:00,CMP-S01-L05-01,S01,S01-L05,1,running,190.6293,497.4629,94.3597,48.1001,1.2143,B,relation-reasoning-agent-eval-v3.1
2026-08-14T00:00:00+09:00,CMP-S01-L01-01,S01,S01-L01,1,running,202.7773,459.632,92.0669,40.4089,0.107,A,relation-reasoning-agent-eval-v3.1
2026-08-14T00:00:00+09:00,CMP-S01-L02-01,S01,S01-L02,1,running,176.4642,477.9605,95.0849,34.5506,-0.8385,A,relation-reasoning-agent-eval-v3.1
2026-08-14T00:00:00+09:00,CMP-S01-L03-01,S01,S01-L03,1,running,172.6154,431.6085,101.4051,41.8454,0.2379,A,relation-reasoning-agent-eval-v3.1
2026-08-14T00:00:00+09:00,CMP-S01-L04-01,S01,S01-L04,1,running,170.623,439.7811,105.7118,44.1498,0.8142,A,relation-reasoning-agent-eval-v3.1
2026-08-14T00:00:00+09:00,CMP-S01-L05-01,S01,S01-L05,1,running,188.7243,514.8089,92.0141,44.8552,0.6134,A,relation-reasoning-agent-eval-v3.1
2026-08-14T00:10:00+09:00,CMP-S01-L01-01,S01,S01-L01,1,running,194.8061,426.9813,90.6446,43.6418,0.7057,A,relation-reasoning-agent-eval-v3.1
2026-08-14T00:10:00+09:00,CMP-S01-L02-01,S01,S01-L02,1,running,169.4451,433.9773,96.9392,31.2313,-1.4532,B,relation-reasoning-agent-eval-v3.1
2026-08-14T00:10:00+09:00,CMP-S01-L03-01,S01,S01-L03,1,running,156.3985,418.3146,106.9303,37.1969,-0.6229,A,relation-reasoning-agent-eval-v3.1
2026-08-14T00:10:00+09:00,CMP-S01-L04-01,S01,S01-L04,1,running,172.6615,473.005,115.7092,41.3347,0.2929,A,relation-reasoning-agent-eval-v3.1
2026-08-14T00:10:00+09:00,CMP-S01-L05-01,S01,S01-L05,1,running,176.2196,450.6404,96.0548,49.7867,1.5267,B,relation-reasoning-agent-eval-v3.1
2026-08-14T00:20:00+09:00,CMP-S01-L01-01,S01,S01-L01,1,running,173.1625,411.1896,90.9084,42.985,0.584,A,relation-reasoning-agent-eval-v3.1
2026-08-14T00:20:00+09:00,CMP-S01-L02-01,S01,S01-L02,1,running,181.7294,377.6648,96.532,26.3917,-2.3494,C,relation-reasoning-agent-eval-v3.1
2026-08-14T00:20:00+09:00,CMP-S01-L03-01,S01,S01-L03,1,running,169.7391,435.5261,99.7194,41.4954,0.1731,A,relation-reasoning-agent-eval-v3.1
2026-08-14T00:20:00+09:00,CMP-S01-L04-01,S01,S01-L04,1,running,163.6199,446.1347,111.6101,40.6393,0.1641,A,relation-reasoning-agent-eval-v3.1
2026-08-14T00:20:00+09:00,CMP-S01-L05-01,S01,S01-L05,1,running,175.3586,390.4692,97.6615,48.7977,1.3435,B,relation-reasoning-agent-eval-v3.1
2026-08-14T00:30:00+09:00,CMP-S01-L01-01,S01,S01-L01,1,running,178.3929,424.3531,89.4553,43.231,0.6296,A,relation-reasoning-agent-eval-v3.1
2026-08-14T00:30:00+09:00,CMP-S01-L02-01,S01,S01-L02,1,running,196.4757,408.9059,90.4715,31.0083,-1.4944,B,relation-reasoning-agent-eval-v3.1
2026-08-14T00:30:00+09:00,CMP-S01-L03-01,S01,S01-L03,1,running,161.6362,448.4365,107.5189,36.5534,-0.742,A,relation-reasoning-agent-eval-v3.1
2026-08-14T00:30:00+09:00,CMP-S01-L04-01,S01,S01-L04,1,running,160.1285,450.6442,107.4412,43.2327,0.6444,A,relation-reasoning-agent-eval-v3.1
2026-08-14T00:30:00+09:00,CMP-S01-L05-01,S01,S01-L05,1,running,162.9772,398.9496,103.2348,50.4209,1.6441,B,relation-reasoning-agent-eval-v3.1
2026-08-14T00:40:00+09:00,CMP-S01-L01-01,S01,S01-L01,1,running,174.8674,445.1826,87.8758,41.2542,0.2635,A,relation-reasoning-agent-eval-v3.1
2026-08-14T00:40:00+09:00,CMP-S01-L02-01,S01,S01-L02,1,running,171.8147,361.3216,93.6242,35.7001,-0.6256,A,relation-reasoning-agent-eval-v3.1
2026-08-14T00:40:00+09:00,CMP-S01-L03-01,S01,S01-L03,1,running,168.2307,427.7676,109.1428,39.7249,-0.1547,A,relation-reasoning-agent-eval-v3.1
2026-08-14T00:40:00+09:00,CMP-S01-L04-01,S01,S01-L04,1,running,162.2902,454.6999,110.1286,39.5208,-0.043,A,relation-reasoning-agent-eval-v3.1
2026-08-14T00:40:00+09:00,CMP-S01-L05-01,S01,S01-L05,1,running,159.5946,379.0711,106.2884,43.422,0.348,A,relation-reasoning-agent-eval-v3.1
2026-08-14T00:50:00+09:00,CMP-S01-L01-01,S01,S01-L01,1,running,178.417,438.7748,84.9919,35.7227,-0.7608,A,relation-reasoning-agent-eval-v3.1
2026-08-14T00:50:00+09:00,CMP-S01-L02-01,S01,S01-L02,1,running,169.4282,394.2952,95.0377,34.522,-0.8438,A,relation-reasoning-agent-eval-v3.1
2026-08-14T00:50:00+09:00,CMP-S01-L03-01,S01,S01-L03,1,running,155.0091,454.21,110.881,36.3095,-0.7872,A,relation-reasoning-agent-eval-v3.1
2026-08-14T00:50:00+09:00,CMP-S01-L04-01,S01,S01-L04,1,running,162.0353,486.2477,117.2936,33.2802,-1.1987,B,relation-reasoning-agent-eval-v3.1
2026-08-14T00:50:00+09:00,CMP-S01-L05-01,S01,S01-L05,1,running,166.9148,419.8533,99.0711,46.7082,0.9566,A,relation-reasoning-agent-eval-v3.1
2026-08-14T01:00:00+09:00,CMP-S01-L01-01,S01,S01-L01,1,running,154.1501,453.6125,81.7593,37.7237,-0.3903,A,relation-reasoning-agent-eval-v3.1
2026-08-14T01:00:00+09:00,CMP-S01-L02-01,S01,S01-L02,1,running,172.7786,368.6832,97.4091,28.6788,-1.9258,B,relation-reasoning-agent-eval-v3.1
2026-08-14T01:00:00+09:00,CMP-S01-L03-01,S01,S01-L03,1,running,172.4873,424.1555,111.2781,40.3319,-0.0423,A,relation-reasoning-agent-eval-v3.1
2026-08-14T01:00:00+09:00,CMP-S01-L04-01,S01,S01-L04,1,running,152.4806,471.0366,117.2408,29.3668,-1.9234,B,relation-reasoning-agent-eval-v3.1
2026-08-14T01:00:00+09:00,CMP-S01-L05-01,S01,S01-L05,1,running,179.6027,386.6073,100.7299,41.7831,0.0445,A,relation-reasoning-agent-eval-v3.1
2026-08-14T01:10:00+09:00,CMP-S01-L01-01,S01,S01-L01,1,running,160.2876,420.7823,85.4862,36.5899,-0.6002,A,relation-reasoning-agent-eval-v3.1
2026-08-14T01:10:00+09:00,CMP-S01-L02-01,S01,S01-L02,1,running,176.2387,374.4665,97.295,27.144,-2.21,C,relation-reasoning-agent-eval-v3.1
2026-08-14T01:10:00+09:00,CMP-S01-L03-01,S01,S01-L03,1,running,170.4282,428.5373,111.0909,36.8121,-0.6941,A,relation-reasoning-agent-eval-v3.1
2026-08-14T01:10:00+09:00,CMP-S01-L04-01,S01,S01-L04,1,running,141.7667,457.2219,117.8648,36.5068,-0.6012,A,relation-reasoning-agent-eval-v3.1
2026-08-14T01:10:00+09:00,CMP-S01-L05-01,S01,S01-L05,1,running,165.7157,412.1652,103.1977,39.0954,-0.4532,A,relation-reasoning-agent-eval-v3.1
2026-08-14T01:20:00+09:00,CMP-S01-L01-01,S01,S01-L01,1,running,162.7852,438.5287,82.3881,36.1184,-0.6876,A,relation-reasoning-agent-eval-v3.1
2026-08-14T01:20:00+09:00,CMP-S01-L02-01,S01,S01-L02,1,running,168.9563,404.6366,96.7657,28.6766,-1.9262,B,relation-reasoning-agent-eval-v3.1
2026-08-14T01:20:00+09:00,CMP-S01-L03-01,S01,S01-L03,1,running,186.1755,451.9237,107.0725,37.5162,-0.5637,A,relation-reasoning-agent-eval-v3.1
2026-08-14T01:20:00+09:00,CMP-S01-L04-01,S01,S01-L04,1,running,133.9449,495.1211,106.125,35.6989,-0.7508,A,relation-reasoning-agent-eval-v3.1
2026-08-14T01:20:00+09:00,CMP-S01-L05-01,S01,S01-L05,1,running,170.3165,382.2278,98.5886,40.6996,-0.1561,A,relation-reasoning-agent-eval-v3.1
2026-08-14T01:30:00+09:00,CMP-S01-L01-01,S01,S01-L01,1,running,172.7233,444.5979,83.4596,38.2695,-0.2892,A,relation-reasoning-agent-eval-v3.1
2026-08-14T01:30:00+09:00,CMP-S01-L02-01,S01,S01-L02,1,running,160.1029,424.097,104.795,30.4,-1.6071,B,relation-reasoning-agent-eval-v3.1
2026-08-14T01:30:00+09:00,CMP-S01-L03-01,S01,S01-L03,1,running,205.2056,451.8127,106.6167,36.4826,-0.7552,A,relation-reasoning-agent-eval-v3.1
2026-08-14T01:30:00+09:00,CMP-S01-L04-01,S01,S01-L04,1,running,127.621,507.3705,102.1766,40.8892,0.2104,A,relation-reasoning-agent-eval-v3.1
2026-08-14T01:30:00+09:00,CMP-S01-L05-01,S01,S01-L05,1,running,187.2231,408.5468,101.5859,30.1712,-2.1058,C,relation-reasoning-agent-eval-v3.1
2026-08-14T01:40:00+09:00,CMP-S01-L01-01,S01,S01-L01,1,running,176.1526,437.7722,84.3745,33.1428,-1.2386,B,relation-reasoning-agent-eval-v3.1
2026-08-14T01:40:00+09:00,CMP-S01-L02-01,S01,S01-L02,1,running,139.5642,399.3398,98.4839,30.4068,-1.6058,B,relation-reasoning-agent-eval-v3.1
2026-08-14T01:40:00+09:00,CMP-S01-L03-01,S01,S01-L03,1,running,186.154,434.3893,104.8519,41.36,0.1481,A,relation-reasoning-agent-eval-v3.1
2026-08-14T01:40:00+09:00,CMP-S01-L04-01,S01,S01-L04,1,running,151.0568,472.9694,104.7513,42.1627,0.4462,A,relation-reasoning-agent-eval-v3.1
2026-08-14T01:40:00+09:00,CMP-S01-L05-01,S01,S01-L05,1,running,152.9487,402.3932,102.4666,37.2661,-0.7919,A,relation-reasoning-agent-eval-v3.1
2026-08-14T01:50:00+09:00,CMP-S01-L01-01,S01,S01-L01,1,running,185.5942,415.1596,79.1801,28.7698,-2.0484,C,relation-reasoning-agent-eval-v3.1
2026-08-14T01:50:00+09:00,CMP-S01-L02-01,S01,S01-L02,1,running,129.6286,416.1604,95.535,31.4977,-1.4038,B,relation-reasoning-agent-eval-v3.1
2026-08-14T01:50:00+09:00,CMP-S01-L03-01,S01,S01-L03,1,running,181.6716,395.6435,105.7058,42.4908,0.3575,A,relation-reasoning-agent-eval-v3.1
2026-08-14T01:50:00+09:00,CMP-S01-L04-01,S01,S01-L04,1,running,168.1997,464.0482,100.759,36.1171,-0.6733,A,relation-reasoning-agent-eval-v3.1
2026-08-14T01:50:00+09:00,CMP-S01-L05-01,S01,S01-L05,1,running,156.5769,386.781,102.552,41.5707,0.0052,A,relation-reasoning-agent-eval-v3.1
2026-08-14T02:00:00+09:00,CMP-S01-L01-01,S01,S01-L01,1,running,177.8592,484.9198,80.6602,29.9001,-1.8391,B,relation-reasoning-agent-eval-v3.1
2026-08-14T02:00:00+09:00,CMP-S01-L02-01,S01,S01-L02,1,running,130.852,486.2951,99.7368,33.264,-1.0767,B,relation-reasoning-agent-eval-v3.1
2026-08-14T02:00:00+09:00,CMP-S01-L03-01,S01,S01-L03,1,running,167.7728,407.474,106.4114,43.5606,0.5556,A,relation-reasoning-agent-eval-v3.1
2026-08-14T02:00:00+09:00,CMP-S01-L04-01,S01,S01-L04,1,running,182.3072,471.861,97.7588,38.5979,-0.2139,A,relation-reasoning-agent-eval-v3.1
2026-08-14T02:00:00+09:00,CMP-S01-L05-01,S01,S01-L05,1,running,164.627,423.4263,99.6975,40.1557,-0.2568,A,relation-reasoning-agent-eval-v3.1
2026-08-14T02:10:00+09:00,CMP-S01-L01-01,S01,S01-L01,1,running,166.9683,476.8207,82.5666,39.5248,-0.0568,A,relation-reasoning-agent-eval-v3.1
2026-08-14T02:10:00+09:00,CMP-S01-L02-01,S01,S01-L02,1,running,122.081,465.118,98.2089,33.3542,-1.06,B,relation-reasoning-agent-eval-v3.1
2026-08-14T02:10:00+09:00,CMP-S01-L03-01,S01,S01-L03,1,running,176.3253,420.1042,97.589,47.5366,1.2919,B,relation-reasoning-agent-eval-v3.1
2026-08-14T02:10:00+09:00,CMP-S01-L04-01,S01,S01-L04,1,running,192.4876,478.0216,105.1147,38.9942,-0.1405,A,relation-reasoning-agent-eval-v3.1
2026-08-14T02:10:00+09:00,CMP-S01-L05-01,S01,S01-L05,1,running,183.5509,461.7343,102.2057,42.4123,0.161,A,relation-reasoning-agent-eval-v3.1
2026-08-14T02:20:00+09:00,CMP-S01-L01-01,S01,S01-L01,1,running,184.6874,447.1555,86.3048,45.2819,1.0094,B,relation-reasoning-agent-eval-v3.1
2026-08-14T02:20:00+09:00,CMP-S01-L02-01,S01,S01-L02,1,running,122.1687,465.9575,104.2149,37.3683,-0.3167,A,relation-reasoning-agent-eval-v3.1
2026-08-14T02:20:00+09:00,CMP-S01-L03-01,S01,S01-L03,1,running,171.7567,429.7715,101.8461,41.1259,0.1047,A,relation-reasoning-agent-eval-v3.1
2026-08-14T02:20:00+09:00,CMP-S01-L04-01,S01,S01-L04,1,running,198.8389,476.4498,109.2749,44.9939,0.9705,A,relation-reasoning-agent-eval-v3.1
2026-08-14T02:20:00+09:00,CMP-S01-L05-01,S01,S01-L05,1,running,187.1903,471.9722,105.8616,31.9595,-1.7747,B,relation-reasoning-agent-eval-v3.1
2026-08-14T02:30:00+09:00,CMP-S01-L01-01,S01,S01-L01,1,running,191.4345,474.3243,91.8021,40.2505,0.0776,A,relation-reasoning-agent-eval-v3.1
2026-08-14T02:30:00+09:00,CMP-S01-L02-01,S01,S01-L02,1,running,138.4942,416.8853,102.83,38.4484,-0.1167,A,relation-reasoning-agent-eval-v3.1
2026-08-14T02:30:00+09:00,CMP-S01-L03-01,S01,S01-L03,1,running,165.1673,424.5052,102.2178,40.1453,-0.0769,A,relation-reasoning-agent-eval-v3.1
2026-08-14T02:30:00+09:00,CMP-S01-L04-01,S01,S01-L04,1,running,194.6585,456.2266,102.345,39.4387,-0.0582,A,relation-reasoning-agent-eval-v3.1
2026-08-14T02:30:00+09:00,CMP-S01-L05-01,S01,S01-L05,1,running,171.1755,477.635,104.1133,30.812,-1.9871,B,relation-reasoning-agent-eval-v3.1
2026-08-14T02:40:00+09:00,CMP-S01-L01-01,S01,S01-L01,1,running,189.5586,455.6694,96.0791,40.6155,0.1452,A,relation-reasoning-agent-eval-v3.1
2026-08-14T02:40:00+09:00,CMP-S01-L02-01,S01,S01-L02,1,running,152.9888,385.2964,107.7305,41.2959,0.4107,A,relation-reasoning-agent-eval-v3.1
2026-08-14T02:40:00+09:00,CMP-S01-L03-01,S01,S01-L03,1,running,164.8225,444.8483,98.7563,42.563,0.3708,A,relation-reasoning-agent-eval-v3.1
2026-08-14T02:40:00+09:00,CMP-S01-L04-01,S01,S01-L04,1,running,183.5683,412.8685,104.4702,40.4658,0.132,A,relation-reasoning-agent-eval-v3.1
2026-08-14T02:40:00+09:00,CMP-S01-L05-01,S01,S01-L05,1,running,148.9579,504.8502,98.4278,30.2385,-2.0934,C,relation-reasoning-agent-eval-v3.1
2026-08-14T02:50:00+09:00,CMP-S01-L01-01,S01,S01-L01,1,running,199.0343,478.0831,92.1404,45.7223,1.0909,B,relation-reasoning-agent-eval-v3.1
2026-08-14T02:50:00+09:00,CMP-S01-L02-01,S01,S01-L02,1,running,149.4106,362.4301,116.1333,35.5414,-0.655,A,relation-reasoning-agent-eval-v3.1
2026-08-14T02:50:00+09:00,CMP-S01-L03-01,S01,S01-L03,1,running,171.5301,472.4925,99.0167,43.5927,0.5615,A,relation-reasoning-agent-eval-v3.1
2026-08-14T02:50:00+09:00,CMP-S01-L04-01,S01,S01-L04,1,running,178.1153,424.9445,98.6076,36.9541,-0.5183,A,relation-reasoning-agent-eval-v3.1
2026-08-14T02:50:00+09:00,CMP-S01-L05-01,S01,S01-L05,1,running,169.1194,490.8299,95.8114,29.1739,-2.2905,C,relation-reasoning-agent-eval-v3.1
2026-08-14T03:00:00+09:00,CMP-S01-L01-01,S01,S01-L01,1,running,189.3522,497.2727,85.467,42.1527,0.4299,A,relation-reasoning-agent-eval-v3.1
2026-08-14T03:00:00+09:00,CMP-S01-L02-01,S01,S01-L02,1,running,169.7129,436.8877,110.4099,38.8157,-0.0486,A,relation-reasoning-agent-eval-v3.1
2026-08-14T03:00:00+09:00,CMP-S01-L03-01,S01,S01-L03,1,running,173.7755,509.4116,98.4502,43.6715,0.5761,A,relation-reasoning-agent-eval-v3.1
2026-08-14T03:00:00+09:00,CMP-S01-L04-01,S01,S01-L04,1,running,166.249,471.223,96.2114,36.6635,-0.5722,A,relation-reasoning-agent-eval-v3.1
2026-08-14T03:00:00+09:00,CMP-S01-L05-01,S01,S01-L05,1,running,180.2156,504.5329,97.0694,30.1997,-2.1006,C,relation-reasoning-agent-eval-v3.1
2026-08-14T03:10:00+09:00,CMP-S01-L01-01,S01,S01-L01,1,running,208.0921,481.8726,88.1182,32.4412,-1.3685,B,relation-reasoning-agent-eval-v3.1
2026-08-14T03:10:00+09:00,CMP-S01-L02-01,S01,S01-L02,1,running,170.0859,390.0637,102.1387,45.3792,1.1668,B,relation-reasoning-agent-eval-v3.1
2026-08-14T03:10:00+09:00,CMP-S01-L03-01,S01,S01-L03,1,running,161.5753,463.06,101.7605,47.0082,1.194,B,relation-reasoning-agent-eval-v3.1
2026-08-14T03:10:00+09:00,CMP-S01-L04-01,S01,S01-L04,1,running,170.0757,456.0431,103.1965,36.8871,-0.5307,A,relation-reasoning-agent-eval-v3.1
2026-08-14T03:10:00+09:00,CMP-S01-L05-01,S01,S01-L05,1,running,181.2795,497.5351,97.1866,29.2325,-2.2797,C,relation-reasoning-agent-eval-v3.1
2026-08-14T03:20:00+09:00,CMP-S01-L01-01,S01,S01-L01,1,running,211.2051,481.3012,90.6364,28.962,-2.0128,C,relation-reasoning-agent-eval-v3.1
2026-08-14T03:20:00+09:00,CMP-S01-L02-01,S01,S01-L02,1,running,184.6481,387.8927,98.8649,42.3427,0.6045,A,relation-reasoning-agent-eval-v3.1
2026-08-14T03:20:00+09:00,CMP-S01-L03-01,S01,S01-L03,1,running,154.728,419.7306,92.398,46.7961,1.1548,B,relation-reasoning-agent-eval-v3.1
2026-08-14T03:20:00+09:00,CMP-S01-L04-01,S01,S01-L04,1,running,163.6488,471.5379,104.6906,42.256,0.4635,A,relation-reasoning-agent-eval-v3.1
2026-08-14T03:20:00+09:00,CMP-S01-L05-01,S01,S01-L05,1,running,185.3271,471.2345,93.1476,30.7253,-2.0032,C,relation-reasoning-agent-eval-v3.1
2026-08-14T03:30:00+09:00,CMP-S01-L01-01,S01,S01-L01,1,running,206.9521,496.0718,89.8248,26.3694,-2.4929,C,relation-reasoning-agent-eval-v3.1
2026-08-14T03:30:00+09:00,CMP-S01-L02-01,S01,S01-L02,1,running,199.7905,452.3662,103.7487,47.2362,1.5107,B,relation-reasoning-agent-eval-v3.1
2026-08-14T03:30:00+09:00,CMP-S01-L03-01,S01,S01-L03,1,running,147.6298,475.3413,97.712,44.1197,0.6591,A,relation-reasoning-agent-eval-v3.1
2026-08-14T03:30:00+09:00,CMP-S01-L04-01,S01,S01-L04,1,running,168.0964,462.7176,108.9526,40.7987,0.1936,A,relation-reasoning-agent-eval-v3.1
2026-08-14T03:30:00+09:00,CMP-S01-L05-01,S01,S01-L05,1,running,182.3118,479.5482,94.5019,26.5695,-2.7728,C,relation-reasoning-agent-eval-v3.1
2026-08-14T03:40:00+09:00,CMP-S01-L01-01,S01,S01-L01,1,running,188.6683,479.7884,90.4154,30.6707,-1.6964,B,relation-reasoning-agent-eval-v3.1
2026-08-14T03:40:00+09:00,CMP-S01-L02-01,S01,S01-L02,1,running,180.6745,462.8911,103.8605,49.528,1.9351,B,relation-reasoning-agent-eval-v3.1
2026-08-14T03:40:00+09:00,CMP-S01-L03-01,S01,S01-L03,1,running,159.0934,418.4131,96.9606,40.2861,-0.0508,A,relation-reasoning-agent-eval-v3.1
2026-08-14T03:40:00+09:00,CMP-S01-L04-01,S01,S01-L04,1,running,161.5786,437.9159,115.5672,44.5346,0.8855,A,relation-reasoning-agent-eval-v3.1
2026-08-14T03:40:00+09:00,CMP-S01-L05-01,S01,S01-L05,1,running,177.1289,436.5348,87.2789,28.0592,-2.4969,C,relation-reasoning-agent-eval-v3.1
2026-08-14T03:50:00+09:00,CMP-S01-L01-01,S01,S01-L01,1,running,198.7628,467.8158,90.8643,32.877,-1.2878,B,relation-reasoning-agent-eval-v3.1
2026-08-14T03:50:00+09:00,CMP-S01-L02-01,S01,S01-L02,1,running,193.6969,448.5234,101.7614,48.4689,1.739,B,relation-reasoning-agent-eval-v3.1
2026-08-14T03:50:00+09:00,CMP-S01-L03-01,S01,S01-L03,1,running,163.5101,475.7459,101.5269,42.2737,0.3173,A,relation-reasoning-agent-eval-v3.1
2026-08-14T03:50:00+09:00,CMP-S01-L04-01,S01,S01-L04,1,running,152.3596,446.5645,106.8904,37.8446,-0.3534,A,relation-reasoning-agent-eval-v3.1
2026-08-14T03:50:00+09:00,CMP-S01-L05-01,S01,S01-L05,1,running,182.5865,428.6831,92.2404,30.2872,-2.0843,C,relation-reasoning-agent-eval-v3.1
2026-08-14T04:00:00+09:00,CMP-S01-L01-01,S01,S01-L01,1,running,191.3217,446.0692,86.8031,36.7566,-0.5694,A,relation-reasoning-agent-eval-v3.1
2026-08-14T04:00:00+09:00,CMP-S01-L02-01,S01,S01-L02,1,running,189.4947,419.7703,109.4632,45.3445,1.1604,B,relation-reasoning-agent-eval-v3.1
2026-08-14T04:00:00+09:00,CMP-S01-L03-01,S01,S01-L03,1,running,171.9509,463.3708,107.6485,40.7946,0.0434,A,relation-reasoning-agent-eval-v3.1
2026-08-14T04:00:00+09:00,CMP-S01-L04-01,S01,S01-L04,1,running,154.3222,438.6864,110.3546,36.6425,-0.576,A,relation-reasoning-agent-eval-v3.1
2026-08-14T04:00:00+09:00,CMP-S01-L05-01,S01,S01-L05,1,running,181.8926,480.3914,91.5495,36.5759,-0.9198,A,relation-reasoning-agent-eval-v3.1
2026-08-14T04:10:00+09:00,CMP-S01-L01-01,S01,S01-L01,1,running,175.8555,443.7354,86.2648,39.4152,-0.077,A,relation-reasoning-agent-eval-v3.1
2026-08-14T04:10:00+09:00,CMP-S01-L02-01,S01,S01-L02,1,running,173.6607,471.6642,110.3681,44.7972,1.059,B,relation-reasoning-agent-eval-v3.1
2026-08-14T04:10:00+09:00,CMP-S01-L03-01,S01,S01-L03,1,running,176.8047,469.5228,99.9263,38.9757,-0.2935,A,relation-reasoning-agent-eval-v3.1
2026-08-14T04:10:00+09:00,CMP-S01-L04-01,S01,S01-L04,1,running,152.3882,469.936,105.0863,38.1017,-0.3058,A,relation-reasoning-agent-eval-v3.1
2026-08-14T04:10:00+09:00,CMP-S01-L05-01,S01,S01-L05,1,running,183.1138,442.0708,96.5478,36.1638,-0.9961,A,relation-reasoning-agent-eval-v3.1
2026-08-14T04:20:00+09:00,CMP-S01-L01-01,S01,S01-L01,1,running,178.1066,477.0699,83.3973,42.6226,0.5169,A,relation-reasoning-agent-eval-v3.1
2026-08-14T04:20:00+09:00,CMP-S01-L02-01,S01,S01-L02,1,running,173.8873,453.33,105.7853,45.8697,1.2577,B,relation-reasoning-agent-eval-v3.1
2026-08-14T04:20:00+09:00,CMP-S01-L03-01,S01,S01-L03,1,running,172.3179,455.6795,106.334,40.2243,-0.0622,A,relation-reasoning-agent-eval-v3.1
2026-08-14T04:20:00+09:00,CMP-S01-L04-01,S01,S01-L04,1,running,172.9631,440.2833,109.665,38.273,-0.2741,A,relation-reasoning-agent-eval-v3.1
2026-08-14T04:20:00+09:00,CMP-S01-L05-01,S01,S01-L05,1,running,186.9707,458.6138,100.2181,37.0918,-0.8242,A,relation-reasoning-agent-eval-v3.1
2026-08-14T04:30:00+09:00,CMP-S01-L01-01,S01,S01-L01,1,running,183.6212,482.2972,80.4777,42.8783,0.5643,A,relation-reasoning-agent-eval-v3.1
2026-08-14T04:30:00+09:00,CMP-S01-L02-01,S01,S01-L02,1,running,181.4004,469.9248,109.2246,45.0278,1.1018,B,relation-reasoning-agent-eval-v3.1
2026-08-14T04:30:00+09:00,CMP-S01-L03-01,S01,S01-L03,1,running,173.5041,436.0676,109.1277,43.1037,0.471,A,relation-reasoning-agent-eval-v3.1
2026-08-14T04:30:00+09:00,CMP-S01-L04-01,S01,S01-L04,1,running,156.0831,447.2281,112.1283,33.8984,-1.0842,B,relation-reasoning-agent-eval-v3.1
2026-08-14T04:30:00+09:00,CMP-S01-L05-01,S01,S01-L05,1,running,177.8689,450.3326,107.0571,40.4108,-0.2096,A,relation-reasoning-agent-eval-v3.1
2026-08-14T04:40:00+09:00,CMP-S01-L01-01,S01,S01-L01,1,running,165.7662,442.6443,96.3534,40.197,0.0677,A,relation-reasoning-agent-eval-v3.1
2026-08-14T04:40:00+09:00,CMP-S01-L02-01,S01,S01-L02,1,running,187.2948,446.4147,104.6272,39.9225,0.1563,A,relation-reasoning-agent-eval-v3.1
2026-08-14T04:40:00+09:00,CMP-S01-L03-01,S01,S01-L03,1,running,174.2089,439.8327,111.6467,43.3416,0.515,A,relation-reasoning-agent-eval-v3.1
2026-08-14T04:40:00+09:00,CMP-S01-L04-01,S01,S01-L04,1,running,157.9517,465.867,109.6113,41.0061,0.232,A,relation-reasoning-agent-eval-v3.1
2026-08-14T04:40:00+09:00,CMP-S01-L05-01,S01,S01-L05,1,running,178.0015,434.5773,102.8858,43.351,0.3349,A,relation-reasoning-agent-eval-v3.1
2026-08-14T04:50:00+09:00,CMP-S01-L01-01,S01,S01-L01,1,running,168.1902,441.9106,95.6056,39.7847,-0.0086,A,relation-reasoning-agent-eval-v3.1
2026-08-14T04:50:00+09:00,CMP-S01-L02-01,S01,S01-L02,1,running,174.008,438.348,107.2984,40.9139,0.3399,A,relation-reasoning-agent-eval-v3.1
2026-08-14T04:50:00+09:00,CMP-S01-L03-01,S01,S01-L03,1,running,175.7283,412.077,106.6117,38.3249,-0.414,A,relation-reasoning-agent-eval-v3.1
2026-08-14T04:50:00+09:00,CMP-S01-L04-01,S01,S01-L04,1,running,176.3409,446.281,108.2591,40.9552,0.2226,A,relation-reasoning-agent-eval-v3.1
2026-08-14T04:50:00+09:00,CMP-S01-L05-01,S01,S01-L05,1,running,180.6207,408.3486,102.5088,40.6069,-0.1733,A,relation-reasoning-agent-eval-v3.1
2026-08-14T05:00:00+09:00,CMP-S01-L01-01,S01,S01-L01,1,running,161.0324,396.7949,94.5897,40.831,0.1851,A,relation-reasoning-agent-eval-v3.1
2026-08-14T05:00:00+09:00,CMP-S01-L02-01,S01,S01-L02,1,running,173.2014,386.6985,106.2669,38.9302,-0.0274,A,relation-reasoning-agent-eval-v3.1
2026-08-14T05:00:00+09:00,CMP-S01-L03-01,S01,S01-L03,1,running,187.0667,444.7903,103.9216,43.1722,0.4837,A,relation-reasoning-agent-eval-v3.1
2026-08-14T05:00:00+09:00,CMP-S01-L04-01,S01,S01-L04,1,running,190.7637,486.4462,101.989,37.0398,-0.5025,A,relation-reasoning-agent-eval-v3.1
2026-08-14T05:00:00+09:00,CMP-S01-L05-01,S01,S01-L05,1,running,175.5816,374.6978,92.7954,38.4018,-0.5816,A,relation-reasoning-agent-eval-v3.1
2026-08-14T05:10:00+09:00,CMP-S01-L01-01,S01,S01-L01,1,running,166.8928,371.3704,88.4918,41.6128,0.3299,A,relation-reasoning-agent-eval-v3.1
2026-08-14T05:10:00+09:00,CMP-S01-L02-01,S01,S01-L02,1,running,164.8128,385.1193,108.5403,39.1543,0.0141,A,relation-reasoning-agent-eval-v3.1
2026-08-14T05:10:00+09:00,CMP-S01-L03-01,S01,S01-L03,1,running,181.2523,402.1467,104.1725,34.8365,-1.06,B,relation-reasoning-agent-eval-v3.1
2026-08-14T05:10:00+09:00,CMP-S01-L04-01,S01,S01-L04,1,running,181.4527,466.4865,103.1397,37.3719,-0.441,A,relation-reasoning-agent-eval-v3.1
2026-08-14T05:10:00+09:00,CMP-S01-L05-01,S01,S01-L05,1,running,171.3202,403.5779,85.7253,35.8232,-1.0592,B,relation-reasoning-agent-eval-v3.1
2026-08-14T05:20:00+09:00,CMP-S01-L01-01,S01,S01-L01,1,running,176.1933,345.8917,88.3302,48.5412,1.613,B,relation-reasoning-agent-eval-v3.1
2026-08-14T05:20:00+09:00,CMP-S01-L02-01,S01,S01-L02,1,running,169.6818,442.1195,107.2356,38.5886,-0.0907,A,relation-reasoning-agent-eval-v3.1
2026-08-14T05:20:00+09:00,CMP-S01-L03-01,S01,S01-L03,1,running,184.8352,338.3947,103.344,38.0884,-0.4578,A,relation-reasoning-agent-eval-v3.1
2026-08-14T05:20:00+09:00,CMP-S01-L04-01,S01,S01-L04,1,running,188.5903,420.145,107.2472,46.4021,1.2313,B,relation-reasoning-agent-eval-v3.1
2026-08-14T05:20:00+09:00,CMP-S01-L05-01,S01,S01-L05,1,running,182.8867,408.7324,96.8505,39.6739,-0.3461,A,relation-reasoning-agent-eval-v3.1
2026-08-14T05:30:00+09:00,CMP-S01-L01-01,S01,S01-L01,1,running,163.2607,416.6593,90.4635,45.4234,1.0356,B,relation-reasoning-agent-eval-v3.1
2026-08-14T05:30:00+09:00,CMP-S01-L02-01,S01,S01-L02,1,running,167.81,393.0997,98.4638,39.4199,0.0633,A,relation-reasoning-agent-eval-v3.1
2026-08-14T05:30:00+09:00,CMP-S01-L03-01,S01,S01-L03,1,running,167.9502,362.2618,100.9096,37.2294,-0.6169,A,relation-reasoning-agent-eval-v3.1
2026-08-14T05:30:00+09:00,CMP-S01-L04-01,S01,S01-L04,1,running,186.9237,368.7162,104.4981,46.7223,1.2906,B,relation-reasoning-agent-eval-v3.1
2026-08-14T05:30:00+09:00,CMP-S01-L05-01,S01,S01-L05,1,running,185.9065,407.1141,98.0552,39.3314,-0.4095,A,relation-reasoning-agent-eval-v3.1
2026-08-14T05:40:00+09:00,CMP-S01-L01-01,S01,S01-L01,1,running,161.5501,431.972,91.8099,35.8279,-0.7414,A,relation-reasoning-agent-eval-v3.1
2026-08-14T05:40:00+09:00,CMP-S01-L02-01,S01,S01-L02,1,running,151.6378,417.3088,103.2564,34.9717,-0.7605,A,relation-reasoning-agent-eval-v3.1
2026-08-14T05:40:00+09:00,CMP-S01-L03-01,S01,S01-L03,1,running,173.0975,356.9471,105.5259,40.4471,-0.021,A,relation-reasoning-agent-eval-v3.1
2026-08-14T05:40:00+09:00,CMP-S01-L04-01,S01,S01-L04,1,running,167.5478,383.0132,105.3552,49.2797,1.7642,B,relation-reasoning-agent-eval-v3.1
2026-08-14T05:40:00+09:00,CMP-S01-L05-01,S01,S01-L05,1,running,183.1537,423.1285,102.5916,41.4783,-0.0119,A,relation-reasoning-agent-eval-v3.1
2026-08-14T05:50:00+09:00,CMP-S01-L01-01,S01,S01-L01,1,running,183.2392,429.5363,84.9896,30.0658,-1.8084,B,relation-reasoning-agent-eval-v3.1
2026-08-14T05:50:00+09:00,CMP-S01-L02-01,S01,S01-L02,1,running,149.0127,390.5083,101.1807,32.9467,-1.1355,B,relation-reasoning-agent-eval-v3.1
2026-08-14T05:50:00+09:00,CMP-S01-L03-01,S01,S01-L03,1,running,158.3898,395.238,99.5068,41.7057,0.2121,A,relation-reasoning-agent-eval-v3.1
2026-08-14T05:50:00+09:00,CMP-S01-L04-01,S01,S01-L04,1,running,172.4763,347.9947,101.6913,48.5742,1.6335,B,relation-reasoning-agent-eval-v3.1
2026-08-14T05:50:00+09:00,CMP-S01-L05-01,S01,S01-L05,1,running,183.8519,389.2613,103.2161,47.2286,1.053,B,relation-reasoning-agent-eval-v3.1
2026-08-14T06:00:00+09:00,CMP-S01-L01-01,S01,S01-L01,1,running,192.3643,446.8716,87.433,33.221,-1.2241,B,relation-reasoning-agent-eval-v3.1
2026-08-14T06:00:00+09:00,CMP-S01-L02-01,S01,S01-L02,1,running,182.0869,388.6022,100.2015,26.7827,-2.277,C,relation-reasoning-agent-eval-v3.1
2026-08-14T06:00:00+09:00,CMP-S01-L03-01,S01,S01-L03,1,running,171.8911,453.0333,100.8597,47.4576,1.2773,B,relation-reasoning-agent-eval-v3.1
2026-08-14T06:00:00+09:00,CMP-S01-L04-01,S01,S01-L04,1,running,185.4158,383.4281,106.8293,46.8951,1.3226,B,relation-reasoning-agent-eval-v3.1
2026-08-14T06:00:00+09:00,CMP-S01-L05-01,S01,S01-L05,1,running,191.7874,389.1599,98.3726,51.2269,1.7934,B,relation-reasoning-agent-eval-v3.1
2026-08-14T06:10:00+09:00,CMP-S01-L01-01,S01,S01-L01,1,running,191.972,489.8106,76.5032,42.0518,0.4112,A,relation-reasoning-agent-eval-v3.1
2026-08-14T06:10:00+09:00,CMP-S01-L02-01,S01,S01-L02,1,running,173.0143,353.7457,103.5513,26.3004,-2.3663,C,relation-reasoning-agent-eval-v3.1
2026-08-14T06:10:00+09:00,CMP-S01-L03-01,S01,S01-L03,1,running,172.4175,454.3222,104.4103,47.2093,1.2313,B,relation-reasoning-agent-eval-v3.1
2026-08-14T06:10:00+09:00,CMP-S01-L04-01,S01,S01-L04,1,running,195.0558,384.4954,101.1871,47.5192,1.4382,B,relation-reasoning-agent-eval-v3.1
2026-08-14T06:10:00+09:00,CMP-S01-L05-01,S01,S01-L05,1,running,191.5501,388.0772,97.2978,47.0018,1.011,B,relation-reasoning-agent-eval-v3.1
2026-08-14T06:20:00+09:00,CMP-S01-L01-01,S01,S01-L01,1,running,163.3139,408.9418,80.8906,45.8177,1.1086,B,relation-reasoning-agent-eval-v3.1
2026-08-14T06:20:00+09:00,CMP-S01-L02-01,S01,S01-L02,1,running,166.7331,396.5431,103.1978,36.5579,-0.4667,A,relation-reasoning-agent-eval-v3.1
2026-08-14T06:20:00+09:00,CMP-S01-L03-01,S01,S01-L03,1,running,173.4422,422.3986,105.9504,42.4012,0.3409,A,relation-reasoning-agent-eval-v3.1
2026-08-14T06:20:00+09:00,CMP-S01-L04-01,S01,S01-L04,1,running,177.4396,433.7904,99.1719,43.3214,0.6608,A,relation-reasoning-agent-eval-v3.1
2026-08-14T06:20:00+09:00,CMP-S01-L05-01,S01,S01-L05,1,running,182.6062,444.4339,102.5682,40.2934,-0.2313,A,relation-reasoning-agent-eval-v3.1
2026-08-14T06:30:00+09:00,CMP-S01-L01-01,S01,S01-L01,1,running,150.6143,386.4107,81.7226,39.911,0.0148,A,relation-reasoning-agent-eval-v3.1
2026-08-14T06:30:00+09:00,CMP-S01-L02-01,S01,S01-L02,1,running,180.3111,389.317,102.1936,34.5671,-0.8354,A,relation-reasoning-agent-eval-v3.1
2026-08-14T06:30:00+09:00,CMP-S01-L03-01,S01,S01-L03,1,running,169.605,419.7112,109.5302,44.001,0.6371,A,relation-reasoning-agent-eval-v3.1
2026-08-14T06:30:00+09:00,CMP-S01-L04-01,S01,S01-L04,1,running,182.7076,440.8791,94.732,39.216,-0.0995,A,relation-reasoning-agent-eval-v3.1
2026-08-14T06:30:00+09:00,CMP-S01-L05-01,S01,S01-L05,1,running,180.0731,448.3952,99.3019,40.8536,-0.1276,A,relation-reasoning-agent-eval-v3.1
2026-08-14T06:40:00+09:00,CMP-S01-L01-01,S01,S01-L01,1,running,166.1198,447.2658,85.5176,40.6962,0.1602,A,relation-reasoning-agent-eval-v3.1
2026-08-14T06:40:00+09:00,CMP-S01-L02-01,S01,S01-L02,1,running,176.4837,417.621,101.8518,38.7931,-0.0528,A,relation-reasoning-agent-eval-v3.1
2026-08-14T06:40:00+09:00,CMP-S01-L03-01,S01,S01-L03,1,running,166.7934,427.5478,104.1293,41.962,0.2595,A,relation-reasoning-agent-eval-v3.1
2026-08-14T06:40:00+09:00,CMP-S01-L04-01,S01,S01-L04,1,running,194.6703,454.8082,97.9593,34.0822,-1.0502,B,relation-reasoning-agent-eval-v3.1
2026-08-14T06:40:00+09:00,CMP-S01-L05-01,S01,S01-L05,1,running,179.1275,437.9979,99.1726,40.5011,-0.1929,A,relation-reasoning-agent-eval-v3.1
2026-08-14T06:50:00+09:00,CMP-S01-L01-01,S01,S01-L01,1,running,161.2552,457.5553,83.7118,36.8847,-0.5457,A,relation-reasoning-agent-eval-v3.1
2026-08-14T06:50:00+09:00,CMP-S01-L02-01,S01,S01-L02,1,running,177.0365,467.5633,104.0027,39.8954,0.1513,A,relation-reasoning-agent-eval-v3.1
2026-08-14T06:50:00+09:00,CMP-S01-L03-01,S01,S01-L03,1,running,176.0513,489.3777,100.4635,45.6198,0.9369,A,relation-reasoning-agent-eval-v3.1
2026-08-14T06:50:00+09:00,CMP-S01-L04-01,S01,S01-L04,1,running,187.0986,477.7005,101.3305,40.171,0.0774,A,relation-reasoning-agent-eval-v3.1
2026-08-14T06:50:00+09:00,CMP-S01-L05-01,S01,S01-L05,1,running,163.3723,427.9849,104.0218,41.2106,-0.0615,A,relation-reasoning-agent-eval-v3.1
2026-08-14T07:00:00+09:00,CMP-S01-L01-01,S01,S01-L01,1,running,173.4772,442.3838,91.179,37.9748,-0.3438,A,relation-reasoning-agent-eval-v3.1
2026-08-14T07:00:00+09:00,CMP-S01-L02-01,S01,S01-L02,1,running,173.7934,467.3695,102.3324,38.3858,-0.1282,A,relation-reasoning-agent-eval-v3.1
2026-08-14T07:00:00+09:00,CMP-S01-L03-01,S01,S01-L03,1,running,138.22,514.5599,95.1855,41.8885,0.2459,A,relation-reasoning-agent-eval-v3.1
2026-08-14T07:00:00+09:00,CMP-S01-L04-01,S01,S01-L04,1,running,185.3481,501.328,103.5705,41.8498,0.3883,A,relation-reasoning-agent-eval-v3.1
2026-08-14T07:00:00+09:00,CMP-S01-L05-01,S01,S01-L05,1,running,151.3152,456.7727,99.294,41.3624,-0.0334,A,relation-reasoning-agent-eval-v3.1
2026-08-14T07:10:00+09:00,CMP-S01-L01-01,S01,S01-L01,1,running,185.8773,426.8673,93.8678,35.7469,-0.7564,A,relation-reasoning-agent-eval-v3.1
2026-08-14T07:10:00+09:00,CMP-S01-L02-01,S01,S01-L02,1,running,171.2898,427.8143,102.1739,31.4675,-1.4094,B,relation-reasoning-agent-eval-v3.1
2026-08-14T07:10:00+09:00,CMP-S01-L03-01,S01,S01-L03,1,running,152.83,498.6006,98.9195,39.3329,-0.2273,A,relation-reasoning-agent-eval-v3.1
2026-08-14T07:10:00+09:00,CMP-S01-L04-01,S01,S01-L04,1,running,164.1196,492.0218,108.701,38.8142,-0.1739,A,relation-reasoning-agent-eval-v3.1
2026-08-14T07:10:00+09:00,CMP-S01-L05-01,S01,S01-L05,1,running,150.6465,478.2709,99.8234,37.779,-0.697,A,relation-reasoning-agent-eval-v3.1
2026-08-14T07:20:00+09:00,CMP-S01-L01-01,S01,S01-L01,1,running,168.2421,425.1957,88.5273,37.7097,-0.3929,A,relation-reasoning-agent-eval-v3.1
2026-08-14T07:20:00+09:00,CMP-S01-L02-01,S01,S01-L02,1,running,178.6102,446.4873,102.2875,42.9754,0.7217,A,relation-reasoning-agent-eval-v3.1
2026-08-14T07:20:00+09:00,CMP-S01-L03-01,S01,S01-L03,1,running,147.7477,485.0648,97.8197,41.9087,0.2497,A,relation-reasoning-agent-eval-v3.1
2026-08-14T07:20:00+09:00,CMP-S01-L04-01,S01,S01-L04,1,running,171.6876,493.5484,102.6735,38.9869,-0.1419,A,relation-reasoning-agent-eval-v3.1
2026-08-14T07:20:00+09:00,CMP-S01-L05-01,S01,S01-L05,1,running,158.4491,394.4945,98.0489,41.7689,0.0419,A,relation-reasoning-agent-eval-v3.1
2026-08-14T07:30:00+09:00,CMP-S01-L01-01,S01,S01-L01,1,running,167.6866,453.1922,79.4974,35.5345,-0.7957,A,relation-reasoning-agent-eval-v3.1
2026-08-14T07:30:00+09:00,CMP-S01-L02-01,S01,S01-L02,1,running,162.2855,423.648,102.7846,47.0447,1.4753,B,relation-reasoning-agent-eval-v3.1
2026-08-14T07:30:00+09:00,CMP-S01-L03-01,S01,S01-L03,1,running,154.7021,446.4992,97.6071,43.0423,0.4596,A,relation-reasoning-agent-eval-v3.1
2026-08-14T07:30:00+09:00,CMP-S01-L04-01,S01,S01-L04,1,running,170.3352,498.5365,108.7024,35.7949,-0.733,A,relation-reasoning-agent-eval-v3.1
2026-08-14T07:30:00+09:00,CMP-S01-L05-01,S01,S01-L05,1,running,153.2513,369.0756,93.5268,39.9054,-0.3032,A,relation-reasoning-agent-eval-v3.1
2026-08-14T07:40:00+09:00,CMP-S01-L01-01,S01,S01-L01,1,running,165.1409,468.1618,84.9223,33.9011,-1.0982,B,relation-reasoning-agent-eval-v3.1
2026-08-14T07:40:00+09:00,CMP-S01-L02-01,S01,S01-L02,1,running,145.9082,426.3547,101.4658,50.7086,2.1538,C,relation-reasoning-agent-eval-v3.1
2026-08-14T07:40:00+09:00,CMP-S01-L03-01,S01,S01-L03,1,running,153.8515,416.0349,103.0846,45.175,0.8545,A,relation-reasoning-agent-eval-v3.1
2026-08-14T07:40:00+09:00,CMP-S01-L04-01,S01,S01-L04,1,running,185.5067,506.6258,100.5981,44.4233,0.8649,A,relation-reasoning-agent-eval-v3.1
2026-08-14T07:40:00+09:00,CMP-S01-L05-01,S01,S01-L05,1,running,175.9641,321.1105,98.5969,45.0536,0.6502,A,relation-reasoning-agent-eval-v3.1
2026-08-14T07:50:00+09:00,CMP-S01-L01-01,S01,S01-L01,1,running,169.5181,480.7679,89.8904,34.7877,-0.934,A,relation-reasoning-agent-eval-v3.1
2026-08-14T07:50:00+09:00,CMP-S01-L02-01,S01,S01-L02,1,running,139.4413,503.8709,105.3033,41.9983,0.5407,A,relation-reasoning-agent-eval-v3.1
2026-08-14T07:50:00+09:00,CMP-S01-L03-01,S01,S01-L03,1,running,162.5772,443.0568,100.1323,42.6272,0.3827,A,relation-reasoning-agent-eval-v3.1
2026-08-14T07:50:00+09:00,CMP-S01-L04-01,S01,S01-L04,1,running,192.3718,445.6934,104.0763,44.6695,0.9105,A,relation-reasoning-agent-eval-v3.1
2026-08-14T07:50:00+09:00,CMP-S01-L05-01,S01,S01-L05,1,running,184.6294,363.1827,93.583,40.7386,-0.1489,A,relation-reasoning-agent-eval-v3.1
2026-08-14T08:00:00+09:00,CMP-S01-L01-01,S01,S01-L01,1,running,192.2602,441.539,85.968,33.846,-1.1084,B,relation-reasoning-agent-eval-v3.1
2026-08-14T08:00:00+09:00,CMP-S01-L02-01,S01,S01-L02,1,running,146.575,497.7065,102.8551,44.3483,0.9759,A,relation-reasoning-agent-eval-v3.1
2026-08-14T08:00:00+09:00,CMP-S01-L03-01,S01,S01-L03,1,running,168.5814,449.4656,97.0096,35.6791,-0.904,A,relation-reasoning-agent-eval-v3.1
2026-08-14T08:00:00+09:00,CMP-S01-L04-01,S01,S01-L04,1,running,188.5436,388.1993,104.6269,45.8714,1.133,B,relation-reasoning-agent-eval-v3.1
2026-08-14T08:00:00+09:00,CMP-S01-L05-01,S01,S01-L05,1,running,188.1928,396.5907,96.2677,41.5574,0.0027,A,relation-reasoning-agent-eval-v3.1
2026-08-14T08:10:00+09:00,CMP-S01-L01-01,S01,S01-L01,1,running,169.9488,472.7293,92.8463,41.7072,0.3474,A,relation-reasoning-agent-eval-v3.1
2026-08-14T08:10:00+09:00,CMP-S01-L02-01,S01,S01-L02,1,running,159.5081,483.0639,102.7108,43.9556,0.9032,A,relation-reasoning-agent-eval-v3.1
2026-08-14T08:10:00+09:00,CMP-S01-L03-01,S01,S01-L03,1,running,157.9475,420.5732,104.0082,33.1656,-1.3694,B,relation-reasoning-agent-eval-v3.1
2026-08-14T08:10:00+09:00,CMP-S01-L04-01,S01,S01-L04,1,running,190.028,407.5852,100.9218,39.5037,-0.0462,A,relation-reasoning-agent-eval-v3.1
2026-08-14T08:10:00+09:00,CMP-S01-L05-01,S01,S01-L05,1,running,200.2604,400.9488,92.6556,44.1835,0.4891,A,relation-reasoning-agent-eval-v3.1
2026-08-14T08:20:00+09:00,CMP-S01-L01-01,S01,S01-L01,1,running,174.9059,465.3682,93.3423,43.7967,0.7344,A,relation-reasoning-agent-eval-v3.1
2026-08-14T08:20:00+09:00,CMP-S01-L02-01,S01,S01-L02,1,running,163.3353,506.6127,107.2414,43.4055,0.8013,A,relation-reasoning-agent-eval-v3.1
2026-08-14T08:20:00+09:00,CMP-S01-L03-01,S01,S01-L03,1,running,171.2298,420.4191,105.7711,32.8929,-1.4199,B,relation-reasoning-agent-eval-v3.1
2026-08-14T08:20:00+09:00,CMP-S01-L04-01,S01,S01-L04,1,running,183.5709,455.2118,98.4876,41.8195,0.3827,A,relation-reasoning-agent-eval-v3.1
2026-08-14T08:20:00+09:00,CMP-S01-L05-01,S01,S01-L05,1,running,195.7726,372.0277,98.9271,53.0281,2.1269,C,relation-reasoning-agent-eval-v3.1
2026-08-14T08:30:00+09:00,CMP-S01-L01-01,S01,S01-L01,1,running,179.5359,463.1756,94.9494,43.8272,0.74,A,relation-reasoning-agent-eval-v3.1
2026-08-14T08:30:00+09:00,CMP-S01-L02-01,S01,S01-L02,1,running,173.9594,477.0867,107.4276,45.1831,1.1305,B,relation-reasoning-agent-eval-v3.1
2026-08-14T08:30:00+09:00,CMP-S01-L03-01,S01,S01-L03,1,running,173.8293,414.85,110.3158,30.0232,-1.9513,B,relation-reasoning-agent-eval-v3.1
2026-08-14T08:30:00+09:00,CMP-S01-L04-01,S01,S01-L04,1,running,184.1473,509.1567,99.5681,37.2421,-0.465,A,relation-reasoning-agent-eval-v3.1
2026-08-14T08:30:00+09:00,CMP-S01-L05-01,S01,S01-L05,1,running,200.3087,387.6838,98.7183,44.9404,0.6292,A,relation-reasoning-agent-eval-v3.1
2026-08-14T08:40:00+09:00,CMP-S01-L01-01,S01,S01-L01,1,running,190.6793,466.886,90.6845,33.7349,-1.1289,B,relation-reasoning-agent-eval-v3.1
2026-08-14T08:40:00+09:00,CMP-S01-L02-01,S01,S01-L02,1,running,169.7143,464.8827,105.714,49.2365,1.8811,B,relation-reasoning-agent-eval-v3.1
2026-08-14T08:40:00+09:00,CMP-S01-L03-01,S01,S01-L03,1,running,170.5833,432.8996,108.8967,31.2328,-1.7273,B,relation-reasoning-agent-eval-v3.1
2026-08-14T08:40:00+09:00,CMP-S01-L04-01,S01,S01-L04,1,running,161.7062,510.025,102.3177,40.036,0.0524,A,relation-reasoning-agent-eval-v3.1
2026-08-14T08:40:00+09:00,CMP-S01-L05-01,S01,S01-L05,1,running,188.5696,411.588,96.0953,46.5155,0.9209,A,relation-reasoning-agent-eval-v3.1
2026-08-14T08:50:00+09:00,CMP-S01-L01-01,S01,S01-L01,1,running,196.1923,504.0405,93.0384,42.7736,0.5449,A,relation-reasoning-agent-eval-v3.1
2026-08-14T08:50:00+09:00,CMP-S01-L02-01,S01,S01-L02,1,running,161.679,427.7323,106.2412,48.594,1.7622,B,relation-reasoning-agent-eval-v3.1
2026-08-14T08:50:00+09:00,CMP-S01-L03-01,S01,S01-L03,1,running,179.3821,455.8552,108.5015,31.9797,-1.589,B,relation-reasoning-agent-eval-v3.1
2026-08-14T08:50:00+09:00,CMP-S01-L04-01,S01,S01-L04,1,running,162.3783,537.0707,95.1332,35.3754,-0.8107,A,relation-reasoning-agent-eval-v3.1
2026-08-14T08:50:00+09:00,CMP-S01-L05-01,S01,S01-L05,1,running,191.2267,446.0387,100.6959,46.9733,1.0057,B,relation-reasoning-agent-eval-v3.1
2026-08-14T09:00:00+09:00,CMP-S01-L01-01,S01,S01-L01,1,running,194.5729,483.9701,88.7194,39.3968,-0.0805,A,relation-reasoning-agent-eval-v3.1
2026-08-14T09:00:00+09:00,CMP-S01-L02-01,S01,S01-L02,1,running,174.2838,451.3391,108.4131,48.7463,1.7904,B,relation-reasoning-agent-eval-v3.1
2026-08-14T09:00:00+09:00,CMP-S01-L03-01,S01,S01-L03,1,running,167.6925,463.9225,111.5332,39.0564,-0.2785,A,relation-reasoning-agent-eval-v3.1
2026-08-14T09:00:00+09:00,CMP-S01-L04-01,S01,S01-L04,1,running,162.7016,532.2333,101.9714,34.4433,-0.9833,A,relation-reasoning-agent-eval-v3.1
2026-08-14T09:00:00+09:00,CMP-S01-L05-01,S01,S01-L05,1,running,177.3249,410.2071,93.1792,51.8239,1.9039,B,relation-reasoning-agent-eval-v3.1
2026-08-14T09:10:00+09:00,CMP-S01-L01-01,S01,S01-L01,1,running,201.035,462.0565,84.7811,37.7473,-0.3859,A,relation-reasoning-agent-eval-v3.1
2026-08-14T09:10:00+09:00,CMP-S01-L02-01,S01,S01-L02,1,running,187.6861,436.3235,111.3653,49.6104,1.9504,B,relation-reasoning-agent-eval-v3.1
2026-08-14T09:10:00+09:00,CMP-S01-L03-01,S01,S01-L03,1,running,175.7787,442.809,105.6467,40.7503,0.0352,A,relation-reasoning-agent-eval-v3.1
2026-08-14T09:10:00+09:00,CMP-S01-L04-01,S01,S01-L04,1,running,182.9809,527.2411,103.3998,28.7113,-2.0448,C,relation-reasoning-agent-eval-v3.1
2026-08-14T09:10:00+09:00,CMP-S01-L05-01,S01,S01-L05,1,running,168.3865,408.8288,92.1894,49.5621,1.4851,B,relation-reasoning-agent-eval-v3.1
2026-08-14T09:20:00+09:00,CMP-S01-L01-01,S01,S01-L01,1,running,196.0698,465.6605,83.5127,31.8812,-1.4722,B,relation-reasoning-agent-eval-v3.1
2026-08-14T09:20:00+09:00,CMP-S01-L02-01,S01,S01-L02,1,running,189.6033,477.7744,104.4408,48.1256,1.6754,B,relation-reasoning-agent-eval-v3.1
2026-08-14T09:20:00+09:00,CMP-S01-L03-01,S01,S01-L03,1,running,168.2477,425.3464,106.495,35.69,-0.9019,A,relation-reasoning-agent-eval-v3.1
2026-08-14T09:20:00+09:00,CMP-S01-L04-01,S01,S01-L04,1,running,184.1996,566.3458,111.0447,33.9576,-1.0732,B,relation-reasoning-agent-eval-v3.1
2026-08-14T09:20:00+09:00,CMP-S01-L05-01,S01,S01-L05,1,running,171.0438,445.7976,95.2121,46.6315,0.9424,A,relation-reasoning-agent-eval-v3.1
2026-08-14T09:30:00+09:00,CMP-S01-L01-01,S01,S01-L01,1,running,196.5458,491.6224,84.7804,31.6101,-1.5224,B,relation-reasoning-agent-eval-v3.1
2026-08-14T09:30:00+09:00,CMP-S01-L02-01,S01,S01-L02,1,running,186.5279,479.0808,109.3443,46.5565,1.3849,B,relation-reasoning-agent-eval-v3.1
2026-08-14T09:30:00+09:00,CMP-S01-L03-01,S01,S01-L03,1,running,179.916,483.4233,112.7455,40.8827,0.0597,A,relation-reasoning-agent-eval-v3.1
2026-08-14T09:30:00+09:00,CMP-S01-L04-01,S01,S01-L04,1,running,196.012,509.7695,108.0229,33.7483,-1.112,B,relation-reasoning-agent-eval-v3.1
2026-08-14T09:30:00+09:00,CMP-S01-L05-01,S01,S01-L05,1,running,172.3333,425.6688,96.4208,46.9545,1.0022,B,relation-reasoning-agent-eval-v3.1
2026-08-14T09:40:00+09:00,CMP-S01-L01-01,S01,S01-L01,1,running,184.9874,487.0525,83.0728,33.3138,-1.2069,B,relation-reasoning-agent-eval-v3.1
2026-08-14T09:40:00+09:00,CMP-S01-L02-01,S01,S01-L02,1,running,168.0303,476.6296,106.1135,44.8191,1.0631,B,relation-reasoning-agent-eval-v3.1
2026-08-14T09:40:00+09:00,CMP-S01-L03-01,S01,S01-L03,1,running,176.1869,458.3399,108.2778,34.9321,-1.0423,B,relation-reasoning-agent-eval-v3.1
2026-08-14T09:40:00+09:00,CMP-S01-L04-01,S01,S01-L04,1,running,188.8514,476.2245,108.6002,35.959,-0.7026,A,relation-reasoning-agent-eval-v3.1
2026-08-14T09:40:00+09:00,CMP-S01-L05-01,S01,S01-L05,1,running,194.1861,442.2624,96.0635,48.0932,1.2131,B,relation-reasoning-agent-eval-v3.1
2026-08-14T09:50:00+09:00,CMP-S01-L01-01,S01,S01-L01,1,running,188.3161,436.217,76.0998,36.6449,-0.5901,A,relation-reasoning-agent-eval-v3.1
2026-08-14T09:50:00+09:00,CMP-S01-L02-01,S01,S01-L02,1,running,163.0945,469.8005,107.7061,45.1789,1.1297,B,relation-reasoning-agent-eval-v3.1
2026-08-14T09:50:00+09:00,CMP-S01-L03-01,S01,S01-L03,1,running,166.4657,455.1821,110.7385,32.7469,-1.447,B,relation-reasoning-agent-eval-v3.1
2026-08-14T09:50:00+09:00,CMP-S01-L04-01,S01,S01-L04,1,running,195.0373,450.1894,109.4619,38.6471,-0.2048,A,relation-reasoning-agent-eval-v3.1
2026-08-14T09:50:00+09:00,CMP-S01-L05-01,S01,S01-L05,1,running,205.2865,453.6838,99.2453,39.3229,-0.4111,A,relation-reasoning-agent-eval-v3.1
2026-08-14T10:00:00+09:00,CMP-S01-L01-01,S01,S01-L01,1,running,188.7618,444.0456,75.9995,42.4175,0.4789,A,relation-reasoning-agent-eval-v3.1
2026-08-14T10:00:00+09:00,CMP-S01-L02-01,S01,S01-L02,1,running,169.5464,465.563,106.8086,46.7166,1.4145,B,relation-reasoning-agent-eval-v3.1
2026-08-14T10:00:00+09:00,CMP-S01-L03-01,S01,S01-L03,1,running,167.3595,490.9776,108.4153,35.7778,-0.8857,A,relation-reasoning-agent-eval-v3.1
2026-08-14T10:00:00+09:00,CMP-S01-L04-01,S01,S01-L04,1,running,176.4935,413.5044,101.6171,36.7498,-0.5562,A,relation-reasoning-agent-eval-v3.1
2026-08-14T10:00:00+09:00,CMP-S01-L05-01,S01,S01-L05,1,running,207.2342,486.7433,101.4766,41.5437,0.0002,A,relation-reasoning-agent-eval-v3.1
2026-08-14T10:10:00+09:00,CMP-S01-L01-01,S01,S01-L01,1,running,182.5097,372.7084,69.1075,38.1018,-0.3203,A,relation-reasoning-agent-eval-v3.1
2026-08-14T10:10:00+09:00,CMP-S01-L02-01,S01,S01-L02,1,running,178.8172,495.5497,101.9605,43.0224,0.7304,A,relation-reasoning-agent-eval-v3.1
2026-08-14T10:10:00+09:00,CMP-S01-L03-01,S01,S01-L03,1,running,164.1297,489.3876,103.4359,37.0824,-0.6441,A,relation-reasoning-agent-eval-v3.1
2026-08-14T10:10:00+09:00,CMP-S01-L04-01,S01,S01-L04,1,running,170.0311,423.8399,104.0304,41.8195,0.3827,A,relation-reasoning-agent-eval-v3.1
2026-08-14T10:10:00+09:00,CMP-S01-L05-01,S01,S01-L05,1,running,210.8988,477.5091,99.9018,50.0895,1.5828,B,relation-reasoning-agent-eval-v3.1
2026-08-14T10:20:00+09:00,CMP-S01-L01-01,S01,S01-L01,1,running,178.8898,373.2346,71.2555,47.5278,1.4253,B,relation-reasoning-agent-eval-v3.1
2026-08-14T10:20:00+09:00,CMP-S01-L02-01,S01,S01-L02,1,running,154.9821,471.1211,100.4174,39.3639,0.0529,A,relation-reasoning-agent-eval-v3.1
2026-08-14T10:20:00+09:00,CMP-S01-L03-01,S01,S01-L03,1,running,157.3369,471.1663,100.4043,47.2495,1.2387,B,relation-reasoning-agent-eval-v3.1
2026-08-14T10:20:00+09:00,CMP-S01-L04-01,S01,S01-L04,1,running,165.9513,393.8724,104.1983,39.9156,0.0301,A,relation-reasoning-agent-eval-v3.1
2026-08-14T10:20:00+09:00,CMP-S01-L05-01,S01,S01-L05,1,running,195.7229,484.0122,95.7611,46.5263,0.9229,A,relation-reasoning-agent-eval-v3.1
2026-08-14T10:30:00+09:00,CMP-S01-L01-01,S01,S01-L01,1,running,173.4564,378.3089,75.4933,46.3527,1.2077,B,relation-reasoning-agent-eval-v3.1
2026-08-14T10:30:00+09:00,CMP-S01-L02-01,S01,S01-L02,1,running,159.4753,471.179,100.5552,43.3247,0.7864,A,relation-reasoning-agent-eval-v3.1
2026-08-14T10:30:00+09:00,CMP-S01-L03-01,S01,S01-L03,1,running,151.0075,428.3326,98.0769,47.3118,1.2503,B,relation-reasoning-agent-eval-v3.1
2026-08-14T10:30:00+09:00,CMP-S01-L04-01,S01,S01-L04,1,running,163.14,437.7267,92.6521,42.1346,0.441,A,relation-reasoning-agent-eval-v3.1
2026-08-14T10:30:00+09:00,CMP-S01-L05-01,S01,S01-L05,1,running,195.2028,511.7044,102.2811,40.5174,-0.1898,A,relation-reasoning-agent-eval-v3.1
2026-08-14T10:40:00+09:00,CMP-S01-L01-01,S01,S01-L01,1,running,169.3929,426.9844,81.5155,43.2913,0.6407,A,relation-reasoning-agent-eval-v3.1
2026-08-14T10:40:00+09:00,CMP-S01-L02-01,S01,S01-L02,1,running,156.525,478.913,98.5619,38.4999,-0.1071,A,relation-reasoning-agent-eval-v3.1
2026-08-14T10:40:00+09:00,CMP-S01-L03-01,S01,S01-L03,1,running,144.1736,417.6673,102.73,52.4793,2.2072,C,relation-reasoning-agent-eval-v3.1
2026-08-14T10:40:00+09:00,CMP-S01-L04-01,S01,S01-L04,1,running,162.801,500.5092,96.6788,40.6542,0.1669,A,relation-reasoning-agent-eval-v3.1
2026-08-14T10:40:00+09:00,CMP-S01-L05-01,S01,S01-L05,1,running,200.1822,460.5562,107.3464,31.2511,-1.9058,B,relation-reasoning-agent-eval-v3.1
2026-08-14T10:50:00+09:00,CMP-S01-L01-01,S01,S01-L01,1,running,191.8043,412.658,78.3148,38.431,-0.2593,A,relation-reasoning-agent-eval-v3.1
2026-08-14T10:50:00+09:00,CMP-S01-L02-01,S01,S01-L02,1,running,154.2845,492.0293,96.2686,35.95,-0.5793,A,relation-reasoning-agent-eval-v3.1
2026-08-14T10:50:00+09:00,CMP-S01-L03-01,S01,S01-L03,1,running,149.8174,458.7948,105.9917,43.4091,0.5275,A,relation-reasoning-agent-eval-v3.1
2026-08-14T10:50:00+09:00,CMP-S01-L04-01,S01,S01-L04,1,running,152.3864,517.2203,97.2409,42.0415,0.4238,A,relation-reasoning-agent-eval-v3.1
2026-08-14T10:50:00+09:00,CMP-S01-L05-01,S01,S01-L05,1,running,199.8402,458.288,98.7746,35.6294,-1.095,B,relation-reasoning-agent-eval-v3.1
2026-08-14T11:00:00+09:00,CMP-S01-L01-01,S01,S01-L01,1,running,194.4584,402.5329,77.4835,45.0425,0.965,A,relation-reasoning-agent-eval-v3.1
2026-08-14T11:00:00+09:00,CMP-S01-L02-01,S01,S01-L02,1,running,160.4749,482.2778,95.3547,37.8861,-0.2208,A,relation-reasoning-agent-eval-v3.1
2026-08-14T11:00:00+09:00,CMP-S01-L03-01,S01,S01-L03,1,running,163.5931,448.1184,112.2006,37.2783,-0.6078,A,relation-reasoning-agent-eval-v3.1
2026-08-14T11:00:00+09:00,CMP-S01-L04-01,S01,S01-L04,1,running,161.768,473.1985,100.8402,41.324,0.2909,A,relation-reasoning-agent-eval-v3.1
2026-08-14T11:00:00+09:00,CMP-S01-L05-01,S01,S01-L05,1,running,185.9569,463.3954,90.1724,37.7522,-0.7019,A,relation-reasoning-agent-eval-v3.1
2026-08-14T11:10:00+09:00,CMP-S01-L01-01,S01,S01-L01,1,running,197.0068,445.0226,86.2388,41.7251,0.3507,A,relation-reasoning-agent-eval-v3.1
2026-08-14T11:10:00+09:00,CMP-S01-L02-01,S01,S01-L02,1,running,173.6242,440.6727,103.2306,39.7717,0.1284,A,relation-reasoning-agent-eval-v3.1
2026-08-14T11:10:00+09:00,CMP-S01-L03-01,S01,S01-L03,1,running,165.7806,505.6748,104.4023,39.8712,-0.1276,A,relation-reasoning-agent-eval-v3.1
2026-08-14T11:10:00+09:00,CMP-S01-L04-01,S01,S01-L04,1,running,174.7233,504.573,97.6176,33.7763,-1.1068,B,relation-reasoning-agent-eval-v3.1
2026-08-14T11:10:00+09:00,CMP-S01-L05-01,S01,S01-L05,1,running,183.1032,542.9694,93.3084,40.9749,-0.1051,A,relation-reasoning-agent-eval-v3.1
2026-08-14T11:20:00+09:00,CMP-S01-L01-01,S01,S01-L01,1,running,188.9862,468.4727,88.6924,48.2176,1.553,B,relation-reasoning-agent-eval-v3.1
2026-08-14T11:20:00+09:00,CMP-S01-L02-01,S01,S01-L02,1,running,176.3071,410.7414,103.361,34.5547,-0.8377,A,relation-reasoning-agent-eval-v3.1
2026-08-14T11:20:00+09:00,CMP-S01-L03-01,S01,S01-L03,1,running,168.0287,435.2942,101.4891,40.8098,0.0462,A,relation-reasoning-agent-eval-v3.1
2026-08-14T11:20:00+09:00,CMP-S01-L04-01,S01,S01-L04,1,running,169.5217,474.4937,97.5785,36.4003,-0.6209,A,relation-reasoning-agent-eval-v3.1
2026-08-14T11:20:00+09:00,CMP-S01-L05-01,S01,S01-L05,1,running,182.5611,496.6388,97.1672,38.1916,-0.6206,A,relation-reasoning-agent-eval-v3.1
2026-08-14T11:30:00+09:00,CMP-S01-L01-01,S01,S01-L01,1,running,189.1336,473.1252,86.1768,44.2057,0.8101,A,relation-reasoning-agent-eval-v3.1
2026-08-14T11:30:00+09:00,CMP-S01-L02-01,S01,S01-L02,1,running,172.507,393.025,102.2071,33.6691,-1.0017,B,relation-reasoning-agent-eval-v3.1
2026-08-14T11:30:00+09:00,CMP-S01-L03-01,S01,S01-L03,1,running,163.5106,475.8579,99.7792,38.4982,-0.3819,A,relation-reasoning-agent-eval-v3.1
2026-08-14T11:30:00+09:00,CMP-S01-L04-01,S01,S01-L04,1,running,172.4762,504.9471,101.8652,36.0672,-0.6826,A,relation-reasoning-agent-eval-v3.1
2026-08-14T11:30:00+09:00,CMP-S01-L05-01,S01,S01-L05,1,running,178.0301,487.7555,93.6966,34.3697,-1.3283,B,relation-reasoning-agent-eval-v3.1
2026-08-14T11:40:00+09:00,CMP-S01-L01-01,S01,S01-L01,1,running,199.1875,503.57,89.9658,46.371,1.2111,B,relation-reasoning-agent-eval-v3.1
2026-08-14T11:40:00+09:00,CMP-S01-L02-01,S01,S01-L02,1,running,157.3694,393.4303,104.7801,40.0212,0.1746,A,relation-reasoning-agent-eval-v3.1
2026-08-14T11:40:00+09:00,CMP-S01-L03-01,S01,S01-L03,1,running,152.8118,477.1121,99.8798,39.531,-0.1906,A,relation-reasoning-agent-eval-v3.1
2026-08-14T11:40:00+09:00,CMP-S01-L04-01,S01,S01-L04,1,running,146.711,485.0532,99.8687,36.3566,-0.629,A,relation-reasoning-agent-eval-v3.1
2026-08-14T11:40:00+09:00,CMP-S01-L05-01,S01,S01-L05,1,running,173.5316,475.6679,100.7915,29.2959,-2.2679,C,relation-reasoning-agent-eval-v3.1
2026-08-14T11:50:00+09:00,CMP-S01-L01-01,S01,S01-L01,1,running,185.0702,515.8896,92.4106,46.0245,1.1469,B,relation-reasoning-agent-eval-v3.1
2026-08-14T11:50:00+09:00,CMP-S01-L02-01,S01,S01-L02,1,running,153.5476,377.2231,95.5666,39.3098,0.0429,A,relation-reasoning-agent-eval-v3.1
2026-08-14T11:50:00+09:00,CMP-S01-L03-01,S01,S01-L03,1,running,157.6244,445.9045,100.2052,39.8387,-0.1337,A,relation-reasoning-agent-eval-v3.1
2026-08-14T11:50:00+09:00,CMP-S01-L04-01,S01,S01-L04,1,running,165.6187,504.4179,100.0177,42.0786,0.4307,A,relation-reasoning-agent-eval-v3.1
2026-08-14T11:50:00+09:00,CMP-S01-L05-01,S01,S01-L05,1,running,177.094,445.1993,96.377,37.3126,-0.7833,A,relation-reasoning-agent-eval-v3.1
2026-08-14T12:00:00+09:00,CMP-S01-L01-01,S01,S01-L01,1,running,162.8694,514.4759,87.8148,38.4927,-0.2479,A,relation-reasoning-agent-eval-v3.1
2026-08-14T12:00:00+09:00,CMP-S01-L02-01,S01,S01-L02,1,running,161.2848,407.1461,103.1096,36.1109,-0.5495,A,relation-reasoning-agent-eval-v3.1
2026-08-14T12:00:00+09:00,CMP-S01-L03-01,S01,S01-L03,1,running,161.6305,433.4409,96.7125,42.1835,0.3006,A,relation-reasoning-agent-eval-v3.1
2026-08-14T12:00:00+09:00,CMP-S01-L04-01,S01,S01-L04,1,running,178.6462,490.6904,104.251,37.7411,-0.3726,A,relation-reasoning-agent-eval-v3.1
2026-08-14T12:00:00+09:00,CMP-S01-L05-01,S01,S01-L05,1,running,186.8569,440.4845,98.2705,36.448,-0.9435,A,relation-reasoning-agent-eval-v3.1
2026-08-14T12:10:00+09:00,CMP-S01-L01-01,S01,S01-L01,1,running,167.2555,472.495,84.6654,41.206,0.2546,A,relation-reasoning-agent-eval-v3.1
2026-08-14T12:10:00+09:00,CMP-S01-L02-01,S01,S01-L02,1,running,167.2915,421.3211,103.2529,37.1831,-0.351,A,relation-reasoning-agent-eval-v3.1
2026-08-14T12:10:00+09:00,CMP-S01-L03-01,S01,S01-L03,1,running,162.2262,401.6364,94.7955,44.11,0.6573,A,relation-reasoning-agent-eval-v3.1
2026-08-14T12:10:00+09:00,CMP-S01-L04-01,S01,S01-L04,1,running,182.0455,487.9426,108.6513,35.4377,-0.7991,A,relation-reasoning-agent-eval-v3.1
2026-08-14T12:10:00+09:00,CMP-S01-L05-01,S01,S01-L05,1,running,175.8255,430.1444,98.3182,40.8195,-0.1339,A,relation-reasoning-agent-eval-v3.1
2026-08-14T12:20:00+09:00,CMP-S01-L01-01,S01,S01-L01,1,running,159.5655,459.4197,87.3149,46.2899,1.1961,B,relation-reasoning-agent-eval-v3.1
2026-08-14T12:20:00+09:00,CMP-S01-L02-01,S01,S01-L02,1,running,146.2896,426.5498,102.0781,36.7282,-0.4352,A,relation-reasoning-agent-eval-v3.1
2026-08-14T12:20:00+09:00,CMP-S01-L03-01,S01,S01-L03,1,running,137.684,401.5748,101.7965,47.6185,1.307,B,relation-reasoning-agent-eval-v3.1
2026-08-14T12:20:00+09:00,CMP-S01-L04-01,S01,S01-L04,1,running,190.4682,495.1255,102.7072,39.8361,0.0154,A,relation-reasoning-agent-eval-v3.1
2026-08-14T12:20:00+09:00,CMP-S01-L05-01,S01,S01-L05,1,running,191.5694,386.4267,97.4939,44.875,0.6171,A,relation-reasoning-agent-eval-v3.1
2026-08-14T12:30:00+09:00,CMP-S01-L01-01,S01,S01-L01,1,running,181.1902,477.9131,84.9006,44.5146,0.8673,A,relation-reasoning-agent-eval-v3.1
2026-08-14T12:30:00+09:00,CMP-S01-L02-01,S01,S01-L02,1,running,164.359,436.174,112.1519,38.6237,-0.0842,A,relation-reasoning-agent-eval-v3.1
2026-08-14T12:30:00+09:00,CMP-S01-L03-01,S01,S01-L03,1,running,143.6116,422.262,100.7515,48.3446,1.4415,B,relation-reasoning-agent-eval-v3.1
2026-08-14T12:30:00+09:00,CMP-S01-L04-01,S01,S01-L04,1,running,199.033,509.2334,98.1384,38.9654,-0.1459,A,relation-reasoning-agent-eval-v3.1
2026-08-14T12:30:00+09:00,CMP-S01-L05-01,S01,S01-L05,1,running,184.1178,415.7012,94.6814,44.9804,0.6366,A,relation-reasoning-agent-eval-v3.1
2026-08-14T12:40:00+09:00,CMP-S01-L01-01,S01,S01-L01,1,running,179.1901,466.3041,83.5679,42.6237,0.5171,A,relation-reasoning-agent-eval-v3.1
2026-08-14T12:40:00+09:00,CMP-S01-L02-01,S01,S01-L02,1,running,173.8268,431.6205,109.345,41.1437,0.3825,A,relation-reasoning-agent-eval-v3.1
2026-08-14T12:40:00+09:00,CMP-S01-L03-01,S01,S01-L03,1,running,155.0808,435.8011,109.0816,46.6662,1.1307,B,relation-reasoning-agent-eval-v3.1
2026-08-14T12:40:00+09:00,CMP-S01-L04-01,S01,S01-L04,1,running,194.3256,531.5016,102.1658,39.7561,0.0006,A,relation-reasoning-agent-eval-v3.1
2026-08-14T12:40:00+09:00,CMP-S01-L05-01,S01,S01-L05,1,running,186.2687,419.4251,88.6297,37.852,-0.6834,A,relation-reasoning-agent-eval-v3.1
2026-08-14T12:50:00+09:00,CMP-S01-L01-01,S01,S01-L01,1,running,169.0273,422.793,83.017,44.7772,0.9159,A,relation-reasoning-agent-eval-v3.1
2026-08-14T12:50:00+09:00,CMP-S01-L02-01,S01,S01-L02,1,running,163.1256,442.9467,106.9239,39.7846,0.1308,A,relation-reasoning-agent-eval-v3.1
2026-08-14T12:50:00+09:00,CMP-S01-L03-01,S01,S01-L03,1,running,152.5733,411.7015,107.7687,52.4876,2.2087,C,relation-reasoning-agent-eval-v3.1
2026-08-14T12:50:00+09:00,CMP-S01-L04-01,S01,S01-L04,1,running,197.9599,495.4173,103.8464,37.0324,-0.5038,A,relation-reasoning-agent-eval-v3.1
2026-08-14T12:50:00+09:00,CMP-S01-L05-01,S01,S01-L05,1,running,194.2608,442.9724,87.8572,48.466,1.2821,B,relation-reasoning-agent-eval-v3.1
2026-08-14T13:00:00+09:00,CMP-S01-L01-01,S01,S01-L01,1,running,164.2002,425.8054,84.5341,38.731,-0.2037,A,relation-reasoning-agent-eval-v3.1
2026-08-14T13:00:00+09:00,CMP-S01-L02-01,S01,S01-L02,1,running,166.5537,437.4718,107.9553,42.2671,0.5905,A,relation-reasoning-agent-eval-v3.1
2026-08-14T13:00:00+09:00,CMP-S01-L03-01,S01,S01-L03,1,running,165.6272,469.2606,105.5712,49.7308,1.6982,B,relation-reasoning-agent-eval-v3.1
2026-08-14T13:00:00+09:00,CMP-S01-L04-01,S01,S01-L04,1,running,194.8831,495.6758,98.9217,35.4122,-0.8039,A,relation-reasoning-agent-eval-v3.1
2026-08-14T13:00:00+09:00,CMP-S01-L05-01,S01,S01-L05,1,running,182.8806,455.1461,85.5837,53.1892,2.1568,C,relation-reasoning-agent-eval-v3.1
2026-08-14T13:10:00+09:00,CMP-S01-L01-01,S01,S01-L01,1,running,160.2238,428.3605,83.8921,41.2302,0.2591,A,relation-reasoning-agent-eval-v3.1
2026-08-14T13:10:00+09:00,CMP-S01-L02-01,S01,S01-L02,1,running,161.0989,413.1164,101.5934,40.0087,0.1723,A,relation-reasoning-agent-eval-v3.1
2026-08-14T13:10:00+09:00,CMP-S01-L03-01,S01,S01-L03,1,running,176.8081,471.4514,102.9751,47.589,1.3016,B,relation-reasoning-agent-eval-v3.1
2026-08-14T13:10:00+09:00,CMP-S01-L04-01,S01,S01-L04,1,running,191.3023,549.0154,110.3157,35.6433,-0.7611,A,relation-reasoning-agent-eval-v3.1
2026-08-14T13:10:00+09:00,CMP-S01-L05-01,S01,S01-L05,1,running,180.4498,467.2907,90.7394,56.2439,2.7225,C,relation-reasoning-agent-eval-v3.1
2026-08-14T13:20:00+09:00,CMP-S01-L01-01,S01,S01-L01,1,running,158.8191,430.3537,83.1476,40.8302,0.185,A,relation-reasoning-agent-eval-v3.1
2026-08-14T13:20:00+09:00,CMP-S01-L02-01,S01,S01-L02,1,running,170.6067,432.3088,111.3673,44.1084,0.9315,A,relation-reasoning-agent-eval-v3.1
2026-08-14T13:20:00+09:00,CMP-S01-L03-01,S01,S01-L03,1,running,182.7642,481.0341,101.9909,45.4512,0.9057,A,relation-reasoning-agent-eval-v3.1
2026-08-14T13:20:00+09:00,CMP-S01-L04-01,S01,S01-L04,1,running,183.0275,539.3665,103.1421,36.2959,-0.6402,A,relation-reasoning-agent-eval-v3.1
2026-08-14T13:20:00+09:00,CMP-S01-L05-01,S01,S01-L05,1,running,174.5272,437.7917,85.3805,50.6824,1.6925,B,relation-reasoning-agent-eval-v3.1
2026-08-14T13:30:00+09:00,CMP-S01-L01-01,S01,S01-L01,1,running,174.8595,408.653,87.1839,41.6093,0.3293,A,relation-reasoning-agent-eval-v3.1
2026-08-14T13:30:00+09:00,CMP-S01-L02-01,S01,S01-L02,1,running,168.3509,447.9982,110.514,41.7579,0.4962,A,relation-reasoning-agent-eval-v3.1
2026-08-14T13:30:00+09:00,CMP-S01-L03-01,S01,S01-L03,1,running,174.5425,451.4643,101.9466,40.5031,-0.0106,A,relation-reasoning-agent-eval-v3.1
2026-08-14T13:30:00+09:00,CMP-S01-L04-01,S01,S01-L04,1,running,206.6078,533.9214,100.608,34.5257,-0.968,A,relation-reasoning-agent-eval-v3.1
2026-08-14T13:30:00+09:00,CMP-S01-L05-01,S01,S01-L05,1,running,177.8476,448.5929,87.4439,59.344,3.2966,D,relation-reasoning-agent-eval-v3.1
2026-08-14T13:40:00+09:00,CMP-S01-L01-01,S01,S01-L01,1,running,175.3393,447.1001,84.4748,39.4572,-0.0693,A,relation-reasoning-agent-eval-v3.1
2026-08-14T13:40:00+09:00,CMP-S01-L02-01,S01,S01-L02,1,running,172.3507,447.8619,112.5907,43.4065,0.8015,A,relation-reasoning-agent-eval-v3.1
2026-08-14T13:40:00+09:00,CMP-S01-L03-01,S01,S01-L03,1,running,175.9234,438.2548,103.3501,44.2071,0.6753,A,relation-reasoning-agent-eval-v3.1
2026-08-14T13:40:00+09:00,CMP-S01-L04-01,S01,S01-L04,1,running,182.4683,455.9258,109.0181,34.5958,-0.9551,A,relation-reasoning-agent-eval-v3.1
2026-08-14T13:40:00+09:00,CMP-S01-L05-01,S01,S01-L05,1,running,173.095,430.7878,92.3394,49.8444,1.5374,B,relation-reasoning-agent-eval-v3.1
2026-08-14T13:50:00+09:00,CMP-S01-L01-01,S01,S01-L01,1,running,197.2488,488.9722,85.6783,38.4504,-0.2557,A,relation-reasoning-agent-eval-v3.1
2026-08-14T13:50:00+09:00,CMP-S01-L02-01,S01,S01-L02,1,running,177.0088,414.7432,109.7471,40.368,0.2388,A,relation-reasoning-agent-eval-v3.1
2026-08-14T13:50:00+09:00,CMP-S01-L03-01,S01,S01-L03,1,running,177.5189,456.6097,102.6931,41.4702,0.1685,A,relation-reasoning-agent-eval-v3.1
2026-08-14T13:50:00+09:00,CMP-S01-L04-01,S01,S01-L04,1,running,185.8078,431.2666,111.4977,34.3212,-1.0059,B,relation-reasoning-agent-eval-v3.1
2026-08-14T13:50:00+09:00,CMP-S01-L05-01,S01,S01-L05,1,running,167.6992,466.807,96.3457,44.8581,0.614,A,relation-reasoning-agent-eval-v3.1
2026-08-14T14:00:00+09:00,CMP-S01-L01-01,S01,S01-L01,1,running,201.936,435.9052,82.8607,48.8606,1.6721,B,relation-reasoning-agent-eval-v3.1
2026-08-14T14:00:00+09:00,CMP-S01-L02-01,S01,S01-L02,1,running,169.3309,402.8198,114.9752,34.3079,-0.8834,A,relation-reasoning-agent-eval-v3.1
2026-08-14T14:00:00+09:00,CMP-S01-L03-01,S01,S01-L03,1,running,166.4826,441.528,110.2861,44.6205,0.7519,A,relation-reasoning-agent-eval-v3.1
2026-08-14T14:00:00+09:00,CMP-S01-L04-01,S01,S01-L04,1,running,172.055,469.7243,107.8304,34.5108,-0.9708,A,relation-reasoning-agent-eval-v3.1
2026-08-14T14:00:00+09:00,CMP-S01-L05-01,S01,S01-L05,1,running,164.5047,404.6014,103.2387,35.4193,-1.134,B,relation-reasoning-agent-eval-v3.1
2026-08-14T14:10:00+09:00,CMP-S01-L01-01,S01,S01-L01,1,running,210.6249,452.8419,83.7676,45.9298,1.1294,B,relation-reasoning-agent-eval-v3.1
2026-08-14T14:10:00+09:00,CMP-S01-L02-01,S01,S01-L02,1,running,147.3608,406.4954,113.7324,38.3259,-0.1393,A,relation-reasoning-agent-eval-v3.1
2026-08-14T14:10:00+09:00,CMP-S01-L03-01,S01,S01-L03,1,running,155.2406,434.9184,109.4101,47.6451,1.312,B,relation-reasoning-agent-eval-v3.1
2026-08-14T14:10:00+09:00,CMP-S01-L04-01,S01,S01-L04,1,running,178.989,446.0713,107.283,34.6466,-0.9456,A,relation-reasoning-agent-eval-v3.1
2026-08-14T14:10:00+09:00,CMP-S01-L05-01,S01,S01-L05,1,running,177.9654,429.7777,112.578,39.0597,-0.4598,A,relation-reasoning-agent-eval-v3.1
2026-08-14T14:20:00+09:00,CMP-S01-L01-01,S01,S01-L01,1,running,208.5742,427.5635,86.1268,41.9118,0.3853,A,relation-reasoning-agent-eval-v3.1
2026-08-14T14:20:00+09:00,CMP-S01-L02-01,S01,S01-L02,1,running,163.3838,479.5486,108.7833,42.8248,0.6938,A,relation-reasoning-agent-eval-v3.1
2026-08-14T14:20:00+09:00,CMP-S01-L03-01,S01,S01-L03,1,running,151.2002,440.7965,101.6579,48.5913,1.4872,B,relation-reasoning-agent-eval-v3.1
2026-08-14T14:20:00+09:00,CMP-S01-L04-01,S01,S01-L04,1,running,181.7015,422.1492,102.5168,36.3303,-0.6339,A,relation-reasoning-agent-eval-v3.1
2026-08-14T14:20:00+09:00,CMP-S01-L05-01,S01,S01-L05,1,running,180.7793,446.5021,113.6059,40.954,-0.109,A,relation-reasoning-agent-eval-v3.1
2026-08-14T14:30:00+09:00,CMP-S01-L01-01,S01,S01-L01,1,running,200.0252,381.0255,91.2686,41.4,0.2905,A,relation-reasoning-agent-eval-v3.1
2026-08-14T14:30:00+09:00,CMP-S01-L02-01,S01,S01-L02,1,running,176.862,460.87,104.0391,42.9027,0.7082,A,relation-reasoning-agent-eval-v3.1
2026-08-14T14:30:00+09:00,CMP-S01-L03-01,S01,S01-L03,1,running,155.8682,418.9584,105.8355,44.5534,0.7394,A,relation-reasoning-agent-eval-v3.1
2026-08-14T14:30:00+09:00,CMP-S01-L04-01,S01,S01-L04,1,running,188.447,466.4019,106.548,38.1835,-0.2907,A,relation-reasoning-agent-eval-v3.1
2026-08-14T14:30:00+09:00,CMP-S01-L05-01,S01,S01-L05,1,running,186.0552,428.674,101.3818,41.2851,-0.0477,A,relation-reasoning-agent-eval-v3.1
2026-08-14T14:40:00+09:00,CMP-S01-L01-01,S01,S01-L01,1,running,167.2908,397.5026,93.5947,41.3028,0.2725,A,relation-reasoning-agent-eval-v3.1
2026-08-14T14:40:00+09:00,CMP-S01-L02-01,S01,S01-L02,1,running,174.3745,463.5641,110.1116,41.1226,0.3786,A,relation-reasoning-agent-eval-v3.1
2026-08-14T14:40:00+09:00,CMP-S01-L03-01,S01,S01-L03,1,running,160.1641,416.6257,101.8443,41.0698,0.0943,A,relation-reasoning-agent-eval-v3.1
2026-08-14T14:40:00+09:00,CMP-S01-L04-01,S01,S01-L04,1,running,176.2887,449.3438,99.7111,38.7367,-0.1882,A,relation-reasoning-agent-eval-v3.1
2026-08-14T14:40:00+09:00,CMP-S01-L05-01,S01,S01-L05,1,running,196.0749,411.3025,99.064,41.3587,-0.0341,A,relation-reasoning-agent-eval-v3.1
2026-08-14T14:50:00+09:00,CMP-S01-L01-01,S01,S01-L01,1,running,170.9017,402.3166,88.0051,41.2531,0.2633,A,relation-reasoning-agent-eval-v3.1
2026-08-14T14:50:00+09:00,CMP-S01-L02-01,S01,S01-L02,1,running,166.5256,480.0367,110.5835,33.4919,-1.0345,B,relation-reasoning-agent-eval-v3.1
2026-08-14T14:50:00+09:00,CMP-S01-L03-01,S01,S01-L03,1,running,148.8762,450.8343,102.5806,47.6785,1.3182,B,relation-reasoning-agent-eval-v3.1
2026-08-14T14:50:00+09:00,CMP-S01-L04-01,S01,S01-L04,1,running,165.5818,420.4363,102.2396,34.9624,-0.8872,A,relation-reasoning-agent-eval-v3.1
2026-08-14T14:50:00+09:00,CMP-S01-L05-01,S01,S01-L05,1,running,189.5801,450.5813,99.6181,38.5079,-0.562,A,relation-reasoning-agent-eval-v3.1
2026-08-14T15:00:00+09:00,CMP-S01-L01-01,S01,S01-L01,1,running,158.9444,489.0371,85.7253,42.2489,0.4477,A,relation-reasoning-agent-eval-v3.1
2026-08-14T15:00:00+09:00,CMP-S01-L02-01,S01,S01-L02,1,running,169.8092,516.4163,100.5853,31.6539,-1.3749,B,relation-reasoning-agent-eval-v3.1
2026-08-14T15:00:00+09:00,CMP-S01-L03-01,S01,S01-L03,1,running,150.5864,492.7592,106.7603,47.5991,1.3034,B,relation-reasoning-agent-eval-v3.1
2026-08-14T15:00:00+09:00,CMP-S01-L04-01,S01,S01-L04,1,running,166.4869,436.7982,103.0207,41.8439,0.3872,A,relation-reasoning-agent-eval-v3.1
2026-08-14T15:00:00+09:00,CMP-S01-L05-01,S01,S01-L05,1,running,158.702,446.3346,102.0198,35.5977,-1.1009,B,relation-reasoning-agent-eval-v3.1
2026-08-14T15:10:00+09:00,CMP-S01-L01-01,S01,S01-L01,1,running,151.2129,495.1466,75.3909,43.2135,0.6264,A,relation-reasoning-agent-eval-v3.1
2026-08-14T15:10:00+09:00,CMP-S01-L02-01,S01,S01-L02,1,running,178.4864,527.8172,93.7829,35.2429,-0.7103,A,relation-reasoning-agent-eval-v3.1
2026-08-14T15:10:00+09:00,CMP-S01-L03-01,S01,S01-L03,1,running,162.2889,449.3968,101.5284,50.6045,1.86,B,relation-reasoning-agent-eval-v3.1
2026-08-14T15:10:00+09:00,CMP-S01-L04-01,S01,S01-L04,1,running,154.6863,425.0135,102.8563,36.594,-0.585,A,relation-reasoning-agent-eval-v3.1
2026-08-14T15:10:00+09:00,CMP-S01-L05-01,S01,S01-L05,1,running,168.0992,420.0918,101.6183,40.7655,-0.1439,A,relation-reasoning-agent-eval-v3.1
2026-08-14T15:20:00+09:00,CMP-S01-L01-01,S01,S01-L01,1,running,169.3177,477.8708,80.5886,42.4248,0.4803,A,relation-reasoning-agent-eval-v3.1
2026-08-14T15:20:00+09:00,CMP-S01-L02-01,S01,S01-L02,1,running,172.7061,530.4963,92.6428,37.3671,-0.3169,A,relation-reasoning-agent-eval-v3.1
2026-08-14T15:20:00+09:00,CMP-S01-L03-01,S01,S01-L03,1,running,133.2204,431.2941,98.2389,46.3638,1.0747,B,relation-reasoning-agent-eval-v3.1
2026-08-14T15:20:00+09:00,CMP-S01-L04-01,S01,S01-L04,1,running,147.5262,416.7045,104.1663,37.1839,-0.4758,A,relation-reasoning-agent-eval-v3.1
2026-08-14T15:20:00+09:00,CMP-S01-L05-01,S01,S01-L05,1,running,170.7221,440.5887,97.3562,36.2299,-0.9838,A,relation-reasoning-agent-eval-v3.1
2026-08-14T15:30:00+09:00,CMP-S01-L01-01,S01,S01-L01,1,running,184.4425,422.3163,80.5147,50.2719,1.9335,B,relation-reasoning-agent-eval-v3.1
2026-08-14T15:30:00+09:00,CMP-S01-L02-01,S01,S01-L02,1,running,187.4816,502.882,93.2448,36.3755,-0.5005,A,relation-reasoning-agent-eval-v3.1
2026-08-14T15:30:00+09:00,CMP-S01-L03-01,S01,S01-L03,1,running,147.5833,425.0408,94.2307,38.2226,-0.4329,A,relation-reasoning-agent-eval-v3.1
2026-08-14T15:30:00+09:00,CMP-S01-L04-01,S01,S01-L04,1,running,161.2767,466.5134,103.5579,44.552,0.8887,A,relation-reasoning-agent-eval-v3.1
2026-08-14T15:30:00+09:00,CMP-S01-L05-01,S01,S01-L05,1,running,168.5381,415.9402,95.9855,37.1832,-0.8073,A,relation-reasoning-agent-eval-v3.1
2026-08-14T15:40:00+09:00,CMP-S01-L01-01,S01,S01-L01,1,running,165.2741,394.1339,80.4753,42.6271,0.5178,A,relation-reasoning-agent-eval-v3.1
2026-08-14T15:40:00+09:00,CMP-S01-L02-01,S01,S01-L02,1,running,193.074,479.6073,93.2894,33.9252,-0.9543,A,relation-reasoning-agent-eval-v3.1
2026-08-14T15:40:00+09:00,CMP-S01-L03-01,S01,S01-L03,1,running,135.7076,412.2925,89.0055,38.9188,-0.304,A,relation-reasoning-agent-eval-v3.1
2026-08-14T15:40:00+09:00,CMP-S01-L04-01,S01,S01-L04,1,running,177.7816,496.6896,104.9229,40.4073,0.1212,A,relation-reasoning-agent-eval-v3.1
2026-08-14T15:40:00+09:00,CMP-S01-L05-01,S01,S01-L05,1,running,186.531,388.0615,98.6616,33.6803,-1.456,B,relation-reasoning-agent-eval-v3.1
2026-08-14T15:50:00+09:00,CMP-S01-L01-01,S01,S01-L01,1,running,170.7107,403.9584,78.1756,39.8446,0.0025,A,relation-reasoning-agent-eval-v3.1
2026-08-14T15:50:00+09:00,CMP-S01-L02-01,S01,S01-L02,1,running,175.0948,487.4756,93.2567,30.7163,-1.5485,B,relation-reasoning-agent-eval-v3.1
2026-08-14T15:50:00+09:00,CMP-S01-L03-01,S01,S01-L03,1,running,139.4799,424.4265,95.137,44.9535,0.8135,A,relation-reasoning-agent-eval-v3.1
2026-08-14T15:50:00+09:00,CMP-S01-L04-01,S01,S01-L04,1,running,174.0212,505.6796,100.7056,45.0215,0.9756,A,relation-reasoning-agent-eval-v3.1
2026-08-14T15:50:00+09:00,CMP-S01-L05-01,S01,S01-L05,1,running,193.7697,414.897,95.1404,36.4645,-0.9404,A,relation-reasoning-agent-eval-v3.1
2026-08-14T16:00:00+09:00,CMP-S01-L01-01,S01,S01-L01,0,maintenance,170.8581,374.5497,73.2776,41.3755,0.286,A,relation-reasoning-agent-eval-v3.1
2026-08-14T16:00:00+09:00,CMP-S01-L02-01,S01,S01-L02,1,running,181.4634,508.9279,98.1263,34.3801,-0.87,A,relation-reasoning-agent-eval-v3.1
2026-08-14T16:00:00+09:00,CMP-S01-L03-01,S01,S01-L03,1,running,153.7042,440.6347,89.7592,48.6797,1.5036,B,relation-reasoning-agent-eval-v3.1
2026-08-14T16:00:00+09:00,CMP-S01-L04-01,S01,S01-L04,1,running,191.7255,507.6105,106.4442,39.4383,-0.0583,A,relation-reasoning-agent-eval-v3.1
2026-08-14T16:00:00+09:00,CMP-S01-L05-01,S01,S01-L05,1,running,202.9719,410.8127,90.7142,39.2675,-0.4213,A,relation-reasoning-agent-eval-v3.1
2026-08-14T16:10:00+09:00,CMP-S01-L01-01,S01,S01-L01,0,maintenance,177.544,377.8861,89.142,40.0757,0.0453,A,relation-reasoning-agent-eval-v3.1
2026-08-14T16:10:00+09:00,CMP-S01-L02-01,S01,S01-L02,1,running,183.7479,492.9635,95.7268,37.0773,-0.3705,A,relation-reasoning-agent-eval-v3.1
2026-08-14T16:10:00+09:00,CMP-S01-L03-01,S01,S01-L03,1,running,151.4355,459.1067,100.5402,48.5936,1.4876,B,relation-reasoning-agent-eval-v3.1
2026-08-14T16:10:00+09:00,CMP-S01-L04-01,S01,S01-L04,1,running,176.2674,499.6605,107.2836,46.9202,1.3273,B,relation-reasoning-agent-eval-v3.1
2026-08-14T16:10:00+09:00,CMP-S01-L05-01,S01,S01-L05,1,running,195.3416,429.018,94.0568,32.7035,-1.6369,B,relation-reasoning-agent-eval-v3.1
2026-08-14T16:20:00+09:00,CMP-S01-L01-01,S01,S01-L01,0,maintenance,179.1466,386.8315,93.2175,35.9972,-0.71,A,relation-reasoning-agent-eval-v3.1
2026-08-14T16:20:00+09:00,CMP-S01-L02-01,S01,S01-L02,1,running,167.7507,472.1513,98.3916,38.9339,-0.0267,A,relation-reasoning-agent-eval-v3.1
2026-08-14T16:20:00+09:00,CMP-S01-L03-01,S01,S01-L03,1,running,151.7651,410.0046,96.3384,41.7678,0.2236,A,relation-reasoning-agent-eval-v3.1
2026-08-14T16:20:00+09:00,CMP-S01-L04-01,S01,S01-L04,1,running,179.8858,546.9276,104.6888,47.1048,1.3614,B,relation-reasoning-agent-eval-v3.1
2026-08-14T16:20:00+09:00,CMP-S01-L05-01,S01,S01-L05,1,running,175.3531,410.0252,102.8413,37.3654,-0.7736,A,relation-reasoning-agent-eval-v3.1
2026-08-14T16:30:00+09:00,CMP-S01-L01-01,S01,S01-L01,0,maintenance,170.3137,442.2343,93.0416,40.89,0.1961,A,relation-reasoning-agent-eval-v3.1
2026-08-14T16:30:00+09:00,CMP-S01-L02-01,S01,S01-L02,1,running,163.7855,452.9796,105.004,40.0162,0.1737,A,relation-reasoning-agent-eval-v3.1
2026-08-14T16:30:00+09:00,CMP-S01-L03-01,S01,S01-L03,1,running,154.6583,420.5996,96.6081,40.827,0.0494,A,relation-reasoning-agent-eval-v3.1
2026-08-14T16:30:00+09:00,CMP-S01-L04-01,S01,S01-L04,1,running,179.7052,572.5802,107.0571,43.9495,0.7771,A,relation-reasoning-agent-eval-v3.1
2026-08-14T16:30:00+09:00,CMP-S01-L05-01,S01,S01-L05,1,running,182.4011,431.2353,93.0302,34.0045,-1.3959,B,relation-reasoning-agent-eval-v3.1
2026-08-14T16:40:00+09:00,CMP-S01-L01-01,S01,S01-L01,0,maintenance,171.9438,414.8306,89.1852,43.8419,0.7427,A,relation-reasoning-agent-eval-v3.1
2026-08-14T16:40:00+09:00,CMP-S01-L02-01,S01,S01-L02,1,running,163.165,429.9692,104.1546,38.2809,-0.1477,A,relation-reasoning-agent-eval-v3.1
2026-08-14T16:40:00+09:00,CMP-S01-L03-01,S01,S01-L03,1,running,170.3323,398.6982,93.4453,39.9916,-0.1053,A,relation-reasoning-agent-eval-v3.1
2026-08-14T16:40:00+09:00,CMP-S01-L04-01,S01,S01-L04,1,running,167.6683,566.9011,107.0402,46.2115,1.196,B,relation-reasoning-agent-eval-v3.1
2026-08-14T16:40:00+09:00,CMP-S01-L05-01,S01,S01-L05,1,running,176.8082,471.3826,93.0212,37.8398,-0.6857,A,relation-reasoning-agent-eval-v3.1
2026-08-14T16:50:00+09:00,CMP-S01-L01-01,S01,S01-L01,0,maintenance,184.0649,383.7842,89.9494,45.7888,1.1033,B,relation-reasoning-agent-eval-v3.1
2026-08-14T16:50:00+09:00,CMP-S01-L02-01,S01,S01-L02,1,running,163.0185,487.9769,109.9332,38.2001,-0.1626,A,relation-reasoning-agent-eval-v3.1
2026-08-14T16:50:00+09:00,CMP-S01-L03-01,S01,S01-L03,1,running,170.8681,411.8196,94.216,42.3884,0.3385,A,relation-reasoning-agent-eval-v3.1
2026-08-14T16:50:00+09:00,CMP-S01-L04-01,S01,S01-L04,1,running,181.71,517.8232,99.0535,42.5251,0.5133,A,relation-reasoning-agent-eval-v3.1
2026-08-14T16:50:00+09:00,CMP-S01-L05-01,S01,S01-L05,1,running,189.9807,518.3901,96.9196,49.1492,1.4086,B,relation-reasoning-agent-eval-v3.1
2026-08-14T17:00:00+09:00,CMP-S01-L01-01,S01,S01-L01,0,maintenance,183.4508,396.8143,87.3025,43.083,0.6022,A,relation-reasoning-agent-eval-v3.1
2026-08-14T17:00:00+09:00,CMP-S01-L02-01,S01,S01-L02,1,running,152.8262,461.6676,109.2427,38.0409,-0.1921,A,relation-reasoning-agent-eval-v3.1
2026-08-14T17:00:00+09:00,CMP-S01-L03-01,S01,S01-L03,1,running,175.2796,405.5048,92.8418,42.2887,0.32,A,relation-reasoning-agent-eval-v3.1
2026-08-14T17:00:00+09:00,CMP-S01-L04-01,S01,S01-L04,1,running,175.5905,477.9929,101.1207,35.5569,-0.7771,A,relation-reasoning-agent-eval-v3.1
2026-08-14T17:00:00+09:00,CMP-S01-L05-01,S01,S01-L05,1,running,205.5053,500.2205,102.3588,45.4779,0.7288,A,relation-reasoning-agent-eval-v3.1
2026-08-14T17:10:00+09:00,CMP-S01-L01-01,S01,S01-L01,0,maintenance,184.6042,398.4626,94.8361,43.4361,0.6676,A,relation-reasoning-agent-eval-v3.1
2026-08-14T17:10:00+09:00,CMP-S01-L02-01,S01,S01-L02,1,running,155.2823,468.2818,101.4355,38.273,-0.1491,A,relation-reasoning-agent-eval-v3.1
2026-08-14T17:10:00+09:00,CMP-S01-L03-01,S01,S01-L03,1,running,161.9301,379.2902,94.1874,47.2615,1.2409,B,relation-reasoning-agent-eval-v3.1
2026-08-14T17:10:00+09:00,CMP-S01-L04-01,S01,S01-L04,1,running,178.3775,507.9821,102.5187,30.8701,-1.645,B,relation-reasoning-agent-eval-v3.1
2026-08-14T17:10:00+09:00,CMP-S01-L05-01,S01,S01-L05,1,running,199.2774,497.9679,105.0313,50.3691,1.6345,B,relation-reasoning-agent-eval-v3.1
2026-08-14T17:20:00+09:00,CMP-S01-L01-01,S01,S01-L01,0,maintenance,178.9348,432.8455,89.5614,46.3901,1.2146,B,relation-reasoning-agent-eval-v3.1
2026-08-14T17:20:00+09:00,CMP-S01-L02-01,S01,S01-L02,1,running,157.7777,427.8679,104.3265,41.9589,0.5335,A,relation-reasoning-agent-eval-v3.1
2026-08-14T17:20:00+09:00,CMP-S01-L03-01,S01,S01-L03,1,running,167.7414,387.0232,97.5345,39.3641,-0.2215,A,relation-reasoning-agent-eval-v3.1
2026-08-14T17:20:00+09:00,CMP-S01-L04-01,S01,S01-L04,1,running,195.8178,480.538,112.9559,30.8594,-1.647,B,relation-reasoning-agent-eval-v3.1
2026-08-14T17:20:00+09:00,CMP-S01-L05-01,S01,S01-L05,1,running,182.1888,475.3245,111.3398,43.0185,0.2733,A,relation-reasoning-agent-eval-v3.1
2026-08-14T17:30:00+09:00,CMP-S01-L01-01,S01,S01-L01,0,maintenance,164.099,409.9327,90.2538,43.5434,0.6874,A,relation-reasoning-agent-eval-v3.1
2026-08-14T17:30:00+09:00,CMP-S01-L02-01,S01,S01-L02,1,running,161.861,454.5746,111.7974,41.3376,0.4184,A,relation-reasoning-agent-eval-v3.1
2026-08-14T17:30:00+09:00,CMP-S01-L03-01,S01,S01-L03,1,running,164.0463,373.0195,93.9194,42.617,0.3808,A,relation-reasoning-agent-eval-v3.1
2026-08-14T17:30:00+09:00,CMP-S01-L04-01,S01,S01-L04,1,running,183.1761,460.276,107.1046,36.0252,-0.6903,A,relation-reasoning-agent-eval-v3.1
2026-08-14T17:30:00+09:00,CMP-S01-L05-01,S01,S01-L05,1,running,178.4837,481.1649,110.3199,44.6336,0.5724,A,relation-reasoning-agent-eval-v3.1
2026-08-14T17:40:00+09:00,CMP-S01-L01-01,S01,S01-L01,0,maintenance,185.2796,479.3152,91.5407,36.861,-0.55,A,relation-reasoning-agent-eval-v3.1
2026-08-14T17:40:00+09:00,CMP-S01-L02-01,S01,S01-L02,1,running,176.5003,472.9753,114.4436,38.445,-0.1173,A,relation-reasoning-agent-eval-v3.1
2026-08-14T17:40:00+09:00,CMP-S01-L03-01,S01,S01-L03,1,running,158.699,417.9668,101.0514,47.5839,1.3006,B,relation-reasoning-agent-eval-v3.1
2026-08-14T17:40:00+09:00,CMP-S01-L04-01,S01,S01-L04,1,running,173.3565,490.7911,115.5922,30.9607,-1.6282,B,relation-reasoning-agent-eval-v3.1
2026-08-14T17:40:00+09:00,CMP-S01-L05-01,S01,S01-L05,1,running,175.987,513.7321,103.48,45.0354,0.6468,A,relation-reasoning-agent-eval-v3.1
2026-08-14T17:50:00+09:00,CMP-S01-L01-01,S01,S01-L01,0,maintenance,183.0665,483.1477,101.6379,33.1739,-1.2328,B,relation-reasoning-agent-eval-v3.1
2026-08-14T17:50:00+09:00,CMP-S01-L02-01,S01,S01-L02,1,running,167.0977,463.7328,112.9736,38.3215,-0.1402,A,relation-reasoning-agent-eval-v3.1
2026-08-14T17:50:00+09:00,CMP-S01-L03-01,S01,S01-L03,1,running,152.3346,413.496,97.2549,47.3546,1.2582,B,relation-reasoning-agent-eval-v3.1
2026-08-14T17:50:00+09:00,CMP-S01-L04-01,S01,S01-L04,1,running,168.258,497.9232,120.7796,38.8185,-0.1731,A,relation-reasoning-agent-eval-v3.1
2026-08-14T17:50:00+09:00,CMP-S01-L05-01,S01,S01-L05,1,running,163.3764,489.9982,104.301,47.9106,1.1793,B,relation-reasoning-agent-eval-v3.1
2026-08-14T18:00:00+09:00,CMP-S01-L01-01,S01,S01-L01,0,maintenance,184.7005,507.8444,98.3144,32.6419,-1.3314,B,relation-reasoning-agent-eval-v3.1
2026-08-14T18:00:00+09:00,CMP-S01-L02-01,S01,S01-L02,1,running,169.5054,476.1885,115.4101,43.3165,0.7849,A,relation-reasoning-agent-eval-v3.1
2026-08-14T18:00:00+09:00,CMP-S01-L03-01,S01,S01-L03,1,running,144.5342,385.0012,97.7752,37.655,-0.5381,A,relation-reasoning-agent-eval-v3.1
2026-08-14T18:00:00+09:00,CMP-S01-L04-01,S01,S01-L04,1,running,176.2004,501.7444,115.6983,33.015,-1.2478,B,relation-reasoning-agent-eval-v3.1
2026-08-14T18:00:00+09:00,CMP-S01-L05-01,S01,S01-L05,1,running,163.5433,451.1925,102.8167,53.43,2.2014,C,relation-reasoning-agent-eval-v3.1
2026-08-14T18:10:00+09:00,CMP-S01-L01-01,S01,S01-L01,0,maintenance,187.5113,491.139,102.0039,35.9275,-0.7229,A,relation-reasoning-agent-eval-v3.1
2026-08-14T18:10:00+09:00,CMP-S01-L02-01,S01,S01-L02,1,running,156.8665,462.5401,108.7491,47.0876,1.4832,B,relation-reasoning-agent-eval-v3.1
2026-08-14T18:10:00+09:00,CMP-S01-L03-01,S01,S01-L03,1,running,159.7146,349.6471,90.0036,39.1103,-0.2686,A,relation-reasoning-agent-eval-v3.1
2026-08-14T18:10:00+09:00,CMP-S01-L04-01,S01,S01-L04,1,running,166.3632,475.5804,109.5714,33.3315,-1.1892,B,relation-reasoning-agent-eval-v3.1
2026-08-14T18:10:00+09:00,CMP-S01-L05-01,S01,S01-L05,1,running,181.1563,458.3851,105.6502,48.4271,1.2749,B,relation-reasoning-agent-eval-v3.1
2026-08-14T18:20:00+09:00,CMP-S01-L01-01,S01,S01-L01,0,maintenance,164.1389,445.9321,112.4067,36.1353,-0.6844,A,relation-reasoning-agent-eval-v3.1
2026-08-14T18:20:00+09:00,CMP-S01-L02-01,S01,S01-L02,1,running,159.7444,467.8755,110.011,44.6362,1.0292,B,relation-reasoning-agent-eval-v3.1
2026-08-14T18:20:00+09:00,CMP-S01-L03-01,S01,S01-L03,1,running,139.7667,361.4766,92.6578,35.4673,-0.9432,A,relation-reasoning-agent-eval-v3.1
2026-08-14T18:20:00+09:00,CMP-S01-L04-01,S01,S01-L04,1,running,150.1557,493.9253,109.1603,38.4227,-0.2464,A,relation-reasoning-agent-eval-v3.1
2026-08-14T18:20:00+09:00,CMP-S01-L05-01,S01,S01-L05,1,running,181.2165,432.9969,109.2248,42.4504,0.1681,A,relation-reasoning-agent-eval-v3.1
2026-08-14T18:30:00+09:00,CMP-S01-L01-01,S01,S01-L01,0,maintenance,176.637,457.9627,101.8248,39.1501,-0.1261,A,relation-reasoning-agent-eval-v3.1
2026-08-14T18:30:00+09:00,CMP-S01-L02-01,S01,S01-L02,1,running,179.801,445.0784,112.0929,39.1381,0.0111,A,relation-reasoning-agent-eval-v3.1
2026-08-14T18:30:00+09:00,CMP-S01-L03-01,S01,S01-L03,1,running,153.6173,353.2245,103.3161,37.2223,-0.6182,A,relation-reasoning-agent-eval-v3.1
2026-08-14T18:30:00+09:00,CMP-S01-L04-01,S01,S01-L04,1,running,130.0935,506.0079,101.1969,39.2949,-0.0849,A,relation-reasoning-agent-eval-v3.1
2026-08-14T18:30:00+09:00,CMP-S01-L05-01,S01,S01-L05,1,running,181.882,464.2429,103.1417,40.9489,-0.11,A,relation-reasoning-agent-eval-v3.1
2026-08-14T18:40:00+09:00,CMP-S01-L01-01,S01,S01-L01,0,maintenance,178.1269,459.8304,101.8449,31.109,-1.6152,B,relation-reasoning-agent-eval-v3.1
2026-08-14T18:40:00+09:00,CMP-S01-L02-01,S01,S01-L02,1,running,182.8141,465.8676,107.8305,39.7399,0.1225,A,relation-reasoning-agent-eval-v3.1
2026-08-14T18:40:00+09:00,CMP-S01-L03-01,S01,S01-L03,1,running,135.895,350.97,97.0327,39.4735,-0.2013,A,relation-reasoning-agent-eval-v3.1
2026-08-14T18:40:00+09:00,CMP-S01-L04-01,S01,S01-L04,1,running,148.8197,525.3863,101.7831,40.3224,0.1054,A,relation-reasoning-agent-eval-v3.1
2026-08-14T18:40:00+09:00,CMP-S01-L05-01,S01,S01-L05,1,running,171.5225,427.0736,107.2147,41.6082,0.0121,A,relation-reasoning-agent-eval-v3.1
2026-08-14T18:50:00+09:00,CMP-S01-L01-01,S01,S01-L01,0,maintenance,178.6963,430.9079,101.9381,29.9877,-1.8229,B,relation-reasoning-agent-eval-v3.1
2026-08-14T18:50:00+09:00,CMP-S01-L02-01,S01,S01-L02,1,running,170.4268,449.0119,99.9384,44.564,1.0159,B,relation-reasoning-agent-eval-v3.1
2026-08-14T18:50:00+09:00,CMP-S01-L03-01,S01,S01-L03,1,running,150.6761,337.2109,102.052,39.9828,-0.107,A,relation-reasoning-agent-eval-v3.1
2026-08-14T18:50:00+09:00,CMP-S01-L04-01,S01,S01-L04,1,running,166.8739,504.0767,103.742,39.6043,-0.0276,A,relation-reasoning-agent-eval-v3.1
2026-08-14T18:50:00+09:00,CMP-S01-L05-01,S01,S01-L05,1,running,147.939,396.3021,101.7586,45.6857,0.7672,A,relation-reasoning-agent-eval-v3.1
2026-08-14T19:00:00+09:00,CMP-S01-L01-01,S01,S01-L01,0,maintenance,197.4305,449.3849,99.3275,31.7765,-1.4916,B,relation-reasoning-agent-eval-v3.1
2026-08-14T19:00:00+09:00,CMP-S01-L02-01,S01,S01-L02,1,running,166.415,407.5033,99.6971,45.3936,1.1695,B,relation-reasoning-agent-eval-v3.1
2026-08-14T19:00:00+09:00,CMP-S01-L03-01,S01,S01-L03,1,running,149.8476,320.3269,101.8302,41.4076,0.1569,A,relation-reasoning-agent-eval-v3.1
2026-08-14T19:00:00+09:00,CMP-S01-L04-01,S01,S01-L04,1,running,155.9099,487.2695,107.2861,36.7731,-0.5519,A,relation-reasoning-agent-eval-v3.1
2026-08-14T19:00:00+09:00,CMP-S01-L05-01,S01,S01-L05,1,running,145.2112,381.088,99.2838,41.7353,0.0357,A,relation-reasoning-agent-eval-v3.1
2026-08-14T19:10:00+09:00,CMP-S01-L01-01,S01,S01-L01,0,maintenance,189.5641,461.1652,106.1989,30.8912,-1.6556,B,relation-reasoning-agent-eval-v3.1
2026-08-14T19:10:00+09:00,CMP-S01-L02-01,S01,S01-L02,1,running,161.2274,445.4456,99.3244,48.2325,1.6952,B,relation-reasoning-agent-eval-v3.1
2026-08-14T19:10:00+09:00,CMP-S01-L03-01,S01,S01-L03,1,running,149.2792,348.853,101.3847,43.6598,0.574,A,relation-reasoning-agent-eval-v3.1
2026-08-14T19:10:00+09:00,CMP-S01-L04-01,S01,S01-L04,1,running,168.8076,490.8512,114.1104,38.21,-0.2857,A,relation-reasoning-agent-eval-v3.1
2026-08-14T19:10:00+09:00,CMP-S01-L05-01,S01,S01-L05,1,running,165.1502,352.3362,93.1959,44.5781,0.5621,A,relation-reasoning-agent-eval-v3.1
2026-08-14T19:20:00+09:00,CMP-S01-L01-01,S01,S01-L01,0,maintenance,178.466,431.2701,111.3341,31.3901,-1.5632,B,relation-reasoning-agent-eval-v3.1
2026-08-14T19:20:00+09:00,CMP-S01-L02-01,S01,S01-L02,1,running,152.0171,451.403,98.498,45.4295,1.1762,B,relation-reasoning-agent-eval-v3.1
2026-08-14T19:20:00+09:00,CMP-S01-L03-01,S01,S01-L03,1,running,170.7306,357.7342,106.7334,41.3164,0.14,A,relation-reasoning-agent-eval-v3.1
2026-08-14T19:20:00+09:00,CMP-S01-L04-01,S01,S01-L04,1,running,193.3457,509.1053,113.0617,39.0773,-0.1251,A,relation-reasoning-agent-eval-v3.1
2026-08-14T19:20:00+09:00,CMP-S01-L05-01,S01,S01-L05,1,running,167.6605,384.581,103.0308,42.6752,0.2097,A,relation-reasoning-agent-eval-v3.1
2026-08-14T19:30:00+09:00,CMP-S01-L01-01,S01,S01-L01,0,maintenance,192.6212,438.8767,103.8272,36.6066,-0.5972,A,relation-reasoning-agent-eval-v3.1
2026-08-14T19:30:00+09:00,CMP-S01-L02-01,S01,S01-L02,1,running,167.7601,470.7877,94.3501,35.8465,-0.5985,A,relation-reasoning-agent-eval-v3.1
2026-08-14T19:30:00+09:00,CMP-S01-L03-01,S01,S01-L03,1,running,162.4691,398.993,106.997,41.2379,0.1254,A,relation-reasoning-agent-eval-v3.1
2026-08-14T19:30:00+09:00,CMP-S01-L04-01,S01,S01-L04,1,running,190.2594,540.7858,111.5404,39.4521,-0.0557,A,relation-reasoning-agent-eval-v3.1
2026-08-14T19:30:00+09:00,CMP-S01-L05-01,S01,S01-L05,1,running,181.886,385.6781,102.631,45.3408,0.7034,A,relation-reasoning-agent-eval-v3.1
2026-08-14T19:40:00+09:00,CMP-S01-L01-01,S01,S01-L01,0,maintenance,181.1039,402.3135,102.6621,43.2396,0.6312,A,relation-reasoning-agent-eval-v3.1
2026-08-14T19:40:00+09:00,CMP-S01-L02-01,S01,S01-L02,1,running,157.7581,450.9607,95.4443,36.9877,-0.3871,A,relation-reasoning-agent-eval-v3.1
2026-08-14T19:40:00+09:00,CMP-S01-L03-01,S01,S01-L03,1,running,146.5655,414.0317,111.9712,37.4023,-0.5848,A,relation-reasoning-agent-eval-v3.1
2026-08-14T19:40:00+09:00,CMP-S01-L04-01,S01,S01-L04,1,running,186.5887,541.4635,109.1028,35.0755,-0.8662,A,relation-reasoning-agent-eval-v3.1
2026-08-14T19:40:00+09:00,CMP-S01-L05-01,S01,S01-L05,1,running,177.8083,407.1758,103.1481,45.8735,0.802,A,relation-reasoning-agent-eval-v3.1
2026-08-14T19:50:00+09:00,CMP-S01-L01-01,S01,S01-L01,0,maintenance,180.9099,438.3668,103.2092,48.2708,1.5629,B,relation-reasoning-agent-eval-v3.1
2026-08-14T19:50:00+09:00,CMP-S01-L02-01,S01,S01-L02,1,running,156.2916,466.7546,98.1268,39.0707,-0.0014,A,relation-reasoning-agent-eval-v3.1
2026-08-14T19:50:00+09:00,CMP-S01-L03-01,S01,S01-L03,1,running,135.6264,450.4572,114.0111,41.6975,0.2106,A,relation-reasoning-agent-eval-v3.1
2026-08-14T19:50:00+09:00,CMP-S01-L04-01,S01,S01-L04,1,running,165.6896,507.3041,102.1642,33.2163,-1.2105,B,relation-reasoning-agent-eval-v3.1
2026-08-14T19:50:00+09:00,CMP-S01-L05-01,S01,S01-L05,1,running,162.7699,396.9852,109.9082,46.6893,0.9531,A,relation-reasoning-agent-eval-v3.1
2026-08-14T20:00:00+09:00,CMP-S01-L01-01,S01,S01-L01,0,maintenance,164.3015,526.9726,98.5485,48.7271,1.6474,B,relation-reasoning-agent-eval-v3.1
2026-08-14T20:00:00+09:00,CMP-S01-L02-01,S01,S01-L02,1,running,157.5424,445.3752,107.4161,44.6259,1.0273,B,relation-reasoning-agent-eval-v3.1
2026-08-14T20:00:00+09:00,CMP-S01-L03-01,S01,S01-L03,1,running,161.9058,393.6005,109.27,39.7342,-0.153,A,relation-reasoning-agent-eval-v3.1
2026-08-14T20:00:00+09:00,CMP-S01-L04-01,S01,S01-L04,1,running,159.9657,477.9095,100.8097,37.4676,-0.4232,A,relation-reasoning-agent-eval-v3.1
2026-08-14T20:00:00+09:00,CMP-S01-L05-01,S01,S01-L05,1,running,173.9224,442.379,110.9762,47.5328,1.1093,B,relation-reasoning-agent-eval-v3.1
2026-08-14T20:10:00+09:00,CMP-S01-L01-01,S01,S01-L01,0,maintenance,150.5144,621.3721,100.3371,48.4725,1.6002,B,relation-reasoning-agent-eval-v3.1
2026-08-14T20:10:00+09:00,CMP-S01-L02-01,S01,S01-L02,1,running,170.3319,443.61,100.4209,44.1222,0.9341,A,relation-reasoning-agent-eval-v3.1
2026-08-14T20:10:00+09:00,CMP-S01-L03-01,S01,S01-L03,1,running,159.1653,413.3621,103.8849,45.4028,0.8967,A,relation-reasoning-agent-eval-v3.1
2026-08-14T20:10:00+09:00,CMP-S01-L04-01,S01,S01-L04,1,running,167.4343,464.181,96.9004,44.6622,0.9091,A,relation-reasoning-agent-eval-v3.1
2026-08-14T20:10:00+09:00,CMP-S01-L05-01,S01,S01-L05,1,running,156.8807,464.8927,109.8463,49.8084,1.5307,B,relation-reasoning-agent-eval-v3.1
2026-08-14T20:20:00+09:00,CMP-S01-L01-01,S01,S01-L01,0,maintenance,156.7358,534.5044,100.3299,42.7467,0.5399,A,relation-reasoning-agent-eval-v3.1
2026-08-14T20:20:00+09:00,CMP-S01-L02-01,S01,S01-L02,1,running,164.0113,440.7711,96.985,37.8493,-0.2276,A,relation-reasoning-agent-eval-v3.1
2026-08-14T20:20:00+09:00,CMP-S01-L03-01,S01,S01-L03,1,running,176.6663,410.3068,103.8696,45.557,0.9253,A,relation-reasoning-agent-eval-v3.1
2026-08-14T20:20:00+09:00,CMP-S01-L04-01,S01,S01-L04,1,running,174.0314,444.536,100.9495,39.3729,-0.0704,A,relation-reasoning-agent-eval-v3.1
2026-08-14T20:20:00+09:00,CMP-S01-L05-01,S01,S01-L05,1,running,155.5851,457.8369,108.8497,51.1844,1.7855,B,relation-reasoning-agent-eval-v3.1
2026-08-14T20:30:00+09:00,CMP-S01-L01-01,S01,S01-L01,0,maintenance,158.9909,510.0612,99.9117,45.0597,0.9682,A,relation-reasoning-agent-eval-v3.1
2026-08-14T20:30:00+09:00,CMP-S01-L02-01,S01,S01-L02,1,running,158.2835,482.7725,98.5081,42.1575,0.5702,A,relation-reasoning-agent-eval-v3.1
2026-08-14T20:30:00+09:00,CMP-S01-L03-01,S01,S01-L03,1,running,183.8432,431.5686,103.4514,37.0362,-0.6526,A,relation-reasoning-agent-eval-v3.1
2026-08-14T20:30:00+09:00,CMP-S01-L04-01,S01,S01-L04,1,running,160.8375,478.4393,99.6641,32.582,-1.328,B,relation-reasoning-agent-eval-v3.1
2026-08-14T20:30:00+09:00,CMP-S01-L05-01,S01,S01-L05,1,running,171.5077,410.4223,111.902,42.4582,0.1695,A,relation-reasoning-agent-eval-v3.1
2026-08-14T20:40:00+09:00,CMP-S01-L01-01,S01,S01-L01,0,maintenance,182.7534,496.5856,107.8604,41.5831,0.3244,A,relation-reasoning-agent-eval-v3.1
2026-08-14T20:40:00+09:00,CMP-S01-L02-01,S01,S01-L02,1,running,152.4501,497.4303,98.8327,34.8989,-0.774,A,relation-reasoning-agent-eval-v3.1
2026-08-14T20:40:00+09:00,CMP-S01-L03-01,S01,S01-L03,1,running,178.9227,411.2205,102.4026,38.2905,-0.4204,A,relation-reasoning-agent-eval-v3.1
2026-08-14T20:40:00+09:00,CMP-S01-L04-01,S01,S01-L04,1,running,168.306,448.663,100.4873,30.7123,-1.6742,B,relation-reasoning-agent-eval-v3.1
2026-08-14T20:40:00+09:00,CMP-S01-L05-01,S01,S01-L05,1,running,180.7565,414.0198,112.6316,42.6929,0.213,A,relation-reasoning-agent-eval-v3.1
2026-08-14T20:50:00+09:00,CMP-S01-L01-01,S01,S01-L01,0,maintenance,178.7981,490.0563,103.5946,38.8091,-0.1893,A,relation-reasoning-agent-eval-v3.1
2026-08-14T20:50:00+09:00,CMP-S01-L02-01,S01,S01-L02,1,running,166.7605,524.637,94.4702,40.4724,0.2582,A,relation-reasoning-agent-eval-v3.1
2026-08-14T20:50:00+09:00,CMP-S01-L03-01,S01,S01-L03,1,running,158.8248,385.6354,100.9917,43.4102,0.5277,A,relation-reasoning-agent-eval-v3.1
2026-08-14T20:50:00+09:00,CMP-S01-L04-01,S01,S01-L04,1,running,179.4312,455.9976,104.5511,38.892,-0.1595,A,relation-reasoning-agent-eval-v3.1
2026-08-14T20:50:00+09:00,CMP-S01-L05-01,S01,S01-L05,1,running,177.8539,408.4775,104.8581,36.2606,-0.9782,A,relation-reasoning-agent-eval-v3.1
2026-08-14T21:00:00+09:00,CMP-S01-L01-01,S01,S01-L01,0,maintenance,189.4528,461.7013,102.2242,33.9816,-1.0833,B,relation-reasoning-agent-eval-v3.1
2026-08-14T21:00:00+09:00,CMP-S01-L02-01,S01,S01-L02,1,running,181.5991,502.6873,93.0794,41.7427,0.4934,A,relation-reasoning-agent-eval-v3.1
2026-08-14T21:00:00+09:00,CMP-S01-L03-01,S01,S01-L03,1,running,170.1036,365.7354,98.4163,41.7356,0.2176,A,relation-reasoning-agent-eval-v3.1
2026-08-14T21:00:00+09:00,CMP-S01-L04-01,S01,S01-L04,1,running,163.7319,507.7498,107.8528,37.0007,-0.5097,A,relation-reasoning-agent-eval-v3.1
2026-08-14T21:00:00+09:00,CMP-S01-L05-01,S01,S01-L05,1,running,187.9266,394.0487,102.0585,36.7681,-0.8842,A,relation-reasoning-agent-eval-v3.1
2026-08-14T21:10:00+09:00,CMP-S01-L01-01,S01,S01-L01,0,maintenance,185.965,436.7576,98.8908,32.4373,-1.3692,B,relation-reasoning-agent-eval-v3.1
2026-08-14T21:10:00+09:00,CMP-S01-L02-01,S01,S01-L02,1,running,170.2544,455.9046,95.3497,39.6212,0.1005,A,relation-reasoning-agent-eval-v3.1
2026-08-14T21:10:00+09:00,CMP-S01-L03-01,S01,S01-L03,1,running,179.6337,393.6463,106.5937,38.4877,-0.3838,A,relation-reasoning-agent-eval-v3.1
2026-08-14T21:10:00+09:00,CMP-S01-L04-01,S01,S01-L04,1,running,161.1968,502.2324,104.4618,42.8083,0.5658,A,relation-reasoning-agent-eval-v3.1
2026-08-14T21:10:00+09:00,CMP-S01-L05-01,S01,S01-L05,1,running,184.6899,414.9793,95.1508,36.7149,-0.894,A,relation-reasoning-agent-eval-v3.1
2026-08-14T21:20:00+09:00,CMP-S01-L01-01,S01,S01-L01,0,maintenance,173.9583,449.195,91.8686,34.0131,-1.0774,B,relation-reasoning-agent-eval-v3.1
2026-08-14T21:20:00+09:00,CMP-S01-L02-01,S01,S01-L02,1,running,160.2878,423.1381,98.1361,39.4648,0.0716,A,relation-reasoning-agent-eval-v3.1
2026-08-14T21:20:00+09:00,CMP-S01-L03-01,S01,S01-L03,1,running,167.8111,417.0062,104.456,38.4338,-0.3938,A,relation-reasoning-agent-eval-v3.1
2026-08-14T21:20:00+09:00,CMP-S01-L04-01,S01,S01-L04,1,running,161.9684,518.0109,107.9527,37.2416,-0.4651,A,relation-reasoning-agent-eval-v3.1
2026-08-14T21:20:00+09:00,CMP-S01-L05-01,S01,S01-L05,1,running,182.9174,417.4295,105.7605,32.0295,-1.7617,B,relation-reasoning-agent-eval-v3.1
2026-08-14T21:30:00+09:00,CMP-S01-L01-01,S01,S01-L01,0,maintenance,184.5162,496.4058,95.77,42.2628,0.4503,A,relation-reasoning-agent-eval-v3.1
2026-08-14T21:30:00+09:00,CMP-S01-L02-01,S01,S01-L02,1,running,158.5669,403.2675,101.8384,40.2681,0.2203,A,relation-reasoning-agent-eval-v3.1
2026-08-14T21:30:00+09:00,CMP-S01-L03-01,S01,S01-L03,1,running,154.3194,445.3646,107.1267,37.9793,-0.478,A,relation-reasoning-agent-eval-v3.1
2026-08-14T21:30:00+09:00,CMP-S01-L04-01,S01,S01-L04,1,running,156.5169,494.7194,106.7399,38.448,-0.2417,A,relation-reasoning-agent-eval-v3.1
2026-08-14T21:30:00+09:00,CMP-S01-L05-01,S01,S01-L05,1,running,184.8589,384.8847,104.5835,36.6367,-0.9085,A,relation-reasoning-agent-eval-v3.1
2026-08-14T21:40:00+09:00,CMP-S01-L01-01,S01,S01-L01,0,maintenance,176.9767,424.2084,96.9169,36.5494,-0.6077,A,relation-reasoning-agent-eval-v3.1
2026-08-14T21:40:00+09:00,CMP-S01-L02-01,S01,S01-L02,1,running,133.124,402.6425,109.4496,39.7005,0.1152,A,relation-reasoning-agent-eval-v3.1
2026-08-14T21:40:00+09:00,CMP-S01-L03-01,S01,S01-L03,1,running,157.2198,456.6871,106.8437,39.1742,-0.2567,A,relation-reasoning-agent-eval-v3.1
2026-08-14T21:40:00+09:00,CMP-S01-L04-01,S01,S01-L04,1,running,164.9175,490.1637,110.3376,40.719,0.1789,A,relation-reasoning-agent-eval-v3.1
2026-08-14T21:40:00+09:00,CMP-S01-L05-01,S01,S01-L05,1,running,200.5529,422.3686,105.3449,31.3958,-1.879,B,relation-reasoning-agent-eval-v3.1
2026-08-14T21:50:00+09:00,CMP-S01-L01-01,S01,S01-L01,0,maintenance,185.931,474.9241,100.6829,41.8699,0.3775,A,relation-reasoning-agent-eval-v3.1
2026-08-14T21:50:00+09:00,CMP-S01-L02-01,S01,S01-L02,1,running,133.3226,412.3321,109.494,42.7636,0.6825,A,relation-reasoning-agent-eval-v3.1
2026-08-14T21:50:00+09:00,CMP-S01-L03-01,S01,S01-L03,1,running,133.8926,462.7395,96.981,38.182,-0.4405,A,relation-reasoning-agent-eval-v3.1
2026-08-14T21:50:00+09:00,CMP-S01-L04-01,S01,S01-L04,1,running,145.1137,480.0738,101.8745,39.3185,-0.0805,A,relation-reasoning-agent-eval-v3.1
2026-08-14T21:50:00+09:00,CMP-S01-L05-01,S01,S01-L05,1,running,221.8726,368.355,104.6414,35.8502,-1.0541,B,relation-reasoning-agent-eval-v3.1
2026-08-14T22:00:00+09:00,CMP-S01-L01-01,S01,S01-L01,0,maintenance,171.5661,452.8848,101.8584,43.8902,0.7517,A,relation-reasoning-agent-eval-v3.1
2026-08-14T22:00:00+09:00,CMP-S01-L02-01,S01,S01-L02,1,running,149.6016,410.3665,106.0364,42.4701,0.6281,A,relation-reasoning-agent-eval-v3.1
2026-08-14T22:00:00+09:00,CMP-S01-L03-01,S01,S01-L03,1,running,134.6026,509.4273,97.7551,35.9976,-0.845,A,relation-reasoning-agent-eval-v3.1
2026-08-14T22:00:00+09:00,CMP-S01-L04-01,S01,S01-L04,1,running,141.9394,445.6554,103.997,41.1937,0.2668,A,relation-reasoning-agent-eval-v3.1
2026-08-14T22:00:00+09:00,CMP-S01-L05-01,S01,S01-L05,1,running,195.939,415.8594,105.3016,39.1078,-0.4509,A,relation-reasoning-agent-eval-v3.1
2026-08-14T22:10:00+09:00,CMP-S01-L01-01,S01,S01-L01,0,maintenance,171.4713,472.8446,99.4441,34.2999,-1.0243,B,relation-reasoning-agent-eval-v3.1
2026-08-14T22:10:00+09:00,CMP-S01-L02-01,S01,S01-L02,1,running,156.7118,389.2471,110.6331,38.4837,-0.1101,A,relation-reasoning-agent-eval-v3.1
2026-08-14T22:10:00+09:00,CMP-S01-L03-01,S01,S01-L03,1,running,155.5527,511.22,94.4759,38.2011,-0.4369,A,relation-reasoning-agent-eval-v3.1
2026-08-14T22:10:00+09:00,CMP-S01-L04-01,S01,S01-L04,1,running,168.9824,466.5943,101.6398,47.5112,1.4367,B,relation-reasoning-agent-eval-v3.1
2026-08-14T22:10:00+09:00,CMP-S01-L05-01,S01,S01-L05,1,running,184.5107,372.2552,105.8462,46.7279,0.9602,A,relation-reasoning-agent-eval-v3.1
2026-08-14T22:20:00+09:00,CMP-S01-L01-01,S01,S01-L01,0,maintenance,163.4093,434.623,95.676,38.6956,-0.2103,A,relation-reasoning-agent-eval-v3.1
2026-08-14T22:20:00+09:00,CMP-S01-L02-01,S01,S01-L02,1,running,166.4468,385.6321,106.7837,32.1173,-1.2891,B,relation-reasoning-agent-eval-v3.1
2026-08-14T22:20:00+09:00,CMP-S01-L03-01,S01,S01-L03,1,running,158.2899,455.4193,97.3995,38.0764,-0.46,A,relation-reasoning-agent-eval-v3.1
2026-08-14T22:20:00+09:00,CMP-S01-L04-01,S01,S01-L04,1,running,163.2727,482.1786,102.4154,46.9218,1.3276,B,relation-reasoning-agent-eval-v3.1
2026-08-14T22:20:00+09:00,CMP-S01-L05-01,S01,S01-L05,1,running,183.3964,394.1351,109.5419,50.213,1.6056,B,relation-reasoning-agent-eval-v3.1
2026-08-14T22:30:00+09:00,CMP-S01-L01-01,S01,S01-L01,0,maintenance,161.029,409.9191,95.7121,33.3245,-1.205,B,relation-reasoning-agent-eval-v3.1
2026-08-14T22:30:00+09:00,CMP-S01-L02-01,S01,S01-L02,1,running,165.7063,387.4359,107.4084,33.3848,-1.0543,B,relation-reasoning-agent-eval-v3.1
2026-08-14T22:30:00+09:00,CMP-S01-L03-01,S01,S01-L03,1,running,147.9822,463.2792,94.0675,43.643,0.5708,A,relation-reasoning-agent-eval-v3.1
2026-08-14T22:30:00+09:00,CMP-S01-L04-01,S01,S01-L04,1,running,166.911,444.0969,104.1496,41.3693,0.2993,A,relation-reasoning-agent-eval-v3.1
2026-08-14T22:30:00+09:00,CMP-S01-L05-01,S01,S01-L05,1,running,181.4966,375.071,105.2164,44.5127,0.55,A,relation-reasoning-agent-eval-v3.1
2026-08-14T22:40:00+09:00,CMP-S01-L01-01,S01,S01-L01,0,maintenance,163.6524,415.0203,98.1135,39.7961,-0.0065,A,relation-reasoning-agent-eval-v3.1
2026-08-14T22:40:00+09:00,CMP-S01-L02-01,S01,S01-L02,1,running,175.9914,429.8893,107.6259,34.0447,-0.9321,A,relation-reasoning-agent-eval-v3.1
2026-08-14T22:40:00+09:00,CMP-S01-L03-01,S01,S01-L03,1,running,145.0566,437.6849,98.2318,43.2399,0.4962,A,relation-reasoning-agent-eval-v3.1
2026-08-14T22:40:00+09:00,CMP-S01-L04-01,S01,S01-L04,1,running,166.3119,481.88,103.8398,40.3539,0.1113,A,relation-reasoning-agent-eval-v3.1
2026-08-14T22:40:00+09:00,CMP-S01-L05-01,S01,S01-L05,1,running,173.9159,353.9401,109.611,44.9974,0.6398,A,relation-reasoning-agent-eval-v3.1
2026-08-14T22:50:00+09:00,CMP-S01-L01-01,S01,S01-L01,0,maintenance,158.6146,472.4012,103.7033,41.0514,0.2259,A,relation-reasoning-agent-eval-v3.1
2026-08-14T22:50:00+09:00,CMP-S01-L02-01,S01,S01-L02,1,running,177.5773,399.2954,98.5899,37.4418,-0.3031,A,relation-reasoning-agent-eval-v3.1
2026-08-14T22:50:00+09:00,CMP-S01-L03-01,S01,S01-L03,1,running,163.888,406.856,100.2194,39.6203,-0.1741,A,relation-reasoning-agent-eval-v3.1
2026-08-14T22:50:00+09:00,CMP-S01-L04-01,S01,S01-L04,1,running,170.7842,509.0342,107.72,41.1078,0.2509,A,relation-reasoning-agent-eval-v3.1
2026-08-14T22:50:00+09:00,CMP-S01-L05-01,S01,S01-L05,1,running,173.1347,324.0868,103.7831,46.996,1.0099,B,relation-reasoning-agent-eval-v3.1
2026-08-14T23:00:00+09:00,CMP-S01-L01-01,S01,S01-L01,1,running,158.419,466.6281,102.4533,46.7632,1.2837,B,relation-reasoning-agent-eval-v3.1
2026-08-14T23:00:00+09:00,CMP-S01-L02-01,S01,S01-L02,1,running,150.0474,406.2109,95.2928,32.5729,-1.2047,B,relation-reasoning-agent-eval-v3.1
2026-08-14T23:00:00+09:00,CMP-S01-L03-01,S01,S01-L03,1,running,159.7487,438.1878,101.9109,41.1634,0.1116,A,relation-reasoning-agent-eval-v3.1
2026-08-14T23:00:00+09:00,CMP-S01-L04-01,S01,S01-L04,1,running,175.8017,518.7923,107.1941,36.5649,-0.5904,A,relation-reasoning-agent-eval-v3.1
2026-08-14T23:00:00+09:00,CMP-S01-L05-01,S01,S01-L05,1,running,178.6709,326.5326,100.1895,42.2582,0.1325,A,relation-reasoning-agent-eval-v3.1
