observed_at,asset_id,site_id,cell_id,is_operating,operating_state,voltage_raw,rotation_raw,pressure_raw,vibration_raw,relative_vibration_z,relative_vibration_zone,generator_version
2026-09-03T08:00:00+09:00,CMP-S01-L01-01,S01,S01-L01,1,running,192.468,445.2049,103.752,35.3062,-0.838,A,relation-reasoning-agent-eval-v3.1
2026-09-03T08:00:00+09:00,CMP-S01-L02-01,S01,S01-L02,1,running,162.0294,484.9744,120.535,43.688,0.8537,A,relation-reasoning-agent-eval-v3.1
2026-09-03T08:00:00+09:00,CMP-S01-L03-01,S01,S01-L03,1,running,149.8292,412.35,106.7619,35.8612,-0.8702,A,relation-reasoning-agent-eval-v3.1
2026-09-03T08:00:00+09:00,CMP-S01-L04-01,S01,S01-L04,1,running,206.881,459.5446,106.9697,32.7941,-1.2887,B,relation-reasoning-agent-eval-v3.1
2026-09-03T08:00:00+09:00,CMP-S01-L05-01,S01,S01-L05,1,running,152.3511,433.2233,91.331,37.8873,-0.6769,A,relation-reasoning-agent-eval-v3.1
2026-09-03T08:10:00+09:00,CMP-S01-L01-01,S01,S01-L01,1,running,172.0933,444.1238,95.8599,35.7334,-0.7588,A,relation-reasoning-agent-eval-v3.1
2026-09-03T08:10:00+09:00,CMP-S01-L02-01,S01,S01-L02,1,running,161.0377,502.1055,115.0623,41.3046,0.4123,A,relation-reasoning-agent-eval-v3.1
2026-09-03T08:10:00+09:00,CMP-S01-L03-01,S01,S01-L03,1,running,155.9862,460.3596,101.7081,40.5285,-0.0059,A,relation-reasoning-agent-eval-v3.1
2026-09-03T08:10:00+09:00,CMP-S01-L04-01,S01,S01-L04,1,running,174.0287,504.0824,102.9235,40.5768,0.1525,A,relation-reasoning-agent-eval-v3.1
2026-09-03T08:10:00+09:00,CMP-S01-L05-01,S01,S01-L05,1,running,172.7459,444.7526,88.751,44.2801,0.5069,A,relation-reasoning-agent-eval-v3.1
2026-09-03T08:20:00+09:00,CMP-S01-L01-01,S01,S01-L01,1,running,173.0852,438.6674,91.1465,36.0175,-0.7062,A,relation-reasoning-agent-eval-v3.1
2026-09-03T08:20:00+09:00,CMP-S01-L02-01,S01,S01-L02,1,running,187.5801,452.2594,113.6105,43.5639,0.8307,A,relation-reasoning-agent-eval-v3.1
2026-09-03T08:20:00+09:00,CMP-S01-L03-01,S01,S01-L03,1,running,154.7911,444.9137,100.7283,42.5785,0.3737,A,relation-reasoning-agent-eval-v3.1
2026-09-03T08:20:00+09:00,CMP-S01-L04-01,S01,S01-L04,1,running,172.4303,502.9759,110.4141,40.3994,0.1197,A,relation-reasoning-agent-eval-v3.1
2026-09-03T08:20:00+09:00,CMP-S01-L05-01,S01,S01-L05,1,running,180.0251,416.4155,95.394,38.2368,-0.6122,A,relation-reasoning-agent-eval-v3.1
2026-09-03T08:30:00+09:00,CMP-S01-L01-01,S01,S01-L01,1,running,173.4995,467.3939,94.3516,26.4808,-2.4723,C,relation-reasoning-agent-eval-v3.1
2026-09-03T08:30:00+09:00,CMP-S01-L02-01,S01,S01-L02,1,running,171.183,437.3206,106.1343,43.9133,0.8954,A,relation-reasoning-agent-eval-v3.1
2026-09-03T08:30:00+09:00,CMP-S01-L03-01,S01,S01-L03,1,running,153.298,367.1785,102.7373,46.151,1.0353,B,relation-reasoning-agent-eval-v3.1
2026-09-03T08:30:00+09:00,CMP-S01-L04-01,S01,S01-L04,1,running,174.8478,465.8083,106.4354,43.668,0.725,A,relation-reasoning-agent-eval-v3.1
2026-09-03T08:30:00+09:00,CMP-S01-L05-01,S01,S01-L05,1,running,184.2912,446.2614,92.822,35.6396,-1.0932,B,relation-reasoning-agent-eval-v3.1
2026-09-03T08:40:00+09:00,CMP-S01-L01-01,S01,S01-L01,1,running,162.3239,481.5886,93.3412,26.5806,-2.4538,C,relation-reasoning-agent-eval-v3.1
2026-09-03T08:40:00+09:00,CMP-S01-L02-01,S01,S01-L02,1,running,175.1735,442.1513,103.753,45.302,1.1525,B,relation-reasoning-agent-eval-v3.1
2026-09-03T08:40:00+09:00,CMP-S01-L03-01,S01,S01-L03,1,running,157.3624,418.5492,103.5474,43.4866,0.5419,A,relation-reasoning-agent-eval-v3.1
2026-09-03T08:40:00+09:00,CMP-S01-L04-01,S01,S01-L04,1,running,170.187,449.5748,99.0954,45.1226,0.9944,A,relation-reasoning-agent-eval-v3.1
2026-09-03T08:40:00+09:00,CMP-S01-L05-01,S01,S01-L05,1,running,185.0158,427.0653,99.0347,36.7834,-0.8813,A,relation-reasoning-agent-eval-v3.1
2026-09-03T08:50:00+09:00,CMP-S01-L01-01,S01,S01-L01,1,running,162.0936,509.913,91.9945,29.9327,-1.8331,B,relation-reasoning-agent-eval-v3.1
2026-09-03T08:50:00+09:00,CMP-S01-L02-01,S01,S01-L02,1,running,171.7218,400.6721,105.5214,45.6305,1.2134,B,relation-reasoning-agent-eval-v3.1
2026-09-03T08:50:00+09:00,CMP-S01-L03-01,S01,S01-L03,1,running,167.8538,444.7384,107.398,37.9649,-0.4807,A,relation-reasoning-agent-eval-v3.1
2026-09-03T08:50:00+09:00,CMP-S01-L04-01,S01,S01-L04,1,running,189.0109,471.6191,100.7497,41.9454,0.406,A,relation-reasoning-agent-eval-v3.1
2026-09-03T08:50:00+09:00,CMP-S01-L05-01,S01,S01-L05,1,running,192.4321,431.2503,97.998,38.6967,-0.527,A,relation-reasoning-agent-eval-v3.1
2026-09-03T09:00:00+09:00,CMP-S01-L01-01,S01,S01-L01,1,running,170.8099,462.9875,91.5183,34.3111,-1.0222,B,relation-reasoning-agent-eval-v3.1
2026-09-03T09:00:00+09:00,CMP-S01-L02-01,S01,S01-L02,1,running,162.687,423.3268,104.2591,37.2421,-0.34,A,relation-reasoning-agent-eval-v3.1
2026-09-03T09:00:00+09:00,CMP-S01-L03-01,S01,S01-L03,1,running,156.7329,451.1005,106.856,39.3727,-0.22,A,relation-reasoning-agent-eval-v3.1
2026-09-03T09:00:00+09:00,CMP-S01-L04-01,S01,S01-L04,1,running,182.4339,492.4089,97.0976,50.9299,2.0698,C,relation-reasoning-agent-eval-v3.1
2026-09-03T09:00:00+09:00,CMP-S01-L05-01,S01,S01-L05,1,running,187.0583,486.9491,98.9742,38.9383,-0.4823,A,relation-reasoning-agent-eval-v3.1
2026-09-03T09:10:00+09:00,CMP-S01-L01-01,S01,S01-L01,1,running,180.2592,452.2082,91.5794,44.0628,0.7836,A,relation-reasoning-agent-eval-v3.1
2026-09-03T09:10:00+09:00,CMP-S01-L02-01,S01,S01-L02,1,running,161.0421,389.9165,105.0926,32.5863,-1.2022,B,relation-reasoning-agent-eval-v3.1
2026-09-03T09:10:00+09:00,CMP-S01-L03-01,S01,S01-L03,1,running,165.4152,423.8814,108.3729,40.4872,-0.0136,A,relation-reasoning-agent-eval-v3.1
2026-09-03T09:10:00+09:00,CMP-S01-L04-01,S01,S01-L04,1,running,172.5404,472.9443,99.4681,48.1103,1.5476,B,relation-reasoning-agent-eval-v3.1
2026-09-03T09:10:00+09:00,CMP-S01-L05-01,S01,S01-L05,1,running,188.1944,484.6573,101.5176,34.7401,-1.2597,B,relation-reasoning-agent-eval-v3.1
2026-09-03T09:20:00+09:00,CMP-S01-L01-01,S01,S01-L01,1,running,160.4782,444.9646,88.9468,34.9617,-0.9018,A,relation-reasoning-agent-eval-v3.1
2026-09-03T09:20:00+09:00,CMP-S01-L02-01,S01,S01-L02,1,running,177.2961,437.3413,109.71,37.3119,-0.3271,A,relation-reasoning-agent-eval-v3.1
2026-09-03T09:20:00+09:00,CMP-S01-L03-01,S01,S01-L03,1,running,170.7313,445.3472,104.4484,48.2614,1.4261,B,relation-reasoning-agent-eval-v3.1
2026-09-03T09:20:00+09:00,CMP-S01-L04-01,S01,S01-L04,1,running,160.1654,425.0011,100.044,48.7902,1.6735,B,relation-reasoning-agent-eval-v3.1
2026-09-03T09:20:00+09:00,CMP-S01-L05-01,S01,S01-L05,1,running,169.1014,486.1366,102.8603,40.7826,-0.1407,A,relation-reasoning-agent-eval-v3.1
2026-09-03T09:30:00+09:00,CMP-S01-L01-01,S01,S01-L01,1,running,164.5566,472.3895,89.2277,35.7619,-0.7536,A,relation-reasoning-agent-eval-v3.1
2026-09-03T09:30:00+09:00,CMP-S01-L02-01,S01,S01-L02,1,running,178.5556,456.9972,103.8396,34.9898,-0.7571,A,relation-reasoning-agent-eval-v3.1
2026-09-03T09:30:00+09:00,CMP-S01-L03-01,S01,S01-L03,1,running,158.8585,448.0518,108.0804,44.5637,0.7413,A,relation-reasoning-agent-eval-v3.1
2026-09-03T09:30:00+09:00,CMP-S01-L04-01,S01,S01-L04,1,running,179.9491,498.4633,97.2393,47.4402,1.4235,B,relation-reasoning-agent-eval-v3.1
2026-09-03T09:30:00+09:00,CMP-S01-L05-01,S01,S01-L05,1,running,167.5472,490.5305,102.9571,40.9009,-0.1188,A,relation-reasoning-agent-eval-v3.1
2026-09-03T09:40:00+09:00,CMP-S01-L01-01,S01,S01-L01,1,running,189.1759,494.9764,91.0875,42.4821,0.4909,A,relation-reasoning-agent-eval-v3.1
2026-09-03T09:40:00+09:00,CMP-S01-L02-01,S01,S01-L02,1,running,177.5937,430.0128,102.8126,34.0536,-0.9305,A,relation-reasoning-agent-eval-v3.1
2026-09-03T09:40:00+09:00,CMP-S01-L03-01,S01,S01-L03,1,running,169.9008,478.4811,100.0857,47.3558,1.2584,B,relation-reasoning-agent-eval-v3.1
2026-09-03T09:40:00+09:00,CMP-S01-L04-01,S01,S01-L04,1,running,190.7197,491.4694,103.0159,46.5724,1.2628,B,relation-reasoning-agent-eval-v3.1
2026-09-03T09:40:00+09:00,CMP-S01-L05-01,S01,S01-L05,1,running,156.1799,452.6593,105.5115,42.0717,0.098,A,relation-reasoning-agent-eval-v3.1
2026-09-03T09:50:00+09:00,CMP-S01-L01-01,S01,S01-L01,1,running,174.0405,440.1797,85.6122,41.6724,0.341,A,relation-reasoning-agent-eval-v3.1
2026-09-03T09:50:00+09:00,CMP-S01-L02-01,S01,S01-L02,1,running,173.0352,416.3908,105.293,33.4845,-1.0359,B,relation-reasoning-agent-eval-v3.1
2026-09-03T09:50:00+09:00,CMP-S01-L03-01,S01,S01-L03,1,running,164.9831,476.7612,89.9884,44.634,0.7544,A,relation-reasoning-agent-eval-v3.1
2026-09-03T09:50:00+09:00,CMP-S01-L04-01,S01,S01-L04,1,running,181.9881,430.4951,100.0096,42.9274,0.5878,A,relation-reasoning-agent-eval-v3.1
2026-09-03T09:50:00+09:00,CMP-S01-L05-01,S01,S01-L05,1,running,160.7132,431.0717,106.8714,40.5426,-0.1852,A,relation-reasoning-agent-eval-v3.1
2026-09-03T10:00:00+09:00,CMP-S01-L01-01,S01,S01-L01,1,running,181.0641,489.5387,87.0004,46.2307,1.1851,B,relation-reasoning-agent-eval-v3.1
2026-09-03T10:00:00+09:00,CMP-S01-L02-01,S01,S01-L02,1,running,181.4405,487.1594,106.7036,38.1544,-0.1711,A,relation-reasoning-agent-eval-v3.1
2026-09-03T10:00:00+09:00,CMP-S01-L03-01,S01,S01-L03,1,running,150.5327,518.8922,96.3563,45.6609,0.9445,A,relation-reasoning-agent-eval-v3.1
2026-09-03T10:00:00+09:00,CMP-S01-L04-01,S01,S01-L04,1,running,178.7155,442.634,100.1682,41.7864,0.3765,A,relation-reasoning-agent-eval-v3.1
2026-09-03T10:00:00+09:00,CMP-S01-L05-01,S01,S01-L05,1,running,148.0393,380.6888,104.6338,42.4286,0.1641,A,relation-reasoning-agent-eval-v3.1
2026-09-03T10:10:00+09:00,CMP-S01-L01-01,S01,S01-L01,1,running,182.6146,424.4558,85.3058,46.342,1.2057,B,relation-reasoning-agent-eval-v3.1
2026-09-03T10:10:00+09:00,CMP-S01-L02-01,S01,S01-L02,1,running,159.1667,436.8916,108.3742,35.4236,-0.6768,A,relation-reasoning-agent-eval-v3.1
2026-09-03T10:10:00+09:00,CMP-S01-L03-01,S01,S01-L03,1,running,152.9796,506.1681,98.654,46.4776,1.0958,B,relation-reasoning-agent-eval-v3.1
2026-09-03T10:10:00+09:00,CMP-S01-L04-01,S01,S01-L04,1,running,173.245,454.819,95.9785,34.038,-1.0583,B,relation-reasoning-agent-eval-v3.1
2026-09-03T10:10:00+09:00,CMP-S01-L05-01,S01,S01-L05,1,running,143.606,402.6201,106.5239,41.7201,0.0329,A,relation-reasoning-agent-eval-v3.1
2026-09-03T10:20:00+09:00,CMP-S01-L01-01,S01,S01-L01,1,running,193.3004,448.7207,93.8273,47.218,1.3679,B,relation-reasoning-agent-eval-v3.1
2026-09-03T10:20:00+09:00,CMP-S01-L02-01,S01,S01-L02,1,running,164.9819,451.0967,106.6534,32.6177,-1.1964,B,relation-reasoning-agent-eval-v3.1
2026-09-03T10:20:00+09:00,CMP-S01-L03-01,S01,S01-L03,1,running,143.5027,524.1549,98.3722,46.3881,1.0792,B,relation-reasoning-agent-eval-v3.1
2026-09-03T10:20:00+09:00,CMP-S01-L04-01,S01,S01-L04,1,running,178.1152,485.9357,98.204,41.8795,0.3938,A,relation-reasoning-agent-eval-v3.1
2026-09-03T10:20:00+09:00,CMP-S01-L05-01,S01,S01-L05,1,running,149.0651,404.0197,106.0446,44.7879,0.601,A,relation-reasoning-agent-eval-v3.1
2026-09-03T10:30:00+09:00,CMP-S01-L01-01,S01,S01-L01,1,running,189.649,433.3487,89.4474,46.8976,1.3086,B,relation-reasoning-agent-eval-v3.1
2026-09-03T10:30:00+09:00,CMP-S01-L02-01,S01,S01-L02,1,running,141.7367,441.3133,94.7682,35.6776,-0.6298,A,relation-reasoning-agent-eval-v3.1
2026-09-03T10:30:00+09:00,CMP-S01-L03-01,S01,S01-L03,1,running,157.7927,516.729,103.4896,39.9217,-0.1183,A,relation-reasoning-agent-eval-v3.1
2026-09-03T10:30:00+09:00,CMP-S01-L04-01,S01,S01-L04,1,running,181.0415,443.5907,108.9381,42.4284,0.4954,A,relation-reasoning-agent-eval-v3.1
2026-09-03T10:30:00+09:00,CMP-S01-L05-01,S01,S01-L05,1,running,165.5944,431.3346,108.8921,46.0629,0.8371,A,relation-reasoning-agent-eval-v3.1
2026-09-03T10:40:00+09:00,CMP-S01-L01-01,S01,S01-L01,1,running,195.877,450.5119,91.0777,42.7236,0.5356,A,relation-reasoning-agent-eval-v3.1
2026-09-03T10:40:00+09:00,CMP-S01-L02-01,S01,S01-L02,1,running,154.3489,415.2857,91.5744,35.0732,-0.7417,A,relation-reasoning-agent-eval-v3.1
2026-09-03T10:40:00+09:00,CMP-S01-L03-01,S01,S01-L03,1,running,158.1951,463.2394,96.9757,40.0932,-0.0865,A,relation-reasoning-agent-eval-v3.1
2026-09-03T10:40:00+09:00,CMP-S01-L04-01,S01,S01-L04,1,running,188.8369,416.0567,110.4627,40.5743,0.1521,A,relation-reasoning-agent-eval-v3.1
2026-09-03T10:40:00+09:00,CMP-S01-L05-01,S01,S01-L05,1,running,167.2181,417.9072,99.8431,41.9655,0.0783,A,relation-reasoning-agent-eval-v3.1
2026-09-03T10:50:00+09:00,CMP-S01-L01-01,S01,S01-L01,1,running,183.1588,444.9006,98.205,38.034,-0.3328,A,relation-reasoning-agent-eval-v3.1
2026-09-03T10:50:00+09:00,CMP-S01-L02-01,S01,S01-L02,1,running,154.3084,441.8824,93.5276,40.1611,0.2005,A,relation-reasoning-agent-eval-v3.1
2026-09-03T10:50:00+09:00,CMP-S01-L03-01,S01,S01-L03,1,running,164.8865,477.7342,98.8957,41.7548,0.2212,A,relation-reasoning-agent-eval-v3.1
2026-09-03T10:50:00+09:00,CMP-S01-L04-01,S01,S01-L04,1,running,193.3494,421.3022,115.2487,38.6705,-0.2005,A,relation-reasoning-agent-eval-v3.1
2026-09-03T10:50:00+09:00,CMP-S01-L05-01,S01,S01-L05,1,running,175.1349,372.6623,93.7953,42.1945,0.1207,A,relation-reasoning-agent-eval-v3.1
2026-09-03T11:00:00+09:00,CMP-S01-L01-01,S01,S01-L01,1,running,173.0554,455.2523,91.6431,37.3282,-0.4635,A,relation-reasoning-agent-eval-v3.1
2026-09-03T11:00:00+09:00,CMP-S01-L02-01,S01,S01-L02,1,running,176.4883,436.0215,96.3263,39.5577,0.0888,A,relation-reasoning-agent-eval-v3.1
2026-09-03T11:00:00+09:00,CMP-S01-L03-01,S01,S01-L03,1,running,176.5392,473.6919,104.0928,47.6698,1.3165,B,relation-reasoning-agent-eval-v3.1
2026-09-03T11:00:00+09:00,CMP-S01-L04-01,S01,S01-L04,1,running,186.2911,432.6564,110.4968,39.8362,0.0154,A,relation-reasoning-agent-eval-v3.1
2026-09-03T11:00:00+09:00,CMP-S01-L05-01,S01,S01-L05,1,running,188.8586,364.0473,93.219,38.5536,-0.5535,A,relation-reasoning-agent-eval-v3.1
2026-09-03T11:10:00+09:00,CMP-S01-L01-01,S01,S01-L01,1,running,194.9213,471.0921,96.5236,43.9073,0.7548,A,relation-reasoning-agent-eval-v3.1
2026-09-03T11:10:00+09:00,CMP-S01-L02-01,S01,S01-L02,1,running,174.6631,447.0088,94.8544,44.5395,1.0113,B,relation-reasoning-agent-eval-v3.1
2026-09-03T11:10:00+09:00,CMP-S01-L03-01,S01,S01-L03,1,running,155.8626,440.4082,97.0283,45.4825,0.9115,A,relation-reasoning-agent-eval-v3.1
2026-09-03T11:10:00+09:00,CMP-S01-L04-01,S01,S01-L04,1,running,194.4675,469.5667,105.3045,39.6654,-0.0162,A,relation-reasoning-agent-eval-v3.1
2026-09-03T11:10:00+09:00,CMP-S01-L05-01,S01,S01-L05,1,running,181.1005,398.8811,93.662,42.2644,0.1337,A,relation-reasoning-agent-eval-v3.1
2026-09-03T11:20:00+09:00,CMP-S01-L01-01,S01,S01-L01,1,running,193.9342,431.5454,93.3438,47.0491,1.3366,B,relation-reasoning-agent-eval-v3.1
2026-09-03T11:20:00+09:00,CMP-S01-L02-01,S01,S01-L02,1,running,184.0614,448.7267,93.8841,41.6842,0.4826,A,relation-reasoning-agent-eval-v3.1
2026-09-03T11:20:00+09:00,CMP-S01-L03-01,S01,S01-L03,1,running,149.7883,424.6436,101.9969,46.8035,1.1561,B,relation-reasoning-agent-eval-v3.1
2026-09-03T11:20:00+09:00,CMP-S01-L04-01,S01,S01-L04,1,running,184.9532,477.5686,116.2373,40.6567,0.1673,A,relation-reasoning-agent-eval-v3.1
2026-09-03T11:20:00+09:00,CMP-S01-L05-01,S01,S01-L05,1,running,176.9932,418.8953,98.0346,47.9258,1.1821,B,relation-reasoning-agent-eval-v3.1
2026-09-03T11:30:00+09:00,CMP-S01-L01-01,S01,S01-L01,1,running,199.3081,433.0254,102.5339,37.7669,-0.3823,A,relation-reasoning-agent-eval-v3.1
2026-09-03T11:30:00+09:00,CMP-S01-L02-01,S01,S01-L02,1,running,192.3886,465.6791,96.1099,37.2788,-0.3332,A,relation-reasoning-agent-eval-v3.1
2026-09-03T11:30:00+09:00,CMP-S01-L03-01,S01,S01-L03,1,running,154.8993,471.1765,99.4372,44.9277,0.8087,A,relation-reasoning-agent-eval-v3.1
2026-09-03T11:30:00+09:00,CMP-S01-L04-01,S01,S01-L04,1,running,178.5818,521.1612,111.9591,38.4802,-0.2357,A,relation-reasoning-agent-eval-v3.1
2026-09-03T11:30:00+09:00,CMP-S01-L05-01,S01,S01-L05,1,running,178.2564,443.0856,98.5038,51.7449,1.8893,B,relation-reasoning-agent-eval-v3.1
2026-09-03T11:40:00+09:00,CMP-S01-L01-01,S01,S01-L01,1,running,195.2002,443.6639,101.6765,41.2167,0.2566,A,relation-reasoning-agent-eval-v3.1
2026-09-03T11:40:00+09:00,CMP-S01-L02-01,S01,S01-L02,1,running,187.5208,413.5301,101.9757,41.4121,0.4322,A,relation-reasoning-agent-eval-v3.1
2026-09-03T11:40:00+09:00,CMP-S01-L03-01,S01,S01-L03,1,running,165.4927,476.6742,97.9267,44.7507,0.776,A,relation-reasoning-agent-eval-v3.1
2026-09-03T11:40:00+09:00,CMP-S01-L04-01,S01,S01-L04,1,running,180.3128,471.8097,113.4109,37.4525,-0.426,A,relation-reasoning-agent-eval-v3.1
2026-09-03T11:40:00+09:00,CMP-S01-L05-01,S01,S01-L05,1,running,188.0087,407.4849,97.6476,48.7806,1.3404,B,relation-reasoning-agent-eval-v3.1
2026-09-03T11:50:00+09:00,CMP-S01-L01-01,S01,S01-L01,1,running,198.5971,514.573,99.4463,41.7983,0.3643,A,relation-reasoning-agent-eval-v3.1
2026-09-03T11:50:00+09:00,CMP-S01-L02-01,S01,S01-L02,1,running,195.3036,453.977,99.4163,41.0841,0.3714,A,relation-reasoning-agent-eval-v3.1
2026-09-03T11:50:00+09:00,CMP-S01-L03-01,S01,S01-L03,1,running,159.6285,463.9211,100.9967,43.7928,0.5986,A,relation-reasoning-agent-eval-v3.1
2026-09-03T11:50:00+09:00,CMP-S01-L04-01,S01,S01-L04,1,running,167.153,412.2403,104.0139,30.695,-1.6774,B,relation-reasoning-agent-eval-v3.1
2026-09-03T11:50:00+09:00,CMP-S01-L05-01,S01,S01-L05,1,running,189.5892,381.1918,92.5788,44.4931,0.5464,A,relation-reasoning-agent-eval-v3.1
2026-09-03T12:00:00+09:00,CMP-S01-L01-01,S01,S01-L01,1,running,184.3918,479.9198,92.5524,33.9072,-1.097,B,relation-reasoning-agent-eval-v3.1
2026-09-03T12:00:00+09:00,CMP-S01-L02-01,S01,S01-L02,1,running,180.4239,449.4358,94.3004,34.375,-0.871,A,relation-reasoning-agent-eval-v3.1
2026-09-03T12:00:00+09:00,CMP-S01-L03-01,S01,S01-L03,1,running,143.1846,410.3292,101.9344,34.721,-1.0814,B,relation-reasoning-agent-eval-v3.1
2026-09-03T12:00:00+09:00,CMP-S01-L04-01,S01,S01-L04,1,running,181.4045,433.9274,112.2238,29.6365,-1.8734,B,relation-reasoning-agent-eval-v3.1
2026-09-03T12:00:00+09:00,CMP-S01-L05-01,S01,S01-L05,1,running,185.2162,385.7184,92.1212,50.9206,1.7367,B,relation-reasoning-agent-eval-v3.1
2026-09-03T12:10:00+09:00,CMP-S01-L01-01,S01,S01-L01,1,running,214.7541,389.0221,91.4375,30.9716,-1.6407,B,relation-reasoning-agent-eval-v3.1
2026-09-03T12:10:00+09:00,CMP-S01-L02-01,S01,S01-L02,1,running,178.3568,377.0076,93.7618,33.1046,-1.1062,B,relation-reasoning-agent-eval-v3.1
2026-09-03T12:10:00+09:00,CMP-S01-L03-01,S01,S01-L03,1,running,139.196,390.9812,94.4995,38.5256,-0.3768,A,relation-reasoning-agent-eval-v3.1
2026-09-03T12:10:00+09:00,CMP-S01-L04-01,S01,S01-L04,1,running,159.4387,440.7782,107.3619,36.343,-0.6315,A,relation-reasoning-agent-eval-v3.1
2026-09-03T12:10:00+09:00,CMP-S01-L05-01,S01,S01-L05,1,running,181.0056,464.4433,92.6542,47.5943,1.1207,B,relation-reasoning-agent-eval-v3.1
2026-09-03T12:20:00+09:00,CMP-S01-L01-01,S01,S01-L01,1,running,211.428,397.1765,92.6167,26.3986,-2.4875,C,relation-reasoning-agent-eval-v3.1
2026-09-03T12:20:00+09:00,CMP-S01-L02-01,S01,S01-L02,1,running,175.9028,354.5728,103.3095,41.3604,0.4226,A,relation-reasoning-agent-eval-v3.1
2026-09-03T12:20:00+09:00,CMP-S01-L03-01,S01,S01-L03,1,running,162.3745,427.3945,98.2675,41.5035,0.1746,A,relation-reasoning-agent-eval-v3.1
2026-09-03T12:20:00+09:00,CMP-S01-L04-01,S01,S01-L04,1,running,172.2697,432.7496,108.8262,31.6877,-1.4936,B,relation-reasoning-agent-eval-v3.1
2026-09-03T12:20:00+09:00,CMP-S01-L05-01,S01,S01-L05,1,running,171.7024,453.2847,90.0865,44.9107,0.6237,A,relation-reasoning-agent-eval-v3.1
2026-09-03T12:30:00+09:00,CMP-S01-L01-01,S01,S01-L01,1,running,210.1989,406.0128,90.942,31.7545,-1.4957,B,relation-reasoning-agent-eval-v3.1
2026-09-03T12:30:00+09:00,CMP-S01-L02-01,S01,S01-L02,1,running,184.8546,385.0451,115.2434,43.2124,0.7656,A,relation-reasoning-agent-eval-v3.1
2026-09-03T12:30:00+09:00,CMP-S01-L03-01,S01,S01-L03,1,running,152.3337,448.2216,102.9254,47.0866,1.2085,B,relation-reasoning-agent-eval-v3.1
2026-09-03T12:30:00+09:00,CMP-S01-L04-01,S01,S01-L04,1,running,193.1576,414.9759,110.4571,36.3768,-0.6252,A,relation-reasoning-agent-eval-v3.1
2026-09-03T12:30:00+09:00,CMP-S01-L05-01,S01,S01-L05,1,running,192.9119,432.889,83.6566,44.3658,0.5228,A,relation-reasoning-agent-eval-v3.1
2026-09-03T12:40:00+09:00,CMP-S01-L01-01,S01,S01-L01,1,running,208.7276,425.275,92.718,31.801,-1.4871,B,relation-reasoning-agent-eval-v3.1
2026-09-03T12:40:00+09:00,CMP-S01-L02-01,S01,S01-L02,1,running,183.1934,395.9554,107.5956,44.8316,1.0654,B,relation-reasoning-agent-eval-v3.1
2026-09-03T12:40:00+09:00,CMP-S01-L03-01,S01,S01-L03,1,running,158.2023,478.2385,113.244,53.0858,2.3195,C,relation-reasoning-agent-eval-v3.1
2026-09-03T12:40:00+09:00,CMP-S01-L04-01,S01,S01-L04,1,running,188.6767,461.0292,103.9612,39.8921,0.0257,A,relation-reasoning-agent-eval-v3.1
2026-09-03T12:40:00+09:00,CMP-S01-L05-01,S01,S01-L05,1,running,171.9109,393.5388,85.716,49.4222,1.4592,B,relation-reasoning-agent-eval-v3.1
2026-09-03T12:50:00+09:00,CMP-S01-L01-01,S01,S01-L01,1,running,185.3819,505.2828,95.7704,38.9224,-0.1683,A,relation-reasoning-agent-eval-v3.1
2026-09-03T12:50:00+09:00,CMP-S01-L02-01,S01,S01-L02,1,running,193.9278,444.0057,109.3589,45.393,1.1694,B,relation-reasoning-agent-eval-v3.1
2026-09-03T12:50:00+09:00,CMP-S01-L03-01,S01,S01-L03,1,running,171.081,464.6481,111.3139,57.3067,3.1012,D,relation-reasoning-agent-eval-v3.1
2026-09-03T12:50:00+09:00,CMP-S01-L04-01,S01,S01-L04,1,running,161.1615,440.0425,102.1027,40.5159,0.1413,A,relation-reasoning-agent-eval-v3.1
2026-09-03T12:50:00+09:00,CMP-S01-L05-01,S01,S01-L05,1,running,178.5702,410.7677,87.7866,49.2648,1.43,B,relation-reasoning-agent-eval-v3.1
2026-09-03T13:00:00+09:00,CMP-S01-L01-01,S01,S01-L01,1,running,173.5519,488.6544,102.088,39.4929,-0.0627,A,relation-reasoning-agent-eval-v3.1
2026-09-03T13:00:00+09:00,CMP-S01-L02-01,S01,S01-L02,1,running,185.1302,393.2901,106.238,43.1611,0.7561,A,relation-reasoning-agent-eval-v3.1
2026-09-03T13:00:00+09:00,CMP-S01-L03-01,S01,S01-L03,1,running,187.3965,449.8448,109.0576,56.1799,2.8925,C,relation-reasoning-agent-eval-v3.1
2026-09-03T13:00:00+09:00,CMP-S01-L04-01,S01,S01-L04,1,running,188.2962,448.9917,107.558,41.673,0.3555,A,relation-reasoning-agent-eval-v3.1
2026-09-03T13:00:00+09:00,CMP-S01-L05-01,S01,S01-L05,1,running,178.8297,420.8563,95.1381,49.9846,1.5633,B,relation-reasoning-agent-eval-v3.1
2026-09-03T13:10:00+09:00,CMP-S01-L01-01,S01,S01-L01,1,running,178.388,480.222,100.1471,35.5435,-0.794,A,relation-reasoning-agent-eval-v3.1
2026-09-03T13:10:00+09:00,CMP-S01-L02-01,S01,S01-L02,1,running,174.5976,339.5751,105.6227,43.8472,0.8831,A,relation-reasoning-agent-eval-v3.1
2026-09-03T13:10:00+09:00,CMP-S01-L03-01,S01,S01-L03,1,running,200.6939,421.4064,107.1033,49.7353,1.699,B,relation-reasoning-agent-eval-v3.1
2026-09-03T13:10:00+09:00,CMP-S01-L04-01,S01,S01-L04,1,running,202.9712,423.6903,102.6447,45.4203,1.0495,B,relation-reasoning-agent-eval-v3.1
2026-09-03T13:10:00+09:00,CMP-S01-L05-01,S01,S01-L05,1,running,182.8428,459.8283,100.5706,47.1933,1.0464,B,relation-reasoning-agent-eval-v3.1
2026-09-03T13:20:00+09:00,CMP-S01-L01-01,S01,S01-L01,1,running,165.2465,476.7363,100.5154,39.4506,-0.0705,A,relation-reasoning-agent-eval-v3.1
2026-09-03T13:20:00+09:00,CMP-S01-L02-01,S01,S01-L02,1,running,178.1974,336.9563,113.1524,40.7749,0.3142,A,relation-reasoning-agent-eval-v3.1
2026-09-03T13:20:00+09:00,CMP-S01-L03-01,S01,S01-L03,1,running,182.9244,453.0408,101.2219,47.4466,1.2752,B,relation-reasoning-agent-eval-v3.1
2026-09-03T13:20:00+09:00,CMP-S01-L04-01,S01,S01-L04,1,running,195.8459,454.8852,100.5063,44.7597,0.9272,A,relation-reasoning-agent-eval-v3.1
2026-09-03T13:20:00+09:00,CMP-S01-L05-01,S01,S01-L05,1,running,178.5111,397.2799,99.5279,37.3502,-0.7764,A,relation-reasoning-agent-eval-v3.1
2026-09-03T13:30:00+09:00,CMP-S01-L01-01,S01,S01-L01,1,running,174.4228,509.9935,100.4246,37.0824,-0.509,A,relation-reasoning-agent-eval-v3.1
2026-09-03T13:30:00+09:00,CMP-S01-L02-01,S01,S01-L02,1,running,158.1421,362.584,103.4684,41.2933,0.4102,A,relation-reasoning-agent-eval-v3.1
2026-09-03T13:30:00+09:00,CMP-S01-L03-01,S01,S01-L03,1,running,163.5874,408.2337,106.265,45.3312,0.8835,A,relation-reasoning-agent-eval-v3.1
2026-09-03T13:30:00+09:00,CMP-S01-L04-01,S01,S01-L04,1,running,186.1908,413.199,97.7671,37.8314,-0.3559,A,relation-reasoning-agent-eval-v3.1
2026-09-03T13:30:00+09:00,CMP-S01-L05-01,S01,S01-L05,1,running,171.3846,406.8753,96.7039,39.2509,-0.4244,A,relation-reasoning-agent-eval-v3.1
2026-09-03T13:40:00+09:00,CMP-S01-L01-01,S01,S01-L01,1,running,181.6259,509.672,98.1649,34.1819,-1.0462,B,relation-reasoning-agent-eval-v3.1
2026-09-03T13:40:00+09:00,CMP-S01-L02-01,S01,S01-L02,1,running,178.8952,361.4865,100.4747,39.3654,0.0532,A,relation-reasoning-agent-eval-v3.1
2026-09-03T13:40:00+09:00,CMP-S01-L03-01,S01,S01-L03,1,running,171.6368,423.2986,108.5171,47.7826,1.3374,B,relation-reasoning-agent-eval-v3.1
2026-09-03T13:40:00+09:00,CMP-S01-L04-01,S01,S01-L04,1,running,180.1084,441.6666,105.9593,40.5107,0.1403,A,relation-reasoning-agent-eval-v3.1
2026-09-03T13:40:00+09:00,CMP-S01-L05-01,S01,S01-L05,1,running,171.0462,428.2902,97.8763,37.621,-0.7262,A,relation-reasoning-agent-eval-v3.1
2026-09-03T13:50:00+09:00,CMP-S01-L01-01,S01,S01-L01,1,running,159.2251,497.8288,104.3835,33.1795,-1.2318,B,relation-reasoning-agent-eval-v3.1
2026-09-03T13:50:00+09:00,CMP-S01-L02-01,S01,S01-L02,1,running,166.7984,348.9878,102.7281,37.2372,-0.3409,A,relation-reasoning-agent-eval-v3.1
2026-09-03T13:50:00+09:00,CMP-S01-L03-01,S01,S01-L03,1,running,169.052,379.9858,111.3785,43.1808,0.4852,A,relation-reasoning-agent-eval-v3.1
2026-09-03T13:50:00+09:00,CMP-S01-L04-01,S01,S01-L04,1,running,168.948,453.9425,106.8746,38.4717,-0.2373,A,relation-reasoning-agent-eval-v3.1
2026-09-03T13:50:00+09:00,CMP-S01-L05-01,S01,S01-L05,1,running,182.091,415.1942,98.2943,46.6468,0.9452,A,relation-reasoning-agent-eval-v3.1
2026-09-03T14:00:00+09:00,CMP-S01-L01-01,S01,S01-L01,1,running,165.1373,463.4147,104.8932,35.0307,-0.889,A,relation-reasoning-agent-eval-v3.1
2026-09-03T14:00:00+09:00,CMP-S01-L02-01,S01,S01-L02,1,running,164.9883,340.3509,105.1346,41.13,0.3799,A,relation-reasoning-agent-eval-v3.1
2026-09-03T14:00:00+09:00,CMP-S01-L03-01,S01,S01-L03,1,running,178.8221,430.5829,106.1131,47.2595,1.2406,B,relation-reasoning-agent-eval-v3.1
2026-09-03T14:00:00+09:00,CMP-S01-L04-01,S01,S01-L04,1,running,180.979,468.3352,108.4499,39.9057,0.0283,A,relation-reasoning-agent-eval-v3.1
2026-09-03T14:00:00+09:00,CMP-S01-L05-01,S01,S01-L05,1,running,183.9809,359.8242,96.1294,45.6596,0.7624,A,relation-reasoning-agent-eval-v3.1
2026-09-03T14:10:00+09:00,CMP-S01-L01-01,S01,S01-L01,1,running,204.2341,446.8746,99.3705,34.4439,-0.9977,A,relation-reasoning-agent-eval-v3.1
2026-09-03T14:10:00+09:00,CMP-S01-L02-01,S01,S01-L02,1,running,177.9777,375.472,106.7094,36.333,-0.5084,A,relation-reasoning-agent-eval-v3.1
2026-09-03T14:10:00+09:00,CMP-S01-L03-01,S01,S01-L03,1,running,166.6483,477.6742,104.5839,40.2915,-0.0498,A,relation-reasoning-agent-eval-v3.1
2026-09-03T14:10:00+09:00,CMP-S01-L04-01,S01,S01-L04,1,running,185.6848,446.6977,107.3838,36.65,-0.5746,A,relation-reasoning-agent-eval-v3.1
2026-09-03T14:10:00+09:00,CMP-S01-L05-01,S01,S01-L05,1,running,204.0695,433.4901,91.0839,51.5646,1.8559,B,relation-reasoning-agent-eval-v3.1
2026-09-03T14:20:00+09:00,CMP-S01-L01-01,S01,S01-L01,1,running,203.6689,435.2354,98.3287,40.3031,0.0874,A,relation-reasoning-agent-eval-v3.1
2026-09-03T14:20:00+09:00,CMP-S01-L02-01,S01,S01-L02,1,running,172.738,434.6503,102.9382,37.9732,-0.2046,A,relation-reasoning-agent-eval-v3.1
2026-09-03T14:20:00+09:00,CMP-S01-L03-01,S01,S01-L03,1,running,165.4852,486.0987,103.5675,44.9748,0.8175,A,relation-reasoning-agent-eval-v3.1
2026-09-03T14:20:00+09:00,CMP-S01-L04-01,S01,S01-L04,1,running,191.586,441.0768,107.6832,37.1348,-0.4849,A,relation-reasoning-agent-eval-v3.1
2026-09-03T14:20:00+09:00,CMP-S01-L05-01,S01,S01-L05,1,running,209.0176,443.9337,98.2413,51.4865,1.8415,B,relation-reasoning-agent-eval-v3.1
2026-09-03T14:30:00+09:00,CMP-S01-L01-01,S01,S01-L01,1,running,195.7714,485.6659,102.6978,39.7059,-0.0232,A,relation-reasoning-agent-eval-v3.1
2026-09-03T14:30:00+09:00,CMP-S01-L02-01,S01,S01-L02,1,running,160.9446,413.0753,106.0118,41.3413,0.4191,A,relation-reasoning-agent-eval-v3.1
2026-09-03T14:30:00+09:00,CMP-S01-L03-01,S01,S01-L03,1,running,165.2029,485.027,106.9145,44.7923,0.7837,A,relation-reasoning-agent-eval-v3.1
2026-09-03T14:30:00+09:00,CMP-S01-L04-01,S01,S01-L04,1,running,183.4682,400.5473,97.7232,40.6261,0.1617,A,relation-reasoning-agent-eval-v3.1
2026-09-03T14:30:00+09:00,CMP-S01-L05-01,S01,S01-L05,1,running,223.81,481.223,94.9209,50.2951,1.6208,B,relation-reasoning-agent-eval-v3.1
2026-09-03T14:40:00+09:00,CMP-S01-L01-01,S01,S01-L01,1,running,192.5575,488.5943,102.9219,36.517,-0.6138,A,relation-reasoning-agent-eval-v3.1
2026-09-03T14:40:00+09:00,CMP-S01-L02-01,S01,S01-L02,1,running,168.96,438.2697,102.3992,44.0545,0.9215,A,relation-reasoning-agent-eval-v3.1
2026-09-03T14:40:00+09:00,CMP-S01-L03-01,S01,S01-L03,1,running,162.8131,501.2833,102.4588,45.539,0.922,A,relation-reasoning-agent-eval-v3.1
2026-09-03T14:40:00+09:00,CMP-S01-L04-01,S01,S01-L04,1,running,185.2755,438.451,96.5653,45.4047,1.0466,B,relation-reasoning-agent-eval-v3.1
2026-09-03T14:40:00+09:00,CMP-S01-L05-01,S01,S01-L05,1,running,222.8714,429.2964,94.0476,43.3132,0.3279,A,relation-reasoning-agent-eval-v3.1
2026-09-03T14:50:00+09:00,CMP-S01-L01-01,S01,S01-L01,1,running,186.0264,472.7494,106.5033,42.249,0.4477,A,relation-reasoning-agent-eval-v3.1
2026-09-03T14:50:00+09:00,CMP-S01-L02-01,S01,S01-L02,1,running,190.4786,430.4026,103.5274,42.141,0.5672,A,relation-reasoning-agent-eval-v3.1
2026-09-03T14:50:00+09:00,CMP-S01-L03-01,S01,S01-L03,1,running,165.2357,468.176,101.8548,42.5053,0.3602,A,relation-reasoning-agent-eval-v3.1
2026-09-03T14:50:00+09:00,CMP-S01-L04-01,S01,S01-L04,1,running,178.4091,431.2907,95.5207,44.5814,0.8941,A,relation-reasoning-agent-eval-v3.1
2026-09-03T14:50:00+09:00,CMP-S01-L05-01,S01,S01-L05,1,running,213.8299,441.9151,93.7409,44.1912,0.4905,A,relation-reasoning-agent-eval-v3.1
2026-09-03T15:00:00+09:00,CMP-S01-L01-01,S01,S01-L01,1,running,192.5392,450.4757,102.3043,38.6536,-0.2181,A,relation-reasoning-agent-eval-v3.1
2026-09-03T15:00:00+09:00,CMP-S01-L02-01,S01,S01-L02,1,running,174.8347,415.6707,107.4168,38.7317,-0.0642,A,relation-reasoning-agent-eval-v3.1
2026-09-03T15:00:00+09:00,CMP-S01-L03-01,S01,S01-L03,1,running,162.1608,436.3611,97.4775,47.1,1.211,B,relation-reasoning-agent-eval-v3.1
2026-09-03T15:00:00+09:00,CMP-S01-L04-01,S01,S01-L04,1,running,181.2807,461.443,95.1468,42.0659,0.4283,A,relation-reasoning-agent-eval-v3.1
2026-09-03T15:00:00+09:00,CMP-S01-L05-01,S01,S01-L05,1,running,228.3372,362.935,87.3513,43.0784,0.2844,A,relation-reasoning-agent-eval-v3.1
2026-09-03T15:10:00+09:00,CMP-S01-L01-01,S01,S01-L01,1,running,189.9965,461.3709,102.872,42.8529,0.5596,A,relation-reasoning-agent-eval-v3.1
2026-09-03T15:10:00+09:00,CMP-S01-L02-01,S01,S01-L02,1,running,182.1024,413.318,105.2719,36.0309,-0.5643,A,relation-reasoning-agent-eval-v3.1
2026-09-03T15:10:00+09:00,CMP-S01-L03-01,S01,S01-L03,1,running,147.1463,437.2684,104.9953,43.5435,0.5524,A,relation-reasoning-agent-eval-v3.1
2026-09-03T15:10:00+09:00,CMP-S01-L04-01,S01,S01-L04,1,running,191.6053,445.2515,102.7938,38.6538,-0.2036,A,relation-reasoning-agent-eval-v3.1
2026-09-03T15:10:00+09:00,CMP-S01-L05-01,S01,S01-L05,1,running,210.5446,372.8605,92.4802,39.7771,-0.3269,A,relation-reasoning-agent-eval-v3.1
2026-09-03T15:20:00+09:00,CMP-S01-L01-01,S01,S01-L01,1,running,192.3882,511.1178,103.8061,50.5309,1.9814,B,relation-reasoning-agent-eval-v3.1
2026-09-03T15:20:00+09:00,CMP-S01-L02-01,S01,S01-L02,1,running,175.474,396.8384,108.3195,39.3563,0.0515,A,relation-reasoning-agent-eval-v3.1
2026-09-03T15:20:00+09:00,CMP-S01-L03-01,S01,S01-L03,1,running,162.203,454.2669,112.995,39.498,-0.1968,A,relation-reasoning-agent-eval-v3.1
2026-09-03T15:20:00+09:00,CMP-S01-L04-01,S01,S01-L04,1,running,176.6363,435.6156,101.8903,40.212,0.085,A,relation-reasoning-agent-eval-v3.1
2026-09-03T15:20:00+09:00,CMP-S01-L05-01,S01,S01-L05,1,running,203.0578,395.6958,97.4268,35.4693,-1.1247,B,relation-reasoning-agent-eval-v3.1
2026-09-03T15:30:00+09:00,CMP-S01-L01-01,S01,S01-L01,1,running,201.5059,515.7841,94.8941,47.5477,1.429,B,relation-reasoning-agent-eval-v3.1
2026-09-03T15:30:00+09:00,CMP-S01-L02-01,S01,S01-L02,1,running,158.631,365.6072,108.8791,37.7786,-0.2407,A,relation-reasoning-agent-eval-v3.1
2026-09-03T15:30:00+09:00,CMP-S01-L03-01,S01,S01-L03,1,running,177.0076,456.505,111.9094,38.0726,-0.4607,A,relation-reasoning-agent-eval-v3.1
2026-09-03T15:30:00+09:00,CMP-S01-L04-01,S01,S01-L04,1,running,191.523,447.514,106.3655,45.9107,1.1403,B,relation-reasoning-agent-eval-v3.1
2026-09-03T15:30:00+09:00,CMP-S01-L05-01,S01,S01-L05,1,running,180.9739,422.1386,89.9234,35.3863,-1.1401,B,relation-reasoning-agent-eval-v3.1
2026-09-03T15:40:00+09:00,CMP-S01-L01-01,S01,S01-L01,1,running,196.311,494.9066,90.8049,50.1085,1.9032,B,relation-reasoning-agent-eval-v3.1
2026-09-03T15:40:00+09:00,CMP-S01-L02-01,S01,S01-L02,1,running,175.7619,382.8374,112.2176,39.4875,0.0758,A,relation-reasoning-agent-eval-v3.1
2026-09-03T15:40:00+09:00,CMP-S01-L03-01,S01,S01-L03,1,running,169.6866,476.6816,114.5769,36.3255,-0.7843,A,relation-reasoning-agent-eval-v3.1
2026-09-03T15:40:00+09:00,CMP-S01-L04-01,S01,S01-L04,1,running,190.6819,422.6772,98.7266,43.8067,0.7507,A,relation-reasoning-agent-eval-v3.1
2026-09-03T15:40:00+09:00,CMP-S01-L05-01,S01,S01-L05,1,running,193.7578,453.8268,92.5754,30.0351,-2.131,C,relation-reasoning-agent-eval-v3.1
2026-09-03T15:50:00+09:00,CMP-S01-L01-01,S01,S01-L01,1,running,187.6938,496.6872,88.0366,54.5174,2.7197,C,relation-reasoning-agent-eval-v3.1
2026-09-03T15:50:00+09:00,CMP-S01-L02-01,S01,S01-L02,1,running,155.7043,352.0522,112.6079,39.1686,0.0167,A,relation-reasoning-agent-eval-v3.1
2026-09-03T15:50:00+09:00,CMP-S01-L03-01,S01,S01-L03,1,running,183.6769,490.625,116.7967,39.4159,-0.212,A,relation-reasoning-agent-eval-v3.1
2026-09-03T15:50:00+09:00,CMP-S01-L04-01,S01,S01-L04,1,running,197.0066,394.1246,101.1802,43.6974,0.7304,A,relation-reasoning-agent-eval-v3.1
2026-09-03T15:50:00+09:00,CMP-S01-L05-01,S01,S01-L05,1,running,188.1844,482.0463,92.8004,33.9552,-1.4051,B,relation-reasoning-agent-eval-v3.1
2026-09-03T16:00:00+09:00,CMP-S01-L01-01,S01,S01-L01,1,running,185.3626,434.9775,90.9255,59.919,3.72,D,relation-reasoning-agent-eval-v3.1
2026-09-03T16:00:00+09:00,CMP-S01-L02-01,S01,S01-L02,1,running,171.262,371.0074,116.4183,30.7254,-1.5468,B,relation-reasoning-agent-eval-v3.1
2026-09-03T16:00:00+09:00,CMP-S01-L03-01,S01,S01-L03,1,running,169.3385,487.5598,120.7729,40.7132,0.0283,A,relation-reasoning-agent-eval-v3.1
2026-09-03T16:00:00+09:00,CMP-S01-L04-01,S01,S01-L04,1,running,177.7627,467.9785,100.3999,41.1786,0.264,A,relation-reasoning-agent-eval-v3.1
2026-09-03T16:00:00+09:00,CMP-S01-L05-01,S01,S01-L05,1,running,189.1084,469.523,89.5733,35.437,-1.1307,B,relation-reasoning-agent-eval-v3.1
2026-09-03T16:10:00+09:00,CMP-S01-L01-01,S01,S01-L01,1,running,168.6198,445.5362,96.3906,50.775,2.0266,C,relation-reasoning-agent-eval-v3.1
2026-09-03T16:10:00+09:00,CMP-S01-L02-01,S01,S01-L02,1,running,154.022,384.8108,112.4,33.0905,-1.1088,B,relation-reasoning-agent-eval-v3.1
2026-09-03T16:10:00+09:00,CMP-S01-L03-01,S01,S01-L03,1,running,167.4429,460.6131,120.3776,41.8731,0.2431,A,relation-reasoning-agent-eval-v3.1
2026-09-03T16:10:00+09:00,CMP-S01-L04-01,S01,S01-L04,1,running,171.388,498.8323,95.1356,36.51,-0.6006,A,relation-reasoning-agent-eval-v3.1
2026-09-03T16:10:00+09:00,CMP-S01-L05-01,S01,S01-L05,1,running,176.6169,498.9975,90.8032,29.4005,-2.2485,C,relation-reasoning-agent-eval-v3.1
2026-09-03T16:20:00+09:00,CMP-S01-L01-01,S01,S01-L01,1,running,187.4626,487.2059,94.499,55.4771,2.8974,C,relation-reasoning-agent-eval-v3.1
2026-09-03T16:20:00+09:00,CMP-S01-L02-01,S01,S01-L02,1,running,155.4565,423.1245,114.9748,42.3999,0.6151,A,relation-reasoning-agent-eval-v3.1
2026-09-03T16:20:00+09:00,CMP-S01-L03-01,S01,S01-L03,1,running,175.2667,465.839,114.8343,36.7234,-0.7106,A,relation-reasoning-agent-eval-v3.1
2026-09-03T16:20:00+09:00,CMP-S01-L04-01,S01,S01-L04,1,running,183.5935,472.6191,96.3895,35.3503,-0.8153,A,relation-reasoning-agent-eval-v3.1
2026-09-03T16:20:00+09:00,CMP-S01-L05-01,S01,S01-L05,1,running,179.2575,477.2531,97.4045,30.511,-2.0429,C,relation-reasoning-agent-eval-v3.1
2026-09-03T16:30:00+09:00,CMP-S01-L01-01,S01,S01-L01,1,running,172.13,467.8522,98.9091,53.8627,2.5984,C,relation-reasoning-agent-eval-v3.1
2026-09-03T16:30:00+09:00,CMP-S01-L02-01,S01,S01-L02,1,running,166.3056,472.5934,102.1504,40.9204,0.3411,A,relation-reasoning-agent-eval-v3.1
2026-09-03T16:30:00+09:00,CMP-S01-L03-01,S01,S01-L03,1,running,179.5722,456.8716,109.7065,39.2755,-0.2379,A,relation-reasoning-agent-eval-v3.1
2026-09-03T16:30:00+09:00,CMP-S01-L04-01,S01,S01-L04,1,running,186.1783,496.805,96.5218,28.7995,-2.0284,C,relation-reasoning-agent-eval-v3.1
2026-09-03T16:30:00+09:00,CMP-S01-L05-01,S01,S01-L05,1,running,176.573,498.3082,102.2606,36.467,-0.9399,A,relation-reasoning-agent-eval-v3.1
2026-09-03T16:40:00+09:00,CMP-S01-L01-01,S01,S01-L01,1,running,178.9246,463.2655,96.5239,51.7623,2.2095,C,relation-reasoning-agent-eval-v3.1
2026-09-03T16:40:00+09:00,CMP-S01-L02-01,S01,S01-L02,1,running,178.253,442.1613,104.1917,40.5115,0.2654,A,relation-reasoning-agent-eval-v3.1
2026-09-03T16:40:00+09:00,CMP-S01-L03-01,S01,S01-L03,1,running,191.1479,484.6646,108.1399,37.7522,-0.52,A,relation-reasoning-agent-eval-v3.1
2026-09-03T16:40:00+09:00,CMP-S01-L04-01,S01,S01-L04,1,running,182.5711,498.1718,95.6332,28.2223,-2.1353,C,relation-reasoning-agent-eval-v3.1
2026-09-03T16:40:00+09:00,CMP-S01-L05-01,S01,S01-L05,1,running,155.3569,462.5888,104.794,41.3623,-0.0334,A,relation-reasoning-agent-eval-v3.1
2026-09-03T16:50:00+09:00,CMP-S01-L01-01,S01,S01-L01,1,running,175.368,450.0473,101.5213,51.78,2.2127,C,relation-reasoning-agent-eval-v3.1
2026-09-03T16:50:00+09:00,CMP-S01-L02-01,S01,S01-L02,1,running,189.8225,439.7138,103.8773,40.0219,0.1747,A,relation-reasoning-agent-eval-v3.1
2026-09-03T16:50:00+09:00,CMP-S01-L03-01,S01,S01-L03,1,running,198.1291,443.0314,103.781,41.5124,0.1763,A,relation-reasoning-agent-eval-v3.1
2026-09-03T16:50:00+09:00,CMP-S01-L04-01,S01,S01-L04,1,running,185.0188,499.9842,93.8312,36.6418,-0.5762,A,relation-reasoning-agent-eval-v3.1
2026-09-03T16:50:00+09:00,CMP-S01-L05-01,S01,S01-L05,1,running,174.2198,470.4293,106.511,40.1005,-0.2671,A,relation-reasoning-agent-eval-v3.1
2026-09-03T17:00:00+09:00,CMP-S01-L01-01,S01,S01-L01,1,running,175.3618,445.3505,101.5886,49.3851,1.7692,B,relation-reasoning-agent-eval-v3.1
2026-09-03T17:00:00+09:00,CMP-S01-L02-01,S01,S01-L02,1,running,179.7456,394.5494,105.9562,41.3281,0.4166,A,relation-reasoning-agent-eval-v3.1
2026-09-03T17:00:00+09:00,CMP-S01-L03-01,S01,S01-L03,1,running,192.6055,436.4205,107.3184,42.1563,0.2955,A,relation-reasoning-agent-eval-v3.1
2026-09-03T17:00:00+09:00,CMP-S01-L04-01,S01,S01-L04,1,running,189.5864,500.3586,95.449,38.0269,-0.3197,A,relation-reasoning-agent-eval-v3.1
2026-09-03T17:00:00+09:00,CMP-S01-L05-01,S01,S01-L05,1,running,176.0096,474.1714,106.168,37.1812,-0.8077,A,relation-reasoning-agent-eval-v3.1
2026-09-03T17:10:00+09:00,CMP-S01-L01-01,S01,S01-L01,1,running,175.9942,426.1658,104.8092,51.0288,2.0736,C,relation-reasoning-agent-eval-v3.1
2026-09-03T17:10:00+09:00,CMP-S01-L02-01,S01,S01-L02,1,running,163.9615,399.4147,106.058,41.3899,0.4281,A,relation-reasoning-agent-eval-v3.1
2026-09-03T17:10:00+09:00,CMP-S01-L03-01,S01,S01-L03,1,running,191.9459,483.7078,104.9164,40.7505,0.0352,A,relation-reasoning-agent-eval-v3.1
2026-09-03T17:10:00+09:00,CMP-S01-L04-01,S01,S01-L04,1,running,169.1628,519.7613,101.8018,34.0178,-1.0621,B,relation-reasoning-agent-eval-v3.1
2026-09-03T17:10:00+09:00,CMP-S01-L05-01,S01,S01-L05,1,running,186.7351,472.9181,107.916,44.5813,0.5627,A,relation-reasoning-agent-eval-v3.1
2026-09-03T17:20:00+09:00,CMP-S01-L01-01,S01,S01-L01,1,running,160.7276,420.4436,97.1906,42.1141,0.4228,A,relation-reasoning-agent-eval-v3.1
2026-09-03T17:20:00+09:00,CMP-S01-L02-01,S01,S01-L02,1,running,164.7684,396.3078,109.8734,42.83,0.6948,A,relation-reasoning-agent-eval-v3.1
2026-09-03T17:20:00+09:00,CMP-S01-L03-01,S01,S01-L03,1,running,179.7691,479.0779,109.3838,45.2742,0.8729,A,relation-reasoning-agent-eval-v3.1
2026-09-03T17:20:00+09:00,CMP-S01-L04-01,S01,S01-L04,1,running,165.7735,477.0708,103.162,34.8712,-0.904,A,relation-reasoning-agent-eval-v3.1
2026-09-03T17:20:00+09:00,CMP-S01-L05-01,S01,S01-L05,1,running,178.5573,467.8192,106.5175,37.9473,-0.6658,A,relation-reasoning-agent-eval-v3.1
2026-09-03T17:30:00+09:00,CMP-S01-L01-01,S01,S01-L01,1,running,167.4339,386.6256,89.2077,39.4566,-0.0694,A,relation-reasoning-agent-eval-v3.1
2026-09-03T17:30:00+09:00,CMP-S01-L02-01,S01,S01-L02,1,running,155.6274,407.4049,114.8408,43.1619,0.7562,A,relation-reasoning-agent-eval-v3.1
2026-09-03T17:30:00+09:00,CMP-S01-L03-01,S01,S01-L03,1,running,153.4445,454.4558,104.002,50.9567,1.9252,B,relation-reasoning-agent-eval-v3.1
2026-09-03T17:30:00+09:00,CMP-S01-L04-01,S01,S01-L04,1,running,161.2649,497.1697,107.4685,36.5724,-0.589,A,relation-reasoning-agent-eval-v3.1
2026-09-03T17:30:00+09:00,CMP-S01-L05-01,S01,S01-L05,1,running,173.5554,457.7778,108.6584,38.946,-0.4809,A,relation-reasoning-agent-eval-v3.1
2026-09-03T17:40:00+09:00,CMP-S01-L01-01,S01,S01-L01,1,running,154.6294,362.7605,85.697,41.4584,0.3013,A,relation-reasoning-agent-eval-v3.1
2026-09-03T17:40:00+09:00,CMP-S01-L02-01,S01,S01-L02,1,running,171.4679,432.0637,117.1037,47.7727,1.6101,B,relation-reasoning-agent-eval-v3.1
2026-09-03T17:40:00+09:00,CMP-S01-L03-01,S01,S01-L03,1,running,157.4589,465.2444,104.0363,49.1518,1.591,B,relation-reasoning-agent-eval-v3.1
2026-09-03T17:40:00+09:00,CMP-S01-L04-01,S01,S01-L04,1,running,148.8072,472.8643,103.138,36.6318,-0.578,A,relation-reasoning-agent-eval-v3.1
2026-09-03T17:40:00+09:00,CMP-S01-L05-01,S01,S01-L05,1,running,180.0129,420.3297,101.8768,42.1953,0.1209,A,relation-reasoning-agent-eval-v3.1
2026-09-03T17:50:00+09:00,CMP-S01-L01-01,S01,S01-L01,1,running,175.9488,399.9198,86.2274,45.8189,1.1088,B,relation-reasoning-agent-eval-v3.1
2026-09-03T17:50:00+09:00,CMP-S01-L02-01,S01,S01-L02,1,running,175.1249,430.8824,114.5676,42.6821,0.6674,A,relation-reasoning-agent-eval-v3.1
2026-09-03T17:50:00+09:00,CMP-S01-L03-01,S01,S01-L03,1,running,174.4662,478.6712,100.106,51.0963,1.9511,B,relation-reasoning-agent-eval-v3.1
2026-09-03T17:50:00+09:00,CMP-S01-L04-01,S01,S01-L04,1,running,156.0778,447.2955,107.663,36.3846,-0.6238,A,relation-reasoning-agent-eval-v3.1
2026-09-03T17:50:00+09:00,CMP-S01-L05-01,S01,S01-L05,1,running,171.854,383.5888,104.4824,36.5655,-0.9217,A,relation-reasoning-agent-eval-v3.1
2026-09-03T18:00:00+09:00,CMP-S01-L01-01,S01,S01-L01,1,running,163.3231,383.826,84.9562,46.6708,1.2666,B,relation-reasoning-agent-eval-v3.1
2026-09-03T18:00:00+09:00,CMP-S01-L02-01,S01,S01-L02,1,running,175.1021,447.4291,112.7021,43.7299,0.8614,A,relation-reasoning-agent-eval-v3.1
2026-09-03T18:00:00+09:00,CMP-S01-L03-01,S01,S01-L03,1,running,162.7022,513.2955,100.9534,46.3918,1.0799,B,relation-reasoning-agent-eval-v3.1
2026-09-03T18:00:00+09:00,CMP-S01-L04-01,S01,S01-L04,1,running,154.044,418.8942,107.1167,41.5452,0.3319,A,relation-reasoning-agent-eval-v3.1
2026-09-03T18:00:00+09:00,CMP-S01-L05-01,S01,S01-L05,1,running,172.2514,379.7191,110.5616,36.1796,-0.9932,A,relation-reasoning-agent-eval-v3.1
2026-09-03T18:10:00+09:00,CMP-S01-L01-01,S01,S01-L01,1,running,174.0611,434.4552,73.9866,41.52,0.3127,A,relation-reasoning-agent-eval-v3.1
2026-09-03T18:10:00+09:00,CMP-S01-L02-01,S01,S01-L02,1,running,174.9073,457.916,108.7751,46.9928,1.4657,B,relation-reasoning-agent-eval-v3.1
2026-09-03T18:10:00+09:00,CMP-S01-L03-01,S01,S01-L03,1,running,180.4779,527.7138,103.6899,41.2425,0.1263,A,relation-reasoning-agent-eval-v3.1
2026-09-03T18:10:00+09:00,CMP-S01-L04-01,S01,S01-L04,1,running,146.7832,465.8562,105.0203,37.5568,-0.4067,A,relation-reasoning-agent-eval-v3.1
2026-09-03T18:10:00+09:00,CMP-S01-L05-01,S01,S01-L05,1,running,172.2,372.3343,103.356,36.8281,-0.8731,A,relation-reasoning-agent-eval-v3.1
2026-09-03T18:20:00+09:00,CMP-S01-L01-01,S01,S01-L01,1,running,163.89,476.2056,74.5159,38.5405,-0.239,A,relation-reasoning-agent-eval-v3.1
2026-09-03T18:20:00+09:00,CMP-S01-L02-01,S01,S01-L02,1,running,168.0536,391.0587,101.5316,40.4084,0.2463,A,relation-reasoning-agent-eval-v3.1
2026-09-03T18:20:00+09:00,CMP-S01-L03-01,S01,S01-L03,1,running,171.5436,539.1472,107.6231,41.158,0.1106,A,relation-reasoning-agent-eval-v3.1
2026-09-03T18:20:00+09:00,CMP-S01-L04-01,S01,S01-L04,1,running,161.7825,452.2011,108.2242,32.869,-1.2748,B,relation-reasoning-agent-eval-v3.1
2026-09-03T18:20:00+09:00,CMP-S01-L05-01,S01,S01-L05,1,running,165.6376,369.694,98.9345,34.9307,-1.2244,B,relation-reasoning-agent-eval-v3.1
2026-09-03T18:30:00+09:00,CMP-S01-L01-01,S01,S01-L01,1,running,169.0864,460.1605,82.3315,35.7459,-0.7566,A,relation-reasoning-agent-eval-v3.1
2026-09-03T18:30:00+09:00,CMP-S01-L02-01,S01,S01-L02,1,running,177.209,361.2957,98.3973,38.3476,-0.1353,A,relation-reasoning-agent-eval-v3.1
2026-09-03T18:30:00+09:00,CMP-S01-L03-01,S01,S01-L03,1,running,176.6962,571.7221,98.582,37.1526,-0.6311,A,relation-reasoning-agent-eval-v3.1
2026-09-03T18:30:00+09:00,CMP-S01-L04-01,S01,S01-L04,1,running,169.069,439.5503,111.2344,37.5481,-0.4083,A,relation-reasoning-agent-eval-v3.1
2026-09-03T18:30:00+09:00,CMP-S01-L05-01,S01,S01-L05,1,running,182.8395,433.4662,94.9505,37.7172,-0.7084,A,relation-reasoning-agent-eval-v3.1
2026-09-03T18:40:00+09:00,CMP-S01-L01-01,S01,S01-L01,1,running,166.2023,440.8216,89.5682,37.4207,-0.4464,A,relation-reasoning-agent-eval-v3.1
2026-09-03T18:40:00+09:00,CMP-S01-L02-01,S01,S01-L02,1,running,174.7226,362.5181,94.6719,33.5427,-1.0251,B,relation-reasoning-agent-eval-v3.1
2026-09-03T18:40:00+09:00,CMP-S01-L03-01,S01,S01-L03,1,running,177.9755,485.1169,102.2334,30.9243,-1.7845,B,relation-reasoning-agent-eval-v3.1
2026-09-03T18:40:00+09:00,CMP-S01-L04-01,S01,S01-L04,1,running,172.6182,434.6255,100.1164,38.5485,-0.2231,A,relation-reasoning-agent-eval-v3.1
2026-09-03T18:40:00+09:00,CMP-S01-L05-01,S01,S01-L05,1,running,182.9831,426.2367,91.2392,36.3538,-0.9609,A,relation-reasoning-agent-eval-v3.1
2026-09-03T18:50:00+09:00,CMP-S01-L01-01,S01,S01-L01,1,running,173.3907,439.246,90.6736,38.4184,-0.2616,A,relation-reasoning-agent-eval-v3.1
2026-09-03T18:50:00+09:00,CMP-S01-L02-01,S01,S01-L02,1,running,188.1593,398.4427,95.8434,35.391,-0.6828,A,relation-reasoning-agent-eval-v3.1
2026-09-03T18:50:00+09:00,CMP-S01-L03-01,S01,S01-L03,1,running,186.8342,455.611,98.8163,38.542,-0.3738,A,relation-reasoning-agent-eval-v3.1
2026-09-03T18:50:00+09:00,CMP-S01-L04-01,S01,S01-L04,1,running,174.0082,437.9784,100.8176,38.4661,-0.2383,A,relation-reasoning-agent-eval-v3.1
2026-09-03T18:50:00+09:00,CMP-S01-L05-01,S01,S01-L05,1,running,166.4914,438.7314,95.0753,35.4669,-1.1251,B,relation-reasoning-agent-eval-v3.1
2026-09-03T19:00:00+09:00,CMP-S01-L01-01,S01,S01-L01,1,running,182.7719,414.6111,91.0434,39.3964,-0.0805,A,relation-reasoning-agent-eval-v3.1
2026-09-03T19:00:00+09:00,CMP-S01-L02-01,S01,S01-L02,1,running,180.6806,402.1153,101.6357,35.424,-0.6767,A,relation-reasoning-agent-eval-v3.1
2026-09-03T19:00:00+09:00,CMP-S01-L03-01,S01,S01-L03,1,running,190.7709,469.0203,104.5997,39.1998,-0.252,A,relation-reasoning-agent-eval-v3.1
2026-09-03T19:00:00+09:00,CMP-S01-L04-01,S01,S01-L04,1,running,170.8696,439.3745,108.935,38.2357,-0.281,A,relation-reasoning-agent-eval-v3.1
2026-09-03T19:00:00+09:00,CMP-S01-L05-01,S01,S01-L05,1,running,174.0557,421.2315,100.4201,36.2797,-0.9746,A,relation-reasoning-agent-eval-v3.1
2026-09-03T19:10:00+09:00,CMP-S01-L01-01,S01,S01-L01,1,running,188.4477,409.4252,87.4942,40.6887,0.1588,A,relation-reasoning-agent-eval-v3.1
2026-09-03T19:10:00+09:00,CMP-S01-L02-01,S01,S01-L02,1,running,166.0024,455.6242,102.9183,46.9285,1.4537,B,relation-reasoning-agent-eval-v3.1
2026-09-03T19:10:00+09:00,CMP-S01-L03-01,S01,S01-L03,1,running,166.7647,476.4748,104.9079,42.4057,0.3417,A,relation-reasoning-agent-eval-v3.1
2026-09-03T19:10:00+09:00,CMP-S01-L04-01,S01,S01-L04,1,running,172.0212,464.3422,110.4752,38.4919,-0.2336,A,relation-reasoning-agent-eval-v3.1
2026-09-03T19:10:00+09:00,CMP-S01-L05-01,S01,S01-L05,1,running,175.3191,455.5584,98.9458,40.1563,-0.2567,A,relation-reasoning-agent-eval-v3.1
2026-09-03T19:20:00+09:00,CMP-S01-L01-01,S01,S01-L01,1,running,171.3841,426.4756,92.7353,34.6985,-0.9505,A,relation-reasoning-agent-eval-v3.1
2026-09-03T19:20:00+09:00,CMP-S01-L02-01,S01,S01-L02,1,running,157.5803,454.6682,104.6561,39.9394,0.1595,A,relation-reasoning-agent-eval-v3.1
2026-09-03T19:20:00+09:00,CMP-S01-L03-01,S01,S01-L03,1,running,151.8708,474.4078,104.3513,42.0773,0.2809,A,relation-reasoning-agent-eval-v3.1
2026-09-03T19:20:00+09:00,CMP-S01-L04-01,S01,S01-L04,1,running,157.6448,489.9211,104.7377,40.4452,0.1282,A,relation-reasoning-agent-eval-v3.1
2026-09-03T19:20:00+09:00,CMP-S01-L05-01,S01,S01-L05,1,running,188.8965,442.3522,99.2334,43.4785,0.3585,A,relation-reasoning-agent-eval-v3.1
2026-09-03T19:30:00+09:00,CMP-S01-L01-01,S01,S01-L01,1,running,170.118,431.5298,94.4353,38.4127,-0.2627,A,relation-reasoning-agent-eval-v3.1
2026-09-03T19:30:00+09:00,CMP-S01-L02-01,S01,S01-L02,1,running,149.7761,451.8504,92.5902,40.5571,0.2739,A,relation-reasoning-agent-eval-v3.1
2026-09-03T19:30:00+09:00,CMP-S01-L03-01,S01,S01-L03,1,running,151.5433,462.2007,105.4147,35.7808,-0.8851,A,relation-reasoning-agent-eval-v3.1
2026-09-03T19:30:00+09:00,CMP-S01-L04-01,S01,S01-L04,1,running,157.6457,494.0105,101.9332,46.751,1.2959,B,relation-reasoning-agent-eval-v3.1
2026-09-03T19:30:00+09:00,CMP-S01-L05-01,S01,S01-L05,1,running,213.1659,420.881,104.9957,42.5695,0.1902,A,relation-reasoning-agent-eval-v3.1
2026-09-03T19:40:00+09:00,CMP-S01-L01-01,S01,S01-L01,1,running,149.1978,456.5766,103.1412,49.7577,1.8382,B,relation-reasoning-agent-eval-v3.1
2026-09-03T19:40:00+09:00,CMP-S01-L02-01,S01,S01-L02,1,running,167.1275,397.0788,99.3748,39.754,0.1251,A,relation-reasoning-agent-eval-v3.1
2026-09-03T19:40:00+09:00,CMP-S01-L03-01,S01,S01-L03,1,running,156.336,442.8093,106.0045,38.0965,-0.4563,A,relation-reasoning-agent-eval-v3.1
2026-09-03T19:40:00+09:00,CMP-S01-L04-01,S01,S01-L04,1,running,147.642,474.5294,96.8487,44.5796,0.8938,A,relation-reasoning-agent-eval-v3.1
2026-09-03T19:40:00+09:00,CMP-S01-L05-01,S01,S01-L05,1,running,210.5351,420.5639,100.4688,42.0381,0.0918,A,relation-reasoning-agent-eval-v3.1
2026-09-03T19:50:00+09:00,CMP-S01-L01-01,S01,S01-L01,1,running,164.7897,467.5268,106.8002,54.6884,2.7513,C,relation-reasoning-agent-eval-v3.1
2026-09-03T19:50:00+09:00,CMP-S01-L02-01,S01,S01-L02,1,running,165.2118,400.373,100.009,45.4595,1.1817,B,relation-reasoning-agent-eval-v3.1
2026-09-03T19:50:00+09:00,CMP-S01-L03-01,S01,S01-L03,1,running,157.5309,406.1028,110.4157,39.3052,-0.2325,A,relation-reasoning-agent-eval-v3.1
2026-09-03T19:50:00+09:00,CMP-S01-L04-01,S01,S01-L04,1,running,162.6571,448.9439,103.7556,41.9244,0.4021,A,relation-reasoning-agent-eval-v3.1
2026-09-03T19:50:00+09:00,CMP-S01-L05-01,S01,S01-L05,1,running,209.743,474.2457,95.3681,43.6937,0.3983,A,relation-reasoning-agent-eval-v3.1
2026-09-03T20:00:00+09:00,CMP-S01-L01-01,S01,S01-L01,1,running,154.0341,444.2234,103.18,51.6442,2.1876,C,relation-reasoning-agent-eval-v3.1
2026-09-03T20:00:00+09:00,CMP-S01-L02-01,S01,S01-L02,1,running,168.7547,433.9908,96.7749,47.6496,1.5873,B,relation-reasoning-agent-eval-v3.1
2026-09-03T20:00:00+09:00,CMP-S01-L03-01,S01,S01-L03,1,running,169.4802,443.1684,109.9393,36.5787,-0.7374,A,relation-reasoning-agent-eval-v3.1
2026-09-03T20:00:00+09:00,CMP-S01-L04-01,S01,S01-L04,1,running,168.1087,433.3538,99.4316,40.1407,0.0718,A,relation-reasoning-agent-eval-v3.1
2026-09-03T20:00:00+09:00,CMP-S01-L05-01,S01,S01-L05,1,running,206.9758,469.1251,97.5767,42.9404,0.2588,A,relation-reasoning-agent-eval-v3.1
2026-09-03T20:10:00+09:00,CMP-S01-L01-01,S01,S01-L01,1,running,172.0849,494.5641,102.9906,44.6817,0.8982,A,relation-reasoning-agent-eval-v3.1
2026-09-03T20:10:00+09:00,CMP-S01-L02-01,S01,S01-L02,1,running,175.2992,383.9113,94.7764,44.6554,1.0328,B,relation-reasoning-agent-eval-v3.1
2026-09-03T20:10:00+09:00,CMP-S01-L03-01,S01,S01-L03,1,running,169.2943,445.1365,103.5292,41.087,0.0975,A,relation-reasoning-agent-eval-v3.1
2026-09-03T20:10:00+09:00,CMP-S01-L04-01,S01,S01-L04,1,running,158.1225,415.3199,107.8911,35.8808,-0.7171,A,relation-reasoning-agent-eval-v3.1
2026-09-03T20:10:00+09:00,CMP-S01-L05-01,S01,S01-L05,1,running,174.293,461.8707,96.8661,34.371,-1.3281,B,relation-reasoning-agent-eval-v3.1
2026-09-03T20:20:00+09:00,CMP-S01-L01-01,S01,S01-L01,1,running,178.2947,511.6479,112.6463,40.8445,0.1876,A,relation-reasoning-agent-eval-v3.1
2026-09-03T20:20:00+09:00,CMP-S01-L02-01,S01,S01-L02,1,running,165.1489,384.2907,101.4214,38.6777,-0.0742,A,relation-reasoning-agent-eval-v3.1
2026-09-03T20:20:00+09:00,CMP-S01-L03-01,S01,S01-L03,1,running,169.3996,425.6319,103.0654,39.8601,-0.1297,A,relation-reasoning-agent-eval-v3.1
2026-09-03T20:20:00+09:00,CMP-S01-L04-01,S01,S01-L04,1,running,168.8597,369.88,105.5098,46.5335,1.2556,B,relation-reasoning-agent-eval-v3.1
2026-09-03T20:20:00+09:00,CMP-S01-L05-01,S01,S01-L05,1,running,168.0426,429.9526,94.5545,35.4955,-1.1198,B,relation-reasoning-agent-eval-v3.1
2026-09-03T20:30:00+09:00,CMP-S01-L01-01,S01,S01-L01,1,running,166.2561,498.577,107.9819,44.529,0.87,A,relation-reasoning-agent-eval-v3.1
2026-09-03T20:30:00+09:00,CMP-S01-L02-01,S01,S01-L02,1,running,179.6218,358.275,95.516,34.4345,-0.86,A,relation-reasoning-agent-eval-v3.1
2026-09-03T20:30:00+09:00,CMP-S01-L03-01,S01,S01-L03,1,running,169.5258,423.8385,100.933,46.071,1.0205,B,relation-reasoning-agent-eval-v3.1
2026-09-03T20:30:00+09:00,CMP-S01-L04-01,S01,S01-L04,1,running,162.7181,367.5469,104.4691,44.9356,0.9597,A,relation-reasoning-agent-eval-v3.1
2026-09-03T20:30:00+09:00,CMP-S01-L05-01,S01,S01-L05,1,running,166.3462,469.87,98.9115,34.4858,-1.3068,B,relation-reasoning-agent-eval-v3.1
2026-09-03T20:40:00+09:00,CMP-S01-L01-01,S01,S01-L01,1,running,165.5219,478.7521,104.7783,42.3743,0.4709,A,relation-reasoning-agent-eval-v3.1
2026-09-03T20:40:00+09:00,CMP-S01-L02-01,S01,S01-L02,1,running,164.0098,324.7585,105.0872,35.5781,-0.6482,A,relation-reasoning-agent-eval-v3.1
2026-09-03T20:40:00+09:00,CMP-S01-L03-01,S01,S01-L03,1,running,185.8712,427.7542,103.2809,43.9775,0.6328,A,relation-reasoning-agent-eval-v3.1
2026-09-03T20:40:00+09:00,CMP-S01-L04-01,S01,S01-L04,1,running,162.8595,357.4844,112.895,40.027,0.0507,A,relation-reasoning-agent-eval-v3.1
2026-09-03T20:40:00+09:00,CMP-S01-L05-01,S01,S01-L05,1,running,172.6536,429.7764,96.8808,37.2738,-0.7905,A,relation-reasoning-agent-eval-v3.1
2026-09-03T20:50:00+09:00,CMP-S01-L01-01,S01,S01-L01,1,running,176.7615,455.8633,100.5947,49.1084,1.718,B,relation-reasoning-agent-eval-v3.1
2026-09-03T20:50:00+09:00,CMP-S01-L02-01,S01,S01-L02,1,running,167.2932,329.8836,101.2674,35.1909,-0.7199,A,relation-reasoning-agent-eval-v3.1
2026-09-03T20:50:00+09:00,CMP-S01-L03-01,S01,S01-L03,1,running,195.2456,446.7687,98.8206,46.6733,1.132,B,relation-reasoning-agent-eval-v3.1
2026-09-03T20:50:00+09:00,CMP-S01-L04-01,S01,S01-L04,1,running,172.8943,433.6243,108.515,51.4739,2.1705,C,relation-reasoning-agent-eval-v3.1
2026-09-03T20:50:00+09:00,CMP-S01-L05-01,S01,S01-L05,1,running,162.3159,364.9854,91.7992,42.4812,0.1738,A,relation-reasoning-agent-eval-v3.1
2026-09-03T21:00:00+09:00,CMP-S01-L01-01,S01,S01-L01,1,running,166.479,430.4048,99.1462,40.8352,0.1859,A,relation-reasoning-agent-eval-v3.1
2026-09-03T21:00:00+09:00,CMP-S01-L02-01,S01,S01-L02,1,running,148.7849,358.7895,111.2627,32.3074,-1.2539,B,relation-reasoning-agent-eval-v3.1
2026-09-03T21:00:00+09:00,CMP-S01-L03-01,S01,S01-L03,1,running,194.7396,429.7252,107.4649,41.7658,0.2232,A,relation-reasoning-agent-eval-v3.1
2026-09-03T21:00:00+09:00,CMP-S01-L04-01,S01,S01-L04,1,running,180.1459,411.8229,110.3703,45.2774,1.023,B,relation-reasoning-agent-eval-v3.1
2026-09-03T21:00:00+09:00,CMP-S01-L05-01,S01,S01-L05,1,running,169.5889,366.0276,88.4533,49.4335,1.4613,B,relation-reasoning-agent-eval-v3.1
2026-09-03T21:10:00+09:00,CMP-S01-L01-01,S01,S01-L01,1,running,182.9195,388.3,99.8742,42.2338,0.4449,A,relation-reasoning-agent-eval-v3.1
2026-09-03T21:10:00+09:00,CMP-S01-L02-01,S01,S01-L02,1,running,159.9834,395.197,107.0574,35.3495,-0.6905,A,relation-reasoning-agent-eval-v3.1
2026-09-03T21:10:00+09:00,CMP-S01-L03-01,S01,S01-L03,1,running,193.8739,421.0414,99.1133,47.8509,1.3501,B,relation-reasoning-agent-eval-v3.1
2026-09-03T21:10:00+09:00,CMP-S01-L04-01,S01,S01-L04,1,running,164.7609,412.9613,107.3416,44.5593,0.89,A,relation-reasoning-agent-eval-v3.1
2026-09-03T21:10:00+09:00,CMP-S01-L05-01,S01,S01-L05,1,running,157.3525,393.088,89.3337,48.2917,1.2498,B,relation-reasoning-agent-eval-v3.1
2026-09-03T21:20:00+09:00,CMP-S01-L01-01,S01,S01-L01,1,running,172.065,432.0292,104.1252,32.3521,-1.385,B,relation-reasoning-agent-eval-v3.1
2026-09-03T21:20:00+09:00,CMP-S01-L02-01,S01,S01-L02,1,running,167.0577,396.8396,107.3112,44.1873,0.9461,A,relation-reasoning-agent-eval-v3.1
2026-09-03T21:20:00+09:00,CMP-S01-L03-01,S01,S01-L03,1,running,194.6338,455.543,108.114,44.5901,0.7462,A,relation-reasoning-agent-eval-v3.1
2026-09-03T21:20:00+09:00,CMP-S01-L04-01,S01,S01-L04,1,running,167.4702,411.735,110.0082,43.7549,0.7411,A,relation-reasoning-agent-eval-v3.1
2026-09-03T21:20:00+09:00,CMP-S01-L05-01,S01,S01-L05,1,running,171.5065,419.0472,90.3135,42.4072,0.1601,A,relation-reasoning-agent-eval-v3.1
2026-09-03T21:30:00+09:00,CMP-S01-L01-01,S01,S01-L01,1,running,161.2021,480.0811,100.8585,34.3,-1.0243,B,relation-reasoning-agent-eval-v3.1
2026-09-03T21:30:00+09:00,CMP-S01-L02-01,S01,S01-L02,1,running,169.1759,410.1113,106.6192,44.9672,1.0905,B,relation-reasoning-agent-eval-v3.1
2026-09-03T21:30:00+09:00,CMP-S01-L03-01,S01,S01-L03,1,running,184.2245,437.063,105.1426,45.8019,0.9706,A,relation-reasoning-agent-eval-v3.1
2026-09-03T21:30:00+09:00,CMP-S01-L04-01,S01,S01-L04,1,running,182.5455,446.0795,108.618,36.075,-0.6811,A,relation-reasoning-agent-eval-v3.1
2026-09-03T21:30:00+09:00,CMP-S01-L05-01,S01,S01-L05,1,running,179.8438,447.2499,95.3921,42.1398,0.1106,A,relation-reasoning-agent-eval-v3.1
2026-09-03T21:40:00+09:00,CMP-S01-L01-01,S01,S01-L01,1,running,154.9344,527.5601,107.5443,43.1896,0.6219,A,relation-reasoning-agent-eval-v3.1
2026-09-03T21:40:00+09:00,CMP-S01-L02-01,S01,S01-L02,1,running,178.3703,463.701,101.2561,49.7352,1.9735,B,relation-reasoning-agent-eval-v3.1
2026-09-03T21:40:00+09:00,CMP-S01-L03-01,S01,S01-L03,1,running,174.0478,468.6279,99.2373,45.0571,0.8327,A,relation-reasoning-agent-eval-v3.1
2026-09-03T21:40:00+09:00,CMP-S01-L04-01,S01,S01-L04,1,running,181.2652,460.7344,110.1827,40.9018,0.2127,A,relation-reasoning-agent-eval-v3.1
2026-09-03T21:40:00+09:00,CMP-S01-L05-01,S01,S01-L05,1,running,170.4493,432.7796,97.6638,46.3906,0.8978,A,relation-reasoning-agent-eval-v3.1
2026-09-03T21:50:00+09:00,CMP-S01-L01-01,S01,S01-L01,1,running,140.4338,515.7022,112.0452,46.9522,1.3187,B,relation-reasoning-agent-eval-v3.1
2026-09-03T21:50:00+09:00,CMP-S01-L02-01,S01,S01-L02,1,running,174.4311,435.7285,105.7813,43.8754,0.8883,A,relation-reasoning-agent-eval-v3.1
2026-09-03T21:50:00+09:00,CMP-S01-L03-01,S01,S01-L03,1,running,176.2867,473.1492,95.791,44.1172,0.6587,A,relation-reasoning-agent-eval-v3.1
2026-09-03T21:50:00+09:00,CMP-S01-L04-01,S01,S01-L04,1,running,170.5504,452.3646,106.0583,37.8327,-0.3556,A,relation-reasoning-agent-eval-v3.1
2026-09-03T21:50:00+09:00,CMP-S01-L05-01,S01,S01-L05,1,running,172.5635,438.9344,101.3058,46.8669,0.986,A,relation-reasoning-agent-eval-v3.1
2026-09-03T22:00:00+09:00,CMP-S01-L01-01,S01,S01-L01,1,running,139.8508,526.156,110.5762,36.0226,-0.7053,A,relation-reasoning-agent-eval-v3.1
2026-09-03T22:00:00+09:00,CMP-S01-L02-01,S01,S01-L02,1,running,168.1456,470.2664,113.6883,39.1865,0.02,A,relation-reasoning-agent-eval-v3.1
2026-09-03T22:00:00+09:00,CMP-S01-L03-01,S01,S01-L03,1,running,175.8964,480.3153,105.592,45.926,0.9936,A,relation-reasoning-agent-eval-v3.1
2026-09-03T22:00:00+09:00,CMP-S01-L04-01,S01,S01-L04,1,running,197.752,495.8973,105.4082,30.8613,-1.6466,B,relation-reasoning-agent-eval-v3.1
2026-09-03T22:00:00+09:00,CMP-S01-L05-01,S01,S01-L05,1,running,179.3797,494.2333,102.2292,51.9458,1.9265,B,relation-reasoning-agent-eval-v3.1
2026-09-03T22:10:00+09:00,CMP-S01-L01-01,S01,S01-L01,1,running,164.551,479.0483,97.9351,40.8364,0.1861,A,relation-reasoning-agent-eval-v3.1
2026-09-03T22:10:00+09:00,CMP-S01-L02-01,S01,S01-L02,1,running,179.0084,416.2828,108.7094,41.6832,0.4824,A,relation-reasoning-agent-eval-v3.1
2026-09-03T22:10:00+09:00,CMP-S01-L03-01,S01,S01-L03,1,running,179.5858,530.7386,108.9843,44.3381,0.6996,A,relation-reasoning-agent-eval-v3.1
2026-09-03T22:10:00+09:00,CMP-S01-L04-01,S01,S01-L04,1,running,187.9241,514.5115,101.3163,32.6892,-1.3081,B,relation-reasoning-agent-eval-v3.1
2026-09-03T22:10:00+09:00,CMP-S01-L05-01,S01,S01-L05,1,running,177.0449,474.7064,104.9092,51.2984,1.8066,B,relation-reasoning-agent-eval-v3.1
2026-09-03T22:20:00+09:00,CMP-S01-L01-01,S01,S01-L01,1,running,155.66,510.4934,93.4774,37.1732,-0.4922,A,relation-reasoning-agent-eval-v3.1
2026-09-03T22:20:00+09:00,CMP-S01-L02-01,S01,S01-L02,1,running,193.1513,443.8608,108.0505,38.7504,-0.0607,A,relation-reasoning-agent-eval-v3.1
2026-09-03T22:20:00+09:00,CMP-S01-L03-01,S01,S01-L03,1,running,192.0348,490.5485,115.5601,40.5679,0.0014,A,relation-reasoning-agent-eval-v3.1
2026-09-03T22:20:00+09:00,CMP-S01-L04-01,S01,S01-L04,1,running,189.1545,482.3102,103.1047,29.4559,-1.9069,B,relation-reasoning-agent-eval-v3.1
2026-09-03T22:20:00+09:00,CMP-S01-L05-01,S01,S01-L05,1,running,181.9975,470.5465,106.3488,47.0536,1.0205,B,relation-reasoning-agent-eval-v3.1
2026-09-03T22:30:00+09:00,CMP-S01-L01-01,S01,S01-L01,1,running,172.6803,518.4776,94.6849,33.9363,-1.0916,B,relation-reasoning-agent-eval-v3.1
2026-09-03T22:30:00+09:00,CMP-S01-L02-01,S01,S01-L02,1,running,175.3477,414.1965,97.1571,35.9374,-0.5817,A,relation-reasoning-agent-eval-v3.1
2026-09-03T22:30:00+09:00,CMP-S01-L03-01,S01,S01-L03,1,running,168.8894,404.286,113.0611,38.9012,-0.3073,A,relation-reasoning-agent-eval-v3.1
2026-09-03T22:30:00+09:00,CMP-S01-L04-01,S01,S01-L04,1,running,176.6576,479.2323,100.0723,27.8257,-2.2088,C,relation-reasoning-agent-eval-v3.1
2026-09-03T22:30:00+09:00,CMP-S01-L05-01,S01,S01-L05,1,running,186.768,439.7943,107.106,44.7182,0.5881,A,relation-reasoning-agent-eval-v3.1
2026-09-03T22:40:00+09:00,CMP-S01-L01-01,S01,S01-L01,1,running,164.3621,516.1621,98.1901,30.9582,-1.6432,B,relation-reasoning-agent-eval-v3.1
2026-09-03T22:40:00+09:00,CMP-S01-L02-01,S01,S01-L02,1,running,166.8471,403.3229,100.1183,36.7053,-0.4394,A,relation-reasoning-agent-eval-v3.1
2026-09-03T22:40:00+09:00,CMP-S01-L03-01,S01,S01-L03,1,running,169.4605,470.0088,106.3853,44.8338,0.7914,A,relation-reasoning-agent-eval-v3.1
2026-09-03T22:40:00+09:00,CMP-S01-L04-01,S01,S01-L04,1,running,167.5263,493.1572,103.2026,30.7457,-1.668,B,relation-reasoning-agent-eval-v3.1
2026-09-03T22:40:00+09:00,CMP-S01-L05-01,S01,S01-L05,1,running,182.9836,423.077,102.1769,41.5402,-0.0005,A,relation-reasoning-agent-eval-v3.1
2026-09-03T22:50:00+09:00,CMP-S01-L01-01,S01,S01-L01,1,running,155.0471,523.6184,99.4986,27.4864,-2.2861,C,relation-reasoning-agent-eval-v3.1
2026-09-03T22:50:00+09:00,CMP-S01-L02-01,S01,S01-L02,1,running,188.1038,402.2922,104.7091,36.6002,-0.4589,A,relation-reasoning-agent-eval-v3.1
2026-09-03T22:50:00+09:00,CMP-S01-L03-01,S01,S01-L03,1,running,173.5419,433.8702,108.7348,48.3084,1.4348,B,relation-reasoning-agent-eval-v3.1
2026-09-03T22:50:00+09:00,CMP-S01-L04-01,S01,S01-L04,1,running,170.5766,513.2488,111.6532,34.147,-1.0382,B,relation-reasoning-agent-eval-v3.1
2026-09-03T22:50:00+09:00,CMP-S01-L05-01,S01,S01-L05,1,running,177.0405,437.7321,96.1444,38.8135,-0.5054,A,relation-reasoning-agent-eval-v3.1
2026-09-03T23:00:00+09:00,CMP-S01-L01-01,S01,S01-L01,1,running,153.087,521.6875,104.7107,32.8427,-1.2942,B,relation-reasoning-agent-eval-v3.1
2026-09-03T23:00:00+09:00,CMP-S01-L02-01,S01,S01-L02,1,running,184.0758,470.8842,102.6735,39.4216,0.0636,A,relation-reasoning-agent-eval-v3.1
2026-09-03T23:00:00+09:00,CMP-S01-L03-01,S01,S01-L03,1,running,168.1275,454.7075,105.6466,39.7007,-0.1592,A,relation-reasoning-agent-eval-v3.1
2026-09-03T23:00:00+09:00,CMP-S01-L04-01,S01,S01-L04,1,running,154.3625,518.727,113.2399,35.9673,-0.7011,A,relation-reasoning-agent-eval-v3.1
2026-09-03T23:00:00+09:00,CMP-S01-L05-01,S01,S01-L05,1,running,181.4623,410.2946,94.155,36.3465,-0.9622,A,relation-reasoning-agent-eval-v3.1
2026-09-03T23:10:00+09:00,CMP-S01-L01-01,S01,S01-L01,1,running,158.0797,540.45,106.8964,36.7224,-0.5757,A,relation-reasoning-agent-eval-v3.1
2026-09-03T23:10:00+09:00,CMP-S01-L02-01,S01,S01-L02,1,running,178.2125,408.033,96.8451,42.5494,0.6428,A,relation-reasoning-agent-eval-v3.1
2026-09-03T23:10:00+09:00,CMP-S01-L03-01,S01,S01-L03,1,running,176.7339,407.365,105.9832,35.0183,-1.0263,B,relation-reasoning-agent-eval-v3.1
2026-09-03T23:10:00+09:00,CMP-S01-L04-01,S01,S01-L04,1,running,163.1889,515.585,117.6677,41.7829,0.3759,A,relation-reasoning-agent-eval-v3.1
2026-09-03T23:10:00+09:00,CMP-S01-L05-01,S01,S01-L05,1,running,169.9743,464.3549,93.749,42.7721,0.2277,A,relation-reasoning-agent-eval-v3.1
2026-09-03T23:20:00+09:00,CMP-S01-L01-01,S01,S01-L01,1,running,158.5429,490.2476,104.2883,45.1068,0.977,A,relation-reasoning-agent-eval-v3.1
2026-09-03T23:20:00+09:00,CMP-S01-L02-01,S01,S01-L02,1,running,193.5481,469.9067,95.8655,42.2639,0.5899,A,relation-reasoning-agent-eval-v3.1
2026-09-03T23:20:00+09:00,CMP-S01-L03-01,S01,S01-L03,1,running,191.3997,354.6525,110.7172,34.4534,-1.1309,B,relation-reasoning-agent-eval-v3.1
2026-09-03T23:20:00+09:00,CMP-S01-L04-01,S01,S01-L04,1,running,171.5315,504.6623,117.7682,40.9669,0.2248,A,relation-reasoning-agent-eval-v3.1
2026-09-03T23:20:00+09:00,CMP-S01-L05-01,S01,S01-L05,1,running,163.2148,488.4426,97.517,43.014,0.2725,A,relation-reasoning-agent-eval-v3.1
2026-09-03T23:30:00+09:00,CMP-S01-L01-01,S01,S01-L01,1,running,160.8992,489.1595,97.2976,43.1531,0.6152,A,relation-reasoning-agent-eval-v3.1
2026-09-03T23:30:00+09:00,CMP-S01-L02-01,S01,S01-L02,1,running,192.5688,430.0799,86.9903,40.913,0.3398,A,relation-reasoning-agent-eval-v3.1
2026-09-03T23:30:00+09:00,CMP-S01-L03-01,S01,S01-L03,1,running,180.184,387.5482,108.7758,37.9141,-0.4901,A,relation-reasoning-agent-eval-v3.1
2026-09-03T23:30:00+09:00,CMP-S01-L04-01,S01,S01-L04,1,running,172.6554,494.0978,107.2734,36.6257,-0.5791,A,relation-reasoning-agent-eval-v3.1
2026-09-03T23:30:00+09:00,CMP-S01-L05-01,S01,S01-L05,1,running,156.4335,477.7198,87.7203,42.4943,0.1762,A,relation-reasoning-agent-eval-v3.1
2026-09-03T23:40:00+09:00,CMP-S01-L01-01,S01,S01-L01,1,running,162.6939,483.8899,98.1331,46.8002,1.2905,B,relation-reasoning-agent-eval-v3.1
2026-09-03T23:40:00+09:00,CMP-S01-L02-01,S01,S01-L02,1,running,179.757,395.7101,93.0756,45.453,1.1805,B,relation-reasoning-agent-eval-v3.1
2026-09-03T23:40:00+09:00,CMP-S01-L03-01,S01,S01-L03,1,running,167.3158,386.012,103.7537,34.081,-1.1999,B,relation-reasoning-agent-eval-v3.1
2026-09-03T23:40:00+09:00,CMP-S01-L04-01,S01,S01-L04,1,running,171.2281,474.5527,106.4878,43.3022,0.6572,A,relation-reasoning-agent-eval-v3.1
2026-09-03T23:40:00+09:00,CMP-S01-L05-01,S01,S01-L05,1,running,159.7797,457.8718,88.479,38.1945,-0.62,A,relation-reasoning-agent-eval-v3.1
2026-09-03T23:50:00+09:00,CMP-S01-L01-01,S01,S01-L01,1,running,162.5671,396.5036,97.1423,45.1721,0.9891,A,relation-reasoning-agent-eval-v3.1
2026-09-03T23:50:00+09:00,CMP-S01-L02-01,S01,S01-L02,1,running,173.6233,409.1428,99.0942,44.9048,1.079,B,relation-reasoning-agent-eval-v3.1
2026-09-03T23:50:00+09:00,CMP-S01-L03-01,S01,S01-L03,1,running,158.1752,395.4311,106.4181,32.3501,-1.5204,B,relation-reasoning-agent-eval-v3.1
2026-09-03T23:50:00+09:00,CMP-S01-L04-01,S01,S01-L04,1,running,171.9342,514.5529,101.9163,42.7116,0.5479,A,relation-reasoning-agent-eval-v3.1
2026-09-03T23:50:00+09:00,CMP-S01-L05-01,S01,S01-L05,1,running,181.5087,461.6714,97.5577,40.6046,-0.1737,A,relation-reasoning-agent-eval-v3.1
2026-09-04T00:00:00+09:00,CMP-S01-L01-01,S01,S01-L01,1,running,139.5743,429.3129,93.7615,45.9477,1.1327,B,relation-reasoning-agent-eval-v3.1
2026-09-04T00:00:00+09:00,CMP-S01-L02-01,S01,S01-L02,1,running,176.3651,401.1059,103.7303,40.4002,0.2448,A,relation-reasoning-agent-eval-v3.1
2026-09-04T00:00:00+09:00,CMP-S01-L03-01,S01,S01-L03,1,running,155.6131,412.1151,98.6645,31.6129,-1.6569,B,relation-reasoning-agent-eval-v3.1
2026-09-04T00:00:00+09:00,CMP-S01-L04-01,S01,S01-L04,1,running,184.0336,507.3594,110.6611,40.4138,0.1224,A,relation-reasoning-agent-eval-v3.1
2026-09-04T00:00:00+09:00,CMP-S01-L05-01,S01,S01-L05,1,running,162.7612,459.5639,94.6565,38.0453,-0.6476,A,relation-reasoning-agent-eval-v3.1
2026-09-04T00:10:00+09:00,CMP-S01-L01-01,S01,S01-L01,1,running,153.5175,437.5694,94.9749,55.5438,2.9097,C,relation-reasoning-agent-eval-v3.1
2026-09-04T00:10:00+09:00,CMP-S01-L02-01,S01,S01-L02,1,running,186.6614,403.1261,105.5415,39.6975,0.1147,A,relation-reasoning-agent-eval-v3.1
2026-09-04T00:10:00+09:00,CMP-S01-L03-01,S01,S01-L03,1,running,171.6685,391.7961,102.3936,32.4812,-1.4962,B,relation-reasoning-agent-eval-v3.1
2026-09-04T00:10:00+09:00,CMP-S01-L04-01,S01,S01-L04,1,running,184.046,487.3105,108.3708,40.217,0.0859,A,relation-reasoning-agent-eval-v3.1
2026-09-04T00:10:00+09:00,CMP-S01-L05-01,S01,S01-L05,1,running,174.2874,443.3252,99.7892,41.6657,0.0228,A,relation-reasoning-agent-eval-v3.1
2026-09-04T00:20:00+09:00,CMP-S01-L01-01,S01,S01-L01,1,running,156.9693,419.8089,97.01,47.2074,1.366,B,relation-reasoning-agent-eval-v3.1
2026-09-04T00:20:00+09:00,CMP-S01-L02-01,S01,S01-L02,1,running,186.9362,425.3231,102.0676,39.6204,0.1004,A,relation-reasoning-agent-eval-v3.1
2026-09-04T00:20:00+09:00,CMP-S01-L03-01,S01,S01-L03,1,running,177.7305,422.5353,101.6439,33.9621,-1.2219,B,relation-reasoning-agent-eval-v3.1
2026-09-04T00:20:00+09:00,CMP-S01-L04-01,S01,S01-L04,1,running,188.3227,447.7091,108.0436,37.3873,-0.4381,A,relation-reasoning-agent-eval-v3.1
2026-09-04T00:20:00+09:00,CMP-S01-L05-01,S01,S01-L05,1,running,159.0618,460.2836,98.8388,38.5785,-0.5489,A,relation-reasoning-agent-eval-v3.1
2026-09-04T00:30:00+09:00,CMP-S01-L01-01,S01,S01-L01,1,running,180.9695,439.5252,96.5041,43.2857,0.6397,A,relation-reasoning-agent-eval-v3.1
2026-09-04T00:30:00+09:00,CMP-S01-L02-01,S01,S01-L02,1,running,191.8116,441.924,101.7486,44.1081,0.9314,A,relation-reasoning-agent-eval-v3.1
2026-09-04T00:30:00+09:00,CMP-S01-L03-01,S01,S01-L03,1,running,171.0312,444.8266,103.6514,30.2715,-1.9054,B,relation-reasoning-agent-eval-v3.1
2026-09-04T00:30:00+09:00,CMP-S01-L04-01,S01,S01-L04,1,running,187.3494,416.7807,111.1839,39.0142,-0.1368,A,relation-reasoning-agent-eval-v3.1
2026-09-04T00:30:00+09:00,CMP-S01-L05-01,S01,S01-L05,1,running,151.7774,419.5909,100.5978,38.3373,-0.5936,A,relation-reasoning-agent-eval-v3.1
2026-09-04T00:40:00+09:00,CMP-S01-L01-01,S01,S01-L01,1,running,206.4015,430.8406,101.9296,41.0851,0.2322,A,relation-reasoning-agent-eval-v3.1
2026-09-04T00:40:00+09:00,CMP-S01-L02-01,S01,S01-L02,1,running,185.826,416.5323,103.7863,42.7514,0.6802,A,relation-reasoning-agent-eval-v3.1
2026-09-04T00:40:00+09:00,CMP-S01-L03-01,S01,S01-L03,1,running,167.3315,419.5928,100.076,35.0458,-1.0212,B,relation-reasoning-agent-eval-v3.1
2026-09-04T00:40:00+09:00,CMP-S01-L04-01,S01,S01-L04,1,running,174.8229,440.833,103.5545,36.7166,-0.5623,A,relation-reasoning-agent-eval-v3.1
2026-09-04T00:40:00+09:00,CMP-S01-L05-01,S01,S01-L05,1,running,162.2798,389.3718,97.5863,35.7074,-1.0806,B,relation-reasoning-agent-eval-v3.1
2026-09-04T00:50:00+09:00,CMP-S01-L01-01,S01,S01-L01,1,running,191.6086,425.6669,93.07,45.2744,1.008,B,relation-reasoning-agent-eval-v3.1
2026-09-04T00:50:00+09:00,CMP-S01-L02-01,S01,S01-L02,1,running,188.678,425.8016,105.9973,44.4242,0.99,A,relation-reasoning-agent-eval-v3.1
2026-09-04T00:50:00+09:00,CMP-S01-L03-01,S01,S01-L03,1,running,169.2031,377.5588,105.141,38.5437,-0.3735,A,relation-reasoning-agent-eval-v3.1
2026-09-04T00:50:00+09:00,CMP-S01-L04-01,S01,S01-L04,1,running,166.0931,454.6329,101.4547,37.6408,-0.3912,A,relation-reasoning-agent-eval-v3.1
2026-09-04T00:50:00+09:00,CMP-S01-L05-01,S01,S01-L05,1,running,160.7651,388.1001,104.5928,41.2484,-0.0545,A,relation-reasoning-agent-eval-v3.1
2026-09-04T01:00:00+09:00,CMP-S01-L01-01,S01,S01-L01,1,running,180.5017,405.9671,89.6469,51.047,2.077,C,relation-reasoning-agent-eval-v3.1
2026-09-04T01:00:00+09:00,CMP-S01-L02-01,S01,S01-L02,1,running,198.4699,418.6738,107.1749,46.0538,1.2918,B,relation-reasoning-agent-eval-v3.1
2026-09-04T01:00:00+09:00,CMP-S01-L03-01,S01,S01-L03,1,running,168.7472,380.9033,108.4876,34.8974,-1.0487,B,relation-reasoning-agent-eval-v3.1
2026-09-04T01:00:00+09:00,CMP-S01-L04-01,S01,S01-L04,1,running,177.3209,445.3211,101.2294,40.838,0.2009,A,relation-reasoning-agent-eval-v3.1
2026-09-04T01:00:00+09:00,CMP-S01-L05-01,S01,S01-L05,1,running,156.2347,408.1119,91.9337,43.6302,0.3866,A,relation-reasoning-agent-eval-v3.1
2026-09-04T01:10:00+09:00,CMP-S01-L01-01,S01,S01-L01,1,running,182.6328,423.589,86.0042,51.3496,2.133,C,relation-reasoning-agent-eval-v3.1
2026-09-04T01:10:00+09:00,CMP-S01-L02-01,S01,S01-L02,1,running,180.968,409.909,109.2915,47.6004,1.5782,B,relation-reasoning-agent-eval-v3.1
2026-09-04T01:10:00+09:00,CMP-S01-L03-01,S01,S01-L03,1,running,166.1679,416.1545,114.0651,38.3549,-0.4084,A,relation-reasoning-agent-eval-v3.1
2026-09-04T01:10:00+09:00,CMP-S01-L04-01,S01,S01-L04,1,running,178.0093,474.6754,103.7085,37.7628,-0.3686,A,relation-reasoning-agent-eval-v3.1
2026-09-04T01:10:00+09:00,CMP-S01-L05-01,S01,S01-L05,1,running,162.4833,425.8645,93.306,43.787,0.4156,A,relation-reasoning-agent-eval-v3.1
2026-09-04T01:20:00+09:00,CMP-S01-L01-01,S01,S01-L01,1,running,194.0245,412.6891,88.9922,47.263,1.3763,B,relation-reasoning-agent-eval-v3.1
2026-09-04T01:20:00+09:00,CMP-S01-L02-01,S01,S01-L02,1,running,157.8609,406.4706,110.2868,40.8669,0.3312,A,relation-reasoning-agent-eval-v3.1
2026-09-04T01:20:00+09:00,CMP-S01-L03-01,S01,S01-L03,1,running,142.8669,414.6595,115.617,35.7346,-0.8937,A,relation-reasoning-agent-eval-v3.1
2026-09-04T01:20:00+09:00,CMP-S01-L04-01,S01,S01-L04,1,running,177.6455,491.4992,109.5587,37.6253,-0.394,A,relation-reasoning-agent-eval-v3.1
2026-09-04T01:20:00+09:00,CMP-S01-L05-01,S01,S01-L05,1,running,151.1503,437.3582,90.9164,40.0255,-0.281,A,relation-reasoning-agent-eval-v3.1
2026-09-04T01:30:00+09:00,CMP-S01-L01-01,S01,S01-L01,1,running,182.0742,401.2461,93.0657,46.1272,1.1659,B,relation-reasoning-agent-eval-v3.1
2026-09-04T01:30:00+09:00,CMP-S01-L02-01,S01,S01-L02,1,running,170.1359,380.6038,100.8519,36.8399,-0.4145,A,relation-reasoning-agent-eval-v3.1
2026-09-04T01:30:00+09:00,CMP-S01-L03-01,S01,S01-L03,1,running,157.2541,403.5338,111.6577,36.1216,-0.822,A,relation-reasoning-agent-eval-v3.1
2026-09-04T01:30:00+09:00,CMP-S01-L04-01,S01,S01-L04,1,running,153.4591,438.8824,110.2747,38.6053,-0.2126,A,relation-reasoning-agent-eval-v3.1
2026-09-04T01:30:00+09:00,CMP-S01-L05-01,S01,S01-L05,1,running,154.4386,405.9482,93.4764,41.6737,0.0243,A,relation-reasoning-agent-eval-v3.1
2026-09-04T01:40:00+09:00,CMP-S01-L01-01,S01,S01-L01,1,running,188.7598,395.9263,93.8523,52.0024,2.2539,C,relation-reasoning-agent-eval-v3.1
2026-09-04T01:40:00+09:00,CMP-S01-L02-01,S01,S01-L02,1,running,161.3959,408.6363,96.8221,32.2565,-1.2633,B,relation-reasoning-agent-eval-v3.1
2026-09-04T01:40:00+09:00,CMP-S01-L03-01,S01,S01-L03,1,running,169.4256,387.2542,100.943,35.749,-0.891,A,relation-reasoning-agent-eval-v3.1
2026-09-04T01:40:00+09:00,CMP-S01-L04-01,S01,S01-L04,1,running,148.1049,469.5109,113.5554,35.7094,-0.7488,A,relation-reasoning-agent-eval-v3.1
2026-09-04T01:40:00+09:00,CMP-S01-L05-01,S01,S01-L05,1,running,163.4117,411.3483,93.7857,40.6944,-0.1571,A,relation-reasoning-agent-eval-v3.1
2026-09-04T01:50:00+09:00,CMP-S01-L01-01,S01,S01-L01,1,running,189.81,396.2158,89.6825,47.8879,1.492,B,relation-reasoning-agent-eval-v3.1
2026-09-04T01:50:00+09:00,CMP-S01-L02-01,S01,S01-L02,1,running,170.37,386.8575,96.4109,30.7969,-1.5336,B,relation-reasoning-agent-eval-v3.1
2026-09-04T01:50:00+09:00,CMP-S01-L03-01,S01,S01-L03,1,running,174.9085,402.1245,100.799,33.7525,-1.2607,B,relation-reasoning-agent-eval-v3.1
2026-09-04T01:50:00+09:00,CMP-S01-L04-01,S01,S01-L04,1,running,157.5654,507.2148,111.3282,35.8876,-0.7158,A,relation-reasoning-agent-eval-v3.1
2026-09-04T01:50:00+09:00,CMP-S01-L05-01,S01,S01-L05,1,running,147.5138,405.7327,93.6196,39.2165,-0.4308,A,relation-reasoning-agent-eval-v3.1
2026-09-04T02:00:00+09:00,CMP-S01-L01-01,S01,S01-L01,1,running,171.8421,447.0076,91.6843,54.7498,2.7627,C,relation-reasoning-agent-eval-v3.1
2026-09-04T02:00:00+09:00,CMP-S01-L02-01,S01,S01-L02,1,running,184.8484,357.3358,94.5061,34.8463,-0.7837,A,relation-reasoning-agent-eval-v3.1
2026-09-04T02:00:00+09:00,CMP-S01-L03-01,S01,S01-L03,1,running,181.8629,369.6208,102.2478,36.6719,-0.7201,A,relation-reasoning-agent-eval-v3.1
2026-09-04T02:00:00+09:00,CMP-S01-L04-01,S01,S01-L04,1,running,156.7534,498.8005,110.1776,32.4183,-1.3583,B,relation-reasoning-agent-eval-v3.1
2026-09-04T02:00:00+09:00,CMP-S01-L05-01,S01,S01-L05,1,running,164.9855,369.1471,96.0688,40.4895,-0.195,A,relation-reasoning-agent-eval-v3.1
2026-09-04T02:10:00+09:00,CMP-S01-L01-01,S01,S01-L01,1,running,168.2797,508.8972,95.4871,47.43,1.4072,B,relation-reasoning-agent-eval-v3.1
2026-09-04T02:10:00+09:00,CMP-S01-L02-01,S01,S01-L02,1,running,181.6665,366.9333,89.1415,35.694,-0.6267,A,relation-reasoning-agent-eval-v3.1
2026-09-04T02:10:00+09:00,CMP-S01-L03-01,S01,S01-L03,1,running,159.8612,424.4433,105.5748,43.4725,0.5393,A,relation-reasoning-agent-eval-v3.1
2026-09-04T02:10:00+09:00,CMP-S01-L04-01,S01,S01-L04,1,running,156.1015,542.5742,104.5384,41.2564,0.2784,A,relation-reasoning-agent-eval-v3.1
2026-09-04T02:10:00+09:00,CMP-S01-L05-01,S01,S01-L05,1,running,177.0796,367.3558,103.0381,42.8505,0.2422,A,relation-reasoning-agent-eval-v3.1
2026-09-04T02:20:00+09:00,CMP-S01-L01-01,S01,S01-L01,1,running,162.1505,483.4554,96.1944,51.7205,2.2017,C,relation-reasoning-agent-eval-v3.1
2026-09-04T02:20:00+09:00,CMP-S01-L02-01,S01,S01-L02,1,running,197.1975,383.7256,90.7782,35.0408,-0.7477,A,relation-reasoning-agent-eval-v3.1
2026-09-04T02:20:00+09:00,CMP-S01-L03-01,S01,S01-L03,1,running,140.0888,464.7374,106.6591,45.2405,0.8667,A,relation-reasoning-agent-eval-v3.1
2026-09-04T02:20:00+09:00,CMP-S01-L04-01,S01,S01-L04,1,running,161.4567,544.8809,104.8368,37.9726,-0.3297,A,relation-reasoning-agent-eval-v3.1
2026-09-04T02:20:00+09:00,CMP-S01-L05-01,S01,S01-L05,1,running,163.1885,363.6392,100.3076,33.6871,-1.4547,B,relation-reasoning-agent-eval-v3.1
2026-09-04T02:30:00+09:00,CMP-S01-L01-01,S01,S01-L01,1,running,167.7182,436.6586,98.7695,41.5972,0.327,A,relation-reasoning-agent-eval-v3.1
2026-09-04T02:30:00+09:00,CMP-S01-L02-01,S01,S01-L02,1,running,199.4285,367.8131,94.9141,38.1409,-0.1736,A,relation-reasoning-agent-eval-v3.1
2026-09-04T02:30:00+09:00,CMP-S01-L03-01,S01,S01-L03,1,running,144.0488,460.9749,105.6634,40.8944,0.0618,A,relation-reasoning-agent-eval-v3.1
2026-09-04T02:30:00+09:00,CMP-S01-L04-01,S01,S01-L04,1,running,170.1531,509.4216,107.7735,40.3254,0.106,A,relation-reasoning-agent-eval-v3.1
2026-09-04T02:30:00+09:00,CMP-S01-L05-01,S01,S01-L05,1,running,159.4059,370.389,91.8648,38.1915,-0.6206,A,relation-reasoning-agent-eval-v3.1
2026-09-04T02:40:00+09:00,CMP-S01-L01-01,S01,S01-L01,1,running,171.8804,425.1731,102.0414,42.8544,0.5598,A,relation-reasoning-agent-eval-v3.1
2026-09-04T02:40:00+09:00,CMP-S01-L02-01,S01,S01-L02,1,running,195.2627,358.2508,97.9138,36.101,-0.5513,A,relation-reasoning-agent-eval-v3.1
2026-09-04T02:40:00+09:00,CMP-S01-L03-01,S01,S01-L03,1,running,151.1134,451.6259,103.3451,34.2436,-1.1698,B,relation-reasoning-agent-eval-v3.1
2026-09-04T02:40:00+09:00,CMP-S01-L04-01,S01,S01-L04,1,running,170.3148,504.0786,107.1187,41.1642,0.2613,A,relation-reasoning-agent-eval-v3.1
2026-09-04T02:40:00+09:00,CMP-S01-L05-01,S01,S01-L05,1,running,151.5908,389.4907,96.3779,38.387,-0.5844,A,relation-reasoning-agent-eval-v3.1
2026-09-04T02:50:00+09:00,CMP-S01-L01-01,S01,S01-L01,1,running,163.9248,488.8769,103.7678,40.0234,0.0356,A,relation-reasoning-agent-eval-v3.1
2026-09-04T02:50:00+09:00,CMP-S01-L02-01,S01,S01-L02,1,running,178.8832,365.0492,104.2689,38.4985,-0.1074,A,relation-reasoning-agent-eval-v3.1
2026-09-04T02:50:00+09:00,CMP-S01-L03-01,S01,S01-L03,1,running,151.3036,437.0146,104.8749,40.8689,0.0571,A,relation-reasoning-agent-eval-v3.1
2026-09-04T02:50:00+09:00,CMP-S01-L04-01,S01,S01-L04,1,running,174.1042,467.9512,106.84,41.042,0.2387,A,relation-reasoning-agent-eval-v3.1
2026-09-04T02:50:00+09:00,CMP-S01-L05-01,S01,S01-L05,1,running,149.2538,482.8177,96.9235,34.9866,-1.2141,B,relation-reasoning-agent-eval-v3.1
2026-09-04T03:00:00+09:00,CMP-S01-L01-01,S01,S01-L01,1,running,166.6721,485.0186,105.6474,42.9499,0.5775,A,relation-reasoning-agent-eval-v3.1
2026-09-04T03:00:00+09:00,CMP-S01-L02-01,S01,S01-L02,1,running,159.3986,335.7824,100.6536,41.5832,0.4639,A,relation-reasoning-agent-eval-v3.1
2026-09-04T03:00:00+09:00,CMP-S01-L03-01,S01,S01-L03,1,running,146.9098,424.8717,98.8293,38.0431,-0.4662,A,relation-reasoning-agent-eval-v3.1
2026-09-04T03:00:00+09:00,CMP-S01-L04-01,S01,S01-L04,1,running,170.3799,485.059,106.3417,43.7724,0.7443,A,relation-reasoning-agent-eval-v3.1
2026-09-04T03:00:00+09:00,CMP-S01-L05-01,S01,S01-L05,1,running,164.4213,478.2349,90.6581,36.4735,-0.9387,A,relation-reasoning-agent-eval-v3.1
2026-09-04T03:10:00+09:00,CMP-S01-L01-01,S01,S01-L01,1,running,152.5276,493.5273,110.6734,40.1072,0.0511,A,relation-reasoning-agent-eval-v3.1
2026-09-04T03:10:00+09:00,CMP-S01-L02-01,S01,S01-L02,1,running,160.1642,350.662,102.4811,38.9766,-0.0188,A,relation-reasoning-agent-eval-v3.1
2026-09-04T03:10:00+09:00,CMP-S01-L03-01,S01,S01-L03,1,running,158.1235,444.1311,102.6996,37.0608,-0.6481,A,relation-reasoning-agent-eval-v3.1
2026-09-04T03:10:00+09:00,CMP-S01-L04-01,S01,S01-L04,1,running,176.8707,522.3662,101.6099,49.1632,1.7426,B,relation-reasoning-agent-eval-v3.1
2026-09-04T03:10:00+09:00,CMP-S01-L05-01,S01,S01-L05,1,running,157.9407,406.8086,90.1357,30.6319,-2.0205,C,relation-reasoning-agent-eval-v3.1
2026-09-04T03:20:00+09:00,CMP-S01-L01-01,S01,S01-L01,1,running,175.6249,499.3541,110.8563,39.9292,0.0181,A,relation-reasoning-agent-eval-v3.1
2026-09-04T03:20:00+09:00,CMP-S01-L02-01,S01,S01-L02,1,running,168.7415,395.6388,99.0844,34.5769,-0.8336,A,relation-reasoning-agent-eval-v3.1
2026-09-04T03:20:00+09:00,CMP-S01-L03-01,S01,S01-L03,1,running,164.5646,389.7494,99.3489,39.6982,-0.1597,A,relation-reasoning-agent-eval-v3.1
2026-09-04T03:20:00+09:00,CMP-S01-L04-01,S01,S01-L04,1,running,158.1212,547.0253,98.3885,49.0516,1.722,B,relation-reasoning-agent-eval-v3.1
2026-09-04T03:20:00+09:00,CMP-S01-L05-01,S01,S01-L05,1,running,158.9916,418.2994,90.0969,28.4975,-2.4158,C,relation-reasoning-agent-eval-v3.1
2026-09-04T03:30:00+09:00,CMP-S01-L01-01,S01,S01-L01,1,running,168.0106,520.6355,109.6621,35.5033,-0.8015,A,relation-reasoning-agent-eval-v3.1
2026-09-04T03:30:00+09:00,CMP-S01-L02-01,S01,S01-L02,1,running,168.6722,401.2357,103.7708,36.5361,-0.4708,A,relation-reasoning-agent-eval-v3.1
2026-09-04T03:30:00+09:00,CMP-S01-L03-01,S01,S01-L03,1,running,153.563,363.1582,96.1022,50.2284,1.7904,B,relation-reasoning-agent-eval-v3.1
2026-09-04T03:30:00+09:00,CMP-S01-L04-01,S01,S01-L04,1,running,163.4827,539.5628,94.9552,52.5816,2.3757,C,relation-reasoning-agent-eval-v3.1
2026-09-04T03:30:00+09:00,CMP-S01-L05-01,S01,S01-L05,1,running,179.2233,416.5318,92.3344,30.7253,-2.0032,C,relation-reasoning-agent-eval-v3.1
2026-09-04T03:40:00+09:00,CMP-S01-L01-01,S01,S01-L01,1,running,157.2834,508.7009,103.9252,40.6923,0.1595,A,relation-reasoning-agent-eval-v3.1
2026-09-04T03:40:00+09:00,CMP-S01-L02-01,S01,S01-L02,1,running,168.5446,359.4306,109.0438,33.1701,-1.0941,B,relation-reasoning-agent-eval-v3.1
2026-09-04T03:40:00+09:00,CMP-S01-L03-01,S01,S01-L03,1,running,158.8371,430.8257,109.2937,48.5579,1.481,B,relation-reasoning-agent-eval-v3.1
2026-09-04T03:40:00+09:00,CMP-S01-L04-01,S01,S01-L04,1,running,166.6642,472.7809,96.3603,51.4404,2.1643,C,relation-reasoning-agent-eval-v3.1
2026-09-04T03:40:00+09:00,CMP-S01-L05-01,S01,S01-L05,1,running,167.9895,407.754,89.4764,36.431,-0.9466,A,relation-reasoning-agent-eval-v3.1
2026-09-04T03:50:00+09:00,CMP-S01-L01-01,S01,S01-L01,1,running,158.4546,467.8787,102.5513,46.5556,1.2453,B,relation-reasoning-agent-eval-v3.1
2026-09-04T03:50:00+09:00,CMP-S01-L02-01,S01,S01-L02,1,running,178.2063,328.6689,96.7418,36.0289,-0.5647,A,relation-reasoning-agent-eval-v3.1
2026-09-04T03:50:00+09:00,CMP-S01-L03-01,S01,S01-L03,1,running,154.4823,454.9276,107.4581,47.1403,1.2185,B,relation-reasoning-agent-eval-v3.1
2026-09-04T03:50:00+09:00,CMP-S01-L04-01,S01,S01-L04,1,running,176.5274,449.9869,92.9726,47.0533,1.3519,B,relation-reasoning-agent-eval-v3.1
2026-09-04T03:50:00+09:00,CMP-S01-L05-01,S01,S01-L05,1,running,175.0996,394.7081,93.8552,32.0662,-1.7549,B,relation-reasoning-agent-eval-v3.1
2026-09-04T04:00:00+09:00,CMP-S01-L01-01,S01,S01-L01,1,running,156.5516,473.484,100.5993,51.8539,2.2264,C,relation-reasoning-agent-eval-v3.1
2026-09-04T04:00:00+09:00,CMP-S01-L02-01,S01,S01-L02,1,running,192.9221,329.3676,94.276,38.9985,-0.0148,A,relation-reasoning-agent-eval-v3.1
2026-09-04T04:00:00+09:00,CMP-S01-L03-01,S01,S01-L03,1,running,142.7668,442.4758,107.2907,41.8505,0.2389,A,relation-reasoning-agent-eval-v3.1
2026-09-04T04:00:00+09:00,CMP-S01-L04-01,S01,S01-L04,1,running,187.1394,482.4303,90.6948,41.7969,0.3785,A,relation-reasoning-agent-eval-v3.1
2026-09-04T04:00:00+09:00,CMP-S01-L05-01,S01,S01-L05,1,running,181.6547,415.7824,92.3059,35.894,-1.046,B,relation-reasoning-agent-eval-v3.1
2026-09-04T04:10:00+09:00,CMP-S01-L01-01,S01,S01-L01,1,running,149.3242,430.9659,98.482,45.8508,1.1147,B,relation-reasoning-agent-eval-v3.1
2026-09-04T04:10:00+09:00,CMP-S01-L02-01,S01,S01-L02,1,running,196.9878,411.9825,97.3008,38.6615,-0.0772,A,relation-reasoning-agent-eval-v3.1
2026-09-04T04:10:00+09:00,CMP-S01-L03-01,S01,S01-L03,1,running,152.4645,383.3832,109.0862,45.2558,0.8695,A,relation-reasoning-agent-eval-v3.1
2026-09-04T04:10:00+09:00,CMP-S01-L04-01,S01,S01-L04,1,running,176.8585,479.5378,92.0414,43.088,0.6176,A,relation-reasoning-agent-eval-v3.1
2026-09-04T04:10:00+09:00,CMP-S01-L05-01,S01,S01-L05,1,running,190.3897,463.6395,100.1208,39.9108,-0.3022,A,relation-reasoning-agent-eval-v3.1
2026-09-04T04:20:00+09:00,CMP-S01-L01-01,S01,S01-L01,1,running,169.5254,455.0197,104.3661,47.8557,1.486,B,relation-reasoning-agent-eval-v3.1
2026-09-04T04:20:00+09:00,CMP-S01-L02-01,S01,S01-L02,1,running,174.1517,384.6172,91.9727,35.9919,-0.5716,A,relation-reasoning-agent-eval-v3.1
2026-09-04T04:20:00+09:00,CMP-S01-L03-01,S01,S01-L03,1,running,163.1321,425.1671,109.9328,41.1357,0.1065,A,relation-reasoning-agent-eval-v3.1
2026-09-04T04:20:00+09:00,CMP-S01-L04-01,S01,S01-L04,1,running,177.2025,454.3972,100.0407,44.1093,0.8067,A,relation-reasoning-agent-eval-v3.1
2026-09-04T04:20:00+09:00,CMP-S01-L05-01,S01,S01-L05,1,running,195.4902,384.9098,98.3706,35.6139,-1.0979,B,relation-reasoning-agent-eval-v3.1
2026-09-04T04:30:00+09:00,CMP-S01-L01-01,S01,S01-L01,1,running,164.4941,491.4764,103.6985,50.0339,1.8894,B,relation-reasoning-agent-eval-v3.1
2026-09-04T04:30:00+09:00,CMP-S01-L02-01,S01,S01-L02,1,running,183.6435,360.8992,100.1636,37.6336,-0.2675,A,relation-reasoning-agent-eval-v3.1
2026-09-04T04:30:00+09:00,CMP-S01-L03-01,S01,S01-L03,1,running,166.7703,448.0082,104.0598,42.5107,0.3612,A,relation-reasoning-agent-eval-v3.1
2026-09-04T04:30:00+09:00,CMP-S01-L04-01,S01,S01-L04,1,running,176.3533,472.0284,101.0024,51.1615,2.1127,C,relation-reasoning-agent-eval-v3.1
2026-09-04T04:30:00+09:00,CMP-S01-L05-01,S01,S01-L05,1,running,171.9153,416.2107,100.4536,34.4281,-1.3175,B,relation-reasoning-agent-eval-v3.1
2026-09-04T04:40:00+09:00,CMP-S01-L01-01,S01,S01-L01,1,running,168.1951,427.2975,104.7555,44.3997,0.846,A,relation-reasoning-agent-eval-v3.1
2026-09-04T04:40:00+09:00,CMP-S01-L02-01,S01,S01-L02,1,running,187.3399,411.0135,97.8427,36.2845,-0.5174,A,relation-reasoning-agent-eval-v3.1
2026-09-04T04:40:00+09:00,CMP-S01-L03-01,S01,S01-L03,1,running,163.3488,466.9147,99.089,38.4205,-0.3963,A,relation-reasoning-agent-eval-v3.1
2026-09-04T04:40:00+09:00,CMP-S01-L04-01,S01,S01-L04,1,running,164.5435,429.9894,106.2694,51.6547,2.204,C,relation-reasoning-agent-eval-v3.1
2026-09-04T04:40:00+09:00,CMP-S01-L05-01,S01,S01-L05,1,running,170.5127,436.1009,97.13,29.1356,-2.2976,C,relation-reasoning-agent-eval-v3.1
2026-09-04T04:50:00+09:00,CMP-S01-L01-01,S01,S01-L01,1,running,159.6901,423.8778,108.1441,43.0291,0.5922,A,relation-reasoning-agent-eval-v3.1
2026-09-04T04:50:00+09:00,CMP-S01-L02-01,S01,S01-L02,1,running,182.4449,425.8038,99.9572,38.4477,-0.1168,A,relation-reasoning-agent-eval-v3.1
2026-09-04T04:50:00+09:00,CMP-S01-L03-01,S01,S01-L03,1,running,158.0694,463.1354,99.2613,47.151,1.2205,B,relation-reasoning-agent-eval-v3.1
2026-09-04T04:50:00+09:00,CMP-S01-L04-01,S01,S01-L04,1,running,154.3425,494.4661,113.6272,50.3132,1.9556,B,relation-reasoning-agent-eval-v3.1
2026-09-04T04:50:00+09:00,CMP-S01-L05-01,S01,S01-L05,1,running,165.1646,408.0799,109.5798,29.7465,-2.1845,C,relation-reasoning-agent-eval-v3.1
2026-09-04T05:00:00+09:00,CMP-S01-L01-01,S01,S01-L01,1,running,143.6117,413.8266,103.2726,39.7084,-0.0228,A,relation-reasoning-agent-eval-v3.1
2026-09-04T05:00:00+09:00,CMP-S01-L02-01,S01,S01-L02,1,running,166.268,464.5934,102.4177,36.0384,-0.5629,A,relation-reasoning-agent-eval-v3.1
2026-09-04T05:00:00+09:00,CMP-S01-L03-01,S01,S01-L03,1,running,154.5763,466.5797,97.4969,47.6396,1.3109,B,relation-reasoning-agent-eval-v3.1
2026-09-04T05:00:00+09:00,CMP-S01-L04-01,S01,S01-L04,1,running,148.7178,491.214,108.1573,48.8163,1.6784,B,relation-reasoning-agent-eval-v3.1
2026-09-04T05:00:00+09:00,CMP-S01-L05-01,S01,S01-L05,1,running,162.8007,410.2631,115.5412,29.6153,-2.2088,C,relation-reasoning-agent-eval-v3.1
2026-09-04T05:10:00+09:00,CMP-S01-L01-01,S01,S01-L01,1,running,161.709,437.6936,92.4292,37.1507,-0.4964,A,relation-reasoning-agent-eval-v3.1
2026-09-04T05:10:00+09:00,CMP-S01-L02-01,S01,S01-L02,1,running,175.9017,498.7861,99.1488,40.343,0.2342,A,relation-reasoning-agent-eval-v3.1
2026-09-04T05:10:00+09:00,CMP-S01-L03-01,S01,S01-L03,1,running,154.3146,439.5567,95.6931,41.4004,0.1556,A,relation-reasoning-agent-eval-v3.1
2026-09-04T05:10:00+09:00,CMP-S01-L04-01,S01,S01-L04,1,running,157.1096,490.9038,111.4952,42.4916,0.5071,A,relation-reasoning-agent-eval-v3.1
2026-09-04T05:10:00+09:00,CMP-S01-L05-01,S01,S01-L05,1,running,157.0289,336.7381,111.3304,24.1452,-3.2217,D,relation-reasoning-agent-eval-v3.1
2026-09-04T05:20:00+09:00,CMP-S01-L01-01,S01,S01-L01,1,running,170.974,470.1926,96.3339,39.5983,-0.0431,A,relation-reasoning-agent-eval-v3.1
2026-09-04T05:20:00+09:00,CMP-S01-L02-01,S01,S01-L02,1,running,136.7533,472.3976,97.289,37.5437,-0.2842,A,relation-reasoning-agent-eval-v3.1
2026-09-04T05:20:00+09:00,CMP-S01-L03-01,S01,S01-L03,1,running,140.7132,420.9124,99.9698,42.9768,0.4475,A,relation-reasoning-agent-eval-v3.1
2026-09-04T05:20:00+09:00,CMP-S01-L04-01,S01,S01-L04,1,running,149.3762,460.556,106.3245,45.8985,1.138,B,relation-reasoning-agent-eval-v3.1
2026-09-04T05:20:00+09:00,CMP-S01-L05-01,S01,S01-L05,1,running,156.0812,384.5232,104.7557,27.8965,-2.5271,C,relation-reasoning-agent-eval-v3.1
2026-09-04T05:30:00+09:00,CMP-S01-L01-01,S01,S01-L01,1,running,161.258,415.2619,98.184,36.7846,-0.5642,A,relation-reasoning-agent-eval-v3.1
2026-09-04T05:30:00+09:00,CMP-S01-L02-01,S01,S01-L02,1,running,154.3326,466.3179,104.6829,35.6692,-0.6313,A,relation-reasoning-agent-eval-v3.1
2026-09-04T05:30:00+09:00,CMP-S01-L03-01,S01,S01-L03,1,running,145.2221,401.678,98.9688,42.4568,0.3512,A,relation-reasoning-agent-eval-v3.1
2026-09-04T05:30:00+09:00,CMP-S01-L04-01,S01,S01-L04,1,running,148.9768,546.7023,104.6402,49.0772,1.7267,B,relation-reasoning-agent-eval-v3.1
2026-09-04T05:30:00+09:00,CMP-S01-L05-01,S01,S01-L05,1,running,168.8198,399.1132,108.251,32.9691,-1.5877,B,relation-reasoning-agent-eval-v3.1
2026-09-04T05:40:00+09:00,CMP-S01-L01-01,S01,S01-L01,1,running,168.7366,414.9679,91.3714,34.3454,-1.0159,B,relation-reasoning-agent-eval-v3.1
2026-09-04T05:40:00+09:00,CMP-S01-L02-01,S01,S01-L02,1,running,167.2069,506.3971,106.1849,30.6685,-1.5574,B,relation-reasoning-agent-eval-v3.1
2026-09-04T05:40:00+09:00,CMP-S01-L03-01,S01,S01-L03,1,running,151.5633,450.1479,106.9347,38.6031,-0.3625,A,relation-reasoning-agent-eval-v3.1
2026-09-04T05:40:00+09:00,CMP-S01-L04-01,S01,S01-L04,1,running,173.3604,528.7816,105.0169,45.3368,1.034,B,relation-reasoning-agent-eval-v3.1
2026-09-04T05:40:00+09:00,CMP-S01-L05-01,S01,S01-L05,1,running,175.0216,409.684,110.6236,36.0342,-1.0201,B,relation-reasoning-agent-eval-v3.1
2026-09-04T05:50:00+09:00,CMP-S01-L01-01,S01,S01-L01,1,running,173.4161,418.1079,96.8092,37.0662,-0.512,A,relation-reasoning-agent-eval-v3.1
2026-09-04T05:50:00+09:00,CMP-S01-L02-01,S01,S01-L02,1,running,179.9118,498.8273,103.5435,29.987,-1.6836,B,relation-reasoning-agent-eval-v3.1
2026-09-04T05:50:00+09:00,CMP-S01-L03-01,S01,S01-L03,1,running,158.0838,448.0551,104.6371,38.2006,-0.437,A,relation-reasoning-agent-eval-v3.1
2026-09-04T05:50:00+09:00,CMP-S01-L04-01,S01,S01-L04,1,running,169.3649,521.444,105.8284,45.3875,1.0434,B,relation-reasoning-agent-eval-v3.1
2026-09-04T05:50:00+09:00,CMP-S01-L05-01,S01,S01-L05,1,running,171.4697,431.738,108.9592,34.6652,-1.2736,B,relation-reasoning-agent-eval-v3.1
2026-09-04T06:00:00+09:00,CMP-S01-L01-01,S01,S01-L01,1,running,160.705,436.8619,95.6536,41.9486,0.3921,A,relation-reasoning-agent-eval-v3.1
2026-09-04T06:00:00+09:00,CMP-S01-L02-01,S01,S01-L02,1,running,179.8072,509.9477,107.2578,33.5193,-1.0294,B,relation-reasoning-agent-eval-v3.1
2026-09-04T06:00:00+09:00,CMP-S01-L03-01,S01,S01-L03,1,running,156.5192,462.1959,100.1716,42.3741,0.3359,A,relation-reasoning-agent-eval-v3.1
2026-09-04T06:00:00+09:00,CMP-S01-L04-01,S01,S01-L04,1,running,168.3219,489.6719,110.7162,46.3626,1.224,B,relation-reasoning-agent-eval-v3.1
2026-09-04T06:00:00+09:00,CMP-S01-L05-01,S01,S01-L05,1,running,155.3064,400.1222,104.8612,32.6618,-1.6446,B,relation-reasoning-agent-eval-v3.1
2026-09-04T06:10:00+09:00,CMP-S01-L01-01,S01,S01-L01,1,running,147.0858,426.3237,100.8953,38.6352,-0.2215,A,relation-reasoning-agent-eval-v3.1
2026-09-04T06:10:00+09:00,CMP-S01-L02-01,S01,S01-L02,1,running,169.3705,516.0684,107.6431,39.2882,0.0389,A,relation-reasoning-agent-eval-v3.1
2026-09-04T06:10:00+09:00,CMP-S01-L03-01,S01,S01-L03,1,running,155.2555,463.4653,101.3946,40.6773,0.0216,A,relation-reasoning-agent-eval-v3.1
2026-09-04T06:10:00+09:00,CMP-S01-L04-01,S01,S01-L04,1,running,146.0839,449.5617,119.7146,46.6678,1.2805,B,relation-reasoning-agent-eval-v3.1
2026-09-04T06:10:00+09:00,CMP-S01-L05-01,S01,S01-L05,1,running,163.6523,426.8563,100.1015,35.0158,-1.2087,B,relation-reasoning-agent-eval-v3.1
2026-09-04T06:20:00+09:00,CMP-S01-L01-01,S01,S01-L01,1,running,147.1266,359.6382,103.9843,32.4094,-1.3744,B,relation-reasoning-agent-eval-v3.1
2026-09-04T06:20:00+09:00,CMP-S01-L02-01,S01,S01-L02,1,running,169.4578,479.9294,111.3991,38.6437,-0.0805,A,relation-reasoning-agent-eval-v3.1
2026-09-04T06:20:00+09:00,CMP-S01-L03-01,S01,S01-L03,1,running,168.0737,460.7448,95.2071,35.6026,-0.9181,A,relation-reasoning-agent-eval-v3.1
2026-09-04T06:20:00+09:00,CMP-S01-L04-01,S01,S01-L04,1,running,155.5856,468.5999,113.1402,43.4179,0.6787,A,relation-reasoning-agent-eval-v3.1
2026-09-04T06:20:00+09:00,CMP-S01-L05-01,S01,S01-L05,1,running,181.1318,413.0523,101.1829,32.6943,-1.6386,B,relation-reasoning-agent-eval-v3.1
2026-09-04T06:30:00+09:00,CMP-S01-L01-01,S01,S01-L01,1,running,176.3651,419.7988,100.0792,37.5294,-0.4263,A,relation-reasoning-agent-eval-v3.1
2026-09-04T06:30:00+09:00,CMP-S01-L02-01,S01,S01-L02,1,running,169.9374,495.0096,105.6457,29.2086,-1.8277,B,relation-reasoning-agent-eval-v3.1
2026-09-04T06:30:00+09:00,CMP-S01-L03-01,S01,S01-L03,1,running,170.8755,437.5123,88.1332,33.2243,-1.3586,B,relation-reasoning-agent-eval-v3.1
2026-09-04T06:30:00+09:00,CMP-S01-L04-01,S01,S01-L04,1,running,161.0572,459.4213,103.8178,45.6802,1.0976,B,relation-reasoning-agent-eval-v3.1
2026-09-04T06:30:00+09:00,CMP-S01-L05-01,S01,S01-L05,1,running,195.3961,411.7313,97.7402,32.8972,-1.601,B,relation-reasoning-agent-eval-v3.1
2026-09-04T06:40:00+09:00,CMP-S01-L01-01,S01,S01-L01,1,running,167.497,419.9579,104.1356,40.048,0.0401,A,relation-reasoning-agent-eval-v3.1
2026-09-04T06:40:00+09:00,CMP-S01-L02-01,S01,S01-L02,1,running,182.6267,490.3027,107.4611,34.8092,-0.7906,A,relation-reasoning-agent-eval-v3.1
2026-09-04T06:40:00+09:00,CMP-S01-L03-01,S01,S01-L03,1,running,194.0341,427.999,91.6133,37.1067,-0.6396,A,relation-reasoning-agent-eval-v3.1
2026-09-04T06:40:00+09:00,CMP-S01-L04-01,S01,S01-L04,1,running,176.8056,456.7695,104.4124,43.1789,0.6344,A,relation-reasoning-agent-eval-v3.1
2026-09-04T06:40:00+09:00,CMP-S01-L05-01,S01,S01-L05,1,running,210.2553,393.513,101.5412,34.0467,-1.3881,B,relation-reasoning-agent-eval-v3.1
2026-09-04T06:50:00+09:00,CMP-S01-L01-01,S01,S01-L01,1,running,169.6792,475.1378,104.8436,44.3317,0.8334,A,relation-reasoning-agent-eval-v3.1
2026-09-04T06:50:00+09:00,CMP-S01-L02-01,S01,S01-L02,1,running,186.5559,502.6897,102.0379,32.218,-1.2704,B,relation-reasoning-agent-eval-v3.1
2026-09-04T06:50:00+09:00,CMP-S01-L03-01,S01,S01-L03,1,running,175.6661,438.0128,92.7482,38.9306,-0.3018,A,relation-reasoning-agent-eval-v3.1
2026-09-04T06:50:00+09:00,CMP-S01-L04-01,S01,S01-L04,1,running,193.5494,482.7724,107.4376,35.3982,-0.8065,A,relation-reasoning-agent-eval-v3.1
2026-09-04T06:50:00+09:00,CMP-S01-L05-01,S01,S01-L05,1,running,200.2302,415.5175,93.7824,31.8746,-1.7904,B,relation-reasoning-agent-eval-v3.1
2026-09-04T07:00:00+09:00,CMP-S01-L01-01,S01,S01-L01,1,running,174.9531,520.2555,97.8576,43.3879,0.6586,A,relation-reasoning-agent-eval-v3.1
2026-09-04T07:00:00+09:00,CMP-S01-L02-01,S01,S01-L02,1,running,169.8158,446.8611,101.587,29.582,-1.7586,B,relation-reasoning-agent-eval-v3.1
2026-09-04T07:00:00+09:00,CMP-S01-L03-01,S01,S01-L03,1,running,177.4478,429.6397,98.4501,40.2573,-0.0561,A,relation-reasoning-agent-eval-v3.1
2026-09-04T07:00:00+09:00,CMP-S01-L04-01,S01,S01-L04,1,running,164.1895,449.1708,103.6015,36.8083,-0.5453,A,relation-reasoning-agent-eval-v3.1
2026-09-04T07:00:00+09:00,CMP-S01-L05-01,S01,S01-L05,1,running,190.508,441.7171,96.1872,39.9044,-0.3034,A,relation-reasoning-agent-eval-v3.1
2026-09-04T07:10:00+09:00,CMP-S01-L01-01,S01,S01-L01,1,running,173.7773,530.545,99.5257,44.4537,0.856,A,relation-reasoning-agent-eval-v3.1
2026-09-04T07:10:00+09:00,CMP-S01-L02-01,S01,S01-L02,1,running,170.3697,439.1738,100.2796,26.2017,-2.3846,C,relation-reasoning-agent-eval-v3.1
2026-09-04T07:10:00+09:00,CMP-S01-L03-01,S01,S01-L03,1,running,175.3513,398.2658,98.1809,35.656,-0.9082,A,relation-reasoning-agent-eval-v3.1
2026-09-04T07:10:00+09:00,CMP-S01-L04-01,S01,S01-L04,1,running,181.9623,427.9945,102.9227,39.4938,-0.048,A,relation-reasoning-agent-eval-v3.1
2026-09-04T07:10:00+09:00,CMP-S01-L05-01,S01,S01-L05,1,running,192.9192,434.7753,100.2196,44.3706,0.5237,A,relation-reasoning-agent-eval-v3.1
2026-09-04T07:20:00+09:00,CMP-S01-L01-01,S01,S01-L01,1,running,167.1254,533.4482,96.6761,43.6114,0.7,A,relation-reasoning-agent-eval-v3.1
2026-09-04T07:20:00+09:00,CMP-S01-L02-01,S01,S01-L02,1,running,183.8404,432.4527,100.3097,32.2167,-1.2707,B,relation-reasoning-agent-eval-v3.1
2026-09-04T07:20:00+09:00,CMP-S01-L03-01,S01,S01-L03,1,running,173.4457,361.5403,101.9457,33.1238,-1.3772,B,relation-reasoning-agent-eval-v3.1
2026-09-04T07:20:00+09:00,CMP-S01-L04-01,S01,S01-L04,1,running,163.7321,436.8943,105.3903,29.3421,-1.928,B,relation-reasoning-agent-eval-v3.1
2026-09-04T07:20:00+09:00,CMP-S01-L05-01,S01,S01-L05,1,running,198.5077,436.7132,101.1424,48.0085,1.1974,B,relation-reasoning-agent-eval-v3.1
2026-09-04T07:30:00+09:00,CMP-S01-L01-01,S01,S01-L01,1,running,177.3305,559.343,104.1626,37.5282,-0.4265,A,relation-reasoning-agent-eval-v3.1
2026-09-04T07:30:00+09:00,CMP-S01-L02-01,S01,S01-L02,1,running,177.9054,398.4181,98.4927,36.7982,-0.4222,A,relation-reasoning-agent-eval-v3.1
2026-09-04T07:30:00+09:00,CMP-S01-L03-01,S01,S01-L03,1,running,174.0574,393.8472,98.6677,37.3112,-0.6017,A,relation-reasoning-agent-eval-v3.1
2026-09-04T07:30:00+09:00,CMP-S01-L04-01,S01,S01-L04,1,running,182.2407,424.6552,104.4369,30.9427,-1.6316,B,relation-reasoning-agent-eval-v3.1
2026-09-04T07:30:00+09:00,CMP-S01-L05-01,S01,S01-L05,1,running,191.6029,441.4,102.0001,46.3439,0.8891,A,relation-reasoning-agent-eval-v3.1
2026-09-04T07:40:00+09:00,CMP-S01-L01-01,S01,S01-L01,1,running,186.3372,522.8546,107.1229,38.0035,-0.3385,A,relation-reasoning-agent-eval-v3.1
2026-09-04T07:40:00+09:00,CMP-S01-L02-01,S01,S01-L02,1,running,182.3146,398.938,103.2717,43.078,0.7407,A,relation-reasoning-agent-eval-v3.1
2026-09-04T07:40:00+09:00,CMP-S01-L03-01,S01,S01-L03,1,running,189.1058,375.6353,103.1627,38.9574,-0.2969,A,relation-reasoning-agent-eval-v3.1
2026-09-04T07:40:00+09:00,CMP-S01-L04-01,S01,S01-L04,1,running,180.9371,455.5167,108.0978,31.2105,-1.5819,B,relation-reasoning-agent-eval-v3.1
2026-09-04T07:40:00+09:00,CMP-S01-L05-01,S01,S01-L05,1,running,176.0452,374.7713,102.6501,44.1342,0.4799,A,relation-reasoning-agent-eval-v3.1
2026-09-04T07:50:00+09:00,CMP-S01-L01-01,S01,S01-L01,1,running,178.5563,483.026,97.9868,37.3099,-0.4669,A,relation-reasoning-agent-eval-v3.1
2026-09-04T07:50:00+09:00,CMP-S01-L02-01,S01,S01-L02,1,running,171.974,419.4815,100.0559,44.4281,0.9907,A,relation-reasoning-agent-eval-v3.1
2026-09-04T07:50:00+09:00,CMP-S01-L03-01,S01,S01-L03,1,running,170.3224,407.3547,99.3588,41.5373,0.1809,A,relation-reasoning-agent-eval-v3.1
2026-09-04T07:50:00+09:00,CMP-S01-L04-01,S01,S01-L04,1,running,153.6858,453.7767,103.9538,29.5834,-1.8833,B,relation-reasoning-agent-eval-v3.1
2026-09-04T07:50:00+09:00,CMP-S01-L05-01,S01,S01-L05,1,running,167.7752,397.9607,101.6534,37.7124,-0.7093,A,relation-reasoning-agent-eval-v3.1
2026-09-04T08:00:00+09:00,CMP-S01-L01-01,S01,S01-L01,1,running,186.3819,485.0834,97.4729,32.3417,-1.387,B,relation-reasoning-agent-eval-v3.1
2026-09-04T08:00:00+09:00,CMP-S01-L02-01,S01,S01-L02,1,running,177.0817,415.5904,102.8672,41.8623,0.5156,A,relation-reasoning-agent-eval-v3.1
2026-09-04T08:00:00+09:00,CMP-S01-L03-01,S01,S01-L03,1,running,177.0174,412.2486,100.099,34.1638,-1.1846,B,relation-reasoning-agent-eval-v3.1
2026-09-04T08:00:00+09:00,CMP-S01-L04-01,S01,S01-L04,1,running,159.5973,440.9349,105.0877,31.1973,-1.5844,B,relation-reasoning-agent-eval-v3.1
2026-09-04T08:00:00+09:00,CMP-S01-L05-01,S01,S01-L05,1,running,159.1367,418.3637,108.1874,40.0354,-0.2791,A,relation-reasoning-agent-eval-v3.1
2026-09-04T08:10:00+09:00,CMP-S01-L01-01,S01,S01-L01,1,running,190.4462,479.1051,97.5367,42.6624,0.5243,A,relation-reasoning-agent-eval-v3.1
2026-09-04T08:10:00+09:00,CMP-S01-L02-01,S01,S01-L02,1,running,171.0343,386.9236,96.9209,33.2925,-1.0714,B,relation-reasoning-agent-eval-v3.1
2026-09-04T08:10:00+09:00,CMP-S01-L03-01,S01,S01-L03,1,running,164.346,448.8049,103.1421,38.3699,-0.4057,A,relation-reasoning-agent-eval-v3.1
2026-09-04T08:10:00+09:00,CMP-S01-L04-01,S01,S01-L04,1,running,175.1213,489.3024,97.5027,35.279,-0.8285,A,relation-reasoning-agent-eval-v3.1
2026-09-04T08:10:00+09:00,CMP-S01-L05-01,S01,S01-L05,1,running,170.9563,413.4243,101.9532,41.7017,0.0295,A,relation-reasoning-agent-eval-v3.1
2026-09-04T08:20:00+09:00,CMP-S01-L01-01,S01,S01-L01,1,running,201.3904,435.633,97.158,39.3679,-0.0858,A,relation-reasoning-agent-eval-v3.1
2026-09-04T08:20:00+09:00,CMP-S01-L02-01,S01,S01-L02,1,running,168.5895,375.3067,97.5544,36.6967,-0.441,A,relation-reasoning-agent-eval-v3.1
2026-09-04T08:20:00+09:00,CMP-S01-L03-01,S01,S01-L03,1,running,157.0208,429.1455,103.6999,38.316,-0.4156,A,relation-reasoning-agent-eval-v3.1
2026-09-04T08:20:00+09:00,CMP-S01-L04-01,S01,S01-L04,1,running,186.763,475.8119,95.9406,41.0594,0.2419,A,relation-reasoning-agent-eval-v3.1
2026-09-04T08:20:00+09:00,CMP-S01-L05-01,S01,S01-L05,1,running,179.7419,414.4312,99.3149,45.579,0.7475,A,relation-reasoning-agent-eval-v3.1
2026-09-04T08:30:00+09:00,CMP-S01-L01-01,S01,S01-L01,1,running,209.362,438.6472,103.4521,33.3029,-1.209,B,relation-reasoning-agent-eval-v3.1
2026-09-04T08:30:00+09:00,CMP-S01-L02-01,S01,S01-L02,1,running,162.724,423.4177,96.572,41.176,0.3885,A,relation-reasoning-agent-eval-v3.1
2026-09-04T08:30:00+09:00,CMP-S01-L03-01,S01,S01-L03,1,running,166.8736,373.3079,102.1568,35.5973,-0.9191,A,relation-reasoning-agent-eval-v3.1
2026-09-04T08:30:00+09:00,CMP-S01-L04-01,S01,S01-L04,1,running,195.5657,455.8125,96.7193,45.406,1.0468,B,relation-reasoning-agent-eval-v3.1
2026-09-04T08:30:00+09:00,CMP-S01-L05-01,S01,S01-L05,1,running,163.1298,411.7054,100.5662,38.0665,-0.6437,A,relation-reasoning-agent-eval-v3.1
2026-09-04T08:40:00+09:00,CMP-S01-L01-01,S01,S01-L01,1,running,205.6662,426.5266,95.9386,35.3064,-0.8379,A,relation-reasoning-agent-eval-v3.1
2026-09-04T08:40:00+09:00,CMP-S01-L02-01,S01,S01-L02,1,running,157.7105,474.9979,106.1508,42.7141,0.6733,A,relation-reasoning-agent-eval-v3.1
2026-09-04T08:40:00+09:00,CMP-S01-L03-01,S01,S01-L03,1,running,173.9323,419.4019,102.9714,30.3121,-1.8978,B,relation-reasoning-agent-eval-v3.1
2026-09-04T08:40:00+09:00,CMP-S01-L04-01,S01,S01-L04,1,running,170.1727,471.7963,98.496,46.3073,1.2138,B,relation-reasoning-agent-eval-v3.1
2026-09-04T08:40:00+09:00,CMP-S01-L05-01,S01,S01-L05,1,running,156.7497,441.1331,102.196,43.3746,0.3392,A,relation-reasoning-agent-eval-v3.1
2026-09-04T08:50:00+09:00,CMP-S01-L01-01,S01,S01-L01,1,running,183.9538,500.4789,98.394,41.0293,0.2219,A,relation-reasoning-agent-eval-v3.1
2026-09-04T08:50:00+09:00,CMP-S01-L02-01,S01,S01-L02,1,running,157.9204,486.1509,106.2836,41.9861,0.5385,A,relation-reasoning-agent-eval-v3.1
2026-09-04T08:50:00+09:00,CMP-S01-L03-01,S01,S01-L03,1,running,181.4324,383.4513,105.3417,37.5427,-0.5588,A,relation-reasoning-agent-eval-v3.1
2026-09-04T08:50:00+09:00,CMP-S01-L04-01,S01,S01-L04,1,running,165.8241,427.1166,97.7022,43.9241,0.7724,A,relation-reasoning-agent-eval-v3.1
2026-09-04T08:50:00+09:00,CMP-S01-L05-01,S01,S01-L05,1,running,158.1039,418.2043,104.7794,44.6007,0.5663,A,relation-reasoning-agent-eval-v3.1
2026-09-04T09:00:00+09:00,CMP-S01-L01-01,S01,S01-L01,1,running,203.534,452.2916,103.3768,38.7977,-0.1914,A,relation-reasoning-agent-eval-v3.1
2026-09-04T09:00:00+09:00,CMP-S01-L02-01,S01,S01-L02,1,running,173.4174,475.4298,105.5473,34.6899,-0.8127,A,relation-reasoning-agent-eval-v3.1
2026-09-04T09:00:00+09:00,CMP-S01-L03-01,S01,S01-L03,1,running,174.9534,385.4266,106.0618,43.6354,0.5694,A,relation-reasoning-agent-eval-v3.1
2026-09-04T09:00:00+09:00,CMP-S01-L04-01,S01,S01-L04,1,running,185.5033,406.9016,100.3275,40.8147,0.1966,A,relation-reasoning-agent-eval-v3.1
2026-09-04T09:00:00+09:00,CMP-S01-L05-01,S01,S01-L05,1,running,148.7147,419.4219,104.4014,43.4132,0.3464,A,relation-reasoning-agent-eval-v3.1
2026-09-04T09:10:00+09:00,CMP-S01-L01-01,S01,S01-L01,1,running,183.0332,466.0457,105.1187,40.5518,0.1334,A,relation-reasoning-agent-eval-v3.1
2026-09-04T09:10:00+09:00,CMP-S01-L02-01,S01,S01-L02,1,running,175.8723,440.1956,103.0117,39.1608,0.0153,A,relation-reasoning-agent-eval-v3.1
2026-09-04T09:10:00+09:00,CMP-S01-L03-01,S01,S01-L03,1,running,188.8764,364.1959,109.04,45.5343,0.9211,A,relation-reasoning-agent-eval-v3.1
2026-09-04T09:10:00+09:00,CMP-S01-L04-01,S01,S01-L04,1,running,188.5644,388.5957,105.324,51.4772,2.1711,C,relation-reasoning-agent-eval-v3.1
2026-09-04T09:10:00+09:00,CMP-S01-L05-01,S01,S01-L05,1,running,143.6634,445.5067,100.8774,40.3091,-0.2284,A,relation-reasoning-agent-eval-v3.1
2026-09-04T09:20:00+09:00,CMP-S01-L01-01,S01,S01-L01,1,running,177.459,492.2125,103.5478,46.2893,1.1959,B,relation-reasoning-agent-eval-v3.1
2026-09-04T09:20:00+09:00,CMP-S01-L02-01,S01,S01-L02,1,running,171.0045,413.7997,99.2285,39.6321,0.1026,A,relation-reasoning-agent-eval-v3.1
2026-09-04T09:20:00+09:00,CMP-S01-L03-01,S01,S01-L03,1,running,176.7221,342.0647,110.0998,46.0815,1.0224,B,relation-reasoning-agent-eval-v3.1
2026-09-04T09:20:00+09:00,CMP-S01-L04-01,S01,S01-L04,1,running,172.6184,445.7068,100.5582,44.9607,0.9644,A,relation-reasoning-agent-eval-v3.1
2026-09-04T09:20:00+09:00,CMP-S01-L05-01,S01,S01-L05,1,running,140.7137,463.7676,96.7104,43.6926,0.3981,A,relation-reasoning-agent-eval-v3.1
2026-09-04T09:30:00+09:00,CMP-S01-L01-01,S01,S01-L01,1,running,182.8414,500.4384,102.7326,40.4145,0.108,A,relation-reasoning-agent-eval-v3.1
2026-09-04T09:30:00+09:00,CMP-S01-L02-01,S01,S01-L02,1,running,166.1466,418.615,102.6891,39.1062,0.0052,A,relation-reasoning-agent-eval-v3.1
2026-09-04T09:30:00+09:00,CMP-S01-L03-01,S01,S01-L03,1,running,169.6339,383.4527,107.0937,40.3655,-0.0361,A,relation-reasoning-agent-eval-v3.1
2026-09-04T09:30:00+09:00,CMP-S01-L04-01,S01,S01-L04,1,running,165.5836,445.1255,95.5399,48.3437,1.5909,B,relation-reasoning-agent-eval-v3.1
2026-09-04T09:30:00+09:00,CMP-S01-L05-01,S01,S01-L05,1,running,139.3311,446.9014,95.691,37.4305,-0.7615,A,relation-reasoning-agent-eval-v3.1
2026-09-04T09:40:00+09:00,CMP-S01-L01-01,S01,S01-L01,1,running,180.4591,476.0221,99.7996,33.8199,-1.1132,B,relation-reasoning-agent-eval-v3.1
2026-09-04T09:40:00+09:00,CMP-S01-L02-01,S01,S01-L02,1,running,170.1232,393.4702,103.8745,36.6079,-0.4575,A,relation-reasoning-agent-eval-v3.1
2026-09-04T09:40:00+09:00,CMP-S01-L03-01,S01,S01-L03,1,running,177.0789,339.4936,114.0847,41.2642,0.1303,A,relation-reasoning-agent-eval-v3.1
2026-09-04T09:40:00+09:00,CMP-S01-L04-01,S01,S01-L04,1,running,152.5606,410.2796,100.1191,49.7128,1.8444,B,relation-reasoning-agent-eval-v3.1
2026-09-04T09:40:00+09:00,CMP-S01-L05-01,S01,S01-L05,1,running,148.4677,445.6611,96.8204,35.0327,-1.2055,B,relation-reasoning-agent-eval-v3.1
2026-09-04T09:50:00+09:00,CMP-S01-L01-01,S01,S01-L01,1,running,175.2663,489.6476,102.3469,37.762,-0.3832,A,relation-reasoning-agent-eval-v3.1
2026-09-04T09:50:00+09:00,CMP-S01-L02-01,S01,S01-L02,1,running,167.7681,410.0766,104.7832,34.1309,-0.9162,A,relation-reasoning-agent-eval-v3.1
2026-09-04T09:50:00+09:00,CMP-S01-L03-01,S01,S01-L03,1,running,171.1035,407.2717,115.2186,42.7609,0.4075,A,relation-reasoning-agent-eval-v3.1
2026-09-04T09:50:00+09:00,CMP-S01-L04-01,S01,S01-L04,1,running,158.4731,479.1712,104.3709,41.9407,0.4051,A,relation-reasoning-agent-eval-v3.1
2026-09-04T09:50:00+09:00,CMP-S01-L05-01,S01,S01-L05,1,running,179.0282,417.3802,102.2903,39.7429,-0.3333,A,relation-reasoning-agent-eval-v3.1
2026-09-04T10:00:00+09:00,CMP-S01-L01-01,S01,S01-L01,1,running,189.3147,440.3919,103.8022,42.9196,0.5719,A,relation-reasoning-agent-eval-v3.1
2026-09-04T10:00:00+09:00,CMP-S01-L02-01,S01,S01-L02,1,running,161.3979,472.0823,112.2902,39.3383,0.0481,A,relation-reasoning-agent-eval-v3.1
2026-09-04T10:00:00+09:00,CMP-S01-L03-01,S01,S01-L03,1,running,165.3201,396.4741,112.4072,42.7017,0.3965,A,relation-reasoning-agent-eval-v3.1
2026-09-04T10:00:00+09:00,CMP-S01-L04-01,S01,S01-L04,1,running,169.89,484.2029,103.5932,40.7532,0.1852,A,relation-reasoning-agent-eval-v3.1
2026-09-04T10:00:00+09:00,CMP-S01-L05-01,S01,S01-L05,1,running,176.6857,433.4843,98.8846,40.4605,-0.2004,A,relation-reasoning-agent-eval-v3.1
2026-09-04T10:10:00+09:00,CMP-S01-L01-01,S01,S01-L01,1,running,198.3388,456.1052,106.0459,46.7068,1.2732,B,relation-reasoning-agent-eval-v3.1
2026-09-04T10:10:00+09:00,CMP-S01-L02-01,S01,S01-L02,1,running,185.4817,443.1466,105.5916,39.2277,0.0277,A,relation-reasoning-agent-eval-v3.1
2026-09-04T10:10:00+09:00,CMP-S01-L03-01,S01,S01-L03,1,running,156.8651,462.7217,98.5293,44.5109,0.7316,A,relation-reasoning-agent-eval-v3.1
2026-09-04T10:10:00+09:00,CMP-S01-L04-01,S01,S01-L04,1,running,182.3412,441.0898,99.0788,40.2587,0.0936,A,relation-reasoning-agent-eval-v3.1
2026-09-04T10:10:00+09:00,CMP-S01-L05-01,S01,S01-L05,1,running,157.4188,402.3789,101.3373,41.7967,0.0471,A,relation-reasoning-agent-eval-v3.1
2026-09-04T10:20:00+09:00,CMP-S01-L01-01,S01,S01-L01,1,running,190.8282,422.6875,110.0611,36.8186,-0.5579,A,relation-reasoning-agent-eval-v3.1
2026-09-04T10:20:00+09:00,CMP-S01-L02-01,S01,S01-L02,1,running,190.9167,397.0769,104.1673,39.9326,0.1582,A,relation-reasoning-agent-eval-v3.1
2026-09-04T10:20:00+09:00,CMP-S01-L03-01,S01,S01-L03,1,running,162.6696,439.0931,96.5529,43.1792,0.4849,A,relation-reasoning-agent-eval-v3.1
2026-09-04T10:20:00+09:00,CMP-S01-L04-01,S01,S01-L04,1,running,190.3118,458.4634,94.9814,37.2283,-0.4675,A,relation-reasoning-agent-eval-v3.1
2026-09-04T10:20:00+09:00,CMP-S01-L05-01,S01,S01-L05,1,running,191.5902,472.2427,104.9394,38.833,-0.5018,A,relation-reasoning-agent-eval-v3.1
2026-09-04T10:30:00+09:00,CMP-S01-L01-01,S01,S01-L01,1,running,180.6337,455.0836,105.374,37.6791,-0.3985,A,relation-reasoning-agent-eval-v3.1
2026-09-04T10:30:00+09:00,CMP-S01-L02-01,S01,S01-L02,1,running,180.9943,426.8351,108.3491,41.9035,0.5232,A,relation-reasoning-agent-eval-v3.1
2026-09-04T10:30:00+09:00,CMP-S01-L03-01,S01,S01-L03,1,running,167.7153,421.4796,103.3042,37.548,-0.5579,A,relation-reasoning-agent-eval-v3.1
2026-09-04T10:30:00+09:00,CMP-S01-L04-01,S01,S01-L04,1,running,176.5405,423.8869,103.9065,45.442,1.0535,B,relation-reasoning-agent-eval-v3.1
2026-09-04T10:30:00+09:00,CMP-S01-L05-01,S01,S01-L05,1,running,185.5479,473.2372,102.2436,30.2291,-2.0951,C,relation-reasoning-agent-eval-v3.1
2026-09-04T10:40:00+09:00,CMP-S01-L01-01,S01,S01-L01,1,running,183.9914,526.6159,107.8366,41.1359,0.2416,A,relation-reasoning-agent-eval-v3.1
2026-09-04T10:40:00+09:00,CMP-S01-L02-01,S01,S01-L02,1,running,167.5399,393.7416,106.8174,44.9731,1.0916,B,relation-reasoning-agent-eval-v3.1
2026-09-04T10:40:00+09:00,CMP-S01-L03-01,S01,S01-L03,1,running,167.6356,376.8363,100.7849,35.6494,-0.9095,A,relation-reasoning-agent-eval-v3.1
2026-09-04T10:40:00+09:00,CMP-S01-L04-01,S01,S01-L04,1,running,202.3699,429.5155,102.8972,35.5931,-0.7704,A,relation-reasoning-agent-eval-v3.1
2026-09-04T10:40:00+09:00,CMP-S01-L05-01,S01,S01-L05,1,running,193.9762,440.8317,102.5107,38.5847,-0.5478,A,relation-reasoning-agent-eval-v3.1
2026-09-04T10:50:00+09:00,CMP-S01-L01-01,S01,S01-L01,1,running,165.7838,482.0948,102.872,48.4508,1.5962,B,relation-reasoning-agent-eval-v3.1
2026-09-04T10:50:00+09:00,CMP-S01-L02-01,S01,S01-L02,1,running,169.2131,407.6492,104.1221,50.391,2.0949,C,relation-reasoning-agent-eval-v3.1
2026-09-04T10:50:00+09:00,CMP-S01-L03-01,S01,S01-L03,1,running,159.5357,410.7729,100.5882,43.4157,0.5288,A,relation-reasoning-agent-eval-v3.1
2026-09-04T10:50:00+09:00,CMP-S01-L04-01,S01,S01-L04,1,running,219.2495,431.4438,105.1229,34.2117,-1.0262,B,relation-reasoning-agent-eval-v3.1
2026-09-04T10:50:00+09:00,CMP-S01-L05-01,S01,S01-L05,1,running,178.3265,432.9097,107.5292,41.3836,-0.0295,A,relation-reasoning-agent-eval-v3.1
2026-09-04T11:00:00+09:00,CMP-S01-L01-01,S01,S01-L01,1,running,174.7225,438.7739,108.1917,41.2617,0.2649,A,relation-reasoning-agent-eval-v3.1
2026-09-04T11:00:00+09:00,CMP-S01-L02-01,S01,S01-L02,1,running,166.1159,423.0947,106.2248,43.8781,0.8889,A,relation-reasoning-agent-eval-v3.1
2026-09-04T11:00:00+09:00,CMP-S01-L03-01,S01,S01-L03,1,running,163.954,469.9724,99.9086,45.1322,0.8466,A,relation-reasoning-agent-eval-v3.1
2026-09-04T11:00:00+09:00,CMP-S01-L04-01,S01,S01-L04,1,running,209.6735,468.4978,101.2368,27.359,-2.2952,C,relation-reasoning-agent-eval-v3.1
2026-09-04T11:00:00+09:00,CMP-S01-L05-01,S01,S01-L05,1,running,175.529,429.2267,102.446,47.1533,1.039,B,relation-reasoning-agent-eval-v3.1
2026-09-04T11:10:00+09:00,CMP-S01-L01-01,S01,S01-L01,1,running,177.6291,434.0862,109.0855,39.1915,-0.1185,A,relation-reasoning-agent-eval-v3.1
2026-09-04T11:10:00+09:00,CMP-S01-L02-01,S01,S01-L02,1,running,152.6393,456.5528,108.4382,38.286,-0.1467,A,relation-reasoning-agent-eval-v3.1
2026-09-04T11:10:00+09:00,CMP-S01-L03-01,S01,S01-L03,1,running,161.9957,439.7863,99.0025,43.738,0.5884,A,relation-reasoning-agent-eval-v3.1
2026-09-04T11:10:00+09:00,CMP-S01-L04-01,S01,S01-L04,1,running,200.3826,404.748,102.0798,33.2951,-1.1959,B,relation-reasoning-agent-eval-v3.1
2026-09-04T11:10:00+09:00,CMP-S01-L05-01,S01,S01-L05,1,running,171.7947,453.2066,106.9123,44.6068,0.5674,A,relation-reasoning-agent-eval-v3.1
2026-09-04T11:20:00+09:00,CMP-S01-L01-01,S01,S01-L01,1,running,186.349,458.2069,105.0735,38.3712,-0.2704,A,relation-reasoning-agent-eval-v3.1
2026-09-04T11:20:00+09:00,CMP-S01-L02-01,S01,S01-L02,1,running,158.3027,427.9263,99.5199,43.9947,0.9104,A,relation-reasoning-agent-eval-v3.1
2026-09-04T11:20:00+09:00,CMP-S01-L03-01,S01,S01-L03,1,running,150.405,450.3629,108.4649,43.3422,0.5151,A,relation-reasoning-agent-eval-v3.1
2026-09-04T11:20:00+09:00,CMP-S01-L04-01,S01,S01-L04,1,running,192.2058,432.133,102.3565,30.3784,-1.7361,B,relation-reasoning-agent-eval-v3.1
2026-09-04T11:20:00+09:00,CMP-S01-L05-01,S01,S01-L05,1,running,185.2104,423.6782,102.1444,41.3358,-0.0383,A,relation-reasoning-agent-eval-v3.1
2026-09-04T11:30:00+09:00,CMP-S01-L01-01,S01,S01-L01,1,running,185.7694,474.0157,98.257,41.4698,0.3034,A,relation-reasoning-agent-eval-v3.1
2026-09-04T11:30:00+09:00,CMP-S01-L02-01,S01,S01-L02,1,running,164.0622,462.822,104.2923,43.1936,0.7621,A,relation-reasoning-agent-eval-v3.1
2026-09-04T11:30:00+09:00,CMP-S01-L03-01,S01,S01-L03,1,running,148.4946,467.1084,107.4513,39.6391,-0.1706,A,relation-reasoning-agent-eval-v3.1
2026-09-04T11:30:00+09:00,CMP-S01-L04-01,S01,S01-L04,1,running,189.3666,491.4044,97.0262,34.5782,-0.9583,A,relation-reasoning-agent-eval-v3.1
2026-09-04T11:30:00+09:00,CMP-S01-L05-01,S01,S01-L05,1,running,178.7643,444.6209,102.8889,50.485,1.656,B,relation-reasoning-agent-eval-v3.1
2026-09-04T11:40:00+09:00,CMP-S01-L01-01,S01,S01-L01,1,running,180.8228,490.055,96.7841,41.566,0.3213,A,relation-reasoning-agent-eval-v3.1
2026-09-04T11:40:00+09:00,CMP-S01-L02-01,S01,S01-L02,1,running,161.5049,440.5539,109.0646,40.377,0.2405,A,relation-reasoning-agent-eval-v3.1
2026-09-04T11:40:00+09:00,CMP-S01-L03-01,S01,S01-L03,1,running,150.0512,450.7983,108.1896,41.1603,0.1111,A,relation-reasoning-agent-eval-v3.1
2026-09-04T11:40:00+09:00,CMP-S01-L04-01,S01,S01-L04,1,running,195.3534,416.045,93.7877,40.9391,0.2196,A,relation-reasoning-agent-eval-v3.1
2026-09-04T11:40:00+09:00,CMP-S01-L05-01,S01,S01-L05,1,running,157.3831,432.0795,100.2308,47.2837,1.0632,B,relation-reasoning-agent-eval-v3.1
2026-09-04T11:50:00+09:00,CMP-S01-L01-01,S01,S01-L01,1,running,166.9346,484.4134,96.4239,38.015,-0.3363,A,relation-reasoning-agent-eval-v3.1
2026-09-04T11:50:00+09:00,CMP-S01-L02-01,S01,S01-L02,1,running,167.9757,431.7498,105.8742,41.6114,0.4691,A,relation-reasoning-agent-eval-v3.1
2026-09-04T11:50:00+09:00,CMP-S01-L03-01,S01,S01-L03,1,running,141.4058,395.8129,109.1818,37.0226,-0.6552,A,relation-reasoning-agent-eval-v3.1
2026-09-04T11:50:00+09:00,CMP-S01-L04-01,S01,S01-L04,1,running,176.6428,490.4446,86.0644,40.4413,0.1274,A,relation-reasoning-agent-eval-v3.1
2026-09-04T11:50:00+09:00,CMP-S01-L05-01,S01,S01-L05,1,running,169.2736,431.2091,97.0366,43.9008,0.4367,A,relation-reasoning-agent-eval-v3.1
2026-09-04T12:00:00+09:00,CMP-S01-L01-01,S01,S01-L01,1,running,165.0999,465.2986,87.4572,38.0864,-0.3231,A,relation-reasoning-agent-eval-v3.1
2026-09-04T12:00:00+09:00,CMP-S01-L02-01,S01,S01-L02,1,running,170.9581,452.6126,107.1046,34.5869,-0.8317,A,relation-reasoning-agent-eval-v3.1
2026-09-04T12:00:00+09:00,CMP-S01-L03-01,S01,S01-L03,1,running,162.407,383.4468,109.1107,36.7259,-0.7101,A,relation-reasoning-agent-eval-v3.1
2026-09-04T12:00:00+09:00,CMP-S01-L04-01,S01,S01-L04,1,running,185.3848,513.9144,97.4656,39.3312,-0.0781,A,relation-reasoning-agent-eval-v3.1
2026-09-04T12:00:00+09:00,CMP-S01-L05-01,S01,S01-L05,1,running,162.844,444.7462,94.7595,42.1126,0.1055,A,relation-reasoning-agent-eval-v3.1
2026-09-04T12:10:00+09:00,CMP-S01-L01-01,S01,S01-L01,1,running,185.7485,439.7066,91.4773,38.3578,-0.2729,A,relation-reasoning-agent-eval-v3.1
2026-09-04T12:10:00+09:00,CMP-S01-L02-01,S01,S01-L02,1,running,189.6342,422.5256,99.0585,45.5749,1.2031,B,relation-reasoning-agent-eval-v3.1
2026-09-04T12:10:00+09:00,CMP-S01-L03-01,S01,S01-L03,1,running,151.8667,401.5635,112.5126,35.8654,-0.8695,A,relation-reasoning-agent-eval-v3.1
2026-09-04T12:10:00+09:00,CMP-S01-L04-01,S01,S01-L04,1,running,177.4127,523.6305,97.1375,42.2496,0.4623,A,relation-reasoning-agent-eval-v3.1
2026-09-04T12:10:00+09:00,CMP-S01-L05-01,S01,S01-L05,1,running,168.4183,387.7841,93.9328,41.7975,0.0472,A,relation-reasoning-agent-eval-v3.1
2026-09-04T12:20:00+09:00,CMP-S01-L01-01,S01,S01-L01,1,running,187.7051,434.5241,94.1495,30.6528,-1.6997,B,relation-reasoning-agent-eval-v3.1
2026-09-04T12:20:00+09:00,CMP-S01-L02-01,S01,S01-L02,1,running,181.7879,422.6959,95.2736,41.7258,0.4903,A,relation-reasoning-agent-eval-v3.1
2026-09-04T12:20:00+09:00,CMP-S01-L03-01,S01,S01-L03,1,running,151.8209,398.1465,105.0332,35.9656,-0.8509,A,relation-reasoning-agent-eval-v3.1
2026-09-04T12:20:00+09:00,CMP-S01-L04-01,S01,S01-L04,1,running,180.667,516.1082,103.0868,35.1563,-0.8513,A,relation-reasoning-agent-eval-v3.1
2026-09-04T12:20:00+09:00,CMP-S01-L05-01,S01,S01-L05,1,running,167.1019,400.629,87.1812,39.2787,-0.4192,A,relation-reasoning-agent-eval-v3.1
2026-09-04T12:30:00+09:00,CMP-S01-L01-01,S01,S01-L01,1,running,176.413,451.8235,91.0525,26.7727,-2.4182,C,relation-reasoning-agent-eval-v3.1
2026-09-04T12:30:00+09:00,CMP-S01-L02-01,S01,S01-L02,1,running,191.3519,437.1584,90.2448,34.7818,-0.7956,A,relation-reasoning-agent-eval-v3.1
2026-09-04T12:30:00+09:00,CMP-S01-L03-01,S01,S01-L03,1,running,176.2113,410.6455,98.0509,37.5431,-0.5588,A,relation-reasoning-agent-eval-v3.1
2026-09-04T12:30:00+09:00,CMP-S01-L04-01,S01,S01-L04,1,running,175.0327,515.2536,102.652,38.9655,-0.1459,A,relation-reasoning-agent-eval-v3.1
2026-09-04T12:30:00+09:00,CMP-S01-L05-01,S01,S01-L05,1,running,166.6851,405.5253,80.7213,43.3803,0.3403,A,relation-reasoning-agent-eval-v3.1
2026-09-04T12:40:00+09:00,CMP-S01-L01-01,S01,S01-L01,1,running,174.5539,431.2691,95.9238,32.655,-1.3289,B,relation-reasoning-agent-eval-v3.1
2026-09-04T12:40:00+09:00,CMP-S01-L02-01,S01,S01-L02,1,running,187.9145,395.5504,102.4972,34.9448,-0.7655,A,relation-reasoning-agent-eval-v3.1
2026-09-04T12:40:00+09:00,CMP-S01-L03-01,S01,S01-L03,1,running,150.8387,394.2216,102.3479,36.8017,-0.6961,A,relation-reasoning-agent-eval-v3.1
2026-09-04T12:40:00+09:00,CMP-S01-L04-01,S01,S01-L04,1,running,163.524,547.9764,99.5652,36.7004,-0.5653,A,relation-reasoning-agent-eval-v3.1
2026-09-04T12:40:00+09:00,CMP-S01-L05-01,S01,S01-L05,1,running,157.3512,382.2634,90.5831,35.3952,-1.1384,B,relation-reasoning-agent-eval-v3.1
2026-09-04T12:50:00+09:00,CMP-S01-L01-01,S01,S01-L01,1,running,182.4856,490.1044,97.0615,33.4682,-1.1783,B,relation-reasoning-agent-eval-v3.1
2026-09-04T12:50:00+09:00,CMP-S01-L02-01,S01,S01-L02,1,running,172.0351,425.5117,98.9567,39.4997,0.078,A,relation-reasoning-agent-eval-v3.1
2026-09-04T12:50:00+09:00,CMP-S01-L03-01,S01,S01-L03,1,running,162.2125,406.2767,102.4622,46.7961,1.1548,B,relation-reasoning-agent-eval-v3.1
2026-09-04T12:50:00+09:00,CMP-S01-L04-01,S01,S01-L04,1,running,157.4283,566.65,96.9093,36.1175,-0.6732,A,relation-reasoning-agent-eval-v3.1
2026-09-04T12:50:00+09:00,CMP-S01-L05-01,S01,S01-L05,1,running,176.1144,361.2972,91.8893,29.1526,-2.2944,C,relation-reasoning-agent-eval-v3.1
2026-09-04T13:00:00+09:00,CMP-S01-L01-01,S01,S01-L01,1,running,171.4738,455.7566,105.5811,39.2704,-0.1039,A,relation-reasoning-agent-eval-v3.1
2026-09-04T13:00:00+09:00,CMP-S01-L02-01,S01,S01-L02,1,running,175.6338,440.2742,93.3758,40.2916,0.2247,A,relation-reasoning-agent-eval-v3.1
2026-09-04T13:00:00+09:00,CMP-S01-L03-01,S01,S01-L03,1,running,166.5905,428.4857,93.4779,53.0335,2.3098,C,relation-reasoning-agent-eval-v3.1
2026-09-04T13:00:00+09:00,CMP-S01-L04-01,S01,S01-L04,1,running,171.0902,571.4626,100.1898,31.0596,-1.6099,B,relation-reasoning-agent-eval-v3.1
2026-09-04T13:00:00+09:00,CMP-S01-L05-01,S01,S01-L05,1,running,194.1885,351.8256,90.5371,33.3462,-1.5179,B,relation-reasoning-agent-eval-v3.1
2026-09-04T13:10:00+09:00,CMP-S01-L01-01,S01,S01-L01,1,running,178.8071,449.342,105.7447,40.2222,0.0724,A,relation-reasoning-agent-eval-v3.1
2026-09-04T13:10:00+09:00,CMP-S01-L02-01,S01,S01-L02,1,running,181.0203,471.6165,96.1585,38.8442,-0.0433,A,relation-reasoning-agent-eval-v3.1
2026-09-04T13:10:00+09:00,CMP-S01-L03-01,S01,S01-L03,1,running,159.911,418.7425,95.7902,50.1972,1.7846,B,relation-reasoning-agent-eval-v3.1
2026-09-04T13:10:00+09:00,CMP-S01-L04-01,S01,S01-L04,1,running,175.2159,520.9593,108.7529,30.9548,-1.6293,B,relation-reasoning-agent-eval-v3.1
2026-09-04T13:10:00+09:00,CMP-S01-L05-01,S01,S01-L05,1,running,182.7767,379.2144,88.1718,30.0029,-2.137,C,relation-reasoning-agent-eval-v3.1
2026-09-04T13:20:00+09:00,CMP-S01-L01-01,S01,S01-L01,1,running,169.2473,498.603,103.6227,39.5125,-0.059,A,relation-reasoning-agent-eval-v3.1
2026-09-04T13:20:00+09:00,CMP-S01-L02-01,S01,S01-L02,1,running,179.6286,435.2704,103.889,39.6123,0.0989,A,relation-reasoning-agent-eval-v3.1
2026-09-04T13:20:00+09:00,CMP-S01-L03-01,S01,S01-L03,1,running,163.6253,391.9043,96.6755,46.0305,1.013,B,relation-reasoning-agent-eval-v3.1
2026-09-04T13:20:00+09:00,CMP-S01-L04-01,S01,S01-L04,1,running,171.1914,540.421,113.5001,33.6267,-1.1345,B,relation-reasoning-agent-eval-v3.1
2026-09-04T13:20:00+09:00,CMP-S01-L05-01,S01,S01-L05,1,running,189.4918,379.9257,89.7216,34.0724,-1.3834,B,relation-reasoning-agent-eval-v3.1
2026-09-04T13:30:00+09:00,CMP-S01-L01-01,S01,S01-L01,1,running,173.8629,490.9189,106.1371,47.408,1.4031,B,relation-reasoning-agent-eval-v3.1
2026-09-04T13:30:00+09:00,CMP-S01-L02-01,S01,S01-L02,1,running,177.563,423.9508,99.9946,43.4051,0.8013,A,relation-reasoning-agent-eval-v3.1
2026-09-04T13:30:00+09:00,CMP-S01-L03-01,S01,S01-L03,1,running,158.8484,460.6302,100.2684,41.0892,0.0979,A,relation-reasoning-agent-eval-v3.1
2026-09-04T13:30:00+09:00,CMP-S01-L04-01,S01,S01-L04,1,running,162.8072,538.8108,109.8238,31.2111,-1.5819,B,relation-reasoning-agent-eval-v3.1
2026-09-04T13:30:00+09:00,CMP-S01-L05-01,S01,S01-L05,1,running,159.8313,425.1676,92.464,38.3448,-0.5922,A,relation-reasoning-agent-eval-v3.1
2026-09-04T13:40:00+09:00,CMP-S01-L01-01,S01,S01-L01,1,running,175.2296,473.2754,108.4722,45.7331,1.0929,B,relation-reasoning-agent-eval-v3.1
2026-09-04T13:40:00+09:00,CMP-S01-L02-01,S01,S01-L02,1,running,166.2927,441.8756,97.0146,39.405,0.0605,A,relation-reasoning-agent-eval-v3.1
2026-09-04T13:40:00+09:00,CMP-S01-L03-01,S01,S01-L03,1,running,153.1046,453.1458,100.6615,40.9546,0.073,A,relation-reasoning-agent-eval-v3.1
2026-09-04T13:40:00+09:00,CMP-S01-L04-01,S01,S01-L04,1,running,148.9392,511.2013,115.2818,35.2832,-0.8278,A,relation-reasoning-agent-eval-v3.1
2026-09-04T13:40:00+09:00,CMP-S01-L05-01,S01,S01-L05,1,running,149.2825,434.3194,94.088,32.8884,-1.6026,B,relation-reasoning-agent-eval-v3.1
2026-09-04T13:50:00+09:00,CMP-S01-L01-01,S01,S01-L01,1,running,174.0133,490.9067,103.1435,44.8462,0.9287,A,relation-reasoning-agent-eval-v3.1
2026-09-04T13:50:00+09:00,CMP-S01-L02-01,S01,S01-L02,1,running,154.4913,411.6719,96.7548,32.7979,-1.163,B,relation-reasoning-agent-eval-v3.1
2026-09-04T13:50:00+09:00,CMP-S01-L03-01,S01,S01-L03,1,running,152.0819,454.2389,94.1848,42.1525,0.2948,A,relation-reasoning-agent-eval-v3.1
2026-09-04T13:50:00+09:00,CMP-S01-L04-01,S01,S01-L04,1,running,147.1389,459.3128,108.34,34.4034,-0.9907,A,relation-reasoning-agent-eval-v3.1
2026-09-04T13:50:00+09:00,CMP-S01-L05-01,S01,S01-L05,1,running,146.7147,470.9699,90.6073,32.7148,-1.6348,B,relation-reasoning-agent-eval-v3.1
2026-09-04T14:00:00+09:00,CMP-S01-L01-01,S01,S01-L01,1,running,158.1374,499.8476,110.0067,40.6574,0.153,A,relation-reasoning-agent-eval-v3.1
2026-09-04T14:00:00+09:00,CMP-S01-L02-01,S01,S01-L02,1,running,159.9116,419.1071,97.0755,30.2879,-1.6278,B,relation-reasoning-agent-eval-v3.1
2026-09-04T14:00:00+09:00,CMP-S01-L03-01,S01,S01-L03,1,running,166.5712,473.1625,98.4409,36.0244,-0.84,A,relation-reasoning-agent-eval-v3.1
2026-09-04T14:00:00+09:00,CMP-S01-L04-01,S01,S01-L04,1,running,170.6463,419.9103,104.2656,39.1415,-0.1133,A,relation-reasoning-agent-eval-v3.1
2026-09-04T14:00:00+09:00,CMP-S01-L05-01,S01,S01-L05,1,running,162.7758,455.1603,95.4938,38.9404,-0.4819,A,relation-reasoning-agent-eval-v3.1
2026-09-04T14:10:00+09:00,CMP-S01-L01-01,S01,S01-L01,1,running,164.3211,464.0542,103.3659,42.8898,0.5664,A,relation-reasoning-agent-eval-v3.1
2026-09-04T14:10:00+09:00,CMP-S01-L02-01,S01,S01-L02,1,running,171.9847,459.7958,99.4049,34.4736,-0.8527,A,relation-reasoning-agent-eval-v3.1
2026-09-04T14:10:00+09:00,CMP-S01-L03-01,S01,S01-L03,1,running,160.9017,488.6782,95.8097,33.4744,-1.3122,B,relation-reasoning-agent-eval-v3.1
2026-09-04T14:10:00+09:00,CMP-S01-L04-01,S01,S01-L04,1,running,175.2002,470.3516,101.4982,43.8847,0.7651,A,relation-reasoning-agent-eval-v3.1
2026-09-04T14:10:00+09:00,CMP-S01-L05-01,S01,S01-L05,1,running,166.9729,443.4448,92.238,32.684,-1.6405,B,relation-reasoning-agent-eval-v3.1
2026-09-04T14:20:00+09:00,CMP-S01-L01-01,S01,S01-L01,1,running,167.0117,482.4579,97.8435,43.1398,0.6127,A,relation-reasoning-agent-eval-v3.1
2026-09-04T14:20:00+09:00,CMP-S01-L02-01,S01,S01-L02,1,running,174.9324,464.2313,105.5632,32.4282,-1.2315,B,relation-reasoning-agent-eval-v3.1
2026-09-04T14:20:00+09:00,CMP-S01-L03-01,S01,S01-L03,1,running,145.1399,421.3104,107.4078,28.9321,-2.1534,C,relation-reasoning-agent-eval-v3.1
2026-09-04T14:20:00+09:00,CMP-S01-L04-01,S01,S01-L04,1,running,175.6909,503.7404,98.6984,50.5592,2.0011,C,relation-reasoning-agent-eval-v3.1
2026-09-04T14:20:00+09:00,CMP-S01-L05-01,S01,S01-L05,1,running,160.862,468.1327,89.1201,38.575,-0.5496,A,relation-reasoning-agent-eval-v3.1
2026-09-04T14:30:00+09:00,CMP-S01-L01-01,S01,S01-L01,1,running,179.7891,487.723,97.7675,43.9093,0.7552,A,relation-reasoning-agent-eval-v3.1
2026-09-04T14:30:00+09:00,CMP-S01-L02-01,S01,S01-L02,1,running,161.7225,491.1992,97.5101,33.5876,-1.0168,B,relation-reasoning-agent-eval-v3.1
2026-09-04T14:30:00+09:00,CMP-S01-L03-01,S01,S01-L03,1,running,160.7968,435.9185,109.5453,32.0191,-1.5817,B,relation-reasoning-agent-eval-v3.1
2026-09-04T14:30:00+09:00,CMP-S01-L04-01,S01,S01-L04,1,running,179.8485,508.0619,103.3813,48.1744,1.5595,B,relation-reasoning-agent-eval-v3.1
2026-09-04T14:30:00+09:00,CMP-S01-L05-01,S01,S01-L05,1,running,171.1569,425.5959,85.0024,42.3446,0.1485,A,relation-reasoning-agent-eval-v3.1
2026-09-04T14:40:00+09:00,CMP-S01-L01-01,S01,S01-L01,1,running,182.1061,484.2022,103.8147,45.5924,1.0669,B,relation-reasoning-agent-eval-v3.1
2026-09-04T14:40:00+09:00,CMP-S01-L02-01,S01,S01-L02,1,running,175.5476,426.1625,95.9655,41.8613,0.5154,A,relation-reasoning-agent-eval-v3.1
2026-09-04T14:40:00+09:00,CMP-S01-L03-01,S01,S01-L03,1,running,166.8847,427.1616,107.7008,34.3003,-1.1593,B,relation-reasoning-agent-eval-v3.1
2026-09-04T14:40:00+09:00,CMP-S01-L04-01,S01,S01-L04,1,running,182.2412,514.6362,99.2806,47.4499,1.4253,B,relation-reasoning-agent-eval-v3.1
2026-09-04T14:40:00+09:00,CMP-S01-L05-01,S01,S01-L05,1,running,182.9101,490.9382,98.6181,48.9893,1.379,B,relation-reasoning-agent-eval-v3.1
2026-09-04T14:50:00+09:00,CMP-S01-L01-01,S01,S01-L01,1,running,179.0455,419.8296,108.1415,51.8563,2.2269,C,relation-reasoning-agent-eval-v3.1
2026-09-04T14:50:00+09:00,CMP-S01-L02-01,S01,S01-L02,1,running,173.6266,447.9005,99.5544,40.1901,0.2059,A,relation-reasoning-agent-eval-v3.1
2026-09-04T14:50:00+09:00,CMP-S01-L03-01,S01,S01-L03,1,running,177.1846,417.4614,107.0152,41.4199,0.1592,A,relation-reasoning-agent-eval-v3.1
2026-09-04T14:50:00+09:00,CMP-S01-L04-01,S01,S01-L04,1,running,187.0549,447.5352,97.1373,47.5363,1.4413,B,relation-reasoning-agent-eval-v3.1
2026-09-04T14:50:00+09:00,CMP-S01-L05-01,S01,S01-L05,1,running,185.8661,506.5897,99.8315,46.8942,0.991,A,relation-reasoning-agent-eval-v3.1
2026-09-04T15:00:00+09:00,CMP-S01-L01-01,S01,S01-L01,1,running,185.2855,448.2977,104.22,53.535,2.5377,C,relation-reasoning-agent-eval-v3.1
2026-09-04T15:00:00+09:00,CMP-S01-L02-01,S01,S01-L02,1,running,174.6852,461.6282,97.8166,38.4943,-0.1082,A,relation-reasoning-agent-eval-v3.1
2026-09-04T15:00:00+09:00,CMP-S01-L03-01,S01,S01-L03,1,running,173.2542,419.6088,106.7171,43.6803,0.5777,A,relation-reasoning-agent-eval-v3.1
2026-09-04T15:00:00+09:00,CMP-S01-L04-01,S01,S01-L04,1,running,195.0265,476.1258,94.373,50.6228,2.0129,C,relation-reasoning-agent-eval-v3.1
2026-09-04T15:00:00+09:00,CMP-S01-L05-01,S01,S01-L05,1,running,173.2056,481.3512,103.2242,42.5337,0.1835,A,relation-reasoning-agent-eval-v3.1
2026-09-04T15:10:00+09:00,CMP-S01-L01-01,S01,S01-L01,1,running,196.927,448.6507,104.2152,46.9888,1.3255,B,relation-reasoning-agent-eval-v3.1
2026-09-04T15:10:00+09:00,CMP-S01-L02-01,S01,S01-L02,1,running,187.9353,462.6637,95.5458,35.9158,-0.5857,A,relation-reasoning-agent-eval-v3.1
2026-09-04T15:10:00+09:00,CMP-S01-L03-01,S01,S01-L03,1,running,148.3444,410.7897,100.9321,41.8245,0.2341,A,relation-reasoning-agent-eval-v3.1
2026-09-04T15:10:00+09:00,CMP-S01-L04-01,S01,S01-L04,1,running,175.9758,465.6552,94.471,47.8779,1.5046,B,relation-reasoning-agent-eval-v3.1
2026-09-04T15:10:00+09:00,CMP-S01-L05-01,S01,S01-L05,1,running,179.2433,500.109,96.8404,38.2023,-0.6186,A,relation-reasoning-agent-eval-v3.1
2026-09-04T15:20:00+09:00,CMP-S01-L01-01,S01,S01-L01,1,running,201.3948,461.2292,91.8775,44.524,0.869,A,relation-reasoning-agent-eval-v3.1
2026-09-04T15:20:00+09:00,CMP-S01-L02-01,S01,S01-L02,1,running,191.9756,430.4753,98.8077,31.5484,-1.3944,B,relation-reasoning-agent-eval-v3.1
2026-09-04T15:20:00+09:00,CMP-S01-L03-01,S01,S01-L03,1,running,137.8954,379.4657,97.3756,46.9486,1.183,B,relation-reasoning-agent-eval-v3.1
2026-09-04T15:20:00+09:00,CMP-S01-L04-01,S01,S01-L04,1,running,167.1868,445.4328,105.4134,45.027,0.9766,A,relation-reasoning-agent-eval-v3.1
2026-09-04T15:20:00+09:00,CMP-S01-L05-01,S01,S01-L05,1,running,192.2292,502.1147,96.0352,39.5004,-0.3782,A,relation-reasoning-agent-eval-v3.1
2026-09-04T15:30:00+09:00,CMP-S01-L01-01,S01,S01-L01,1,running,192.6514,440.2689,101.9965,49.9389,1.8718,B,relation-reasoning-agent-eval-v3.1
2026-09-04T15:30:00+09:00,CMP-S01-L02-01,S01,S01-L02,1,running,162.1899,482.8599,100.5549,34.7812,-0.7958,A,relation-reasoning-agent-eval-v3.1
2026-09-04T15:30:00+09:00,CMP-S01-L03-01,S01,S01-L03,1,running,142.7608,409.4674,100.4114,44.2156,0.6769,A,relation-reasoning-agent-eval-v3.1
2026-09-04T15:30:00+09:00,CMP-S01-L04-01,S01,S01-L04,1,running,159.8271,407.49,106.0032,45.5003,1.0643,B,relation-reasoning-agent-eval-v3.1
2026-09-04T15:30:00+09:00,CMP-S01-L05-01,S01,S01-L05,1,running,186.117,448.6748,100.6898,33.9554,-1.405,B,relation-reasoning-agent-eval-v3.1
2026-09-04T15:40:00+09:00,CMP-S01-L01-01,S01,S01-L01,1,running,199.5235,473.3085,95.1131,50.7086,2.0143,C,relation-reasoning-agent-eval-v3.1
2026-09-04T15:40:00+09:00,CMP-S01-L02-01,S01,S01-L02,1,running,183.7577,490.0734,104.0531,37.7135,-0.2527,A,relation-reasoning-agent-eval-v3.1
2026-09-04T15:40:00+09:00,CMP-S01-L03-01,S01,S01-L03,1,running,144.2944,441.5005,103.0718,49.9324,1.7356,B,relation-reasoning-agent-eval-v3.1
2026-09-04T15:40:00+09:00,CMP-S01-L04-01,S01,S01-L04,1,running,166.6549,418.1913,103.6456,41.9515,0.4071,A,relation-reasoning-agent-eval-v3.1
2026-09-04T15:40:00+09:00,CMP-S01-L05-01,S01,S01-L05,1,running,159.6345,499.7921,98.722,31.9356,-1.7791,B,relation-reasoning-agent-eval-v3.1
2026-09-04T15:50:00+09:00,CMP-S01-L01-01,S01,S01-L01,1,running,204.2578,468.1777,89.6217,47.261,1.3759,B,relation-reasoning-agent-eval-v3.1
2026-09-04T15:50:00+09:00,CMP-S01-L02-01,S01,S01-L02,1,running,196.737,463.6,100.0471,38.3502,-0.1348,A,relation-reasoning-agent-eval-v3.1
2026-09-04T15:50:00+09:00,CMP-S01-L03-01,S01,S01-L03,1,running,134.0387,442.1696,100.6377,46.5839,1.1155,B,relation-reasoning-agent-eval-v3.1
2026-09-04T15:50:00+09:00,CMP-S01-L04-01,S01,S01-L04,1,running,166.4544,391.6715,104.2347,44.8056,0.9357,A,relation-reasoning-agent-eval-v3.1
2026-09-04T15:50:00+09:00,CMP-S01-L05-01,S01,S01-L05,1,running,156.9391,507.3176,100.7391,39.093,-0.4536,A,relation-reasoning-agent-eval-v3.1
2026-09-04T16:00:00+09:00,CMP-S01-L01-01,S01,S01-L01,1,running,185.7753,465.1032,91.5022,48.5387,1.6125,B,relation-reasoning-agent-eval-v3.1
2026-09-04T16:00:00+09:00,CMP-S01-L02-01,S01,S01-L02,1,running,193.1542,430.9211,104.2593,39.6139,0.0992,A,relation-reasoning-agent-eval-v3.1
2026-09-04T16:00:00+09:00,CMP-S01-L03-01,S01,S01-L03,1,running,147.7695,449.3069,99.7627,42.9949,0.4508,A,relation-reasoning-agent-eval-v3.1
2026-09-04T16:00:00+09:00,CMP-S01-L04-01,S01,S01-L04,1,running,158.2813,430.7217,105.2506,46.4138,1.2335,B,relation-reasoning-agent-eval-v3.1
2026-09-04T16:00:00+09:00,CMP-S01-L05-01,S01,S01-L05,1,running,148.6177,484.6449,97.2313,42.4427,0.1667,A,relation-reasoning-agent-eval-v3.1
2026-09-04T16:10:00+09:00,CMP-S01-L01-01,S01,S01-L01,1,running,189.9953,483.7295,85.362,44.9406,0.9462,A,relation-reasoning-agent-eval-v3.1
2026-09-04T16:10:00+09:00,CMP-S01-L02-01,S01,S01-L02,1,running,196.7174,396.8181,108.5844,40.0533,0.1806,A,relation-reasoning-agent-eval-v3.1
2026-09-04T16:10:00+09:00,CMP-S01-L03-01,S01,S01-L03,1,running,166.0227,421.1699,96.6498,44.3868,0.7086,A,relation-reasoning-agent-eval-v3.1
2026-09-04T16:10:00+09:00,CMP-S01-L04-01,S01,S01-L04,1,running,173.5258,397.883,111.6621,45.1949,1.0077,B,relation-reasoning-agent-eval-v3.1
2026-09-04T16:10:00+09:00,CMP-S01-L05-01,S01,S01-L05,1,running,158.6251,479.8762,95.3177,38.1861,-0.6216,A,relation-reasoning-agent-eval-v3.1
2026-09-04T16:20:00+09:00,CMP-S01-L01-01,S01,S01-L01,1,running,185.5831,507.4742,90.3293,46.3663,1.2102,B,relation-reasoning-agent-eval-v3.1
2026-09-04T16:20:00+09:00,CMP-S01-L02-01,S01,S01-L02,1,running,185.8378,387.059,101.8652,38.6413,-0.0809,A,relation-reasoning-agent-eval-v3.1
2026-09-04T16:20:00+09:00,CMP-S01-L03-01,S01,S01-L03,1,running,155.2962,401.9511,96.5212,45.139,0.8479,A,relation-reasoning-agent-eval-v3.1
2026-09-04T16:20:00+09:00,CMP-S01-L04-01,S01,S01-L04,1,running,189.98,441.6617,111.277,43.8903,0.7662,A,relation-reasoning-agent-eval-v3.1
2026-09-04T16:20:00+09:00,CMP-S01-L05-01,S01,S01-L05,1,running,155.9051,443.0373,94.0811,39.0,-0.4709,A,relation-reasoning-agent-eval-v3.1
2026-09-04T16:30:00+09:00,CMP-S01-L01-01,S01,S01-L01,1,running,179.5346,466.411,94.6593,45.591,1.0666,B,relation-reasoning-agent-eval-v3.1
2026-09-04T16:30:00+09:00,CMP-S01-L02-01,S01,S01-L02,1,running,176.4319,417.9625,105.774,37.447,-0.3021,A,relation-reasoning-agent-eval-v3.1
2026-09-04T16:30:00+09:00,CMP-S01-L03-01,S01,S01-L03,1,running,151.9945,443.0678,104.543,42.4843,0.3563,A,relation-reasoning-agent-eval-v3.1
2026-09-04T16:30:00+09:00,CMP-S01-L04-01,S01,S01-L04,1,running,184.4097,439.0102,107.6444,35.7229,-0.7463,A,relation-reasoning-agent-eval-v3.1
2026-09-04T16:30:00+09:00,CMP-S01-L05-01,S01,S01-L05,1,running,145.6914,447.2923,99.7116,45.6897,0.768,A,relation-reasoning-agent-eval-v3.1
2026-09-04T16:40:00+09:00,CMP-S01-L01-01,S01,S01-L01,1,running,170.306,465.0816,93.1204,52.3755,2.323,C,relation-reasoning-agent-eval-v3.1
2026-09-04T16:40:00+09:00,CMP-S01-L02-01,S01,S01-L02,1,running,171.6314,443.4772,103.1187,35.7602,-0.6145,A,relation-reasoning-agent-eval-v3.1
2026-09-04T16:40:00+09:00,CMP-S01-L03-01,S01,S01-L03,1,running,135.3117,459.0908,100.4702,44.6964,0.7659,A,relation-reasoning-agent-eval-v3.1
2026-09-04T16:40:00+09:00,CMP-S01-L04-01,S01,S01-L04,1,running,196.8208,409.4827,107.2444,36.3251,-0.6348,A,relation-reasoning-agent-eval-v3.1
2026-09-04T16:40:00+09:00,CMP-S01-L05-01,S01,S01-L05,1,running,163.5939,463.6711,105.2788,43.8001,0.418,A,relation-reasoning-agent-eval-v3.1
2026-09-04T16:50:00+09:00,CMP-S01-L01-01,S01,S01-L01,1,running,155.5694,495.3062,96.974,50.5205,1.9795,B,relation-reasoning-agent-eval-v3.1
2026-09-04T16:50:00+09:00,CMP-S01-L02-01,S01,S01-L02,1,running,162.5943,428.223,107.4651,39.0566,-0.004,A,relation-reasoning-agent-eval-v3.1
2026-09-04T16:50:00+09:00,CMP-S01-L03-01,S01,S01-L03,1,running,154.3657,415.8557,88.9028,36.8453,-0.688,A,relation-reasoning-agent-eval-v3.1
2026-09-04T16:50:00+09:00,CMP-S01-L04-01,S01,S01-L04,1,running,188.4762,404.1183,103.8061,37.5415,-0.4095,A,relation-reasoning-agent-eval-v3.1
2026-09-04T16:50:00+09:00,CMP-S01-L05-01,S01,S01-L05,1,running,151.2431,505.7571,106.4438,44.7947,0.6022,A,relation-reasoning-agent-eval-v3.1
2026-09-04T17:00:00+09:00,CMP-S01-L01-01,S01,S01-L01,1,running,162.1132,447.869,89.3138,50.196,1.9194,B,relation-reasoning-agent-eval-v3.1
2026-09-04T17:00:00+09:00,CMP-S01-L02-01,S01,S01-L02,1,running,166.7048,400.2525,96.6426,37.8786,-0.2222,A,relation-reasoning-agent-eval-v3.1
2026-09-04T17:00:00+09:00,CMP-S01-L03-01,S01,S01-L03,1,running,147.2013,406.7019,98.0271,37.2027,-0.6218,A,relation-reasoning-agent-eval-v3.1
2026-09-04T17:00:00+09:00,CMP-S01-L04-01,S01,S01-L04,1,running,167.6982,418.1098,107.3932,33.8251,-1.0978,B,relation-reasoning-agent-eval-v3.1
2026-09-04T17:00:00+09:00,CMP-S01-L05-01,S01,S01-L05,1,running,156.4949,479.2713,105.6543,41.8538,0.0576,A,relation-reasoning-agent-eval-v3.1
2026-09-04T17:10:00+09:00,CMP-S01-L01-01,S01,S01-L01,1,running,152.5675,479.5381,93.8126,45.7937,1.1042,B,relation-reasoning-agent-eval-v3.1
2026-09-04T17:10:00+09:00,CMP-S01-L02-01,S01,S01-L02,1,running,179.3695,389.3922,101.674,38.8995,-0.0331,A,relation-reasoning-agent-eval-v3.1
2026-09-04T17:10:00+09:00,CMP-S01-L03-01,S01,S01-L03,1,running,176.739,409.5275,96.7597,40.5321,-0.0053,A,relation-reasoning-agent-eval-v3.1
2026-09-04T17:10:00+09:00,CMP-S01-L04-01,S01,S01-L04,1,running,191.4691,398.2431,106.0575,32.6599,-1.3136,B,relation-reasoning-agent-eval-v3.1
2026-09-04T17:10:00+09:00,CMP-S01-L05-01,S01,S01-L05,1,running,149.8912,466.568,105.0669,41.3939,-0.0275,A,relation-reasoning-agent-eval-v3.1
2026-09-04T17:20:00+09:00,CMP-S01-L01-01,S01,S01-L01,1,running,164.5674,492.5199,95.9453,40.8155,0.1823,A,relation-reasoning-agent-eval-v3.1
2026-09-04T17:20:00+09:00,CMP-S01-L02-01,S01,S01-L02,1,running,176.6236,385.3504,103.8629,40.1601,0.2003,A,relation-reasoning-agent-eval-v3.1
2026-09-04T17:20:00+09:00,CMP-S01-L03-01,S01,S01-L03,1,running,163.2599,424.9855,95.0879,43.8896,0.6165,A,relation-reasoning-agent-eval-v3.1
2026-09-04T17:20:00+09:00,CMP-S01-L04-01,S01,S01-L04,1,running,185.6672,434.5212,103.6908,37.075,-0.4959,A,relation-reasoning-agent-eval-v3.1
2026-09-04T17:20:00+09:00,CMP-S01-L05-01,S01,S01-L05,1,running,155.0457,442.852,101.0538,37.1476,-0.8139,A,relation-reasoning-agent-eval-v3.1
2026-09-04T17:30:00+09:00,CMP-S01-L01-01,S01,S01-L01,1,running,156.8111,564.2777,96.252,40.2542,0.0783,A,relation-reasoning-agent-eval-v3.1
2026-09-04T17:30:00+09:00,CMP-S01-L02-01,S01,S01-L02,1,running,174.533,402.0725,98.391,41.1709,0.3875,A,relation-reasoning-agent-eval-v3.1
2026-09-04T17:30:00+09:00,CMP-S01-L03-01,S01,S01-L03,1,running,165.8141,402.5086,100.5952,39.4308,-0.2092,A,relation-reasoning-agent-eval-v3.1
2026-09-04T17:30:00+09:00,CMP-S01-L04-01,S01,S01-L04,1,running,194.2173,403.6129,105.443,43.9131,0.7704,A,relation-reasoning-agent-eval-v3.1
2026-09-04T17:30:00+09:00,CMP-S01-L05-01,S01,S01-L05,1,running,148.3028,439.0414,101.1016,40.8322,-0.1316,A,relation-reasoning-agent-eval-v3.1
2026-09-04T17:40:00+09:00,CMP-S01-L01-01,S01,S01-L01,1,running,147.7176,557.3902,93.3919,35.2064,-0.8565,A,relation-reasoning-agent-eval-v3.1
2026-09-04T17:40:00+09:00,CMP-S01-L02-01,S01,S01-L02,1,running,163.4403,372.5225,97.1684,40.9408,0.3449,A,relation-reasoning-agent-eval-v3.1
2026-09-04T17:40:00+09:00,CMP-S01-L03-01,S01,S01-L03,1,running,165.5682,384.1391,102.2837,36.4458,-0.762,A,relation-reasoning-agent-eval-v3.1
2026-09-04T17:40:00+09:00,CMP-S01-L04-01,S01,S01-L04,1,running,181.1797,425.43,100.6643,39.2892,-0.0859,A,relation-reasoning-agent-eval-v3.1
2026-09-04T17:40:00+09:00,CMP-S01-L05-01,S01,S01-L05,1,running,163.4463,448.3987,101.8625,42.1214,0.1072,A,relation-reasoning-agent-eval-v3.1
2026-09-04T17:50:00+09:00,CMP-S01-L01-01,S01,S01-L01,1,running,148.6613,534.3937,93.4931,30.0344,-1.8142,B,relation-reasoning-agent-eval-v3.1
2026-09-04T17:50:00+09:00,CMP-S01-L02-01,S01,S01-L02,1,running,160.4792,391.3342,99.8433,36.4455,-0.4876,A,relation-reasoning-agent-eval-v3.1
2026-09-04T17:50:00+09:00,CMP-S01-L03-01,S01,S01-L03,1,running,151.7615,426.5793,112.6319,41.8689,0.2423,A,relation-reasoning-agent-eval-v3.1
2026-09-04T17:50:00+09:00,CMP-S01-L04-01,S01,S01-L04,1,running,174.0899,471.3965,99.9223,37.1304,-0.4857,A,relation-reasoning-agent-eval-v3.1
2026-09-04T17:50:00+09:00,CMP-S01-L05-01,S01,S01-L05,1,running,171.7558,435.1191,105.6881,47.912,1.1795,B,relation-reasoning-agent-eval-v3.1
2026-09-04T18:00:00+09:00,CMP-S01-L01-01,S01,S01-L01,1,running,149.2362,485.0162,91.5136,29.4445,-1.9235,B,relation-reasoning-agent-eval-v3.1
2026-09-04T18:00:00+09:00,CMP-S01-L02-01,S01,S01-L02,1,running,174.2363,387.5639,99.2754,36.9934,-0.3861,A,relation-reasoning-agent-eval-v3.1
2026-09-04T18:00:00+09:00,CMP-S01-L03-01,S01,S01-L03,1,running,173.5289,455.5231,102.982,35.7503,-0.8908,A,relation-reasoning-agent-eval-v3.1
2026-09-04T18:00:00+09:00,CMP-S01-L04-01,S01,S01-L04,1,running,160.7571,464.4861,108.1044,35.0939,-0.8628,A,relation-reasoning-agent-eval-v3.1
2026-09-04T18:00:00+09:00,CMP-S01-L05-01,S01,S01-L05,1,running,176.0279,458.4919,104.9147,53.944,2.2965,C,relation-reasoning-agent-eval-v3.1
2026-09-04T18:10:00+09:00,CMP-S01-L01-01,S01,S01-L01,1,running,154.8426,509.2011,93.7926,30.3589,-1.7541,B,relation-reasoning-agent-eval-v3.1
2026-09-04T18:10:00+09:00,CMP-S01-L02-01,S01,S01-L02,1,running,171.6283,363.0603,108.6305,43.4444,0.8085,A,relation-reasoning-agent-eval-v3.1
2026-09-04T18:10:00+09:00,CMP-S01-L03-01,S01,S01-L03,1,running,168.7854,434.0233,103.3667,41.7008,0.2112,A,relation-reasoning-agent-eval-v3.1
2026-09-04T18:10:00+09:00,CMP-S01-L04-01,S01,S01-L04,1,running,156.1198,438.0575,100.4918,39.1009,-0.1208,A,relation-reasoning-agent-eval-v3.1
2026-09-04T18:10:00+09:00,CMP-S01-L05-01,S01,S01-L05,1,running,163.6901,455.1688,100.5286,51.9388,1.9252,B,relation-reasoning-agent-eval-v3.1
2026-09-04T18:20:00+09:00,CMP-S01-L01-01,S01,S01-L01,1,running,162.6811,516.0156,95.4057,33.0421,-1.2573,B,relation-reasoning-agent-eval-v3.1
2026-09-04T18:20:00+09:00,CMP-S01-L02-01,S01,S01-L02,1,running,160.9661,403.0758,113.7194,52.2521,2.4396,C,relation-reasoning-agent-eval-v3.1
2026-09-04T18:20:00+09:00,CMP-S01-L03-01,S01,S01-L03,1,running,175.2451,437.5307,107.5927,48.1363,1.4029,B,relation-reasoning-agent-eval-v3.1
2026-09-04T18:20:00+09:00,CMP-S01-L04-01,S01,S01-L04,1,running,167.5145,484.7696,97.0654,35.5793,-0.7729,A,relation-reasoning-agent-eval-v3.1
2026-09-04T18:20:00+09:00,CMP-S01-L05-01,S01,S01-L05,1,running,161.3864,431.0518,97.2362,45.5349,0.7393,A,relation-reasoning-agent-eval-v3.1
2026-09-04T18:30:00+09:00,CMP-S01-L01-01,S01,S01-L01,1,running,177.2205,530.6147,96.1578,36.6662,-0.5861,A,relation-reasoning-agent-eval-v3.1
2026-09-04T18:30:00+09:00,CMP-S01-L02-01,S01,S01-L02,1,running,183.2505,404.9774,110.8638,47.984,1.6492,B,relation-reasoning-agent-eval-v3.1
2026-09-04T18:30:00+09:00,CMP-S01-L03-01,S01,S01-L03,1,running,168.4328,437.4844,101.974,49.7339,1.6988,B,relation-reasoning-agent-eval-v3.1
2026-09-04T18:30:00+09:00,CMP-S01-L04-01,S01,S01-L04,1,running,179.9258,441.9927,96.1953,38.0292,-0.3192,A,relation-reasoning-agent-eval-v3.1
2026-09-04T18:30:00+09:00,CMP-S01-L05-01,S01,S01-L05,1,running,156.3064,401.3977,98.4855,38.3902,-0.5838,A,relation-reasoning-agent-eval-v3.1
2026-09-04T18:40:00+09:00,CMP-S01-L01-01,S01,S01-L01,1,running,172.152,494.4073,95.1012,32.5692,-1.3448,B,relation-reasoning-agent-eval-v3.1
2026-09-04T18:40:00+09:00,CMP-S01-L02-01,S01,S01-L02,1,running,170.5408,373.0854,99.1359,45.6305,1.2134,B,relation-reasoning-agent-eval-v3.1
2026-09-04T18:40:00+09:00,CMP-S01-L03-01,S01,S01-L03,1,running,177.0695,445.9925,98.8525,49.103,1.5819,B,relation-reasoning-agent-eval-v3.1
2026-09-04T18:40:00+09:00,CMP-S01-L04-01,S01,S01-L04,1,running,177.7872,502.1515,93.5576,37.4015,-0.4355,A,relation-reasoning-agent-eval-v3.1
2026-09-04T18:40:00+09:00,CMP-S01-L05-01,S01,S01-L05,1,running,142.256,414.1607,99.9336,33.0788,-1.5674,B,relation-reasoning-agent-eval-v3.1
2026-09-04T18:50:00+09:00,CMP-S01-L01-01,S01,S01-L01,1,running,171.1645,467.9758,98.4338,32.2803,-1.3983,B,relation-reasoning-agent-eval-v3.1
2026-09-04T18:50:00+09:00,CMP-S01-L02-01,S01,S01-L02,1,running,163.0759,347.5348,107.5674,45.8605,1.256,B,relation-reasoning-agent-eval-v3.1
2026-09-04T18:50:00+09:00,CMP-S01-L03-01,S01,S01-L03,1,running,156.4092,433.2443,96.2393,47.368,1.2606,B,relation-reasoning-agent-eval-v3.1
2026-09-04T18:50:00+09:00,CMP-S01-L04-01,S01,S01-L04,1,running,187.8219,509.3692,94.3056,33.3821,-1.1798,B,relation-reasoning-agent-eval-v3.1
2026-09-04T18:50:00+09:00,CMP-S01-L05-01,S01,S01-L05,1,running,156.0702,404.8233,106.7806,36.0092,-1.0247,B,relation-reasoning-agent-eval-v3.1
2026-09-04T19:00:00+09:00,CMP-S01-L01-01,S01,S01-L01,1,running,178.5102,481.9234,91.416,28.2339,-2.1477,C,relation-reasoning-agent-eval-v3.1
2026-09-04T19:00:00+09:00,CMP-S01-L02-01,S01,S01-L02,1,running,168.3906,333.5916,101.7062,43.6719,0.8507,A,relation-reasoning-agent-eval-v3.1
2026-09-04T19:00:00+09:00,CMP-S01-L03-01,S01,S01-L03,1,running,156.4061,451.944,100.3308,49.0224,1.567,B,relation-reasoning-agent-eval-v3.1
2026-09-04T19:00:00+09:00,CMP-S01-L04-01,S01,S01-L04,1,running,182.4006,459.6158,94.4099,28.9463,-2.0013,C,relation-reasoning-agent-eval-v3.1
2026-09-04T19:00:00+09:00,CMP-S01-L05-01,S01,S01-L05,1,running,173.335,393.6037,106.4368,40.4674,-0.1991,A,relation-reasoning-agent-eval-v3.1
2026-09-04T19:10:00+09:00,CMP-S01-L01-01,S01,S01-L01,1,running,177.7993,496.8137,93.1042,29.3336,-1.944,B,relation-reasoning-agent-eval-v3.1
2026-09-04T19:10:00+09:00,CMP-S01-L02-01,S01,S01-L02,1,running,182.0919,355.9341,100.8809,43.7354,0.8624,A,relation-reasoning-agent-eval-v3.1
2026-09-04T19:10:00+09:00,CMP-S01-L03-01,S01,S01-L03,1,running,163.6944,431.5517,96.8063,47.8961,1.3584,B,relation-reasoning-agent-eval-v3.1
2026-09-04T19:10:00+09:00,CMP-S01-L04-01,S01,S01-L04,1,running,189.8363,472.0714,93.298,40.5726,0.1518,A,relation-reasoning-agent-eval-v3.1
2026-09-04T19:10:00+09:00,CMP-S01-L05-01,S01,S01-L05,1,running,161.3478,381.6118,108.1801,41.4404,-0.0189,A,relation-reasoning-agent-eval-v3.1
2026-09-04T19:20:00+09:00,CMP-S01-L01-01,S01,S01-L01,1,running,181.8289,473.9789,103.2117,35.1041,-0.8754,A,relation-reasoning-agent-eval-v3.1
2026-09-04T19:20:00+09:00,CMP-S01-L02-01,S01,S01-L02,1,running,188.2011,404.9131,94.6151,38.0854,-0.1839,A,relation-reasoning-agent-eval-v3.1
2026-09-04T19:20:00+09:00,CMP-S01-L03-01,S01,S01-L03,1,running,154.2638,397.1601,94.0892,42.4065,0.3419,A,relation-reasoning-agent-eval-v3.1
2026-09-04T19:20:00+09:00,CMP-S01-L04-01,S01,S01-L04,1,running,184.2238,568.1773,94.3169,43.2786,0.6529,A,relation-reasoning-agent-eval-v3.1
2026-09-04T19:20:00+09:00,CMP-S01-L05-01,S01,S01-L05,1,running,165.0426,407.8091,106.45,46.7864,0.9711,A,relation-reasoning-agent-eval-v3.1
2026-09-04T19:30:00+09:00,CMP-S01-L01-01,S01,S01-L01,1,running,174.7634,465.9449,99.7916,34.1401,-1.0539,B,relation-reasoning-agent-eval-v3.1
2026-09-04T19:30:00+09:00,CMP-S01-L02-01,S01,S01-L02,1,running,183.6687,425.7139,97.9673,33.9625,-0.9474,A,relation-reasoning-agent-eval-v3.1
2026-09-04T19:30:00+09:00,CMP-S01-L03-01,S01,S01-L03,1,running,139.9547,387.8536,102.9694,46.3505,1.0722,B,relation-reasoning-agent-eval-v3.1
2026-09-04T19:30:00+09:00,CMP-S01-L04-01,S01,S01-L04,1,running,187.9482,543.7713,101.6357,45.9593,1.1493,B,relation-reasoning-agent-eval-v3.1
2026-09-04T19:30:00+09:00,CMP-S01-L05-01,S01,S01-L05,1,running,157.7857,400.0903,105.1049,41.9204,0.07,A,relation-reasoning-agent-eval-v3.1
2026-09-04T19:40:00+09:00,CMP-S01-L01-01,S01,S01-L01,1,running,193.7257,451.179,101.8272,32.514,-1.355,B,relation-reasoning-agent-eval-v3.1
2026-09-04T19:40:00+09:00,CMP-S01-L02-01,S01,S01-L02,1,running,177.7938,454.3654,105.0566,38.0647,-0.1877,A,relation-reasoning-agent-eval-v3.1
2026-09-04T19:40:00+09:00,CMP-S01-L03-01,S01,S01-L03,1,running,164.3501,401.5371,106.8398,51.2354,1.9768,B,relation-reasoning-agent-eval-v3.1
2026-09-04T19:40:00+09:00,CMP-S01-L04-01,S01,S01-L04,1,running,168.0216,530.5112,103.8475,33.4808,-1.1615,B,relation-reasoning-agent-eval-v3.1
2026-09-04T19:40:00+09:00,CMP-S01-L05-01,S01,S01-L05,1,running,163.9775,392.7027,102.8046,45.4392,0.7216,A,relation-reasoning-agent-eval-v3.1
2026-09-04T19:50:00+09:00,CMP-S01-L01-01,S01,S01-L01,1,running,184.6851,471.5565,97.8472,33.0769,-1.2508,B,relation-reasoning-agent-eval-v3.1
2026-09-04T19:50:00+09:00,CMP-S01-L02-01,S01,S01-L02,1,running,184.2166,505.243,106.8675,33.9492,-0.9498,A,relation-reasoning-agent-eval-v3.1
2026-09-04T19:50:00+09:00,CMP-S01-L03-01,S01,S01-L03,1,running,168.2892,442.5119,115.5988,50.9153,1.9176,B,relation-reasoning-agent-eval-v3.1
2026-09-04T19:50:00+09:00,CMP-S01-L04-01,S01,S01-L04,1,running,158.8314,513.5201,99.4363,36.1194,-0.6729,A,relation-reasoning-agent-eval-v3.1
2026-09-04T19:50:00+09:00,CMP-S01-L05-01,S01,S01-L05,1,running,157.7068,431.9956,100.2773,40.9883,-0.1027,A,relation-reasoning-agent-eval-v3.1
2026-09-04T20:00:00+09:00,CMP-S01-L01-01,S01,S01-L01,1,running,184.2654,465.4759,91.0629,38.0991,-0.3208,A,relation-reasoning-agent-eval-v3.1
2026-09-04T20:00:00+09:00,CMP-S01-L02-01,S01,S01-L02,1,running,176.2934,498.3615,107.7026,32.6647,-1.1877,B,relation-reasoning-agent-eval-v3.1
2026-09-04T20:00:00+09:00,CMP-S01-L03-01,S01,S01-L03,1,running,153.8856,397.6517,118.427,44.9323,0.8096,A,relation-reasoning-agent-eval-v3.1
2026-09-04T20:00:00+09:00,CMP-S01-L04-01,S01,S01-L04,1,running,179.0967,481.9405,99.561,42.0728,0.4296,A,relation-reasoning-agent-eval-v3.1
2026-09-04T20:00:00+09:00,CMP-S01-L05-01,S01,S01-L05,1,running,166.0276,454.0961,92.5761,43.2147,0.3096,A,relation-reasoning-agent-eval-v3.1
2026-09-04T20:10:00+09:00,CMP-S01-L01-01,S01,S01-L01,1,running,184.3039,521.615,98.3537,44.9191,0.9422,A,relation-reasoning-agent-eval-v3.1
2026-09-04T20:10:00+09:00,CMP-S01-L02-01,S01,S01-L02,1,running,158.7843,468.1075,109.2187,36.0244,-0.5655,A,relation-reasoning-agent-eval-v3.1
2026-09-04T20:10:00+09:00,CMP-S01-L03-01,S01,S01-L03,1,running,173.918,403.4439,106.0013,42.4497,0.3499,A,relation-reasoning-agent-eval-v3.1
2026-09-04T20:10:00+09:00,CMP-S01-L04-01,S01,S01-L04,1,running,182.6869,451.1902,98.8819,44.3299,0.8476,A,relation-reasoning-agent-eval-v3.1
2026-09-04T20:10:00+09:00,CMP-S01-L05-01,S01,S01-L05,1,running,152.1559,467.8137,89.627,42.7718,0.2276,A,relation-reasoning-agent-eval-v3.1
2026-09-04T20:20:00+09:00,CMP-S01-L01-01,S01,S01-L01,1,running,179.4353,586.2002,94.1711,42.7856,0.5471,A,relation-reasoning-agent-eval-v3.1
2026-09-04T20:20:00+09:00,CMP-S01-L02-01,S01,S01-L02,1,running,161.9986,462.6039,111.8826,37.0902,-0.3682,A,relation-reasoning-agent-eval-v3.1
2026-09-04T20:20:00+09:00,CMP-S01-L03-01,S01,S01-L03,1,running,175.5959,363.3092,112.6521,43.104,0.471,A,relation-reasoning-agent-eval-v3.1
2026-09-04T20:20:00+09:00,CMP-S01-L04-01,S01,S01-L04,1,running,161.6141,474.5718,91.1405,42.4523,0.4999,A,relation-reasoning-agent-eval-v3.1
2026-09-04T20:20:00+09:00,CMP-S01-L05-01,S01,S01-L05,1,running,155.0896,464.942,92.521,47.1239,1.0336,B,relation-reasoning-agent-eval-v3.1
2026-09-04T20:30:00+09:00,CMP-S01-L01-01,S01,S01-L01,1,running,168.2451,552.929,89.5559,37.4096,-0.4485,A,relation-reasoning-agent-eval-v3.1
2026-09-04T20:30:00+09:00,CMP-S01-L02-01,S01,S01-L02,1,running,163.2925,494.8641,112.9753,35.2462,-0.7096,A,relation-reasoning-agent-eval-v3.1
2026-09-04T20:30:00+09:00,CMP-S01-L03-01,S01,S01-L03,1,running,166.0546,426.6078,107.6601,46.2927,1.0615,B,relation-reasoning-agent-eval-v3.1
2026-09-04T20:30:00+09:00,CMP-S01-L04-01,S01,S01-L04,1,running,165.0155,422.9898,93.0054,40.6618,0.1683,A,relation-reasoning-agent-eval-v3.1
2026-09-04T20:30:00+09:00,CMP-S01-L05-01,S01,S01-L05,1,running,183.2588,477.4348,94.5456,42.5437,0.1854,A,relation-reasoning-agent-eval-v3.1
2026-09-04T20:40:00+09:00,CMP-S01-L01-01,S01,S01-L01,1,running,181.5823,567.549,94.7905,39.0874,-0.1378,A,relation-reasoning-agent-eval-v3.1
2026-09-04T20:40:00+09:00,CMP-S01-L02-01,S01,S01-L02,1,running,171.6331,512.3032,112.59,41.3206,0.4152,A,relation-reasoning-agent-eval-v3.1
2026-09-04T20:40:00+09:00,CMP-S01-L03-01,S01,S01-L03,1,running,173.9801,442.2979,102.4395,46.9599,1.1851,B,relation-reasoning-agent-eval-v3.1
2026-09-04T20:40:00+09:00,CMP-S01-L04-01,S01,S01-L04,1,running,159.4727,459.4087,100.4009,46.3983,1.2306,B,relation-reasoning-agent-eval-v3.1
2026-09-04T20:40:00+09:00,CMP-S01-L05-01,S01,S01-L05,1,running,161.4218,411.3682,92.7704,45.4066,0.7155,A,relation-reasoning-agent-eval-v3.1
2026-09-04T20:50:00+09:00,CMP-S01-L01-01,S01,S01-L01,1,running,168.323,539.1575,89.6531,39.3137,-0.0958,A,relation-reasoning-agent-eval-v3.1
2026-09-04T20:50:00+09:00,CMP-S01-L02-01,S01,S01-L02,1,running,164.0811,504.8538,108.3478,40.49,0.2614,A,relation-reasoning-agent-eval-v3.1
2026-09-04T20:50:00+09:00,CMP-S01-L03-01,S01,S01-L03,1,running,165.8712,404.3357,105.3978,47.3687,1.2608,B,relation-reasoning-agent-eval-v3.1
2026-09-04T20:50:00+09:00,CMP-S01-L04-01,S01,S01-L04,1,running,173.4736,471.9914,100.9175,44.7124,0.9184,A,relation-reasoning-agent-eval-v3.1
2026-09-04T20:50:00+09:00,CMP-S01-L05-01,S01,S01-L05,1,running,171.9878,419.1845,94.9008,45.4789,0.7289,A,relation-reasoning-agent-eval-v3.1
2026-09-04T21:00:00+09:00,CMP-S01-L01-01,S01,S01-L01,1,running,174.4384,493.6519,95.8365,39.9793,0.0274,A,relation-reasoning-agent-eval-v3.1
2026-09-04T21:00:00+09:00,CMP-S01-L02-01,S01,S01-L02,1,running,149.7536,444.6125,105.3292,37.9898,-0.2016,A,relation-reasoning-agent-eval-v3.1
2026-09-04T21:00:00+09:00,CMP-S01-L03-01,S01,S01-L03,1,running,177.6251,466.3839,110.2452,45.8024,0.9707,A,relation-reasoning-agent-eval-v3.1
2026-09-04T21:00:00+09:00,CMP-S01-L04-01,S01,S01-L04,1,running,176.3409,432.1782,101.4528,40.2641,0.0946,A,relation-reasoning-agent-eval-v3.1
2026-09-04T21:00:00+09:00,CMP-S01-L05-01,S01,S01-L05,1,running,162.6616,440.1618,101.2635,45.2674,0.6898,A,relation-reasoning-agent-eval-v3.1
2026-09-04T21:10:00+09:00,CMP-S01-L01-01,S01,S01-L01,1,running,174.6418,480.4886,96.4565,40.1151,0.0526,A,relation-reasoning-agent-eval-v3.1
2026-09-04T21:10:00+09:00,CMP-S01-L02-01,S01,S01-L02,1,running,167.0438,440.1559,102.1526,40.0439,0.1788,A,relation-reasoning-agent-eval-v3.1
2026-09-04T21:10:00+09:00,CMP-S01-L03-01,S01,S01-L03,1,running,173.9992,494.207,107.0286,46.1042,1.0266,B,relation-reasoning-agent-eval-v3.1
2026-09-04T21:10:00+09:00,CMP-S01-L04-01,S01,S01-L04,1,running,164.9596,467.1319,95.9617,41.8434,0.3871,A,relation-reasoning-agent-eval-v3.1
2026-09-04T21:10:00+09:00,CMP-S01-L05-01,S01,S01-L05,1,running,156.4197,436.3555,99.2667,40.9999,-0.1005,A,relation-reasoning-agent-eval-v3.1
2026-09-04T21:20:00+09:00,CMP-S01-L01-01,S01,S01-L01,1,running,188.8844,457.4298,89.4886,41.626,0.3324,A,relation-reasoning-agent-eval-v3.1
2026-09-04T21:20:00+09:00,CMP-S01-L02-01,S01,S01-L02,1,running,177.6594,449.488,103.369,39.9714,0.1654,A,relation-reasoning-agent-eval-v3.1
2026-09-04T21:20:00+09:00,CMP-S01-L03-01,S01,S01-L03,1,running,180.0673,485.577,117.4242,45.7449,0.9601,A,relation-reasoning-agent-eval-v3.1
2026-09-04T21:20:00+09:00,CMP-S01-L04-01,S01,S01-L04,1,running,173.0548,482.4588,92.7341,38.9212,-0.1541,A,relation-reasoning-agent-eval-v3.1
2026-09-04T21:20:00+09:00,CMP-S01-L05-01,S01,S01-L05,1,running,155.8547,414.1289,98.2866,36.3343,-0.9645,A,relation-reasoning-agent-eval-v3.1
2026-09-04T21:30:00+09:00,CMP-S01-L01-01,S01,S01-L01,1,running,182.981,487.5679,97.7741,45.55,1.059,B,relation-reasoning-agent-eval-v3.1
2026-09-04T21:30:00+09:00,CMP-S01-L02-01,S01,S01-L02,1,running,175.5431,465.0787,109.958,44.2552,0.9587,A,relation-reasoning-agent-eval-v3.1
2026-09-04T21:30:00+09:00,CMP-S01-L03-01,S01,S01-L03,1,running,182.3368,481.6136,110.4119,49.6728,1.6875,B,relation-reasoning-agent-eval-v3.1
2026-09-04T21:30:00+09:00,CMP-S01-L04-01,S01,S01-L04,1,running,164.6949,520.1079,96.0468,41.8706,0.3921,A,relation-reasoning-agent-eval-v3.1
2026-09-04T21:30:00+09:00,CMP-S01-L05-01,S01,S01-L05,1,running,166.4234,458.1034,100.0458,37.2458,-0.7957,A,relation-reasoning-agent-eval-v3.1
2026-09-04T21:40:00+09:00,CMP-S01-L01-01,S01,S01-L01,1,running,178.857,475.4017,96.6152,54.0163,2.6269,C,relation-reasoning-agent-eval-v3.1
2026-09-04T21:40:00+09:00,CMP-S01-L02-01,S01,S01-L02,1,running,195.6321,438.0089,115.457,45.1293,1.1206,B,relation-reasoning-agent-eval-v3.1
2026-09-04T21:40:00+09:00,CMP-S01-L03-01,S01,S01-L03,1,running,181.1868,440.1328,107.4748,41.0923,0.0985,A,relation-reasoning-agent-eval-v3.1
2026-09-04T21:40:00+09:00,CMP-S01-L04-01,S01,S01-L04,1,running,143.2118,497.939,94.5341,39.2128,-0.1,A,relation-reasoning-agent-eval-v3.1
2026-09-04T21:40:00+09:00,CMP-S01-L05-01,S01,S01-L05,1,running,177.9747,448.4075,103.9538,33.4691,-1.4951,B,relation-reasoning-agent-eval-v3.1
2026-09-04T21:50:00+09:00,CMP-S01-L01-01,S01,S01-L01,1,running,181.7687,489.2196,91.6969,48.312,1.5705,B,relation-reasoning-agent-eval-v3.1
2026-09-04T21:50:00+09:00,CMP-S01-L02-01,S01,S01-L02,1,running,193.655,439.1797,111.2973,41.9563,0.533,A,relation-reasoning-agent-eval-v3.1
2026-09-04T21:50:00+09:00,CMP-S01-L03-01,S01,S01-L03,1,running,169.2162,459.3797,101.449,46.6608,1.1297,B,relation-reasoning-agent-eval-v3.1
2026-09-04T21:50:00+09:00,CMP-S01-L04-01,S01,S01-L04,1,running,160.4463,476.5609,98.1902,35.97,-0.7006,A,relation-reasoning-agent-eval-v3.1
2026-09-04T21:50:00+09:00,CMP-S01-L05-01,S01,S01-L05,1,running,179.9042,401.4625,106.1682,36.5218,-0.9298,A,relation-reasoning-agent-eval-v3.1
2026-09-04T22:00:00+09:00,CMP-S01-L01-01,S01,S01-L01,1,running,183.6078,453.3518,87.7454,48.5756,1.6193,B,relation-reasoning-agent-eval-v3.1
2026-09-04T22:00:00+09:00,CMP-S01-L02-01,S01,S01-L02,1,running,201.8652,410.9204,101.8737,44.7974,1.0591,B,relation-reasoning-agent-eval-v3.1
2026-09-04T22:00:00+09:00,CMP-S01-L03-01,S01,S01-L03,1,running,151.0728,475.8388,107.899,45.1045,0.8415,A,relation-reasoning-agent-eval-v3.1
2026-09-04T22:00:00+09:00,CMP-S01-L04-01,S01,S01-L04,1,running,161.2049,433.1102,105.1551,38.7711,-0.1818,A,relation-reasoning-agent-eval-v3.1
2026-09-04T22:00:00+09:00,CMP-S01-L05-01,S01,S01-L05,1,running,187.9623,414.4237,100.0861,31.825,-1.7996,B,relation-reasoning-agent-eval-v3.1
2026-09-04T22:10:00+09:00,CMP-S01-L01-01,S01,S01-L01,1,running,178.1252,418.2096,96.2847,48.3508,1.5777,B,relation-reasoning-agent-eval-v3.1
2026-09-04T22:10:00+09:00,CMP-S01-L02-01,S01,S01-L02,1,running,202.3023,382.1726,109.1315,40.6699,0.2948,A,relation-reasoning-agent-eval-v3.1
2026-09-04T22:10:00+09:00,CMP-S01-L03-01,S01,S01-L03,1,running,150.0246,437.4446,101.3607,54.2178,2.5291,C,relation-reasoning-agent-eval-v3.1
2026-09-04T22:10:00+09:00,CMP-S01-L04-01,S01,S01-L04,1,running,169.6941,459.3144,112.0487,30.1423,-1.7798,B,relation-reasoning-agent-eval-v3.1
2026-09-04T22:10:00+09:00,CMP-S01-L05-01,S01,S01-L05,1,running,177.2697,473.0149,98.1803,33.4552,-1.4977,B,relation-reasoning-agent-eval-v3.1
2026-09-04T22:20:00+09:00,CMP-S01-L01-01,S01,S01-L01,1,running,178.5906,394.5061,95.9291,43.9211,0.7574,A,relation-reasoning-agent-eval-v3.1
2026-09-04T22:20:00+09:00,CMP-S01-L02-01,S01,S01-L02,1,running,182.1739,386.3666,99.4332,40.4234,0.2491,A,relation-reasoning-agent-eval-v3.1
2026-09-04T22:20:00+09:00,CMP-S01-L03-01,S01,S01-L03,1,running,140.6611,447.2631,109.0886,53.8832,2.4672,C,relation-reasoning-agent-eval-v3.1
2026-09-04T22:20:00+09:00,CMP-S01-L04-01,S01,S01-L04,1,running,167.3106,428.2202,112.6897,39.0465,-0.1308,A,relation-reasoning-agent-eval-v3.1
2026-09-04T22:20:00+09:00,CMP-S01-L05-01,S01,S01-L05,1,running,192.6654,468.6721,94.828,37.4652,-0.7551,A,relation-reasoning-agent-eval-v3.1
2026-09-04T22:30:00+09:00,CMP-S01-L01-01,S01,S01-L01,1,running,197.529,425.0361,97.9927,38.9333,-0.1663,A,relation-reasoning-agent-eval-v3.1
2026-09-04T22:30:00+09:00,CMP-S01-L02-01,S01,S01-L02,1,running,169.4182,422.9329,103.9314,37.3774,-0.315,A,relation-reasoning-agent-eval-v3.1
2026-09-04T22:30:00+09:00,CMP-S01-L03-01,S01,S01-L03,1,running,151.1381,395.2905,107.5872,48.988,1.5606,B,relation-reasoning-agent-eval-v3.1
2026-09-04T22:30:00+09:00,CMP-S01-L04-01,S01,S01-L04,1,running,175.7269,457.3232,108.7539,37.734,-0.3739,A,relation-reasoning-agent-eval-v3.1
2026-09-04T22:30:00+09:00,CMP-S01-L05-01,S01,S01-L05,1,running,192.5781,458.1547,100.477,37.0414,-0.8336,A,relation-reasoning-agent-eval-v3.1
2026-09-04T22:40:00+09:00,CMP-S01-L01-01,S01,S01-L01,1,running,190.6076,456.2108,99.5459,41.283,0.2688,A,relation-reasoning-agent-eval-v3.1
2026-09-04T22:40:00+09:00,CMP-S01-L02-01,S01,S01-L02,1,running,157.2632,403.7491,109.066,36.6006,-0.4588,A,relation-reasoning-agent-eval-v3.1
2026-09-04T22:40:00+09:00,CMP-S01-L03-01,S01,S01-L03,1,running,162.1621,419.8038,100.9542,45.0803,0.837,A,relation-reasoning-agent-eval-v3.1
2026-09-04T22:40:00+09:00,CMP-S01-L04-01,S01,S01-L04,1,running,164.4425,431.586,102.5648,36.1874,-0.6603,A,relation-reasoning-agent-eval-v3.1
2026-09-04T22:40:00+09:00,CMP-S01-L05-01,S01,S01-L05,1,running,185.9307,481.8627,98.2469,36.1298,-1.0024,B,relation-reasoning-agent-eval-v3.1
2026-09-04T22:50:00+09:00,CMP-S01-L01-01,S01,S01-L01,1,running,197.6378,426.5316,103.2629,41.1133,0.2374,A,relation-reasoning-agent-eval-v3.1
2026-09-04T22:50:00+09:00,CMP-S01-L02-01,S01,S01-L02,1,running,170.318,398.3508,109.9472,40.125,0.1938,A,relation-reasoning-agent-eval-v3.1
2026-09-04T22:50:00+09:00,CMP-S01-L03-01,S01,S01-L03,1,running,162.4,446.8238,97.2284,45.6196,0.9369,A,relation-reasoning-agent-eval-v3.1
2026-09-04T22:50:00+09:00,CMP-S01-L04-01,S01,S01-L04,1,running,164.781,437.2107,98.8476,28.3634,-2.1092,C,relation-reasoning-agent-eval-v3.1
2026-09-04T22:50:00+09:00,CMP-S01-L05-01,S01,S01-L05,1,running,182.4011,481.61,104.1751,31.711,-1.8207,B,relation-reasoning-agent-eval-v3.1
2026-09-04T23:00:00+09:00,CMP-S01-L01-01,S01,S01-L01,1,running,198.8002,447.1479,100.3909,38.6607,-0.2168,A,relation-reasoning-agent-eval-v3.1
2026-09-04T23:00:00+09:00,CMP-S01-L02-01,S01,S01-L02,1,running,191.5098,420.7911,118.0427,50.67,2.1466,C,relation-reasoning-agent-eval-v3.1
2026-09-04T23:00:00+09:00,CMP-S01-L03-01,S01,S01-L03,1,running,177.4286,416.7708,97.6786,43.7991,0.5997,A,relation-reasoning-agent-eval-v3.1
2026-09-04T23:00:00+09:00,CMP-S01-L04-01,S01,S01-L04,1,running,178.487,423.0479,100.6442,41.1429,0.2574,A,relation-reasoning-agent-eval-v3.1
2026-09-04T23:00:00+09:00,CMP-S01-L05-01,S01,S01-L05,1,running,163.2242,491.9844,94.6555,37.9552,-0.6643,A,relation-reasoning-agent-eval-v3.1
2026-09-04T23:10:00+09:00,CMP-S01-L01-01,S01,S01-L01,1,running,176.4641,451.4308,102.7682,37.5265,-0.4268,A,relation-reasoning-agent-eval-v3.1
2026-09-04T23:10:00+09:00,CMP-S01-L02-01,S01,S01-L02,1,running,201.5022,424.039,116.1784,48.4969,1.7442,B,relation-reasoning-agent-eval-v3.1
2026-09-04T23:10:00+09:00,CMP-S01-L03-01,S01,S01-L03,1,running,167.9466,436.1506,100.6808,50.2203,1.7889,B,relation-reasoning-agent-eval-v3.1
2026-09-04T23:10:00+09:00,CMP-S01-L04-01,S01,S01-L04,1,running,173.144,407.4795,104.7601,42.6302,0.5328,A,relation-reasoning-agent-eval-v3.1
2026-09-04T23:10:00+09:00,CMP-S01-L05-01,S01,S01-L05,1,running,181.1006,495.5519,102.2007,44.0971,0.473,A,relation-reasoning-agent-eval-v3.1
2026-09-04T23:20:00+09:00,CMP-S01-L01-01,S01,S01-L01,1,running,179.3108,449.8838,99.9037,41.9335,0.3893,A,relation-reasoning-agent-eval-v3.1
2026-09-04T23:20:00+09:00,CMP-S01-L02-01,S01,S01-L02,1,running,166.1379,439.3806,111.519,44.9527,1.0879,B,relation-reasoning-agent-eval-v3.1
2026-09-04T23:20:00+09:00,CMP-S01-L03-01,S01,S01-L03,1,running,167.5377,443.3994,102.3875,56.1202,2.8814,C,relation-reasoning-agent-eval-v3.1
2026-09-04T23:20:00+09:00,CMP-S01-L04-01,S01,S01-L04,1,running,189.4446,424.583,104.2173,43.064,0.6131,A,relation-reasoning-agent-eval-v3.1
2026-09-04T23:20:00+09:00,CMP-S01-L05-01,S01,S01-L05,1,running,198.874,460.9264,102.0123,41.9765,0.0803,A,relation-reasoning-agent-eval-v3.1
2026-09-04T23:30:00+09:00,CMP-S01-L01-01,S01,S01-L01,1,running,157.357,435.5353,101.2174,44.2366,0.8158,A,relation-reasoning-agent-eval-v3.1
2026-09-04T23:30:00+09:00,CMP-S01-L02-01,S01,S01-L02,1,running,175.0418,472.3759,108.8793,40.2467,0.2164,A,relation-reasoning-agent-eval-v3.1
2026-09-04T23:30:00+09:00,CMP-S01-L03-01,S01,S01-L03,1,running,168.0649,452.5862,105.3721,53.5229,2.4004,C,relation-reasoning-agent-eval-v3.1
2026-09-04T23:30:00+09:00,CMP-S01-L04-01,S01,S01-L04,1,running,191.563,446.6142,106.4424,44.0093,0.7882,A,relation-reasoning-agent-eval-v3.1
2026-09-04T23:30:00+09:00,CMP-S01-L05-01,S01,S01-L05,1,running,185.6104,485.963,101.8572,39.1892,-0.4358,A,relation-reasoning-agent-eval-v3.1
2026-09-04T23:40:00+09:00,CMP-S01-L01-01,S01,S01-L01,1,running,147.6547,440.9797,107.824,40.9039,0.1986,A,relation-reasoning-agent-eval-v3.1
2026-09-04T23:40:00+09:00,CMP-S01-L02-01,S01,S01-L02,1,running,184.2234,482.6457,113.2401,32.1365,-1.2855,B,relation-reasoning-agent-eval-v3.1
2026-09-04T23:40:00+09:00,CMP-S01-L03-01,S01,S01-L03,1,running,169.102,451.4883,98.7753,46.3868,1.079,B,relation-reasoning-agent-eval-v3.1
2026-09-04T23:40:00+09:00,CMP-S01-L04-01,S01,S01-L04,1,running,192.1357,462.4883,107.0476,39.7542,0.0002,A,relation-reasoning-agent-eval-v3.1
2026-09-04T23:40:00+09:00,CMP-S01-L05-01,S01,S01-L05,1,running,173.4339,458.7566,97.9751,42.1479,0.1121,A,relation-reasoning-agent-eval-v3.1
2026-09-04T23:50:00+09:00,CMP-S01-L01-01,S01,S01-L01,1,running,146.3773,467.8689,109.5736,42.8603,0.5609,A,relation-reasoning-agent-eval-v3.1
2026-09-04T23:50:00+09:00,CMP-S01-L02-01,S01,S01-L02,1,running,176.9694,454.4912,113.8676,35.9348,-0.5821,A,relation-reasoning-agent-eval-v3.1
2026-09-04T23:50:00+09:00,CMP-S01-L03-01,S01,S01-L03,1,running,161.1018,409.0294,93.3383,44.633,0.7542,A,relation-reasoning-agent-eval-v3.1
2026-09-04T23:50:00+09:00,CMP-S01-L04-01,S01,S01-L04,1,running,190.0783,497.9028,101.3161,45.0655,0.9838,A,relation-reasoning-agent-eval-v3.1
2026-09-04T23:50:00+09:00,CMP-S01-L05-01,S01,S01-L05,1,running,172.4724,431.4901,99.5299,39.1411,-0.4447,A,relation-reasoning-agent-eval-v3.1
2026-09-05T00:00:00+09:00,CMP-S01-L01-01,S01,S01-L01,1,running,152.1895,484.9555,104.6137,43.0427,0.5947,A,relation-reasoning-agent-eval-v3.1
2026-09-05T00:00:00+09:00,CMP-S01-L02-01,S01,S01-L02,1,running,178.2286,493.92,112.8706,32.9333,-1.138,B,relation-reasoning-agent-eval-v3.1
2026-09-05T00:00:00+09:00,CMP-S01-L03-01,S01,S01-L03,1,running,145.7737,358.1948,92.8907,46.9081,1.1755,B,relation-reasoning-agent-eval-v3.1
2026-09-05T00:00:00+09:00,CMP-S01-L04-01,S01,S01-L04,1,running,182.2307,476.2414,98.2636,46.1954,1.193,B,relation-reasoning-agent-eval-v3.1
2026-09-05T00:00:00+09:00,CMP-S01-L05-01,S01,S01-L05,1,running,170.1989,452.5582,98.959,37.2687,-0.7915,A,relation-reasoning-agent-eval-v3.1
2026-09-05T00:10:00+09:00,CMP-S01-L01-01,S01,S01-L01,1,running,157.45,492.4691,98.5695,44.7894,0.9182,A,relation-reasoning-agent-eval-v3.1
2026-09-05T00:10:00+09:00,CMP-S01-L02-01,S01,S01-L02,1,running,176.864,495.6622,115.0614,42.6131,0.6546,A,relation-reasoning-agent-eval-v3.1
2026-09-05T00:10:00+09:00,CMP-S01-L03-01,S01,S01-L03,1,running,149.505,362.9447,99.9153,42.217,0.3068,A,relation-reasoning-agent-eval-v3.1
2026-09-05T00:10:00+09:00,CMP-S01-L04-01,S01,S01-L04,1,running,183.0682,445.1674,100.7941,44.1842,0.8206,A,relation-reasoning-agent-eval-v3.1
2026-09-05T00:10:00+09:00,CMP-S01-L05-01,S01,S01-L05,1,running,176.0268,394.5158,98.532,37.5087,-0.747,A,relation-reasoning-agent-eval-v3.1
2026-09-05T00:20:00+09:00,CMP-S01-L01-01,S01,S01-L01,1,running,159.4704,494.805,101.0991,46.6064,1.2547,B,relation-reasoning-agent-eval-v3.1
2026-09-05T00:20:00+09:00,CMP-S01-L02-01,S01,S01-L02,1,running,178.6693,504.5996,112.6943,38.1588,-0.1703,A,relation-reasoning-agent-eval-v3.1
2026-09-05T00:20:00+09:00,CMP-S01-L03-01,S01,S01-L03,1,running,153.0166,363.3747,103.5576,45.7793,0.9664,A,relation-reasoning-agent-eval-v3.1
2026-09-05T00:20:00+09:00,CMP-S01-L04-01,S01,S01-L04,1,running,179.7839,475.0872,104.4823,42.9209,0.5866,A,relation-reasoning-agent-eval-v3.1
2026-09-05T00:20:00+09:00,CMP-S01-L05-01,S01,S01-L05,1,running,166.847,417.9915,101.6992,37.2205,-0.8004,A,relation-reasoning-agent-eval-v3.1
2026-09-05T00:30:00+09:00,CMP-S01-L01-01,S01,S01-L01,1,running,161.6147,508.4867,103.1082,36.7109,-0.5778,A,relation-reasoning-agent-eval-v3.1
2026-09-05T00:30:00+09:00,CMP-S01-L02-01,S01,S01-L02,1,running,159.2248,477.2926,110.7371,38.4896,-0.109,A,relation-reasoning-agent-eval-v3.1
2026-09-05T00:30:00+09:00,CMP-S01-L03-01,S01,S01-L03,1,running,172.3659,349.4702,100.8482,43.4519,0.5355,A,relation-reasoning-agent-eval-v3.1
2026-09-05T00:30:00+09:00,CMP-S01-L04-01,S01,S01-L04,1,running,185.2274,506.5055,118.2835,42.0494,0.4252,A,relation-reasoning-agent-eval-v3.1
2026-09-05T00:30:00+09:00,CMP-S01-L05-01,S01,S01-L05,1,running,187.4722,389.5669,106.6214,34.0517,-1.3872,B,relation-reasoning-agent-eval-v3.1
2026-09-05T00:40:00+09:00,CMP-S01-L01-01,S01,S01-L01,1,running,171.8454,514.4408,100.1801,30.663,-1.6978,B,relation-reasoning-agent-eval-v3.1
2026-09-05T00:40:00+09:00,CMP-S01-L02-01,S01,S01-L02,1,running,158.6654,414.0521,110.4062,39.1441,0.0122,A,relation-reasoning-agent-eval-v3.1
2026-09-05T00:40:00+09:00,CMP-S01-L03-01,S01,S01-L03,1,running,160.716,372.0146,102.3011,44.9183,0.807,A,relation-reasoning-agent-eval-v3.1
2026-09-05T00:40:00+09:00,CMP-S01-L04-01,S01,S01-L04,1,running,183.9645,476.1873,118.7108,41.6931,0.3593,A,relation-reasoning-agent-eval-v3.1
2026-09-05T00:40:00+09:00,CMP-S01-L05-01,S01,S01-L05,1,running,169.6057,397.3254,111.5518,39.2941,-0.4164,A,relation-reasoning-agent-eval-v3.1
2026-09-05T00:50:00+09:00,CMP-S01-L01-01,S01,S01-L01,1,running,148.5533,562.0157,99.8359,29.5898,-1.8966,B,relation-reasoning-agent-eval-v3.1
2026-09-05T00:50:00+09:00,CMP-S01-L02-01,S01,S01-L02,1,running,160.5358,382.2836,110.207,35.935,-0.5821,A,relation-reasoning-agent-eval-v3.1
2026-09-05T00:50:00+09:00,CMP-S01-L03-01,S01,S01-L03,1,running,155.3536,327.6101,96.9809,44.6434,0.7561,A,relation-reasoning-agent-eval-v3.1
2026-09-05T00:50:00+09:00,CMP-S01-L04-01,S01,S01-L04,1,running,185.9167,468.0664,115.9523,38.9977,-0.1399,A,relation-reasoning-agent-eval-v3.1
2026-09-05T00:50:00+09:00,CMP-S01-L05-01,S01,S01-L05,1,running,168.3954,407.4274,105.6452,37.5084,-0.7471,A,relation-reasoning-agent-eval-v3.1
2026-09-05T01:00:00+09:00,CMP-S01-L01-01,S01,S01-L01,1,running,169.6864,527.6084,96.537,26.3285,-2.5005,C,relation-reasoning-agent-eval-v3.1
2026-09-05T01:00:00+09:00,CMP-S01-L02-01,S01,S01-L02,1,running,170.8798,378.0887,102.0233,34.8865,-0.7763,A,relation-reasoning-agent-eval-v3.1
2026-09-05T01:00:00+09:00,CMP-S01-L03-01,S01,S01-L03,1,running,160.8874,375.6186,95.9834,44.3497,0.7017,A,relation-reasoning-agent-eval-v3.1
2026-09-05T01:00:00+09:00,CMP-S01-L04-01,S01,S01-L04,1,running,167.7476,512.3904,110.7419,35.1603,-0.8505,A,relation-reasoning-agent-eval-v3.1
2026-09-05T01:00:00+09:00,CMP-S01-L05-01,S01,S01-L05,1,running,164.5456,363.9236,105.3591,39.5131,-0.3758,A,relation-reasoning-agent-eval-v3.1
2026-09-05T01:10:00+09:00,CMP-S01-L01-01,S01,S01-L01,1,running,175.6166,485.4975,94.5104,35.3243,-0.8346,A,relation-reasoning-agent-eval-v3.1
2026-09-05T01:10:00+09:00,CMP-S01-L02-01,S01,S01-L02,1,running,178.9055,398.3045,105.3323,37.231,-0.3421,A,relation-reasoning-agent-eval-v3.1
2026-09-05T01:10:00+09:00,CMP-S01-L03-01,S01,S01-L03,1,running,166.7397,379.4282,90.8804,46.6206,1.1223,B,relation-reasoning-agent-eval-v3.1
2026-09-05T01:10:00+09:00,CMP-S01-L04-01,S01,S01-L04,1,running,159.4645,556.0626,112.4523,35.6303,-0.7635,A,relation-reasoning-agent-eval-v3.1
2026-09-05T01:10:00+09:00,CMP-S01-L05-01,S01,S01-L05,1,running,172.9616,408.7333,105.1991,43.0844,0.2855,A,relation-reasoning-agent-eval-v3.1
2026-09-05T01:20:00+09:00,CMP-S01-L01-01,S01,S01-L01,1,running,195.0317,454.1717,96.9695,38.3384,-0.2765,A,relation-reasoning-agent-eval-v3.1
2026-09-05T01:20:00+09:00,CMP-S01-L02-01,S01,S01-L02,1,running,167.2311,427.3807,104.9737,41.0006,0.356,A,relation-reasoning-agent-eval-v3.1
2026-09-05T01:20:00+09:00,CMP-S01-L03-01,S01,S01-L03,1,running,190.9395,374.7652,99.2281,51.4499,2.0166,C,relation-reasoning-agent-eval-v3.1
2026-09-05T01:20:00+09:00,CMP-S01-L04-01,S01,S01-L04,1,running,159.4062,544.3223,108.0829,33.9658,-1.0717,B,relation-reasoning-agent-eval-v3.1
2026-09-05T01:20:00+09:00,CMP-S01-L05-01,S01,S01-L05,1,running,179.8858,425.4136,106.5299,43.4564,0.3544,A,relation-reasoning-agent-eval-v3.1
2026-09-05T01:30:00+09:00,CMP-S01-L01-01,S01,S01-L01,1,running,182.9983,476.9273,96.425,39.0171,-0.1508,A,relation-reasoning-agent-eval-v3.1
2026-09-05T01:30:00+09:00,CMP-S01-L02-01,S01,S01-L02,1,running,159.8014,385.3618,100.6675,43.4004,0.8004,A,relation-reasoning-agent-eval-v3.1
2026-09-05T01:30:00+09:00,CMP-S01-L03-01,S01,S01-L03,1,running,173.9151,390.759,100.547,48.7149,1.5101,B,relation-reasoning-agent-eval-v3.1
2026-09-05T01:30:00+09:00,CMP-S01-L04-01,S01,S01-L04,1,running,156.3615,473.8067,106.2263,35.3663,-0.8124,A,relation-reasoning-agent-eval-v3.1
2026-09-05T01:30:00+09:00,CMP-S01-L05-01,S01,S01-L05,1,running,159.3876,400.809,108.5315,45.5201,0.7366,A,relation-reasoning-agent-eval-v3.1
2026-09-05T01:40:00+09:00,CMP-S01-L01-01,S01,S01-L01,1,running,186.6554,460.6574,99.1737,40.7801,0.1757,A,relation-reasoning-agent-eval-v3.1
2026-09-05T01:40:00+09:00,CMP-S01-L02-01,S01,S01-L02,1,running,159.4653,414.8109,103.3559,39.5017,0.0784,A,relation-reasoning-agent-eval-v3.1
2026-09-05T01:40:00+09:00,CMP-S01-L03-01,S01,S01-L03,1,running,167.2652,393.5322,98.5426,46.3633,1.0746,B,relation-reasoning-agent-eval-v3.1
2026-09-05T01:40:00+09:00,CMP-S01-L04-01,S01,S01-L04,1,running,162.5039,475.5423,103.6293,39.6036,-0.0277,A,relation-reasoning-agent-eval-v3.1
2026-09-05T01:40:00+09:00,CMP-S01-L05-01,S01,S01-L05,1,running,181.6927,430.9029,104.3216,46.4273,0.9046,A,relation-reasoning-agent-eval-v3.1
2026-09-05T01:50:00+09:00,CMP-S01-L01-01,S01,S01-L01,1,running,179.257,453.8856,99.365,38.1377,-0.3136,A,relation-reasoning-agent-eval-v3.1
2026-09-05T01:50:00+09:00,CMP-S01-L02-01,S01,S01-L02,1,running,177.5109,408.4849,99.0035,43.1907,0.7616,A,relation-reasoning-agent-eval-v3.1
2026-09-05T01:50:00+09:00,CMP-S01-L03-01,S01,S01-L03,1,running,155.0292,413.1792,96.5061,32.9737,-1.405,B,relation-reasoning-agent-eval-v3.1
2026-09-05T01:50:00+09:00,CMP-S01-L04-01,S01,S01-L04,1,running,163.9,531.6551,97.1278,35.7314,-0.7448,A,relation-reasoning-agent-eval-v3.1
2026-09-05T01:50:00+09:00,CMP-S01-L05-01,S01,S01-L05,1,running,179.9868,452.4047,110.7662,44.4613,0.5405,A,relation-reasoning-agent-eval-v3.1
2026-09-05T02:00:00+09:00,CMP-S01-L01-01,S01,S01-L01,1,running,176.6431,467.73,96.3607,38.9869,-0.1564,A,relation-reasoning-agent-eval-v3.1
2026-09-05T02:00:00+09:00,CMP-S01-L02-01,S01,S01-L02,1,running,179.6269,443.1183,97.0245,45.2717,1.1469,B,relation-reasoning-agent-eval-v3.1
2026-09-05T02:00:00+09:00,CMP-S01-L03-01,S01,S01-L03,1,running,157.9181,379.9841,99.2893,34.5289,-1.117,B,relation-reasoning-agent-eval-v3.1
2026-09-05T02:00:00+09:00,CMP-S01-L04-01,S01,S01-L04,1,running,166.0406,557.2196,98.9779,28.7051,-2.0459,C,relation-reasoning-agent-eval-v3.1
2026-09-05T02:00:00+09:00,CMP-S01-L05-01,S01,S01-L05,1,running,158.654,456.2866,107.4829,46.2016,0.8628,A,relation-reasoning-agent-eval-v3.1
2026-09-05T02:10:00+09:00,CMP-S01-L01-01,S01,S01-L01,1,running,193.0444,501.0458,102.8736,43.3048,0.6433,A,relation-reasoning-agent-eval-v3.1
2026-09-05T02:10:00+09:00,CMP-S01-L02-01,S01,S01-L02,1,running,184.6722,427.7061,102.1889,46.9552,1.4587,B,relation-reasoning-agent-eval-v3.1
2026-09-05T02:10:00+09:00,CMP-S01-L03-01,S01,S01-L03,1,running,160.7081,442.017,103.79,36.3111,-0.7869,A,relation-reasoning-agent-eval-v3.1
2026-09-05T02:10:00+09:00,CMP-S01-L04-01,S01,S01-L04,1,running,161.0127,494.1465,96.2306,34.1547,-1.0367,B,relation-reasoning-agent-eval-v3.1
2026-09-05T02:10:00+09:00,CMP-S01-L05-01,S01,S01-L05,1,running,147.4255,449.7158,108.0549,40.5574,-0.1824,A,relation-reasoning-agent-eval-v3.1
2026-09-05T02:20:00+09:00,CMP-S01-L01-01,S01,S01-L01,1,running,186.8353,459.1794,94.6436,44.1396,0.7978,A,relation-reasoning-agent-eval-v3.1
2026-09-05T02:20:00+09:00,CMP-S01-L02-01,S01,S01-L02,1,running,167.0912,379.0842,97.2405,50.638,2.1407,C,relation-reasoning-agent-eval-v3.1
2026-09-05T02:20:00+09:00,CMP-S01-L03-01,S01,S01-L03,1,running,156.4629,459.6254,105.8213,38.1456,-0.4472,A,relation-reasoning-agent-eval-v3.1
2026-09-05T02:20:00+09:00,CMP-S01-L04-01,S01,S01-L04,1,running,162.2825,480.9838,97.5497,30.2444,-1.7609,B,relation-reasoning-agent-eval-v3.1
2026-09-05T02:20:00+09:00,CMP-S01-L05-01,S01,S01-L05,1,running,140.7468,394.8356,109.447,42.8335,0.239,A,relation-reasoning-agent-eval-v3.1
2026-09-05T02:30:00+09:00,CMP-S01-L01-01,S01,S01-L01,1,running,187.1384,477.7436,95.5395,40.6771,0.1567,A,relation-reasoning-agent-eval-v3.1
2026-09-05T02:30:00+09:00,CMP-S01-L02-01,S01,S01-L02,1,running,155.8661,387.9153,93.0904,47.8176,1.6184,B,relation-reasoning-agent-eval-v3.1
2026-09-05T02:30:00+09:00,CMP-S01-L03-01,S01,S01-L03,1,running,166.194,464.371,101.5494,41.3392,0.1442,A,relation-reasoning-agent-eval-v3.1
2026-09-05T02:30:00+09:00,CMP-S01-L04-01,S01,S01-L04,1,running,165.9304,453.6894,102.0399,22.2738,-3.2369,D,relation-reasoning-agent-eval-v3.1
2026-09-05T02:30:00+09:00,CMP-S01-L05-01,S01,S01-L05,1,running,152.5779,448.4987,105.3616,46.2874,0.8787,A,relation-reasoning-agent-eval-v3.1
2026-09-05T02:40:00+09:00,CMP-S01-L01-01,S01,S01-L01,1,running,177.3867,466.7991,91.1522,39.6484,-0.0339,A,relation-reasoning-agent-eval-v3.1
2026-09-05T02:40:00+09:00,CMP-S01-L02-01,S01,S01-L02,1,running,156.8467,413.4322,101.9268,44.8358,1.0662,B,relation-reasoning-agent-eval-v3.1
2026-09-05T02:40:00+09:00,CMP-S01-L03-01,S01,S01-L03,1,running,171.7278,471.5468,102.5574,33.9607,-1.2222,B,relation-reasoning-agent-eval-v3.1
2026-09-05T02:40:00+09:00,CMP-S01-L04-01,S01,S01-L04,1,running,183.8937,475.0285,104.4557,23.5899,-2.9932,C,relation-reasoning-agent-eval-v3.1
2026-09-05T02:40:00+09:00,CMP-S01-L05-01,S01,S01-L05,1,running,154.1976,440.4448,107.59,40.5762,-0.179,A,relation-reasoning-agent-eval-v3.1
2026-09-05T02:50:00+09:00,CMP-S01-L01-01,S01,S01-L01,1,running,179.101,440.8211,95.7819,46.1513,1.1704,B,relation-reasoning-agent-eval-v3.1
2026-09-05T02:50:00+09:00,CMP-S01-L02-01,S01,S01-L02,1,running,157.8694,412.4936,99.6598,40.0917,0.1877,A,relation-reasoning-agent-eval-v3.1
2026-09-05T02:50:00+09:00,CMP-S01-L03-01,S01,S01-L03,1,running,179.4621,461.8222,101.7261,34.0095,-1.2131,B,relation-reasoning-agent-eval-v3.1
2026-09-05T02:50:00+09:00,CMP-S01-L04-01,S01,S01-L04,1,running,159.0576,449.4111,105.9071,30.4573,-1.7214,B,relation-reasoning-agent-eval-v3.1
2026-09-05T02:50:00+09:00,CMP-S01-L05-01,S01,S01-L05,1,running,162.0299,494.7932,104.1235,39.7366,-0.3344,A,relation-reasoning-agent-eval-v3.1
2026-09-05T03:00:00+09:00,CMP-S01-L01-01,S01,S01-L01,1,running,179.1562,479.4441,88.9079,41.6453,0.3359,A,relation-reasoning-agent-eval-v3.1
2026-09-05T03:00:00+09:00,CMP-S01-L02-01,S01,S01-L02,1,running,157.5941,455.3198,105.7951,37.9687,-0.2055,A,relation-reasoning-agent-eval-v3.1
2026-09-05T03:00:00+09:00,CMP-S01-L03-01,S01,S01-L03,1,running,170.3016,439.368,107.7237,43.0064,0.453,A,relation-reasoning-agent-eval-v3.1
2026-09-05T03:00:00+09:00,CMP-S01-L04-01,S01,S01-L04,1,running,163.2603,441.2336,101.6252,34.1131,-1.0444,B,relation-reasoning-agent-eval-v3.1
2026-09-05T03:00:00+09:00,CMP-S01-L05-01,S01,S01-L05,1,running,190.0129,535.9048,109.6862,33.9014,-1.415,B,relation-reasoning-agent-eval-v3.1
2026-09-05T03:10:00+09:00,CMP-S01-L01-01,S01,S01-L01,1,running,178.5591,430.8594,102.4774,41.3296,0.2775,A,relation-reasoning-agent-eval-v3.1
2026-09-05T03:10:00+09:00,CMP-S01-L02-01,S01,S01-L02,1,running,146.6082,442.2734,99.1393,40.2711,0.2209,A,relation-reasoning-agent-eval-v3.1
2026-09-05T03:10:00+09:00,CMP-S01-L03-01,S01,S01-L03,1,running,183.0884,439.2813,109.9503,41.9349,0.2545,A,relation-reasoning-agent-eval-v3.1
2026-09-05T03:10:00+09:00,CMP-S01-L04-01,S01,S01-L04,1,running,172.9483,510.0135,99.5761,33.5217,-1.154,B,relation-reasoning-agent-eval-v3.1
2026-09-05T03:10:00+09:00,CMP-S01-L05-01,S01,S01-L05,1,running,191.876,478.7058,96.549,36.0643,-1.0145,B,relation-reasoning-agent-eval-v3.1
2026-09-05T03:20:00+09:00,CMP-S01-L01-01,S01,S01-L01,1,running,173.3765,431.0804,99.2756,44.879,0.9348,A,relation-reasoning-agent-eval-v3.1
2026-09-05T03:20:00+09:00,CMP-S01-L02-01,S01,S01-L02,1,running,165.6292,402.7814,100.4097,40.9464,0.3459,A,relation-reasoning-agent-eval-v3.1
2026-09-05T03:20:00+09:00,CMP-S01-L03-01,S01,S01-L03,1,running,176.3323,466.4526,115.1727,47.2303,1.2352,B,relation-reasoning-agent-eval-v3.1
2026-09-05T03:20:00+09:00,CMP-S01-L04-01,S01,S01-L04,1,running,160.2837,533.3819,99.6741,33.1138,-1.2295,B,relation-reasoning-agent-eval-v3.1
2026-09-05T03:20:00+09:00,CMP-S01-L05-01,S01,S01-L05,1,running,169.5315,482.2061,90.357,29.8121,-2.1723,C,relation-reasoning-agent-eval-v3.1
2026-09-05T03:30:00+09:00,CMP-S01-L01-01,S01,S01-L01,1,running,187.5006,411.6122,97.0913,43.0639,0.5986,A,relation-reasoning-agent-eval-v3.1
2026-09-05T03:30:00+09:00,CMP-S01-L02-01,S01,S01-L02,1,running,169.7556,341.3902,100.6388,39.5521,0.0878,A,relation-reasoning-agent-eval-v3.1
2026-09-05T03:30:00+09:00,CMP-S01-L03-01,S01,S01-L03,1,running,162.8224,436.4158,113.9053,49.6018,1.6743,B,relation-reasoning-agent-eval-v3.1
2026-09-05T03:30:00+09:00,CMP-S01-L04-01,S01,S01-L04,1,running,153.4368,474.519,93.0132,32.4388,-1.3545,B,relation-reasoning-agent-eval-v3.1
2026-09-05T03:30:00+09:00,CMP-S01-L05-01,S01,S01-L05,1,running,178.7725,490.1468,94.9006,33.4605,-1.4967,B,relation-reasoning-agent-eval-v3.1
2026-09-05T03:40:00+09:00,CMP-S01-L01-01,S01,S01-L01,1,running,184.747,424.2737,97.5372,37.7086,-0.3931,A,relation-reasoning-agent-eval-v3.1
2026-09-05T03:40:00+09:00,CMP-S01-L02-01,S01,S01-L02,1,running,179.1318,397.4959,94.5948,39.2843,0.0381,A,relation-reasoning-agent-eval-v3.1
2026-09-05T03:40:00+09:00,CMP-S01-L03-01,S01,S01-L03,1,running,170.9235,427.6083,111.0534,46.5297,1.1054,B,relation-reasoning-agent-eval-v3.1
2026-09-05T03:40:00+09:00,CMP-S01-L04-01,S01,S01-L04,1,running,151.7746,484.9648,96.208,29.5947,-1.8812,B,relation-reasoning-agent-eval-v3.1
2026-09-05T03:40:00+09:00,CMP-S01-L05-01,S01,S01-L05,1,running,180.6749,474.0598,93.2911,37.3349,-0.7792,A,relation-reasoning-agent-eval-v3.1
2026-09-05T03:50:00+09:00,CMP-S01-L01-01,S01,S01-L01,1,running,160.358,471.1798,98.0949,38.6778,-0.2136,A,relation-reasoning-agent-eval-v3.1
2026-09-05T03:50:00+09:00,CMP-S01-L02-01,S01,S01-L02,1,running,176.8574,416.9279,95.8445,32.7465,-1.1725,B,relation-reasoning-agent-eval-v3.1
2026-09-05T03:50:00+09:00,CMP-S01-L03-01,S01,S01-L03,1,running,190.9929,398.002,112.1397,43.4098,0.5277,A,relation-reasoning-agent-eval-v3.1
2026-09-05T03:50:00+09:00,CMP-S01-L04-01,S01,S01-L04,1,running,172.2996,423.5459,101.7679,36.758,-0.5546,A,relation-reasoning-agent-eval-v3.1
2026-09-05T03:50:00+09:00,CMP-S01-L05-01,S01,S01-L05,1,running,167.2309,438.9278,105.8676,40.1454,-0.2587,A,relation-reasoning-agent-eval-v3.1
2026-09-05T04:00:00+09:00,CMP-S01-L01-01,S01,S01-L01,1,running,161.8566,451.4421,96.1727,33.6297,-1.1484,B,relation-reasoning-agent-eval-v3.1
2026-09-05T04:00:00+09:00,CMP-S01-L02-01,S01,S01-L02,1,running,157.6227,492.8171,101.8396,40.0161,0.1737,A,relation-reasoning-agent-eval-v3.1
2026-09-05T04:00:00+09:00,CMP-S01-L03-01,S01,S01-L03,1,running,170.0875,445.3603,108.5462,39.2754,-0.238,A,relation-reasoning-agent-eval-v3.1
2026-09-05T04:00:00+09:00,CMP-S01-L04-01,S01,S01-L04,1,running,171.781,465.6742,108.7841,34.1775,-1.0325,B,relation-reasoning-agent-eval-v3.1
2026-09-05T04:00:00+09:00,CMP-S01-L05-01,S01,S01-L05,1,running,169.5669,442.9436,101.7156,39.8938,-0.3053,A,relation-reasoning-agent-eval-v3.1
2026-09-05T04:10:00+09:00,CMP-S01-L01-01,S01,S01-L01,1,running,178.6896,477.368,96.4662,30.534,-1.7217,B,relation-reasoning-agent-eval-v3.1
2026-09-05T04:10:00+09:00,CMP-S01-L02-01,S01,S01-L02,1,running,163.1801,438.6945,100.3489,41.5842,0.464,A,relation-reasoning-agent-eval-v3.1
2026-09-05T04:10:00+09:00,CMP-S01-L03-01,S01,S01-L03,1,running,160.4892,418.5068,102.2636,43.4676,0.5384,A,relation-reasoning-agent-eval-v3.1
2026-09-05T04:10:00+09:00,CMP-S01-L04-01,S01,S01-L04,1,running,178.9975,436.2487,103.4495,36.3081,-0.638,A,relation-reasoning-agent-eval-v3.1
2026-09-05T04:10:00+09:00,CMP-S01-L05-01,S01,S01-L05,1,running,148.5676,431.5941,100.2918,43.5703,0.3755,A,relation-reasoning-agent-eval-v3.1
2026-09-05T04:20:00+09:00,CMP-S01-L01-01,S01,S01-L01,1,running,182.3017,476.4267,94.9506,34.4257,-1.001,B,relation-reasoning-agent-eval-v3.1
2026-09-05T04:20:00+09:00,CMP-S01-L02-01,S01,S01-L02,1,running,171.2787,446.4558,101.271,37.247,-0.3391,A,relation-reasoning-agent-eval-v3.1
2026-09-05T04:20:00+09:00,CMP-S01-L03-01,S01,S01-L03,1,running,148.7506,363.6825,93.9236,43.9777,0.6328,A,relation-reasoning-agent-eval-v3.1
2026-09-05T04:20:00+09:00,CMP-S01-L04-01,S01,S01-L04,1,running,159.2507,441.6115,108.5251,32.8576,-1.2769,B,relation-reasoning-agent-eval-v3.1
2026-09-05T04:20:00+09:00,CMP-S01-L05-01,S01,S01-L05,1,running,178.0869,495.2946,103.4502,34.2667,-1.3474,B,relation-reasoning-agent-eval-v3.1
2026-09-05T04:30:00+09:00,CMP-S01-L01-01,S01,S01-L01,1,running,175.382,437.1787,102.834,31.0434,-1.6274,B,relation-reasoning-agent-eval-v3.1
2026-09-05T04:30:00+09:00,CMP-S01-L02-01,S01,S01-L02,1,running,184.09,444.3616,101.0793,40.9081,0.3388,A,relation-reasoning-agent-eval-v3.1
2026-09-05T04:30:00+09:00,CMP-S01-L03-01,S01,S01-L03,1,running,160.467,348.3973,90.5274,43.4048,0.5267,A,relation-reasoning-agent-eval-v3.1
2026-09-05T04:30:00+09:00,CMP-S01-L04-01,S01,S01-L04,1,running,166.7243,408.9302,108.699,36.6013,-0.5837,A,relation-reasoning-agent-eval-v3.1
2026-09-05T04:30:00+09:00,CMP-S01-L05-01,S01,S01-L05,1,running,176.2527,450.5622,103.1916,41.1419,-0.0742,A,relation-reasoning-agent-eval-v3.1
2026-09-05T04:40:00+09:00,CMP-S01-L01-01,S01,S01-L01,1,running,174.5307,394.2974,98.6726,35.0776,-0.8803,A,relation-reasoning-agent-eval-v3.1
2026-09-05T04:40:00+09:00,CMP-S01-L02-01,S01,S01-L02,1,running,191.5489,497.9685,101.6989,37.964,-0.2064,A,relation-reasoning-agent-eval-v3.1
2026-09-05T04:40:00+09:00,CMP-S01-L03-01,S01,S01-L03,1,running,164.5253,347.7004,99.9992,41.5913,0.1909,A,relation-reasoning-agent-eval-v3.1
2026-09-05T04:40:00+09:00,CMP-S01-L04-01,S01,S01-L04,1,running,162.8195,400.5664,113.8868,39.8549,0.0189,A,relation-reasoning-agent-eval-v3.1
2026-09-05T04:40:00+09:00,CMP-S01-L05-01,S01,S01-L05,1,running,180.3193,419.0824,108.6933,42.6087,0.1974,A,relation-reasoning-agent-eval-v3.1
2026-09-05T04:50:00+09:00,CMP-S01-L01-01,S01,S01-L01,1,running,163.8385,401.823,99.1701,40.2967,0.0862,A,relation-reasoning-agent-eval-v3.1
2026-09-05T04:50:00+09:00,CMP-S01-L02-01,S01,S01-L02,1,running,168.0596,453.8768,100.2359,34.6461,-0.8208,A,relation-reasoning-agent-eval-v3.1
2026-09-05T04:50:00+09:00,CMP-S01-L03-01,S01,S01-L03,1,running,142.0553,367.0901,97.416,42.5359,0.3658,A,relation-reasoning-agent-eval-v3.1
2026-09-05T04:50:00+09:00,CMP-S01-L04-01,S01,S01-L04,1,running,147.4983,430.4269,113.8036,40.8761,0.208,A,relation-reasoning-agent-eval-v3.1
2026-09-05T04:50:00+09:00,CMP-S01-L05-01,S01,S01-L05,1,running,169.9925,398.3876,103.7289,45.2737,0.6909,A,relation-reasoning-agent-eval-v3.1
2026-09-05T05:00:00+09:00,CMP-S01-L01-01,S01,S01-L01,1,running,165.9459,408.402,99.7774,41.1904,0.2517,A,relation-reasoning-agent-eval-v3.1
2026-09-05T05:00:00+09:00,CMP-S01-L02-01,S01,S01-L02,1,running,175.5479,455.8533,98.9938,37.2177,-0.3446,A,relation-reasoning-agent-eval-v3.1
2026-09-05T05:00:00+09:00,CMP-S01-L03-01,S01,S01-L03,1,running,135.1344,389.9877,105.8881,44.5802,0.7444,A,relation-reasoning-agent-eval-v3.1
2026-09-05T05:00:00+09:00,CMP-S01-L04-01,S01,S01-L04,1,running,154.096,416.0256,106.5336,33.8193,-1.0988,B,relation-reasoning-agent-eval-v3.1
2026-09-05T05:00:00+09:00,CMP-S01-L05-01,S01,S01-L05,1,running,182.5126,384.5459,103.0209,41.174,-0.0683,A,relation-reasoning-agent-eval-v3.1
2026-09-05T05:10:00+09:00,CMP-S01-L01-01,S01,S01-L01,1,running,174.9808,425.2212,104.5593,41.2931,0.2707,A,relation-reasoning-agent-eval-v3.1
2026-09-05T05:10:00+09:00,CMP-S01-L02-01,S01,S01-L02,1,running,179.4234,456.561,101.326,41.8819,0.5192,A,relation-reasoning-agent-eval-v3.1
2026-09-05T05:10:00+09:00,CMP-S01-L03-01,S01,S01-L03,1,running,134.2417,421.4114,101.9609,46.8233,1.1598,B,relation-reasoning-agent-eval-v3.1
2026-09-05T05:10:00+09:00,CMP-S01-L04-01,S01,S01-L04,1,running,168.4943,459.674,98.8588,34.8574,-0.9066,A,relation-reasoning-agent-eval-v3.1
2026-09-05T05:10:00+09:00,CMP-S01-L05-01,S01,S01-L05,1,running,184.6332,348.3675,102.6818,35.4943,-1.1201,B,relation-reasoning-agent-eval-v3.1
2026-09-05T05:20:00+09:00,CMP-S01-L01-01,S01,S01-L01,1,running,165.7531,422.0202,102.0977,38.019,-0.3356,A,relation-reasoning-agent-eval-v3.1
2026-09-05T05:20:00+09:00,CMP-S01-L02-01,S01,S01-L02,1,running,168.8338,408.4205,106.7514,43.3824,0.7971,A,relation-reasoning-agent-eval-v3.1
2026-09-05T05:20:00+09:00,CMP-S01-L03-01,S01,S01-L03,1,running,126.073,412.2979,106.2655,52.387,2.1901,C,relation-reasoning-agent-eval-v3.1
2026-09-05T05:20:00+09:00,CMP-S01-L04-01,S01,S01-L04,1,running,158.2408,445.7415,108.2228,37.2868,-0.4567,A,relation-reasoning-agent-eval-v3.1
2026-09-05T05:20:00+09:00,CMP-S01-L05-01,S01,S01-L05,1,running,180.1261,394.1013,99.0987,34.8161,-1.2457,B,relation-reasoning-agent-eval-v3.1
2026-09-05T05:30:00+09:00,CMP-S01-L01-01,S01,S01-L01,1,running,150.7172,407.71,105.6891,40.1713,0.063,A,relation-reasoning-agent-eval-v3.1
2026-09-05T05:30:00+09:00,CMP-S01-L02-01,S01,S01-L02,1,running,159.5644,491.5818,104.0738,42.4711,0.6283,A,relation-reasoning-agent-eval-v3.1
2026-09-05T05:30:00+09:00,CMP-S01-L03-01,S01,S01-L03,1,running,165.1437,479.0581,103.473,49.4005,1.637,B,relation-reasoning-agent-eval-v3.1
2026-09-05T05:30:00+09:00,CMP-S01-L04-01,S01,S01-L04,1,running,160.3569,479.7486,105.7713,42.0395,0.4234,A,relation-reasoning-agent-eval-v3.1
2026-09-05T05:30:00+09:00,CMP-S01-L05-01,S01,S01-L05,1,running,185.2306,420.8906,105.5372,37.4043,-0.7664,A,relation-reasoning-agent-eval-v3.1
2026-09-05T05:40:00+09:00,CMP-S01-L01-01,S01,S01-L01,1,running,160.1107,441.8338,108.5993,38.8794,-0.1763,A,relation-reasoning-agent-eval-v3.1
2026-09-05T05:40:00+09:00,CMP-S01-L02-01,S01,S01-L02,1,running,149.6479,501.4732,105.9084,41.1687,0.3871,A,relation-reasoning-agent-eval-v3.1
2026-09-05T05:40:00+09:00,CMP-S01-L03-01,S01,S01-L03,1,running,156.0446,492.6055,99.124,48.8676,1.5384,B,relation-reasoning-agent-eval-v3.1
2026-09-05T05:40:00+09:00,CMP-S01-L04-01,S01,S01-L04,1,running,154.0175,518.689,111.9104,38.6658,-0.2013,A,relation-reasoning-agent-eval-v3.1
2026-09-05T05:40:00+09:00,CMP-S01-L05-01,S01,S01-L05,1,running,170.3088,471.5575,103.7568,36.957,-0.8492,A,relation-reasoning-agent-eval-v3.1
2026-09-05T05:50:00+09:00,CMP-S01-L01-01,S01,S01-L01,1,running,178.0029,424.3226,102.8489,40.5595,0.1349,A,relation-reasoning-agent-eval-v3.1
2026-09-05T05:50:00+09:00,CMP-S01-L02-01,S01,S01-L02,1,running,157.403,510.1007,101.045,38.0896,-0.1831,A,relation-reasoning-agent-eval-v3.1
2026-09-05T05:50:00+09:00,CMP-S01-L03-01,S01,S01-L03,1,running,160.2151,473.1833,107.0773,44.9796,0.8184,A,relation-reasoning-agent-eval-v3.1
2026-09-05T05:50:00+09:00,CMP-S01-L04-01,S01,S01-L04,1,running,148.1865,480.6806,106.7987,39.7884,0.0065,A,relation-reasoning-agent-eval-v3.1
2026-09-05T05:50:00+09:00,CMP-S01-L05-01,S01,S01-L05,1,running,173.899,406.1606,108.4564,30.9427,-1.963,B,relation-reasoning-agent-eval-v3.1
2026-09-05T06:00:00+09:00,CMP-S01-L01-01,S01,S01-L01,1,running,190.9694,454.1268,100.7022,34.4456,-0.9973,A,relation-reasoning-agent-eval-v3.1
2026-09-05T06:00:00+09:00,CMP-S01-L02-01,S01,S01-L02,1,running,171.5978,511.5384,91.8822,36.6226,-0.4548,A,relation-reasoning-agent-eval-v3.1
2026-09-05T06:00:00+09:00,CMP-S01-L03-01,S01,S01-L03,1,running,162.5617,392.5281,109.6059,38.3185,-0.4152,A,relation-reasoning-agent-eval-v3.1
2026-09-05T06:00:00+09:00,CMP-S01-L04-01,S01,S01-L04,1,running,177.1285,548.382,101.5208,35.7243,-0.7461,A,relation-reasoning-agent-eval-v3.1
2026-09-05T06:00:00+09:00,CMP-S01-L05-01,S01,S01-L05,1,running,173.317,440.6628,111.9867,32.8521,-1.6094,B,relation-reasoning-agent-eval-v3.1
2026-09-05T06:10:00+09:00,CMP-S01-L01-01,S01,S01-L01,1,running,189.0255,467.6128,97.0784,40.8695,0.1923,A,relation-reasoning-agent-eval-v3.1
2026-09-05T06:10:00+09:00,CMP-S01-L02-01,S01,S01-L02,1,running,181.2045,467.4565,101.8859,38.002,-0.1993,A,relation-reasoning-agent-eval-v3.1
2026-09-05T06:10:00+09:00,CMP-S01-L03-01,S01,S01-L03,1,running,165.3692,410.0904,101.2661,37.2137,-0.6198,A,relation-reasoning-agent-eval-v3.1
2026-09-05T06:10:00+09:00,CMP-S01-L04-01,S01,S01-L04,1,running,166.6342,542.8481,92.5046,35.7478,-0.7417,A,relation-reasoning-agent-eval-v3.1
2026-09-05T06:10:00+09:00,CMP-S01-L05-01,S01,S01-L05,1,running,159.2977,458.5391,114.1039,37.3611,-0.7744,A,relation-reasoning-agent-eval-v3.1
2026-09-05T06:20:00+09:00,CMP-S01-L01-01,S01,S01-L01,1,running,190.2369,484.9748,95.2686,44.6045,0.8839,A,relation-reasoning-agent-eval-v3.1
2026-09-05T06:20:00+09:00,CMP-S01-L02-01,S01,S01-L02,1,running,172.1459,479.574,103.2121,31.3144,-1.4378,B,relation-reasoning-agent-eval-v3.1
2026-09-05T06:20:00+09:00,CMP-S01-L03-01,S01,S01-L03,1,running,161.0229,416.5099,107.4547,38.2551,-0.4269,A,relation-reasoning-agent-eval-v3.1
2026-09-05T06:20:00+09:00,CMP-S01-L04-01,S01,S01-L04,1,running,165.6226,548.9036,97.3835,35.9582,-0.7027,A,relation-reasoning-agent-eval-v3.1
2026-09-05T06:20:00+09:00,CMP-S01-L05-01,S01,S01-L05,1,running,171.5628,480.1828,105.5854,40.0219,-0.2816,A,relation-reasoning-agent-eval-v3.1
2026-09-05T06:30:00+09:00,CMP-S01-L01-01,S01,S01-L01,1,running,179.0791,478.026,97.8023,39.9543,0.0228,A,relation-reasoning-agent-eval-v3.1
2026-09-05T06:30:00+09:00,CMP-S01-L02-01,S01,S01-L02,1,running,156.2671,455.0816,105.5326,35.1718,-0.7234,A,relation-reasoning-agent-eval-v3.1
2026-09-05T06:30:00+09:00,CMP-S01-L03-01,S01,S01-L03,1,running,163.8316,426.3898,104.009,36.4976,-0.7524,A,relation-reasoning-agent-eval-v3.1
2026-09-05T06:30:00+09:00,CMP-S01-L04-01,S01,S01-L04,1,running,164.8171,567.4698,96.7753,39.2268,-0.0975,A,relation-reasoning-agent-eval-v3.1
2026-09-05T06:30:00+09:00,CMP-S01-L05-01,S01,S01-L05,1,running,183.7682,472.1218,93.465,47.9036,1.178,B,relation-reasoning-agent-eval-v3.1
2026-09-05T06:40:00+09:00,CMP-S01-L01-01,S01,S01-L01,1,running,173.1497,481.2916,93.3674,36.7891,-0.5634,A,relation-reasoning-agent-eval-v3.1
2026-09-05T06:40:00+09:00,CMP-S01-L02-01,S01,S01-L02,1,running,163.2809,457.3952,103.6624,43.5319,0.8248,A,relation-reasoning-agent-eval-v3.1
2026-09-05T06:40:00+09:00,CMP-S01-L03-01,S01,S01-L03,1,running,158.3401,431.4662,107.3198,45.8842,0.9859,A,relation-reasoning-agent-eval-v3.1
2026-09-05T06:40:00+09:00,CMP-S01-L04-01,S01,S01-L04,1,running,174.8547,598.3013,96.6281,44.6191,0.9011,A,relation-reasoning-agent-eval-v3.1
2026-09-05T06:40:00+09:00,CMP-S01-L05-01,S01,S01-L05,1,running,195.1624,399.221,87.8897,44.1487,0.4826,A,relation-reasoning-agent-eval-v3.1
2026-09-05T06:50:00+09:00,CMP-S01-L01-01,S01,S01-L01,1,running,167.3188,486.9836,93.2922,33.5266,-1.1675,B,relation-reasoning-agent-eval-v3.1
2026-09-05T06:50:00+09:00,CMP-S01-L02-01,S01,S01-L02,1,running,162.0334,433.9907,99.3346,38.3167,-0.141,A,relation-reasoning-agent-eval-v3.1
2026-09-05T06:50:00+09:00,CMP-S01-L03-01,S01,S01-L03,1,running,177.7602,405.1096,102.2107,43.3629,0.519,A,relation-reasoning-agent-eval-v3.1
2026-09-05T06:50:00+09:00,CMP-S01-L04-01,S01,S01-L04,1,running,181.0271,554.989,97.0233,46.8737,1.3186,B,relation-reasoning-agent-eval-v3.1
2026-09-05T06:50:00+09:00,CMP-S01-L05-01,S01,S01-L05,1,running,203.411,374.2943,93.9896,41.9929,0.0834,A,relation-reasoning-agent-eval-v3.1
2026-09-05T07:00:00+09:00,CMP-S01-L01-01,S01,S01-L01,1,running,165.1156,491.4423,92.7313,35.7506,-0.7557,A,relation-reasoning-agent-eval-v3.1
2026-09-05T07:00:00+09:00,CMP-S01-L02-01,S01,S01-L02,1,running,181.3075,466.9611,100.4561,35.3533,-0.6898,A,relation-reasoning-agent-eval-v3.1
2026-09-05T07:00:00+09:00,CMP-S01-L03-01,S01,S01-L03,1,running,175.5129,400.4741,103.0103,40.0398,-0.0964,A,relation-reasoning-agent-eval-v3.1
2026-09-05T07:00:00+09:00,CMP-S01-L04-01,S01,S01-L04,1,running,180.8792,499.3986,82.7377,38.5684,-0.2194,A,relation-reasoning-agent-eval-v3.1
2026-09-05T07:00:00+09:00,CMP-S01-L05-01,S01,S01-L05,1,running,195.6884,398.4621,95.84,38.6171,-0.5418,A,relation-reasoning-agent-eval-v3.1
2026-09-05T07:10:00+09:00,CMP-S01-L01-01,S01,S01-L01,1,running,176.1117,523.1448,102.0567,37.3974,-0.4507,A,relation-reasoning-agent-eval-v3.1
2026-09-05T07:10:00+09:00,CMP-S01-L02-01,S01,S01-L02,1,running,169.9807,464.5309,97.4087,42.9172,0.7109,A,relation-reasoning-agent-eval-v3.1
2026-09-05T07:10:00+09:00,CMP-S01-L03-01,S01,S01-L03,1,running,169.1483,404.0907,103.6579,41.731,0.2168,A,relation-reasoning-agent-eval-v3.1
2026-09-05T07:10:00+09:00,CMP-S01-L04-01,S01,S01-L04,1,running,177.964,457.9868,92.1513,36.2814,-0.6429,A,relation-reasoning-agent-eval-v3.1
2026-09-05T07:10:00+09:00,CMP-S01-L05-01,S01,S01-L05,1,running,196.7544,413.0079,91.2752,38.1503,-0.6282,A,relation-reasoning-agent-eval-v3.1
2026-09-05T07:20:00+09:00,CMP-S01-L01-01,S01,S01-L01,1,running,157.9659,498.5831,104.6352,38.5122,-0.2443,A,relation-reasoning-agent-eval-v3.1
2026-09-05T07:20:00+09:00,CMP-S01-L02-01,S01,S01-L02,1,running,161.1899,443.3586,97.7035,43.7838,0.8714,A,relation-reasoning-agent-eval-v3.1
2026-09-05T07:20:00+09:00,CMP-S01-L03-01,S01,S01-L03,1,running,181.3524,429.3297,106.0124,48.31,1.4351,B,relation-reasoning-agent-eval-v3.1
2026-09-05T07:20:00+09:00,CMP-S01-L04-01,S01,S01-L04,1,running,177.6534,421.9997,96.9919,33.8016,-1.1021,B,relation-reasoning-agent-eval-v3.1
2026-09-05T07:20:00+09:00,CMP-S01-L05-01,S01,S01-L05,1,running,217.8229,469.6197,90.5223,33.6136,-1.4683,B,relation-reasoning-agent-eval-v3.1
2026-09-05T07:30:00+09:00,CMP-S01-L01-01,S01,S01-L01,1,running,147.2292,490.9172,94.5407,42.9061,0.5694,A,relation-reasoning-agent-eval-v3.1
2026-09-05T07:30:00+09:00,CMP-S01-L02-01,S01,S01-L02,1,running,159.651,453.8447,98.5355,46.6819,1.4081,B,relation-reasoning-agent-eval-v3.1
2026-09-05T07:30:00+09:00,CMP-S01-L03-01,S01,S01-L03,1,running,160.1213,451.8268,109.1055,41.5679,0.1866,A,relation-reasoning-agent-eval-v3.1
2026-09-05T07:30:00+09:00,CMP-S01-L04-01,S01,S01-L04,1,running,176.1697,438.0345,100.3207,39.4704,-0.0523,A,relation-reasoning-agent-eval-v3.1
2026-09-05T07:30:00+09:00,CMP-S01-L05-01,S01,S01-L05,1,running,212.8198,482.8974,91.5331,37.4545,-0.7571,A,relation-reasoning-agent-eval-v3.1
2026-09-05T07:40:00+09:00,CMP-S01-L01-01,S01,S01-L01,1,running,161.7493,469.2814,91.7578,41.1599,0.246,A,relation-reasoning-agent-eval-v3.1
2026-09-05T07:40:00+09:00,CMP-S01-L02-01,S01,S01-L02,1,running,169.2675,433.0631,104.0551,44.6028,1.0231,B,relation-reasoning-agent-eval-v3.1
2026-09-05T07:40:00+09:00,CMP-S01-L03-01,S01,S01-L03,1,running,167.6288,503.9277,114.6193,41.4037,0.1562,A,relation-reasoning-agent-eval-v3.1
2026-09-05T07:40:00+09:00,CMP-S01-L04-01,S01,S01-L04,1,running,166.323,459.079,97.2812,37.3639,-0.4424,A,relation-reasoning-agent-eval-v3.1
2026-09-05T07:40:00+09:00,CMP-S01-L05-01,S01,S01-L05,1,running,209.0169,458.2372,89.7295,39.7881,-0.3249,A,relation-reasoning-agent-eval-v3.1
2026-09-05T07:50:00+09:00,CMP-S01-L01-01,S01,S01-L01,1,running,163.3344,486.3962,99.3504,42.7095,0.533,A,relation-reasoning-agent-eval-v3.1
2026-09-05T07:50:00+09:00,CMP-S01-L02-01,S01,S01-L02,1,running,162.0058,430.4869,108.0507,41.8368,0.5108,A,relation-reasoning-agent-eval-v3.1
2026-09-05T07:50:00+09:00,CMP-S01-L03-01,S01,S01-L03,1,running,194.9222,536.6831,111.3046,33.8895,-1.2354,B,relation-reasoning-agent-eval-v3.1
2026-09-05T07:50:00+09:00,CMP-S01-L04-01,S01,S01-L04,1,running,148.6084,452.3263,99.4482,34.2981,-1.0102,B,relation-reasoning-agent-eval-v3.1
2026-09-05T07:50:00+09:00,CMP-S01-L05-01,S01,S01-L05,1,running,195.4021,449.2685,92.9447,37.208,-0.8027,A,relation-reasoning-agent-eval-v3.1
2026-09-05T08:00:00+09:00,CMP-S01-L01-01,S01,S01-L01,1,running,166.7977,461.8372,91.4445,44.0842,0.7876,A,relation-reasoning-agent-eval-v3.1
2026-09-05T08:00:00+09:00,CMP-S01-L02-01,S01,S01-L02,1,running,143.2863,425.0506,102.4028,36.3614,-0.5031,A,relation-reasoning-agent-eval-v3.1
2026-09-05T08:00:00+09:00,CMP-S01-L03-01,S01,S01-L03,1,running,192.6917,463.3033,111.1181,36.4498,-0.7612,A,relation-reasoning-agent-eval-v3.1
2026-09-05T08:00:00+09:00,CMP-S01-L04-01,S01,S01-L04,1,running,164.2965,449.7562,96.062,39.5796,-0.0321,A,relation-reasoning-agent-eval-v3.1
2026-09-05T08:00:00+09:00,CMP-S01-L05-01,S01,S01-L05,1,running,198.5167,438.8515,94.3694,40.0278,-0.2805,A,relation-reasoning-agent-eval-v3.1
2026-09-05T08:10:00+09:00,CMP-S01-L01-01,S01,S01-L01,1,running,167.1809,438.7857,98.9386,46.715,1.2748,B,relation-reasoning-agent-eval-v3.1
2026-09-05T08:10:00+09:00,CMP-S01-L02-01,S01,S01-L02,1,running,143.3113,327.7015,96.4364,43.7723,0.8693,A,relation-reasoning-agent-eval-v3.1
2026-09-05T08:10:00+09:00,CMP-S01-L03-01,S01,S01-L03,1,running,185.9694,480.2039,103.4504,40.4522,-0.0201,A,relation-reasoning-agent-eval-v3.1
2026-09-05T08:10:00+09:00,CMP-S01-L04-01,S01,S01-L04,1,running,161.2805,518.1172,100.307,45.6043,1.0836,B,relation-reasoning-agent-eval-v3.1
2026-09-05T08:10:00+09:00,CMP-S01-L05-01,S01,S01-L05,1,running,190.0281,425.5092,85.4483,43.8117,0.4202,A,relation-reasoning-agent-eval-v3.1
2026-09-05T08:20:00+09:00,CMP-S01-L01-01,S01,S01-L01,1,running,171.4124,388.3299,94.1937,46.1266,1.1658,B,relation-reasoning-agent-eval-v3.1
2026-09-05T08:20:00+09:00,CMP-S01-L02-01,S01,S01-L02,1,running,150.1001,307.5176,100.4097,42.8873,0.7054,A,relation-reasoning-agent-eval-v3.1
2026-09-05T08:20:00+09:00,CMP-S01-L03-01,S01,S01-L03,1,running,176.4199,468.2545,102.0563,34.5248,-1.1177,B,relation-reasoning-agent-eval-v3.1
2026-09-05T08:20:00+09:00,CMP-S01-L04-01,S01,S01-L04,1,running,158.1897,554.1559,106.1399,40.3635,0.113,A,relation-reasoning-agent-eval-v3.1
2026-09-05T08:20:00+09:00,CMP-S01-L05-01,S01,S01-L05,1,running,179.2165,375.9894,88.6137,49.1393,1.4068,B,relation-reasoning-agent-eval-v3.1
2026-09-05T08:30:00+09:00,CMP-S01-L01-01,S01,S01-L01,1,running,179.9379,436.3171,91.5116,40.0304,0.0369,A,relation-reasoning-agent-eval-v3.1
2026-09-05T08:30:00+09:00,CMP-S01-L02-01,S01,S01-L02,1,running,157.973,321.8736,94.959,39.1974,0.0221,A,relation-reasoning-agent-eval-v3.1
2026-09-05T08:30:00+09:00,CMP-S01-L03-01,S01,S01-L03,1,running,180.9145,419.8891,99.4352,32.7853,-1.4398,B,relation-reasoning-agent-eval-v3.1
2026-09-05T08:30:00+09:00,CMP-S01-L04-01,S01,S01-L04,1,running,165.6362,552.7132,111.6697,41.1715,0.2627,A,relation-reasoning-agent-eval-v3.1
2026-09-05T08:30:00+09:00,CMP-S01-L05-01,S01,S01-L05,1,running,202.4458,384.3731,89.1204,48.2641,1.2447,B,relation-reasoning-agent-eval-v3.1
2026-09-05T08:40:00+09:00,CMP-S01-L01-01,S01,S01-L01,1,running,180.9683,471.9713,89.9327,41.5312,0.3148,A,relation-reasoning-agent-eval-v3.1
2026-09-05T08:40:00+09:00,CMP-S01-L02-01,S01,S01-L02,1,running,157.2456,342.5657,106.7644,35.8151,-0.6043,A,relation-reasoning-agent-eval-v3.1
2026-09-05T08:40:00+09:00,CMP-S01-L03-01,S01,S01-L03,1,running,182.4971,406.9026,98.7686,36.3586,-0.7781,A,relation-reasoning-agent-eval-v3.1
2026-09-05T08:40:00+09:00,CMP-S01-L04-01,S01,S01-L04,1,running,166.3674,533.6016,108.9112,35.5213,-0.7837,A,relation-reasoning-agent-eval-v3.1
2026-09-05T08:40:00+09:00,CMP-S01-L05-01,S01,S01-L05,1,running,207.7366,410.6353,96.2964,40.9313,-0.1132,A,relation-reasoning-agent-eval-v3.1
2026-09-05T08:50:00+09:00,CMP-S01-L01-01,S01,S01-L01,1,running,176.5256,458.4661,97.9412,41.4748,0.3044,A,relation-reasoning-agent-eval-v3.1
2026-09-05T08:50:00+09:00,CMP-S01-L02-01,S01,S01-L02,1,running,172.8196,388.5342,105.1011,35.8395,-0.5998,A,relation-reasoning-agent-eval-v3.1
2026-09-05T08:50:00+09:00,CMP-S01-L03-01,S01,S01-L03,1,running,202.5795,424.8434,100.6431,35.4126,-0.9533,A,relation-reasoning-agent-eval-v3.1
2026-09-05T08:50:00+09:00,CMP-S01-L04-01,S01,S01-L04,1,running,169.3878,467.7452,110.1752,33.9827,-1.0686,B,relation-reasoning-agent-eval-v3.1
2026-09-05T08:50:00+09:00,CMP-S01-L05-01,S01,S01-L05,1,running,204.7422,440.1194,99.3371,39.8921,-0.3057,A,relation-reasoning-agent-eval-v3.1
2026-09-05T09:00:00+09:00,CMP-S01-L01-01,S01,S01-L01,1,running,189.8507,439.7683,98.6366,45.1952,0.9933,A,relation-reasoning-agent-eval-v3.1
2026-09-05T09:00:00+09:00,CMP-S01-L02-01,S01,S01-L02,1,running,181.9719,402.5947,102.3602,35.7244,-0.6211,A,relation-reasoning-agent-eval-v3.1
2026-09-05T09:00:00+09:00,CMP-S01-L03-01,S01,S01-L03,1,running,192.9553,447.8429,107.0879,30.7352,-1.8195,B,relation-reasoning-agent-eval-v3.1
2026-09-05T09:00:00+09:00,CMP-S01-L04-01,S01,S01-L04,1,running,186.4857,463.918,113.2065,38.4491,-0.2415,A,relation-reasoning-agent-eval-v3.1
2026-09-05T09:00:00+09:00,CMP-S01-L05-01,S01,S01-L05,1,running,202.0344,456.8593,98.5999,41.681,0.0256,A,relation-reasoning-agent-eval-v3.1
2026-09-05T09:10:00+09:00,CMP-S01-L01-01,S01,S01-L01,1,running,171.3724,459.127,104.3272,42.4586,0.4865,A,relation-reasoning-agent-eval-v3.1
2026-09-05T09:10:00+09:00,CMP-S01-L02-01,S01,S01-L02,1,running,189.9042,364.5839,100.9613,38.3073,-0.1428,A,relation-reasoning-agent-eval-v3.1
2026-09-05T09:10:00+09:00,CMP-S01-L03-01,S01,S01-L03,1,running,203.4659,438.1784,102.6486,39.6718,-0.1646,A,relation-reasoning-agent-eval-v3.1
2026-09-05T09:10:00+09:00,CMP-S01-L04-01,S01,S01-L04,1,running,197.1547,448.013,111.3775,44.2464,0.8321,A,relation-reasoning-agent-eval-v3.1
2026-09-05T09:10:00+09:00,CMP-S01-L05-01,S01,S01-L05,1,running,187.4677,400.7806,96.1012,45.5302,0.7384,A,relation-reasoning-agent-eval-v3.1
2026-09-05T09:20:00+09:00,CMP-S01-L01-01,S01,S01-L01,1,running,168.0743,464.4523,103.1603,41.9807,0.398,A,relation-reasoning-agent-eval-v3.1
2026-09-05T09:20:00+09:00,CMP-S01-L02-01,S01,S01-L02,1,running,174.0477,371.4705,99.5975,43.1225,0.7489,A,relation-reasoning-agent-eval-v3.1
2026-09-05T09:20:00+09:00,CMP-S01-L03-01,S01,S01-L03,1,running,187.7796,394.0444,99.7771,36.1079,-0.8245,A,relation-reasoning-agent-eval-v3.1
2026-09-05T09:20:00+09:00,CMP-S01-L04-01,S01,S01-L04,1,running,183.7025,479.0885,111.6945,39.1033,-0.1203,A,relation-reasoning-agent-eval-v3.1
2026-09-05T09:20:00+09:00,CMP-S01-L05-01,S01,S01-L05,1,running,197.5112,437.7738,99.838,43.0587,0.2808,A,relation-reasoning-agent-eval-v3.1
2026-09-05T09:30:00+09:00,CMP-S01-L01-01,S01,S01-L01,1,running,178.8774,448.6492,98.1815,39.6499,-0.0336,A,relation-reasoning-agent-eval-v3.1
2026-09-05T09:30:00+09:00,CMP-S01-L02-01,S01,S01-L02,1,running,165.3926,385.1715,95.9106,42.7616,0.6821,A,relation-reasoning-agent-eval-v3.1
2026-09-05T09:30:00+09:00,CMP-S01-L03-01,S01,S01-L03,1,running,180.4901,360.7798,104.1587,33.2663,-1.3508,B,relation-reasoning-agent-eval-v3.1
2026-09-05T09:30:00+09:00,CMP-S01-L04-01,S01,S01-L04,1,running,185.4786,458.1493,104.6647,44.5455,0.8875,A,relation-reasoning-agent-eval-v3.1
2026-09-05T09:30:00+09:00,CMP-S01-L05-01,S01,S01-L05,1,running,176.1434,437.3982,102.0252,37.4709,-0.754,A,relation-reasoning-agent-eval-v3.1
2026-09-05T09:40:00+09:00,CMP-S01-L01-01,S01,S01-L01,1,running,183.8079,409.2034,99.9072,36.1544,-0.6809,A,relation-reasoning-agent-eval-v3.1
2026-09-05T09:40:00+09:00,CMP-S01-L02-01,S01,S01-L02,1,running,169.8354,367.4896,91.1192,42.1719,0.5729,A,relation-reasoning-agent-eval-v3.1
2026-09-05T09:40:00+09:00,CMP-S01-L03-01,S01,S01-L03,1,running,175.4421,366.3763,101.5937,35.8378,-0.8746,A,relation-reasoning-agent-eval-v3.1
2026-09-05T09:40:00+09:00,CMP-S01-L04-01,S01,S01-L04,1,running,174.0348,457.1024,104.4841,47.7826,1.4869,B,relation-reasoning-agent-eval-v3.1
2026-09-05T09:40:00+09:00,CMP-S01-L05-01,S01,S01-L05,1,running,175.537,436.3241,102.3967,36.7603,-0.8856,A,relation-reasoning-agent-eval-v3.1
2026-09-05T09:50:00+09:00,CMP-S01-L01-01,S01,S01-L01,1,running,181.2592,417.4474,107.0566,39.0768,-0.1397,A,relation-reasoning-agent-eval-v3.1
2026-09-05T09:50:00+09:00,CMP-S01-L02-01,S01,S01-L02,1,running,177.9665,393.9823,99.0038,40.6951,0.2994,A,relation-reasoning-agent-eval-v3.1
2026-09-05T09:50:00+09:00,CMP-S01-L03-01,S01,S01-L03,1,running,150.24,363.2616,102.9338,39.3695,-0.2205,A,relation-reasoning-agent-eval-v3.1
2026-09-05T09:50:00+09:00,CMP-S01-L04-01,S01,S01-L04,1,running,174.9957,459.8519,107.3973,43.5984,0.7121,A,relation-reasoning-agent-eval-v3.1
2026-09-05T09:50:00+09:00,CMP-S01-L05-01,S01,S01-L05,1,running,192.8342,407.7108,105.3089,35.9569,-1.0344,B,relation-reasoning-agent-eval-v3.1
2026-09-05T10:00:00+09:00,CMP-S01-L01-01,S01,S01-L01,1,running,192.0179,395.8753,101.7992,34.0309,-1.0741,B,relation-reasoning-agent-eval-v3.1
2026-09-05T10:00:00+09:00,CMP-S01-L02-01,S01,S01-L02,1,running,177.1057,408.2526,102.249,40.9062,0.3385,A,relation-reasoning-agent-eval-v3.1
2026-09-05T10:00:00+09:00,CMP-S01-L03-01,S01,S01-L03,1,running,157.0617,392.4577,104.8446,39.2049,-0.251,A,relation-reasoning-agent-eval-v3.1
2026-09-05T10:00:00+09:00,CMP-S01-L04-01,S01,S01-L04,1,running,165.1658,455.7887,110.0964,47.2805,1.394,B,relation-reasoning-agent-eval-v3.1
2026-09-05T10:00:00+09:00,CMP-S01-L05-01,S01,S01-L05,1,running,180.4862,414.5748,102.6038,41.9777,0.0806,A,relation-reasoning-agent-eval-v3.1
2026-09-05T10:10:00+09:00,CMP-S01-L01-01,S01,S01-L01,1,running,187.0307,333.6551,95.5598,35.5908,-0.7853,A,relation-reasoning-agent-eval-v3.1
2026-09-05T10:10:00+09:00,CMP-S01-L02-01,S01,S01-L02,1,running,174.0988,368.3018,100.7439,37.8066,-0.2355,A,relation-reasoning-agent-eval-v3.1
2026-09-05T10:10:00+09:00,CMP-S01-L03-01,S01,S01-L03,1,running,175.9383,411.6639,103.1455,44.8963,0.8029,A,relation-reasoning-agent-eval-v3.1
2026-09-05T10:10:00+09:00,CMP-S01-L04-01,S01,S01-L04,1,running,149.8773,457.3368,114.2048,44.7989,0.9344,A,relation-reasoning-agent-eval-v3.1
2026-09-05T10:10:00+09:00,CMP-S01-L05-01,S01,S01-L05,1,running,175.0979,423.0473,102.8098,47.9137,1.1798,B,relation-reasoning-agent-eval-v3.1
2026-09-05T10:20:00+09:00,CMP-S01-L01-01,S01,S01-L01,1,running,182.835,424.7144,92.2638,39.9129,0.0151,A,relation-reasoning-agent-eval-v3.1
2026-09-05T10:20:00+09:00,CMP-S01-L02-01,S01,S01-L02,1,running,171.3312,399.7808,109.0451,33.757,-0.9854,A,relation-reasoning-agent-eval-v3.1
2026-09-05T10:20:00+09:00,CMP-S01-L03-01,S01,S01-L03,1,running,177.8306,397.97,106.7003,40.7154,0.0287,A,relation-reasoning-agent-eval-v3.1
2026-09-05T10:20:00+09:00,CMP-S01-L04-01,S01,S01-L04,1,running,162.0496,470.2481,117.0737,47.3505,1.4069,B,relation-reasoning-agent-eval-v3.1
2026-09-05T10:20:00+09:00,CMP-S01-L05-01,S01,S01-L05,1,running,169.9859,404.7306,104.1179,44.3998,0.5291,A,relation-reasoning-agent-eval-v3.1
2026-09-05T10:30:00+09:00,CMP-S01-L01-01,S01,S01-L01,1,running,181.508,475.0508,95.2532,33.9565,-1.0879,B,relation-reasoning-agent-eval-v3.1
2026-09-05T10:30:00+09:00,CMP-S01-L02-01,S01,S01-L02,1,running,161.9037,397.0556,110.0946,31.4383,-1.4148,B,relation-reasoning-agent-eval-v3.1
2026-09-05T10:30:00+09:00,CMP-S01-L03-01,S01,S01-L03,1,running,174.4874,412.3103,105.8611,35.9613,-0.8517,A,relation-reasoning-agent-eval-v3.1
2026-09-05T10:30:00+09:00,CMP-S01-L04-01,S01,S01-L04,1,running,159.5835,463.3857,118.5987,44.6188,0.9011,A,relation-reasoning-agent-eval-v3.1
2026-09-05T10:30:00+09:00,CMP-S01-L05-01,S01,S01-L05,1,running,174.3725,443.5733,106.3561,36.6513,-0.9058,A,relation-reasoning-agent-eval-v3.1
2026-09-05T10:40:00+09:00,CMP-S01-L01-01,S01,S01-L01,1,running,173.2991,428.1396,95.5633,30.225,-1.7789,B,relation-reasoning-agent-eval-v3.1
2026-09-05T10:40:00+09:00,CMP-S01-L02-01,S01,S01-L02,1,running,151.715,366.6432,111.5872,37.3523,-0.3196,A,relation-reasoning-agent-eval-v3.1
2026-09-05T10:40:00+09:00,CMP-S01-L03-01,S01,S01-L03,1,running,173.5227,421.8537,105.581,33.3649,-1.3325,B,relation-reasoning-agent-eval-v3.1
2026-09-05T10:40:00+09:00,CMP-S01-L04-01,S01,S01-L04,1,running,150.8086,481.3639,117.0106,38.8517,-0.1669,A,relation-reasoning-agent-eval-v3.1
2026-09-05T10:40:00+09:00,CMP-S01-L05-01,S01,S01-L05,1,running,176.7143,405.3247,107.5747,39.7012,-0.341,A,relation-reasoning-agent-eval-v3.1
2026-09-05T10:50:00+09:00,CMP-S01-L01-01,S01,S01-L01,1,running,176.8897,440.3507,91.5989,29.2953,-1.9511,B,relation-reasoning-agent-eval-v3.1
2026-09-05T10:50:00+09:00,CMP-S01-L02-01,S01,S01-L02,1,running,167.6848,404.6919,108.9688,42.2944,0.5956,A,relation-reasoning-agent-eval-v3.1
2026-09-05T10:50:00+09:00,CMP-S01-L03-01,S01,S01-L03,1,running,171.3989,438.1978,94.018,33.9976,-1.2154,B,relation-reasoning-agent-eval-v3.1
2026-09-05T10:50:00+09:00,CMP-S01-L04-01,S01,S01-L04,1,running,165.9445,477.9268,109.8276,34.6532,-0.9444,A,relation-reasoning-agent-eval-v3.1
2026-09-05T10:50:00+09:00,CMP-S01-L05-01,S01,S01-L05,1,running,190.654,387.3469,101.9501,40.5841,-0.1775,A,relation-reasoning-agent-eval-v3.1
2026-09-05T11:00:00+09:00,CMP-S01-L01-01,S01,S01-L01,1,running,178.8016,400.3078,99.1257,25.4997,-2.654,C,relation-reasoning-agent-eval-v3.1
2026-09-05T11:00:00+09:00,CMP-S01-L02-01,S01,S01-L02,1,running,165.0869,418.5626,111.1392,42.318,0.6,A,relation-reasoning-agent-eval-v3.1
2026-09-05T11:00:00+09:00,CMP-S01-L03-01,S01,S01-L03,1,running,168.7446,373.2852,102.8933,36.7246,-0.7103,A,relation-reasoning-agent-eval-v3.1
2026-09-05T11:00:00+09:00,CMP-S01-L04-01,S01,S01-L04,1,running,171.8671,461.9573,104.1561,42.7691,0.5585,A,relation-reasoning-agent-eval-v3.1
2026-09-05T11:00:00+09:00,CMP-S01-L05-01,S01,S01-L05,1,running,184.4873,409.5589,103.6561,48.2991,1.2512,B,relation-reasoning-agent-eval-v3.1
2026-09-05T11:10:00+09:00,CMP-S01-L01-01,S01,S01-L01,1,running,175.6486,435.4355,106.3562,31.4977,-1.5432,B,relation-reasoning-agent-eval-v3.1
2026-09-05T11:10:00+09:00,CMP-S01-L02-01,S01,S01-L02,1,running,175.9917,419.9276,104.9588,36.0509,-0.5606,A,relation-reasoning-agent-eval-v3.1
2026-09-05T11:10:00+09:00,CMP-S01-L03-01,S01,S01-L03,1,running,184.8369,400.7175,102.4235,34.8702,-1.0537,B,relation-reasoning-agent-eval-v3.1
2026-09-05T11:10:00+09:00,CMP-S01-L04-01,S01,S01-L04,1,running,162.8887,493.4802,102.1206,38.7467,-0.1864,A,relation-reasoning-agent-eval-v3.1
2026-09-05T11:10:00+09:00,CMP-S01-L05-01,S01,S01-L05,1,running,184.203,386.012,105.0287,38.0124,-0.6538,A,relation-reasoning-agent-eval-v3.1
2026-09-05T11:20:00+09:00,CMP-S01-L01-01,S01,S01-L01,1,running,175.2934,453.7532,104.4194,37.9418,-0.3499,A,relation-reasoning-agent-eval-v3.1
2026-09-05T11:20:00+09:00,CMP-S01-L02-01,S01,S01-L02,1,running,188.1123,459.7409,103.6723,35.0647,-0.7433,A,relation-reasoning-agent-eval-v3.1
2026-09-05T11:20:00+09:00,CMP-S01-L03-01,S01,S01-L03,1,running,168.3752,430.9945,99.9542,35.0067,-1.0285,B,relation-reasoning-agent-eval-v3.1
2026-09-05T11:20:00+09:00,CMP-S01-L04-01,S01,S01-L04,1,running,165.0921,533.4442,101.9306,44.5515,0.8886,A,relation-reasoning-agent-eval-v3.1
2026-09-05T11:20:00+09:00,CMP-S01-L05-01,S01,S01-L05,1,running,182.1204,392.0288,102.1551,33.379,-1.5118,B,relation-reasoning-agent-eval-v3.1
2026-09-05T11:30:00+09:00,CMP-S01-L01-01,S01,S01-L01,1,running,170.0311,461.6699,104.5626,32.0751,-1.4363,B,relation-reasoning-agent-eval-v3.1
2026-09-05T11:30:00+09:00,CMP-S01-L02-01,S01,S01-L02,1,running,200.0774,476.6142,105.2116,29.612,-1.753,B,relation-reasoning-agent-eval-v3.1
2026-09-05T11:30:00+09:00,CMP-S01-L03-01,S01,S01-L03,1,running,169.4908,442.9933,99.7802,37.14,-0.6334,A,relation-reasoning-agent-eval-v3.1
2026-09-05T11:30:00+09:00,CMP-S01-L04-01,S01,S01-L04,1,running,174.5085,466.2453,105.6072,39.658,-0.0176,A,relation-reasoning-agent-eval-v3.1
2026-09-05T11:30:00+09:00,CMP-S01-L05-01,S01,S01-L05,1,running,179.9496,380.0723,100.7546,33.6865,-1.4548,B,relation-reasoning-agent-eval-v3.1
2026-09-05T11:40:00+09:00,CMP-S01-L01-01,S01,S01-L01,1,running,173.9846,461.4046,102.1595,34.8299,-0.9262,A,relation-reasoning-agent-eval-v3.1
2026-09-05T11:40:00+09:00,CMP-S01-L02-01,S01,S01-L02,1,running,199.4131,491.8128,98.8308,38.2825,-0.1474,A,relation-reasoning-agent-eval-v3.1
2026-09-05T11:40:00+09:00,CMP-S01-L03-01,S01,S01-L03,1,running,174.4294,437.9337,99.369,38.2572,-0.4265,A,relation-reasoning-agent-eval-v3.1
2026-09-05T11:40:00+09:00,CMP-S01-L04-01,S01,S01-L04,1,running,179.9353,448.7047,108.7582,38.9416,-0.1503,A,relation-reasoning-agent-eval-v3.1
2026-09-05T11:40:00+09:00,CMP-S01-L05-01,S01,S01-L05,1,running,188.3055,404.3919,98.5053,33.8853,-1.418,B,relation-reasoning-agent-eval-v3.1
2026-09-05T11:50:00+09:00,CMP-S01-L01-01,S01,S01-L01,1,running,181.1253,430.9142,101.369,31.3813,-1.5648,B,relation-reasoning-agent-eval-v3.1
2026-09-05T11:50:00+09:00,CMP-S01-L02-01,S01,S01-L02,1,running,184.6474,458.558,91.5928,43.5337,0.8251,A,relation-reasoning-agent-eval-v3.1
2026-09-05T11:50:00+09:00,CMP-S01-L03-01,S01,S01-L03,1,running,203.1393,432.8571,99.5945,36.0178,-0.8412,A,relation-reasoning-agent-eval-v3.1
2026-09-05T11:50:00+09:00,CMP-S01-L04-01,S01,S01-L04,1,running,184.2608,409.6907,99.5849,40.4425,0.1277,A,relation-reasoning-agent-eval-v3.1
2026-09-05T11:50:00+09:00,CMP-S01-L05-01,S01,S01-L05,1,running,177.9498,389.0928,99.4278,37.4024,-0.7667,A,relation-reasoning-agent-eval-v3.1
2026-09-05T12:00:00+09:00,CMP-S01-L01-01,S01,S01-L01,1,running,163.2154,386.9173,103.0622,37.8234,-0.3718,A,relation-reasoning-agent-eval-v3.1
2026-09-05T12:00:00+09:00,CMP-S01-L02-01,S01,S01-L02,1,running,186.1128,396.3191,76.6419,42.7393,0.678,A,relation-reasoning-agent-eval-v3.1
2026-09-05T12:00:00+09:00,CMP-S01-L03-01,S01,S01-L03,1,running,185.2361,489.0929,103.1599,30.2595,-1.9076,B,relation-reasoning-agent-eval-v3.1
2026-09-05T12:00:00+09:00,CMP-S01-L04-01,S01,S01-L04,1,running,183.2893,429.4781,103.4679,32.8914,-1.2707,B,relation-reasoning-agent-eval-v3.1
2026-09-05T12:00:00+09:00,CMP-S01-L05-01,S01,S01-L05,1,running,176.2133,366.0008,92.1198,38.8516,-0.4983,A,relation-reasoning-agent-eval-v3.1
2026-09-05T12:10:00+09:00,CMP-S01-L01-01,S01,S01-L01,1,running,164.2239,378.3441,100.0704,41.0924,0.2335,A,relation-reasoning-agent-eval-v3.1
2026-09-05T12:10:00+09:00,CMP-S01-L02-01,S01,S01-L02,1,running,164.8059,424.726,80.1275,41.6199,0.4707,A,relation-reasoning-agent-eval-v3.1
2026-09-05T12:10:00+09:00,CMP-S01-L03-01,S01,S01-L03,1,running,187.2042,471.2661,106.7854,37.9966,-0.4748,A,relation-reasoning-agent-eval-v3.1
2026-09-05T12:10:00+09:00,CMP-S01-L04-01,S01,S01-L04,1,running,181.9369,386.5671,102.2884,31.0058,-1.6199,B,relation-reasoning-agent-eval-v3.1
2026-09-05T12:10:00+09:00,CMP-S01-L05-01,S01,S01-L05,1,running,162.3344,352.6736,93.2299,42.0759,0.0988,A,relation-reasoning-agent-eval-v3.1
2026-09-05T12:20:00+09:00,CMP-S01-L01-01,S01,S01-L01,1,running,164.7657,445.4633,103.4844,41.7973,0.3641,A,relation-reasoning-agent-eval-v3.1
2026-09-05T12:20:00+09:00,CMP-S01-L02-01,S01,S01-L02,1,running,160.7357,424.7631,87.5384,40.8089,0.3205,A,relation-reasoning-agent-eval-v3.1
2026-09-05T12:20:00+09:00,CMP-S01-L03-01,S01,S01-L03,1,running,184.877,492.0707,99.1938,34.4148,-1.1381,B,relation-reasoning-agent-eval-v3.1
2026-09-05T12:20:00+09:00,CMP-S01-L04-01,S01,S01-L04,1,running,183.4311,457.8302,104.0819,31.5137,-1.5258,B,relation-reasoning-agent-eval-v3.1
2026-09-05T12:20:00+09:00,CMP-S01-L05-01,S01,S01-L05,1,running,166.2896,404.946,88.431,40.4158,-0.2087,A,relation-reasoning-agent-eval-v3.1
2026-09-05T12:30:00+09:00,CMP-S01-L01-01,S01,S01-L01,1,running,169.1734,440.8258,96.4526,40.4362,0.112,A,relation-reasoning-agent-eval-v3.1
2026-09-05T12:30:00+09:00,CMP-S01-L02-01,S01,S01-L02,1,running,160.1325,448.9678,89.9172,40.8217,0.3229,A,relation-reasoning-agent-eval-v3.1
2026-09-05T12:30:00+09:00,CMP-S01-L03-01,S01,S01-L03,1,running,198.8229,466.8621,101.3423,36.1988,-0.8077,A,relation-reasoning-agent-eval-v3.1
2026-09-05T12:30:00+09:00,CMP-S01-L04-01,S01,S01-L04,1,running,182.9027,492.7862,104.889,36.2776,-0.6436,A,relation-reasoning-agent-eval-v3.1
2026-09-05T12:30:00+09:00,CMP-S01-L05-01,S01,S01-L05,1,running,175.1646,393.1525,90.0556,40.8979,-0.1194,A,relation-reasoning-agent-eval-v3.1
2026-09-05T12:40:00+09:00,CMP-S01-L01-01,S01,S01-L01,1,running,163.1947,469.9933,93.7575,41.9419,0.3909,A,relation-reasoning-agent-eval-v3.1
2026-09-05T12:40:00+09:00,CMP-S01-L02-01,S01,S01-L02,1,running,178.5784,481.6522,87.5872,37.3946,-0.3118,A,relation-reasoning-agent-eval-v3.1
2026-09-05T12:40:00+09:00,CMP-S01-L03-01,S01,S01-L03,1,running,181.0916,427.1541,99.0562,45.3803,0.8926,A,relation-reasoning-agent-eval-v3.1
2026-09-05T12:40:00+09:00,CMP-S01-L04-01,S01,S01-L04,1,running,170.0957,533.4236,94.3132,39.8645,0.0206,A,relation-reasoning-agent-eval-v3.1
2026-09-05T12:40:00+09:00,CMP-S01-L05-01,S01,S01-L05,1,running,164.9759,415.7739,91.893,39.0384,-0.4637,A,relation-reasoning-agent-eval-v3.1
2026-09-05T12:50:00+09:00,CMP-S01-L01-01,S01,S01-L01,1,running,170.8397,444.0187,94.704,43.0872,0.603,A,relation-reasoning-agent-eval-v3.1
2026-09-05T12:50:00+09:00,CMP-S01-L02-01,S01,S01-L02,1,running,168.1104,458.3477,88.8784,44.2441,0.9566,A,relation-reasoning-agent-eval-v3.1
2026-09-05T12:50:00+09:00,CMP-S01-L03-01,S01,S01-L03,1,running,171.654,441.1837,98.3917,47.1834,1.2265,B,relation-reasoning-agent-eval-v3.1
2026-09-05T12:50:00+09:00,CMP-S01-L04-01,S01,S01-L04,1,running,171.5616,505.6769,99.0847,44.8316,0.9405,A,relation-reasoning-agent-eval-v3.1
2026-09-05T12:50:00+09:00,CMP-S01-L05-01,S01,S01-L05,1,running,176.7254,450.8677,93.2778,43.3371,0.3323,A,relation-reasoning-agent-eval-v3.1
2026-09-05T13:00:00+09:00,CMP-S01-L01-01,S01,S01-L01,1,running,176.2861,471.2571,95.8293,38.3791,-0.2689,A,relation-reasoning-agent-eval-v3.1
2026-09-05T13:00:00+09:00,CMP-S01-L02-01,S01,S01-L02,1,running,179.0995,449.5031,89.4937,38.8584,-0.0407,A,relation-reasoning-agent-eval-v3.1
2026-09-05T13:00:00+09:00,CMP-S01-L03-01,S01,S01-L03,1,running,182.5171,418.723,100.1935,45.8403,0.9777,A,relation-reasoning-agent-eval-v3.1
2026-09-05T13:00:00+09:00,CMP-S01-L04-01,S01,S01-L04,1,running,178.7877,473.3473,95.4553,50.5834,2.0056,C,relation-reasoning-agent-eval-v3.1
2026-09-05T13:00:00+09:00,CMP-S01-L05-01,S01,S01-L05,1,running,173.1775,414.3701,99.4059,45.0638,0.6521,A,relation-reasoning-agent-eval-v3.1
2026-09-05T13:10:00+09:00,CMP-S01-L01-01,S01,S01-L01,1,running,165.047,457.3559,97.2957,35.7274,-0.76,A,relation-reasoning-agent-eval-v3.1
2026-09-05T13:10:00+09:00,CMP-S01-L02-01,S01,S01-L02,1,running,181.9188,387.5888,95.7339,40.0906,0.1875,A,relation-reasoning-agent-eval-v3.1
2026-09-05T13:10:00+09:00,CMP-S01-L03-01,S01,S01-L03,1,running,181.6439,423.8181,101.8717,40.8394,0.0517,A,relation-reasoning-agent-eval-v3.1
2026-09-05T13:10:00+09:00,CMP-S01-L04-01,S01,S01-L04,1,running,190.3023,481.4908,102.253,47.998,1.5268,B,relation-reasoning-agent-eval-v3.1
2026-09-05T13:10:00+09:00,CMP-S01-L05-01,S01,S01-L05,1,running,178.3299,457.316,97.8357,50.3193,1.6253,B,relation-reasoning-agent-eval-v3.1
2026-09-05T13:20:00+09:00,CMP-S01-L01-01,S01,S01-L01,1,running,159.7497,506.6953,102.7775,34.9766,-0.899,A,relation-reasoning-agent-eval-v3.1
2026-09-05T13:20:00+09:00,CMP-S01-L02-01,S01,S01-L02,1,running,179.5437,385.012,102.4718,45.2522,1.1433,B,relation-reasoning-agent-eval-v3.1
2026-09-05T13:20:00+09:00,CMP-S01-L03-01,S01,S01-L03,1,running,163.6112,412.82,102.9349,39.7089,-0.1577,A,relation-reasoning-agent-eval-v3.1
2026-09-05T13:20:00+09:00,CMP-S01-L04-01,S01,S01-L04,1,running,178.6497,449.4384,107.7746,45.7535,1.1112,B,relation-reasoning-agent-eval-v3.1
2026-09-05T13:20:00+09:00,CMP-S01-L05-01,S01,S01-L05,1,running,163.8017,425.2068,97.9377,48.3462,1.2599,B,relation-reasoning-agent-eval-v3.1
2026-09-05T13:30:00+09:00,CMP-S01-L01-01,S01,S01-L01,1,running,176.3555,479.1154,101.3316,40.4507,0.1147,A,relation-reasoning-agent-eval-v3.1
2026-09-05T13:30:00+09:00,CMP-S01-L02-01,S01,S01-L02,1,running,179.9602,392.1634,105.6349,41.5306,0.4541,A,relation-reasoning-agent-eval-v3.1
2026-09-05T13:30:00+09:00,CMP-S01-L03-01,S01,S01-L03,1,running,150.4211,423.144,98.2133,36.8915,-0.6794,A,relation-reasoning-agent-eval-v3.1
2026-09-05T13:30:00+09:00,CMP-S01-L04-01,S01,S01-L04,1,running,178.4215,405.3023,109.5469,51.796,2.2302,C,relation-reasoning-agent-eval-v3.1
2026-09-05T13:30:00+09:00,CMP-S01-L05-01,S01,S01-L05,1,running,160.7912,390.4676,97.9618,49.401,1.4553,B,relation-reasoning-agent-eval-v3.1
2026-09-05T13:40:00+09:00,CMP-S01-L01-01,S01,S01-L01,1,running,186.0528,481.5614,100.7847,43.643,0.7059,A,relation-reasoning-agent-eval-v3.1
2026-09-05T13:40:00+09:00,CMP-S01-L02-01,S01,S01-L02,1,running,185.0688,381.6058,97.4187,45.8575,1.2554,B,relation-reasoning-agent-eval-v3.1
2026-09-05T13:40:00+09:00,CMP-S01-L03-01,S01,S01-L03,1,running,143.3819,408.1298,103.0119,33.7233,-1.2661,B,relation-reasoning-agent-eval-v3.1
2026-09-05T13:40:00+09:00,CMP-S01-L04-01,S01,S01-L04,1,running,172.9611,458.0833,111.302,49.5519,1.8146,B,relation-reasoning-agent-eval-v3.1
2026-09-05T13:40:00+09:00,CMP-S01-L05-01,S01,S01-L05,1,running,152.0221,445.4277,101.2339,43.6789,0.3956,A,relation-reasoning-agent-eval-v3.1
2026-09-05T13:50:00+09:00,CMP-S01-L01-01,S01,S01-L01,1,running,178.9744,420.9617,104.1806,42.6569,0.5233,A,relation-reasoning-agent-eval-v3.1
2026-09-05T13:50:00+09:00,CMP-S01-L02-01,S01,S01-L02,1,running,168.0925,378.647,93.0358,45.0173,1.0998,B,relation-reasoning-agent-eval-v3.1
2026-09-05T13:50:00+09:00,CMP-S01-L03-01,S01,S01-L03,1,running,138.8355,403.9641,99.3744,45.6826,0.9485,A,relation-reasoning-agent-eval-v3.1
2026-09-05T13:50:00+09:00,CMP-S01-L04-01,S01,S01-L04,1,running,166.4491,427.009,108.4337,49.7957,1.8597,B,relation-reasoning-agent-eval-v3.1
2026-09-05T13:50:00+09:00,CMP-S01-L05-01,S01,S01-L05,1,running,161.8991,432.7312,101.6886,43.1538,0.2984,A,relation-reasoning-agent-eval-v3.1
2026-09-05T14:00:00+09:00,CMP-S01-L01-01,S01,S01-L01,1,running,168.2998,437.7496,100.4556,42.9148,0.571,A,relation-reasoning-agent-eval-v3.1
2026-09-05T14:00:00+09:00,CMP-S01-L02-01,S01,S01-L02,1,running,174.4986,417.3442,93.9676,50.1388,2.0482,C,relation-reasoning-agent-eval-v3.1
2026-09-05T14:00:00+09:00,CMP-S01-L03-01,S01,S01-L03,1,running,154.2405,444.3911,97.5148,43.6358,0.5695,A,relation-reasoning-agent-eval-v3.1
2026-09-05T14:00:00+09:00,CMP-S01-L04-01,S01,S01-L04,1,running,172.6082,416.5735,101.1653,41.8329,0.3851,A,relation-reasoning-agent-eval-v3.1
2026-09-05T14:00:00+09:00,CMP-S01-L05-01,S01,S01-L05,1,running,154.3366,456.8535,105.9369,44.241,0.4997,A,relation-reasoning-agent-eval-v3.1
2026-09-05T14:10:00+09:00,CMP-S01-L01-01,S01,S01-L01,1,running,174.459,422.6169,101.3508,35.3971,-0.8211,A,relation-reasoning-agent-eval-v3.1
2026-09-05T14:10:00+09:00,CMP-S01-L02-01,S01,S01-L02,1,running,176.4045,419.6783,101.4695,48.1168,1.6738,B,relation-reasoning-agent-eval-v3.1
2026-09-05T14:10:00+09:00,CMP-S01-L03-01,S01,S01-L03,1,running,155.835,451.4589,95.7876,45.7616,0.9632,A,relation-reasoning-agent-eval-v3.1
2026-09-05T14:10:00+09:00,CMP-S01-L04-01,S01,S01-L04,1,running,165.1301,469.5612,103.0031,40.7522,0.185,A,relation-reasoning-agent-eval-v3.1
2026-09-05T14:10:00+09:00,CMP-S01-L05-01,S01,S01-L05,1,running,151.6707,514.2445,105.7664,45.4417,0.7221,A,relation-reasoning-agent-eval-v3.1
2026-09-05T14:20:00+09:00,CMP-S01-L01-01,S01,S01-L01,1,running,176.0132,442.2846,89.5095,41.5895,0.3256,A,relation-reasoning-agent-eval-v3.1
2026-09-05T14:20:00+09:00,CMP-S01-L02-01,S01,S01-L02,1,running,165.2664,424.0274,102.0843,49.3204,1.8967,B,relation-reasoning-agent-eval-v3.1
2026-09-05T14:20:00+09:00,CMP-S01-L03-01,S01,S01-L03,1,running,160.3141,474.182,103.3352,43.452,0.5355,A,relation-reasoning-agent-eval-v3.1
2026-09-05T14:20:00+09:00,CMP-S01-L04-01,S01,S01-L04,1,running,178.3659,406.282,104.4568,48.9805,1.7088,B,relation-reasoning-agent-eval-v3.1
2026-09-05T14:20:00+09:00,CMP-S01-L05-01,S01,S01-L05,1,running,178.6893,524.9168,103.2215,42.9357,0.258,A,relation-reasoning-agent-eval-v3.1
2026-09-05T14:30:00+09:00,CMP-S01-L01-01,S01,S01-L01,1,running,187.4154,490.2285,92.1787,35.5897,-0.7855,A,relation-reasoning-agent-eval-v3.1
2026-09-05T14:30:00+09:00,CMP-S01-L02-01,S01,S01-L02,1,running,169.1719,417.3175,108.3132,42.9562,0.7181,A,relation-reasoning-agent-eval-v3.1
2026-09-05T14:30:00+09:00,CMP-S01-L03-01,S01,S01-L03,1,running,154.4181,451.4623,103.5232,43.1372,0.4772,A,relation-reasoning-agent-eval-v3.1
2026-09-05T14:30:00+09:00,CMP-S01-L04-01,S01,S01-L04,1,running,173.304,470.4092,107.1768,44.7008,0.9162,A,relation-reasoning-agent-eval-v3.1
2026-09-05T14:30:00+09:00,CMP-S01-L05-01,S01,S01-L05,1,running,169.4865,456.217,106.2497,41.1729,-0.0685,A,relation-reasoning-agent-eval-v3.1
2026-09-05T14:40:00+09:00,CMP-S01-L01-01,S01,S01-L01,1,running,176.3638,511.5907,96.5276,27.7662,-2.2343,C,relation-reasoning-agent-eval-v3.1
2026-09-05T14:40:00+09:00,CMP-S01-L02-01,S01,S01-L02,1,running,172.9451,388.8169,109.6865,41.7928,0.5027,A,relation-reasoning-agent-eval-v3.1
2026-09-05T14:40:00+09:00,CMP-S01-L03-01,S01,S01-L03,1,running,143.6467,453.5885,95.822,48.9694,1.5572,B,relation-reasoning-agent-eval-v3.1
2026-09-05T14:40:00+09:00,CMP-S01-L04-01,S01,S01-L04,1,running,145.1148,490.17,108.7638,40.679,0.1715,A,relation-reasoning-agent-eval-v3.1
2026-09-05T14:40:00+09:00,CMP-S01-L05-01,S01,S01-L05,1,running,174.1684,456.017,107.2604,41.5354,-0.0013,A,relation-reasoning-agent-eval-v3.1
2026-09-05T14:50:00+09:00,CMP-S01-L01-01,S01,S01-L01,1,running,180.9605,481.0659,96.259,30.2585,-1.7727,B,relation-reasoning-agent-eval-v3.1
2026-09-05T14:50:00+09:00,CMP-S01-L02-01,S01,S01-L02,1,running,165.7065,388.3378,102.1366,44.3312,0.9728,A,relation-reasoning-agent-eval-v3.1
2026-09-05T14:50:00+09:00,CMP-S01-L03-01,S01,S01-L03,1,running,144.3333,451.847,90.9581,48.3372,1.4401,B,relation-reasoning-agent-eval-v3.1
2026-09-05T14:50:00+09:00,CMP-S01-L04-01,S01,S01-L04,1,running,154.9716,512.5768,111.2542,41.181,0.2644,A,relation-reasoning-agent-eval-v3.1
2026-09-05T14:50:00+09:00,CMP-S01-L05-01,S01,S01-L05,1,running,178.832,435.9568,101.4032,33.3361,-1.5197,B,relation-reasoning-agent-eval-v3.1
2026-09-05T15:00:00+09:00,CMP-S01-L01-01,S01,S01-L01,1,running,165.0956,472.8159,91.4443,29.3938,-1.9329,B,relation-reasoning-agent-eval-v3.1
2026-09-05T15:00:00+09:00,CMP-S01-L02-01,S01,S01-L02,1,running,179.6776,383.9095,96.5475,38.5646,-0.0951,A,relation-reasoning-agent-eval-v3.1
2026-09-05T15:00:00+09:00,CMP-S01-L03-01,S01,S01-L03,1,running,140.6502,437.1473,89.79,43.2678,0.5014,A,relation-reasoning-agent-eval-v3.1
2026-09-05T15:00:00+09:00,CMP-S01-L04-01,S01,S01-L04,1,running,160.3773,505.3318,102.6131,38.4441,-0.2424,A,relation-reasoning-agent-eval-v3.1
2026-09-05T15:00:00+09:00,CMP-S01-L05-01,S01,S01-L05,1,running,181.5245,431.3196,97.43,43.3659,0.3376,A,relation-reasoning-agent-eval-v3.1
2026-09-05T15:10:00+09:00,CMP-S01-L01-01,S01,S01-L01,1,running,158.5496,422.5798,93.1062,33.1256,-1.2418,B,relation-reasoning-agent-eval-v3.1
2026-09-05T15:10:00+09:00,CMP-S01-L02-01,S01,S01-L02,1,running,171.2303,418.378,100.6534,38.9691,-0.0202,A,relation-reasoning-agent-eval-v3.1
2026-09-05T15:10:00+09:00,CMP-S01-L03-01,S01,S01-L03,1,running,157.3839,483.9877,95.2157,51.7004,2.063,C,relation-reasoning-agent-eval-v3.1
2026-09-05T15:10:00+09:00,CMP-S01-L04-01,S01,S01-L04,1,running,152.3343,486.1291,99.9965,38.0841,-0.3091,A,relation-reasoning-agent-eval-v3.1
2026-09-05T15:10:00+09:00,CMP-S01-L05-01,S01,S01-L05,1,running,176.8209,469.6027,99.963,42.7369,0.2212,A,relation-reasoning-agent-eval-v3.1
2026-09-05T15:20:00+09:00,CMP-S01-L01-01,S01,S01-L01,1,running,164.2609,397.2363,89.8405,37.1293,-0.5004,A,relation-reasoning-agent-eval-v3.1
2026-09-05T15:20:00+09:00,CMP-S01-L02-01,S01,S01-L02,1,running,164.8585,415.567,106.335,36.8906,-0.4051,A,relation-reasoning-agent-eval-v3.1
2026-09-05T15:20:00+09:00,CMP-S01-L03-01,S01,S01-L03,1,running,163.9314,469.0312,98.0233,47.2938,1.2469,B,relation-reasoning-agent-eval-v3.1
2026-09-05T15:20:00+09:00,CMP-S01-L04-01,S01,S01-L04,1,running,148.592,508.0336,103.4691,30.004,-1.8054,B,relation-reasoning-agent-eval-v3.1
2026-09-05T15:20:00+09:00,CMP-S01-L05-01,S01,S01-L05,1,running,173.3441,423.5683,96.714,41.5759,0.0062,A,relation-reasoning-agent-eval-v3.1
2026-09-05T15:30:00+09:00,CMP-S01-L01-01,S01,S01-L01,1,running,160.4089,371.4236,87.5113,36.6163,-0.5954,A,relation-reasoning-agent-eval-v3.1
2026-09-05T15:30:00+09:00,CMP-S01-L02-01,S01,S01-L02,1,running,157.2724,397.1109,110.942,40.4675,0.2573,A,relation-reasoning-agent-eval-v3.1
2026-09-05T15:30:00+09:00,CMP-S01-L03-01,S01,S01-L03,1,running,152.6787,464.0627,101.9924,50.727,1.8827,B,relation-reasoning-agent-eval-v3.1
2026-09-05T15:30:00+09:00,CMP-S01-L04-01,S01,S01-L04,1,running,171.6461,490.9892,100.8339,34.1314,-1.0411,B,relation-reasoning-agent-eval-v3.1
2026-09-05T15:30:00+09:00,CMP-S01-L05-01,S01,S01-L05,1,running,181.6118,414.2636,96.4145,45.3167,0.6989,A,relation-reasoning-agent-eval-v3.1
2026-09-05T15:40:00+09:00,CMP-S01-L01-01,S01,S01-L01,1,running,166.0759,424.6576,91.1451,39.8893,0.0108,A,relation-reasoning-agent-eval-v3.1
2026-09-05T15:40:00+09:00,CMP-S01-L02-01,S01,S01-L02,1,running,171.0719,388.8749,107.5512,40.9516,0.3469,A,relation-reasoning-agent-eval-v3.1
2026-09-05T15:40:00+09:00,CMP-S01-L03-01,S01,S01-L03,1,running,145.3351,457.5504,96.8385,50.0874,1.7642,B,relation-reasoning-agent-eval-v3.1
2026-09-05T15:40:00+09:00,CMP-S01-L04-01,S01,S01-L04,1,running,184.5674,453.7794,110.5723,27.2032,-2.3241,C,relation-reasoning-agent-eval-v3.1
2026-09-05T15:40:00+09:00,CMP-S01-L05-01,S01,S01-L05,1,running,177.7879,409.9529,96.3253,44.0162,0.4581,A,relation-reasoning-agent-eval-v3.1
2026-09-05T15:50:00+09:00,CMP-S01-L01-01,S01,S01-L01,1,running,177.1147,400.9782,97.7448,42.6022,0.5131,A,relation-reasoning-agent-eval-v3.1
2026-09-05T15:50:00+09:00,CMP-S01-L02-01,S01,S01-L02,1,running,162.3872,365.1908,111.4447,42.6375,0.6591,A,relation-reasoning-agent-eval-v3.1
2026-09-05T15:50:00+09:00,CMP-S01-L03-01,S01,S01-L03,1,running,161.9886,485.6079,104.1748,51.7279,2.068,C,relation-reasoning-agent-eval-v3.1
2026-09-05T15:50:00+09:00,CMP-S01-L04-01,S01,S01-L04,1,running,179.8968,424.8411,103.7567,25.2657,-2.6829,C,relation-reasoning-agent-eval-v3.1
2026-09-05T15:50:00+09:00,CMP-S01-L05-01,S01,S01-L05,1,running,190.3569,400.7611,97.4601,44.4826,0.5444,A,relation-reasoning-agent-eval-v3.1
2026-09-05T16:00:00+09:00,CMP-S01-L01-01,S01,S01-L01,1,running,194.9941,441.4234,97.3297,42.245,0.447,A,relation-reasoning-agent-eval-v3.1
2026-09-05T16:00:00+09:00,CMP-S01-L02-01,S01,S01-L02,1,running,168.4608,393.5393,114.1992,45.7908,1.2431,B,relation-reasoning-agent-eval-v3.1
2026-09-05T16:00:00+09:00,CMP-S01-L03-01,S01,S01-L03,1,running,156.1761,462.9826,108.1917,48.1636,1.408,B,relation-reasoning-agent-eval-v3.1
2026-09-05T16:00:00+09:00,CMP-S01-L04-01,S01,S01-L04,1,running,176.9418,450.2724,108.144,19.1425,-3.8168,D,relation-reasoning-agent-eval-v3.1
2026-09-05T16:00:00+09:00,CMP-S01-L05-01,S01,S01-L05,1,running,193.5252,406.7235,97.0243,45.7094,0.7716,A,relation-reasoning-agent-eval-v3.1
2026-09-05T16:10:00+09:00,CMP-S01-L01-01,S01,S01-L01,1,running,195.5548,467.7892,99.0054,33.6845,-1.1383,B,relation-reasoning-agent-eval-v3.1
2026-09-05T16:10:00+09:00,CMP-S01-L02-01,S01,S01-L02,1,running,170.5707,385.0406,110.3292,44.3896,0.9836,A,relation-reasoning-agent-eval-v3.1
2026-09-05T16:10:00+09:00,CMP-S01-L03-01,S01,S01-L03,1,running,170.5079,461.5454,110.9571,42.3906,0.3389,A,relation-reasoning-agent-eval-v3.1
2026-09-05T16:10:00+09:00,CMP-S01-L04-01,S01,S01-L04,1,running,176.6372,468.0912,102.6176,26.023,-2.5426,C,relation-reasoning-agent-eval-v3.1
2026-09-05T16:10:00+09:00,CMP-S01-L05-01,S01,S01-L05,1,running,170.3504,385.5107,101.8041,45.2648,0.6893,A,relation-reasoning-agent-eval-v3.1
2026-09-05T16:20:00+09:00,CMP-S01-L01-01,S01,S01-L01,1,running,204.8593,468.9381,95.9315,37.2144,-0.4846,A,relation-reasoning-agent-eval-v3.1
2026-09-05T16:20:00+09:00,CMP-S01-L02-01,S01,S01-L02,1,running,189.6237,365.0391,109.2627,39.8886,0.1501,A,relation-reasoning-agent-eval-v3.1
2026-09-05T16:20:00+09:00,CMP-S01-L03-01,S01,S01-L03,1,running,173.6374,457.7576,106.2558,42.6645,0.3896,A,relation-reasoning-agent-eval-v3.1
2026-09-05T16:20:00+09:00,CMP-S01-L04-01,S01,S01-L04,1,running,178.0951,471.1141,101.1498,25.8501,-2.5746,C,relation-reasoning-agent-eval-v3.1
2026-09-05T16:20:00+09:00,CMP-S01-L05-01,S01,S01-L05,1,running,150.7372,408.0922,101.4985,40.1843,-0.2516,A,relation-reasoning-agent-eval-v3.1
2026-09-05T16:30:00+09:00,CMP-S01-L01-01,S01,S01-L01,1,running,191.0445,430.8954,95.0258,41.8125,0.3669,A,relation-reasoning-agent-eval-v3.1
2026-09-05T16:30:00+09:00,CMP-S01-L02-01,S01,S01-L02,1,running,176.8509,429.5451,106.6421,41.3715,0.4247,A,relation-reasoning-agent-eval-v3.1
2026-09-05T16:30:00+09:00,CMP-S01-L03-01,S01,S01-L03,1,running,179.2529,429.2598,106.9537,43.4154,0.5287,A,relation-reasoning-agent-eval-v3.1
2026-09-05T16:30:00+09:00,CMP-S01-L04-01,S01,S01-L04,1,running,173.608,468.7606,103.0536,25.6789,-2.6063,C,relation-reasoning-agent-eval-v3.1
2026-09-05T16:30:00+09:00,CMP-S01-L05-01,S01,S01-L05,1,running,166.1307,431.5076,97.565,36.811,-0.8762,A,relation-reasoning-agent-eval-v3.1
2026-09-05T16:40:00+09:00,CMP-S01-L01-01,S01,S01-L01,1,running,169.9328,427.9238,93.6249,37.1775,-0.4914,A,relation-reasoning-agent-eval-v3.1
2026-09-05T16:40:00+09:00,CMP-S01-L02-01,S01,S01-L02,1,running,166.3639,408.8484,105.5608,34.5783,-0.8333,A,relation-reasoning-agent-eval-v3.1
2026-09-05T16:40:00+09:00,CMP-S01-L03-01,S01,S01-L03,1,running,174.6387,434.9304,109.1956,40.0894,-0.0872,A,relation-reasoning-agent-eval-v3.1
2026-09-05T16:40:00+09:00,CMP-S01-L04-01,S01,S01-L04,1,running,162.2955,423.4576,102.9606,30.3052,-1.7496,B,relation-reasoning-agent-eval-v3.1
2026-09-05T16:40:00+09:00,CMP-S01-L05-01,S01,S01-L05,1,running,170.375,428.8744,100.4371,28.0428,-2.5,C,relation-reasoning-agent-eval-v3.1
2026-09-05T16:50:00+09:00,CMP-S01-L01-01,S01,S01-L01,1,running,170.1558,463.1192,94.0724,40.7787,0.1755,A,relation-reasoning-agent-eval-v3.1
2026-09-05T16:50:00+09:00,CMP-S01-L02-01,S01,S01-L02,1,running,162.3049,406.5041,107.9622,41.2843,0.4085,A,relation-reasoning-agent-eval-v3.1
2026-09-05T16:50:00+09:00,CMP-S01-L03-01,S01,S01-L03,1,running,179.6704,489.0369,108.6184,40.0032,-0.1032,A,relation-reasoning-agent-eval-v3.1
2026-09-05T16:50:00+09:00,CMP-S01-L04-01,S01,S01-L04,1,running,166.9759,404.7351,107.9041,30.971,-1.6263,B,relation-reasoning-agent-eval-v3.1
2026-09-05T16:50:00+09:00,CMP-S01-L05-01,S01,S01-L05,1,running,194.5061,482.0038,102.8465,38.0581,-0.6453,A,relation-reasoning-agent-eval-v3.1
2026-09-05T17:00:00+09:00,CMP-S01-L01-01,S01,S01-L01,1,running,159.9794,454.457,95.9735,37.8993,-0.3578,A,relation-reasoning-agent-eval-v3.1
2026-09-05T17:00:00+09:00,CMP-S01-L02-01,S01,S01-L02,1,running,173.9888,420.7386,108.8906,44.841,1.0672,B,relation-reasoning-agent-eval-v3.1
2026-09-05T17:00:00+09:00,CMP-S01-L03-01,S01,S01-L03,1,running,181.2595,479.6144,98.6727,48.294,1.4321,B,relation-reasoning-agent-eval-v3.1
2026-09-05T17:00:00+09:00,CMP-S01-L04-01,S01,S01-L04,1,running,167.362,428.9858,105.16,35.7004,-0.7505,A,relation-reasoning-agent-eval-v3.1
2026-09-05T17:00:00+09:00,CMP-S01-L05-01,S01,S01-L05,1,running,174.1272,438.7597,98.7585,33.8085,-1.4322,B,relation-reasoning-agent-eval-v3.1
2026-09-05T17:10:00+09:00,CMP-S01-L01-01,S01,S01-L01,1,running,167.7963,457.2294,101.0896,32.3245,-1.3901,B,relation-reasoning-agent-eval-v3.1
2026-09-05T17:10:00+09:00,CMP-S01-L02-01,S01,S01-L02,1,running,159.639,417.6415,107.1141,38.2617,-0.1512,A,relation-reasoning-agent-eval-v3.1
2026-09-05T17:10:00+09:00,CMP-S01-L03-01,S01,S01-L03,1,running,177.1174,463.9117,110.3039,46.0605,1.0185,B,relation-reasoning-agent-eval-v3.1
2026-09-05T17:10:00+09:00,CMP-S01-L04-01,S01,S01-L04,1,running,166.2394,434.5173,104.4343,31.2338,-1.5776,B,relation-reasoning-agent-eval-v3.1
2026-09-05T17:10:00+09:00,CMP-S01-L05-01,S01,S01-L05,1,running,189.1244,425.6947,94.9516,30.6857,-2.0105,C,relation-reasoning-agent-eval-v3.1
2026-09-05T17:20:00+09:00,CMP-S01-L01-01,S01,S01-L01,1,running,161.3426,451.991,92.3024,36.1849,-0.6752,A,relation-reasoning-agent-eval-v3.1
2026-09-05T17:20:00+09:00,CMP-S01-L02-01,S01,S01-L02,1,running,161.8168,422.6067,109.2208,39.4519,0.0692,A,relation-reasoning-agent-eval-v3.1
2026-09-05T17:20:00+09:00,CMP-S01-L03-01,S01,S01-L03,1,running,170.8221,427.165,105.5945,43.6715,0.5761,A,relation-reasoning-agent-eval-v3.1
2026-09-05T17:20:00+09:00,CMP-S01-L04-01,S01,S01-L04,1,running,178.8384,470.2528,101.5444,32.2403,-1.3912,B,relation-reasoning-agent-eval-v3.1
2026-09-05T17:20:00+09:00,CMP-S01-L05-01,S01,S01-L05,1,running,182.0605,415.5153,81.6508,36.6233,-0.911,A,relation-reasoning-agent-eval-v3.1
2026-09-05T17:30:00+09:00,CMP-S01-L01-01,S01,S01-L01,1,running,160.3278,461.1233,94.5576,33.4705,-1.1779,B,relation-reasoning-agent-eval-v3.1
2026-09-05T17:30:00+09:00,CMP-S01-L02-01,S01,S01-L02,1,running,164.8925,440.8402,109.769,43.212,0.7655,A,relation-reasoning-agent-eval-v3.1
2026-09-05T17:30:00+09:00,CMP-S01-L03-01,S01,S01-L03,1,running,170.0892,402.6664,101.8209,48.7714,1.5205,B,relation-reasoning-agent-eval-v3.1
2026-09-05T17:30:00+09:00,CMP-S01-L04-01,S01,S01-L04,1,running,195.216,484.4662,94.5519,28.9807,-1.9949,B,relation-reasoning-agent-eval-v3.1
2026-09-05T17:30:00+09:00,CMP-S01-L05-01,S01,S01-L05,1,running,177.6214,397.4527,93.6056,39.4384,-0.3897,A,relation-reasoning-agent-eval-v3.1
2026-09-05T17:40:00+09:00,CMP-S01-L01-01,S01,S01-L01,1,running,149.0215,447.633,90.0564,37.8979,-0.358,A,relation-reasoning-agent-eval-v3.1
2026-09-05T17:40:00+09:00,CMP-S01-L02-01,S01,S01-L02,1,running,147.1803,485.221,105.8029,40.2583,0.2185,A,relation-reasoning-agent-eval-v3.1
2026-09-05T17:40:00+09:00,CMP-S01-L03-01,S01,S01-L03,1,running,158.8286,413.6874,100.5557,53.4282,2.3829,C,relation-reasoning-agent-eval-v3.1
2026-09-05T17:40:00+09:00,CMP-S01-L04-01,S01,S01-L04,1,running,198.4632,512.2793,95.1829,33.2586,-1.2027,B,relation-reasoning-agent-eval-v3.1
2026-09-05T17:40:00+09:00,CMP-S01-L05-01,S01,S01-L05,1,running,185.7602,395.2344,89.1586,47.4593,1.0957,B,relation-reasoning-agent-eval-v3.1
2026-09-05T17:50:00+09:00,CMP-S01-L01-01,S01,S01-L01,1,running,147.5255,461.0027,93.738,35.1374,-0.8692,A,relation-reasoning-agent-eval-v3.1
2026-09-05T17:50:00+09:00,CMP-S01-L02-01,S01,S01-L02,1,running,156.0163,484.9599,108.0165,34.606,-0.8282,A,relation-reasoning-agent-eval-v3.1
2026-09-05T17:50:00+09:00,CMP-S01-L03-01,S01,S01-L03,1,running,159.192,415.0183,98.1535,49.7297,1.698,B,relation-reasoning-agent-eval-v3.1
2026-09-05T17:50:00+09:00,CMP-S01-L04-01,S01,S01-L04,1,running,199.0252,485.3879,97.8152,38.2998,-0.2691,A,relation-reasoning-agent-eval-v3.1
2026-09-05T17:50:00+09:00,CMP-S01-L05-01,S01,S01-L05,1,running,177.4226,432.7984,91.3372,39.9768,-0.29,A,relation-reasoning-agent-eval-v3.1
2026-09-05T18:00:00+09:00,CMP-S01-L01-01,S01,S01-L01,1,running,166.3861,459.7219,101.0896,38.8743,-0.1772,A,relation-reasoning-agent-eval-v3.1
2026-09-05T18:00:00+09:00,CMP-S01-L02-01,S01,S01-L02,1,running,169.4988,465.7041,107.5285,34.4399,-0.859,A,relation-reasoning-agent-eval-v3.1
2026-09-05T18:00:00+09:00,CMP-S01-L03-01,S01,S01-L03,1,running,171.8383,409.043,103.5365,44.626,0.7529,A,relation-reasoning-agent-eval-v3.1
2026-09-05T18:00:00+09:00,CMP-S01-L04-01,S01,S01-L04,1,running,170.5162,499.0067,91.4421,40.0876,0.0619,A,relation-reasoning-agent-eval-v3.1
2026-09-05T18:00:00+09:00,CMP-S01-L05-01,S01,S01-L05,1,running,181.2524,448.1755,84.5607,38.1538,-0.6276,A,relation-reasoning-agent-eval-v3.1
2026-09-05T18:10:00+09:00,CMP-S01-L01-01,S01,S01-L01,1,running,174.8097,439.6828,98.9546,46.0192,1.1459,B,relation-reasoning-agent-eval-v3.1
2026-09-05T18:10:00+09:00,CMP-S01-L02-01,S01,S01-L02,1,running,192.7501,451.9189,113.5394,32.0831,-1.2954,B,relation-reasoning-agent-eval-v3.1
2026-09-05T18:10:00+09:00,CMP-S01-L03-01,S01,S01-L03,1,running,154.7793,402.8382,96.2644,40.6531,0.0172,A,relation-reasoning-agent-eval-v3.1
2026-09-05T18:10:00+09:00,CMP-S01-L04-01,S01,S01-L04,1,running,180.9475,522.5547,104.5175,38.2372,-0.2807,A,relation-reasoning-agent-eval-v3.1
2026-09-05T18:10:00+09:00,CMP-S01-L05-01,S01,S01-L05,1,running,192.7195,475.2537,91.8976,43.4786,0.3585,A,relation-reasoning-agent-eval-v3.1
2026-09-05T18:20:00+09:00,CMP-S01-L01-01,S01,S01-L01,1,running,182.4704,418.1461,98.3877,45.2446,1.0025,B,relation-reasoning-agent-eval-v3.1
2026-09-05T18:20:00+09:00,CMP-S01-L02-01,S01,S01-L02,1,running,203.4804,469.1929,103.9891,33.1392,-1.0998,B,relation-reasoning-agent-eval-v3.1
2026-09-05T18:20:00+09:00,CMP-S01-L03-01,S01,S01-L03,1,running,137.2954,406.2217,101.3409,43.7339,0.5877,A,relation-reasoning-agent-eval-v3.1
2026-09-05T18:20:00+09:00,CMP-S01-L04-01,S01,S01-L04,1,running,187.3995,511.2597,109.3454,35.506,-0.7865,A,relation-reasoning-agent-eval-v3.1
2026-09-05T18:20:00+09:00,CMP-S01-L05-01,S01,S01-L05,1,running,188.4192,484.9219,97.5345,40.3607,-0.2189,A,relation-reasoning-agent-eval-v3.1
2026-09-05T18:30:00+09:00,CMP-S01-L01-01,S01,S01-L01,1,running,172.3352,461.6134,104.9621,42.8963,0.5676,A,relation-reasoning-agent-eval-v3.1
2026-09-05T18:30:00+09:00,CMP-S01-L02-01,S01,S01-L02,1,running,197.2944,425.3103,103.7628,30.3724,-1.6122,B,relation-reasoning-agent-eval-v3.1
2026-09-05T18:30:00+09:00,CMP-S01-L03-01,S01,S01-L03,1,running,151.5606,346.5438,94.7146,47.9837,1.3747,B,relation-reasoning-agent-eval-v3.1
2026-09-05T18:30:00+09:00,CMP-S01-L04-01,S01,S01-L04,1,running,192.8353,494.414,104.687,30.3384,-1.7435,B,relation-reasoning-agent-eval-v3.1
2026-09-05T18:30:00+09:00,CMP-S01-L05-01,S01,S01-L05,1,running,176.569,474.0338,96.6246,40.1183,-0.2638,A,relation-reasoning-agent-eval-v3.1
2026-09-05T18:40:00+09:00,CMP-S01-L01-01,S01,S01-L01,1,running,152.5212,434.9072,101.5933,43.2358,0.6305,A,relation-reasoning-agent-eval-v3.1
2026-09-05T18:40:00+09:00,CMP-S01-L02-01,S01,S01-L02,1,running,197.4976,400.699,99.22,32.7013,-1.1809,B,relation-reasoning-agent-eval-v3.1
2026-09-05T18:40:00+09:00,CMP-S01-L03-01,S01,S01-L03,1,running,157.0735,373.7195,95.034,47.5475,1.2939,B,relation-reasoning-agent-eval-v3.1
2026-09-05T18:40:00+09:00,CMP-S01-L04-01,S01,S01-L04,1,running,182.4212,459.2794,107.2032,38.4223,-0.2464,A,relation-reasoning-agent-eval-v3.1
2026-09-05T18:40:00+09:00,CMP-S01-L05-01,S01,S01-L05,1,running,171.4106,499.6072,92.485,44.4929,0.5463,A,relation-reasoning-agent-eval-v3.1
2026-09-05T18:50:00+09:00,CMP-S01-L01-01,S01,S01-L01,1,running,166.3302,438.2069,97.0505,40.3128,0.0892,A,relation-reasoning-agent-eval-v3.1
2026-09-05T18:50:00+09:00,CMP-S01-L02-01,S01,S01-L02,1,running,159.9121,420.2837,100.4007,30.7138,-1.549,B,relation-reasoning-agent-eval-v3.1
2026-09-05T18:50:00+09:00,CMP-S01-L03-01,S01,S01-L03,1,running,145.7964,376.8804,98.6618,50.6671,1.8716,B,relation-reasoning-agent-eval-v3.1
2026-09-05T18:50:00+09:00,CMP-S01-L04-01,S01,S01-L04,1,running,168.4986,469.0825,100.8699,40.637,0.1637,A,relation-reasoning-agent-eval-v3.1
2026-09-05T18:50:00+09:00,CMP-S01-L05-01,S01,S01-L05,1,running,165.7576,457.4824,92.693,47.0673,1.0231,B,relation-reasoning-agent-eval-v3.1
2026-09-05T19:00:00+09:00,CMP-S01-L01-01,S01,S01-L01,1,running,166.8903,401.6852,95.2881,44.296,0.8268,A,relation-reasoning-agent-eval-v3.1
2026-09-05T19:00:00+09:00,CMP-S01-L02-01,S01,S01-L02,1,running,187.5197,364.994,106.2797,37.9748,-0.2043,A,relation-reasoning-agent-eval-v3.1
2026-09-05T19:00:00+09:00,CMP-S01-L03-01,S01,S01-L03,1,running,155.4298,430.6312,100.2472,42.551,0.3686,A,relation-reasoning-agent-eval-v3.1
2026-09-05T19:00:00+09:00,CMP-S01-L04-01,S01,S01-L04,1,running,155.8327,489.7993,104.5861,43.2613,0.6497,A,relation-reasoning-agent-eval-v3.1
2026-09-05T19:00:00+09:00,CMP-S01-L05-01,S01,S01-L05,1,running,179.4695,436.5977,101.0116,46.3565,0.8915,A,relation-reasoning-agent-eval-v3.1
2026-09-05T19:10:00+09:00,CMP-S01-L01-01,S01,S01-L01,1,running,164.9957,435.3592,96.6897,44.104,0.7913,A,relation-reasoning-agent-eval-v3.1
2026-09-05T19:10:00+09:00,CMP-S01-L02-01,S01,S01-L02,1,running,163.6988,391.5677,105.9156,42.9409,0.7153,A,relation-reasoning-agent-eval-v3.1
2026-09-05T19:10:00+09:00,CMP-S01-L03-01,S01,S01-L03,1,running,165.7098,416.5215,103.3612,38.4155,-0.3972,A,relation-reasoning-agent-eval-v3.1
2026-09-05T19:10:00+09:00,CMP-S01-L04-01,S01,S01-L04,1,running,164.249,443.9038,98.4048,45.799,1.1196,B,relation-reasoning-agent-eval-v3.1
2026-09-05T19:10:00+09:00,CMP-S01-L05-01,S01,S01-L05,1,running,188.1165,441.1241,101.7204,47.7216,1.1443,B,relation-reasoning-agent-eval-v3.1
2026-09-05T19:20:00+09:00,CMP-S01-L01-01,S01,S01-L01,1,running,149.9522,447.6245,92.5164,47.9237,1.4986,B,relation-reasoning-agent-eval-v3.1
2026-09-05T19:20:00+09:00,CMP-S01-L02-01,S01,S01-L02,1,running,160.205,348.7939,105.5117,44.5931,1.0213,B,relation-reasoning-agent-eval-v3.1
2026-09-05T19:20:00+09:00,CMP-S01-L03-01,S01,S01-L03,1,running,151.7992,423.4953,100.8037,39.5702,-0.1834,A,relation-reasoning-agent-eval-v3.1
2026-09-05T19:20:00+09:00,CMP-S01-L04-01,S01,S01-L04,1,running,177.1893,427.9567,91.8267,41.508,0.325,A,relation-reasoning-agent-eval-v3.1
2026-09-05T19:20:00+09:00,CMP-S01-L05-01,S01,S01-L05,1,running,171.7796,411.8314,98.9044,53.5287,2.2196,C,relation-reasoning-agent-eval-v3.1
2026-09-05T19:30:00+09:00,CMP-S01-L01-01,S01,S01-L01,1,running,184.4893,405.4685,98.0426,42.166,0.4324,A,relation-reasoning-agent-eval-v3.1
2026-09-05T19:30:00+09:00,CMP-S01-L02-01,S01,S01-L02,1,running,156.2238,306.3316,102.4659,42.4632,0.6268,A,relation-reasoning-agent-eval-v3.1
2026-09-05T19:30:00+09:00,CMP-S01-L03-01,S01,S01-L03,1,running,160.9067,437.9352,103.9006,37.1756,-0.6268,A,relation-reasoning-agent-eval-v3.1
2026-09-05T19:30:00+09:00,CMP-S01-L04-01,S01,S01-L04,1,running,183.2728,424.6719,92.3634,43.8905,0.7662,A,relation-reasoning-agent-eval-v3.1
2026-09-05T19:30:00+09:00,CMP-S01-L05-01,S01,S01-L05,1,running,174.7486,439.3431,95.2767,49.1053,1.4005,B,relation-reasoning-agent-eval-v3.1
2026-09-05T19:40:00+09:00,CMP-S01-L01-01,S01,S01-L01,1,running,170.8276,367.6055,108.0261,42.8074,0.5511,A,relation-reasoning-agent-eval-v3.1
2026-09-05T19:40:00+09:00,CMP-S01-L02-01,S01,S01-L02,1,running,168.0832,327.3603,101.3153,39.0694,-0.0017,A,relation-reasoning-agent-eval-v3.1
2026-09-05T19:40:00+09:00,CMP-S01-L03-01,S01,S01-L03,1,running,156.142,443.907,106.5617,47.1284,1.2163,B,relation-reasoning-agent-eval-v3.1
2026-09-05T19:40:00+09:00,CMP-S01-L04-01,S01,S01-L04,1,running,178.2237,454.8465,93.7445,43.2993,0.6567,A,relation-reasoning-agent-eval-v3.1
2026-09-05T19:40:00+09:00,CMP-S01-L05-01,S01,S01-L05,1,running,181.9379,420.5167,96.224,48.1678,1.2269,B,relation-reasoning-agent-eval-v3.1
2026-09-05T19:50:00+09:00,CMP-S01-L01-01,S01,S01-L01,1,running,184.2958,423.9613,98.5584,39.7607,-0.0131,A,relation-reasoning-agent-eval-v3.1
2026-09-05T19:50:00+09:00,CMP-S01-L02-01,S01,S01-L02,1,running,170.5488,400.8823,105.4439,41.204,0.3936,A,relation-reasoning-agent-eval-v3.1
2026-09-05T19:50:00+09:00,CMP-S01-L03-01,S01,S01-L03,1,running,163.258,420.9565,110.7726,42.7084,0.3978,A,relation-reasoning-agent-eval-v3.1
2026-09-05T19:50:00+09:00,CMP-S01-L04-01,S01,S01-L04,1,running,168.6163,443.8305,96.533,44.7796,0.9308,A,relation-reasoning-agent-eval-v3.1
2026-09-05T19:50:00+09:00,CMP-S01-L05-01,S01,S01-L05,1,running,180.1287,444.9149,95.2453,42.9383,0.2585,A,relation-reasoning-agent-eval-v3.1
2026-09-05T20:00:00+09:00,CMP-S01-L01-01,S01,S01-L01,1,running,180.129,433.7018,95.4992,38.4992,-0.2467,A,relation-reasoning-agent-eval-v3.1
2026-09-05T20:00:00+09:00,CMP-S01-L02-01,S01,S01-L02,1,running,168.6738,429.6436,101.1938,42.5967,0.6516,A,relation-reasoning-agent-eval-v3.1
2026-09-05T20:00:00+09:00,CMP-S01-L03-01,S01,S01-L03,1,running,155.4737,477.5798,113.323,42.1941,0.3025,A,relation-reasoning-agent-eval-v3.1
2026-09-05T20:00:00+09:00,CMP-S01-L04-01,S01,S01-L04,1,running,158.4877,461.5971,102.0762,38.325,-0.2645,A,relation-reasoning-agent-eval-v3.1
2026-09-05T20:00:00+09:00,CMP-S01-L05-01,S01,S01-L05,1,running,190.6153,445.8217,97.0683,47.7156,1.1431,B,relation-reasoning-agent-eval-v3.1
2026-09-05T20:10:00+09:00,CMP-S01-L01-01,S01,S01-L01,1,running,199.8614,442.4741,101.1166,42.8568,0.5603,A,relation-reasoning-agent-eval-v3.1
2026-09-05T20:10:00+09:00,CMP-S01-L02-01,S01,S01-L02,1,running,167.2961,414.503,104.8837,39.7836,0.1306,A,relation-reasoning-agent-eval-v3.1
2026-09-05T20:10:00+09:00,CMP-S01-L03-01,S01,S01-L03,1,running,171.7627,448.1373,112.9096,44.3605,0.7037,A,relation-reasoning-agent-eval-v3.1
2026-09-05T20:10:00+09:00,CMP-S01-L04-01,S01,S01-L04,1,running,150.9667,464.2089,101.6329,40.3303,0.1069,A,relation-reasoning-agent-eval-v3.1
2026-09-05T20:10:00+09:00,CMP-S01-L05-01,S01,S01-L05,1,running,203.4761,447.0316,99.3655,40.8782,-0.123,A,relation-reasoning-agent-eval-v3.1
2026-09-05T20:20:00+09:00,CMP-S01-L01-01,S01,S01-L01,1,running,195.0265,458.7715,98.7719,43.4567,0.6714,A,relation-reasoning-agent-eval-v3.1
2026-09-05T20:20:00+09:00,CMP-S01-L02-01,S01,S01-L02,1,running,178.5567,359.2904,106.3376,41.5857,0.4643,A,relation-reasoning-agent-eval-v3.1
2026-09-05T20:20:00+09:00,CMP-S01-L03-01,S01,S01-L03,1,running,153.7047,409.415,113.5551,39.2506,-0.2426,A,relation-reasoning-agent-eval-v3.1
2026-09-05T20:20:00+09:00,CMP-S01-L04-01,S01,S01-L04,1,running,148.7153,447.4157,105.1389,46.0915,1.1738,B,relation-reasoning-agent-eval-v3.1
2026-09-05T20:20:00+09:00,CMP-S01-L05-01,S01,S01-L05,1,running,192.5542,455.7444,97.7955,44.4543,0.5392,A,relation-reasoning-agent-eval-v3.1
2026-09-05T20:30:00+09:00,CMP-S01-L01-01,S01,S01-L01,1,running,178.7376,522.6474,100.99,48.8056,1.6619,B,relation-reasoning-agent-eval-v3.1
2026-09-05T20:30:00+09:00,CMP-S01-L02-01,S01,S01-L02,1,running,157.6972,396.3911,112.3815,41.9202,0.5263,A,relation-reasoning-agent-eval-v3.1
2026-09-05T20:30:00+09:00,CMP-S01-L03-01,S01,S01-L03,1,running,154.0129,377.1923,108.8205,39.9304,-0.1167,A,relation-reasoning-agent-eval-v3.1
2026-09-05T20:30:00+09:00,CMP-S01-L04-01,S01,S01-L04,1,running,162.0168,414.2442,106.8367,52.8763,2.4302,C,relation-reasoning-agent-eval-v3.1
2026-09-05T20:30:00+09:00,CMP-S01-L05-01,S01,S01-L05,1,running,194.439,406.1094,93.0161,43.5548,0.3726,A,relation-reasoning-agent-eval-v3.1
2026-09-05T20:40:00+09:00,CMP-S01-L01-01,S01,S01-L01,1,running,171.8279,459.141,103.3881,48.3138,1.5708,B,relation-reasoning-agent-eval-v3.1
2026-09-05T20:40:00+09:00,CMP-S01-L02-01,S01,S01-L02,1,running,166.8938,374.5895,109.5128,40.2967,0.2256,A,relation-reasoning-agent-eval-v3.1
2026-09-05T20:40:00+09:00,CMP-S01-L03-01,S01,S01-L03,1,running,150.1937,394.9751,109.1153,45.1141,0.8433,A,relation-reasoning-agent-eval-v3.1
2026-09-05T20:40:00+09:00,CMP-S01-L04-01,S01,S01-L04,1,running,169.3773,420.5606,105.4252,44.5766,0.8933,A,relation-reasoning-agent-eval-v3.1
2026-09-05T20:40:00+09:00,CMP-S01-L05-01,S01,S01-L05,1,running,183.2371,412.9775,98.1884,39.6427,-0.3518,A,relation-reasoning-agent-eval-v3.1
2026-09-05T20:50:00+09:00,CMP-S01-L01-01,S01,S01-L01,1,running,170.824,468.5409,97.539,39.8841,0.0098,A,relation-reasoning-agent-eval-v3.1
2026-09-05T20:50:00+09:00,CMP-S01-L02-01,S01,S01-L02,1,running,175.4288,372.062,105.1938,44.5103,1.0059,B,relation-reasoning-agent-eval-v3.1
2026-09-05T20:50:00+09:00,CMP-S01-L03-01,S01,S01-L03,1,running,171.9112,369.5186,105.8752,42.1729,0.2986,A,relation-reasoning-agent-eval-v3.1
2026-09-05T20:50:00+09:00,CMP-S01-L04-01,S01,S01-L04,1,running,135.4001,440.5958,105.0965,42.0951,0.4337,A,relation-reasoning-agent-eval-v3.1
2026-09-05T20:50:00+09:00,CMP-S01-L05-01,S01,S01-L05,1,running,171.6654,336.5117,90.4548,39.0371,-0.464,A,relation-reasoning-agent-eval-v3.1
2026-09-05T21:00:00+09:00,CMP-S01-L01-01,S01,S01-L01,1,running,155.0229,467.6102,97.4138,34.9273,-0.9081,A,relation-reasoning-agent-eval-v3.1
2026-09-05T21:00:00+09:00,CMP-S01-L02-01,S01,S01-L02,1,running,165.8819,382.9236,107.4129,35.7297,-0.6201,A,relation-reasoning-agent-eval-v3.1
2026-09-05T21:00:00+09:00,CMP-S01-L03-01,S01,S01-L03,1,running,184.4127,376.1871,110.5419,40.519,-0.0077,A,relation-reasoning-agent-eval-v3.1
2026-09-05T21:00:00+09:00,CMP-S01-L04-01,S01,S01-L04,1,running,141.3698,460.8324,104.2136,45.5065,1.0654,B,relation-reasoning-agent-eval-v3.1
2026-09-05T21:00:00+09:00,CMP-S01-L05-01,S01,S01-L05,1,running,176.0165,350.8764,86.048,32.561,-1.6633,B,relation-reasoning-agent-eval-v3.1
2026-09-05T21:10:00+09:00,CMP-S01-L01-01,S01,S01-L01,1,running,147.7228,526.7203,96.4521,38.1415,-0.3129,A,relation-reasoning-agent-eval-v3.1
2026-09-05T21:10:00+09:00,CMP-S01-L02-01,S01,S01-L02,1,running,148.8936,418.4797,104.3607,35.5355,-0.6561,A,relation-reasoning-agent-eval-v3.1
2026-09-05T21:10:00+09:00,CMP-S01-L03-01,S01,S01-L03,1,running,172.8419,396.3139,102.4176,44.0702,0.65,A,relation-reasoning-agent-eval-v3.1
2026-09-05T21:10:00+09:00,CMP-S01-L04-01,S01,S01-L04,1,running,147.4323,459.1121,105.9156,49.7698,1.855,B,relation-reasoning-agent-eval-v3.1
2026-09-05T21:10:00+09:00,CMP-S01-L05-01,S01,S01-L05,1,running,206.106,377.9924,93.4925,31.6337,-1.835,B,relation-reasoning-agent-eval-v3.1
2026-09-05T21:20:00+09:00,CMP-S01-L01-01,S01,S01-L01,1,running,158.2432,501.7906,95.4264,40.9097,0.1997,A,relation-reasoning-agent-eval-v3.1
2026-09-05T21:20:00+09:00,CMP-S01-L02-01,S01,S01-L02,1,running,150.1907,428.9748,113.311,44.8306,1.0652,B,relation-reasoning-agent-eval-v3.1
2026-09-05T21:20:00+09:00,CMP-S01-L03-01,S01,S01-L03,1,running,170.0117,424.5552,101.4347,44.2271,0.679,A,relation-reasoning-agent-eval-v3.1
2026-09-05T21:20:00+09:00,CMP-S01-L04-01,S01,S01-L04,1,running,140.3173,499.4278,104.3233,41.0571,0.2415,A,relation-reasoning-agent-eval-v3.1
2026-09-05T21:20:00+09:00,CMP-S01-L05-01,S01,S01-L05,1,running,200.1297,341.6349,95.5992,34.0242,-1.3923,B,relation-reasoning-agent-eval-v3.1
2026-09-05T21:30:00+09:00,CMP-S01-L01-01,S01,S01-L01,1,running,176.116,500.8748,90.5667,47.1106,1.348,B,relation-reasoning-agent-eval-v3.1
2026-09-05T21:30:00+09:00,CMP-S01-L02-01,S01,S01-L02,1,running,158.718,428.2897,122.8507,43.3874,0.798,A,relation-reasoning-agent-eval-v3.1
2026-09-05T21:30:00+09:00,CMP-S01-L03-01,S01,S01-L03,1,running,166.7324,379.5894,105.8515,37.5632,-0.5551,A,relation-reasoning-agent-eval-v3.1
2026-09-05T21:30:00+09:00,CMP-S01-L04-01,S01,S01-L04,1,running,140.6225,469.5492,103.9178,41.9952,0.4152,A,relation-reasoning-agent-eval-v3.1
2026-09-05T21:30:00+09:00,CMP-S01-L05-01,S01,S01-L05,1,running,188.7281,377.3861,94.2979,39.3318,-0.4094,A,relation-reasoning-agent-eval-v3.1
2026-09-05T21:40:00+09:00,CMP-S01-L01-01,S01,S01-L01,1,running,163.5003,508.7332,95.8877,45.2854,1.01,B,relation-reasoning-agent-eval-v3.1
2026-09-05T21:40:00+09:00,CMP-S01-L02-01,S01,S01-L02,1,running,156.2098,417.7313,120.2097,40.0345,0.1771,A,relation-reasoning-agent-eval-v3.1
2026-09-05T21:40:00+09:00,CMP-S01-L03-01,S01,S01-L03,1,running,171.0555,372.6586,101.8469,37.0078,-0.6579,A,relation-reasoning-agent-eval-v3.1
2026-09-05T21:40:00+09:00,CMP-S01-L04-01,S01,S01-L04,1,running,163.4241,412.5367,99.8123,39.8022,0.0091,A,relation-reasoning-agent-eval-v3.1
2026-09-05T21:40:00+09:00,CMP-S01-L05-01,S01,S01-L05,1,running,184.5172,447.7348,93.4957,35.0039,-1.2109,B,relation-reasoning-agent-eval-v3.1
2026-09-05T21:50:00+09:00,CMP-S01-L01-01,S01,S01-L01,1,running,160.7983,498.2366,94.94,40.262,0.0798,A,relation-reasoning-agent-eval-v3.1
2026-09-05T21:50:00+09:00,CMP-S01-L02-01,S01,S01-L02,1,running,175.8182,453.3904,109.1401,34.6137,-0.8268,A,relation-reasoning-agent-eval-v3.1
2026-09-05T21:50:00+09:00,CMP-S01-L03-01,S01,S01-L03,1,running,165.6735,369.1864,102.734,41.9182,0.2514,A,relation-reasoning-agent-eval-v3.1
2026-09-05T21:50:00+09:00,CMP-S01-L04-01,S01,S01-L04,1,running,164.2886,455.2024,109.6348,38.7651,-0.183,A,relation-reasoning-agent-eval-v3.1
2026-09-05T21:50:00+09:00,CMP-S01-L05-01,S01,S01-L05,1,running,180.7904,380.2888,95.0293,41.3852,-0.0292,A,relation-reasoning-agent-eval-v3.1
2026-09-05T22:00:00+09:00,CMP-S01-L01-01,S01,S01-L01,1,running,171.3793,458.6129,98.4527,33.5094,-1.1707,B,relation-reasoning-agent-eval-v3.1
2026-09-05T22:00:00+09:00,CMP-S01-L02-01,S01,S01-L02,1,running,186.8704,442.333,109.9052,30.771,-1.5384,B,relation-reasoning-agent-eval-v3.1
2026-09-05T22:00:00+09:00,CMP-S01-L03-01,S01,S01-L03,1,running,165.3258,407.2957,103.4182,42.0724,0.28,A,relation-reasoning-agent-eval-v3.1
2026-09-05T22:00:00+09:00,CMP-S01-L04-01,S01,S01-L04,1,running,188.3552,474.6695,104.9355,38.2304,-0.282,A,relation-reasoning-agent-eval-v3.1
2026-09-05T22:00:00+09:00,CMP-S01-L05-01,S01,S01-L05,1,running,169.4644,413.1126,99.4547,44.0171,0.4582,A,relation-reasoning-agent-eval-v3.1
2026-09-05T22:10:00+09:00,CMP-S01-L01-01,S01,S01-L01,1,running,183.148,431.5587,100.9845,32.0682,-1.4376,B,relation-reasoning-agent-eval-v3.1
2026-09-05T22:10:00+09:00,CMP-S01-L02-01,S01,S01-L02,1,running,181.5383,419.542,113.4925,31.8593,-1.3369,B,relation-reasoning-agent-eval-v3.1
2026-09-05T22:10:00+09:00,CMP-S01-L03-01,S01,S01-L03,1,running,157.7206,383.1665,97.9036,41.3132,0.1394,A,relation-reasoning-agent-eval-v3.1
2026-09-05T22:10:00+09:00,CMP-S01-L04-01,S01,S01-L04,1,running,183.361,446.7112,105.8078,31.8572,-1.4622,B,relation-reasoning-agent-eval-v3.1
2026-09-05T22:10:00+09:00,CMP-S01-L05-01,S01,S01-L05,1,running,169.6965,391.3766,95.3996,40.4838,-0.1961,A,relation-reasoning-agent-eval-v3.1
2026-09-05T22:20:00+09:00,CMP-S01-L01-01,S01,S01-L01,1,running,184.7762,478.5679,98.0276,34.8258,-0.9269,A,relation-reasoning-agent-eval-v3.1
2026-09-05T22:20:00+09:00,CMP-S01-L02-01,S01,S01-L02,1,running,167.8257,461.3718,115.9151,37.725,-0.2506,A,relation-reasoning-agent-eval-v3.1
2026-09-05T22:20:00+09:00,CMP-S01-L03-01,S01,S01-L03,1,running,159.5744,385.8966,97.6584,36.7262,-0.7101,A,relation-reasoning-agent-eval-v3.1
2026-09-05T22:20:00+09:00,CMP-S01-L04-01,S01,S01-L04,1,running,184.6398,453.0603,109.8922,42.2833,0.4686,A,relation-reasoning-agent-eval-v3.1
2026-09-05T22:20:00+09:00,CMP-S01-L05-01,S01,S01-L05,1,running,174.6775,380.9078,102.5713,44.354,0.5206,A,relation-reasoning-agent-eval-v3.1
2026-09-05T22:30:00+09:00,CMP-S01-L01-01,S01,S01-L01,1,running,194.1632,472.1738,107.7286,35.2094,-0.8559,A,relation-reasoning-agent-eval-v3.1
2026-09-05T22:30:00+09:00,CMP-S01-L02-01,S01,S01-L02,1,running,171.897,453.8988,107.5997,35.7982,-0.6074,A,relation-reasoning-agent-eval-v3.1
2026-09-05T22:30:00+09:00,CMP-S01-L03-01,S01,S01-L03,1,running,166.4548,426.9749,100.4705,38.7028,-0.344,A,relation-reasoning-agent-eval-v3.1
2026-09-05T22:30:00+09:00,CMP-S01-L04-01,S01,S01-L04,1,running,182.7825,482.4454,109.1471,50.1506,1.9255,B,relation-reasoning-agent-eval-v3.1
2026-09-05T22:30:00+09:00,CMP-S01-L05-01,S01,S01-L05,1,running,174.8654,371.6232,107.7671,42.7077,0.2158,A,relation-reasoning-agent-eval-v3.1
2026-09-05T22:40:00+09:00,CMP-S01-L01-01,S01,S01-L01,1,running,197.3971,478.912,107.4414,40.7076,0.1623,A,relation-reasoning-agent-eval-v3.1
2026-09-05T22:40:00+09:00,CMP-S01-L02-01,S01,S01-L02,1,running,176.8638,458.982,114.1808,34.579,-0.8332,A,relation-reasoning-agent-eval-v3.1
2026-09-05T22:40:00+09:00,CMP-S01-L03-01,S01,S01-L03,1,running,166.2219,439.6715,109.1642,41.3761,0.151,A,relation-reasoning-agent-eval-v3.1
2026-09-05T22:40:00+09:00,CMP-S01-L04-01,S01,S01-L04,1,running,170.8673,459.5958,113.9406,46.8071,1.3063,B,relation-reasoning-agent-eval-v3.1
2026-09-05T22:40:00+09:00,CMP-S01-L05-01,S01,S01-L05,1,running,172.7861,351.1353,105.1088,39.4559,-0.3864,A,relation-reasoning-agent-eval-v3.1
2026-09-05T22:50:00+09:00,CMP-S01-L01-01,S01,S01-L01,1,running,191.4602,430.0649,102.8936,33.3706,-1.1964,B,relation-reasoning-agent-eval-v3.1
2026-09-05T22:50:00+09:00,CMP-S01-L02-01,S01,S01-L02,1,running,184.4383,402.2398,113.4529,36.2706,-0.5199,A,relation-reasoning-agent-eval-v3.1
2026-09-05T22:50:00+09:00,CMP-S01-L03-01,S01,S01-L03,1,running,157.5967,465.1263,112.5306,46.5129,1.1023,B,relation-reasoning-agent-eval-v3.1
2026-09-05T22:50:00+09:00,CMP-S01-L04-01,S01,S01-L04,1,running,166.4911,459.6174,115.1186,41.8462,0.3876,A,relation-reasoning-agent-eval-v3.1
2026-09-05T22:50:00+09:00,CMP-S01-L05-01,S01,S01-L05,1,running,162.6653,397.9819,104.2178,40.1744,-0.2534,A,relation-reasoning-agent-eval-v3.1
2026-09-05T23:00:00+09:00,CMP-S01-L01-01,S01,S01-L01,1,running,198.3244,477.4401,106.5827,37.3159,-0.4658,A,relation-reasoning-agent-eval-v3.1
2026-09-05T23:00:00+09:00,CMP-S01-L02-01,S01,S01-L02,1,running,192.0854,451.2916,103.7449,36.0414,-0.5624,A,relation-reasoning-agent-eval-v3.1
2026-09-05T23:00:00+09:00,CMP-S01-L03-01,S01,S01-L03,1,running,152.7201,438.89,107.9799,38.7698,-0.3316,A,relation-reasoning-agent-eval-v3.1
2026-09-05T23:00:00+09:00,CMP-S01-L04-01,S01,S01-L04,1,running,159.7027,458.5919,117.1953,37.8889,-0.3452,A,relation-reasoning-agent-eval-v3.1
2026-09-05T23:00:00+09:00,CMP-S01-L05-01,S01,S01-L05,1,running,173.4455,394.7396,103.0561,38.4194,-0.5784,A,relation-reasoning-agent-eval-v3.1
2026-09-05T23:10:00+09:00,CMP-S01-L01-01,S01,S01-L01,1,running,176.8536,493.1562,109.7964,40.376,0.1009,A,relation-reasoning-agent-eval-v3.1
2026-09-05T23:10:00+09:00,CMP-S01-L02-01,S01,S01-L02,1,running,167.9671,450.0007,107.7811,30.9966,-1.4966,B,relation-reasoning-agent-eval-v3.1
2026-09-05T23:10:00+09:00,CMP-S01-L03-01,S01,S01-L03,1,running,169.2871,480.6804,108.1886,40.7351,0.0323,A,relation-reasoning-agent-eval-v3.1
2026-09-05T23:10:00+09:00,CMP-S01-L04-01,S01,S01-L04,1,running,164.2729,422.135,119.2845,37.9365,-0.3364,A,relation-reasoning-agent-eval-v3.1
2026-09-05T23:10:00+09:00,CMP-S01-L05-01,S01,S01-L05,1,running,188.171,414.339,103.633,40.3144,-0.2274,A,relation-reasoning-agent-eval-v3.1
2026-09-05T23:20:00+09:00,CMP-S01-L01-01,S01,S01-L01,1,running,163.8989,468.6027,109.297,45.9095,1.1256,B,relation-reasoning-agent-eval-v3.1
2026-09-05T23:20:00+09:00,CMP-S01-L02-01,S01,S01-L02,1,running,155.3849,437.6543,110.6368,31.9598,-1.3182,B,relation-reasoning-agent-eval-v3.1
2026-09-05T23:20:00+09:00,CMP-S01-L03-01,S01,S01-L03,1,running,179.6957,494.4067,100.1327,42.6624,0.3892,A,relation-reasoning-agent-eval-v3.1
2026-09-05T23:20:00+09:00,CMP-S01-L04-01,S01,S01-L04,1,running,175.7053,440.3128,116.9284,45.898,1.1379,B,relation-reasoning-agent-eval-v3.1
2026-09-05T23:20:00+09:00,CMP-S01-L05-01,S01,S01-L05,1,running,184.7831,389.213,111.8294,45.0968,0.6582,A,relation-reasoning-agent-eval-v3.1
2026-09-05T23:30:00+09:00,CMP-S01-L01-01,S01,S01-L01,1,running,168.7431,466.7332,96.3136,45.0876,0.9734,A,relation-reasoning-agent-eval-v3.1
2026-09-05T23:30:00+09:00,CMP-S01-L02-01,S01,S01-L02,1,running,155.9494,457.9105,109.0989,37.7363,-0.2485,A,relation-reasoning-agent-eval-v3.1
2026-09-05T23:30:00+09:00,CMP-S01-L03-01,S01,S01-L03,1,running,171.7626,464.2197,94.5842,40.4612,-0.0184,A,relation-reasoning-agent-eval-v3.1
2026-09-05T23:30:00+09:00,CMP-S01-L04-01,S01,S01-L04,1,running,184.4079,449.8627,115.2881,47.4141,1.4187,B,relation-reasoning-agent-eval-v3.1
2026-09-05T23:30:00+09:00,CMP-S01-L05-01,S01,S01-L05,1,running,171.9356,349.0394,104.8032,41.1768,-0.0677,A,relation-reasoning-agent-eval-v3.1
2026-09-05T23:40:00+09:00,CMP-S01-L01-01,S01,S01-L01,1,running,171.9103,434.3772,91.3346,48.2187,1.5532,B,relation-reasoning-agent-eval-v3.1
2026-09-05T23:40:00+09:00,CMP-S01-L02-01,S01,S01-L02,1,running,160.0775,461.8939,103.6263,40.2926,0.2249,A,relation-reasoning-agent-eval-v3.1
2026-09-05T23:40:00+09:00,CMP-S01-L03-01,S01,S01-L03,1,running,174.8307,410.4428,96.8349,32.5897,-1.4761,B,relation-reasoning-agent-eval-v3.1
2026-09-05T23:40:00+09:00,CMP-S01-L04-01,S01,S01-L04,1,running,171.3236,463.0488,112.6501,50.8992,2.0641,C,relation-reasoning-agent-eval-v3.1
2026-09-05T23:40:00+09:00,CMP-S01-L05-01,S01,S01-L05,1,running,176.049,353.9045,104.336,43.1622,0.2999,A,relation-reasoning-agent-eval-v3.1
2026-09-05T23:50:00+09:00,CMP-S01-L01-01,S01,S01-L01,1,running,182.3132,443.699,90.054,46.6092,1.2552,B,relation-reasoning-agent-eval-v3.1
2026-09-05T23:50:00+09:00,CMP-S01-L02-01,S01,S01-L02,1,running,160.6076,410.3822,103.7153,40.4505,0.2541,A,relation-reasoning-agent-eval-v3.1
2026-09-05T23:50:00+09:00,CMP-S01-L03-01,S01,S01-L03,1,running,162.0168,422.9749,92.2327,32.5368,-1.4859,B,relation-reasoning-agent-eval-v3.1
2026-09-05T23:50:00+09:00,CMP-S01-L04-01,S01,S01-L04,1,running,178.29,452.1151,116.2903,49.392,1.785,B,relation-reasoning-agent-eval-v3.1
2026-09-05T23:50:00+09:00,CMP-S01-L05-01,S01,S01-L05,1,running,188.1056,383.9946,101.7628,40.1591,-0.2562,A,relation-reasoning-agent-eval-v3.1
2026-09-06T00:00:00+09:00,CMP-S01-L01-01,S01,S01-L01,1,running,168.8278,455.3124,96.1569,45.4432,1.0393,B,relation-reasoning-agent-eval-v3.1
2026-09-06T00:00:00+09:00,CMP-S01-L02-01,S01,S01-L02,1,running,163.1836,419.2201,102.2184,43.2663,0.7756,A,relation-reasoning-agent-eval-v3.1
2026-09-06T00:00:00+09:00,CMP-S01-L03-01,S01,S01-L03,1,running,167.1407,382.6662,96.64,27.4325,-2.4311,C,relation-reasoning-agent-eval-v3.1
2026-09-06T00:00:00+09:00,CMP-S01-L04-01,S01,S01-L04,1,running,175.2087,446.9323,108.6284,43.2086,0.6399,A,relation-reasoning-agent-eval-v3.1
2026-09-06T00:00:00+09:00,CMP-S01-L05-01,S01,S01-L05,1,running,179.0264,414.3735,98.2501,35.8866,-1.0474,B,relation-reasoning-agent-eval-v3.1
2026-09-06T00:10:00+09:00,CMP-S01-L01-01,S01,S01-L01,1,running,177.1409,438.9973,93.3007,49.4409,1.7796,B,relation-reasoning-agent-eval-v3.1
2026-09-06T00:10:00+09:00,CMP-S01-L02-01,S01,S01-L02,1,running,187.2604,454.4363,105.5771,49.3341,1.8992,B,relation-reasoning-agent-eval-v3.1
2026-09-06T00:10:00+09:00,CMP-S01-L03-01,S01,S01-L03,1,running,168.6206,394.4114,94.0169,28.1428,-2.2996,C,relation-reasoning-agent-eval-v3.1
2026-09-06T00:10:00+09:00,CMP-S01-L04-01,S01,S01-L04,1,running,179.3509,462.2807,108.8707,37.4315,-0.4299,A,relation-reasoning-agent-eval-v3.1
2026-09-06T00:10:00+09:00,CMP-S01-L05-01,S01,S01-L05,1,running,162.637,429.301,98.6875,37.3618,-0.7742,A,relation-reasoning-agent-eval-v3.1
2026-09-06T00:20:00+09:00,CMP-S01-L01-01,S01,S01-L01,1,running,167.8575,451.9421,90.3064,49.75,1.8368,B,relation-reasoning-agent-eval-v3.1
2026-09-06T00:20:00+09:00,CMP-S01-L02-01,S01,S01-L02,1,running,192.5381,466.0308,102.8978,39.2559,0.0329,A,relation-reasoning-agent-eval-v3.1
2026-09-06T00:20:00+09:00,CMP-S01-L03-01,S01,S01-L03,1,running,148.2081,364.69,97.3892,31.9672,-1.5913,B,relation-reasoning-agent-eval-v3.1
2026-09-06T00:20:00+09:00,CMP-S01-L04-01,S01,S01-L04,1,running,185.6288,421.573,109.7096,33.7813,-1.1059,B,relation-reasoning-agent-eval-v3.1
2026-09-06T00:20:00+09:00,CMP-S01-L05-01,S01,S01-L05,1,running,176.9683,487.7451,97.4378,35.344,-1.1479,B,relation-reasoning-agent-eval-v3.1
2026-09-06T00:30:00+09:00,CMP-S01-L01-01,S01,S01-L01,1,running,176.2492,473.7096,92.5952,47.9075,1.4956,B,relation-reasoning-agent-eval-v3.1
2026-09-06T00:30:00+09:00,CMP-S01-L02-01,S01,S01-L02,1,running,194.7486,445.0304,102.8652,39.5659,0.0903,A,relation-reasoning-agent-eval-v3.1
2026-09-06T00:30:00+09:00,CMP-S01-L03-01,S01,S01-L03,1,running,164.0042,358.6688,95.9135,41.1971,0.1179,A,relation-reasoning-agent-eval-v3.1
2026-09-06T00:30:00+09:00,CMP-S01-L04-01,S01,S01-L04,1,running,173.6114,425.2526,110.5034,36.9118,-0.5262,A,relation-reasoning-agent-eval-v3.1
2026-09-06T00:30:00+09:00,CMP-S01-L05-01,S01,S01-L05,1,running,182.6501,451.6446,103.4634,37.1823,-0.8075,A,relation-reasoning-agent-eval-v3.1
2026-09-06T00:40:00+09:00,CMP-S01-L01-01,S01,S01-L01,1,running,178.9474,454.2678,95.1949,31.111,-1.6149,B,relation-reasoning-agent-eval-v3.1
2026-09-06T00:40:00+09:00,CMP-S01-L02-01,S01,S01-L02,1,running,211.684,434.4139,97.7431,41.598,0.4666,A,relation-reasoning-agent-eval-v3.1
2026-09-06T00:40:00+09:00,CMP-S01-L03-01,S01,S01-L03,1,running,174.1229,425.7355,103.8257,47.8596,1.3517,B,relation-reasoning-agent-eval-v3.1
2026-09-06T00:40:00+09:00,CMP-S01-L04-01,S01,S01-L04,1,running,176.2898,427.9963,113.4479,38.5279,-0.2269,A,relation-reasoning-agent-eval-v3.1
2026-09-06T00:40:00+09:00,CMP-S01-L05-01,S01,S01-L05,1,running,184.4634,459.9919,98.8522,38.4784,-0.5674,A,relation-reasoning-agent-eval-v3.1
2026-09-06T00:50:00+09:00,CMP-S01-L01-01,S01,S01-L01,1,running,166.9206,433.9535,106.1716,27.9383,-2.2024,C,relation-reasoning-agent-eval-v3.1
2026-09-06T00:50:00+09:00,CMP-S01-L02-01,S01,S01-L02,1,running,198.1685,438.5451,100.519,38.6676,-0.076,A,relation-reasoning-agent-eval-v3.1
2026-09-06T00:50:00+09:00,CMP-S01-L03-01,S01,S01-L03,1,running,177.0562,412.5015,109.1278,43.0462,0.4603,A,relation-reasoning-agent-eval-v3.1
2026-09-06T00:50:00+09:00,CMP-S01-L04-01,S01,S01-L04,1,running,176.94,432.6137,107.5902,43.1826,0.6351,A,relation-reasoning-agent-eval-v3.1
2026-09-06T00:50:00+09:00,CMP-S01-L05-01,S01,S01-L05,1,running,176.1504,424.8843,100.8959,32.1429,-1.7407,B,relation-reasoning-agent-eval-v3.1
2026-09-06T01:00:00+09:00,CMP-S01-L01-01,S01,S01-L01,1,running,165.9688,439.1431,106.9342,38.8179,-0.1877,A,relation-reasoning-agent-eval-v3.1
2026-09-06T01:00:00+09:00,CMP-S01-L02-01,S01,S01-L02,1,running,181.7645,450.6766,107.8563,36.2929,-0.5158,A,relation-reasoning-agent-eval-v3.1
2026-09-06T01:00:00+09:00,CMP-S01-L03-01,S01,S01-L03,1,running,175.1713,414.7566,112.33,46.5316,1.1058,B,relation-reasoning-agent-eval-v3.1
2026-09-06T01:00:00+09:00,CMP-S01-L04-01,S01,S01-L04,1,running,177.0866,413.4181,105.6506,46.0187,1.1603,B,relation-reasoning-agent-eval-v3.1
2026-09-06T01:00:00+09:00,CMP-S01-L05-01,S01,S01-L05,1,running,178.1354,430.7509,97.1887,31.8256,-1.7995,B,relation-reasoning-agent-eval-v3.1
2026-09-06T01:10:00+09:00,CMP-S01-L01-01,S01,S01-L01,1,running,189.6709,446.3671,105.6917,40.0207,0.0351,A,relation-reasoning-agent-eval-v3.1
2026-09-06T01:10:00+09:00,CMP-S01-L02-01,S01,S01-L02,1,running,171.6169,456.0812,110.1446,34.7176,-0.8075,A,relation-reasoning-agent-eval-v3.1
2026-09-06T01:10:00+09:00,CMP-S01-L03-01,S01,S01-L03,1,running,178.0866,461.4558,111.0246,49.2652,1.612,B,relation-reasoning-agent-eval-v3.1
2026-09-06T01:10:00+09:00,CMP-S01-L04-01,S01,S01-L04,1,running,163.7713,401.7987,98.6508,42.2752,0.4671,A,relation-reasoning-agent-eval-v3.1
2026-09-06T01:10:00+09:00,CMP-S01-L05-01,S01,S01-L05,1,running,185.7843,443.7259,99.3881,35.6754,-1.0865,B,relation-reasoning-agent-eval-v3.1
2026-09-06T01:20:00+09:00,CMP-S01-L01-01,S01,S01-L01,1,running,181.3901,409.3716,99.3752,35.6635,-0.7718,A,relation-reasoning-agent-eval-v3.1
2026-09-06T01:20:00+09:00,CMP-S01-L02-01,S01,S01-L02,1,running,165.4428,435.5043,106.0281,31.3493,-1.4313,B,relation-reasoning-agent-eval-v3.1
2026-09-06T01:20:00+09:00,CMP-S01-L03-01,S01,S01-L03,1,running,159.8013,444.8504,102.3033,43.1403,0.4777,A,relation-reasoning-agent-eval-v3.1
2026-09-06T01:20:00+09:00,CMP-S01-L04-01,S01,S01-L04,1,running,167.1467,404.1858,104.3903,45.4613,1.0571,B,relation-reasoning-agent-eval-v3.1
2026-09-06T01:20:00+09:00,CMP-S01-L05-01,S01,S01-L05,1,running,201.6071,424.412,99.6547,42.7043,0.2151,A,relation-reasoning-agent-eval-v3.1
2026-09-06T01:30:00+09:00,CMP-S01-L01-01,S01,S01-L01,1,running,173.9025,445.3022,102.939,35.3261,-0.8343,A,relation-reasoning-agent-eval-v3.1
2026-09-06T01:30:00+09:00,CMP-S01-L02-01,S01,S01-L02,1,running,152.9815,436.8577,111.584,30.3277,-1.6205,B,relation-reasoning-agent-eval-v3.1
2026-09-06T01:30:00+09:00,CMP-S01-L03-01,S01,S01-L03,1,running,172.4816,463.3198,98.6159,35.1563,-1.0008,B,relation-reasoning-agent-eval-v3.1
2026-09-06T01:30:00+09:00,CMP-S01-L04-01,S01,S01-L04,1,running,145.4711,457.2038,105.9405,42.7512,0.5552,A,relation-reasoning-agent-eval-v3.1
2026-09-06T01:30:00+09:00,CMP-S01-L05-01,S01,S01-L05,1,running,212.7823,467.0082,93.1709,38.0209,-0.6522,A,relation-reasoning-agent-eval-v3.1
2026-09-06T01:40:00+09:00,CMP-S01-L01-01,S01,S01-L01,1,running,169.0401,445.6688,105.9154,42.4663,0.488,A,relation-reasoning-agent-eval-v3.1
2026-09-06T01:40:00+09:00,CMP-S01-L02-01,S01,S01-L02,1,running,157.8658,457.9835,114.0972,31.3787,-1.4258,B,relation-reasoning-agent-eval-v3.1
2026-09-06T01:40:00+09:00,CMP-S01-L03-01,S01,S01-L03,1,running,182.8118,469.9749,96.2993,32.1799,-1.552,B,relation-reasoning-agent-eval-v3.1
2026-09-06T01:40:00+09:00,CMP-S01-L04-01,S01,S01-L04,1,running,155.6375,407.3782,101.9322,48.5672,1.6322,B,relation-reasoning-agent-eval-v3.1
2026-09-06T01:40:00+09:00,CMP-S01-L05-01,S01,S01-L05,1,running,222.4105,407.6419,86.6135,32.9231,-1.5962,B,relation-reasoning-agent-eval-v3.1
2026-09-06T01:50:00+09:00,CMP-S01-L01-01,S01,S01-L01,1,running,169.4515,461.2058,98.4286,42.451,0.4852,A,relation-reasoning-agent-eval-v3.1
2026-09-06T01:50:00+09:00,CMP-S01-L02-01,S01,S01-L02,1,running,165.172,432.5201,106.5631,29.7115,-1.7346,B,relation-reasoning-agent-eval-v3.1
2026-09-06T01:50:00+09:00,CMP-S01-L03-01,S01,S01-L03,1,running,193.3405,467.9014,96.6918,30.2351,-1.9121,B,relation-reasoning-agent-eval-v3.1
2026-09-06T01:50:00+09:00,CMP-S01-L04-01,S01,S01-L04,1,running,159.919,451.5207,99.5793,49.6289,1.8289,B,relation-reasoning-agent-eval-v3.1
2026-09-06T01:50:00+09:00,CMP-S01-L05-01,S01,S01-L05,1,running,216.6365,402.3075,86.9048,32.7073,-1.6362,B,relation-reasoning-agent-eval-v3.1
2026-09-06T02:00:00+09:00,CMP-S01-L01-01,S01,S01-L01,1,running,157.6281,512.9221,105.2948,45.8578,1.116,B,relation-reasoning-agent-eval-v3.1
2026-09-06T02:00:00+09:00,CMP-S01-L02-01,S01,S01-L02,1,running,175.0144,428.1458,102.2175,29.6838,-1.7397,B,relation-reasoning-agent-eval-v3.1
2026-09-06T02:00:00+09:00,CMP-S01-L03-01,S01,S01-L03,1,running,172.3249,420.8713,94.4298,37.2966,-0.6044,A,relation-reasoning-agent-eval-v3.1
2026-09-06T02:00:00+09:00,CMP-S01-L04-01,S01,S01-L04,1,running,177.7289,458.2053,101.6494,49.5685,1.8177,B,relation-reasoning-agent-eval-v3.1
2026-09-06T02:00:00+09:00,CMP-S01-L05-01,S01,S01-L05,1,running,205.1059,384.7554,89.4627,35.4641,-1.1257,B,relation-reasoning-agent-eval-v3.1
2026-09-06T02:10:00+09:00,CMP-S01-L01-01,S01,S01-L01,1,running,162.2049,484.7598,103.5481,35.9732,-0.7144,A,relation-reasoning-agent-eval-v3.1
2026-09-06T02:10:00+09:00,CMP-S01-L02-01,S01,S01-L02,1,running,186.2634,447.8695,97.6727,31.6114,-1.3828,B,relation-reasoning-agent-eval-v3.1
2026-09-06T02:10:00+09:00,CMP-S01-L03-01,S01,S01-L03,1,running,162.3309,373.9764,96.2589,44.1312,0.6613,A,relation-reasoning-agent-eval-v3.1
2026-09-06T02:10:00+09:00,CMP-S01-L04-01,S01,S01-L04,1,running,191.2665,470.9402,102.2238,38.8269,-0.1715,A,relation-reasoning-agent-eval-v3.1
2026-09-06T02:10:00+09:00,CMP-S01-L05-01,S01,S01-L05,1,running,199.4687,399.0924,93.9304,32.5841,-1.659,B,relation-reasoning-agent-eval-v3.1
2026-09-06T02:20:00+09:00,CMP-S01-L01-01,S01,S01-L01,1,running,165.6044,444.8028,102.4822,33.3235,-1.2051,B,relation-reasoning-agent-eval-v3.1
2026-09-06T02:20:00+09:00,CMP-S01-L02-01,S01,S01-L02,1,running,170.7441,446.3338,101.3951,40.2919,0.2247,A,relation-reasoning-agent-eval-v3.1
2026-09-06T02:20:00+09:00,CMP-S01-L03-01,S01,S01-L03,1,running,152.153,377.8201,96.6255,38.9988,-0.2892,A,relation-reasoning-agent-eval-v3.1
2026-09-06T02:20:00+09:00,CMP-S01-L04-01,S01,S01-L04,1,running,188.8059,478.6413,98.0242,41.4984,0.3232,A,relation-reasoning-agent-eval-v3.1
2026-09-06T02:20:00+09:00,CMP-S01-L05-01,S01,S01-L05,1,running,217.947,397.941,93.3451,34.6237,-1.2813,B,relation-reasoning-agent-eval-v3.1
2026-09-06T02:30:00+09:00,CMP-S01-L01-01,S01,S01-L01,1,running,172.3654,465.6472,102.4116,33.5089,-1.1708,B,relation-reasoning-agent-eval-v3.1
2026-09-06T02:30:00+09:00,CMP-S01-L02-01,S01,S01-L02,1,running,190.2154,468.0758,104.042,45.3759,1.1662,B,relation-reasoning-agent-eval-v3.1
2026-09-06T02:30:00+09:00,CMP-S01-L03-01,S01,S01-L03,1,running,161.0616,436.4492,100.9694,39.2817,-0.2368,A,relation-reasoning-agent-eval-v3.1
2026-09-06T02:30:00+09:00,CMP-S01-L04-01,S01,S01-L04,1,running,194.0832,471.8688,100.6312,43.4418,0.6831,A,relation-reasoning-agent-eval-v3.1
2026-09-06T02:30:00+09:00,CMP-S01-L05-01,S01,S01-L05,1,running,199.409,431.793,95.9048,28.4972,-2.4158,C,relation-reasoning-agent-eval-v3.1
2026-09-06T02:40:00+09:00,CMP-S01-L01-01,S01,S01-L01,1,running,192.1571,516.9247,102.9125,23.18,-3.0836,D,relation-reasoning-agent-eval-v3.1
2026-09-06T02:40:00+09:00,CMP-S01-L02-01,S01,S01-L02,1,running,189.9257,427.2372,102.3251,42.6243,0.6567,A,relation-reasoning-agent-eval-v3.1
2026-09-06T02:40:00+09:00,CMP-S01-L03-01,S01,S01-L03,1,running,165.0893,391.5101,101.4024,45.2115,0.8613,A,relation-reasoning-agent-eval-v3.1
2026-09-06T02:40:00+09:00,CMP-S01-L04-01,S01,S01-L04,1,running,187.056,483.7736,97.2539,40.3082,0.1028,A,relation-reasoning-agent-eval-v3.1
2026-09-06T02:40:00+09:00,CMP-S01-L05-01,S01,S01-L05,1,running,200.1809,458.991,103.4979,30.6634,-2.0147,C,relation-reasoning-agent-eval-v3.1
2026-09-06T02:50:00+09:00,CMP-S01-L01-01,S01,S01-L01,1,running,188.7253,495.5853,100.543,31.1344,-1.6105,B,relation-reasoning-agent-eval-v3.1
2026-09-06T02:50:00+09:00,CMP-S01-L02-01,S01,S01-L02,1,running,193.3244,413.4988,110.049,40.5019,0.2636,A,relation-reasoning-agent-eval-v3.1
2026-09-06T02:50:00+09:00,CMP-S01-L03-01,S01,S01-L03,1,running,149.9872,419.2486,103.706,43.5985,0.5626,A,relation-reasoning-agent-eval-v3.1
2026-09-06T02:50:00+09:00,CMP-S01-L04-01,S01,S01-L04,1,running,203.6024,471.6988,97.4884,44.9325,0.9592,A,relation-reasoning-agent-eval-v3.1
2026-09-06T02:50:00+09:00,CMP-S01-L05-01,S01,S01-L05,1,running,193.374,453.0205,99.3261,30.9621,-1.9594,B,relation-reasoning-agent-eval-v3.1
2026-09-06T03:00:00+09:00,CMP-S01-L01-01,S01,S01-L01,1,running,188.7656,467.9809,95.1682,33.0455,-1.2566,B,relation-reasoning-agent-eval-v3.1
2026-09-06T03:00:00+09:00,CMP-S01-L02-01,S01,S01-L02,1,running,161.3457,398.3744,106.4252,39.1062,0.0052,A,relation-reasoning-agent-eval-v3.1
2026-09-06T03:00:00+09:00,CMP-S01-L03-01,S01,S01-L03,1,running,148.0693,436.9825,104.3446,41.1552,0.1101,A,relation-reasoning-agent-eval-v3.1
2026-09-06T03:00:00+09:00,CMP-S01-L04-01,S01,S01-L04,1,running,202.123,441.5076,102.1592,50.1907,1.9329,B,relation-reasoning-agent-eval-v3.1
2026-09-06T03:00:00+09:00,CMP-S01-L05-01,S01,S01-L05,1,running,186.7739,413.7374,98.4403,30.9315,-1.965,B,relation-reasoning-agent-eval-v3.1
2026-09-06T03:10:00+09:00,CMP-S01-L01-01,S01,S01-L01,1,running,194.0557,443.4963,92.4502,33.4994,-1.1726,B,relation-reasoning-agent-eval-v3.1
2026-09-06T03:10:00+09:00,CMP-S01-L02-01,S01,S01-L02,1,running,157.6445,386.8937,101.4271,46.3266,1.3423,B,relation-reasoning-agent-eval-v3.1
2026-09-06T03:10:00+09:00,CMP-S01-L03-01,S01,S01-L03,1,running,152.2969,453.806,113.2309,38.5315,-0.3757,A,relation-reasoning-agent-eval-v3.1
2026-09-06T03:10:00+09:00,CMP-S01-L04-01,S01,S01-L04,1,running,204.7226,459.3611,111.1826,53.2837,2.5057,C,relation-reasoning-agent-eval-v3.1
2026-09-06T03:10:00+09:00,CMP-S01-L05-01,S01,S01-L05,1,running,196.0608,324.4257,97.2784,34.9317,-1.2242,B,relation-reasoning-agent-eval-v3.1
2026-09-06T03:20:00+09:00,CMP-S01-L01-01,S01,S01-L01,1,running,205.5583,461.511,90.9913,39.2321,-0.111,A,relation-reasoning-agent-eval-v3.1
2026-09-06T03:20:00+09:00,CMP-S01-L02-01,S01,S01-L02,1,running,177.5827,414.5114,104.2449,42.6881,0.6685,A,relation-reasoning-agent-eval-v3.1
2026-09-06T03:20:00+09:00,CMP-S01-L03-01,S01,S01-L03,1,running,134.8688,524.0513,118.4537,45.2772,0.8735,A,relation-reasoning-agent-eval-v3.1
2026-09-06T03:20:00+09:00,CMP-S01-L04-01,S01,S01-L04,1,running,199.2504,463.1283,105.8549,47.1914,1.3775,B,relation-reasoning-agent-eval-v3.1
2026-09-06T03:20:00+09:00,CMP-S01-L05-01,S01,S01-L05,1,running,191.9732,380.6393,89.2641,38.8015,-0.5076,A,relation-reasoning-agent-eval-v3.1
2026-09-06T03:30:00+09:00,CMP-S01-L01-01,S01,S01-L01,1,running,188.2071,491.7807,93.594,41.1696,0.2478,A,relation-reasoning-agent-eval-v3.1
2026-09-06T03:30:00+09:00,CMP-S01-L02-01,S01,S01-L02,1,running,179.1509,421.1142,98.8654,37.5347,-0.2859,A,relation-reasoning-agent-eval-v3.1
2026-09-06T03:30:00+09:00,CMP-S01-L03-01,S01,S01-L03,1,running,143.9262,498.1944,116.0088,43.9389,0.6256,A,relation-reasoning-agent-eval-v3.1
2026-09-06T03:30:00+09:00,CMP-S01-L04-01,S01,S01-L04,1,running,180.4259,470.0671,100.2269,43.6609,0.7237,A,relation-reasoning-agent-eval-v3.1
2026-09-06T03:30:00+09:00,CMP-S01-L05-01,S01,S01-L05,1,running,175.6601,389.9903,90.2873,39.6569,-0.3492,A,relation-reasoning-agent-eval-v3.1
2026-09-06T03:40:00+09:00,CMP-S01-L01-01,S01,S01-L01,1,running,182.7331,503.1312,97.5779,39.697,-0.0249,A,relation-reasoning-agent-eval-v3.1
2026-09-06T03:40:00+09:00,CMP-S01-L02-01,S01,S01-L02,1,running,177.1784,440.9634,97.6842,39.3189,0.0446,A,relation-reasoning-agent-eval-v3.1
2026-09-06T03:40:00+09:00,CMP-S01-L03-01,S01,S01-L03,1,running,163.8647,483.6797,113.0564,39.2913,-0.235,A,relation-reasoning-agent-eval-v3.1
2026-09-06T03:40:00+09:00,CMP-S01-L04-01,S01,S01-L04,1,running,158.169,464.8851,98.512,41.532,0.3294,A,relation-reasoning-agent-eval-v3.1
2026-09-06T03:40:00+09:00,CMP-S01-L05-01,S01,S01-L05,1,running,167.1608,379.2814,91.6552,40.8838,-0.122,A,relation-reasoning-agent-eval-v3.1
2026-09-06T03:50:00+09:00,CMP-S01-L01-01,S01,S01-L01,1,running,193.3302,497.8101,102.5281,42.9918,0.5853,A,relation-reasoning-agent-eval-v3.1
2026-09-06T03:50:00+09:00,CMP-S01-L02-01,S01,S01-L02,1,running,178.2416,398.4889,101.0908,41.4295,0.4354,A,relation-reasoning-agent-eval-v3.1
2026-09-06T03:50:00+09:00,CMP-S01-L03-01,S01,S01-L03,1,running,169.4372,494.9162,116.6842,38.1888,-0.4392,A,relation-reasoning-agent-eval-v3.1
2026-09-06T03:50:00+09:00,CMP-S01-L04-01,S01,S01-L04,1,running,159.9532,451.8774,101.3137,35.0689,-0.8674,A,relation-reasoning-agent-eval-v3.1
2026-09-06T03:50:00+09:00,CMP-S01-L05-01,S01,S01-L05,1,running,171.0016,390.1023,87.6084,42.0747,0.0985,A,relation-reasoning-agent-eval-v3.1
2026-09-06T04:00:00+09:00,CMP-S01-L01-01,S01,S01-L01,1,running,204.426,472.2288,97.9375,48.0219,1.5168,B,relation-reasoning-agent-eval-v3.1
2026-09-06T04:00:00+09:00,CMP-S01-L02-01,S01,S01-L02,1,running,177.4563,408.8431,98.1764,41.2483,0.4019,A,relation-reasoning-agent-eval-v3.1
2026-09-06T04:00:00+09:00,CMP-S01-L03-01,S01,S01-L03,1,running,160.5766,479.2923,109.8964,38.4146,-0.3974,A,relation-reasoning-agent-eval-v3.1
2026-09-06T04:00:00+09:00,CMP-S01-L04-01,S01,S01-L04,1,running,166.2505,423.7781,112.8942,40.778,0.1898,A,relation-reasoning-agent-eval-v3.1
2026-09-06T04:00:00+09:00,CMP-S01-L05-01,S01,S01-L05,1,running,192.1785,364.6142,94.0479,40.4803,-0.1967,A,relation-reasoning-agent-eval-v3.1
2026-09-06T04:10:00+09:00,CMP-S01-L01-01,S01,S01-L01,1,running,217.1405,437.727,90.3795,48.3326,1.5743,B,relation-reasoning-agent-eval-v3.1
2026-09-06T04:10:00+09:00,CMP-S01-L02-01,S01,S01-L02,1,running,188.5353,389.0673,96.0767,42.8845,0.7049,A,relation-reasoning-agent-eval-v3.1
2026-09-06T04:10:00+09:00,CMP-S01-L03-01,S01,S01-L03,1,running,167.9059,441.0175,107.3998,42.1778,0.2995,A,relation-reasoning-agent-eval-v3.1
2026-09-06T04:10:00+09:00,CMP-S01-L04-01,S01,S01-L04,1,running,168.3485,423.2209,111.312,37.8655,-0.3496,A,relation-reasoning-agent-eval-v3.1
2026-09-06T04:10:00+09:00,CMP-S01-L05-01,S01,S01-L05,1,running,179.8986,383.6483,94.3199,42.4079,0.1602,A,relation-reasoning-agent-eval-v3.1
2026-09-06T04:20:00+09:00,CMP-S01-L01-01,S01,S01-L01,1,running,196.4159,452.4763,100.6366,35.4702,-0.8076,A,relation-reasoning-agent-eval-v3.1
2026-09-06T04:20:00+09:00,CMP-S01-L02-01,S01,S01-L02,1,running,188.9488,374.8658,109.2563,42.8976,0.7073,A,relation-reasoning-agent-eval-v3.1
2026-09-06T04:20:00+09:00,CMP-S01-L03-01,S01,S01-L03,1,running,176.0495,456.5482,105.0597,42.2531,0.3134,A,relation-reasoning-agent-eval-v3.1
2026-09-06T04:20:00+09:00,CMP-S01-L04-01,S01,S01-L04,1,running,162.9215,433.3017,106.5464,35.4486,-0.7971,A,relation-reasoning-agent-eval-v3.1
2026-09-06T04:20:00+09:00,CMP-S01-L05-01,S01,S01-L05,1,running,186.6834,418.5745,99.819,32.8768,-1.6048,B,relation-reasoning-agent-eval-v3.1
2026-09-06T04:30:00+09:00,CMP-S01-L01-01,S01,S01-L01,1,running,181.3587,453.0866,96.2635,34.1316,-1.0555,B,relation-reasoning-agent-eval-v3.1
2026-09-06T04:30:00+09:00,CMP-S01-L02-01,S01,S01-L02,1,running,182.8016,373.5909,110.3696,44.3395,0.9743,A,relation-reasoning-agent-eval-v3.1
2026-09-06T04:30:00+09:00,CMP-S01-L03-01,S01,S01-L03,1,running,154.3591,442.2615,102.0978,48.8048,1.5267,B,relation-reasoning-agent-eval-v3.1
2026-09-06T04:30:00+09:00,CMP-S01-L04-01,S01,S01-L04,1,running,162.3847,397.2346,107.8715,33.1006,-1.2319,B,relation-reasoning-agent-eval-v3.1
2026-09-06T04:30:00+09:00,CMP-S01-L05-01,S01,S01-L05,1,running,175.1191,397.98,98.0364,35.9505,-1.0356,B,relation-reasoning-agent-eval-v3.1
2026-09-06T04:40:00+09:00,CMP-S01-L01-01,S01,S01-L01,1,running,190.5065,450.9007,96.7925,37.1781,-0.4913,A,relation-reasoning-agent-eval-v3.1
2026-09-06T04:40:00+09:00,CMP-S01-L02-01,S01,S01-L02,1,running,176.0803,373.3967,111.7572,44.582,1.0192,B,relation-reasoning-agent-eval-v3.1
2026-09-06T04:40:00+09:00,CMP-S01-L03-01,S01,S01-L03,1,running,152.3108,506.7575,97.3653,44.9633,0.8153,A,relation-reasoning-agent-eval-v3.1
2026-09-06T04:40:00+09:00,CMP-S01-L04-01,S01,S01-L04,1,running,165.1574,373.1918,110.8444,35.1895,-0.8451,A,relation-reasoning-agent-eval-v3.1
2026-09-06T04:40:00+09:00,CMP-S01-L05-01,S01,S01-L05,1,running,192.6247,402.6058,98.2048,45.6706,0.7644,A,relation-reasoning-agent-eval-v3.1
2026-09-06T04:50:00+09:00,CMP-S01-L01-01,S01,S01-L01,1,running,202.5477,451.3643,104.9275,38.7777,-0.1951,A,relation-reasoning-agent-eval-v3.1
2026-09-06T04:50:00+09:00,CMP-S01-L02-01,S01,S01-L02,1,running,186.0077,359.9194,105.2824,45.6189,1.2112,B,relation-reasoning-agent-eval-v3.1
2026-09-06T04:50:00+09:00,CMP-S01-L03-01,S01,S01-L03,1,running,160.5002,502.5907,91.5795,40.4937,-0.0124,A,relation-reasoning-agent-eval-v3.1
2026-09-06T04:50:00+09:00,CMP-S01-L04-01,S01,S01-L04,1,running,165.5001,408.1598,107.5536,38.341,-0.2615,A,relation-reasoning-agent-eval-v3.1
2026-09-06T04:50:00+09:00,CMP-S01-L05-01,S01,S01-L05,1,running,194.6176,413.0313,95.875,46.8629,0.9852,A,relation-reasoning-agent-eval-v3.1
2026-09-06T05:00:00+09:00,CMP-S01-L01-01,S01,S01-L01,1,running,192.627,488.3898,100.6598,31.6559,-1.5139,B,relation-reasoning-agent-eval-v3.1
2026-09-06T05:00:00+09:00,CMP-S01-L02-01,S01,S01-L02,1,running,180.6021,318.7265,105.4819,49.794,1.9844,B,relation-reasoning-agent-eval-v3.1
2026-09-06T05:00:00+09:00,CMP-S01-L03-01,S01,S01-L03,1,running,159.3495,485.8381,94.3675,41.9907,0.2649,A,relation-reasoning-agent-eval-v3.1
2026-09-06T05:00:00+09:00,CMP-S01-L04-01,S01,S01-L04,1,running,168.1193,384.452,106.032,38.9884,-0.1416,A,relation-reasoning-agent-eval-v3.1
2026-09-06T05:00:00+09:00,CMP-S01-L05-01,S01,S01-L05,1,running,193.8786,411.3572,102.4364,40.0448,-0.2774,A,relation-reasoning-agent-eval-v3.1
2026-09-06T05:10:00+09:00,CMP-S01-L01-01,S01,S01-L01,1,running,189.1637,473.2156,103.1702,31.2991,-1.58,B,relation-reasoning-agent-eval-v3.1
2026-09-06T05:10:00+09:00,CMP-S01-L02-01,S01,S01-L02,1,running,168.0352,334.822,110.7528,45.2211,1.1376,B,relation-reasoning-agent-eval-v3.1
2026-09-06T05:10:00+09:00,CMP-S01-L03-01,S01,S01-L03,1,running,164.2186,492.6844,96.4064,44.2614,0.6854,A,relation-reasoning-agent-eval-v3.1
2026-09-06T05:10:00+09:00,CMP-S01-L04-01,S01,S01-L04,1,running,164.0892,386.4152,103.188,45.8769,1.134,B,relation-reasoning-agent-eval-v3.1
2026-09-06T05:10:00+09:00,CMP-S01-L05-01,S01,S01-L05,1,running,183.6416,417.4089,95.2789,33.5961,-1.4716,B,relation-reasoning-agent-eval-v3.1
2026-09-06T05:20:00+09:00,CMP-S01-L01-01,S01,S01-L01,1,running,195.0526,454.9127,104.3708,32.3597,-1.3836,B,relation-reasoning-agent-eval-v3.1
2026-09-06T05:20:00+09:00,CMP-S01-L02-01,S01,S01-L02,1,running,155.7862,409.2127,109.0078,46.3947,1.3549,B,relation-reasoning-agent-eval-v3.1
2026-09-06T05:20:00+09:00,CMP-S01-L03-01,S01,S01-L03,1,running,152.8913,485.3829,104.4954,40.4404,-0.0222,A,relation-reasoning-agent-eval-v3.1
2026-09-06T05:20:00+09:00,CMP-S01-L04-01,S01,S01-L04,1,running,149.9712,383.5796,99.6876,47.6427,1.461,B,relation-reasoning-agent-eval-v3.1
2026-09-06T05:20:00+09:00,CMP-S01-L05-01,S01,S01-L05,1,running,189.173,418.7727,96.892,33.9684,-1.4026,B,relation-reasoning-agent-eval-v3.1
2026-09-06T05:30:00+09:00,CMP-S01-L01-01,S01,S01-L01,1,running,197.0696,467.658,107.3312,43.7198,0.7201,A,relation-reasoning-agent-eval-v3.1
2026-09-06T05:30:00+09:00,CMP-S01-L02-01,S01,S01-L02,1,running,146.5602,382.13,112.0786,39.1094,0.0058,A,relation-reasoning-agent-eval-v3.1
2026-09-06T05:30:00+09:00,CMP-S01-L03-01,S01,S01-L03,1,running,148.1453,434.6066,103.3795,41.7247,0.2156,A,relation-reasoning-agent-eval-v3.1
2026-09-06T05:30:00+09:00,CMP-S01-L04-01,S01,S01-L04,1,running,151.8485,390.1582,102.987,45.9032,1.1389,B,relation-reasoning-agent-eval-v3.1
2026-09-06T05:30:00+09:00,CMP-S01-L05-01,S01,S01-L05,1,running,185.648,362.8475,98.7085,37.4083,-0.7656,A,relation-reasoning-agent-eval-v3.1
2026-09-06T05:40:00+09:00,CMP-S01-L01-01,S01,S01-L01,1,running,191.2197,463.7246,112.5331,46.8045,1.2913,B,relation-reasoning-agent-eval-v3.1
2026-09-06T05:40:00+09:00,CMP-S01-L02-01,S01,S01-L02,1,running,143.9698,409.8077,114.8735,38.8555,-0.0413,A,relation-reasoning-agent-eval-v3.1
2026-09-06T05:40:00+09:00,CMP-S01-L03-01,S01,S01-L03,1,running,147.7271,451.0963,105.4032,35.8922,-0.8645,A,relation-reasoning-agent-eval-v3.1
2026-09-06T05:40:00+09:00,CMP-S01-L04-01,S01,S01-L04,1,running,156.3736,439.6049,103.0599,38.5912,-0.2152,A,relation-reasoning-agent-eval-v3.1
2026-09-06T05:40:00+09:00,CMP-S01-L05-01,S01,S01-L05,1,running,185.7743,289.7161,99.1541,47.3535,1.0761,B,relation-reasoning-agent-eval-v3.1
2026-09-06T05:50:00+09:00,CMP-S01-L01-01,S01,S01-L01,1,running,178.6705,462.0466,99.6296,47.9116,1.4964,B,relation-reasoning-agent-eval-v3.1
2026-09-06T05:50:00+09:00,CMP-S01-L02-01,S01,S01-L02,1,running,143.5826,420.9053,109.5328,34.5503,-0.8385,A,relation-reasoning-agent-eval-v3.1
2026-09-06T05:50:00+09:00,CMP-S01-L03-01,S01,S01-L03,1,running,156.4488,454.1108,105.0923,32.4962,-1.4934,B,relation-reasoning-agent-eval-v3.1
2026-09-06T05:50:00+09:00,CMP-S01-L04-01,S01,S01-L04,1,running,175.6278,471.1523,104.6907,38.2783,-0.2731,A,relation-reasoning-agent-eval-v3.1
2026-09-06T05:50:00+09:00,CMP-S01-L05-01,S01,S01-L05,1,running,176.6933,318.1564,103.8232,42.885,0.2486,A,relation-reasoning-agent-eval-v3.1
2026-09-06T06:00:00+09:00,CMP-S01-L01-01,S01,S01-L01,1,running,180.7228,421.695,98.5942,40.4009,0.1055,A,relation-reasoning-agent-eval-v3.1
2026-09-06T06:00:00+09:00,CMP-S01-L02-01,S01,S01-L02,1,running,173.0505,419.0413,110.3804,32.419,-1.2332,B,relation-reasoning-agent-eval-v3.1
2026-09-06T06:00:00+09:00,CMP-S01-L03-01,S01,S01-L03,1,running,151.8557,468.1092,102.6812,33.712,-1.2682,B,relation-reasoning-agent-eval-v3.1
2026-09-06T06:00:00+09:00,CMP-S01-L04-01,S01,S01-L04,1,running,168.019,490.7826,93.671,38.4674,-0.2381,A,relation-reasoning-agent-eval-v3.1
2026-09-06T06:00:00+09:00,CMP-S01-L05-01,S01,S01-L05,1,running,186.8613,360.0797,101.9916,46.291,0.8793,A,relation-reasoning-agent-eval-v3.1
2026-09-06T06:10:00+09:00,CMP-S01-L01-01,S01,S01-L01,1,running,185.2456,440.4383,104.7717,38.571,-0.2334,A,relation-reasoning-agent-eval-v3.1
2026-09-06T06:10:00+09:00,CMP-S01-L02-01,S01,S01-L02,1,running,159.1684,405.0689,111.0591,33.876,-0.9634,A,relation-reasoning-agent-eval-v3.1
2026-09-06T06:10:00+09:00,CMP-S01-L03-01,S01,S01-L03,1,running,154.4273,471.0239,106.0821,29.0526,-2.1311,C,relation-reasoning-agent-eval-v3.1
2026-09-06T06:10:00+09:00,CMP-S01-L04-01,S01,S01-L04,1,running,155.8778,450.352,90.5812,36.5405,-0.5949,A,relation-reasoning-agent-eval-v3.1
2026-09-06T06:10:00+09:00,CMP-S01-L05-01,S01,S01-L05,1,running,188.1014,377.202,104.4504,42.2635,0.1335,A,relation-reasoning-agent-eval-v3.1
2026-09-06T06:20:00+09:00,CMP-S01-L01-01,S01,S01-L01,1,running,197.9614,414.4182,108.0677,40.2139,0.0709,A,relation-reasoning-agent-eval-v3.1
2026-09-06T06:20:00+09:00,CMP-S01-L02-01,S01,S01-L02,1,running,166.9206,420.9761,107.0131,29.8309,-1.7125,B,relation-reasoning-agent-eval-v3.1
2026-09-06T06:20:00+09:00,CMP-S01-L03-01,S01,S01-L03,1,running,156.7036,472.8414,105.1022,29.2019,-2.1034,C,relation-reasoning-agent-eval-v3.1
2026-09-06T06:20:00+09:00,CMP-S01-L04-01,S01,S01-L04,1,running,182.1243,447.9402,93.6073,34.305,-1.0089,B,relation-reasoning-agent-eval-v3.1
2026-09-06T06:20:00+09:00,CMP-S01-L05-01,S01,S01-L05,1,running,167.5372,399.9308,103.9612,41.3481,-0.036,A,relation-reasoning-agent-eval-v3.1
2026-09-06T06:30:00+09:00,CMP-S01-L01-01,S01,S01-L01,1,running,200.685,410.9284,102.5576,36.0362,-0.7028,A,relation-reasoning-agent-eval-v3.1
2026-09-06T06:30:00+09:00,CMP-S01-L02-01,S01,S01-L02,1,running,180.5441,452.3353,107.79,37.2919,-0.3308,A,relation-reasoning-agent-eval-v3.1
2026-09-06T06:30:00+09:00,CMP-S01-L03-01,S01,S01-L03,1,running,155.4522,472.9443,106.3416,26.457,-2.6118,C,relation-reasoning-agent-eval-v3.1
2026-09-06T06:30:00+09:00,CMP-S01-L04-01,S01,S01-L04,1,running,176.1091,453.9636,98.7631,36.3549,-0.6293,A,relation-reasoning-agent-eval-v3.1
2026-09-06T06:30:00+09:00,CMP-S01-L05-01,S01,S01-L05,1,running,173.8324,433.8304,98.3037,42.579,0.1919,A,relation-reasoning-agent-eval-v3.1
2026-09-06T06:40:00+09:00,CMP-S01-L01-01,S01,S01-L01,1,running,201.821,392.0441,94.0979,38.7745,-0.1957,A,relation-reasoning-agent-eval-v3.1
2026-09-06T06:40:00+09:00,CMP-S01-L02-01,S01,S01-L02,1,running,165.2459,425.8557,101.7772,38.242,-0.1549,A,relation-reasoning-agent-eval-v3.1
2026-09-06T06:40:00+09:00,CMP-S01-L03-01,S01,S01-L03,1,running,158.7454,496.8769,102.8534,37.5196,-0.5631,A,relation-reasoning-agent-eval-v3.1
2026-09-06T06:40:00+09:00,CMP-S01-L04-01,S01,S01-L04,1,running,168.7228,458.9392,101.6256,30.2314,-1.7633,B,relation-reasoning-agent-eval-v3.1
2026-09-06T06:40:00+09:00,CMP-S01-L05-01,S01,S01-L05,1,running,170.0124,396.2425,98.138,39.5756,-0.3643,A,relation-reasoning-agent-eval-v3.1
2026-09-06T06:50:00+09:00,CMP-S01-L01-01,S01,S01-L01,1,running,199.0697,386.2289,96.0255,35.6543,-0.7735,A,relation-reasoning-agent-eval-v3.1
2026-09-06T06:50:00+09:00,CMP-S01-L02-01,S01,S01-L02,1,running,163.9103,417.7964,98.9137,33.5969,-1.0151,B,relation-reasoning-agent-eval-v3.1
2026-09-06T06:50:00+09:00,CMP-S01-L03-01,S01,S01-L03,1,running,168.6179,428.6461,99.3668,43.1842,0.4859,A,relation-reasoning-agent-eval-v3.1
2026-09-06T06:50:00+09:00,CMP-S01-L04-01,S01,S01-L04,1,running,168.4802,510.1361,104.2779,35.202,-0.8428,A,relation-reasoning-agent-eval-v3.1
2026-09-06T06:50:00+09:00,CMP-S01-L05-01,S01,S01-L05,1,running,156.5626,405.7777,96.4472,37.7307,-0.7059,A,relation-reasoning-agent-eval-v3.1
2026-09-06T07:00:00+09:00,CMP-S01-L01-01,S01,S01-L01,1,running,184.4627,415.2398,98.6813,37.2894,-0.4707,A,relation-reasoning-agent-eval-v3.1
2026-09-06T07:00:00+09:00,CMP-S01-L02-01,S01,S01-L02,1,running,171.1253,353.8623,96.9034,38.1392,-0.1739,A,relation-reasoning-agent-eval-v3.1
2026-09-06T07:00:00+09:00,CMP-S01-L03-01,S01,S01-L03,1,running,190.8216,397.4856,102.9717,42.6191,0.3812,A,relation-reasoning-agent-eval-v3.1
2026-09-06T07:00:00+09:00,CMP-S01-L04-01,S01,S01-L04,1,running,177.8942,487.7631,112.7501,35.6864,-0.7531,A,relation-reasoning-agent-eval-v3.1
2026-09-06T07:00:00+09:00,CMP-S01-L05-01,S01,S01-L05,1,running,161.3058,368.2723,92.0283,44.284,0.5077,A,relation-reasoning-agent-eval-v3.1
2026-09-06T07:10:00+09:00,CMP-S01-L01-01,S01,S01-L01,1,running,173.3379,404.4202,103.1709,33.7923,-1.1183,B,relation-reasoning-agent-eval-v3.1
2026-09-06T07:10:00+09:00,CMP-S01-L02-01,S01,S01-L02,1,running,180.7237,388.5186,100.939,37.1834,-0.3509,A,relation-reasoning-agent-eval-v3.1
2026-09-06T07:10:00+09:00,CMP-S01-L03-01,S01,S01-L03,1,running,172.8943,412.1792,104.0609,40.7001,0.0259,A,relation-reasoning-agent-eval-v3.1
2026-09-06T07:10:00+09:00,CMP-S01-L04-01,S01,S01-L04,1,running,172.8463,511.3615,108.8699,34.8895,-0.9007,A,relation-reasoning-agent-eval-v3.1
2026-09-06T07:10:00+09:00,CMP-S01-L05-01,S01,S01-L05,1,running,151.8562,378.0179,90.4612,42.9897,0.268,A,relation-reasoning-agent-eval-v3.1
2026-09-06T07:20:00+09:00,CMP-S01-L01-01,S01,S01-L01,1,running,177.6553,390.1315,103.412,34.5408,-0.9797,A,relation-reasoning-agent-eval-v3.1
2026-09-06T07:20:00+09:00,CMP-S01-L02-01,S01,S01-L02,1,running,181.4323,419.4149,105.2753,38.6907,-0.0718,A,relation-reasoning-agent-eval-v3.1
2026-09-06T07:20:00+09:00,CMP-S01-L03-01,S01,S01-L03,1,running,157.4539,428.5498,96.5329,41.0507,0.0908,A,relation-reasoning-agent-eval-v3.1
2026-09-06T07:20:00+09:00,CMP-S01-L04-01,S01,S01-L04,1,running,190.871,484.8769,110.2727,33.0735,-1.237,B,relation-reasoning-agent-eval-v3.1
2026-09-06T07:20:00+09:00,CMP-S01-L05-01,S01,S01-L05,1,running,151.4197,419.2524,91.6746,43.5027,0.363,A,relation-reasoning-agent-eval-v3.1
2026-09-06T07:30:00+09:00,CMP-S01-L01-01,S01,S01-L01,1,running,178.3847,410.6265,99.8533,34.0154,-1.077,B,relation-reasoning-agent-eval-v3.1
2026-09-06T07:30:00+09:00,CMP-S01-L02-01,S01,S01-L02,1,running,177.1077,430.6421,98.3273,40.9489,0.3464,A,relation-reasoning-agent-eval-v3.1
2026-09-06T07:30:00+09:00,CMP-S01-L03-01,S01,S01-L03,1,running,164.436,425.3177,92.2863,39.1607,-0.2592,A,relation-reasoning-agent-eval-v3.1
2026-09-06T07:30:00+09:00,CMP-S01-L04-01,S01,S01-L04,1,running,171.1893,424.4787,110.8464,32.4186,-1.3582,B,relation-reasoning-agent-eval-v3.1
2026-09-06T07:30:00+09:00,CMP-S01-L05-01,S01,S01-L05,1,running,171.068,447.8494,94.7822,37.3534,-0.7758,A,relation-reasoning-agent-eval-v3.1
2026-09-06T07:40:00+09:00,CMP-S01-L01-01,S01,S01-L01,1,running,173.7049,411.5716,95.4579,35.0023,-0.8943,A,relation-reasoning-agent-eval-v3.1
2026-09-06T07:40:00+09:00,CMP-S01-L02-01,S01,S01-L02,1,running,173.4272,490.9487,99.8388,44.2987,0.9667,A,relation-reasoning-agent-eval-v3.1
2026-09-06T07:40:00+09:00,CMP-S01-L03-01,S01,S01-L03,1,running,159.8307,406.5107,104.243,43.4461,0.5344,A,relation-reasoning-agent-eval-v3.1
2026-09-06T07:40:00+09:00,CMP-S01-L04-01,S01,S01-L04,1,running,164.9519,438.8677,99.8863,34.5863,-0.9568,A,relation-reasoning-agent-eval-v3.1
2026-09-06T07:40:00+09:00,CMP-S01-L05-01,S01,S01-L05,1,running,174.7484,450.582,92.888,39.1129,-0.45,A,relation-reasoning-agent-eval-v3.1
2026-09-06T07:50:00+09:00,CMP-S01-L01-01,S01,S01-L01,1,running,166.0981,409.4799,92.5428,33.5381,-1.1654,B,relation-reasoning-agent-eval-v3.1
2026-09-06T07:50:00+09:00,CMP-S01-L02-01,S01,S01-L02,1,running,167.0893,524.9757,98.0193,44.5687,1.0167,B,relation-reasoning-agent-eval-v3.1
2026-09-06T07:50:00+09:00,CMP-S01-L03-01,S01,S01-L03,1,running,169.5082,456.9639,103.1999,40.1098,-0.0835,A,relation-reasoning-agent-eval-v3.1
2026-09-06T07:50:00+09:00,CMP-S01-L04-01,S01,S01-L04,1,running,163.0355,493.6321,100.3391,38.5809,-0.2171,A,relation-reasoning-agent-eval-v3.1
2026-09-06T07:50:00+09:00,CMP-S01-L05-01,S01,S01-L05,1,running,162.4493,463.4512,98.8256,44.7585,0.5955,A,relation-reasoning-agent-eval-v3.1
2026-09-06T08:00:00+09:00,CMP-S01-L01-01,S01,S01-L01,1,running,153.7568,440.1625,101.0922,38.8366,-0.1842,A,relation-reasoning-agent-eval-v3.1
2026-09-06T08:00:00+09:00,CMP-S01-L02-01,S01,S01-L02,1,running,161.5856,445.4584,103.5756,43.453,0.8101,A,relation-reasoning-agent-eval-v3.1
2026-09-06T08:00:00+09:00,CMP-S01-L03-01,S01,S01-L03,1,running,165.1639,474.328,107.9388,44.6435,0.7561,A,relation-reasoning-agent-eval-v3.1
2026-09-06T08:00:00+09:00,CMP-S01-L04-01,S01,S01-L04,1,running,167.2941,476.8209,104.9771,40.0316,0.0516,A,relation-reasoning-agent-eval-v3.1
2026-09-06T08:00:00+09:00,CMP-S01-L05-01,S01,S01-L05,1,running,179.6532,470.5143,98.5845,44.9999,0.6402,A,relation-reasoning-agent-eval-v3.1
