observed_at,asset_id,site_id,cell_id,is_operating,operating_state,voltage_raw,rotation_raw,pressure_raw,vibration_raw,relative_vibration_z,relative_vibration_zone,generator_version
2026-08-25T18:00:00+09:00,CMP-S02-L01-01,S02,S02-L01,1,running,157.0264,394.6386,103.9762,43.3499,0.7823,A,relation-reasoning-agent-eval-v3.1
2026-08-25T18:00:00+09:00,CMP-S02-L02-01,S02,S02-L02,1,running,142.4919,451.6665,104.8591,41.2065,0.197,A,relation-reasoning-agent-eval-v3.1
2026-08-25T18:00:00+09:00,CMP-S02-L03-01,S02,S02-L03,1,running,178.5328,462.3569,102.3314,37.4861,-0.7698,A,relation-reasoning-agent-eval-v3.1
2026-08-25T18:00:00+09:00,CMP-S02-L04-01,S02,S02-L04,1,running,197.2482,447.8986,103.4895,34.7789,-1.3241,B,relation-reasoning-agent-eval-v3.1
2026-08-25T18:00:00+09:00,CMP-S02-L05-01,S02,S02-L05,1,running,156.3413,432.0632,97.712,39.4077,-0.1717,A,relation-reasoning-agent-eval-v3.1
2026-08-25T18:10:00+09:00,CMP-S02-L01-01,S02,S02-L01,1,running,153.8587,378.6588,98.1187,36.2748,-0.5279,A,relation-reasoning-agent-eval-v3.1
2026-08-25T18:10:00+09:00,CMP-S02-L02-01,S02,S02-L02,1,running,142.5915,403.9597,106.6866,40.3436,0.0372,A,relation-reasoning-agent-eval-v3.1
2026-08-25T18:10:00+09:00,CMP-S02-L03-01,S02,S02-L03,1,running,173.4244,455.5856,111.4149,42.023,0.0703,A,relation-reasoning-agent-eval-v3.1
2026-08-25T18:10:00+09:00,CMP-S02-L04-01,S02,S02-L04,1,running,184.094,449.7185,102.2335,38.2889,-0.6741,A,relation-reasoning-agent-eval-v3.1
2026-08-25T18:10:00+09:00,CMP-S02-L05-01,S02,S02-L05,1,running,172.0443,451.1981,105.8755,38.6312,-0.3155,A,relation-reasoning-agent-eval-v3.1
2026-08-25T18:20:00+09:00,CMP-S02-L01-01,S02,S02-L01,1,running,182.403,399.7029,101.6735,37.849,-0.2364,A,relation-reasoning-agent-eval-v3.1
2026-08-25T18:20:00+09:00,CMP-S02-L02-01,S02,S02-L02,1,running,147.2357,450.321,103.6702,46.8288,1.2382,B,relation-reasoning-agent-eval-v3.1
2026-08-25T18:20:00+09:00,CMP-S02-L03-01,S02,S02-L03,1,running,160.545,473.9272,106.4915,35.0662,-1.218,B,relation-reasoning-agent-eval-v3.1
2026-08-25T18:20:00+09:00,CMP-S02-L04-01,S02,S02-L04,1,running,159.9741,435.2718,97.7468,42.4087,0.0888,A,relation-reasoning-agent-eval-v3.1
2026-08-25T18:20:00+09:00,CMP-S02-L05-01,S02,S02-L05,1,running,168.1464,456.1494,100.1721,33.7289,-1.2233,B,relation-reasoning-agent-eval-v3.1
2026-08-25T18:30:00+09:00,CMP-S02-L01-01,S02,S02-L01,1,running,177.4543,435.4203,101.9119,45.4053,1.1629,B,relation-reasoning-agent-eval-v3.1
2026-08-25T18:30:00+09:00,CMP-S02-L02-01,S02,S02-L02,1,running,144.8156,442.3461,105.5555,50.553,1.9278,B,relation-reasoning-agent-eval-v3.1
2026-08-25T18:30:00+09:00,CMP-S02-L03-01,S02,S02-L03,1,running,173.3289,448.4172,101.3542,33.4858,-1.5106,B,relation-reasoning-agent-eval-v3.1
2026-08-25T18:30:00+09:00,CMP-S02-L04-01,S02,S02-L04,1,running,157.927,436.0243,90.3418,35.3403,-1.2202,B,relation-reasoning-agent-eval-v3.1
2026-08-25T18:30:00+09:00,CMP-S02-L05-01,S02,S02-L05,1,running,171.7763,474.9607,95.8303,35.3104,-0.9305,A,relation-reasoning-agent-eval-v3.1
2026-08-25T18:40:00+09:00,CMP-S02-L01-01,S02,S02-L01,1,running,167.4734,414.8954,93.9642,42.7244,0.6664,A,relation-reasoning-agent-eval-v3.1
2026-08-25T18:40:00+09:00,CMP-S02-L02-01,S02,S02-L02,1,running,154.6137,423.9145,103.7677,46.5425,1.1852,B,relation-reasoning-agent-eval-v3.1
2026-08-25T18:40:00+09:00,CMP-S02-L03-01,S02,S02-L03,1,running,178.4761,458.1088,97.723,33.2544,-1.5535,B,relation-reasoning-agent-eval-v3.1
2026-08-25T18:40:00+09:00,CMP-S02-L04-01,S02,S02-L04,1,running,168.6688,428.9785,90.2925,42.8534,0.1712,A,relation-reasoning-agent-eval-v3.1
2026-08-25T18:40:00+09:00,CMP-S02-L05-01,S02,S02-L05,1,running,172.5037,448.9561,92.5125,43.2969,0.5485,A,relation-reasoning-agent-eval-v3.1
2026-08-25T18:50:00+09:00,CMP-S02-L01-01,S02,S02-L01,1,running,184.9387,480.8223,104.2296,43.3646,0.785,A,relation-reasoning-agent-eval-v3.1
2026-08-25T18:50:00+09:00,CMP-S02-L02-01,S02,S02-L02,1,running,143.6699,496.6268,102.3871,53.1753,2.4134,C,relation-reasoning-agent-eval-v3.1
2026-08-25T18:50:00+09:00,CMP-S02-L03-01,S02,S02-L03,1,running,175.1207,429.4555,96.9745,36.0943,-1.0276,B,relation-reasoning-agent-eval-v3.1
2026-08-25T18:50:00+09:00,CMP-S02-L04-01,S02,S02-L04,1,running,175.6102,454.3653,95.6507,38.9713,-0.5478,A,relation-reasoning-agent-eval-v3.1
2026-08-25T18:50:00+09:00,CMP-S02-L05-01,S02,S02-L05,1,running,176.1401,438.393,89.9316,33.8215,-1.2062,B,relation-reasoning-agent-eval-v3.1
2026-08-25T19:00:00+09:00,CMP-S02-L01-01,S02,S02-L01,1,running,185.4227,488.2355,98.6784,41.5235,0.4441,A,relation-reasoning-agent-eval-v3.1
2026-08-25T19:00:00+09:00,CMP-S02-L02-01,S02,S02-L02,1,running,155.2048,534.4856,102.6888,45.9271,1.0712,B,relation-reasoning-agent-eval-v3.1
2026-08-25T19:00:00+09:00,CMP-S02-L03-01,S02,S02-L03,1,running,165.5789,420.2025,101.6932,36.6667,-0.9216,A,relation-reasoning-agent-eval-v3.1
2026-08-25T19:00:00+09:00,CMP-S02-L04-01,S02,S02-L04,1,running,173.6596,432.9088,93.7141,34.2214,-1.4274,B,relation-reasoning-agent-eval-v3.1
2026-08-25T19:00:00+09:00,CMP-S02-L05-01,S02,S02-L05,1,running,160.1337,447.7631,90.6439,26.5752,-2.5481,C,relation-reasoning-agent-eval-v3.1
2026-08-25T19:10:00+09:00,CMP-S02-L01-01,S02,S02-L01,1,running,170.0511,430.0284,105.1731,39.1631,0.0069,A,relation-reasoning-agent-eval-v3.1
2026-08-25T19:10:00+09:00,CMP-S02-L02-01,S02,S02-L02,1,running,154.3394,551.0443,99.9783,41.1615,0.1887,A,relation-reasoning-agent-eval-v3.1
2026-08-25T19:10:00+09:00,CMP-S02-L03-01,S02,S02-L03,1,running,166.2259,471.1458,104.6145,39.4469,-0.4067,A,relation-reasoning-agent-eval-v3.1
2026-08-25T19:10:00+09:00,CMP-S02-L04-01,S02,S02-L04,1,running,196.1439,465.1335,100.6472,34.7016,-1.3384,B,relation-reasoning-agent-eval-v3.1
2026-08-25T19:10:00+09:00,CMP-S02-L05-01,S02,S02-L05,1,running,168.754,491.5882,93.8991,32.2324,-1.5005,B,relation-reasoning-agent-eval-v3.1
2026-08-25T19:20:00+09:00,CMP-S02-L01-01,S02,S02-L01,1,running,174.6608,452.3284,100.0895,36.5691,-0.4734,A,relation-reasoning-agent-eval-v3.1
2026-08-25T19:20:00+09:00,CMP-S02-L02-01,S02,S02-L02,1,running,149.2308,520.5312,92.458,43.9571,0.7064,A,relation-reasoning-agent-eval-v3.1
2026-08-25T19:20:00+09:00,CMP-S02-L03-01,S02,S02-L03,1,running,176.8864,512.2895,99.2967,35.4953,-1.1385,B,relation-reasoning-agent-eval-v3.1
2026-08-25T19:20:00+09:00,CMP-S02-L04-01,S02,S02-L04,1,running,192.9282,485.2037,103.558,38.358,-0.6613,A,relation-reasoning-agent-eval-v3.1
2026-08-25T19:20:00+09:00,CMP-S02-L05-01,S02,S02-L05,1,running,164.568,494.9439,93.8619,36.5152,-0.7074,A,relation-reasoning-agent-eval-v3.1
2026-08-25T19:30:00+09:00,CMP-S02-L01-01,S02,S02-L01,1,running,174.1105,442.5736,99.036,37.9171,-0.2238,A,relation-reasoning-agent-eval-v3.1
2026-08-25T19:30:00+09:00,CMP-S02-L02-01,S02,S02-L02,1,running,171.5295,536.0864,100.3195,39.2506,-0.1652,A,relation-reasoning-agent-eval-v3.1
2026-08-25T19:30:00+09:00,CMP-S02-L03-01,S02,S02-L03,1,running,189.1028,535.1614,99.9225,34.8081,-1.2658,B,relation-reasoning-agent-eval-v3.1
2026-08-25T19:30:00+09:00,CMP-S02-L04-01,S02,S02-L04,1,running,165.9065,479.8126,99.9393,43.0504,0.2076,A,relation-reasoning-agent-eval-v3.1
2026-08-25T19:30:00+09:00,CMP-S02-L05-01,S02,S02-L05,1,running,138.406,487.4805,89.726,38.0491,-0.4233,A,relation-reasoning-agent-eval-v3.1
2026-08-25T19:40:00+09:00,CMP-S02-L01-01,S02,S02-L01,1,running,168.9302,431.1059,103.9864,35.2326,-0.7209,A,relation-reasoning-agent-eval-v3.1
2026-08-25T19:40:00+09:00,CMP-S02-L02-01,S02,S02-L02,1,running,159.9313,531.6938,100.8146,38.9357,-0.2235,A,relation-reasoning-agent-eval-v3.1
2026-08-25T19:40:00+09:00,CMP-S02-L03-01,S02,S02-L03,1,running,189.1431,497.9562,96.8192,36.6321,-0.928,A,relation-reasoning-agent-eval-v3.1
2026-08-25T19:40:00+09:00,CMP-S02-L04-01,S02,S02-L04,1,running,175.6439,511.2251,99.7355,41.9333,0.0008,A,relation-reasoning-agent-eval-v3.1
2026-08-25T19:40:00+09:00,CMP-S02-L05-01,S02,S02-L05,1,running,147.605,427.3246,95.1842,41.6198,0.2379,A,relation-reasoning-agent-eval-v3.1
2026-08-25T19:50:00+09:00,CMP-S02-L01-01,S02,S02-L01,1,running,170.8905,460.0297,99.1303,27.7516,-2.1063,C,relation-reasoning-agent-eval-v3.1
2026-08-25T19:50:00+09:00,CMP-S02-L02-01,S02,S02-L02,1,running,151.639,546.0329,99.3352,42.5528,0.4463,A,relation-reasoning-agent-eval-v3.1
2026-08-25T19:50:00+09:00,CMP-S02-L03-01,S02,S02-L03,1,running,182.8829,518.1589,88.2183,37.594,-0.7498,A,relation-reasoning-agent-eval-v3.1
2026-08-25T19:50:00+09:00,CMP-S02-L04-01,S02,S02-L04,1,running,192.8516,454.8077,98.7193,50.4884,1.585,B,relation-reasoning-agent-eval-v3.1
2026-08-25T19:50:00+09:00,CMP-S02-L05-01,S02,S02-L05,1,running,154.4419,428.125,94.1003,40.4698,0.025,A,relation-reasoning-agent-eval-v3.1
2026-08-25T20:00:00+09:00,CMP-S02-L01-01,S02,S02-L01,1,running,170.3958,446.1807,102.5653,28.3119,-2.0025,C,relation-reasoning-agent-eval-v3.1
2026-08-25T20:00:00+09:00,CMP-S02-L02-01,S02,S02-L02,1,running,148.1124,559.2228,101.8011,47.8665,1.4303,B,relation-reasoning-agent-eval-v3.1
2026-08-25T20:00:00+09:00,CMP-S02-L03-01,S02,S02-L03,1,running,176.7102,512.0099,92.2913,37.7004,-0.7302,A,relation-reasoning-agent-eval-v3.1
2026-08-25T20:00:00+09:00,CMP-S02-L04-01,S02,S02-L04,1,running,181.6755,413.5278,103.3473,46.0533,0.7637,A,relation-reasoning-agent-eval-v3.1
2026-08-25T20:00:00+09:00,CMP-S02-L05-01,S02,S02-L05,1,running,154.1372,448.5896,96.5598,43.2017,0.5309,A,relation-reasoning-agent-eval-v3.1
2026-08-25T20:10:00+09:00,CMP-S02-L01-01,S02,S02-L01,1,running,176.0438,494.7896,100.7727,34.4588,-0.8642,A,relation-reasoning-agent-eval-v3.1
2026-08-25T20:10:00+09:00,CMP-S02-L02-01,S02,S02-L02,1,running,156.8997,541.5236,101.1138,42.9623,0.5222,A,relation-reasoning-agent-eval-v3.1
2026-08-25T20:10:00+09:00,CMP-S02-L03-01,S02,S02-L03,1,running,185.793,458.2054,92.293,34.294,-1.361,B,relation-reasoning-agent-eval-v3.1
2026-08-25T20:10:00+09:00,CMP-S02-L04-01,S02,S02-L04,1,running,208.1362,421.3573,109.4111,41.495,-0.0804,A,relation-reasoning-agent-eval-v3.1
2026-08-25T20:10:00+09:00,CMP-S02-L05-01,S02,S02-L05,1,running,170.7627,400.2081,100.1951,44.6058,0.7909,A,relation-reasoning-agent-eval-v3.1
2026-08-25T20:20:00+09:00,CMP-S02-L01-01,S02,S02-L01,1,running,188.8056,503.2922,97.955,38.8668,-0.0479,A,relation-reasoning-agent-eval-v3.1
2026-08-25T20:20:00+09:00,CMP-S02-L02-01,S02,S02-L02,1,running,159.529,513.0087,103.4681,39.8741,-0.0497,A,relation-reasoning-agent-eval-v3.1
2026-08-25T20:20:00+09:00,CMP-S02-L03-01,S02,S02-L03,1,running,182.5475,481.5718,96.9918,36.9579,-0.8676,A,relation-reasoning-agent-eval-v3.1
2026-08-25T20:20:00+09:00,CMP-S02-L04-01,S02,S02-L04,1,running,191.6766,450.8719,110.7943,41.5657,-0.0673,A,relation-reasoning-agent-eval-v3.1
2026-08-25T20:20:00+09:00,CMP-S02-L05-01,S02,S02-L05,1,running,173.422,398.9796,101.0257,49.251,1.6511,B,relation-reasoning-agent-eval-v3.1
2026-08-25T20:30:00+09:00,CMP-S02-L01-01,S02,S02-L01,1,running,184.092,467.1336,107.5846,38.0705,-0.1954,A,relation-reasoning-agent-eval-v3.1
2026-08-25T20:30:00+09:00,CMP-S02-L02-01,S02,S02-L02,1,running,153.8039,519.6281,102.736,33.3412,-1.2595,B,relation-reasoning-agent-eval-v3.1
2026-08-25T20:30:00+09:00,CMP-S02-L03-01,S02,S02-L03,1,running,191.3515,488.8416,99.4156,38.1425,-0.6483,A,relation-reasoning-agent-eval-v3.1
2026-08-25T20:30:00+09:00,CMP-S02-L04-01,S02,S02-L04,1,running,193.2734,441.7468,104.9138,39.3516,-0.4773,A,relation-reasoning-agent-eval-v3.1
2026-08-25T20:30:00+09:00,CMP-S02-L05-01,S02,S02-L05,1,running,170.5697,447.6011,97.429,56.6046,3.0129,D,relation-reasoning-agent-eval-v3.1
2026-08-25T20:40:00+09:00,CMP-S02-L01-01,S02,S02-L01,1,running,174.0974,435.7926,114.4813,36.9989,-0.3938,A,relation-reasoning-agent-eval-v3.1
2026-08-25T20:40:00+09:00,CMP-S02-L02-01,S02,S02-L02,1,running,175.2506,491.5409,99.1495,30.7625,-1.7371,B,relation-reasoning-agent-eval-v3.1
2026-08-25T20:40:00+09:00,CMP-S02-L03-01,S02,S02-L03,1,running,190.0182,422.0807,99.1109,41.8399,0.0364,A,relation-reasoning-agent-eval-v3.1
2026-08-25T20:40:00+09:00,CMP-S02-L04-01,S02,S02-L04,1,running,173.2861,416.1953,111.9944,38.9598,-0.5499,A,relation-reasoning-agent-eval-v3.1
2026-08-25T20:40:00+09:00,CMP-S02-L05-01,S02,S02-L05,1,running,155.272,465.8651,97.9437,46.6915,1.1771,B,relation-reasoning-agent-eval-v3.1
2026-08-25T20:50:00+09:00,CMP-S02-L01-01,S02,S02-L01,1,running,169.7902,430.4302,114.9414,36.3537,-0.5133,A,relation-reasoning-agent-eval-v3.1
2026-08-25T20:50:00+09:00,CMP-S02-L02-01,S02,S02-L02,1,running,194.6962,503.3842,96.5295,39.3172,-0.1529,A,relation-reasoning-agent-eval-v3.1
2026-08-25T20:50:00+09:00,CMP-S02-L03-01,S02,S02-L03,1,running,205.089,451.7879,95.0223,41.7885,0.0269,A,relation-reasoning-agent-eval-v3.1
2026-08-25T20:50:00+09:00,CMP-S02-L04-01,S02,S02-L04,1,running,166.433,402.2462,105.862,39.0518,-0.5328,A,relation-reasoning-agent-eval-v3.1
2026-08-25T20:50:00+09:00,CMP-S02-L05-01,S02,S02-L05,1,running,166.635,483.8151,95.6769,38.4288,-0.353,A,relation-reasoning-agent-eval-v3.1
2026-08-25T21:00:00+09:00,CMP-S02-L01-01,S02,S02-L01,1,running,170.2311,463.4682,108.627,32.5956,-1.2093,B,relation-reasoning-agent-eval-v3.1
2026-08-25T21:00:00+09:00,CMP-S02-L02-01,S02,S02-L02,1,running,174.7424,544.7825,93.2451,41.1478,0.1861,A,relation-reasoning-agent-eval-v3.1
2026-08-25T21:00:00+09:00,CMP-S02-L03-01,S02,S02-L03,1,running,198.9494,391.2844,94.5477,42.4122,0.1424,A,relation-reasoning-agent-eval-v3.1
2026-08-25T21:00:00+09:00,CMP-S02-L04-01,S02,S02-L04,1,running,177.1396,383.8027,107.1909,41.7258,-0.0377,A,relation-reasoning-agent-eval-v3.1
2026-08-25T21:00:00+09:00,CMP-S02-L05-01,S02,S02-L05,1,running,172.0815,498.5932,95.3032,38.5081,-0.3383,A,relation-reasoning-agent-eval-v3.1
2026-08-25T21:10:00+09:00,CMP-S02-L01-01,S02,S02-L01,1,running,166.5346,491.5102,109.8328,34.3577,-0.883,A,relation-reasoning-agent-eval-v3.1
2026-08-25T21:10:00+09:00,CMP-S02-L02-01,S02,S02-L02,1,running,175.521,512.9854,89.2912,41.1434,0.1853,A,relation-reasoning-agent-eval-v3.1
2026-08-25T21:10:00+09:00,CMP-S02-L03-01,S02,S02-L03,1,running,199.7703,408.4559,95.9437,43.4515,0.3349,A,relation-reasoning-agent-eval-v3.1
2026-08-25T21:10:00+09:00,CMP-S02-L04-01,S02,S02-L04,1,running,151.8545,410.1916,102.9684,36.4772,-1.0096,B,relation-reasoning-agent-eval-v3.1
2026-08-25T21:10:00+09:00,CMP-S02-L05-01,S02,S02-L05,1,running,171.7899,488.5339,106.6028,38.1582,-0.4031,A,relation-reasoning-agent-eval-v3.1
2026-08-25T21:20:00+09:00,CMP-S02-L01-01,S02,S02-L01,1,running,179.9315,466.5577,101.8792,38.0356,-0.2019,A,relation-reasoning-agent-eval-v3.1
2026-08-25T21:20:00+09:00,CMP-S02-L02-01,S02,S02-L02,1,running,173.2497,514.5287,94.3914,41.5004,0.2514,A,relation-reasoning-agent-eval-v3.1
2026-08-25T21:20:00+09:00,CMP-S02-L03-01,S02,S02-L03,1,running,200.1919,396.4297,93.2352,45.8872,0.7859,A,relation-reasoning-agent-eval-v3.1
2026-08-25T21:20:00+09:00,CMP-S02-L04-01,S02,S02-L04,1,running,165.818,438.0192,106.9545,35.8222,-1.1309,B,relation-reasoning-agent-eval-v3.1
2026-08-25T21:20:00+09:00,CMP-S02-L05-01,S02,S02-L05,1,running,165.4059,509.1967,98.293,36.064,-0.7909,A,relation-reasoning-agent-eval-v3.1
2026-08-25T21:30:00+09:00,CMP-S02-L01-01,S02,S02-L01,1,running,174.2111,453.3696,104.2092,36.8368,-0.4239,A,relation-reasoning-agent-eval-v3.1
2026-08-25T21:30:00+09:00,CMP-S02-L02-01,S02,S02-L02,1,running,168.4294,485.1983,99.1367,36.4108,-0.6911,A,relation-reasoning-agent-eval-v3.1
2026-08-25T21:30:00+09:00,CMP-S02-L03-01,S02,S02-L03,1,running,186.561,366.1687,102.0899,44.2222,0.4776,A,relation-reasoning-agent-eval-v3.1
2026-08-25T21:30:00+09:00,CMP-S02-L04-01,S02,S02-L04,1,running,190.4842,440.4003,106.4287,29.6106,-2.2812,C,relation-reasoning-agent-eval-v3.1
2026-08-25T21:30:00+09:00,CMP-S02-L05-01,S02,S02-L05,1,running,154.3891,504.0765,100.6242,39.2202,-0.2064,A,relation-reasoning-agent-eval-v3.1
2026-08-25T21:40:00+09:00,CMP-S02-L01-01,S02,S02-L01,1,running,171.2684,461.4277,109.4634,35.1547,-0.7354,A,relation-reasoning-agent-eval-v3.1
2026-08-25T21:40:00+09:00,CMP-S02-L02-01,S02,S02-L02,1,running,165.3405,493.4204,101.2937,39.8528,-0.0537,A,relation-reasoning-agent-eval-v3.1
2026-08-25T21:40:00+09:00,CMP-S02-L03-01,S02,S02-L03,1,running,185.2715,389.865,104.4131,43.1462,0.2783,A,relation-reasoning-agent-eval-v3.1
2026-08-25T21:40:00+09:00,CMP-S02-L04-01,S02,S02-L04,1,running,182.2375,411.4822,106.1892,36.788,-0.9521,A,relation-reasoning-agent-eval-v3.1
2026-08-25T21:40:00+09:00,CMP-S02-L05-01,S02,S02-L05,1,running,154.9791,478.8511,100.7946,36.7055,-0.6721,A,relation-reasoning-agent-eval-v3.1
2026-08-25T21:50:00+09:00,CMP-S02-L01-01,S02,S02-L01,1,running,177.6815,479.0868,107.379,36.0616,-0.5674,A,relation-reasoning-agent-eval-v3.1
2026-08-25T21:50:00+09:00,CMP-S02-L02-01,S02,S02-L02,1,running,156.6098,498.4623,105.6083,41.5231,0.2556,A,relation-reasoning-agent-eval-v3.1
2026-08-25T21:50:00+09:00,CMP-S02-L03-01,S02,S02-L03,1,running,177.1734,386.6205,108.6175,37.9072,-0.6918,A,relation-reasoning-agent-eval-v3.1
2026-08-25T21:50:00+09:00,CMP-S02-L04-01,S02,S02-L04,1,running,200.5687,421.3478,102.7762,35.085,-1.2674,B,relation-reasoning-agent-eval-v3.1
2026-08-25T21:50:00+09:00,CMP-S02-L05-01,S02,S02-L05,1,running,151.3611,498.7902,102.1409,41.7638,0.2646,A,relation-reasoning-agent-eval-v3.1
2026-08-25T22:00:00+09:00,CMP-S02-L01-01,S02,S02-L01,1,running,169.3438,474.4122,113.2685,36.8873,-0.4145,A,relation-reasoning-agent-eval-v3.1
2026-08-25T22:00:00+09:00,CMP-S02-L02-01,S02,S02-L02,1,running,176.1187,566.6687,108.1505,36.0704,-0.7541,A,relation-reasoning-agent-eval-v3.1
2026-08-25T22:00:00+09:00,CMP-S02-L03-01,S02,S02-L03,1,running,176.8704,384.0017,99.2008,32.7901,-1.6395,B,relation-reasoning-agent-eval-v3.1
2026-08-25T22:00:00+09:00,CMP-S02-L04-01,S02,S02-L04,1,running,191.6581,411.2623,101.5155,33.7555,-1.5136,B,relation-reasoning-agent-eval-v3.1
2026-08-25T22:00:00+09:00,CMP-S02-L05-01,S02,S02-L05,1,running,151.1251,470.6124,102.0661,40.7461,0.0761,A,relation-reasoning-agent-eval-v3.1
2026-08-25T22:10:00+09:00,CMP-S02-L01-01,S02,S02-L01,1,running,169.3268,475.3709,110.8272,48.2015,1.6807,B,relation-reasoning-agent-eval-v3.1
2026-08-25T22:10:00+09:00,CMP-S02-L02-01,S02,S02-L02,1,running,179.3675,493.9611,105.9918,35.9531,-0.7759,A,relation-reasoning-agent-eval-v3.1
2026-08-25T22:10:00+09:00,CMP-S02-L03-01,S02,S02-L03,1,running,175.2977,386.3163,101.6106,32.7543,-1.6461,B,relation-reasoning-agent-eval-v3.1
2026-08-25T22:10:00+09:00,CMP-S02-L04-01,S02,S02-L04,1,running,184.4973,433.9691,97.7211,32.8563,-1.6802,B,relation-reasoning-agent-eval-v3.1
2026-08-25T22:10:00+09:00,CMP-S02-L05-01,S02,S02-L05,1,running,135.1331,468.1274,99.4321,43.3702,0.5621,A,relation-reasoning-agent-eval-v3.1
2026-08-25T22:20:00+09:00,CMP-S02-L01-01,S02,S02-L01,1,running,166.3432,468.1808,114.9056,46.7674,1.4151,B,relation-reasoning-agent-eval-v3.1
2026-08-25T22:20:00+09:00,CMP-S02-L02-01,S02,S02-L02,1,running,175.2845,466.9685,105.319,30.6657,-1.755,B,relation-reasoning-agent-eval-v3.1
2026-08-25T22:20:00+09:00,CMP-S02-L03-01,S02,S02-L03,1,running,167.101,361.6922,92.9527,35.9874,-1.0474,B,relation-reasoning-agent-eval-v3.1
2026-08-25T22:20:00+09:00,CMP-S02-L04-01,S02,S02-L04,1,running,190.5776,406.0717,97.9695,37.7269,-0.7782,A,relation-reasoning-agent-eval-v3.1
2026-08-25T22:20:00+09:00,CMP-S02-L05-01,S02,S02-L05,1,running,128.8957,510.0898,94.0689,47.4364,1.3151,B,relation-reasoning-agent-eval-v3.1
2026-08-25T22:30:00+09:00,CMP-S02-L01-01,S02,S02-L01,1,running,155.9624,507.7468,109.5689,47.5356,1.5574,B,relation-reasoning-agent-eval-v3.1
2026-08-25T22:30:00+09:00,CMP-S02-L02-01,S02,S02-L02,1,running,168.0812,471.8449,101.3678,34.634,-1.0201,B,relation-reasoning-agent-eval-v3.1
2026-08-25T22:30:00+09:00,CMP-S02-L03-01,S02,S02-L03,1,running,161.9,372.8252,98.4626,42.7716,0.209,A,relation-reasoning-agent-eval-v3.1
2026-08-25T22:30:00+09:00,CMP-S02-L04-01,S02,S02-L04,1,running,199.0339,482.2893,95.6464,39.1517,-0.5143,A,relation-reasoning-agent-eval-v3.1
2026-08-25T22:30:00+09:00,CMP-S02-L05-01,S02,S02-L05,1,running,135.0675,453.1594,93.9158,42.2078,0.3468,A,relation-reasoning-agent-eval-v3.1
2026-08-25T22:40:00+09:00,CMP-S02-L01-01,S02,S02-L01,1,running,145.1536,449.9829,110.4381,40.6061,0.2742,A,relation-reasoning-agent-eval-v3.1
2026-08-25T22:40:00+09:00,CMP-S02-L02-01,S02,S02-L02,1,running,155.802,457.8834,94.0189,37.6228,-0.4666,A,relation-reasoning-agent-eval-v3.1
2026-08-25T22:40:00+09:00,CMP-S02-L03-01,S02,S02-L03,1,running,166.4144,418.9476,94.8507,46.6493,0.9271,A,relation-reasoning-agent-eval-v3.1
2026-08-25T22:40:00+09:00,CMP-S02-L04-01,S02,S02-L04,1,running,189.1807,481.9,93.2694,36.6342,-0.9805,A,relation-reasoning-agent-eval-v3.1
2026-08-25T22:40:00+09:00,CMP-S02-L05-01,S02,S02-L05,1,running,150.492,413.3601,87.9484,44.0326,0.6847,A,relation-reasoning-agent-eval-v3.1
2026-08-25T22:50:00+09:00,CMP-S02-L01-01,S02,S02-L01,1,running,151.7184,465.6611,102.5454,38.3905,-0.1361,A,relation-reasoning-agent-eval-v3.1
2026-08-25T22:50:00+09:00,CMP-S02-L02-01,S02,S02-L02,1,running,146.2512,420.7525,95.8401,35.2208,-0.9115,A,relation-reasoning-agent-eval-v3.1
2026-08-25T22:50:00+09:00,CMP-S02-L03-01,S02,S02-L03,1,running,162.7553,433.2471,98.3683,43.8313,0.4052,A,relation-reasoning-agent-eval-v3.1
2026-08-25T22:50:00+09:00,CMP-S02-L04-01,S02,S02-L04,1,running,178.8642,465.027,95.6431,47.5658,1.0438,B,relation-reasoning-agent-eval-v3.1
2026-08-25T22:50:00+09:00,CMP-S02-L05-01,S02,S02-L05,1,running,146.6773,402.0011,94.6742,41.8407,0.2788,A,relation-reasoning-agent-eval-v3.1
2026-08-25T23:00:00+09:00,CMP-S02-L01-01,S02,S02-L01,1,running,154.9428,482.9262,100.3329,38.127,-0.1849,A,relation-reasoning-agent-eval-v3.1
2026-08-25T23:00:00+09:00,CMP-S02-L02-01,S02,S02-L02,1,running,144.9104,442.4953,93.4958,43.1207,0.5515,A,relation-reasoning-agent-eval-v3.1
2026-08-25T23:00:00+09:00,CMP-S02-L03-01,S02,S02-L03,1,running,179.8829,451.8719,97.4607,45.6613,0.7441,A,relation-reasoning-agent-eval-v3.1
2026-08-25T23:00:00+09:00,CMP-S02-L04-01,S02,S02-L04,1,running,188.5866,468.7056,98.5836,45.0752,0.5826,A,relation-reasoning-agent-eval-v3.1
2026-08-25T23:00:00+09:00,CMP-S02-L05-01,S02,S02-L05,1,running,140.7751,396.7053,97.913,34.3161,-1.1146,B,relation-reasoning-agent-eval-v3.1
2026-08-25T23:10:00+09:00,CMP-S02-L01-01,S02,S02-L01,1,running,148.0275,468.883,99.4885,38.4382,-0.1273,A,relation-reasoning-agent-eval-v3.1
2026-08-25T23:10:00+09:00,CMP-S02-L02-01,S02,S02-L02,1,running,150.0369,427.8024,95.3948,44.8143,0.8651,A,relation-reasoning-agent-eval-v3.1
2026-08-25T23:10:00+09:00,CMP-S02-L03-01,S02,S02-L03,1,running,169.5063,441.9737,100.7458,38.3269,-0.6141,A,relation-reasoning-agent-eval-v3.1
2026-08-25T23:10:00+09:00,CMP-S02-L04-01,S02,S02-L04,1,running,177.8121,503.2648,94.8893,45.7151,0.7011,A,relation-reasoning-agent-eval-v3.1
2026-08-25T23:10:00+09:00,CMP-S02-L05-01,S02,S02-L05,1,running,139.5494,432.1412,96.6923,30.938,-1.7402,B,relation-reasoning-agent-eval-v3.1
2026-08-25T23:20:00+09:00,CMP-S02-L01-01,S02,S02-L01,1,running,150.2412,473.9116,99.0412,40.0004,0.162,A,relation-reasoning-agent-eval-v3.1
2026-08-25T23:20:00+09:00,CMP-S02-L02-01,S02,S02-L02,1,running,156.0822,437.9418,96.2124,46.2253,1.1264,B,relation-reasoning-agent-eval-v3.1
2026-08-25T23:20:00+09:00,CMP-S02-L03-01,S02,S02-L03,1,running,173.879,397.2949,104.2793,42.1537,0.0945,A,relation-reasoning-agent-eval-v3.1
2026-08-25T23:20:00+09:00,CMP-S02-L04-01,S02,S02-L04,1,running,191.447,538.7687,105.697,36.4657,-1.0117,B,relation-reasoning-agent-eval-v3.1
2026-08-25T23:20:00+09:00,CMP-S02-L05-01,S02,S02-L05,1,running,158.0717,439.4454,86.8754,40.4643,0.0239,A,relation-reasoning-agent-eval-v3.1
2026-08-25T23:30:00+09:00,CMP-S02-L01-01,S02,S02-L01,1,running,152.2062,501.9673,97.7601,45.1893,1.1229,B,relation-reasoning-agent-eval-v3.1
2026-08-25T23:30:00+09:00,CMP-S02-L02-01,S02,S02-L02,1,running,173.2587,439.1425,86.3016,44.0974,0.7324,A,relation-reasoning-agent-eval-v3.1
2026-08-25T23:30:00+09:00,CMP-S02-L03-01,S02,S02-L03,1,running,171.5818,417.1931,101.4098,38.2775,-0.6233,A,relation-reasoning-agent-eval-v3.1
2026-08-25T23:30:00+09:00,CMP-S02-L04-01,S02,S02-L04,1,running,177.4637,488.0394,104.834,36.1144,-1.0768,B,relation-reasoning-agent-eval-v3.1
2026-08-25T23:30:00+09:00,CMP-S02-L05-01,S02,S02-L05,1,running,160.8228,479.9371,96.7586,32.4111,-1.4674,B,relation-reasoning-agent-eval-v3.1
2026-08-25T23:40:00+09:00,CMP-S02-L01-01,S02,S02-L01,1,running,136.0874,504.8648,101.1693,49.5018,1.9215,B,relation-reasoning-agent-eval-v3.1
2026-08-25T23:40:00+09:00,CMP-S02-L02-01,S02,S02-L02,1,running,163.8975,455.3509,85.8082,40.2482,0.0195,A,relation-reasoning-agent-eval-v3.1
2026-08-25T23:40:00+09:00,CMP-S02-L03-01,S02,S02-L03,1,running,162.1999,436.4073,102.5969,47.6213,1.1071,B,relation-reasoning-agent-eval-v3.1
2026-08-25T23:40:00+09:00,CMP-S02-L04-01,S02,S02-L04,1,running,175.3023,555.983,95.245,36.1372,-1.0726,B,relation-reasoning-agent-eval-v3.1
2026-08-25T23:40:00+09:00,CMP-S02-L05-01,S02,S02-L05,1,running,168.9237,460.0071,92.1678,37.7915,-0.471,A,relation-reasoning-agent-eval-v3.1
2026-08-25T23:50:00+09:00,CMP-S02-L01-01,S02,S02-L01,1,running,149.0792,435.3186,108.3742,45.5666,1.1928,B,relation-reasoning-agent-eval-v3.1
2026-08-25T23:50:00+09:00,CMP-S02-L02-01,S02,S02-L02,1,running,167.674,430.8065,87.6415,38.9199,-0.2265,A,relation-reasoning-agent-eval-v3.1
2026-08-25T23:50:00+09:00,CMP-S02-L03-01,S02,S02-L03,1,running,166.6666,409.8785,106.328,42.9816,0.2478,A,relation-reasoning-agent-eval-v3.1
2026-08-25T23:50:00+09:00,CMP-S02-L04-01,S02,S02-L04,1,running,187.2832,531.337,101.227,34.6876,-1.341,B,relation-reasoning-agent-eval-v3.1
2026-08-25T23:50:00+09:00,CMP-S02-L05-01,S02,S02-L05,1,running,174.977,468.4568,101.7832,35.3886,-0.916,A,relation-reasoning-agent-eval-v3.1
2026-08-26T00:00:00+09:00,CMP-S02-L01-01,S02,S02-L01,1,running,158.5662,416.1748,109.0636,34.1011,-0.9305,A,relation-reasoning-agent-eval-v3.1
2026-08-26T00:00:00+09:00,CMP-S02-L02-01,S02,S02-L02,1,running,183.7609,409.3321,93.8909,41.3002,0.2144,A,relation-reasoning-agent-eval-v3.1
2026-08-26T00:00:00+09:00,CMP-S02-L03-01,S02,S02-L03,1,running,146.9111,416.5707,103.2926,48.7689,1.3196,B,relation-reasoning-agent-eval-v3.1
2026-08-26T00:00:00+09:00,CMP-S02-L04-01,S02,S02-L04,1,running,168.8925,531.69,99.0191,37.7999,-0.7647,A,relation-reasoning-agent-eval-v3.1
2026-08-26T00:00:00+09:00,CMP-S02-L05-01,S02,S02-L05,1,running,161.7144,520.1636,103.4146,32.1654,-1.5129,B,relation-reasoning-agent-eval-v3.1
2026-08-26T00:10:00+09:00,CMP-S02-L01-01,S02,S02-L01,1,running,176.9001,410.0023,109.1516,40.7664,0.3038,A,relation-reasoning-agent-eval-v3.1
2026-08-26T00:10:00+09:00,CMP-S02-L02-01,S02,S02-L02,1,running,171.0327,363.6798,94.7916,48.6784,1.5807,B,relation-reasoning-agent-eval-v3.1
2026-08-26T00:10:00+09:00,CMP-S02-L03-01,S02,S02-L03,1,running,147.0175,381.8596,100.6352,44.6103,0.5495,A,relation-reasoning-agent-eval-v3.1
2026-08-26T00:10:00+09:00,CMP-S02-L04-01,S02,S02-L04,1,running,164.9473,503.7056,99.5254,46.0769,0.7681,A,relation-reasoning-agent-eval-v3.1
2026-08-26T00:10:00+09:00,CMP-S02-L05-01,S02,S02-L05,1,running,174.7967,489.4538,98.08,30.9671,-1.7348,B,relation-reasoning-agent-eval-v3.1
2026-08-26T00:20:00+09:00,CMP-S02-L01-01,S02,S02-L01,1,running,173.0105,432.7445,102.2799,41.5343,0.446,A,relation-reasoning-agent-eval-v3.1
2026-08-26T00:20:00+09:00,CMP-S02-L02-01,S02,S02-L02,1,running,181.0498,433.3379,96.3508,52.0239,2.2002,C,relation-reasoning-agent-eval-v3.1
2026-08-26T00:20:00+09:00,CMP-S02-L03-01,S02,S02-L03,1,running,150.387,359.7355,94.3401,43.3365,0.3136,A,relation-reasoning-agent-eval-v3.1
2026-08-26T00:20:00+09:00,CMP-S02-L04-01,S02,S02-L04,1,running,160.3092,485.9193,105.1186,40.4464,-0.2746,A,relation-reasoning-agent-eval-v3.1
2026-08-26T00:20:00+09:00,CMP-S02-L05-01,S02,S02-L05,1,running,162.5002,481.4318,98.6797,36.5551,-0.7,A,relation-reasoning-agent-eval-v3.1
2026-08-26T00:30:00+09:00,CMP-S02-L01-01,S02,S02-L01,1,running,174.3317,417.0169,100.2761,33.1923,-1.0988,B,relation-reasoning-agent-eval-v3.1
2026-08-26T00:30:00+09:00,CMP-S02-L02-01,S02,S02-L02,1,running,177.0049,427.4993,96.2235,46.5923,1.1944,B,relation-reasoning-agent-eval-v3.1
2026-08-26T00:30:00+09:00,CMP-S02-L03-01,S02,S02-L03,1,running,165.7966,355.082,94.2014,44.8997,0.603,A,relation-reasoning-agent-eval-v3.1
2026-08-26T00:30:00+09:00,CMP-S02-L04-01,S02,S02-L04,1,running,163.9943,487.619,108.2873,35.8891,-1.1185,B,relation-reasoning-agent-eval-v3.1
2026-08-26T00:30:00+09:00,CMP-S02-L05-01,S02,S02-L05,1,running,176.1609,447.8915,101.3662,38.4427,-0.3504,A,relation-reasoning-agent-eval-v3.1
2026-08-26T00:40:00+09:00,CMP-S02-L01-01,S02,S02-L01,1,running,176.0984,421.733,95.2041,39.5374,0.0762,A,relation-reasoning-agent-eval-v3.1
2026-08-26T00:40:00+09:00,CMP-S02-L02-01,S02,S02-L02,1,running,181.6581,435.2124,94.4822,44.6784,0.8399,A,relation-reasoning-agent-eval-v3.1
2026-08-26T00:40:00+09:00,CMP-S02-L03-01,S02,S02-L03,1,running,168.0576,350.1951,91.8523,46.6532,0.9278,A,relation-reasoning-agent-eval-v3.1
2026-08-26T00:40:00+09:00,CMP-S02-L04-01,S02,S02-L04,1,running,179.517,500.8731,106.9449,42.8159,0.1642,A,relation-reasoning-agent-eval-v3.1
2026-08-26T00:40:00+09:00,CMP-S02-L05-01,S02,S02-L05,1,running,165.7779,490.304,101.8137,35.3174,-0.9292,A,relation-reasoning-agent-eval-v3.1
2026-08-26T00:50:00+09:00,CMP-S02-L01-01,S02,S02-L01,1,running,171.6618,486.3495,99.8519,41.7315,0.4826,A,relation-reasoning-agent-eval-v3.1
2026-08-26T00:50:00+09:00,CMP-S02-L02-01,S02,S02-L02,1,running,183.88,437.1526,93.941,47.5184,1.3659,B,relation-reasoning-agent-eval-v3.1
2026-08-26T00:50:00+09:00,CMP-S02-L03-01,S02,S02-L03,1,running,185.0629,385.4299,93.161,43.9829,0.4333,A,relation-reasoning-agent-eval-v3.1
2026-08-26T00:50:00+09:00,CMP-S02-L04-01,S02,S02-L04,1,running,168.1987,497.4751,107.6256,49.6183,1.4239,B,relation-reasoning-agent-eval-v3.1
2026-08-26T00:50:00+09:00,CMP-S02-L05-01,S02,S02-L05,1,running,152.4892,479.3058,100.7854,35.2388,-0.9437,A,relation-reasoning-agent-eval-v3.1
2026-08-26T01:00:00+09:00,CMP-S02-L01-01,S02,S02-L01,1,running,167.8909,422.4014,94.8016,38.0792,-0.1938,A,relation-reasoning-agent-eval-v3.1
2026-08-26T01:00:00+09:00,CMP-S02-L02-01,S02,S02-L02,1,running,170.8566,394.624,93.1324,41.4875,0.249,A,relation-reasoning-agent-eval-v3.1
2026-08-26T01:00:00+09:00,CMP-S02-L03-01,S02,S02-L03,1,running,187.3479,403.4709,98.1901,42.694,0.1946,A,relation-reasoning-agent-eval-v3.1
2026-08-26T01:00:00+09:00,CMP-S02-L04-01,S02,S02-L04,1,running,163.3037,467.4635,102.7083,51.7784,1.8239,B,relation-reasoning-agent-eval-v3.1
2026-08-26T01:00:00+09:00,CMP-S02-L05-01,S02,S02-L05,1,running,153.4864,487.0643,99.0301,34.8459,-1.0165,B,relation-reasoning-agent-eval-v3.1
2026-08-26T01:10:00+09:00,CMP-S02-L01-01,S02,S02-L01,1,running,159.8623,404.966,99.8697,36.1227,-0.5561,A,relation-reasoning-agent-eval-v3.1
2026-08-26T01:10:00+09:00,CMP-S02-L02-01,S02,S02-L02,1,running,177.4573,392.8264,85.2925,45.4071,0.9749,A,relation-reasoning-agent-eval-v3.1
2026-08-26T01:10:00+09:00,CMP-S02-L03-01,S02,S02-L03,1,running,182.1434,412.3548,104.9774,35.4119,-1.1539,B,relation-reasoning-agent-eval-v3.1
2026-08-26T01:10:00+09:00,CMP-S02-L04-01,S02,S02-L04,1,running,166.5378,428.5565,96.8543,50.5896,1.6038,B,relation-reasoning-agent-eval-v3.1
2026-08-26T01:10:00+09:00,CMP-S02-L05-01,S02,S02-L05,1,running,162.8343,461.9615,102.6218,33.5054,-1.2647,B,relation-reasoning-agent-eval-v3.1
2026-08-26T01:20:00+09:00,CMP-S02-L01-01,S02,S02-L01,1,running,155.0413,481.4718,101.5864,35.1331,-0.7394,A,relation-reasoning-agent-eval-v3.1
2026-08-26T01:20:00+09:00,CMP-S02-L02-01,S02,S02-L02,1,running,174.386,335.2689,90.7548,45.1471,0.9267,A,relation-reasoning-agent-eval-v3.1
2026-08-26T01:20:00+09:00,CMP-S02-L03-01,S02,S02-L03,1,running,178.4161,365.8316,98.5002,31.3456,-1.907,B,relation-reasoning-agent-eval-v3.1
2026-08-26T01:20:00+09:00,CMP-S02-L04-01,S02,S02-L04,1,running,171.7676,412.9972,96.5824,46.8126,0.9044,A,relation-reasoning-agent-eval-v3.1
2026-08-26T01:20:00+09:00,CMP-S02-L05-01,S02,S02-L05,1,running,164.5588,476.8838,102.5956,34.239,-1.1289,B,relation-reasoning-agent-eval-v3.1
2026-08-26T01:30:00+09:00,CMP-S02-L01-01,S02,S02-L01,1,running,159.8343,501.759,99.0909,34.4255,-0.8704,A,relation-reasoning-agent-eval-v3.1
2026-08-26T01:30:00+09:00,CMP-S02-L02-01,S02,S02-L02,1,running,186.5896,356.2521,85.1738,42.8062,0.4932,A,relation-reasoning-agent-eval-v3.1
2026-08-26T01:30:00+09:00,CMP-S02-L03-01,S02,S02-L03,1,running,195.2562,370.7078,98.713,38.4158,-0.5977,A,relation-reasoning-agent-eval-v3.1
2026-08-26T01:30:00+09:00,CMP-S02-L04-01,S02,S02-L04,1,running,165.5243,404.5666,95.1216,40.916,-0.1876,A,relation-reasoning-agent-eval-v3.1
2026-08-26T01:30:00+09:00,CMP-S02-L05-01,S02,S02-L05,1,running,147.2108,459.2659,102.5565,42.7716,0.4512,A,relation-reasoning-agent-eval-v3.1
2026-08-26T01:40:00+09:00,CMP-S02-L01-01,S02,S02-L01,1,running,162.3484,515.0634,95.2598,34.9987,-0.7643,A,relation-reasoning-agent-eval-v3.1
2026-08-26T01:40:00+09:00,CMP-S02-L02-01,S02,S02-L02,1,running,180.268,415.2194,88.2218,44.5078,0.8084,A,relation-reasoning-agent-eval-v3.1
2026-08-26T01:40:00+09:00,CMP-S02-L03-01,S02,S02-L03,1,running,193.8359,415.5086,95.2865,32.8396,-1.6303,B,relation-reasoning-agent-eval-v3.1
2026-08-26T01:40:00+09:00,CMP-S02-L04-01,S02,S02-L04,1,running,158.1175,428.2036,99.6041,41.266,-0.1228,A,relation-reasoning-agent-eval-v3.1
2026-08-26T01:40:00+09:00,CMP-S02-L05-01,S02,S02-L05,1,running,155.3922,457.1759,101.7013,44.6675,0.8023,A,relation-reasoning-agent-eval-v3.1
2026-08-26T01:50:00+09:00,CMP-S02-L01-01,S02,S02-L01,1,running,160.5617,501.2524,97.1843,30.5706,-1.5843,B,relation-reasoning-agent-eval-v3.1
2026-08-26T01:50:00+09:00,CMP-S02-L02-01,S02,S02-L02,1,running,168.5012,439.3422,91.1891,40.3041,0.0299,A,relation-reasoning-agent-eval-v3.1
2026-08-26T01:50:00+09:00,CMP-S02-L03-01,S02,S02-L03,1,running,190.8172,417.1191,101.1976,35.6238,-1.1147,B,relation-reasoning-agent-eval-v3.1
2026-08-26T01:50:00+09:00,CMP-S02-L04-01,S02,S02-L04,1,running,150.2835,443.7631,98.7541,41.9445,0.0029,A,relation-reasoning-agent-eval-v3.1
2026-08-26T01:50:00+09:00,CMP-S02-L05-01,S02,S02-L05,1,running,149.6811,457.6218,96.0448,42.6686,0.4321,A,relation-reasoning-agent-eval-v3.1
2026-08-26T02:00:00+09:00,CMP-S02-L01-01,S02,S02-L01,1,running,181.0336,502.6162,97.8969,33.88,-0.9714,A,relation-reasoning-agent-eval-v3.1
2026-08-26T02:00:00+09:00,CMP-S02-L02-01,S02,S02-L02,1,running,170.2581,441.0882,93.8413,41.5747,0.2652,A,relation-reasoning-agent-eval-v3.1
2026-08-26T02:00:00+09:00,CMP-S02-L03-01,S02,S02-L03,1,running,188.717,461.3653,97.3182,39.0031,-0.4889,A,relation-reasoning-agent-eval-v3.1
2026-08-26T02:00:00+09:00,CMP-S02-L04-01,S02,S02-L04,1,running,154.6505,484.3255,88.8165,44.6755,0.5086,A,relation-reasoning-agent-eval-v3.1
2026-08-26T02:00:00+09:00,CMP-S02-L05-01,S02,S02-L05,1,running,145.6424,494.0733,100.4364,40.7786,0.0822,A,relation-reasoning-agent-eval-v3.1
2026-08-26T02:10:00+09:00,CMP-S02-L01-01,S02,S02-L01,1,running,169.8465,489.5838,105.2617,35.7586,-0.6235,A,relation-reasoning-agent-eval-v3.1
2026-08-26T02:10:00+09:00,CMP-S02-L02-01,S02,S02-L02,1,running,163.5435,445.9673,93.2323,42.4136,0.4205,A,relation-reasoning-agent-eval-v3.1
2026-08-26T02:10:00+09:00,CMP-S02-L03-01,S02,S02-L03,1,running,162.3279,468.2167,91.6421,38.7476,-0.5362,A,relation-reasoning-agent-eval-v3.1
2026-08-26T02:10:00+09:00,CMP-S02-L04-01,S02,S02-L04,1,running,169.7538,492.3587,92.0747,42.2859,0.0661,A,relation-reasoning-agent-eval-v3.1
2026-08-26T02:10:00+09:00,CMP-S02-L05-01,S02,S02-L05,1,running,161.015,513.533,98.8051,41.9999,0.3083,A,relation-reasoning-agent-eval-v3.1
2026-08-26T02:20:00+09:00,CMP-S02-L01-01,S02,S02-L01,1,running,166.9253,497.3312,106.9608,32.3436,-1.2559,B,relation-reasoning-agent-eval-v3.1
2026-08-26T02:20:00+09:00,CMP-S02-L02-01,S02,S02-L02,1,running,181.6648,504.9417,94.7073,42.6692,0.4679,A,relation-reasoning-agent-eval-v3.1
2026-08-26T02:20:00+09:00,CMP-S02-L03-01,S02,S02-L03,1,running,172.7876,493.7585,92.5095,36.3579,-0.9788,A,relation-reasoning-agent-eval-v3.1
2026-08-26T02:20:00+09:00,CMP-S02-L04-01,S02,S02-L04,1,running,158.4859,480.7676,91.5948,39.9626,-0.3642,A,relation-reasoning-agent-eval-v3.1
2026-08-26T02:20:00+09:00,CMP-S02-L05-01,S02,S02-L05,1,running,152.7409,475.9161,102.3295,42.3355,0.3705,A,relation-reasoning-agent-eval-v3.1
2026-08-26T02:30:00+09:00,CMP-S02-L01-01,S02,S02-L01,1,running,163.3481,460.5453,107.6575,34.8959,-0.7833,A,relation-reasoning-agent-eval-v3.1
2026-08-26T02:30:00+09:00,CMP-S02-L02-01,S02,S02-L02,1,running,166.5357,527.7025,101.1368,46.4494,1.1679,B,relation-reasoning-agent-eval-v3.1
2026-08-26T02:30:00+09:00,CMP-S02-L03-01,S02,S02-L03,1,running,177.8964,462.0715,102.208,39.6348,-0.3719,A,relation-reasoning-agent-eval-v3.1
2026-08-26T02:30:00+09:00,CMP-S02-L04-01,S02,S02-L04,1,running,164.4092,471.0348,103.4735,40.6234,-0.2418,A,relation-reasoning-agent-eval-v3.1
2026-08-26T02:30:00+09:00,CMP-S02-L05-01,S02,S02-L05,1,running,165.224,460.4621,99.5784,40.0543,-0.052,A,relation-reasoning-agent-eval-v3.1
2026-08-26T02:40:00+09:00,CMP-S02-L01-01,S02,S02-L01,1,running,157.7573,452.1286,110.6881,36.4805,-0.4898,A,relation-reasoning-agent-eval-v3.1
2026-08-26T02:40:00+09:00,CMP-S02-L02-01,S02,S02-L02,1,running,173.8193,509.918,102.1494,40.0968,-0.0085,A,relation-reasoning-agent-eval-v3.1
2026-08-26T02:40:00+09:00,CMP-S02-L03-01,S02,S02-L03,1,running,172.0881,489.8364,100.6122,38.7369,-0.5382,A,relation-reasoning-agent-eval-v3.1
2026-08-26T02:40:00+09:00,CMP-S02-L04-01,S02,S02-L04,1,running,172.5913,514.7672,97.0511,41.6154,-0.0581,A,relation-reasoning-agent-eval-v3.1
2026-08-26T02:40:00+09:00,CMP-S02-L05-01,S02,S02-L05,1,running,167.2599,458.3033,104.9992,42.8503,0.4658,A,relation-reasoning-agent-eval-v3.1
2026-08-26T02:50:00+09:00,CMP-S02-L01-01,S02,S02-L01,1,running,159.913,458.9223,110.1557,36.1394,-0.553,A,relation-reasoning-agent-eval-v3.1
2026-08-26T02:50:00+09:00,CMP-S02-L02-01,S02,S02-L02,1,running,177.1042,504.2919,104.4177,39.8793,-0.0488,A,relation-reasoning-agent-eval-v3.1
2026-08-26T02:50:00+09:00,CMP-S02-L03-01,S02,S02-L03,1,running,158.1572,441.4296,96.5574,36.4124,-0.9687,A,relation-reasoning-agent-eval-v3.1
2026-08-26T02:50:00+09:00,CMP-S02-L04-01,S02,S02-L04,1,running,178.2247,544.8961,104.1625,38.878,-0.565,A,relation-reasoning-agent-eval-v3.1
2026-08-26T02:50:00+09:00,CMP-S02-L05-01,S02,S02-L05,1,running,167.8464,483.0656,97.9895,38.4854,-0.3425,A,relation-reasoning-agent-eval-v3.1
2026-08-26T03:00:00+09:00,CMP-S02-L01-01,S02,S02-L01,1,running,154.0835,485.1248,105.0382,32.859,-1.1605,B,relation-reasoning-agent-eval-v3.1
2026-08-26T03:00:00+09:00,CMP-S02-L02-01,S02,S02-L02,1,running,178.3569,453.9152,108.288,45.9919,1.0832,B,relation-reasoning-agent-eval-v3.1
2026-08-26T03:00:00+09:00,CMP-S02-L03-01,S02,S02-L03,1,running,160.8793,442.583,96.2612,41.3936,-0.0462,A,relation-reasoning-agent-eval-v3.1
2026-08-26T03:00:00+09:00,CMP-S02-L04-01,S02,S02-L04,1,running,183.475,541.9669,99.1451,31.5251,-1.9267,B,relation-reasoning-agent-eval-v3.1
2026-08-26T03:00:00+09:00,CMP-S02-L05-01,S02,S02-L05,1,running,166.6171,450.434,96.9916,33.0715,-1.3451,B,relation-reasoning-agent-eval-v3.1
2026-08-26T03:10:00+09:00,CMP-S02-L01-01,S02,S02-L01,1,running,158.9709,488.7791,103.6139,32.1704,-1.288,B,relation-reasoning-agent-eval-v3.1
2026-08-26T03:10:00+09:00,CMP-S02-L02-01,S02,S02-L02,1,running,178.2967,466.3511,107.416,48.1594,1.4846,B,relation-reasoning-agent-eval-v3.1
2026-08-26T03:10:00+09:00,CMP-S02-L03-01,S02,S02-L03,1,running,180.1379,420.5787,90.4976,43.3102,0.3087,A,relation-reasoning-agent-eval-v3.1
2026-08-26T03:10:00+09:00,CMP-S02-L04-01,S02,S02-L04,1,running,176.4932,509.412,95.9192,25.3061,-3.0783,D,relation-reasoning-agent-eval-v3.1
2026-08-26T03:10:00+09:00,CMP-S02-L05-01,S02,S02-L05,1,running,173.3252,441.3715,94.5937,36.2378,-0.7587,A,relation-reasoning-agent-eval-v3.1
2026-08-26T03:20:00+09:00,CMP-S02-L01-01,S02,S02-L01,1,running,155.945,492.0848,102.0652,33.6206,-1.0194,B,relation-reasoning-agent-eval-v3.1
2026-08-26T03:20:00+09:00,CMP-S02-L02-01,S02,S02-L02,1,running,180.2595,482.8829,108.1076,42.0322,0.3499,A,relation-reasoning-agent-eval-v3.1
2026-08-26T03:20:00+09:00,CMP-S02-L03-01,S02,S02-L03,1,running,167.2866,418.7019,96.4932,45.3908,0.694,A,relation-reasoning-agent-eval-v3.1
2026-08-26T03:20:00+09:00,CMP-S02-L04-01,S02,S02-L04,1,running,179.914,439.9472,105.3241,25.5179,-3.0391,D,relation-reasoning-agent-eval-v3.1
2026-08-26T03:20:00+09:00,CMP-S02-L05-01,S02,S02-L05,1,running,171.7108,436.6731,99.7561,38.2952,-0.3777,A,relation-reasoning-agent-eval-v3.1
2026-08-26T03:30:00+09:00,CMP-S02-L01-01,S02,S02-L01,1,running,164.9357,500.7723,104.9214,29.1552,-1.8464,B,relation-reasoning-agent-eval-v3.1
2026-08-26T03:30:00+09:00,CMP-S02-L02-01,S02,S02-L02,1,running,167.0654,504.0603,110.4951,39.2963,-0.1567,A,relation-reasoning-agent-eval-v3.1
2026-08-26T03:30:00+09:00,CMP-S02-L03-01,S02,S02-L03,1,running,174.3435,400.381,92.1491,41.3383,-0.0565,A,relation-reasoning-agent-eval-v3.1
2026-08-26T03:30:00+09:00,CMP-S02-L04-01,S02,S02-L04,1,running,189.9862,457.4416,101.9147,28.7154,-2.447,C,relation-reasoning-agent-eval-v3.1
2026-08-26T03:30:00+09:00,CMP-S02-L05-01,S02,S02-L05,1,running,166.49,466.2435,99.3208,35.6305,-0.8712,A,relation-reasoning-agent-eval-v3.1
2026-08-26T03:40:00+09:00,CMP-S02-L01-01,S02,S02-L01,1,running,163.942,569.9933,104.795,31.6299,-1.3881,B,relation-reasoning-agent-eval-v3.1
2026-08-26T03:40:00+09:00,CMP-S02-L02-01,S02,S02-L02,1,running,163.733,468.8652,106.2705,41.0556,0.1691,A,relation-reasoning-agent-eval-v3.1
2026-08-26T03:40:00+09:00,CMP-S02-L03-01,S02,S02-L03,1,running,174.704,423.2811,92.1665,41.717,0.0137,A,relation-reasoning-agent-eval-v3.1
2026-08-26T03:40:00+09:00,CMP-S02-L04-01,S02,S02-L04,1,running,185.5082,465.2514,109.3177,31.5318,-1.9254,B,relation-reasoning-agent-eval-v3.1
2026-08-26T03:40:00+09:00,CMP-S02-L05-01,S02,S02-L05,1,running,146.36,444.3571,98.6446,44.254,0.7257,A,relation-reasoning-agent-eval-v3.1
2026-08-26T03:50:00+09:00,CMP-S02-L01-01,S02,S02-L01,1,running,176.0418,507.4024,102.3283,35.2438,-0.7189,A,relation-reasoning-agent-eval-v3.1
2026-08-26T03:50:00+09:00,CMP-S02-L02-01,S02,S02-L02,1,running,157.6568,473.7981,103.6036,42.3531,0.4093,A,relation-reasoning-agent-eval-v3.1
2026-08-26T03:50:00+09:00,CMP-S02-L03-01,S02,S02-L03,1,running,182.3136,483.7495,88.7982,40.5626,-0.2001,A,relation-reasoning-agent-eval-v3.1
2026-08-26T03:50:00+09:00,CMP-S02-L04-01,S02,S02-L04,1,running,190.004,455.1057,103.1464,33.4477,-1.5706,B,relation-reasoning-agent-eval-v3.1
2026-08-26T03:50:00+09:00,CMP-S02-L05-01,S02,S02-L05,1,running,156.811,454.1276,97.2817,44.9867,0.8614,A,relation-reasoning-agent-eval-v3.1
2026-08-26T04:00:00+09:00,CMP-S02-L01-01,S02,S02-L01,1,running,183.1284,477.3146,92.843,43.5743,0.8238,A,relation-reasoning-agent-eval-v3.1
2026-08-26T04:00:00+09:00,CMP-S02-L02-01,S02,S02-L02,1,running,156.5507,453.2102,100.8641,40.497,0.0656,A,relation-reasoning-agent-eval-v3.1
2026-08-26T04:00:00+09:00,CMP-S02-L03-01,S02,S02-L03,1,running,188.0425,491.4277,90.3639,42.3113,0.1237,A,relation-reasoning-agent-eval-v3.1
2026-08-26T04:00:00+09:00,CMP-S02-L04-01,S02,S02-L04,1,running,189.2704,447.2694,104.6933,38.9017,-0.5606,A,relation-reasoning-agent-eval-v3.1
2026-08-26T04:00:00+09:00,CMP-S02-L05-01,S02,S02-L05,1,running,178.3065,435.9835,91.1186,49.5197,1.7009,B,relation-reasoning-agent-eval-v3.1
2026-08-26T04:10:00+09:00,CMP-S02-L01-01,S02,S02-L01,1,running,178.1827,520.2697,95.6382,43.5856,0.8259,A,relation-reasoning-agent-eval-v3.1
2026-08-26T04:10:00+09:00,CMP-S02-L02-01,S02,S02-L02,1,running,141.011,455.2321,108.1914,35.7456,-0.8143,A,relation-reasoning-agent-eval-v3.1
2026-08-26T04:10:00+09:00,CMP-S02-L03-01,S02,S02-L03,1,running,208.8883,519.8442,94.7149,48.6368,1.2951,B,relation-reasoning-agent-eval-v3.1
2026-08-26T04:10:00+09:00,CMP-S02-L04-01,S02,S02-L04,1,running,166.6882,449.5976,109.1369,42.6926,0.1414,A,relation-reasoning-agent-eval-v3.1
2026-08-26T04:10:00+09:00,CMP-S02-L05-01,S02,S02-L05,1,running,182.9079,437.3725,85.7569,47.0324,1.2403,B,relation-reasoning-agent-eval-v3.1
2026-08-26T04:20:00+09:00,CMP-S02-L01-01,S02,S02-L01,1,running,186.8667,536.8946,89.5764,42.2348,0.5758,A,relation-reasoning-agent-eval-v3.1
2026-08-26T04:20:00+09:00,CMP-S02-L02-01,S02,S02-L02,1,running,149.426,489.3925,97.8232,32.8044,-1.3589,B,relation-reasoning-agent-eval-v3.1
2026-08-26T04:20:00+09:00,CMP-S02-L03-01,S02,S02-L03,1,running,204.0208,490.3108,96.0791,50.2388,1.5918,B,relation-reasoning-agent-eval-v3.1
2026-08-26T04:20:00+09:00,CMP-S02-L04-01,S02,S02-L04,1,running,177.2772,445.6875,103.1801,45.6675,0.6923,A,relation-reasoning-agent-eval-v3.1
2026-08-26T04:20:00+09:00,CMP-S02-L05-01,S02,S02-L05,1,running,168.7927,463.2433,92.7221,44.1648,0.7092,A,relation-reasoning-agent-eval-v3.1
2026-08-26T04:30:00+09:00,CMP-S02-L01-01,S02,S02-L01,1,running,166.8191,489.2917,90.6287,39.2632,0.0255,A,relation-reasoning-agent-eval-v3.1
2026-08-26T04:30:00+09:00,CMP-S02-L02-01,S02,S02-L02,1,running,169.9664,504.3699,101.4563,31.3013,-1.6373,B,relation-reasoning-agent-eval-v3.1
2026-08-26T04:30:00+09:00,CMP-S02-L03-01,S02,S02-L03,1,running,196.2986,452.4775,97.1074,47.2514,1.0386,B,relation-reasoning-agent-eval-v3.1
2026-08-26T04:30:00+09:00,CMP-S02-L04-01,S02,S02-L04,1,running,180.8435,456.4854,101.407,45.7257,0.7031,A,relation-reasoning-agent-eval-v3.1
2026-08-26T04:30:00+09:00,CMP-S02-L05-01,S02,S02-L05,1,running,176.098,424.1031,92.7227,38.837,-0.2774,A,relation-reasoning-agent-eval-v3.1
2026-08-26T04:40:00+09:00,CMP-S02-L01-01,S02,S02-L01,1,running,170.8474,507.7312,93.4966,40.9142,0.3312,A,relation-reasoning-agent-eval-v3.1
2026-08-26T04:40:00+09:00,CMP-S02-L02-01,S02,S02-L02,1,running,157.9234,476.5246,97.6595,34.0381,-1.1305,B,relation-reasoning-agent-eval-v3.1
2026-08-26T04:40:00+09:00,CMP-S02-L03-01,S02,S02-L03,1,running,203.0355,451.47,105.1672,39.7497,-0.3506,A,relation-reasoning-agent-eval-v3.1
2026-08-26T04:40:00+09:00,CMP-S02-L04-01,S02,S02-L04,1,running,179.3853,506.7915,102.251,42.6298,0.1298,A,relation-reasoning-agent-eval-v3.1
2026-08-26T04:40:00+09:00,CMP-S02-L05-01,S02,S02-L05,1,running,178.7241,455.8294,94.2093,38.7494,-0.2936,A,relation-reasoning-agent-eval-v3.1
2026-08-26T04:50:00+09:00,CMP-S02-L01-01,S02,S02-L01,1,running,171.3318,505.5022,94.5793,41.6828,0.4735,A,relation-reasoning-agent-eval-v3.1
2026-08-26T04:50:00+09:00,CMP-S02-L02-01,S02,S02-L02,1,running,172.2081,469.8342,103.8636,35.35,-0.8875,A,relation-reasoning-agent-eval-v3.1
2026-08-26T04:50:00+09:00,CMP-S02-L03-01,S02,S02-L03,1,running,214.9005,439.2891,99.847,42.4364,0.1469,A,relation-reasoning-agent-eval-v3.1
2026-08-26T04:50:00+09:00,CMP-S02-L04-01,S02,S02-L04,1,running,163.4711,546.246,105.5216,40.0547,-0.3471,A,relation-reasoning-agent-eval-v3.1
2026-08-26T04:50:00+09:00,CMP-S02-L05-01,S02,S02-L05,1,running,169.5978,437.377,101.7942,39.4448,-0.1649,A,relation-reasoning-agent-eval-v3.1
2026-08-26T05:00:00+09:00,CMP-S02-L01-01,S02,S02-L01,1,running,193.6413,449.0079,99.5916,36.3564,-0.5128,A,relation-reasoning-agent-eval-v3.1
2026-08-26T05:00:00+09:00,CMP-S02-L02-01,S02,S02-L02,1,running,170.8238,504.3843,103.7319,41.5412,0.259,A,relation-reasoning-agent-eval-v3.1
2026-08-26T05:00:00+09:00,CMP-S02-L03-01,S02,S02-L03,1,running,230.2632,469.4609,106.3475,40.0293,-0.2989,A,relation-reasoning-agent-eval-v3.1
2026-08-26T05:00:00+09:00,CMP-S02-L04-01,S02,S02-L04,1,running,160.2157,503.7038,111.1099,43.011,0.2003,A,relation-reasoning-agent-eval-v3.1
2026-08-26T05:00:00+09:00,CMP-S02-L05-01,S02,S02-L05,1,running,163.8634,453.975,93.6313,37.8099,-0.4676,A,relation-reasoning-agent-eval-v3.1
2026-08-26T05:10:00+09:00,CMP-S02-L01-01,S02,S02-L01,1,running,195.6862,471.3627,93.2235,41.9242,0.5183,A,relation-reasoning-agent-eval-v3.1
2026-08-26T05:10:00+09:00,CMP-S02-L02-01,S02,S02-L02,1,running,157.455,495.6125,95.4162,41.8127,0.3093,A,relation-reasoning-agent-eval-v3.1
2026-08-26T05:10:00+09:00,CMP-S02-L03-01,S02,S02-L03,1,running,211.1017,479.9922,105.0955,37.9148,-0.6904,A,relation-reasoning-agent-eval-v3.1
2026-08-26T05:10:00+09:00,CMP-S02-L04-01,S02,S02-L04,1,running,165.9002,491.2649,110.2975,48.0599,1.1353,B,relation-reasoning-agent-eval-v3.1
2026-08-26T05:10:00+09:00,CMP-S02-L05-01,S02,S02-L05,1,running,149.4156,427.9863,95.2258,34.5646,-1.0686,B,relation-reasoning-agent-eval-v3.1
2026-08-26T05:20:00+09:00,CMP-S02-L01-01,S02,S02-L01,1,running,187.0024,501.0552,93.3925,41.5217,0.4437,A,relation-reasoning-agent-eval-v3.1
2026-08-26T05:20:00+09:00,CMP-S02-L02-01,S02,S02-L02,1,running,163.2486,456.4973,100.5796,41.82,0.3106,A,relation-reasoning-agent-eval-v3.1
2026-08-26T05:20:00+09:00,CMP-S02-L03-01,S02,S02-L03,1,running,198.8695,440.1361,95.981,38.453,-0.5908,A,relation-reasoning-agent-eval-v3.1
2026-08-26T05:20:00+09:00,CMP-S02-L04-01,S02,S02-L04,1,running,145.5234,485.7204,105.2152,46.9778,0.9349,A,relation-reasoning-agent-eval-v3.1
2026-08-26T05:20:00+09:00,CMP-S02-L05-01,S02,S02-L05,1,running,153.203,430.4184,92.5698,29.1457,-2.0721,C,relation-reasoning-agent-eval-v3.1
2026-08-26T05:30:00+09:00,CMP-S02-L01-01,S02,S02-L01,1,running,172.5683,481.0371,96.5165,35.0827,-0.7487,A,relation-reasoning-agent-eval-v3.1
2026-08-26T05:30:00+09:00,CMP-S02-L02-01,S02,S02-L02,1,running,148.0666,477.1602,96.11,45.0655,0.9116,A,relation-reasoning-agent-eval-v3.1
2026-08-26T05:30:00+09:00,CMP-S02-L03-01,S02,S02-L03,1,running,193.8883,387.5215,101.9516,43.9662,0.4302,A,relation-reasoning-agent-eval-v3.1
2026-08-26T05:30:00+09:00,CMP-S02-L04-01,S02,S02-L04,1,running,147.5994,440.9232,99.5257,44.7777,0.5275,A,relation-reasoning-agent-eval-v3.1
2026-08-26T05:30:00+09:00,CMP-S02-L05-01,S02,S02-L05,1,running,169.8397,433.8672,92.4755,30.0052,-1.9129,B,relation-reasoning-agent-eval-v3.1
2026-08-26T05:40:00+09:00,CMP-S02-L01-01,S02,S02-L01,1,running,169.756,500.2594,93.7182,33.7497,-0.9956,A,relation-reasoning-agent-eval-v3.1
2026-08-26T05:40:00+09:00,CMP-S02-L02-01,S02,S02-L02,1,running,159.7486,477.5445,102.8123,39.0031,-0.211,A,relation-reasoning-agent-eval-v3.1
2026-08-26T05:40:00+09:00,CMP-S02-L03-01,S02,S02-L03,1,running,183.7037,431.0276,97.4007,44.8853,0.6004,A,relation-reasoning-agent-eval-v3.1
2026-08-26T05:40:00+09:00,CMP-S02-L04-01,S02,S02-L04,1,running,157.4867,441.6893,99.1875,49.7487,1.4481,B,relation-reasoning-agent-eval-v3.1
2026-08-26T05:40:00+09:00,CMP-S02-L05-01,S02,S02-L05,1,running,176.9199,470.3368,88.381,33.5131,-1.2633,B,relation-reasoning-agent-eval-v3.1
2026-08-26T05:50:00+09:00,CMP-S02-L01-01,S02,S02-L01,1,running,179.1163,466.4758,88.244,39.7696,0.1192,A,relation-reasoning-agent-eval-v3.1
2026-08-26T05:50:00+09:00,CMP-S02-L02-01,S02,S02-L02,1,running,168.4693,518.7218,108.3795,36.9006,-0.6004,A,relation-reasoning-agent-eval-v3.1
2026-08-26T05:50:00+09:00,CMP-S02-L03-01,S02,S02-L03,1,running,181.7598,431.4624,92.6251,43.8676,0.4119,A,relation-reasoning-agent-eval-v3.1
2026-08-26T05:50:00+09:00,CMP-S02-L04-01,S02,S02-L04,1,running,165.0414,397.1463,100.6948,43.5037,0.2916,A,relation-reasoning-agent-eval-v3.1
2026-08-26T05:50:00+09:00,CMP-S02-L05-01,S02,S02-L05,1,running,161.4604,453.0197,89.8954,30.1843,-1.8798,B,relation-reasoning-agent-eval-v3.1
2026-08-26T06:00:00+09:00,CMP-S02-L01-01,S02,S02-L01,1,running,164.4384,450.6139,90.3221,33.2945,-1.0798,B,relation-reasoning-agent-eval-v3.1
2026-08-26T06:00:00+09:00,CMP-S02-L02-01,S02,S02-L02,1,running,170.3326,499.8592,106.1943,34.3435,-1.0739,B,relation-reasoning-agent-eval-v3.1
2026-08-26T06:00:00+09:00,CMP-S02-L03-01,S02,S02-L03,1,running,182.1429,447.4339,97.3053,42.2661,0.1154,A,relation-reasoning-agent-eval-v3.1
2026-08-26T06:00:00+09:00,CMP-S02-L04-01,S02,S02-L04,1,running,179.3861,406.3982,98.1331,40.1579,-0.328,A,relation-reasoning-agent-eval-v3.1
2026-08-26T06:00:00+09:00,CMP-S02-L05-01,S02,S02-L05,1,running,162.8009,461.6269,100.955,36.3257,-0.7425,A,relation-reasoning-agent-eval-v3.1
2026-08-26T06:10:00+09:00,CMP-S02-L01-01,S02,S02-L01,1,running,177.9646,462.4089,90.3197,35.2662,-0.7147,A,relation-reasoning-agent-eval-v3.1
2026-08-26T06:10:00+09:00,CMP-S02-L02-01,S02,S02-L02,1,running,165.8014,474.247,103.2056,36.8797,-0.6043,A,relation-reasoning-agent-eval-v3.1
2026-08-26T06:10:00+09:00,CMP-S02-L03-01,S02,S02-L03,1,running,183.4016,432.0872,93.28,40.9084,-0.1361,A,relation-reasoning-agent-eval-v3.1
2026-08-26T06:10:00+09:00,CMP-S02-L04-01,S02,S02-L04,1,running,166.9625,421.2873,101.8529,42.8487,0.1703,A,relation-reasoning-agent-eval-v3.1
2026-08-26T06:10:00+09:00,CMP-S02-L05-01,S02,S02-L05,1,running,160.1401,466.1119,92.486,41.7915,0.2697,A,relation-reasoning-agent-eval-v3.1
2026-08-26T06:20:00+09:00,CMP-S02-L01-01,S02,S02-L01,1,running,168.2832,453.5381,85.7737,31.3273,-1.4441,B,relation-reasoning-agent-eval-v3.1
2026-08-26T06:20:00+09:00,CMP-S02-L02-01,S02,S02-L02,1,running,180.2345,474.6522,95.789,36.2006,-0.73,A,relation-reasoning-agent-eval-v3.1
2026-08-26T06:20:00+09:00,CMP-S02-L03-01,S02,S02-L03,1,running,180.5069,421.8564,88.4153,37.4172,-0.7826,A,relation-reasoning-agent-eval-v3.1
2026-08-26T06:20:00+09:00,CMP-S02-L04-01,S02,S02-L04,1,running,174.0597,396.9226,96.7766,42.726,0.1476,A,relation-reasoning-agent-eval-v3.1
2026-08-26T06:20:00+09:00,CMP-S02-L05-01,S02,S02-L05,1,running,146.8381,443.2245,91.1253,45.0567,0.8744,A,relation-reasoning-agent-eval-v3.1
2026-08-26T06:30:00+09:00,CMP-S02-L01-01,S02,S02-L01,1,running,168.5418,399.8394,89.5847,32.0986,-1.3013,B,relation-reasoning-agent-eval-v3.1
2026-08-26T06:30:00+09:00,CMP-S02-L02-01,S02,S02-L02,1,running,192.6564,486.5905,100.1003,31.1974,-1.6565,B,relation-reasoning-agent-eval-v3.1
2026-08-26T06:30:00+09:00,CMP-S02-L03-01,S02,S02-L03,1,running,184.7852,421.9071,88.6549,42.3028,0.1222,A,relation-reasoning-agent-eval-v3.1
2026-08-26T06:30:00+09:00,CMP-S02-L04-01,S02,S02-L04,1,running,169.4582,439.3157,105.6121,42.9252,0.1844,A,relation-reasoning-agent-eval-v3.1
2026-08-26T06:30:00+09:00,CMP-S02-L05-01,S02,S02-L05,1,running,164.5937,447.1185,93.5219,42.695,0.437,A,relation-reasoning-agent-eval-v3.1
2026-08-26T06:40:00+09:00,CMP-S02-L01-01,S02,S02-L01,1,running,159.5007,400.4129,92.1614,31.4568,-1.4202,B,relation-reasoning-agent-eval-v3.1
2026-08-26T06:40:00+09:00,CMP-S02-L02-01,S02,S02-L02,1,running,182.7116,453.3073,101.4436,32.8147,-1.357,B,relation-reasoning-agent-eval-v3.1
2026-08-26T06:40:00+09:00,CMP-S02-L03-01,S02,S02-L03,1,running,186.9392,422.097,93.6122,38.1416,-0.6484,A,relation-reasoning-agent-eval-v3.1
2026-08-26T06:40:00+09:00,CMP-S02-L04-01,S02,S02-L04,1,running,178.393,435.5274,103.6986,41.415,-0.0952,A,relation-reasoning-agent-eval-v3.1
2026-08-26T06:40:00+09:00,CMP-S02-L05-01,S02,S02-L05,1,running,155.2126,477.6218,103.8541,44.1451,0.7056,A,relation-reasoning-agent-eval-v3.1
2026-08-26T06:50:00+09:00,CMP-S02-L01-01,S02,S02-L01,1,running,143.8642,440.792,93.8798,31.6315,-1.3878,B,relation-reasoning-agent-eval-v3.1
2026-08-26T06:50:00+09:00,CMP-S02-L02-01,S02,S02-L02,1,running,182.4258,381.9601,101.6807,30.8185,-1.7267,B,relation-reasoning-agent-eval-v3.1
2026-08-26T06:50:00+09:00,CMP-S02-L03-01,S02,S02-L03,1,running,190.0959,441.4407,81.4165,35.7082,-1.0991,B,relation-reasoning-agent-eval-v3.1
2026-08-26T06:50:00+09:00,CMP-S02-L04-01,S02,S02-L04,1,running,168.5519,460.0646,104.9109,37.8517,-0.7551,A,relation-reasoning-agent-eval-v3.1
2026-08-26T06:50:00+09:00,CMP-S02-L05-01,S02,S02-L05,1,running,160.1705,505.411,98.7283,48.1084,1.4395,B,relation-reasoning-agent-eval-v3.1
2026-08-26T07:00:00+09:00,CMP-S02-L01-01,S02,S02-L01,1,running,167.3098,423.6235,97.7105,31.9261,-1.3333,B,relation-reasoning-agent-eval-v3.1
2026-08-26T07:00:00+09:00,CMP-S02-L02-01,S02,S02-L02,1,running,185.2764,465.408,102.7323,31.0999,-1.6746,B,relation-reasoning-agent-eval-v3.1
2026-08-26T07:00:00+09:00,CMP-S02-L03-01,S02,S02-L03,1,running,192.4491,409.2662,84.2679,38.054,-0.6647,A,relation-reasoning-agent-eval-v3.1
2026-08-26T07:00:00+09:00,CMP-S02-L04-01,S02,S02-L04,1,running,171.7847,443.338,103.3104,43.2678,0.2479,A,relation-reasoning-agent-eval-v3.1
2026-08-26T07:00:00+09:00,CMP-S02-L05-01,S02,S02-L05,1,running,168.8711,554.8781,100.9311,48.9754,1.6001,B,relation-reasoning-agent-eval-v3.1
2026-08-26T07:10:00+09:00,CMP-S02-L01-01,S02,S02-L01,1,running,163.0349,452.4844,95.9182,38.2692,-0.1586,A,relation-reasoning-agent-eval-v3.1
2026-08-26T07:10:00+09:00,CMP-S02-L02-01,S02,S02-L02,1,running,180.9199,452.6301,102.3916,30.9131,-1.7092,B,relation-reasoning-agent-eval-v3.1
2026-08-26T07:10:00+09:00,CMP-S02-L03-01,S02,S02-L03,1,running,181.0403,432.2589,87.0211,41.8589,0.0399,A,relation-reasoning-agent-eval-v3.1
2026-08-26T07:10:00+09:00,CMP-S02-L04-01,S02,S02-L04,1,running,155.3359,469.0841,106.3242,44.5268,0.481,A,relation-reasoning-agent-eval-v3.1
2026-08-26T07:10:00+09:00,CMP-S02-L05-01,S02,S02-L05,1,running,175.6804,504.1354,95.8416,45.2209,0.9048,A,relation-reasoning-agent-eval-v3.1
2026-08-26T07:20:00+09:00,CMP-S02-L01-01,S02,S02-L01,1,running,163.7425,429.7301,101.7817,37.6689,-0.2698,A,relation-reasoning-agent-eval-v3.1
2026-08-26T07:20:00+09:00,CMP-S02-L02-01,S02,S02-L02,1,running,172.8863,423.7231,99.2645,31.5201,-1.5968,B,relation-reasoning-agent-eval-v3.1
2026-08-26T07:20:00+09:00,CMP-S02-L03-01,S02,S02-L03,1,running,187.3427,419.3996,93.754,36.6511,-0.9245,A,relation-reasoning-agent-eval-v3.1
2026-08-26T07:20:00+09:00,CMP-S02-L04-01,S02,S02-L04,1,running,161.3178,465.2104,98.7741,46.342,0.8172,A,relation-reasoning-agent-eval-v3.1
2026-08-26T07:20:00+09:00,CMP-S02-L05-01,S02,S02-L05,1,running,164.909,533.2987,95.1311,44.2843,0.7313,A,relation-reasoning-agent-eval-v3.1
2026-08-26T07:30:00+09:00,CMP-S02-L01-01,S02,S02-L01,1,running,156.6869,484.0772,93.8759,43.3563,0.7835,A,relation-reasoning-agent-eval-v3.1
2026-08-26T07:30:00+09:00,CMP-S02-L02-01,S02,S02-L02,1,running,176.3511,434.7064,96.7534,28.153,-2.2203,C,relation-reasoning-agent-eval-v3.1
2026-08-26T07:30:00+09:00,CMP-S02-L03-01,S02,S02-L03,1,running,180.0081,450.9912,100.0974,37.5899,-0.7506,A,relation-reasoning-agent-eval-v3.1
2026-08-26T07:30:00+09:00,CMP-S02-L04-01,S02,S02-L04,1,running,156.9936,466.0825,106.3729,42.2393,0.0574,A,relation-reasoning-agent-eval-v3.1
2026-08-26T07:30:00+09:00,CMP-S02-L05-01,S02,S02-L05,1,running,160.6257,505.1743,95.1832,39.6262,-0.1313,A,relation-reasoning-agent-eval-v3.1
2026-08-26T07:40:00+09:00,CMP-S02-L01-01,S02,S02-L01,1,running,144.8878,507.4986,102.8752,41.0443,0.3553,A,relation-reasoning-agent-eval-v3.1
2026-08-26T07:40:00+09:00,CMP-S02-L02-01,S02,S02-L02,1,running,185.5102,421.6857,94.278,36.3336,-0.7054,A,relation-reasoning-agent-eval-v3.1
2026-08-26T07:40:00+09:00,CMP-S02-L03-01,S02,S02-L03,1,running,186.0516,416.9298,102.1047,29.6138,-2.2277,C,relation-reasoning-agent-eval-v3.1
2026-08-26T07:40:00+09:00,CMP-S02-L04-01,S02,S02-L04,1,running,161.4139,511.8729,109.4905,41.9313,0.0004,A,relation-reasoning-agent-eval-v3.1
2026-08-26T07:40:00+09:00,CMP-S02-L05-01,S02,S02-L05,1,running,164.7436,473.5682,97.7982,38.7433,-0.2948,A,relation-reasoning-agent-eval-v3.1
2026-08-26T07:50:00+09:00,CMP-S02-L01-01,S02,S02-L01,1,running,163.3199,545.2587,106.2846,42.1291,0.5562,A,relation-reasoning-agent-eval-v3.1
2026-08-26T07:50:00+09:00,CMP-S02-L02-01,S02,S02-L02,1,running,179.6155,416.5383,101.2504,39.0912,-0.1947,A,relation-reasoning-agent-eval-v3.1
2026-08-26T07:50:00+09:00,CMP-S02-L03-01,S02,S02-L03,1,running,183.2945,421.7757,100.6819,31.2534,-1.924,B,relation-reasoning-agent-eval-v3.1
2026-08-26T07:50:00+09:00,CMP-S02-L04-01,S02,S02-L04,1,running,164.6666,499.4099,107.2791,34.8359,-1.3136,B,relation-reasoning-agent-eval-v3.1
2026-08-26T07:50:00+09:00,CMP-S02-L05-01,S02,S02-L05,1,running,162.8369,429.1182,96.3019,42.0559,0.3187,A,relation-reasoning-agent-eval-v3.1
2026-08-26T08:00:00+09:00,CMP-S02-L01-01,S02,S02-L01,1,running,159.6704,521.7697,103.7659,47.0523,1.4679,B,relation-reasoning-agent-eval-v3.1
2026-08-26T08:00:00+09:00,CMP-S02-L02-01,S02,S02-L02,1,running,177.675,456.4918,95.0366,47.1701,1.3014,B,relation-reasoning-agent-eval-v3.1
2026-08-26T08:00:00+09:00,CMP-S02-L03-01,S02,S02-L03,1,running,180.2312,416.1556,106.1248,31.0618,-1.9595,B,relation-reasoning-agent-eval-v3.1
2026-08-26T08:00:00+09:00,CMP-S02-L04-01,S02,S02-L04,1,running,181.4002,466.0951,104.8466,35.9922,-1.0994,B,relation-reasoning-agent-eval-v3.1
2026-08-26T08:00:00+09:00,CMP-S02-L05-01,S02,S02-L05,1,running,165.3294,478.7134,103.4579,43.2095,0.5323,A,relation-reasoning-agent-eval-v3.1
2026-08-26T08:10:00+09:00,CMP-S02-L01-01,S02,S02-L01,1,running,142.1312,488.8242,101.63,46.2932,1.3273,B,relation-reasoning-agent-eval-v3.1
2026-08-26T08:10:00+09:00,CMP-S02-L02-01,S02,S02-L02,1,running,155.3056,470.7314,101.3736,49.1377,1.6657,B,relation-reasoning-agent-eval-v3.1
2026-08-26T08:10:00+09:00,CMP-S02-L03-01,S02,S02-L03,1,running,169.8179,383.1207,105.4016,33.9928,-1.4167,B,relation-reasoning-agent-eval-v3.1
2026-08-26T08:10:00+09:00,CMP-S02-L04-01,S02,S02-L04,1,running,177.2323,463.2452,114.9815,36.5756,-0.9914,A,relation-reasoning-agent-eval-v3.1
2026-08-26T08:10:00+09:00,CMP-S02-L05-01,S02,S02-L05,1,running,174.0699,503.5027,99.1141,38.9547,-0.2556,A,relation-reasoning-agent-eval-v3.1
2026-08-26T08:20:00+09:00,CMP-S02-L01-01,S02,S02-L01,1,running,140.7187,495.0694,101.2835,45.984,1.2701,B,relation-reasoning-agent-eval-v3.1
2026-08-26T08:20:00+09:00,CMP-S02-L02-01,S02,S02-L02,1,running,152.9343,422.5856,98.5188,44.6232,0.8297,A,relation-reasoning-agent-eval-v3.1
2026-08-26T08:20:00+09:00,CMP-S02-L03-01,S02,S02-L03,1,running,181.4316,418.0024,108.8341,43.3768,0.321,A,relation-reasoning-agent-eval-v3.1
2026-08-26T08:20:00+09:00,CMP-S02-L04-01,S02,S02-L04,1,running,164.7154,448.3538,111.203,37.7815,-0.7681,A,relation-reasoning-agent-eval-v3.1
2026-08-26T08:20:00+09:00,CMP-S02-L05-01,S02,S02-L05,1,running,186.722,488.4122,102.2421,41.3039,0.1794,A,relation-reasoning-agent-eval-v3.1
2026-08-26T08:30:00+09:00,CMP-S02-L01-01,S02,S02-L01,1,running,154.4369,431.2534,97.3713,50.6491,2.134,C,relation-reasoning-agent-eval-v3.1
2026-08-26T08:30:00+09:00,CMP-S02-L02-01,S02,S02-L02,1,running,155.7149,424.763,104.4419,44.6459,0.8339,A,relation-reasoning-agent-eval-v3.1
2026-08-26T08:30:00+09:00,CMP-S02-L03-01,S02,S02-L03,1,running,178.5693,402.0903,105.5949,48.0724,1.1906,B,relation-reasoning-agent-eval-v3.1
2026-08-26T08:30:00+09:00,CMP-S02-L04-01,S02,S02-L04,1,running,163.8938,482.3971,112.5482,42.8238,0.1657,A,relation-reasoning-agent-eval-v3.1
2026-08-26T08:30:00+09:00,CMP-S02-L05-01,S02,S02-L05,1,running,196.0439,492.9273,104.234,45.5916,0.9734,A,relation-reasoning-agent-eval-v3.1
2026-08-26T08:40:00+09:00,CMP-S02-L01-01,S02,S02-L01,1,running,164.0527,424.2248,93.3325,50.5854,2.1222,C,relation-reasoning-agent-eval-v3.1
2026-08-26T08:40:00+09:00,CMP-S02-L02-01,S02,S02-L02,1,running,158.3732,411.6794,108.6842,48.418,1.5325,B,relation-reasoning-agent-eval-v3.1
2026-08-26T08:40:00+09:00,CMP-S02-L03-01,S02,S02-L03,1,running,180.5499,423.2644,102.2582,44.9729,0.6166,A,relation-reasoning-agent-eval-v3.1
2026-08-26T08:40:00+09:00,CMP-S02-L04-01,S02,S02-L04,1,running,176.2336,493.0338,108.5365,42.1246,0.0362,A,relation-reasoning-agent-eval-v3.1
2026-08-26T08:40:00+09:00,CMP-S02-L05-01,S02,S02-L05,1,running,186.59,468.6659,106.1658,45.0683,0.8765,A,relation-reasoning-agent-eval-v3.1
2026-08-26T08:50:00+09:00,CMP-S02-L01-01,S02,S02-L01,1,running,190.0766,425.2515,100.7182,45.7792,1.2321,B,relation-reasoning-agent-eval-v3.1
2026-08-26T08:50:00+09:00,CMP-S02-L02-01,S02,S02-L02,1,running,164.8321,438.8375,104.5697,49.8484,1.7974,B,relation-reasoning-agent-eval-v3.1
2026-08-26T08:50:00+09:00,CMP-S02-L03-01,S02,S02-L03,1,running,164.8463,419.4899,103.3134,42.0181,0.0694,A,relation-reasoning-agent-eval-v3.1
2026-08-26T08:50:00+09:00,CMP-S02-L04-01,S02,S02-L04,1,running,174.8133,475.8202,109.5824,43.9522,0.3746,A,relation-reasoning-agent-eval-v3.1
2026-08-26T08:50:00+09:00,CMP-S02-L05-01,S02,S02-L05,1,running,181.3686,518.485,115.4123,46.7489,1.1878,B,relation-reasoning-agent-eval-v3.1
2026-08-26T09:00:00+09:00,CMP-S02-L01-01,S02,S02-L01,1,running,189.9803,445.5792,99.0221,44.4612,0.9881,A,relation-reasoning-agent-eval-v3.1
2026-08-26T09:00:00+09:00,CMP-S02-L02-01,S02,S02-L02,1,running,177.1066,426.711,104.2394,50.9056,1.9931,B,relation-reasoning-agent-eval-v3.1
2026-08-26T09:00:00+09:00,CMP-S02-L03-01,S02,S02-L03,1,running,175.8278,410.3761,99.6445,42.7622,0.2072,A,relation-reasoning-agent-eval-v3.1
2026-08-26T09:00:00+09:00,CMP-S02-L04-01,S02,S02-L04,1,running,187.5526,443.0978,106.4427,35.6811,-1.157,B,relation-reasoning-agent-eval-v3.1
2026-08-26T09:00:00+09:00,CMP-S02-L05-01,S02,S02-L05,1,running,187.6948,472.7897,111.8229,40.9623,0.1162,A,relation-reasoning-agent-eval-v3.1
2026-08-26T09:10:00+09:00,CMP-S02-L01-01,S02,S02-L01,1,running,190.2062,471.9175,102.0438,44.0447,0.9109,A,relation-reasoning-agent-eval-v3.1
2026-08-26T09:10:00+09:00,CMP-S02-L02-01,S02,S02-L02,1,running,181.387,449.3005,99.8309,45.135,0.9245,A,relation-reasoning-agent-eval-v3.1
2026-08-26T09:10:00+09:00,CMP-S02-L03-01,S02,S02-L03,1,running,176.7038,402.6026,98.8555,38.7822,-0.5298,A,relation-reasoning-agent-eval-v3.1
2026-08-26T09:10:00+09:00,CMP-S02-L04-01,S02,S02-L04,1,running,201.0398,443.0603,105.1319,38.5432,-0.627,A,relation-reasoning-agent-eval-v3.1
2026-08-26T09:10:00+09:00,CMP-S02-L05-01,S02,S02-L05,1,running,187.7674,457.8875,108.6258,39.6724,-0.1227,A,relation-reasoning-agent-eval-v3.1
2026-08-26T09:20:00+09:00,CMP-S02-L01-01,S02,S02-L01,1,running,189.2136,506.6604,107.3691,47.6022,1.5697,B,relation-reasoning-agent-eval-v3.1
2026-08-26T09:20:00+09:00,CMP-S02-L02-01,S02,S02-L02,1,running,173.8945,475.0667,93.8206,42.7739,0.4873,A,relation-reasoning-agent-eval-v3.1
2026-08-26T09:20:00+09:00,CMP-S02-L03-01,S02,S02-L03,1,running,176.9517,399.7457,98.438,40.9501,-0.1284,A,relation-reasoning-agent-eval-v3.1
2026-08-26T09:20:00+09:00,CMP-S02-L04-01,S02,S02-L04,1,running,178.3903,479.7266,99.6053,31.1686,-1.9927,B,relation-reasoning-agent-eval-v3.1
2026-08-26T09:20:00+09:00,CMP-S02-L05-01,S02,S02-L05,1,running,190.2098,444.0457,105.9115,46.7838,1.1942,B,relation-reasoning-agent-eval-v3.1
2026-08-26T09:30:00+09:00,CMP-S02-L01-01,S02,S02-L01,1,running,203.3841,522.9275,107.9913,44.5945,1.0128,B,relation-reasoning-agent-eval-v3.1
2026-08-26T09:30:00+09:00,CMP-S02-L02-01,S02,S02-L02,1,running,184.4692,498.5867,94.9723,40.8193,0.1253,A,relation-reasoning-agent-eval-v3.1
2026-08-26T09:30:00+09:00,CMP-S02-L03-01,S02,S02-L03,1,running,179.4196,409.9486,98.2065,41.8331,0.0352,A,relation-reasoning-agent-eval-v3.1
2026-08-26T09:30:00+09:00,CMP-S02-L04-01,S02,S02-L04,1,running,168.1474,491.9042,99.5363,31.1449,-1.9971,B,relation-reasoning-agent-eval-v3.1
2026-08-26T09:30:00+09:00,CMP-S02-L05-01,S02,S02-L05,1,running,185.8127,375.2305,103.805,45.8572,1.0226,B,relation-reasoning-agent-eval-v3.1
2026-08-26T09:40:00+09:00,CMP-S02-L01-01,S02,S02-L01,1,running,214.45,510.9234,100.7717,47.6426,1.5772,B,relation-reasoning-agent-eval-v3.1
2026-08-26T09:40:00+09:00,CMP-S02-L02-01,S02,S02-L02,1,running,165.137,500.4741,92.4215,39.3784,-0.1415,A,relation-reasoning-agent-eval-v3.1
2026-08-26T09:40:00+09:00,CMP-S02-L03-01,S02,S02-L03,1,running,173.5328,392.9252,95.189,40.2268,-0.2623,A,relation-reasoning-agent-eval-v3.1
2026-08-26T09:40:00+09:00,CMP-S02-L04-01,S02,S02-L04,1,running,195.2017,491.6725,97.251,33.5076,-1.5595,B,relation-reasoning-agent-eval-v3.1
2026-08-26T09:40:00+09:00,CMP-S02-L05-01,S02,S02-L05,1,running,194.3684,376.3287,108.7189,47.4227,1.3125,B,relation-reasoning-agent-eval-v3.1
2026-08-26T09:50:00+09:00,CMP-S02-L01-01,S02,S02-L01,1,running,206.6404,493.2129,102.4845,38.2647,-0.1594,A,relation-reasoning-agent-eval-v3.1
2026-08-26T09:50:00+09:00,CMP-S02-L02-01,S02,S02-L02,1,running,165.1909,432.2514,94.2566,43.4355,0.6098,A,relation-reasoning-agent-eval-v3.1
2026-08-26T09:50:00+09:00,CMP-S02-L03-01,S02,S02-L03,1,running,168.4175,391.2376,95.0088,35.8349,-1.0756,B,relation-reasoning-agent-eval-v3.1
2026-08-26T09:50:00+09:00,CMP-S02-L04-01,S02,S02-L04,1,running,179.3603,492.2865,94.2085,34.4931,-1.3771,B,relation-reasoning-agent-eval-v3.1
2026-08-26T09:50:00+09:00,CMP-S02-L05-01,S02,S02-L05,1,running,193.8023,434.5755,103.1631,51.5128,2.07,C,relation-reasoning-agent-eval-v3.1
2026-08-26T10:00:00+09:00,CMP-S02-L01-01,S02,S02-L01,1,running,187.4504,468.8123,101.0398,38.9397,-0.0344,A,relation-reasoning-agent-eval-v3.1
2026-08-26T10:00:00+09:00,CMP-S02-L02-01,S02,S02-L02,1,running,147.4039,434.3294,93.4791,45.2386,0.9437,A,relation-reasoning-agent-eval-v3.1
2026-08-26T10:00:00+09:00,CMP-S02-L03-01,S02,S02-L03,1,running,147.9397,344.2214,97.8234,36.8466,-0.8883,A,relation-reasoning-agent-eval-v3.1
2026-08-26T10:00:00+09:00,CMP-S02-L04-01,S02,S02-L04,1,running,161.3782,524.9034,93.6525,37.9341,-0.7398,A,relation-reasoning-agent-eval-v3.1
2026-08-26T10:00:00+09:00,CMP-S02-L05-01,S02,S02-L05,1,running,174.955,463.6121,103.1113,41.4298,0.2027,A,relation-reasoning-agent-eval-v3.1
2026-08-26T10:10:00+09:00,CMP-S02-L01-01,S02,S02-L01,1,running,188.5353,460.2163,95.202,30.4979,-1.5977,B,relation-reasoning-agent-eval-v3.1
2026-08-26T10:10:00+09:00,CMP-S02-L02-01,S02,S02-L02,1,running,160.8472,477.6201,92.2935,51.5824,2.1185,C,relation-reasoning-agent-eval-v3.1
2026-08-26T10:10:00+09:00,CMP-S02-L03-01,S02,S02-L03,1,running,141.7142,331.2444,99.9603,42.2973,0.1211,A,relation-reasoning-agent-eval-v3.1
2026-08-26T10:10:00+09:00,CMP-S02-L04-01,S02,S02-L04,1,running,159.8146,478.9999,96.9271,39.9363,-0.3691,A,relation-reasoning-agent-eval-v3.1
2026-08-26T10:10:00+09:00,CMP-S02-L05-01,S02,S02-L05,1,running,163.7324,484.0821,102.4686,43.2175,0.5338,A,relation-reasoning-agent-eval-v3.1
2026-08-26T10:20:00+09:00,CMP-S02-L01-01,S02,S02-L01,1,running,187.6759,499.0051,95.826,33.0667,-1.122,B,relation-reasoning-agent-eval-v3.1
2026-08-26T10:20:00+09:00,CMP-S02-L02-01,S02,S02-L02,1,running,146.0447,530.5826,90.8355,46.9643,1.2633,B,relation-reasoning-agent-eval-v3.1
2026-08-26T10:20:00+09:00,CMP-S02-L03-01,S02,S02-L03,1,running,167.1265,390.4683,106.3057,42.755,0.2059,A,relation-reasoning-agent-eval-v3.1
2026-08-26T10:20:00+09:00,CMP-S02-L04-01,S02,S02-L04,1,running,172.7487,503.2376,92.0368,47.4206,1.0169,B,relation-reasoning-agent-eval-v3.1
2026-08-26T10:20:00+09:00,CMP-S02-L05-01,S02,S02-L05,1,running,159.0831,458.5468,106.7348,43.9573,0.6708,A,relation-reasoning-agent-eval-v3.1
2026-08-26T10:30:00+09:00,CMP-S02-L01-01,S02,S02-L01,1,running,176.1738,461.2079,97.186,33.9686,-0.955,A,relation-reasoning-agent-eval-v3.1
2026-08-26T10:30:00+09:00,CMP-S02-L02-01,S02,S02-L02,1,running,135.0395,505.0391,92.4211,55.6824,2.8777,C,relation-reasoning-agent-eval-v3.1
2026-08-26T10:30:00+09:00,CMP-S02-L03-01,S02,S02-L03,1,running,167.1918,401.7544,106.9881,41.7956,0.0282,A,relation-reasoning-agent-eval-v3.1
2026-08-26T10:30:00+09:00,CMP-S02-L04-01,S02,S02-L04,1,running,165.4899,514.8271,99.9299,43.2306,0.241,A,relation-reasoning-agent-eval-v3.1
2026-08-26T10:30:00+09:00,CMP-S02-L05-01,S02,S02-L05,1,running,177.8881,417.905,103.7538,50.3151,1.8482,B,relation-reasoning-agent-eval-v3.1
2026-08-26T10:40:00+09:00,CMP-S02-L01-01,S02,S02-L01,1,running,184.345,504.2572,95.4395,34.9772,-0.7682,A,relation-reasoning-agent-eval-v3.1
2026-08-26T10:40:00+09:00,CMP-S02-L02-01,S02,S02-L02,1,running,162.8128,471.6863,99.5749,45.6232,1.0149,B,relation-reasoning-agent-eval-v3.1
2026-08-26T10:40:00+09:00,CMP-S02-L03-01,S02,S02-L03,1,running,157.6924,418.2949,105.882,40.7815,-0.1596,A,relation-reasoning-agent-eval-v3.1
2026-08-26T10:40:00+09:00,CMP-S02-L04-01,S02,S02-L04,1,running,175.4064,462.2129,97.793,37.7951,-0.7656,A,relation-reasoning-agent-eval-v3.1
2026-08-26T10:40:00+09:00,CMP-S02-L05-01,S02,S02-L05,1,running,169.4267,410.2837,103.3738,50.4317,1.8698,B,relation-reasoning-agent-eval-v3.1
2026-08-26T10:50:00+09:00,CMP-S02-L01-01,S02,S02-L01,1,running,185.7291,482.0424,96.664,31.1292,-1.4808,B,relation-reasoning-agent-eval-v3.1
2026-08-26T10:50:00+09:00,CMP-S02-L02-01,S02,S02-L02,1,running,169.5818,467.2061,104.1116,51.375,2.0801,C,relation-reasoning-agent-eval-v3.1
2026-08-26T10:50:00+09:00,CMP-S02-L03-01,S02,S02-L03,1,running,165.0693,429.783,103.4722,43.8681,0.412,A,relation-reasoning-agent-eval-v3.1
2026-08-26T10:50:00+09:00,CMP-S02-L04-01,S02,S02-L04,1,running,173.7151,498.7402,99.5545,38.6956,-0.5988,A,relation-reasoning-agent-eval-v3.1
2026-08-26T10:50:00+09:00,CMP-S02-L05-01,S02,S02-L05,1,running,167.2565,385.2951,104.617,52.6062,2.2724,C,relation-reasoning-agent-eval-v3.1
2026-08-26T11:00:00+09:00,CMP-S02-L01-01,S02,S02-L01,1,running,186.1312,478.9659,101.0715,33.1741,-1.1021,B,relation-reasoning-agent-eval-v3.1
2026-08-26T11:00:00+09:00,CMP-S02-L02-01,S02,S02-L02,1,running,149.8432,452.895,108.8371,52.9653,2.3746,C,relation-reasoning-agent-eval-v3.1
2026-08-26T11:00:00+09:00,CMP-S02-L03-01,S02,S02-L03,1,running,176.5397,479.2076,101.3339,44.6634,0.5593,A,relation-reasoning-agent-eval-v3.1
2026-08-26T11:00:00+09:00,CMP-S02-L04-01,S02,S02-L04,1,running,181.7839,516.276,97.7551,35.7986,-1.1353,B,relation-reasoning-agent-eval-v3.1
2026-08-26T11:00:00+09:00,CMP-S02-L05-01,S02,S02-L05,1,running,142.7469,364.1006,100.0535,48.5126,1.5144,B,relation-reasoning-agent-eval-v3.1
2026-08-26T11:10:00+09:00,CMP-S02-L01-01,S02,S02-L01,1,running,190.2392,473.694,102.0037,34.1097,-0.9289,A,relation-reasoning-agent-eval-v3.1
2026-08-26T11:10:00+09:00,CMP-S02-L02-01,S02,S02-L02,1,running,168.4743,448.0907,108.7097,48.8894,1.6198,B,relation-reasoning-agent-eval-v3.1
2026-08-26T11:10:00+09:00,CMP-S02-L03-01,S02,S02-L03,1,running,175.1437,450.3403,95.6937,48.739,1.314,B,relation-reasoning-agent-eval-v3.1
2026-08-26T11:10:00+09:00,CMP-S02-L04-01,S02,S02-L04,1,running,168.4293,508.862,97.1437,35.1109,-1.2626,B,relation-reasoning-agent-eval-v3.1
2026-08-26T11:10:00+09:00,CMP-S02-L05-01,S02,S02-L05,1,running,145.3387,364.8791,101.9464,45.4311,0.9437,A,relation-reasoning-agent-eval-v3.1
2026-08-26T11:20:00+09:00,CMP-S02-L01-01,S02,S02-L01,1,running,182.8223,508.3577,106.1384,38.5458,-0.1074,A,relation-reasoning-agent-eval-v3.1
2026-08-26T11:20:00+09:00,CMP-S02-L02-01,S02,S02-L02,1,running,179.7514,471.0275,104.9054,48.5056,1.5487,B,relation-reasoning-agent-eval-v3.1
2026-08-26T11:20:00+09:00,CMP-S02-L03-01,S02,S02-L03,1,running,172.4253,435.2971,100.3949,43.7346,0.3873,A,relation-reasoning-agent-eval-v3.1
2026-08-26T11:20:00+09:00,CMP-S02-L04-01,S02,S02-L04,1,running,191.8048,498.175,92.8831,33.4793,-1.5648,B,relation-reasoning-agent-eval-v3.1
2026-08-26T11:20:00+09:00,CMP-S02-L05-01,S02,S02-L05,1,running,148.4357,442.2702,99.2006,44.4358,0.7594,A,relation-reasoning-agent-eval-v3.1
2026-08-26T11:30:00+09:00,CMP-S02-L01-01,S02,S02-L01,1,running,198.7696,470.8203,103.76,35.4169,-0.6868,A,relation-reasoning-agent-eval-v3.1
2026-08-26T11:30:00+09:00,CMP-S02-L02-01,S02,S02-L02,1,running,161.5432,450.1432,104.7102,49.17,1.6717,B,relation-reasoning-agent-eval-v3.1
2026-08-26T11:30:00+09:00,CMP-S02-L03-01,S02,S02-L03,1,running,178.6087,443.2247,102.1687,38.8083,-0.525,A,relation-reasoning-agent-eval-v3.1
2026-08-26T11:30:00+09:00,CMP-S02-L04-01,S02,S02-L04,1,running,192.8457,513.8163,107.4323,38.2045,-0.6898,A,relation-reasoning-agent-eval-v3.1
2026-08-26T11:30:00+09:00,CMP-S02-L05-01,S02,S02-L05,1,running,158.1974,398.3941,108.4851,39.7014,-0.1173,A,relation-reasoning-agent-eval-v3.1
2026-08-26T11:40:00+09:00,CMP-S02-L01-01,S02,S02-L01,1,running,185.6112,541.2613,105.9532,37.385,-0.3223,A,relation-reasoning-agent-eval-v3.1
2026-08-26T11:40:00+09:00,CMP-S02-L02-01,S02,S02-L02,1,running,153.8566,435.7128,103.0749,43.3974,0.6027,A,relation-reasoning-agent-eval-v3.1
2026-08-26T11:40:00+09:00,CMP-S02-L03-01,S02,S02-L03,1,running,168.4011,412.8072,105.6962,39.778,-0.3454,A,relation-reasoning-agent-eval-v3.1
2026-08-26T11:40:00+09:00,CMP-S02-L04-01,S02,S02-L04,1,running,191.0436,505.8358,99.758,36.7317,-0.9625,A,relation-reasoning-agent-eval-v3.1
2026-08-26T11:40:00+09:00,CMP-S02-L05-01,S02,S02-L05,1,running,159.6042,416.5814,105.7764,37.2329,-0.5745,A,relation-reasoning-agent-eval-v3.1
2026-08-26T11:50:00+09:00,CMP-S02-L01-01,S02,S02-L01,1,running,185.8783,524.2701,109.1051,38.6949,-0.0798,A,relation-reasoning-agent-eval-v3.1
2026-08-26T11:50:00+09:00,CMP-S02-L02-01,S02,S02-L02,1,running,144.8315,409.8438,99.307,43.912,0.698,A,relation-reasoning-agent-eval-v3.1
2026-08-26T11:50:00+09:00,CMP-S02-L03-01,S02,S02-L03,1,running,160.5393,446.3784,106.2216,38.1418,-0.6484,A,relation-reasoning-agent-eval-v3.1
2026-08-26T11:50:00+09:00,CMP-S02-L04-01,S02,S02-L04,1,running,194.841,510.0215,96.1143,43.1759,0.2309,A,relation-reasoning-agent-eval-v3.1
2026-08-26T11:50:00+09:00,CMP-S02-L05-01,S02,S02-L05,1,running,156.2692,418.9071,106.4838,33.5855,-1.2499,B,relation-reasoning-agent-eval-v3.1
2026-08-26T12:00:00+09:00,CMP-S02-L01-01,S02,S02-L01,1,running,189.5106,509.3073,102.9294,32.507,-1.2257,B,relation-reasoning-agent-eval-v3.1
2026-08-26T12:00:00+09:00,CMP-S02-L02-01,S02,S02-L02,1,running,142.6887,420.3708,100.9622,40.1327,-0.0018,A,relation-reasoning-agent-eval-v3.1
2026-08-26T12:00:00+09:00,CMP-S02-L03-01,S02,S02-L03,1,running,152.2712,434.0495,103.3747,39.5144,-0.3942,A,relation-reasoning-agent-eval-v3.1
2026-08-26T12:00:00+09:00,CMP-S02-L04-01,S02,S02-L04,1,running,196.4533,527.1598,93.2845,45.5177,0.6646,A,relation-reasoning-agent-eval-v3.1
2026-08-26T12:00:00+09:00,CMP-S02-L05-01,S02,S02-L05,1,running,149.545,461.7517,102.0421,39.4061,-0.172,A,relation-reasoning-agent-eval-v3.1
2026-08-26T12:10:00+09:00,CMP-S02-L01-01,S02,S02-L01,1,running,187.0749,415.5052,112.0407,39.0328,-0.0172,A,relation-reasoning-agent-eval-v3.1
2026-08-26T12:10:00+09:00,CMP-S02-L02-01,S02,S02-L02,1,running,159.0134,450.552,108.5701,37.7237,-0.448,A,relation-reasoning-agent-eval-v3.1
2026-08-26T12:10:00+09:00,CMP-S02-L03-01,S02,S02-L03,1,running,160.6526,444.6243,104.2129,40.9824,-0.1224,A,relation-reasoning-agent-eval-v3.1
2026-08-26T12:10:00+09:00,CMP-S02-L04-01,S02,S02-L04,1,running,172.2687,501.17,95.0389,43.658,0.3202,A,relation-reasoning-agent-eval-v3.1
2026-08-26T12:10:00+09:00,CMP-S02-L05-01,S02,S02-L05,1,running,157.0858,438.7018,104.6553,35.9046,-0.8204,A,relation-reasoning-agent-eval-v3.1
2026-08-26T12:20:00+09:00,CMP-S02-L01-01,S02,S02-L01,1,running,191.6468,489.7061,109.2959,39.6764,0.102,A,relation-reasoning-agent-eval-v3.1
2026-08-26T12:20:00+09:00,CMP-S02-L02-01,S02,S02-L02,1,running,173.2018,446.6769,108.7991,37.5916,-0.4724,A,relation-reasoning-agent-eval-v3.1
2026-08-26T12:20:00+09:00,CMP-S02-L03-01,S02,S02-L03,1,running,168.5021,398.3619,94.8442,34.0746,-1.4016,B,relation-reasoning-agent-eval-v3.1
2026-08-26T12:20:00+09:00,CMP-S02-L04-01,S02,S02-L04,1,running,174.843,462.4274,93.9446,43.8022,0.3469,A,relation-reasoning-agent-eval-v3.1
2026-08-26T12:20:00+09:00,CMP-S02-L05-01,S02,S02-L05,1,running,160.3621,506.834,100.0731,42.2571,0.3559,A,relation-reasoning-agent-eval-v3.1
2026-08-26T12:30:00+09:00,CMP-S02-L01-01,S02,S02-L01,1,running,177.9015,481.7146,109.3962,40.3946,0.235,A,relation-reasoning-agent-eval-v3.1
2026-08-26T12:30:00+09:00,CMP-S02-L02-01,S02,S02-L02,1,running,190.253,512.0967,114.4028,36.098,-0.749,A,relation-reasoning-agent-eval-v3.1
2026-08-26T12:30:00+09:00,CMP-S02-L03-01,S02,S02-L03,1,running,168.4772,427.1319,93.2139,32.1339,-1.761,B,relation-reasoning-agent-eval-v3.1
2026-08-26T12:30:00+09:00,CMP-S02-L04-01,S02,S02-L04,1,running,193.4723,478.8279,93.6105,43.9899,0.3816,A,relation-reasoning-agent-eval-v3.1
2026-08-26T12:30:00+09:00,CMP-S02-L05-01,S02,S02-L05,1,running,156.3719,453.5754,98.8897,39.7199,-0.1139,A,relation-reasoning-agent-eval-v3.1
2026-08-26T12:40:00+09:00,CMP-S02-L01-01,S02,S02-L01,1,running,192.649,472.2085,104.1713,40.6956,0.2907,A,relation-reasoning-agent-eval-v3.1
2026-08-26T12:40:00+09:00,CMP-S02-L02-01,S02,S02-L02,1,running,172.6679,529.1068,112.8616,36.6496,-0.6469,A,relation-reasoning-agent-eval-v3.1
2026-08-26T12:40:00+09:00,CMP-S02-L03-01,S02,S02-L03,1,running,186.4168,418.5305,91.8431,34.4992,-1.323,B,relation-reasoning-agent-eval-v3.1
2026-08-26T12:40:00+09:00,CMP-S02-L04-01,S02,S02-L04,1,running,181.5723,469.6816,95.9921,52.6782,1.9906,B,relation-reasoning-agent-eval-v3.1
2026-08-26T12:40:00+09:00,CMP-S02-L05-01,S02,S02-L05,1,running,161.1768,500.0311,99.4683,41.1428,0.1496,A,relation-reasoning-agent-eval-v3.1
2026-08-26T12:50:00+09:00,CMP-S02-L01-01,S02,S02-L01,1,running,188.579,429.02,104.6851,38.5667,-0.1035,A,relation-reasoning-agent-eval-v3.1
2026-08-26T12:50:00+09:00,CMP-S02-L02-01,S02,S02-L02,1,running,166.6935,536.9656,108.118,39.0464,-0.203,A,relation-reasoning-agent-eval-v3.1
2026-08-26T12:50:00+09:00,CMP-S02-L03-01,S02,S02-L03,1,running,185.6903,411.7129,97.4156,39.9633,-0.3111,A,relation-reasoning-agent-eval-v3.1
2026-08-26T12:50:00+09:00,CMP-S02-L04-01,S02,S02-L04,1,running,159.3148,483.6479,95.4711,47.3374,1.0015,B,relation-reasoning-agent-eval-v3.1
2026-08-26T12:50:00+09:00,CMP-S02-L05-01,S02,S02-L05,1,running,170.5739,492.6844,97.4895,38.173,-0.4004,A,relation-reasoning-agent-eval-v3.1
2026-08-26T13:00:00+09:00,CMP-S02-L01-01,S02,S02-L01,1,running,183.2946,364.7483,97.2934,40.0114,0.164,A,relation-reasoning-agent-eval-v3.1
2026-08-26T13:00:00+09:00,CMP-S02-L02-01,S02,S02-L02,1,running,165.7959,494.0472,105.7693,40.0243,-0.0219,A,relation-reasoning-agent-eval-v3.1
2026-08-26T13:00:00+09:00,CMP-S02-L03-01,S02,S02-L03,1,running,185.5892,348.8217,95.5348,40.0837,-0.2888,A,relation-reasoning-agent-eval-v3.1
2026-08-26T13:00:00+09:00,CMP-S02-L04-01,S02,S02-L04,1,running,150.1631,465.0379,103.2369,46.4695,0.8408,A,relation-reasoning-agent-eval-v3.1
2026-08-26T13:00:00+09:00,CMP-S02-L05-01,S02,S02-L05,1,running,185.9046,463.1643,93.1397,38.7023,-0.3024,A,relation-reasoning-agent-eval-v3.1
2026-08-26T13:10:00+09:00,CMP-S02-L01-01,S02,S02-L01,1,running,188.6519,375.178,105.3799,39.3342,0.0386,A,relation-reasoning-agent-eval-v3.1
2026-08-26T13:10:00+09:00,CMP-S02-L02-01,S02,S02-L02,1,running,167.5944,514.5602,108.3903,36.5025,-0.6741,A,relation-reasoning-agent-eval-v3.1
2026-08-26T13:10:00+09:00,CMP-S02-L03-01,S02,S02-L03,1,running,180.907,334.2777,95.7719,44.2171,0.4767,A,relation-reasoning-agent-eval-v3.1
2026-08-26T13:10:00+09:00,CMP-S02-L04-01,S02,S02-L04,1,running,164.2558,460.3071,100.6215,46.8437,0.9101,A,relation-reasoning-agent-eval-v3.1
2026-08-26T13:10:00+09:00,CMP-S02-L05-01,S02,S02-L05,1,running,185.2535,453.8012,91.6585,40.416,0.015,A,relation-reasoning-agent-eval-v3.1
2026-08-26T13:20:00+09:00,CMP-S02-L01-01,S02,S02-L01,1,running,183.294,399.8107,103.4157,36.7149,-0.4464,A,relation-reasoning-agent-eval-v3.1
2026-08-26T13:20:00+09:00,CMP-S02-L02-01,S02,S02-L02,1,running,167.0634,517.2342,114.0553,37.2928,-0.5278,A,relation-reasoning-agent-eval-v3.1
2026-08-26T13:20:00+09:00,CMP-S02-L03-01,S02,S02-L03,1,running,180.4401,342.1732,95.5061,41.6087,-0.0064,A,relation-reasoning-agent-eval-v3.1
2026-08-26T13:20:00+09:00,CMP-S02-L04-01,S02,S02-L04,1,running,177.1439,438.5846,105.9908,47.3101,0.9965,A,relation-reasoning-agent-eval-v3.1
2026-08-26T13:20:00+09:00,CMP-S02-L05-01,S02,S02-L05,1,running,188.2743,449.4045,95.3898,35.2509,-0.9415,A,relation-reasoning-agent-eval-v3.1
2026-08-26T13:30:00+09:00,CMP-S02-L01-01,S02,S02-L01,1,running,166.7218,387.4609,104.022,35.0444,-0.7558,A,relation-reasoning-agent-eval-v3.1
2026-08-26T13:30:00+09:00,CMP-S02-L02-01,S02,S02-L02,1,running,160.535,466.9676,111.0776,39.0265,-0.2067,A,relation-reasoning-agent-eval-v3.1
2026-08-26T13:30:00+09:00,CMP-S02-L03-01,S02,S02-L03,1,running,186.4931,404.9832,91.8084,40.7666,-0.1623,A,relation-reasoning-agent-eval-v3.1
2026-08-26T13:30:00+09:00,CMP-S02-L04-01,S02,S02-L04,1,running,161.5375,456.1333,107.7922,40.7563,-0.2172,A,relation-reasoning-agent-eval-v3.1
2026-08-26T13:30:00+09:00,CMP-S02-L05-01,S02,S02-L05,1,running,183.8181,460.6606,97.5376,36.4673,-0.7162,A,relation-reasoning-agent-eval-v3.1
2026-08-26T13:40:00+09:00,CMP-S02-L01-01,S02,S02-L01,1,running,172.3736,396.9985,97.0884,34.1725,-0.9172,A,relation-reasoning-agent-eval-v3.1
2026-08-26T13:40:00+09:00,CMP-S02-L02-01,S02,S02-L02,1,running,162.8761,501.1078,115.8592,41.6872,0.286,A,relation-reasoning-agent-eval-v3.1
2026-08-26T13:40:00+09:00,CMP-S02-L03-01,S02,S02-L03,1,running,178.5034,442.1772,89.4724,48.0505,1.1865,B,relation-reasoning-agent-eval-v3.1
2026-08-26T13:40:00+09:00,CMP-S02-L04-01,S02,S02-L04,1,running,163.1444,474.5436,104.9981,37.1648,-0.8823,A,relation-reasoning-agent-eval-v3.1
2026-08-26T13:40:00+09:00,CMP-S02-L05-01,S02,S02-L05,1,running,193.3692,482.2592,99.1876,37.6404,-0.499,A,relation-reasoning-agent-eval-v3.1
2026-08-26T13:50:00+09:00,CMP-S02-L01-01,S02,S02-L01,1,running,159.7599,401.124,89.9541,37.0192,-0.3901,A,relation-reasoning-agent-eval-v3.1
2026-08-26T13:50:00+09:00,CMP-S02-L02-01,S02,S02-L02,1,running,176.0617,497.3495,111.336,43.2856,0.582,A,relation-reasoning-agent-eval-v3.1
2026-08-26T13:50:00+09:00,CMP-S02-L03-01,S02,S02-L03,1,running,184.1463,473.414,93.4665,49.3769,1.4322,B,relation-reasoning-agent-eval-v3.1
2026-08-26T13:50:00+09:00,CMP-S02-L04-01,S02,S02-L04,1,running,164.6584,454.1519,106.8346,34.8092,-1.3185,B,relation-reasoning-agent-eval-v3.1
2026-08-26T13:50:00+09:00,CMP-S02-L05-01,S02,S02-L05,1,running,190.4015,448.8551,93.8832,36.8787,-0.6401,A,relation-reasoning-agent-eval-v3.1
2026-08-26T14:00:00+09:00,CMP-S02-L01-01,S02,S02-L01,1,running,167.3996,430.787,89.6058,39.2295,0.0192,A,relation-reasoning-agent-eval-v3.1
2026-08-26T14:00:00+09:00,CMP-S02-L02-01,S02,S02-L02,1,running,147.066,482.3442,107.1971,41.6916,0.2868,A,relation-reasoning-agent-eval-v3.1
2026-08-26T14:00:00+09:00,CMP-S02-L03-01,S02,S02-L03,1,running,176.6806,480.6841,105.1262,48.7044,1.3076,B,relation-reasoning-agent-eval-v3.1
2026-08-26T14:00:00+09:00,CMP-S02-L04-01,S02,S02-L04,1,running,157.5972,467.6228,96.8836,34.3543,-1.4028,B,relation-reasoning-agent-eval-v3.1
2026-08-26T14:00:00+09:00,CMP-S02-L05-01,S02,S02-L05,1,running,169.7565,439.9115,93.9303,37.4036,-0.5428,A,relation-reasoning-agent-eval-v3.1
2026-08-26T14:10:00+09:00,CMP-S02-L01-01,S02,S02-L01,1,running,192.6527,528.3373,96.9032,38.7562,-0.0684,A,relation-reasoning-agent-eval-v3.1
2026-08-26T14:10:00+09:00,CMP-S02-L02-01,S02,S02-L02,1,running,166.5797,455.0817,108.3597,39.4208,-0.1337,A,relation-reasoning-agent-eval-v3.1
2026-08-26T14:10:00+09:00,CMP-S02-L03-01,S02,S02-L03,1,running,179.9807,464.2784,106.5294,47.8019,1.1405,B,relation-reasoning-agent-eval-v3.1
2026-08-26T14:10:00+09:00,CMP-S02-L04-01,S02,S02-L04,1,running,154.1272,468.8969,96.9316,37.5551,-0.81,A,relation-reasoning-agent-eval-v3.1
2026-08-26T14:10:00+09:00,CMP-S02-L05-01,S02,S02-L05,1,running,177.1077,436.4764,93.0521,36.506,-0.7091,A,relation-reasoning-agent-eval-v3.1
2026-08-26T14:20:00+09:00,CMP-S02-L01-01,S02,S02-L01,1,running,178.2267,491.8556,95.9214,38.0518,-0.1989,A,relation-reasoning-agent-eval-v3.1
2026-08-26T14:20:00+09:00,CMP-S02-L02-01,S02,S02-L02,1,running,156.5148,458.324,110.7747,35.6745,-0.8274,A,relation-reasoning-agent-eval-v3.1
2026-08-26T14:20:00+09:00,CMP-S02-L03-01,S02,S02-L03,1,running,162.7138,496.6509,104.5652,47.0138,0.9946,A,relation-reasoning-agent-eval-v3.1
2026-08-26T14:20:00+09:00,CMP-S02-L04-01,S02,S02-L04,1,running,162.6671,478.7701,97.2407,38.1413,-0.7014,A,relation-reasoning-agent-eval-v3.1
2026-08-26T14:20:00+09:00,CMP-S02-L05-01,S02,S02-L05,1,running,174.5682,455.5172,98.0275,38.3987,-0.3586,A,relation-reasoning-agent-eval-v3.1
2026-08-26T14:30:00+09:00,CMP-S02-L01-01,S02,S02-L01,1,running,163.4923,482.1203,100.9406,37.8591,-0.2345,A,relation-reasoning-agent-eval-v3.1
2026-08-26T14:30:00+09:00,CMP-S02-L02-01,S02,S02-L02,1,running,167.642,450.6044,112.965,34.9978,-0.9528,A,relation-reasoning-agent-eval-v3.1
2026-08-26T14:30:00+09:00,CMP-S02-L03-01,S02,S02-L03,1,running,158.6147,436.2618,101.628,43.9607,0.4292,A,relation-reasoning-agent-eval-v3.1
2026-08-26T14:30:00+09:00,CMP-S02-L04-01,S02,S02-L04,1,running,160.9031,499.3604,106.1407,39.2455,-0.497,A,relation-reasoning-agent-eval-v3.1
2026-08-26T14:30:00+09:00,CMP-S02-L05-01,S02,S02-L05,1,running,167.7406,415.2047,100.3109,32.0514,-1.534,B,relation-reasoning-agent-eval-v3.1
2026-08-26T14:40:00+09:00,CMP-S02-L01-01,S02,S02-L01,1,running,178.6076,448.3016,110.6598,36.3944,-0.5058,A,relation-reasoning-agent-eval-v3.1
2026-08-26T14:40:00+09:00,CMP-S02-L02-01,S02,S02-L02,1,running,162.8009,482.4607,112.9685,36.5186,-0.6711,A,relation-reasoning-agent-eval-v3.1
2026-08-26T14:40:00+09:00,CMP-S02-L03-01,S02,S02-L03,1,running,157.8731,418.6937,101.5795,45.1987,0.6584,A,relation-reasoning-agent-eval-v3.1
2026-08-26T14:40:00+09:00,CMP-S02-L04-01,S02,S02-L04,1,running,161.2699,426.6224,100.0038,39.5299,-0.4443,A,relation-reasoning-agent-eval-v3.1
2026-08-26T14:40:00+09:00,CMP-S02-L05-01,S02,S02-L05,1,running,169.6908,392.2344,98.8139,32.8058,-1.3943,B,relation-reasoning-agent-eval-v3.1
2026-08-26T14:50:00+09:00,CMP-S02-L01-01,S02,S02-L01,1,running,166.8866,459.6835,114.1792,38.7762,-0.0647,A,relation-reasoning-agent-eval-v3.1
2026-08-26T14:50:00+09:00,CMP-S02-L02-01,S02,S02-L02,1,running,163.8518,501.5008,103.1185,33.3893,-1.2506,B,relation-reasoning-agent-eval-v3.1
2026-08-26T14:50:00+09:00,CMP-S02-L03-01,S02,S02-L03,1,running,166.494,418.9512,104.9695,48.8358,1.332,B,relation-reasoning-agent-eval-v3.1
2026-08-26T14:50:00+09:00,CMP-S02-L04-01,S02,S02-L04,1,running,173.8258,513.916,99.5569,33.7063,-1.5227,B,relation-reasoning-agent-eval-v3.1
2026-08-26T14:50:00+09:00,CMP-S02-L05-01,S02,S02-L05,1,running,171.1593,408.1759,98.8596,33.9255,-1.1869,B,relation-reasoning-agent-eval-v3.1
2026-08-26T15:00:00+09:00,CMP-S02-L01-01,S02,S02-L01,1,running,160.401,465.4854,104.3924,40.814,0.3126,A,relation-reasoning-agent-eval-v3.1
2026-08-26T15:00:00+09:00,CMP-S02-L02-01,S02,S02-L02,1,running,167.0665,510.9386,104.7281,36.2228,-0.7259,A,relation-reasoning-agent-eval-v3.1
2026-08-26T15:00:00+09:00,CMP-S02-L03-01,S02,S02-L03,1,running,172.8049,427.272,104.8085,49.1638,1.3927,B,relation-reasoning-agent-eval-v3.1
2026-08-26T15:00:00+09:00,CMP-S02-L04-01,S02,S02-L04,1,running,187.4772,535.764,98.0745,33.8739,-1.4917,B,relation-reasoning-agent-eval-v3.1
2026-08-26T15:00:00+09:00,CMP-S02-L05-01,S02,S02-L05,1,running,171.5117,456.4471,99.1365,34.9458,-0.998,A,relation-reasoning-agent-eval-v3.1
2026-08-26T15:10:00+09:00,CMP-S02-L01-01,S02,S02-L01,1,running,164.447,433.3164,104.942,40.5745,0.2683,A,relation-reasoning-agent-eval-v3.1
2026-08-26T15:10:00+09:00,CMP-S02-L02-01,S02,S02-L02,1,running,169.3572,483.8761,109.4989,32.6744,-1.383,B,relation-reasoning-agent-eval-v3.1
2026-08-26T15:10:00+09:00,CMP-S02-L03-01,S02,S02-L03,1,running,156.8845,415.3533,103.5909,42.2715,0.1163,A,relation-reasoning-agent-eval-v3.1
2026-08-26T15:10:00+09:00,CMP-S02-L04-01,S02,S02-L04,1,running,168.4656,527.0625,101.4042,31.1102,-2.0035,C,relation-reasoning-agent-eval-v3.1
2026-08-26T15:10:00+09:00,CMP-S02-L05-01,S02,S02-L05,1,running,179.7792,404.4572,107.1943,37.4498,-0.5343,A,relation-reasoning-agent-eval-v3.1
2026-08-26T15:20:00+09:00,CMP-S02-L01-01,S02,S02-L01,1,running,164.7149,412.4606,109.254,41.564,0.4516,A,relation-reasoning-agent-eval-v3.1
2026-08-26T15:20:00+09:00,CMP-S02-L02-01,S02,S02-L02,1,running,174.0324,480.2016,112.9049,33.0947,-1.3052,B,relation-reasoning-agent-eval-v3.1
2026-08-26T15:20:00+09:00,CMP-S02-L03-01,S02,S02-L03,1,running,165.6001,440.8851,110.7745,45.3127,0.6795,A,relation-reasoning-agent-eval-v3.1
2026-08-26T15:20:00+09:00,CMP-S02-L04-01,S02,S02-L04,1,running,158.4978,524.3688,103.3198,31.2567,-1.9764,B,relation-reasoning-agent-eval-v3.1
2026-08-26T15:20:00+09:00,CMP-S02-L05-01,S02,S02-L05,1,running,173.7243,449.1663,100.9082,26.3547,-2.589,C,relation-reasoning-agent-eval-v3.1
2026-08-26T15:30:00+09:00,CMP-S02-L01-01,S02,S02-L01,1,running,186.0984,391.2469,102.218,42.4347,0.6128,A,relation-reasoning-agent-eval-v3.1
2026-08-26T15:30:00+09:00,CMP-S02-L02-01,S02,S02-L02,1,running,185.8682,499.0251,101.1173,29.2951,-2.0088,C,relation-reasoning-agent-eval-v3.1
2026-08-26T15:30:00+09:00,CMP-S02-L03-01,S02,S02-L03,1,running,179.7816,422.3841,113.5088,47.7524,1.1313,B,relation-reasoning-agent-eval-v3.1
2026-08-26T15:30:00+09:00,CMP-S02-L04-01,S02,S02-L04,1,running,166.0261,521.5134,99.9838,37.838,-0.7576,A,relation-reasoning-agent-eval-v3.1
2026-08-26T15:30:00+09:00,CMP-S02-L05-01,S02,S02-L05,1,running,184.7743,469.9536,92.876,39.9937,-0.0632,A,relation-reasoning-agent-eval-v3.1
2026-08-26T15:40:00+09:00,CMP-S02-L01-01,S02,S02-L01,1,running,172.5615,386.2892,101.765,36.6,-0.4677,A,relation-reasoning-agent-eval-v3.1
2026-08-26T15:40:00+09:00,CMP-S02-L02-01,S02,S02-L02,1,running,175.7112,492.9347,107.1549,23.043,-3.1666,D,relation-reasoning-agent-eval-v3.1
2026-08-26T15:40:00+09:00,CMP-S02-L03-01,S02,S02-L03,1,running,180.1851,400.9084,112.5442,43.0525,0.261,A,relation-reasoning-agent-eval-v3.1
2026-08-26T15:40:00+09:00,CMP-S02-L04-01,S02,S02-L04,1,running,178.2038,517.916,98.5113,40.7584,-0.2168,A,relation-reasoning-agent-eval-v3.1
2026-08-26T15:40:00+09:00,CMP-S02-L05-01,S02,S02-L05,1,running,191.118,437.8227,101.1201,35.2633,-0.9392,A,relation-reasoning-agent-eval-v3.1
2026-08-26T15:50:00+09:00,CMP-S02-L01-01,S02,S02-L01,1,running,161.8237,366.0523,107.0203,39.6294,0.0933,A,relation-reasoning-agent-eval-v3.1
2026-08-26T15:50:00+09:00,CMP-S02-L02-01,S02,S02-L02,1,running,193.1403,484.9034,105.758,23.894,-3.009,D,relation-reasoning-agent-eval-v3.1
2026-08-26T15:50:00+09:00,CMP-S02-L03-01,S02,S02-L03,1,running,169.717,445.4609,108.9993,41.951,0.057,A,relation-reasoning-agent-eval-v3.1
2026-08-26T15:50:00+09:00,CMP-S02-L04-01,S02,S02-L04,1,running,165.5874,474.0184,94.7415,45.3119,0.6264,A,relation-reasoning-agent-eval-v3.1
2026-08-26T15:50:00+09:00,CMP-S02-L05-01,S02,S02-L05,1,running,173.8477,449.2807,102.9319,30.1443,-1.8872,B,relation-reasoning-agent-eval-v3.1
2026-08-26T16:00:00+09:00,CMP-S02-L01-01,S02,S02-L01,1,running,157.5715,401.9725,101.7424,36.3259,-0.5185,A,relation-reasoning-agent-eval-v3.1
2026-08-26T16:00:00+09:00,CMP-S02-L02-01,S02,S02-L02,1,running,184.0028,467.6943,107.2286,24.7179,-2.8564,C,relation-reasoning-agent-eval-v3.1
2026-08-26T16:00:00+09:00,CMP-S02-L03-01,S02,S02-L03,1,running,169.2587,471.319,106.4816,46.168,0.8379,A,relation-reasoning-agent-eval-v3.1
2026-08-26T16:00:00+09:00,CMP-S02-L04-01,S02,S02-L04,1,running,170.6494,463.5018,99.7876,39.3783,-0.4724,A,relation-reasoning-agent-eval-v3.1
2026-08-26T16:00:00+09:00,CMP-S02-L05-01,S02,S02-L05,1,running,182.0695,503.1382,101.4633,38.2533,-0.3855,A,relation-reasoning-agent-eval-v3.1
2026-08-26T16:10:00+09:00,CMP-S02-L01-01,S02,S02-L01,1,running,150.2073,384.8597,104.3116,38.5541,-0.1058,A,relation-reasoning-agent-eval-v3.1
2026-08-26T16:10:00+09:00,CMP-S02-L02-01,S02,S02-L02,1,running,169.192,442.0824,109.0573,33.9993,-1.1377,B,relation-reasoning-agent-eval-v3.1
2026-08-26T16:10:00+09:00,CMP-S02-L03-01,S02,S02-L03,1,running,169.2163,449.4279,113.6171,42.3251,0.1263,A,relation-reasoning-agent-eval-v3.1
2026-08-26T16:10:00+09:00,CMP-S02-L04-01,S02,S02-L04,1,running,167.9727,473.8354,98.9716,34.7283,-1.3335,B,relation-reasoning-agent-eval-v3.1
2026-08-26T16:10:00+09:00,CMP-S02-L05-01,S02,S02-L05,1,running,180.4682,508.7572,99.93,40.0227,-0.0578,A,relation-reasoning-agent-eval-v3.1
2026-08-26T16:20:00+09:00,CMP-S02-L01-01,S02,S02-L01,1,running,158.1473,457.4808,104.6741,38.9659,-0.0296,A,relation-reasoning-agent-eval-v3.1
2026-08-26T16:20:00+09:00,CMP-S02-L02-01,S02,S02-L02,1,running,175.1829,458.3131,104.2918,31.0097,-1.6913,B,relation-reasoning-agent-eval-v3.1
2026-08-26T16:20:00+09:00,CMP-S02-L03-01,S02,S02-L03,1,running,167.7482,434.8402,114.1478,38.9115,-0.5059,A,relation-reasoning-agent-eval-v3.1
2026-08-26T16:20:00+09:00,CMP-S02-L04-01,S02,S02-L04,1,running,181.0602,465.2961,95.2225,40.1227,-0.3345,A,relation-reasoning-agent-eval-v3.1
2026-08-26T16:20:00+09:00,CMP-S02-L05-01,S02,S02-L05,1,running,190.3763,475.3914,102.4953,45.5109,0.9585,A,relation-reasoning-agent-eval-v3.1
2026-08-26T16:30:00+09:00,CMP-S02-L01-01,S02,S02-L01,1,running,170.813,447.0767,115.8125,37.2806,-0.3417,A,relation-reasoning-agent-eval-v3.1
2026-08-26T16:30:00+09:00,CMP-S02-L02-01,S02,S02-L02,1,running,169.4376,460.2817,100.5431,29.5195,-1.9673,B,relation-reasoning-agent-eval-v3.1
2026-08-26T16:30:00+09:00,CMP-S02-L03-01,S02,S02-L03,1,running,184.9325,450.0693,112.2134,33.7506,-1.4616,B,relation-reasoning-agent-eval-v3.1
2026-08-26T16:30:00+09:00,CMP-S02-L04-01,S02,S02-L04,1,running,172.1713,404.2143,97.1283,45.8334,0.723,A,relation-reasoning-agent-eval-v3.1
2026-08-26T16:30:00+09:00,CMP-S02-L05-01,S02,S02-L05,1,running,186.7648,473.1201,99.3121,40.4866,0.0281,A,relation-reasoning-agent-eval-v3.1
2026-08-26T16:40:00+09:00,CMP-S02-L01-01,S02,S02-L01,1,running,163.5414,433.2093,115.8375,38.5207,-0.112,A,relation-reasoning-agent-eval-v3.1
2026-08-26T16:40:00+09:00,CMP-S02-L02-01,S02,S02-L02,1,running,188.0599,482.5621,97.4747,32.5171,-1.4121,B,relation-reasoning-agent-eval-v3.1
2026-08-26T16:40:00+09:00,CMP-S02-L03-01,S02,S02-L03,1,running,199.2581,480.9031,107.8593,33.6214,-1.4855,B,relation-reasoning-agent-eval-v3.1
2026-08-26T16:40:00+09:00,CMP-S02-L04-01,S02,S02-L04,1,running,180.2838,405.7349,101.3031,42.0854,0.0289,A,relation-reasoning-agent-eval-v3.1
2026-08-26T16:40:00+09:00,CMP-S02-L05-01,S02,S02-L05,1,running,181.2069,466.4093,98.6657,37.8059,-0.4684,A,relation-reasoning-agent-eval-v3.1
2026-08-26T16:50:00+09:00,CMP-S02-L01-01,S02,S02-L01,1,running,144.9564,452.7172,110.24,33.8432,-0.9782,A,relation-reasoning-agent-eval-v3.1
2026-08-26T16:50:00+09:00,CMP-S02-L02-01,S02,S02-L02,1,running,183.8636,463.9727,95.1977,30.1422,-1.8519,B,relation-reasoning-agent-eval-v3.1
2026-08-26T16:50:00+09:00,CMP-S02-L03-01,S02,S02-L03,1,running,191.0923,402.9879,101.2665,36.5198,-0.9488,A,relation-reasoning-agent-eval-v3.1
2026-08-26T16:50:00+09:00,CMP-S02-L04-01,S02,S02-L04,1,running,171.7603,412.2948,101.0609,50.6943,1.6232,B,relation-reasoning-agent-eval-v3.1
2026-08-26T16:50:00+09:00,CMP-S02-L05-01,S02,S02-L05,1,running,168.5854,515.8824,93.2216,36.4859,-0.7128,A,relation-reasoning-agent-eval-v3.1
2026-08-26T17:00:00+09:00,CMP-S02-L01-01,S02,S02-L01,1,running,162.741,507.1098,99.32,34.8959,-0.7833,A,relation-reasoning-agent-eval-v3.1
2026-08-26T17:00:00+09:00,CMP-S02-L02-01,S02,S02-L02,1,running,190.4299,445.0509,98.3789,32.1868,-1.4733,B,relation-reasoning-agent-eval-v3.1
2026-08-26T17:00:00+09:00,CMP-S02-L03-01,S02,S02-L03,1,running,198.1236,409.9964,108.2202,36.2763,-0.9939,A,relation-reasoning-agent-eval-v3.1
2026-08-26T17:00:00+09:00,CMP-S02-L04-01,S02,S02-L04,1,running,175.0661,445.6623,101.8231,43.1897,0.2334,A,relation-reasoning-agent-eval-v3.1
2026-08-26T17:00:00+09:00,CMP-S02-L05-01,S02,S02-L05,1,running,150.6578,545.2176,92.0674,38.0975,-0.4143,A,relation-reasoning-agent-eval-v3.1
2026-08-26T17:10:00+09:00,CMP-S02-L01-01,S02,S02-L01,1,running,166.4114,454.0363,95.2809,39.6637,0.0996,A,relation-reasoning-agent-eval-v3.1
2026-08-26T17:10:00+09:00,CMP-S02-L02-01,S02,S02-L02,1,running,185.978,470.212,106.6402,37.1878,-0.5472,A,relation-reasoning-agent-eval-v3.1
2026-08-26T17:10:00+09:00,CMP-S02-L03-01,S02,S02-L03,1,running,197.0226,397.989,102.4665,39.0061,-0.4884,A,relation-reasoning-agent-eval-v3.1
2026-08-26T17:10:00+09:00,CMP-S02-L04-01,S02,S02-L04,1,running,172.8457,451.7347,104.179,40.1519,-0.3291,A,relation-reasoning-agent-eval-v3.1
2026-08-26T17:10:00+09:00,CMP-S02-L05-01,S02,S02-L05,1,running,161.1228,516.8399,87.9588,34.9628,-0.9948,A,relation-reasoning-agent-eval-v3.1
2026-08-26T17:20:00+09:00,CMP-S02-L01-01,S02,S02-L01,1,running,172.3737,478.7767,97.4279,38.7026,-0.0783,A,relation-reasoning-agent-eval-v3.1
2026-08-26T17:20:00+09:00,CMP-S02-L02-01,S02,S02-L02,1,running,181.2746,424.1941,101.9418,37.7582,-0.4416,A,relation-reasoning-agent-eval-v3.1
2026-08-26T17:20:00+09:00,CMP-S02-L03-01,S02,S02-L03,1,running,188.8781,379.9494,98.6104,41.0128,-0.1167,A,relation-reasoning-agent-eval-v3.1
2026-08-26T17:20:00+09:00,CMP-S02-L04-01,S02,S02-L04,1,running,169.4853,465.9394,103.513,40.0499,-0.348,A,relation-reasoning-agent-eval-v3.1
2026-08-26T17:20:00+09:00,CMP-S02-L05-01,S02,S02-L05,1,running,172.6847,522.6243,87.7274,40.216,-0.022,A,relation-reasoning-agent-eval-v3.1
2026-08-26T17:30:00+09:00,CMP-S02-L01-01,S02,S02-L01,1,running,179.7186,467.5248,97.1302,42.473,0.6199,A,relation-reasoning-agent-eval-v3.1
2026-08-26T17:30:00+09:00,CMP-S02-L02-01,S02,S02-L02,1,running,167.4468,447.2495,103.6871,32.9606,-1.33,B,relation-reasoning-agent-eval-v3.1
2026-08-26T17:30:00+09:00,CMP-S02-L03-01,S02,S02-L03,1,running,175.6395,374.6772,102.3931,44.5789,0.5437,A,relation-reasoning-agent-eval-v3.1
2026-08-26T17:30:00+09:00,CMP-S02-L04-01,S02,S02-L04,1,running,146.9293,481.3019,103.2113,40.0416,-0.3495,A,relation-reasoning-agent-eval-v3.1
2026-08-26T17:30:00+09:00,CMP-S02-L05-01,S02,S02-L05,1,running,187.6333,471.2797,87.5412,40.2348,-0.0186,A,relation-reasoning-agent-eval-v3.1
2026-08-26T17:40:00+09:00,CMP-S02-L01-01,S02,S02-L01,1,running,168.3768,527.6443,98.7111,42.3147,0.5906,A,relation-reasoning-agent-eval-v3.1
2026-08-26T17:40:00+09:00,CMP-S02-L02-01,S02,S02-L02,1,running,181.4634,438.5647,102.0806,36.7445,-0.6293,A,relation-reasoning-agent-eval-v3.1
2026-08-26T17:40:00+09:00,CMP-S02-L03-01,S02,S02-L03,1,running,184.7988,415.0922,100.5069,40.7112,-0.1726,A,relation-reasoning-agent-eval-v3.1
2026-08-26T17:40:00+09:00,CMP-S02-L04-01,S02,S02-L04,1,running,149.4574,522.6765,101.3476,40.6169,-0.243,A,relation-reasoning-agent-eval-v3.1
2026-08-26T17:40:00+09:00,CMP-S02-L05-01,S02,S02-L05,1,running,179.1258,529.4832,90.0542,38.277,-0.3811,A,relation-reasoning-agent-eval-v3.1
2026-08-26T17:50:00+09:00,CMP-S02-L01-01,S02,S02-L01,1,running,165.0567,486.2223,91.5927,42.4391,0.6136,A,relation-reasoning-agent-eval-v3.1
2026-08-26T17:50:00+09:00,CMP-S02-L02-01,S02,S02-L02,1,running,178.8032,463.3453,101.8153,41.091,0.1756,A,relation-reasoning-agent-eval-v3.1
2026-08-26T17:50:00+09:00,CMP-S02-L03-01,S02,S02-L03,1,running,185.7033,449.007,107.8977,35.6522,-1.1094,B,relation-reasoning-agent-eval-v3.1
2026-08-26T17:50:00+09:00,CMP-S02-L04-01,S02,S02-L04,1,running,169.118,502.4866,103.7896,46.5029,0.847,A,relation-reasoning-agent-eval-v3.1
2026-08-26T17:50:00+09:00,CMP-S02-L05-01,S02,S02-L05,1,running,184.9164,510.5714,87.5722,29.9908,-1.9156,B,relation-reasoning-agent-eval-v3.1
2026-08-26T18:00:00+09:00,CMP-S02-L01-01,S02,S02-L01,1,running,174.0691,491.0478,103.2453,37.692,-0.2655,A,relation-reasoning-agent-eval-v3.1
2026-08-26T18:00:00+09:00,CMP-S02-L02-01,S02,S02-L02,1,running,190.3883,455.7939,100.4314,41.4206,0.2366,A,relation-reasoning-agent-eval-v3.1
2026-08-26T18:00:00+09:00,CMP-S02-L03-01,S02,S02-L03,1,running,174.3348,440.5464,107.6193,36.358,-0.9787,A,relation-reasoning-agent-eval-v3.1
2026-08-26T18:00:00+09:00,CMP-S02-L04-01,S02,S02-L04,1,running,184.5626,482.2198,100.0313,40.3712,-0.2885,A,relation-reasoning-agent-eval-v3.1
2026-08-26T18:00:00+09:00,CMP-S02-L05-01,S02,S02-L05,1,running,190.0084,529.0346,87.2692,30.2045,-1.876,B,relation-reasoning-agent-eval-v3.1
2026-08-26T18:10:00+09:00,CMP-S02-L01-01,S02,S02-L01,1,running,179.4622,461.0672,99.665,38.3647,-0.1409,A,relation-reasoning-agent-eval-v3.1
2026-08-26T18:10:00+09:00,CMP-S02-L02-01,S02,S02-L02,1,running,193.0977,449.4265,97.5631,37.3421,-0.5186,A,relation-reasoning-agent-eval-v3.1
2026-08-26T18:10:00+09:00,CMP-S02-L03-01,S02,S02-L03,1,running,173.2743,398.4462,113.2184,37.7676,-0.7177,A,relation-reasoning-agent-eval-v3.1
2026-08-26T18:10:00+09:00,CMP-S02-L04-01,S02,S02-L04,1,running,181.8532,467.821,97.2238,40.3518,-0.2921,A,relation-reasoning-agent-eval-v3.1
2026-08-26T18:10:00+09:00,CMP-S02-L05-01,S02,S02-L05,1,running,206.0592,516.759,93.3161,34.3099,-1.1158,B,relation-reasoning-agent-eval-v3.1
2026-08-26T18:20:00+09:00,CMP-S02-L01-01,S02,S02-L01,1,running,170.7636,475.2721,99.1219,35.9896,-0.5808,A,relation-reasoning-agent-eval-v3.1
2026-08-26T18:20:00+09:00,CMP-S02-L02-01,S02,S02-L02,1,running,195.1366,427.4066,94.9511,36.6122,-0.6538,A,relation-reasoning-agent-eval-v3.1
2026-08-26T18:20:00+09:00,CMP-S02-L03-01,S02,S02-L03,1,running,152.1592,393.4466,111.2325,36.1169,-1.0234,B,relation-reasoning-agent-eval-v3.1
2026-08-26T18:20:00+09:00,CMP-S02-L04-01,S02,S02-L04,1,running,188.0192,474.9465,104.5304,48.4505,1.2077,B,relation-reasoning-agent-eval-v3.1
2026-08-26T18:20:00+09:00,CMP-S02-L05-01,S02,S02-L05,1,running,187.7097,508.8743,96.7398,31.3744,-1.6594,B,relation-reasoning-agent-eval-v3.1
2026-08-26T18:30:00+09:00,CMP-S02-L01-01,S02,S02-L01,1,running,160.7995,486.5412,99.1222,36.3801,-0.5084,A,relation-reasoning-agent-eval-v3.1
2026-08-26T18:30:00+09:00,CMP-S02-L02-01,S02,S02-L02,1,running,184.5063,460.9251,98.6974,35.4829,-0.8629,A,relation-reasoning-agent-eval-v3.1
2026-08-26T18:30:00+09:00,CMP-S02-L03-01,S02,S02-L03,1,running,156.1252,378.8205,109.4193,38.8514,-0.517,A,relation-reasoning-agent-eval-v3.1
2026-08-26T18:30:00+09:00,CMP-S02-L04-01,S02,S02-L04,1,running,191.5414,423.5382,101.9941,49.2576,1.3572,B,relation-reasoning-agent-eval-v3.1
2026-08-26T18:30:00+09:00,CMP-S02-L05-01,S02,S02-L05,1,running,195.5915,467.2467,94.3859,29.426,-2.0202,C,relation-reasoning-agent-eval-v3.1
2026-08-26T18:40:00+09:00,CMP-S02-L01-01,S02,S02-L01,1,running,139.7163,458.6031,101.298,37.4046,-0.3187,A,relation-reasoning-agent-eval-v3.1
2026-08-26T18:40:00+09:00,CMP-S02-L02-01,S02,S02-L02,1,running,198.3492,475.9698,98.0094,32.9324,-1.3352,B,relation-reasoning-agent-eval-v3.1
2026-08-26T18:40:00+09:00,CMP-S02-L03-01,S02,S02-L03,1,running,159.8766,409.0882,102.4187,38.5191,-0.5785,A,relation-reasoning-agent-eval-v3.1
2026-08-26T18:40:00+09:00,CMP-S02-L04-01,S02,S02-L04,1,running,182.4719,490.233,96.8736,47.461,1.0244,B,relation-reasoning-agent-eval-v3.1
2026-08-26T18:40:00+09:00,CMP-S02-L05-01,S02,S02-L05,1,running,180.4183,432.05,98.877,30.3601,-1.8472,B,relation-reasoning-agent-eval-v3.1
2026-08-26T18:50:00+09:00,CMP-S02-L01-01,S02,S02-L01,1,running,120.7791,480.3788,103.0502,33.404,-1.0596,B,relation-reasoning-agent-eval-v3.1
2026-08-26T18:50:00+09:00,CMP-S02-L02-01,S02,S02-L02,1,running,187.0001,432.0347,96.257,29.6372,-1.9455,B,relation-reasoning-agent-eval-v3.1
2026-08-26T18:50:00+09:00,CMP-S02-L03-01,S02,S02-L03,1,running,187.3041,386.0617,100.8547,40.1257,-0.281,A,relation-reasoning-agent-eval-v3.1
2026-08-26T18:50:00+09:00,CMP-S02-L04-01,S02,S02-L04,1,running,158.6028,450.3296,94.6519,46.8081,0.9036,A,relation-reasoning-agent-eval-v3.1
2026-08-26T18:50:00+09:00,CMP-S02-L05-01,S02,S02-L05,1,running,192.4307,464.4681,93.0952,29.7521,-1.9598,B,relation-reasoning-agent-eval-v3.1
2026-08-26T19:00:00+09:00,CMP-S02-L01-01,S02,S02-L01,1,running,147.8556,470.5497,96.0485,36.5877,-0.47,A,relation-reasoning-agent-eval-v3.1
2026-08-26T19:00:00+09:00,CMP-S02-L02-01,S02,S02-L02,1,running,184.6159,479.1168,98.7832,34.197,-1.1011,B,relation-reasoning-agent-eval-v3.1
2026-08-26T19:00:00+09:00,CMP-S02-L03-01,S02,S02-L03,1,running,172.7336,370.8824,99.9514,37.4024,-0.7853,A,relation-reasoning-agent-eval-v3.1
2026-08-26T19:00:00+09:00,CMP-S02-L04-01,S02,S02-L04,1,running,156.8286,456.8639,97.34,48.4974,1.2163,B,relation-reasoning-agent-eval-v3.1
2026-08-26T19:00:00+09:00,CMP-S02-L05-01,S02,S02-L05,1,running,188.9236,478.6121,93.8479,27.9046,-2.3019,C,relation-reasoning-agent-eval-v3.1
2026-08-26T19:10:00+09:00,CMP-S02-L01-01,S02,S02-L01,1,running,148.1595,445.6401,94.6688,34.3376,-0.8867,A,relation-reasoning-agent-eval-v3.1
2026-08-26T19:10:00+09:00,CMP-S02-L02-01,S02,S02-L02,1,running,191.8276,488.85,97.081,34.8277,-0.9843,A,relation-reasoning-agent-eval-v3.1
2026-08-26T19:10:00+09:00,CMP-S02-L03-01,S02,S02-L03,1,running,162.881,381.3488,100.5601,39.8753,-0.3274,A,relation-reasoning-agent-eval-v3.1
2026-08-26T19:10:00+09:00,CMP-S02-L04-01,S02,S02-L04,1,running,160.631,501.164,100.3937,49.8813,1.4726,B,relation-reasoning-agent-eval-v3.1
2026-08-26T19:10:00+09:00,CMP-S02-L05-01,S02,S02-L05,1,running,165.1138,525.9133,92.1035,34.2689,-1.1234,B,relation-reasoning-agent-eval-v3.1
2026-08-26T19:20:00+09:00,CMP-S02-L01-01,S02,S02-L01,1,running,171.4467,458.4901,94.0532,39.2332,0.0199,A,relation-reasoning-agent-eval-v3.1
2026-08-26T19:20:00+09:00,CMP-S02-L02-01,S02,S02-L02,1,running,188.7499,481.4841,97.1471,37.7582,-0.4416,A,relation-reasoning-agent-eval-v3.1
2026-08-26T19:20:00+09:00,CMP-S02-L03-01,S02,S02-L03,1,running,159.9497,370.7733,92.781,43.7565,0.3914,A,relation-reasoning-agent-eval-v3.1
2026-08-26T19:20:00+09:00,CMP-S02-L04-01,S02,S02-L04,1,running,153.9515,493.2884,102.3872,44.0071,0.3848,A,relation-reasoning-agent-eval-v3.1
2026-08-26T19:20:00+09:00,CMP-S02-L05-01,S02,S02-L05,1,running,160.937,494.1438,90.7069,31.2434,-1.6836,B,relation-reasoning-agent-eval-v3.1
2026-08-26T19:30:00+09:00,CMP-S02-L01-01,S02,S02-L01,1,running,162.8598,483.8709,95.2094,43.3388,0.7802,A,relation-reasoning-agent-eval-v3.1
2026-08-26T19:30:00+09:00,CMP-S02-L02-01,S02,S02-L02,1,running,190.0051,457.3462,90.2787,36.0859,-0.7513,A,relation-reasoning-agent-eval-v3.1
2026-08-26T19:30:00+09:00,CMP-S02-L03-01,S02,S02-L03,1,running,166.9209,376.7046,95.7661,40.3966,-0.2309,A,relation-reasoning-agent-eval-v3.1
2026-08-26T19:30:00+09:00,CMP-S02-L04-01,S02,S02-L04,1,running,170.6144,483.2363,98.9103,43.9669,0.3774,A,relation-reasoning-agent-eval-v3.1
2026-08-26T19:30:00+09:00,CMP-S02-L05-01,S02,S02-L05,1,running,182.1284,496.1851,95.0906,33.2211,-1.3174,B,relation-reasoning-agent-eval-v3.1
2026-08-26T19:40:00+09:00,CMP-S02-L01-01,S02,S02-L01,1,running,144.0026,449.645,96.3265,51.087,2.2151,C,relation-reasoning-agent-eval-v3.1
2026-08-26T19:40:00+09:00,CMP-S02-L02-01,S02,S02-L02,1,running,202.7277,424.4612,97.8939,34.2151,-1.0977,B,relation-reasoning-agent-eval-v3.1
2026-08-26T19:40:00+09:00,CMP-S02-L03-01,S02,S02-L03,1,running,170.0317,429.0876,98.4025,41.0644,-0.1072,A,relation-reasoning-agent-eval-v3.1
2026-08-26T19:40:00+09:00,CMP-S02-L04-01,S02,S02-L04,1,running,152.9959,493.7261,95.4586,47.2217,0.9802,A,relation-reasoning-agent-eval-v3.1
2026-08-26T19:40:00+09:00,CMP-S02-L05-01,S02,S02-L05,1,running,177.0166,503.6164,91.6238,33.3367,-1.296,B,relation-reasoning-agent-eval-v3.1
2026-08-26T19:50:00+09:00,CMP-S02-L01-01,S02,S02-L01,1,running,154.1029,437.2034,101.012,42.8492,0.6895,A,relation-reasoning-agent-eval-v3.1
2026-08-26T19:50:00+09:00,CMP-S02-L02-01,S02,S02-L02,1,running,209.7732,368.2568,97.1244,35.4684,-0.8656,A,relation-reasoning-agent-eval-v3.1
2026-08-26T19:50:00+09:00,CMP-S02-L03-01,S02,S02-L03,1,running,187.985,395.3459,95.3786,37.8039,-0.711,A,relation-reasoning-agent-eval-v3.1
2026-08-26T19:50:00+09:00,CMP-S02-L04-01,S02,S02-L04,1,running,166.1557,484.5772,98.483,43.5717,0.3042,A,relation-reasoning-agent-eval-v3.1
2026-08-26T19:50:00+09:00,CMP-S02-L05-01,S02,S02-L05,1,running,186.0134,487.4309,100.7322,41.5453,0.2241,A,relation-reasoning-agent-eval-v3.1
2026-08-26T20:00:00+09:00,CMP-S02-L01-01,S02,S02-L01,1,running,173.3732,504.1258,99.9218,43.6444,0.8368,A,relation-reasoning-agent-eval-v3.1
2026-08-26T20:00:00+09:00,CMP-S02-L02-01,S02,S02-L02,1,running,185.9653,417.4682,98.522,36.4824,-0.6778,A,relation-reasoning-agent-eval-v3.1
2026-08-26T20:00:00+09:00,CMP-S02-L03-01,S02,S02-L03,1,running,194.5059,406.4747,96.4664,42.6969,0.1951,A,relation-reasoning-agent-eval-v3.1
2026-08-26T20:00:00+09:00,CMP-S02-L04-01,S02,S02-L04,1,running,154.7144,462.1276,99.4323,36.8073,-0.9485,A,relation-reasoning-agent-eval-v3.1
2026-08-26T20:00:00+09:00,CMP-S02-L05-01,S02,S02-L05,1,running,185.0266,519.37,88.8881,43.1146,0.5147,A,relation-reasoning-agent-eval-v3.1
2026-08-26T20:10:00+09:00,CMP-S02-L01-01,S02,S02-L01,1,running,172.4665,508.1787,96.6469,47.9732,1.6384,B,relation-reasoning-agent-eval-v3.1
2026-08-26T20:10:00+09:00,CMP-S02-L02-01,S02,S02-L02,1,running,186.4463,449.3314,100.3717,36.6474,-0.6473,A,relation-reasoning-agent-eval-v3.1
2026-08-26T20:10:00+09:00,CMP-S02-L03-01,S02,S02-L03,1,running,195.5046,412.7552,105.7,43.3103,0.3087,A,relation-reasoning-agent-eval-v3.1
2026-08-26T20:10:00+09:00,CMP-S02-L04-01,S02,S02-L04,1,running,165.6243,433.434,99.1229,37.146,-0.8858,A,relation-reasoning-agent-eval-v3.1
2026-08-26T20:10:00+09:00,CMP-S02-L05-01,S02,S02-L05,1,running,196.0221,490.3454,85.6048,42.433,0.3885,A,relation-reasoning-agent-eval-v3.1
2026-08-26T20:20:00+09:00,CMP-S02-L01-01,S02,S02-L01,1,running,191.0639,514.4147,103.7889,42.0437,0.5404,A,relation-reasoning-agent-eval-v3.1
2026-08-26T20:20:00+09:00,CMP-S02-L02-01,S02,S02-L02,1,running,185.2354,456.8366,96.2322,30.7547,-1.7385,B,relation-reasoning-agent-eval-v3.1
2026-08-26T20:20:00+09:00,CMP-S02-L03-01,S02,S02-L03,1,running,201.1158,400.8156,103.9385,40.4924,-0.2131,A,relation-reasoning-agent-eval-v3.1
2026-08-26T20:20:00+09:00,CMP-S02-L04-01,S02,S02-L04,1,running,157.7869,435.5497,101.4024,39.5647,-0.4379,A,relation-reasoning-agent-eval-v3.1
2026-08-26T20:20:00+09:00,CMP-S02-L05-01,S02,S02-L05,1,running,175.5264,459.6759,95.9849,40.7526,0.0773,A,relation-reasoning-agent-eval-v3.1
2026-08-26T20:30:00+09:00,CMP-S02-L01-01,S02,S02-L01,1,running,186.207,503.9878,104.3685,41.229,0.3895,A,relation-reasoning-agent-eval-v3.1
2026-08-26T20:30:00+09:00,CMP-S02-L02-01,S02,S02-L02,1,running,181.5667,500.3208,106.8867,29.7718,-1.9205,B,relation-reasoning-agent-eval-v3.1
2026-08-26T20:30:00+09:00,CMP-S02-L03-01,S02,S02-L03,1,running,183.4581,500.9807,107.7365,44.1088,0.4566,A,relation-reasoning-agent-eval-v3.1
2026-08-26T20:30:00+09:00,CMP-S02-L04-01,S02,S02-L04,1,running,155.1303,431.5854,104.4213,44.3674,0.4515,A,relation-reasoning-agent-eval-v3.1
2026-08-26T20:30:00+09:00,CMP-S02-L05-01,S02,S02-L05,1,running,181.3089,447.6697,91.9419,37.2258,-0.5758,A,relation-reasoning-agent-eval-v3.1
2026-08-26T20:40:00+09:00,CMP-S02-L01-01,S02,S02-L01,1,running,188.863,514.0844,97.8301,40.4001,0.236,A,relation-reasoning-agent-eval-v3.1
2026-08-26T20:40:00+09:00,CMP-S02-L02-01,S02,S02-L02,1,running,177.9249,487.3497,105.3609,35.7494,-0.8136,A,relation-reasoning-agent-eval-v3.1
2026-08-26T20:40:00+09:00,CMP-S02-L03-01,S02,S02-L03,1,running,165.2375,509.4168,105.1807,43.1263,0.2747,A,relation-reasoning-agent-eval-v3.1
2026-08-26T20:40:00+09:00,CMP-S02-L04-01,S02,S02-L04,1,running,167.3254,446.4394,101.3826,45.1524,0.5969,A,relation-reasoning-agent-eval-v3.1
2026-08-26T20:40:00+09:00,CMP-S02-L05-01,S02,S02-L05,1,running,176.364,439.4223,98.623,39.4371,-0.1663,A,relation-reasoning-agent-eval-v3.1
2026-08-26T20:50:00+09:00,CMP-S02-L01-01,S02,S02-L01,1,running,166.6041,483.8047,99.0854,40.8832,0.3255,A,relation-reasoning-agent-eval-v3.1
2026-08-26T20:50:00+09:00,CMP-S02-L02-01,S02,S02-L02,1,running,186.5978,409.8173,105.9664,33.4342,-1.2423,B,relation-reasoning-agent-eval-v3.1
2026-08-26T20:50:00+09:00,CMP-S02-L03-01,S02,S02-L03,1,running,168.9054,458.4691,111.5901,47.295,1.0466,B,relation-reasoning-agent-eval-v3.1
2026-08-26T20:50:00+09:00,CMP-S02-L04-01,S02,S02-L04,1,running,173.7747,422.0356,99.5095,42.4247,0.0918,A,relation-reasoning-agent-eval-v3.1
2026-08-26T20:50:00+09:00,CMP-S02-L05-01,S02,S02-L05,1,running,177.6674,499.965,94.5294,37.716,-0.485,A,relation-reasoning-agent-eval-v3.1
2026-08-26T21:00:00+09:00,CMP-S02-L01-01,S02,S02-L01,1,running,185.4531,459.1046,89.9464,42.8374,0.6874,A,relation-reasoning-agent-eval-v3.1
2026-08-26T21:00:00+09:00,CMP-S02-L02-01,S02,S02-L02,1,running,191.3944,388.9838,106.3367,31.8587,-1.5341,B,relation-reasoning-agent-eval-v3.1
2026-08-26T21:00:00+09:00,CMP-S02-L03-01,S02,S02-L03,1,running,173.7337,462.5434,106.6001,43.4746,0.3391,A,relation-reasoning-agent-eval-v3.1
2026-08-26T21:00:00+09:00,CMP-S02-L04-01,S02,S02-L04,1,running,172.1509,436.8892,97.4618,47.1819,0.9727,A,relation-reasoning-agent-eval-v3.1
2026-08-26T21:00:00+09:00,CMP-S02-L05-01,S02,S02-L05,1,running,188.714,468.8845,89.727,39.0596,-0.2362,A,relation-reasoning-agent-eval-v3.1
2026-08-26T21:10:00+09:00,CMP-S02-L01-01,S02,S02-L01,1,running,166.5591,444.9254,93.0674,42.0692,0.5451,A,relation-reasoning-agent-eval-v3.1
2026-08-26T21:10:00+09:00,CMP-S02-L02-01,S02,S02-L02,1,running,195.3534,420.677,107.5713,33.1032,-1.3036,B,relation-reasoning-agent-eval-v3.1
2026-08-26T21:10:00+09:00,CMP-S02-L03-01,S02,S02-L03,1,running,197.2918,460.5537,99.9666,44.3313,0.4978,A,relation-reasoning-agent-eval-v3.1
2026-08-26T21:10:00+09:00,CMP-S02-L04-01,S02,S02-L04,1,running,171.243,466.375,89.2826,40.5051,-0.2637,A,relation-reasoning-agent-eval-v3.1
2026-08-26T21:10:00+09:00,CMP-S02-L05-01,S02,S02-L05,1,running,180.5777,446.1452,93.6642,36.7557,-0.6628,A,relation-reasoning-agent-eval-v3.1
2026-08-26T21:20:00+09:00,CMP-S02-L01-01,S02,S02-L01,1,running,178.4539,472.4242,92.1927,35.9152,-0.5945,A,relation-reasoning-agent-eval-v3.1
2026-08-26T21:20:00+09:00,CMP-S02-L02-01,S02,S02-L02,1,running,187.4226,416.3424,99.3876,32.048,-1.499,B,relation-reasoning-agent-eval-v3.1
2026-08-26T21:20:00+09:00,CMP-S02-L03-01,S02,S02-L03,1,running,191.7652,467.9106,104.0848,40.8449,-0.1478,A,relation-reasoning-agent-eval-v3.1
2026-08-26T21:20:00+09:00,CMP-S02-L04-01,S02,S02-L04,1,running,165.0796,482.3184,87.0899,36.3171,-1.0393,B,relation-reasoning-agent-eval-v3.1
2026-08-26T21:20:00+09:00,CMP-S02-L05-01,S02,S02-L05,1,running,193.0998,438.3539,94.4878,42.7779,0.4524,A,relation-reasoning-agent-eval-v3.1
2026-08-26T21:30:00+09:00,CMP-S02-L01-01,S02,S02-L01,1,running,175.0966,493.3636,90.6758,31.2605,-1.4565,B,relation-reasoning-agent-eval-v3.1
2026-08-26T21:30:00+09:00,CMP-S02-L02-01,S02,S02-L02,1,running,181.1422,396.1477,103.432,31.4681,-1.6064,B,relation-reasoning-agent-eval-v3.1
2026-08-26T21:30:00+09:00,CMP-S02-L03-01,S02,S02-L03,1,running,178.0782,455.8115,103.829,35.673,-1.1056,B,relation-reasoning-agent-eval-v3.1
2026-08-26T21:30:00+09:00,CMP-S02-L04-01,S02,S02-L04,1,running,170.7183,459.1821,89.2664,40.6763,-0.232,A,relation-reasoning-agent-eval-v3.1
2026-08-26T21:30:00+09:00,CMP-S02-L05-01,S02,S02-L05,1,running,188.5207,443.2719,102.4303,42.5066,0.4021,A,relation-reasoning-agent-eval-v3.1
2026-08-26T21:40:00+09:00,CMP-S02-L01-01,S02,S02-L01,1,running,178.7276,470.8102,92.5671,32.8791,-1.1568,B,relation-reasoning-agent-eval-v3.1
2026-08-26T21:40:00+09:00,CMP-S02-L02-01,S02,S02-L02,1,running,168.1462,419.5831,108.681,34.7486,-0.9989,A,relation-reasoning-agent-eval-v3.1
2026-08-26T21:40:00+09:00,CMP-S02-L03-01,S02,S02-L03,1,running,175.1234,441.3574,96.6232,33.1322,-1.5761,B,relation-reasoning-agent-eval-v3.1
2026-08-26T21:40:00+09:00,CMP-S02-L04-01,S02,S02-L04,1,running,161.1481,486.5381,88.9884,50.7732,1.6378,B,relation-reasoning-agent-eval-v3.1
2026-08-26T21:40:00+09:00,CMP-S02-L05-01,S02,S02-L05,1,running,188.9478,455.8388,103.033,43.451,0.577,A,relation-reasoning-agent-eval-v3.1
2026-08-26T21:50:00+09:00,CMP-S02-L01-01,S02,S02-L01,1,running,184.4244,510.7903,95.2607,36.0666,-0.5665,A,relation-reasoning-agent-eval-v3.1
2026-08-26T21:50:00+09:00,CMP-S02-L02-01,S02,S02-L02,1,running,163.4223,410.2312,97.9092,40.7604,0.1144,A,relation-reasoning-agent-eval-v3.1
2026-08-26T21:50:00+09:00,CMP-S02-L03-01,S02,S02-L03,1,running,181.4815,440.9633,98.3296,31.0026,-1.9705,B,relation-reasoning-agent-eval-v3.1
2026-08-26T21:50:00+09:00,CMP-S02-L04-01,S02,S02-L04,1,running,161.8403,474.461,96.3341,47.2061,0.9772,A,relation-reasoning-agent-eval-v3.1
2026-08-26T21:50:00+09:00,CMP-S02-L05-01,S02,S02-L05,1,running,150.2585,483.9462,104.2161,44.6211,0.7937,A,relation-reasoning-agent-eval-v3.1
2026-08-26T22:00:00+09:00,CMP-S02-L01-01,S02,S02-L01,1,running,173.4904,470.5346,95.3723,29.6785,-1.7495,B,relation-reasoning-agent-eval-v3.1
2026-08-26T22:00:00+09:00,CMP-S02-L02-01,S02,S02-L02,1,running,166.8501,408.3695,100.2849,37.8148,-0.4311,A,relation-reasoning-agent-eval-v3.1
2026-08-26T22:00:00+09:00,CMP-S02-L03-01,S02,S02-L03,1,running,191.0702,425.3461,101.0072,35.7262,-1.0957,B,relation-reasoning-agent-eval-v3.1
2026-08-26T22:00:00+09:00,CMP-S02-L04-01,S02,S02-L04,1,running,166.7504,465.6871,88.3881,42.9444,0.188,A,relation-reasoning-agent-eval-v3.1
2026-08-26T22:00:00+09:00,CMP-S02-L05-01,S02,S02-L05,1,running,166.714,499.7265,105.4213,42.2087,0.347,A,relation-reasoning-agent-eval-v3.1
2026-08-26T22:10:00+09:00,CMP-S02-L01-01,S02,S02-L01,1,running,172.842,476.8217,93.1133,33.8608,-0.975,A,relation-reasoning-agent-eval-v3.1
2026-08-26T22:10:00+09:00,CMP-S02-L02-01,S02,S02-L02,1,running,187.7319,470.7807,97.9305,42.3247,0.4041,A,relation-reasoning-agent-eval-v3.1
2026-08-26T22:10:00+09:00,CMP-S02-L03-01,S02,S02-L03,1,running,195.9928,419.5032,96.9977,36.7528,-0.9056,A,relation-reasoning-agent-eval-v3.1
2026-08-26T22:10:00+09:00,CMP-S02-L04-01,S02,S02-L04,1,running,166.1905,458.8985,87.113,37.3183,-0.8539,A,relation-reasoning-agent-eval-v3.1
2026-08-26T22:10:00+09:00,CMP-S02-L05-01,S02,S02-L05,1,running,156.6085,482.4679,99.2299,44.3668,0.7466,A,relation-reasoning-agent-eval-v3.1
2026-08-26T22:20:00+09:00,CMP-S02-L01-01,S02,S02-L01,1,running,172.483,484.1517,89.4087,39.3062,0.0334,A,relation-reasoning-agent-eval-v3.1
2026-08-26T22:20:00+09:00,CMP-S02-L02-01,S02,S02-L02,1,running,190.7844,528.7173,99.9815,41.4393,0.2401,A,relation-reasoning-agent-eval-v3.1
2026-08-26T22:20:00+09:00,CMP-S02-L03-01,S02,S02-L03,1,running,164.1011,453.6995,89.3947,38.857,-0.516,A,relation-reasoning-agent-eval-v3.1
2026-08-26T22:20:00+09:00,CMP-S02-L04-01,S02,S02-L04,1,running,164.6288,458.0304,88.445,42.3901,0.0854,A,relation-reasoning-agent-eval-v3.1
2026-08-26T22:20:00+09:00,CMP-S02-L05-01,S02,S02-L05,1,running,144.695,480.1645,103.7247,48.5819,1.5272,B,relation-reasoning-agent-eval-v3.1
2026-08-26T22:30:00+09:00,CMP-S02-L01-01,S02,S02-L01,1,running,169.5332,483.0594,94.7729,36.4103,-0.5028,A,relation-reasoning-agent-eval-v3.1
2026-08-26T22:30:00+09:00,CMP-S02-L02-01,S02,S02-L02,1,running,187.7731,505.1427,103.3344,39.2378,-0.1676,A,relation-reasoning-agent-eval-v3.1
2026-08-26T22:30:00+09:00,CMP-S02-L03-01,S02,S02-L03,1,running,172.2203,395.8377,96.1064,37.1615,-0.8299,A,relation-reasoning-agent-eval-v3.1
2026-08-26T22:30:00+09:00,CMP-S02-L04-01,S02,S02-L04,1,running,164.2017,412.6929,88.2918,42.6081,0.1257,A,relation-reasoning-agent-eval-v3.1
2026-08-26T22:30:00+09:00,CMP-S02-L05-01,S02,S02-L05,1,running,149.75,479.1019,100.7456,44.5472,0.78,A,relation-reasoning-agent-eval-v3.1
2026-08-26T22:40:00+09:00,CMP-S02-L01-01,S02,S02-L01,1,running,172.2693,471.1816,87.732,37.6924,-0.2654,A,relation-reasoning-agent-eval-v3.1
2026-08-26T22:40:00+09:00,CMP-S02-L02-01,S02,S02-L02,1,running,189.0555,506.6067,105.8494,36.9646,-0.5885,A,relation-reasoning-agent-eval-v3.1
2026-08-26T22:40:00+09:00,CMP-S02-L03-01,S02,S02-L03,1,running,176.0237,408.6599,94.1679,42.0966,0.084,A,relation-reasoning-agent-eval-v3.1
2026-08-26T22:40:00+09:00,CMP-S02-L04-01,S02,S02-L04,1,running,170.9422,437.7237,89.4872,45.7501,0.7076,A,relation-reasoning-agent-eval-v3.1
2026-08-26T22:40:00+09:00,CMP-S02-L05-01,S02,S02-L05,1,running,164.2562,509.3916,91.4501,47.7486,1.3729,B,relation-reasoning-agent-eval-v3.1
2026-08-26T22:50:00+09:00,CMP-S02-L01-01,S02,S02-L01,1,running,184.5392,462.2975,92.2289,37.7064,-0.2628,A,relation-reasoning-agent-eval-v3.1
2026-08-26T22:50:00+09:00,CMP-S02-L02-01,S02,S02-L02,1,running,185.7141,479.1651,102.0176,37.6898,-0.4542,A,relation-reasoning-agent-eval-v3.1
2026-08-26T22:50:00+09:00,CMP-S02-L03-01,S02,S02-L03,1,running,193.2734,421.0419,95.0282,44.3895,0.5086,A,relation-reasoning-agent-eval-v3.1
2026-08-26T22:50:00+09:00,CMP-S02-L04-01,S02,S02-L04,1,running,166.3072,413.1033,91.5874,51.9781,1.8609,B,relation-reasoning-agent-eval-v3.1
2026-08-26T22:50:00+09:00,CMP-S02-L05-01,S02,S02-L05,1,running,162.0909,465.4536,93.2201,45.284,0.9165,A,relation-reasoning-agent-eval-v3.1
2026-08-26T23:00:00+09:00,CMP-S02-L01-01,S02,S02-L01,1,running,171.9979,447.3986,92.4124,33.8522,-0.9766,A,relation-reasoning-agent-eval-v3.1
2026-08-26T23:00:00+09:00,CMP-S02-L02-01,S02,S02-L02,1,running,177.014,490.7889,97.7709,36.745,-0.6292,A,relation-reasoning-agent-eval-v3.1
2026-08-26T23:00:00+09:00,CMP-S02-L03-01,S02,S02-L03,1,running,188.283,391.2553,94.3661,42.7963,0.2135,A,relation-reasoning-agent-eval-v3.1
2026-08-26T23:00:00+09:00,CMP-S02-L04-01,S02,S02-L04,1,running,175.9834,387.0314,93.5547,54.0167,2.2384,C,relation-reasoning-agent-eval-v3.1
2026-08-26T23:00:00+09:00,CMP-S02-L05-01,S02,S02-L05,1,running,168.3767,444.4483,91.4825,38.1239,-0.4095,A,relation-reasoning-agent-eval-v3.1
2026-08-26T23:10:00+09:00,CMP-S02-L01-01,S02,S02-L01,1,running,166.771,494.8988,92.3174,30.0971,-1.6719,B,relation-reasoning-agent-eval-v3.1
2026-08-26T23:10:00+09:00,CMP-S02-L02-01,S02,S02-L02,1,running,163.6302,510.6467,96.9723,34.9479,-0.962,A,relation-reasoning-agent-eval-v3.1
2026-08-26T23:10:00+09:00,CMP-S02-L03-01,S02,S02-L03,1,running,190.4797,374.954,101.7602,52.9491,2.0937,C,relation-reasoning-agent-eval-v3.1
2026-08-26T23:10:00+09:00,CMP-S02-L04-01,S02,S02-L04,1,running,200.8423,378.5645,98.0957,53.8821,2.2136,C,relation-reasoning-agent-eval-v3.1
2026-08-26T23:10:00+09:00,CMP-S02-L05-01,S02,S02-L05,1,running,167.9371,450.7406,91.1392,44.9224,0.8495,A,relation-reasoning-agent-eval-v3.1
2026-08-26T23:20:00+09:00,CMP-S02-L01-01,S02,S02-L01,1,running,170.4474,475.3121,87.4476,35.5492,-0.6623,A,relation-reasoning-agent-eval-v3.1
2026-08-26T23:20:00+09:00,CMP-S02-L02-01,S02,S02-L02,1,running,153.5352,473.9732,101.8094,35.3387,-0.8896,A,relation-reasoning-agent-eval-v3.1
2026-08-26T23:20:00+09:00,CMP-S02-L03-01,S02,S02-L03,1,running,189.6601,408.8177,104.8492,48.3511,1.2422,B,relation-reasoning-agent-eval-v3.1
2026-08-26T23:20:00+09:00,CMP-S02-L04-01,S02,S02-L04,1,running,211.8918,397.1368,101.4624,43.2496,0.2445,A,relation-reasoning-agent-eval-v3.1
2026-08-26T23:20:00+09:00,CMP-S02-L05-01,S02,S02-L05,1,running,161.6878,434.5349,95.6234,47.4285,1.3136,B,relation-reasoning-agent-eval-v3.1
2026-08-26T23:30:00+09:00,CMP-S02-L01-01,S02,S02-L01,1,running,186.0791,489.0519,87.9677,31.3568,-1.4387,B,relation-reasoning-agent-eval-v3.1
2026-08-26T23:30:00+09:00,CMP-S02-L02-01,S02,S02-L02,1,running,159.7889,467.1055,102.141,36.1415,-0.741,A,relation-reasoning-agent-eval-v3.1
2026-08-26T23:30:00+09:00,CMP-S02-L03-01,S02,S02-L03,1,running,183.6096,434.02,100.9443,49.5491,1.4641,B,relation-reasoning-agent-eval-v3.1
2026-08-26T23:30:00+09:00,CMP-S02-L04-01,S02,S02-L04,1,running,202.2365,372.6997,104.6829,40.5984,-0.2465,A,relation-reasoning-agent-eval-v3.1
2026-08-26T23:30:00+09:00,CMP-S02-L05-01,S02,S02-L05,1,running,177.007,412.1661,92.0074,42.6214,0.4234,A,relation-reasoning-agent-eval-v3.1
2026-08-26T23:40:00+09:00,CMP-S02-L01-01,S02,S02-L01,1,running,192.0773,505.6382,90.9262,30.234,-1.6466,B,relation-reasoning-agent-eval-v3.1
2026-08-26T23:40:00+09:00,CMP-S02-L02-01,S02,S02-L02,1,running,152.7887,421.0467,107.1307,37.2097,-0.5431,A,relation-reasoning-agent-eval-v3.1
2026-08-26T23:40:00+09:00,CMP-S02-L03-01,S02,S02-L03,1,running,177.4754,445.7655,96.0162,50.7047,1.6781,B,relation-reasoning-agent-eval-v3.1
2026-08-26T23:40:00+09:00,CMP-S02-L04-01,S02,S02-L04,1,running,177.6012,421.086,97.876,49.4949,1.401,B,relation-reasoning-agent-eval-v3.1
2026-08-26T23:40:00+09:00,CMP-S02-L05-01,S02,S02-L05,1,running,172.3568,427.7328,92.3664,30.9452,-1.7389,B,relation-reasoning-agent-eval-v3.1
2026-08-26T23:50:00+09:00,CMP-S02-L01-01,S02,S02-L01,1,running,180.1092,482.7904,91.3688,36.9035,-0.4115,A,relation-reasoning-agent-eval-v3.1
2026-08-26T23:50:00+09:00,CMP-S02-L02-01,S02,S02-L02,1,running,162.5261,486.7631,102.9835,32.93,-1.3357,B,relation-reasoning-agent-eval-v3.1
2026-08-26T23:50:00+09:00,CMP-S02-L03-01,S02,S02-L03,1,running,185.8369,421.4537,102.4305,48.2141,1.2168,B,relation-reasoning-agent-eval-v3.1
2026-08-26T23:50:00+09:00,CMP-S02-L04-01,S02,S02-L04,1,running,173.0163,410.9525,89.5754,50.2185,1.535,B,relation-reasoning-agent-eval-v3.1
2026-08-26T23:50:00+09:00,CMP-S02-L05-01,S02,S02-L05,1,running,189.2928,412.7944,96.0102,33.0645,-1.3464,B,relation-reasoning-agent-eval-v3.1
2026-08-27T00:00:00+09:00,CMP-S02-L01-01,S02,S02-L01,1,running,158.8313,477.8462,93.2208,40.7759,0.3056,A,relation-reasoning-agent-eval-v3.1
2026-08-27T00:00:00+09:00,CMP-S02-L02-01,S02,S02-L02,1,running,145.0267,512.1877,97.9554,33.9728,-1.1426,B,relation-reasoning-agent-eval-v3.1
2026-08-27T00:00:00+09:00,CMP-S02-L03-01,S02,S02-L03,1,running,183.5415,427.0314,106.6022,42.8746,0.228,A,relation-reasoning-agent-eval-v3.1
2026-08-27T00:00:00+09:00,CMP-S02-L04-01,S02,S02-L04,1,running,167.9199,421.7634,89.0233,43.1689,0.2295,A,relation-reasoning-agent-eval-v3.1
2026-08-27T00:00:00+09:00,CMP-S02-L05-01,S02,S02-L05,1,running,184.1332,413.7829,95.1703,38.9655,-0.2536,A,relation-reasoning-agent-eval-v3.1
2026-08-27T00:10:00+09:00,CMP-S02-L01-01,S02,S02-L01,1,running,167.48,451.664,101.2585,38.9575,-0.0311,A,relation-reasoning-agent-eval-v3.1
2026-08-27T00:10:00+09:00,CMP-S02-L02-01,S02,S02-L02,1,running,151.7686,485.799,99.9272,41.2737,0.2094,A,relation-reasoning-agent-eval-v3.1
2026-08-27T00:10:00+09:00,CMP-S02-L03-01,S02,S02-L03,1,running,215.4865,426.6359,106.2493,38.7911,-0.5282,A,relation-reasoning-agent-eval-v3.1
2026-08-27T00:10:00+09:00,CMP-S02-L04-01,S02,S02-L04,1,running,168.0292,438.1212,88.213,44.5355,0.4826,A,relation-reasoning-agent-eval-v3.1
2026-08-27T00:10:00+09:00,CMP-S02-L05-01,S02,S02-L05,1,running,196.6519,410.5688,94.2742,45.2484,0.9099,A,relation-reasoning-agent-eval-v3.1
2026-08-27T00:20:00+09:00,CMP-S02-L01-01,S02,S02-L01,1,running,180.4896,498.1871,103.2587,39.8992,0.1433,A,relation-reasoning-agent-eval-v3.1
2026-08-27T00:20:00+09:00,CMP-S02-L02-01,S02,S02-L02,1,running,173.3657,530.0015,108.6275,43.5958,0.6395,A,relation-reasoning-agent-eval-v3.1
2026-08-27T00:20:00+09:00,CMP-S02-L03-01,S02,S02-L03,1,running,202.4373,427.313,106.124,37.5591,-0.7563,A,relation-reasoning-agent-eval-v3.1
2026-08-27T00:20:00+09:00,CMP-S02-L04-01,S02,S02-L04,1,running,171.1078,422.337,87.4244,40.4986,-0.2649,A,relation-reasoning-agent-eval-v3.1
2026-08-27T00:20:00+09:00,CMP-S02-L05-01,S02,S02-L05,1,running,178.7968,438.2671,88.1345,50.9852,1.9723,B,relation-reasoning-agent-eval-v3.1
2026-08-27T00:30:00+09:00,CMP-S02-L01-01,S02,S02-L01,1,running,182.0135,427.1185,101.0008,39.0722,-0.0099,A,relation-reasoning-agent-eval-v3.1
2026-08-27T00:30:00+09:00,CMP-S02-L02-01,S02,S02-L02,1,running,192.307,559.4107,104.8205,42.7938,0.4909,A,relation-reasoning-agent-eval-v3.1
2026-08-27T00:30:00+09:00,CMP-S02-L03-01,S02,S02-L03,1,running,203.426,417.8229,104.8739,35.0141,-1.2276,B,relation-reasoning-agent-eval-v3.1
2026-08-27T00:30:00+09:00,CMP-S02-L04-01,S02,S02-L04,1,running,168.4489,494.952,92.6166,43.5891,0.3074,A,relation-reasoning-agent-eval-v3.1
2026-08-27T00:30:00+09:00,CMP-S02-L05-01,S02,S02-L05,1,running,171.1859,469.6313,91.4828,36.3797,-0.7325,A,relation-reasoning-agent-eval-v3.1
2026-08-27T00:40:00+09:00,CMP-S02-L01-01,S02,S02-L01,1,running,186.8454,406.2395,106.8963,33.9106,-0.9657,A,relation-reasoning-agent-eval-v3.1
2026-08-27T00:40:00+09:00,CMP-S02-L02-01,S02,S02-L02,1,running,177.56,531.3372,105.4905,34.9522,-0.9612,A,relation-reasoning-agent-eval-v3.1
2026-08-27T00:40:00+09:00,CMP-S02-L03-01,S02,S02-L03,1,running,179.4755,397.9696,106.0809,36.7882,-0.8991,A,relation-reasoning-agent-eval-v3.1
2026-08-27T00:40:00+09:00,CMP-S02-L04-01,S02,S02-L04,1,running,180.6819,513.1225,88.4563,43.2165,0.2384,A,relation-reasoning-agent-eval-v3.1
2026-08-27T00:40:00+09:00,CMP-S02-L05-01,S02,S02-L05,1,running,147.66,443.8114,97.6416,41.8389,0.2785,A,relation-reasoning-agent-eval-v3.1
2026-08-27T00:50:00+09:00,CMP-S02-L01-01,S02,S02-L01,1,running,185.261,399.1684,101.8124,33.3102,-1.0769,B,relation-reasoning-agent-eval-v3.1
2026-08-27T00:50:00+09:00,CMP-S02-L02-01,S02,S02-L02,1,running,166.4639,502.254,102.0845,44.7062,0.8451,A,relation-reasoning-agent-eval-v3.1
2026-08-27T00:50:00+09:00,CMP-S02-L03-01,S02,S02-L03,1,running,170.9612,366.2385,101.0021,32.1822,-1.752,B,relation-reasoning-agent-eval-v3.1
2026-08-27T00:50:00+09:00,CMP-S02-L04-01,S02,S02-L04,1,running,164.6642,537.2609,88.7033,45.7649,0.7104,A,relation-reasoning-agent-eval-v3.1
2026-08-27T00:50:00+09:00,CMP-S02-L05-01,S02,S02-L05,1,running,164.5992,411.3322,94.7285,45.9298,1.0361,B,relation-reasoning-agent-eval-v3.1
2026-08-27T01:00:00+09:00,CMP-S02-L01-01,S02,S02-L01,1,running,204.7307,429.9501,102.112,36.7301,-0.4436,A,relation-reasoning-agent-eval-v3.1
2026-08-27T01:00:00+09:00,CMP-S02-L02-01,S02,S02-L02,1,running,172.4681,501.8106,111.3461,48.4257,1.5339,B,relation-reasoning-agent-eval-v3.1
2026-08-27T01:00:00+09:00,CMP-S02-L03-01,S02,S02-L03,1,running,169.9203,366.1568,94.9928,31.2409,-1.9263,B,relation-reasoning-agent-eval-v3.1
2026-08-27T01:00:00+09:00,CMP-S02-L04-01,S02,S02-L04,1,running,169.6932,519.7698,89.5425,41.4583,-0.0872,A,relation-reasoning-agent-eval-v3.1
2026-08-27T01:00:00+09:00,CMP-S02-L05-01,S02,S02-L05,1,running,152.9287,417.8622,92.1244,44.367,0.7467,A,relation-reasoning-agent-eval-v3.1
2026-08-27T01:10:00+09:00,CMP-S02-L01-01,S02,S02-L01,1,running,189.0498,426.4222,101.788,33.3833,-1.0634,B,relation-reasoning-agent-eval-v3.1
2026-08-27T01:10:00+09:00,CMP-S02-L02-01,S02,S02-L02,1,running,188.9459,480.3096,109.4679,44.49,0.8051,A,relation-reasoning-agent-eval-v3.1
2026-08-27T01:10:00+09:00,CMP-S02-L03-01,S02,S02-L03,1,running,174.9195,331.2522,100.0868,30.4309,-2.0764,C,relation-reasoning-agent-eval-v3.1
2026-08-27T01:10:00+09:00,CMP-S02-L04-01,S02,S02-L04,1,running,174.5658,499.1647,85.6993,42.2374,0.0571,A,relation-reasoning-agent-eval-v3.1
2026-08-27T01:10:00+09:00,CMP-S02-L05-01,S02,S02-L05,1,running,145.6797,466.8227,94.2339,48.7306,1.5547,B,relation-reasoning-agent-eval-v3.1
2026-08-27T01:20:00+09:00,CMP-S02-L01-01,S02,S02-L01,1,running,182.4997,446.2971,97.961,33.253,-1.0875,B,relation-reasoning-agent-eval-v3.1
2026-08-27T01:20:00+09:00,CMP-S02-L02-01,S02,S02-L02,1,running,185.5438,538.7474,110.4799,44.9911,0.8979,A,relation-reasoning-agent-eval-v3.1
2026-08-27T01:20:00+09:00,CMP-S02-L03-01,S02,S02-L03,1,running,169.1604,359.4562,99.006,32.9111,-1.6171,B,relation-reasoning-agent-eval-v3.1
2026-08-27T01:20:00+09:00,CMP-S02-L04-01,S02,S02-L04,1,running,171.3149,532.9094,90.1887,43.6251,0.3141,A,relation-reasoning-agent-eval-v3.1
2026-08-27T01:20:00+09:00,CMP-S02-L05-01,S02,S02-L05,1,running,164.9694,488.4918,94.053,48.6266,1.5355,B,relation-reasoning-agent-eval-v3.1
2026-08-27T01:30:00+09:00,CMP-S02-L01-01,S02,S02-L01,1,running,176.129,471.0183,99.6442,37.424,-0.3151,A,relation-reasoning-agent-eval-v3.1
2026-08-27T01:30:00+09:00,CMP-S02-L02-01,S02,S02-L02,1,running,162.8217,489.8574,103.8236,48.04,1.4625,B,relation-reasoning-agent-eval-v3.1
2026-08-27T01:30:00+09:00,CMP-S02-L03-01,S02,S02-L03,1,running,165.6245,415.5401,100.4042,36.1478,-1.0177,B,relation-reasoning-agent-eval-v3.1
2026-08-27T01:30:00+09:00,CMP-S02-L04-01,S02,S02-L04,1,running,156.2718,504.344,89.2979,50.7333,1.6304,B,relation-reasoning-agent-eval-v3.1
2026-08-27T01:30:00+09:00,CMP-S02-L05-01,S02,S02-L05,1,running,173.5378,459.0043,90.1827,48.9625,1.5977,B,relation-reasoning-agent-eval-v3.1
2026-08-27T01:40:00+09:00,CMP-S02-L01-01,S02,S02-L01,1,running,169.8897,553.6561,98.6076,38.7639,-0.067,A,relation-reasoning-agent-eval-v3.1
2026-08-27T01:40:00+09:00,CMP-S02-L02-01,S02,S02-L02,1,running,171.5299,492.5089,104.3661,44.88,0.8773,A,relation-reasoning-agent-eval-v3.1
2026-08-27T01:40:00+09:00,CMP-S02-L03-01,S02,S02-L03,1,running,171.0737,453.9987,100.9035,38.1295,-0.6507,A,relation-reasoning-agent-eval-v3.1
2026-08-27T01:40:00+09:00,CMP-S02-L04-01,S02,S02-L04,1,running,155.6233,470.6787,90.2183,44.3733,0.4527,A,relation-reasoning-agent-eval-v3.1
2026-08-27T01:40:00+09:00,CMP-S02-L05-01,S02,S02-L05,1,running,171.9965,450.5769,85.196,45.1785,0.8969,A,relation-reasoning-agent-eval-v3.1
2026-08-27T01:50:00+09:00,CMP-S02-L01-01,S02,S02-L01,1,running,159.9665,537.8476,97.666,40.8444,0.3183,A,relation-reasoning-agent-eval-v3.1
2026-08-27T01:50:00+09:00,CMP-S02-L02-01,S02,S02-L02,1,running,152.6047,536.0411,101.1528,45.7002,1.0292,B,relation-reasoning-agent-eval-v3.1
2026-08-27T01:50:00+09:00,CMP-S02-L03-01,S02,S02-L03,1,running,180.1184,406.208,100.077,34.1122,-1.3946,B,relation-reasoning-agent-eval-v3.1
2026-08-27T01:50:00+09:00,CMP-S02-L04-01,S02,S02-L04,1,running,158.9911,435.9712,93.0524,49.8132,1.46,B,relation-reasoning-agent-eval-v3.1
2026-08-27T01:50:00+09:00,CMP-S02-L05-01,S02,S02-L05,1,running,162.1538,411.3318,87.4647,43.5433,0.5941,A,relation-reasoning-agent-eval-v3.1
2026-08-27T02:00:00+09:00,CMP-S02-L01-01,S02,S02-L01,1,running,170.0355,473.625,106.1795,37.8201,-0.2418,A,relation-reasoning-agent-eval-v3.1
2026-08-27T02:00:00+09:00,CMP-S02-L02-01,S02,S02-L02,1,running,143.0249,507.309,100.0376,40.7449,0.1115,A,relation-reasoning-agent-eval-v3.1
2026-08-27T02:00:00+09:00,CMP-S02-L03-01,S02,S02-L03,1,running,184.4447,463.5498,91.2332,42.8934,0.2315,A,relation-reasoning-agent-eval-v3.1
2026-08-27T02:00:00+09:00,CMP-S02-L04-01,S02,S02-L04,1,running,176.5089,468.9727,95.6077,51.7492,1.8186,B,relation-reasoning-agent-eval-v3.1
2026-08-27T02:00:00+09:00,CMP-S02-L05-01,S02,S02-L05,1,running,171.2022,462.4465,90.9418,37.0961,-0.5998,A,relation-reasoning-agent-eval-v3.1
2026-08-27T02:10:00+09:00,CMP-S02-L01-01,S02,S02-L01,1,running,171.4849,467.3675,102.1066,38.7114,-0.0767,A,relation-reasoning-agent-eval-v3.1
2026-08-27T02:10:00+09:00,CMP-S02-L02-01,S02,S02-L02,1,running,153.1546,502.7269,103.7768,40.8673,0.1342,A,relation-reasoning-agent-eval-v3.1
2026-08-27T02:10:00+09:00,CMP-S02-L03-01,S02,S02-L03,1,running,204.1092,438.6434,99.0689,40.7552,-0.1644,A,relation-reasoning-agent-eval-v3.1
2026-08-27T02:10:00+09:00,CMP-S02-L04-01,S02,S02-L04,1,running,166.903,461.3655,97.1646,50.9833,1.6768,B,relation-reasoning-agent-eval-v3.1
2026-08-27T02:10:00+09:00,CMP-S02-L05-01,S02,S02-L05,1,running,154.737,472.1849,92.6396,40.7621,0.0791,A,relation-reasoning-agent-eval-v3.1
2026-08-27T02:20:00+09:00,CMP-S02-L01-01,S02,S02-L01,1,running,164.8221,433.7869,107.0997,40.4295,0.2415,A,relation-reasoning-agent-eval-v3.1
2026-08-27T02:20:00+09:00,CMP-S02-L02-01,S02,S02-L02,1,running,160.142,487.6408,102.5082,42.1072,0.3638,A,relation-reasoning-agent-eval-v3.1
2026-08-27T02:20:00+09:00,CMP-S02-L03-01,S02,S02-L03,1,running,197.3989,474.5338,100.0604,36.9891,-0.8619,A,relation-reasoning-agent-eval-v3.1
2026-08-27T02:20:00+09:00,CMP-S02-L04-01,S02,S02-L04,1,running,157.6009,465.3475,98.7896,56.524,2.7028,C,relation-reasoning-agent-eval-v3.1
2026-08-27T02:20:00+09:00,CMP-S02-L05-01,S02,S02-L05,1,running,153.6096,411.4083,93.1241,37.9843,-0.4353,A,relation-reasoning-agent-eval-v3.1
2026-08-27T02:30:00+09:00,CMP-S02-L01-01,S02,S02-L01,1,running,195.037,464.3215,107.3182,43.7845,0.8627,A,relation-reasoning-agent-eval-v3.1
2026-08-27T02:30:00+09:00,CMP-S02-L02-01,S02,S02-L02,1,running,154.7266,479.2532,100.0104,46.5742,1.191,B,relation-reasoning-agent-eval-v3.1
2026-08-27T02:30:00+09:00,CMP-S02-L03-01,S02,S02-L03,1,running,184.6166,427.5138,101.0886,38.0807,-0.6597,A,relation-reasoning-agent-eval-v3.1
2026-08-27T02:30:00+09:00,CMP-S02-L04-01,S02,S02-L04,1,running,176.0033,485.1259,94.8379,53.2035,2.0878,C,relation-reasoning-agent-eval-v3.1
2026-08-27T02:30:00+09:00,CMP-S02-L05-01,S02,S02-L05,1,running,159.9439,377.8796,96.4301,39.8962,-0.0813,A,relation-reasoning-agent-eval-v3.1
2026-08-27T02:40:00+09:00,CMP-S02-L01-01,S02,S02-L01,1,running,203.2885,434.5473,107.47,44.0715,0.9159,A,relation-reasoning-agent-eval-v3.1
2026-08-27T02:40:00+09:00,CMP-S02-L02-01,S02,S02-L02,1,running,178.9102,488.4995,93.6356,46.8734,1.2464,B,relation-reasoning-agent-eval-v3.1
2026-08-27T02:40:00+09:00,CMP-S02-L03-01,S02,S02-L03,1,running,174.6837,410.2282,97.7647,37.8848,-0.696,A,relation-reasoning-agent-eval-v3.1
2026-08-27T02:40:00+09:00,CMP-S02-L04-01,S02,S02-L04,1,running,183.3206,468.705,93.8195,55.8422,2.5765,C,relation-reasoning-agent-eval-v3.1
2026-08-27T02:40:00+09:00,CMP-S02-L05-01,S02,S02-L05,1,running,176.1549,370.3245,96.831,41.9891,0.3063,A,relation-reasoning-agent-eval-v3.1
2026-08-27T02:50:00+09:00,CMP-S02-L01-01,S02,S02-L01,1,running,200.8238,486.8991,109.4124,49.1487,1.8561,B,relation-reasoning-agent-eval-v3.1
2026-08-27T02:50:00+09:00,CMP-S02-L02-01,S02,S02-L02,1,running,174.5078,472.8694,98.7488,40.9861,0.1562,A,relation-reasoning-agent-eval-v3.1
2026-08-27T02:50:00+09:00,CMP-S02-L03-01,S02,S02-L03,1,running,157.3894,445.0086,102.3037,36.7429,-0.9075,A,relation-reasoning-agent-eval-v3.1
2026-08-27T02:50:00+09:00,CMP-S02-L04-01,S02,S02-L04,1,running,177.397,448.3032,91.9333,53.078,2.0646,C,relation-reasoning-agent-eval-v3.1
2026-08-27T02:50:00+09:00,CMP-S02-L05-01,S02,S02-L05,1,running,169.1991,438.5189,99.6902,49.9734,1.7849,B,relation-reasoning-agent-eval-v3.1
2026-08-27T03:00:00+09:00,CMP-S02-L01-01,S02,S02-L01,1,running,186.3027,487.3861,109.0887,47.5219,1.5549,B,relation-reasoning-agent-eval-v3.1
2026-08-27T03:00:00+09:00,CMP-S02-L02-01,S02,S02-L02,1,running,167.9595,441.6046,107.0509,38.1962,-0.3605,A,relation-reasoning-agent-eval-v3.1
2026-08-27T03:00:00+09:00,CMP-S02-L03-01,S02,S02-L03,1,running,159.4418,436.9797,105.0556,34.2199,-1.3747,B,relation-reasoning-agent-eval-v3.1
2026-08-27T03:00:00+09:00,CMP-S02-L04-01,S02,S02-L04,1,running,174.0143,451.5021,96.9823,50.5916,1.6042,B,relation-reasoning-agent-eval-v3.1
2026-08-27T03:00:00+09:00,CMP-S02-L05-01,S02,S02-L05,1,running,175.4698,411.9708,99.7365,49.7382,1.7413,B,relation-reasoning-agent-eval-v3.1
2026-08-27T03:10:00+09:00,CMP-S02-L01-01,S02,S02-L01,1,running,179.5882,489.0885,108.4314,44.2585,0.9505,A,relation-reasoning-agent-eval-v3.1
2026-08-27T03:10:00+09:00,CMP-S02-L02-01,S02,S02-L02,1,running,179.4767,454.228,102.6712,38.158,-0.3675,A,relation-reasoning-agent-eval-v3.1
2026-08-27T03:10:00+09:00,CMP-S02-L03-01,S02,S02-L03,1,running,150.0228,407.9667,104.5794,38.3079,-0.6176,A,relation-reasoning-agent-eval-v3.1
2026-08-27T03:10:00+09:00,CMP-S02-L04-01,S02,S02-L04,1,running,178.0627,481.4145,89.805,49.3252,1.3697,B,relation-reasoning-agent-eval-v3.1
2026-08-27T03:10:00+09:00,CMP-S02-L05-01,S02,S02-L05,1,running,176.6972,411.9121,99.2386,48.977,1.6004,B,relation-reasoning-agent-eval-v3.1
2026-08-27T03:20:00+09:00,CMP-S02-L01-01,S02,S02-L01,1,running,200.2397,442.4278,103.6798,44.1238,0.9256,A,relation-reasoning-agent-eval-v3.1
2026-08-27T03:20:00+09:00,CMP-S02-L02-01,S02,S02-L02,1,running,190.9968,504.2377,101.5113,35.4666,-0.8659,A,relation-reasoning-agent-eval-v3.1
2026-08-27T03:20:00+09:00,CMP-S02-L03-01,S02,S02-L03,1,running,160.9652,383.7081,94.296,35.1901,-1.195,B,relation-reasoning-agent-eval-v3.1
2026-08-27T03:20:00+09:00,CMP-S02-L04-01,S02,S02-L04,1,running,170.8498,449.1991,87.6696,49.1675,1.3404,B,relation-reasoning-agent-eval-v3.1
2026-08-27T03:20:00+09:00,CMP-S02-L05-01,S02,S02-L05,1,running,173.0293,399.6662,97.7218,48.9947,1.6036,B,relation-reasoning-agent-eval-v3.1
2026-08-27T03:30:00+09:00,CMP-S02-L01-01,S02,S02-L01,1,running,189.911,480.4057,99.9929,46.8768,1.4354,B,relation-reasoning-agent-eval-v3.1
2026-08-27T03:30:00+09:00,CMP-S02-L02-01,S02,S02-L02,1,running,182.2672,491.6493,104.606,38.8939,-0.2312,A,relation-reasoning-agent-eval-v3.1
2026-08-27T03:30:00+09:00,CMP-S02-L03-01,S02,S02-L03,1,running,170.0703,419.0152,99.4761,38.7764,-0.5309,A,relation-reasoning-agent-eval-v3.1
2026-08-27T03:30:00+09:00,CMP-S02-L04-01,S02,S02-L04,1,running,175.8579,444.3521,84.1435,47.0455,0.9475,A,relation-reasoning-agent-eval-v3.1
2026-08-27T03:30:00+09:00,CMP-S02-L05-01,S02,S02-L05,1,running,169.0263,436.6077,98.8311,46.9219,1.2198,B,relation-reasoning-agent-eval-v3.1
2026-08-27T03:40:00+09:00,CMP-S02-L01-01,S02,S02-L01,1,running,171.9045,454.2992,102.4049,42.4992,0.6247,A,relation-reasoning-agent-eval-v3.1
2026-08-27T03:40:00+09:00,CMP-S02-L02-01,S02,S02-L02,1,running,167.5855,497.2608,99.8359,39.9395,-0.0376,A,relation-reasoning-agent-eval-v3.1
2026-08-27T03:40:00+09:00,CMP-S02-L03-01,S02,S02-L03,1,running,157.9853,425.0482,96.7628,31.2865,-1.9179,B,relation-reasoning-agent-eval-v3.1
2026-08-27T03:40:00+09:00,CMP-S02-L04-01,S02,S02-L04,1,running,195.5281,447.2131,81.1881,47.6311,1.0559,B,relation-reasoning-agent-eval-v3.1
2026-08-27T03:40:00+09:00,CMP-S02-L05-01,S02,S02-L05,1,running,176.904,422.9576,98.7313,44.0851,0.6945,A,relation-reasoning-agent-eval-v3.1
2026-08-27T03:50:00+09:00,CMP-S02-L01-01,S02,S02-L01,1,running,163.5137,434.1693,103.1289,47.7017,1.5882,B,relation-reasoning-agent-eval-v3.1
2026-08-27T03:50:00+09:00,CMP-S02-L02-01,S02,S02-L02,1,running,163.3659,498.0432,98.4577,42.2845,0.3966,A,relation-reasoning-agent-eval-v3.1
2026-08-27T03:50:00+09:00,CMP-S02-L03-01,S02,S02-L03,1,running,179.3943,452.4867,102.763,38.4609,-0.5893,A,relation-reasoning-agent-eval-v3.1
2026-08-27T03:50:00+09:00,CMP-S02-L04-01,S02,S02-L04,1,running,193.2035,486.3853,82.6485,42.4807,0.1022,A,relation-reasoning-agent-eval-v3.1
2026-08-27T03:50:00+09:00,CMP-S02-L05-01,S02,S02-L05,1,running,159.054,431.5731,99.7651,44.7779,0.8228,A,relation-reasoning-agent-eval-v3.1
2026-08-27T04:00:00+09:00,CMP-S02-L01-01,S02,S02-L01,1,running,159.74,465.4631,105.9125,42.1048,0.5517,A,relation-reasoning-agent-eval-v3.1
2026-08-27T04:00:00+09:00,CMP-S02-L02-01,S02,S02-L02,1,running,169.2812,487.0905,98.5995,44.5606,0.8181,A,relation-reasoning-agent-eval-v3.1
2026-08-27T04:00:00+09:00,CMP-S02-L03-01,S02,S02-L03,1,running,191.3574,411.0257,100.7117,36.8412,-0.8893,A,relation-reasoning-agent-eval-v3.1
2026-08-27T04:00:00+09:00,CMP-S02-L04-01,S02,S02-L04,1,running,193.1611,511.5533,88.3909,44.5331,0.4822,A,relation-reasoning-agent-eval-v3.1
2026-08-27T04:00:00+09:00,CMP-S02-L05-01,S02,S02-L05,1,running,154.7815,390.6676,99.8054,42.1256,0.3316,A,relation-reasoning-agent-eval-v3.1
2026-08-27T04:10:00+09:00,CMP-S02-L01-01,S02,S02-L01,1,running,143.2818,472.1399,104.176,44.6544,1.0239,B,relation-reasoning-agent-eval-v3.1
2026-08-27T04:10:00+09:00,CMP-S02-L02-01,S02,S02-L02,1,running,169.0532,463.5132,96.159,42.9117,0.5128,A,relation-reasoning-agent-eval-v3.1
2026-08-27T04:10:00+09:00,CMP-S02-L03-01,S02,S02-L03,1,running,194.5409,417.0696,97.6254,42.1127,0.0869,A,relation-reasoning-agent-eval-v3.1
2026-08-27T04:10:00+09:00,CMP-S02-L04-01,S02,S02-L04,1,running,201.3875,486.8128,85.2359,42.93,0.1853,A,relation-reasoning-agent-eval-v3.1
2026-08-27T04:10:00+09:00,CMP-S02-L05-01,S02,S02-L05,1,running,160.6038,407.7327,95.8212,39.8158,-0.0962,A,relation-reasoning-agent-eval-v3.1
2026-08-27T04:20:00+09:00,CMP-S02-L01-01,S02,S02-L01,1,running,158.1087,445.0097,105.9512,39.01,-0.0214,A,relation-reasoning-agent-eval-v3.1
2026-08-27T04:20:00+09:00,CMP-S02-L02-01,S02,S02-L02,1,running,183.5807,453.3574,102.6509,43.9444,0.704,A,relation-reasoning-agent-eval-v3.1
2026-08-27T04:20:00+09:00,CMP-S02-L03-01,S02,S02-L03,1,running,191.1036,475.9589,94.746,45.9475,0.7971,A,relation-reasoning-agent-eval-v3.1
2026-08-27T04:20:00+09:00,CMP-S02-L04-01,S02,S02-L04,1,running,207.7036,461.0259,83.628,41.1021,-0.1532,A,relation-reasoning-agent-eval-v3.1
2026-08-27T04:20:00+09:00,CMP-S02-L05-01,S02,S02-L05,1,running,184.2494,434.182,90.2263,46.4233,1.1275,B,relation-reasoning-agent-eval-v3.1
2026-08-27T04:30:00+09:00,CMP-S02-L01-01,S02,S02-L01,1,running,163.7241,443.6527,105.2247,47.431,1.538,B,relation-reasoning-agent-eval-v3.1
2026-08-27T04:30:00+09:00,CMP-S02-L02-01,S02,S02-L02,1,running,181.7293,442.4196,107.0832,46.2524,1.1314,B,relation-reasoning-agent-eval-v3.1
2026-08-27T04:30:00+09:00,CMP-S02-L03-01,S02,S02-L03,1,running,183.2075,501.0672,95.8246,49.4404,1.4439,B,relation-reasoning-agent-eval-v3.1
2026-08-27T04:30:00+09:00,CMP-S02-L04-01,S02,S02-L04,1,running,191.5411,444.1857,88.376,40.3026,-0.3012,A,relation-reasoning-agent-eval-v3.1
2026-08-27T04:30:00+09:00,CMP-S02-L05-01,S02,S02-L05,1,running,177.591,427.5273,94.9223,43.5886,0.6025,A,relation-reasoning-agent-eval-v3.1
2026-08-27T04:40:00+09:00,CMP-S02-L01-01,S02,S02-L01,1,running,182.7027,467.4411,105.4813,44.554,1.0053,B,relation-reasoning-agent-eval-v3.1
2026-08-27T04:40:00+09:00,CMP-S02-L02-01,S02,S02-L02,1,running,186.0765,451.3726,102.673,48.3691,1.5234,B,relation-reasoning-agent-eval-v3.1
2026-08-27T04:40:00+09:00,CMP-S02-L03-01,S02,S02-L03,1,running,184.9886,438.8204,91.1623,45.3158,0.6801,A,relation-reasoning-agent-eval-v3.1
2026-08-27T04:40:00+09:00,CMP-S02-L04-01,S02,S02-L04,1,running,204.9181,470.9756,85.6611,43.3705,0.2669,A,relation-reasoning-agent-eval-v3.1
2026-08-27T04:40:00+09:00,CMP-S02-L05-01,S02,S02-L05,1,running,167.4586,452.4486,86.3704,37.7489,-0.4789,A,relation-reasoning-agent-eval-v3.1
2026-08-27T04:50:00+09:00,CMP-S02-L01-01,S02,S02-L01,1,running,193.2443,506.3413,111.8694,43.9007,0.8843,A,relation-reasoning-agent-eval-v3.1
2026-08-27T04:50:00+09:00,CMP-S02-L02-01,S02,S02-L02,1,running,173.8229,422.4225,102.5143,50.5791,1.9327,B,relation-reasoning-agent-eval-v3.1
2026-08-27T04:50:00+09:00,CMP-S02-L03-01,S02,S02-L03,1,running,188.5336,363.1006,86.7589,44.2364,0.4802,A,relation-reasoning-agent-eval-v3.1
2026-08-27T04:50:00+09:00,CMP-S02-L04-01,S02,S02-L04,1,running,205.4962,502.863,83.2513,48.0626,1.1358,B,relation-reasoning-agent-eval-v3.1
2026-08-27T04:50:00+09:00,CMP-S02-L05-01,S02,S02-L05,1,running,170.165,420.8503,86.2086,41.6606,0.2455,A,relation-reasoning-agent-eval-v3.1
2026-08-27T05:00:00+09:00,CMP-S02-L01-01,S02,S02-L01,1,running,183.671,485.6573,110.6542,42.4683,0.619,A,relation-reasoning-agent-eval-v3.1
2026-08-27T05:00:00+09:00,CMP-S02-L02-01,S02,S02-L02,1,running,183.8239,418.7968,98.4493,43.0206,0.533,A,relation-reasoning-agent-eval-v3.1
2026-08-27T05:00:00+09:00,CMP-S02-L03-01,S02,S02-L03,1,running,193.6068,335.0139,93.122,35.7464,-1.092,B,relation-reasoning-agent-eval-v3.1
2026-08-27T05:00:00+09:00,CMP-S02-L04-01,S02,S02-L04,1,running,195.5413,503.0109,87.3043,44.7676,0.5257,A,relation-reasoning-agent-eval-v3.1
2026-08-27T05:00:00+09:00,CMP-S02-L05-01,S02,S02-L05,1,running,147.9239,426.0743,90.7056,43.7687,0.6359,A,relation-reasoning-agent-eval-v3.1
2026-08-27T05:10:00+09:00,CMP-S02-L01-01,S02,S02-L01,1,running,184.5469,509.7965,108.9754,46.1056,1.2926,B,relation-reasoning-agent-eval-v3.1
2026-08-27T05:10:00+09:00,CMP-S02-L02-01,S02,S02-L02,1,running,195.8214,503.1129,101.6885,40.5726,0.0796,A,relation-reasoning-agent-eval-v3.1
2026-08-27T05:10:00+09:00,CMP-S02-L03-01,S02,S02-L03,1,running,186.1067,370.1235,92.2004,39.8239,-0.3369,A,relation-reasoning-agent-eval-v3.1
2026-08-27T05:10:00+09:00,CMP-S02-L04-01,S02,S02-L04,1,running,195.2042,463.5943,77.2203,35.9863,-1.1006,B,relation-reasoning-agent-eval-v3.1
2026-08-27T05:10:00+09:00,CMP-S02-L05-01,S02,S02-L05,1,running,159.8102,437.2388,97.1834,38.3016,-0.3766,A,relation-reasoning-agent-eval-v3.1
2026-08-27T05:20:00+09:00,CMP-S02-L01-01,S02,S02-L01,1,running,186.5727,540.7812,107.4814,45.5561,1.1908,B,relation-reasoning-agent-eval-v3.1
2026-08-27T05:20:00+09:00,CMP-S02-L02-01,S02,S02-L02,1,running,197.8461,497.3596,103.0955,36.6068,-0.6548,A,relation-reasoning-agent-eval-v3.1
2026-08-27T05:20:00+09:00,CMP-S02-L03-01,S02,S02-L03,1,running,166.2978,421.1035,101.8856,37.1638,-0.8295,A,relation-reasoning-agent-eval-v3.1
2026-08-27T05:20:00+09:00,CMP-S02-L04-01,S02,S02-L04,1,running,189.5745,458.0532,76.8546,39.3485,-0.4779,A,relation-reasoning-agent-eval-v3.1
2026-08-27T05:20:00+09:00,CMP-S02-L05-01,S02,S02-L05,1,running,173.2394,440.4036,98.6657,39.4751,-0.1592,A,relation-reasoning-agent-eval-v3.1
2026-08-27T05:30:00+09:00,CMP-S02-L01-01,S02,S02-L01,1,running,190.2467,528.1913,106.9068,41.2105,0.3861,A,relation-reasoning-agent-eval-v3.1
2026-08-27T05:30:00+09:00,CMP-S02-L02-01,S02,S02-L02,1,running,183.2176,477.1196,102.7997,30.9767,-1.6974,B,relation-reasoning-agent-eval-v3.1
2026-08-27T05:30:00+09:00,CMP-S02-L03-01,S02,S02-L03,1,running,173.673,416.4266,96.7481,36.4116,-0.9688,A,relation-reasoning-agent-eval-v3.1
2026-08-27T05:30:00+09:00,CMP-S02-L04-01,S02,S02-L04,1,running,180.2581,439.166,87.55,39.3144,-0.4842,A,relation-reasoning-agent-eval-v3.1
2026-08-27T05:30:00+09:00,CMP-S02-L05-01,S02,S02-L05,1,running,191.3508,500.2739,100.7172,44.1692,0.71,A,relation-reasoning-agent-eval-v3.1
2026-08-27T05:40:00+09:00,CMP-S02-L01-01,S02,S02-L01,1,running,176.9722,539.4451,111.1104,38.6513,-0.0878,A,relation-reasoning-agent-eval-v3.1
2026-08-27T05:40:00+09:00,CMP-S02-L02-01,S02,S02-L02,1,running,179.797,520.9225,100.61,37.2698,-0.532,A,relation-reasoning-agent-eval-v3.1
2026-08-27T05:40:00+09:00,CMP-S02-L03-01,S02,S02-L03,1,running,168.125,439.1923,96.0306,42.5276,0.1638,A,relation-reasoning-agent-eval-v3.1
2026-08-27T05:40:00+09:00,CMP-S02-L04-01,S02,S02-L04,1,running,187.0687,408.7504,83.5856,47.2818,0.9912,A,relation-reasoning-agent-eval-v3.1
2026-08-27T05:40:00+09:00,CMP-S02-L05-01,S02,S02-L05,1,running,197.3254,457.6411,99.1219,39.2222,-0.2061,A,relation-reasoning-agent-eval-v3.1
2026-08-27T05:50:00+09:00,CMP-S02-L01-01,S02,S02-L01,1,running,194.5138,527.1593,110.2487,34.997,-0.7646,A,relation-reasoning-agent-eval-v3.1
2026-08-27T05:50:00+09:00,CMP-S02-L02-01,S02,S02-L02,1,running,189.2293,488.3851,95.8379,45.312,0.9573,A,relation-reasoning-agent-eval-v3.1
2026-08-27T05:50:00+09:00,CMP-S02-L03-01,S02,S02-L03,1,running,169.8928,436.9325,92.5363,49.8458,1.519,B,relation-reasoning-agent-eval-v3.1
2026-08-27T05:50:00+09:00,CMP-S02-L04-01,S02,S02-L04,1,running,189.3796,432.8737,88.2236,43.7773,0.3422,A,relation-reasoning-agent-eval-v3.1
2026-08-27T05:50:00+09:00,CMP-S02-L05-01,S02,S02-L05,1,running,194.0598,486.0216,96.6735,39.8839,-0.0835,A,relation-reasoning-agent-eval-v3.1
2026-08-27T06:00:00+09:00,CMP-S02-L01-01,S02,S02-L01,1,running,201.8749,543.9491,110.7455,33.5364,-1.035,B,relation-reasoning-agent-eval-v3.1
2026-08-27T06:00:00+09:00,CMP-S02-L02-01,S02,S02-L02,1,running,175.0976,506.1356,97.8413,46.6394,1.2031,B,relation-reasoning-agent-eval-v3.1
2026-08-27T06:00:00+09:00,CMP-S02-L03-01,S02,S02-L03,1,running,186.9977,438.9302,98.9111,51.2069,1.7711,B,relation-reasoning-agent-eval-v3.1
2026-08-27T06:00:00+09:00,CMP-S02-L04-01,S02,S02-L04,1,running,184.5661,483.507,86.0495,48.4382,1.2054,B,relation-reasoning-agent-eval-v3.1
2026-08-27T06:00:00+09:00,CMP-S02-L05-01,S02,S02-L05,1,running,179.4766,427.694,101.2869,41.5229,0.22,A,relation-reasoning-agent-eval-v3.1
2026-08-27T06:10:00+09:00,CMP-S02-L01-01,S02,S02-L01,1,running,183.9018,546.3954,102.1387,35.79,-0.6177,A,relation-reasoning-agent-eval-v3.1
2026-08-27T06:10:00+09:00,CMP-S02-L02-01,S02,S02-L02,1,running,144.6995,547.4676,94.5511,51.0114,2.0127,C,relation-reasoning-agent-eval-v3.1
2026-08-27T06:10:00+09:00,CMP-S02-L03-01,S02,S02-L03,1,running,175.5693,424.495,96.2493,45.9298,0.7938,A,relation-reasoning-agent-eval-v3.1
2026-08-27T06:10:00+09:00,CMP-S02-L04-01,S02,S02-L04,1,running,181.1686,520.3714,87.7642,44.2066,0.4217,A,relation-reasoning-agent-eval-v3.1
2026-08-27T06:10:00+09:00,CMP-S02-L05-01,S02,S02-L05,1,running,165.5803,398.5046,100.9658,45.3404,0.9269,A,relation-reasoning-agent-eval-v3.1
2026-08-27T06:20:00+09:00,CMP-S02-L01-01,S02,S02-L01,1,running,188.6533,565.9656,94.9817,37.5022,-0.3006,A,relation-reasoning-agent-eval-v3.1
2026-08-27T06:20:00+09:00,CMP-S02-L02-01,S02,S02-L02,1,running,148.1668,485.7998,87.3198,46.9558,1.2617,B,relation-reasoning-agent-eval-v3.1
2026-08-27T06:20:00+09:00,CMP-S02-L03-01,S02,S02-L03,1,running,189.0399,435.411,102.7693,40.4703,-0.2172,A,relation-reasoning-agent-eval-v3.1
2026-08-27T06:20:00+09:00,CMP-S02-L04-01,S02,S02-L04,1,running,194.0295,521.4389,91.8308,49.5267,1.407,B,relation-reasoning-agent-eval-v3.1
2026-08-27T06:20:00+09:00,CMP-S02-L05-01,S02,S02-L05,1,running,156.6367,434.7269,96.3211,42.6794,0.4341,A,relation-reasoning-agent-eval-v3.1
2026-08-27T06:30:00+09:00,CMP-S02-L01-01,S02,S02-L01,1,running,189.3664,556.6869,97.6204,37.8814,-0.2304,A,relation-reasoning-agent-eval-v3.1
2026-08-27T06:30:00+09:00,CMP-S02-L02-01,S02,S02-L02,1,running,147.2666,473.5697,97.0738,45.2046,0.9374,A,relation-reasoning-agent-eval-v3.1
2026-08-27T06:30:00+09:00,CMP-S02-L03-01,S02,S02-L03,1,running,200.2089,466.9103,101.807,43.1758,0.2838,A,relation-reasoning-agent-eval-v3.1
2026-08-27T06:30:00+09:00,CMP-S02-L04-01,S02,S02-L04,1,running,200.3096,485.2082,93.4024,46.0832,0.7692,A,relation-reasoning-agent-eval-v3.1
2026-08-27T06:30:00+09:00,CMP-S02-L05-01,S02,S02-L05,1,running,151.4649,411.4634,94.6083,40.8386,0.0933,A,relation-reasoning-agent-eval-v3.1
2026-08-27T06:40:00+09:00,CMP-S02-L01-01,S02,S02-L01,1,running,190.3086,558.0742,106.7791,37.7402,-0.2566,A,relation-reasoning-agent-eval-v3.1
2026-08-27T06:40:00+09:00,CMP-S02-L02-01,S02,S02-L02,1,running,158.5911,424.21,96.0614,41.7404,0.2959,A,relation-reasoning-agent-eval-v3.1
2026-08-27T06:40:00+09:00,CMP-S02-L03-01,S02,S02-L03,1,running,169.2197,474.4837,101.0962,48.5411,1.2774,B,relation-reasoning-agent-eval-v3.1
2026-08-27T06:40:00+09:00,CMP-S02-L04-01,S02,S02-L04,1,running,187.1448,414.033,88.8845,47.1356,0.9641,A,relation-reasoning-agent-eval-v3.1
2026-08-27T06:40:00+09:00,CMP-S02-L05-01,S02,S02-L05,1,running,154.4572,465.3602,98.2672,41.4539,0.2072,A,relation-reasoning-agent-eval-v3.1
2026-08-27T06:50:00+09:00,CMP-S02-L01-01,S02,S02-L01,1,running,196.1509,541.7137,107.5232,38.1644,-0.178,A,relation-reasoning-agent-eval-v3.1
2026-08-27T06:50:00+09:00,CMP-S02-L02-01,S02,S02-L02,1,running,164.7114,435.8588,106.03,43.0803,0.544,A,relation-reasoning-agent-eval-v3.1
2026-08-27T06:50:00+09:00,CMP-S02-L03-01,S02,S02-L03,1,running,165.0253,470.425,98.8059,49.6234,1.4778,B,relation-reasoning-agent-eval-v3.1
2026-08-27T06:50:00+09:00,CMP-S02-L04-01,S02,S02-L04,1,running,184.7034,425.3041,87.4142,40.3139,-0.2992,A,relation-reasoning-agent-eval-v3.1
2026-08-27T06:50:00+09:00,CMP-S02-L05-01,S02,S02-L05,1,running,145.9321,450.0482,95.8373,40.3463,0.0021,A,relation-reasoning-agent-eval-v3.1
2026-08-27T07:00:00+09:00,CMP-S02-L01-01,S02,S02-L01,1,running,163.0554,541.1524,103.7897,40.4021,0.2364,A,relation-reasoning-agent-eval-v3.1
2026-08-27T07:00:00+09:00,CMP-S02-L02-01,S02,S02-L02,1,running,168.7525,383.4322,105.3182,45.1692,0.9308,A,relation-reasoning-agent-eval-v3.1
2026-08-27T07:00:00+09:00,CMP-S02-L03-01,S02,S02-L03,1,running,157.5311,445.4993,94.4239,47.1673,1.023,B,relation-reasoning-agent-eval-v3.1
2026-08-27T07:00:00+09:00,CMP-S02-L04-01,S02,S02-L04,1,running,185.4283,424.9756,86.5157,36.5168,-1.0023,B,relation-reasoning-agent-eval-v3.1
2026-08-27T07:00:00+09:00,CMP-S02-L05-01,S02,S02-L05,1,running,147.2216,468.0979,91.1419,45.2011,0.9011,A,relation-reasoning-agent-eval-v3.1
2026-08-27T07:10:00+09:00,CMP-S02-L01-01,S02,S02-L01,1,running,178.3147,505.8146,111.9794,37.8286,-0.2402,A,relation-reasoning-agent-eval-v3.1
2026-08-27T07:10:00+09:00,CMP-S02-L02-01,S02,S02-L02,1,running,149.8878,387.6059,100.0802,40.6787,0.0993,A,relation-reasoning-agent-eval-v3.1
2026-08-27T07:10:00+09:00,CMP-S02-L03-01,S02,S02-L03,1,running,156.2405,474.0145,96.2065,36.7656,-0.9033,A,relation-reasoning-agent-eval-v3.1
2026-08-27T07:10:00+09:00,CMP-S02-L04-01,S02,S02-L04,1,running,181.37,404.2807,91.5368,36.3407,-1.0349,B,relation-reasoning-agent-eval-v3.1
2026-08-27T07:10:00+09:00,CMP-S02-L05-01,S02,S02-L05,1,running,148.6554,481.4656,90.7293,42.5243,0.4054,A,relation-reasoning-agent-eval-v3.1
2026-08-27T07:20:00+09:00,CMP-S02-L01-01,S02,S02-L01,1,running,189.6618,508.9649,112.6236,41.4575,0.4318,A,relation-reasoning-agent-eval-v3.1
2026-08-27T07:20:00+09:00,CMP-S02-L02-01,S02,S02-L02,1,running,157.2895,451.0225,102.0723,41.3678,0.2269,A,relation-reasoning-agent-eval-v3.1
2026-08-27T07:20:00+09:00,CMP-S02-L03-01,S02,S02-L03,1,running,162.4245,415.7266,101.7505,39.4639,-0.4036,A,relation-reasoning-agent-eval-v3.1
2026-08-27T07:20:00+09:00,CMP-S02-L04-01,S02,S02-L04,1,running,184.2436,367.2583,98.7068,45.0069,0.57,A,relation-reasoning-agent-eval-v3.1
2026-08-27T07:20:00+09:00,CMP-S02-L05-01,S02,S02-L05,1,running,173.6296,435.2515,97.7268,40.1524,-0.0338,A,relation-reasoning-agent-eval-v3.1
2026-08-27T07:30:00+09:00,CMP-S02-L01-01,S02,S02-L01,1,running,186.8904,489.4448,113.0152,42.463,0.618,A,relation-reasoning-agent-eval-v3.1
2026-08-27T07:30:00+09:00,CMP-S02-L02-01,S02,S02-L02,1,running,157.9865,509.341,100.1183,38.6878,-0.2694,A,relation-reasoning-agent-eval-v3.1
2026-08-27T07:30:00+09:00,CMP-S02-L03-01,S02,S02-L03,1,running,176.6904,445.4678,100.5272,37.0151,-0.857,A,relation-reasoning-agent-eval-v3.1
2026-08-27T07:30:00+09:00,CMP-S02-L04-01,S02,S02-L04,1,running,189.758,396.8342,96.9444,42.8643,0.1731,A,relation-reasoning-agent-eval-v3.1
2026-08-27T07:30:00+09:00,CMP-S02-L05-01,S02,S02-L05,1,running,179.1394,424.9541,102.4652,43.7551,0.6334,A,relation-reasoning-agent-eval-v3.1
2026-08-27T07:40:00+09:00,CMP-S02-L01-01,S02,S02-L01,1,running,205.1045,501.5116,113.386,44.2318,0.9456,A,relation-reasoning-agent-eval-v3.1
2026-08-27T07:40:00+09:00,CMP-S02-L02-01,S02,S02-L02,1,running,173.5154,518.1371,98.6576,37.4259,-0.5031,A,relation-reasoning-agent-eval-v3.1
2026-08-27T07:40:00+09:00,CMP-S02-L03-01,S02,S02-L03,1,running,171.4405,417.0775,92.12,37.9606,-0.682,A,relation-reasoning-agent-eval-v3.1
2026-08-27T07:40:00+09:00,CMP-S02-L04-01,S02,S02-L04,1,running,191.7456,367.0518,93.0072,41.1326,-0.1475,A,relation-reasoning-agent-eval-v3.1
2026-08-27T07:40:00+09:00,CMP-S02-L05-01,S02,S02-L05,1,running,184.2395,426.8099,106.1059,48.4955,1.5112,B,relation-reasoning-agent-eval-v3.1
2026-08-27T07:50:00+09:00,CMP-S02-L01-01,S02,S02-L01,1,running,200.6321,430.1594,108.1005,42.4086,0.608,A,relation-reasoning-agent-eval-v3.1
2026-08-27T07:50:00+09:00,CMP-S02-L02-01,S02,S02-L02,1,running,184.3842,470.6928,98.9731,36.3537,-0.7017,A,relation-reasoning-agent-eval-v3.1
2026-08-27T07:50:00+09:00,CMP-S02-L03-01,S02,S02-L03,1,running,181.9785,383.6364,102.0209,34.5841,-1.3072,B,relation-reasoning-agent-eval-v3.1
2026-08-27T07:50:00+09:00,CMP-S02-L04-01,S02,S02-L04,1,running,182.0478,431.6041,88.0958,41.0765,-0.1579,A,relation-reasoning-agent-eval-v3.1
2026-08-27T07:50:00+09:00,CMP-S02-L05-01,S02,S02-L05,1,running,183.3795,412.6362,108.2718,53.4467,2.4281,C,relation-reasoning-agent-eval-v3.1
2026-08-27T08:00:00+09:00,CMP-S02-L01-01,S02,S02-L01,1,running,201.6625,451.1723,110.4994,42.0698,0.5452,A,relation-reasoning-agent-eval-v3.1
2026-08-27T08:00:00+09:00,CMP-S02-L02-01,S02,S02-L02,1,running,174.6246,450.4849,93.6215,33.8845,-1.1589,B,relation-reasoning-agent-eval-v3.1
2026-08-27T08:00:00+09:00,CMP-S02-L03-01,S02,S02-L03,1,running,173.0651,410.7236,106.199,33.8484,-1.4435,B,relation-reasoning-agent-eval-v3.1
2026-08-27T08:00:00+09:00,CMP-S02-L04-01,S02,S02-L04,1,running,163.3956,443.2326,87.3751,40.9596,-0.1795,A,relation-reasoning-agent-eval-v3.1
2026-08-27T08:00:00+09:00,CMP-S02-L05-01,S02,S02-L05,1,running,171.6737,391.8558,110.5322,46.6226,1.1644,B,relation-reasoning-agent-eval-v3.1
2026-08-27T08:10:00+09:00,CMP-S02-L01-01,S02,S02-L01,1,running,179.5585,474.4966,106.9259,41.052,0.3567,A,relation-reasoning-agent-eval-v3.1
2026-08-27T08:10:00+09:00,CMP-S02-L02-01,S02,S02-L02,1,running,177.4704,478.3413,93.2319,32.542,-1.4075,B,relation-reasoning-agent-eval-v3.1
2026-08-27T08:10:00+09:00,CMP-S02-L03-01,S02,S02-L03,1,running,158.0599,476.084,102.3981,33.2594,-1.5525,B,relation-reasoning-agent-eval-v3.1
2026-08-27T08:10:00+09:00,CMP-S02-L04-01,S02,S02-L04,1,running,174.1427,451.6893,89.2357,38.0281,-0.7225,A,relation-reasoning-agent-eval-v3.1
2026-08-27T08:10:00+09:00,CMP-S02-L05-01,S02,S02-L05,1,running,166.1139,391.4964,109.0572,36.4006,-0.7286,A,relation-reasoning-agent-eval-v3.1
2026-08-27T08:20:00+09:00,CMP-S02-L01-01,S02,S02-L01,1,running,180.5227,482.7332,108.1641,32.2413,-1.2749,B,relation-reasoning-agent-eval-v3.1
2026-08-27T08:20:00+09:00,CMP-S02-L02-01,S02,S02-L02,1,running,173.643,502.1017,100.1185,29.2697,-2.0135,C,relation-reasoning-agent-eval-v3.1
2026-08-27T08:20:00+09:00,CMP-S02-L03-01,S02,S02-L03,1,running,146.1158,403.9443,94.6091,34.279,-1.3637,B,relation-reasoning-agent-eval-v3.1
2026-08-27T08:20:00+09:00,CMP-S02-L04-01,S02,S02-L04,1,running,174.3145,444.7298,88.8008,40.1436,-0.3307,A,relation-reasoning-agent-eval-v3.1
2026-08-27T08:20:00+09:00,CMP-S02-L05-01,S02,S02-L05,1,running,153.986,394.9877,109.9503,39.1714,-0.2155,A,relation-reasoning-agent-eval-v3.1
2026-08-27T08:30:00+09:00,CMP-S02-L01-01,S02,S02-L01,1,running,184.733,424.4067,110.0199,35.3978,-0.6903,A,relation-reasoning-agent-eval-v3.1
2026-08-27T08:30:00+09:00,CMP-S02-L02-01,S02,S02-L02,1,running,177.4318,524.7721,99.7015,39.7406,-0.0745,A,relation-reasoning-agent-eval-v3.1
2026-08-27T08:30:00+09:00,CMP-S02-L03-01,S02,S02-L03,1,running,149.1849,387.1069,94.4902,40.5586,-0.2009,A,relation-reasoning-agent-eval-v3.1
2026-08-27T08:30:00+09:00,CMP-S02-L04-01,S02,S02-L04,1,running,172.9086,460.0941,93.183,50.785,1.64,B,relation-reasoning-agent-eval-v3.1
2026-08-27T08:30:00+09:00,CMP-S02-L05-01,S02,S02-L05,1,running,162.6888,451.2207,100.231,43.3578,0.5598,A,relation-reasoning-agent-eval-v3.1
2026-08-27T08:40:00+09:00,CMP-S02-L01-01,S02,S02-L01,1,running,194.8454,425.8551,106.8837,35.7557,-0.6241,A,relation-reasoning-agent-eval-v3.1
2026-08-27T08:40:00+09:00,CMP-S02-L02-01,S02,S02-L02,1,running,177.4249,530.8969,100.597,37.6097,-0.4691,A,relation-reasoning-agent-eval-v3.1
2026-08-27T08:40:00+09:00,CMP-S02-L03-01,S02,S02-L03,1,running,155.6133,333.152,97.4796,52.8228,2.0703,C,relation-reasoning-agent-eval-v3.1
2026-08-27T08:40:00+09:00,CMP-S02-L04-01,S02,S02-L04,1,running,172.5536,511.9176,91.5395,52.6432,1.9841,B,relation-reasoning-agent-eval-v3.1
2026-08-27T08:40:00+09:00,CMP-S02-L05-01,S02,S02-L05,1,running,150.7197,432.3205,104.9624,40.7269,0.0726,A,relation-reasoning-agent-eval-v3.1
2026-08-27T08:50:00+09:00,CMP-S02-L01-01,S02,S02-L01,1,running,180.2118,410.0743,100.8661,38.2404,-0.1639,A,relation-reasoning-agent-eval-v3.1
2026-08-27T08:50:00+09:00,CMP-S02-L02-01,S02,S02-L02,1,running,159.1123,534.8527,100.3778,41.9791,0.3401,A,relation-reasoning-agent-eval-v3.1
2026-08-27T08:50:00+09:00,CMP-S02-L03-01,S02,S02-L03,1,running,163.4892,392.3121,101.0187,44.5682,0.5417,A,relation-reasoning-agent-eval-v3.1
2026-08-27T08:50:00+09:00,CMP-S02-L04-01,S02,S02-L04,1,running,162.6274,507.1348,90.0861,53.8696,2.2112,C,relation-reasoning-agent-eval-v3.1
2026-08-27T08:50:00+09:00,CMP-S02-L05-01,S02,S02-L05,1,running,181.7818,410.8282,103.4501,43.4662,0.5799,A,relation-reasoning-agent-eval-v3.1
2026-08-27T09:00:00+09:00,CMP-S02-L01-01,S02,S02-L01,1,running,167.8996,390.5694,96.1268,38.2975,-0.1534,A,relation-reasoning-agent-eval-v3.1
2026-08-27T09:00:00+09:00,CMP-S02-L02-01,S02,S02-L02,1,running,152.4841,486.3251,104.5419,40.1555,0.0024,A,relation-reasoning-agent-eval-v3.1
2026-08-27T09:00:00+09:00,CMP-S02-L03-01,S02,S02-L03,1,running,174.6999,368.8611,105.3091,36.1712,-1.0133,B,relation-reasoning-agent-eval-v3.1
2026-08-27T09:00:00+09:00,CMP-S02-L04-01,S02,S02-L04,1,running,155.6493,487.4305,94.9411,46.1262,0.7772,A,relation-reasoning-agent-eval-v3.1
2026-08-27T09:00:00+09:00,CMP-S02-L05-01,S02,S02-L05,1,running,173.8973,404.9932,107.7754,45.8601,1.0232,B,relation-reasoning-agent-eval-v3.1
2026-08-27T09:10:00+09:00,CMP-S02-L01-01,S02,S02-L01,1,running,167.8231,396.8744,97.7308,40.6924,0.2901,A,relation-reasoning-agent-eval-v3.1
2026-08-27T09:10:00+09:00,CMP-S02-L02-01,S02,S02-L02,1,running,162.827,475.9759,101.883,39.1055,-0.1921,A,relation-reasoning-agent-eval-v3.1
2026-08-27T09:10:00+09:00,CMP-S02-L03-01,S02,S02-L03,1,running,177.9908,415.2911,107.6449,38.0311,-0.6689,A,relation-reasoning-agent-eval-v3.1
2026-08-27T09:10:00+09:00,CMP-S02-L04-01,S02,S02-L04,1,running,150.3499,510.1079,90.9862,43.9319,0.3709,A,relation-reasoning-agent-eval-v3.1
2026-08-27T09:10:00+09:00,CMP-S02-L05-01,S02,S02-L05,1,running,189.1971,400.2093,108.6704,46.1335,1.0738,B,relation-reasoning-agent-eval-v3.1
2026-08-27T09:20:00+09:00,CMP-S02-L01-01,S02,S02-L01,1,running,176.8334,401.3536,95.1363,44.328,0.9634,A,relation-reasoning-agent-eval-v3.1
2026-08-27T09:20:00+09:00,CMP-S02-L02-01,S02,S02-L02,1,running,168.3178,479.8225,105.595,33.3045,-1.2663,B,relation-reasoning-agent-eval-v3.1
2026-08-27T09:20:00+09:00,CMP-S02-L03-01,S02,S02-L03,1,running,191.5871,369.7449,109.1429,32.7388,-1.649,B,relation-reasoning-agent-eval-v3.1
2026-08-27T09:20:00+09:00,CMP-S02-L04-01,S02,S02-L04,1,running,152.6306,469.005,92.2494,49.3839,1.3806,B,relation-reasoning-agent-eval-v3.1
2026-08-27T09:20:00+09:00,CMP-S02-L05-01,S02,S02-L05,1,running,195.465,423.9021,106.0374,39.7922,-0.1005,A,relation-reasoning-agent-eval-v3.1
2026-08-27T09:30:00+09:00,CMP-S02-L01-01,S02,S02-L01,1,running,179.3896,432.2901,103.0595,48.071,1.6566,B,relation-reasoning-agent-eval-v3.1
2026-08-27T09:30:00+09:00,CMP-S02-L02-01,S02,S02-L02,1,running,161.2392,466.9841,101.8419,34.3431,-1.074,B,relation-reasoning-agent-eval-v3.1
2026-08-27T09:30:00+09:00,CMP-S02-L03-01,S02,S02-L03,1,running,183.0935,352.8362,102.739,30.4373,-2.0752,C,relation-reasoning-agent-eval-v3.1
2026-08-27T09:30:00+09:00,CMP-S02-L04-01,S02,S02-L04,1,running,159.7117,501.9322,89.1397,40.6777,-0.2318,A,relation-reasoning-agent-eval-v3.1
2026-08-27T09:30:00+09:00,CMP-S02-L05-01,S02,S02-L05,1,running,196.7422,420.6245,110.1722,38.6415,-0.3136,A,relation-reasoning-agent-eval-v3.1
2026-08-27T09:40:00+09:00,CMP-S02-L01-01,S02,S02-L01,1,running,183.276,431.605,98.98,45.8165,1.2391,B,relation-reasoning-agent-eval-v3.1
2026-08-27T09:40:00+09:00,CMP-S02-L02-01,S02,S02-L02,1,running,160.5056,466.8982,93.4882,33.8571,-1.164,B,relation-reasoning-agent-eval-v3.1
2026-08-27T09:40:00+09:00,CMP-S02-L03-01,S02,S02-L03,1,running,168.2469,359.8284,104.7486,37.7883,-0.7139,A,relation-reasoning-agent-eval-v3.1
2026-08-27T09:40:00+09:00,CMP-S02-L04-01,S02,S02-L04,1,running,168.5766,465.7165,97.1009,41.1631,-0.1418,A,relation-reasoning-agent-eval-v3.1
2026-08-27T09:40:00+09:00,CMP-S02-L05-01,S02,S02-L05,1,running,185.8288,394.9055,105.8301,40.1103,-0.0416,A,relation-reasoning-agent-eval-v3.1
2026-08-27T09:50:00+09:00,CMP-S02-L01-01,S02,S02-L01,1,running,205.8653,498.0216,104.0204,50.0291,2.0192,C,relation-reasoning-agent-eval-v3.1
2026-08-27T09:50:00+09:00,CMP-S02-L02-01,S02,S02-L02,1,running,161.1212,462.359,90.473,38.9026,-0.2296,A,relation-reasoning-agent-eval-v3.1
2026-08-27T09:50:00+09:00,CMP-S02-L03-01,S02,S02-L03,1,running,174.8527,393.7025,105.8122,42.9973,0.2508,A,relation-reasoning-agent-eval-v3.1
2026-08-27T09:50:00+09:00,CMP-S02-L04-01,S02,S02-L04,1,running,173.774,478.9839,98.9488,42.214,0.0528,A,relation-reasoning-agent-eval-v3.1
2026-08-27T09:50:00+09:00,CMP-S02-L05-01,S02,S02-L05,1,running,167.7714,419.3946,98.6949,31.9175,-1.5588,B,relation-reasoning-agent-eval-v3.1
2026-08-27T10:00:00+09:00,CMP-S02-L01-01,S02,S02-L01,1,running,174.8306,518.5919,100.7356,58.6493,3.6155,D,relation-reasoning-agent-eval-v3.1
2026-08-27T10:00:00+09:00,CMP-S02-L02-01,S02,S02-L02,1,running,166.7442,473.4336,90.4244,35.7809,-0.8077,A,relation-reasoning-agent-eval-v3.1
2026-08-27T10:00:00+09:00,CMP-S02-L03-01,S02,S02-L03,1,running,175.6011,392.7924,102.4634,45.5547,0.7244,A,relation-reasoning-agent-eval-v3.1
2026-08-27T10:00:00+09:00,CMP-S02-L04-01,S02,S02-L04,1,running,185.3675,466.2177,93.3458,40.2609,-0.3089,A,relation-reasoning-agent-eval-v3.1
2026-08-27T10:00:00+09:00,CMP-S02-L05-01,S02,S02-L05,1,running,162.4154,427.5072,93.3741,35.4523,-0.9042,A,relation-reasoning-agent-eval-v3.1
2026-08-27T10:10:00+09:00,CMP-S02-L01-01,S02,S02-L01,1,running,153.5004,463.73,105.3197,55.3518,3.0048,D,relation-reasoning-agent-eval-v3.1
2026-08-27T10:10:00+09:00,CMP-S02-L02-01,S02,S02-L02,1,running,173.1588,452.6908,86.9793,32.8554,-1.3495,B,relation-reasoning-agent-eval-v3.1
2026-08-27T10:10:00+09:00,CMP-S02-L03-01,S02,S02-L03,1,running,161.5264,407.2268,107.9631,51.511,1.8274,B,relation-reasoning-agent-eval-v3.1
2026-08-27T10:10:00+09:00,CMP-S02-L04-01,S02,S02-L04,1,running,176.8205,470.0656,78.7734,38.9245,-0.5564,A,relation-reasoning-agent-eval-v3.1
2026-08-27T10:10:00+09:00,CMP-S02-L05-01,S02,S02-L05,1,running,186.1801,463.5803,102.4283,34.646,-1.0535,B,relation-reasoning-agent-eval-v3.1
2026-08-27T10:20:00+09:00,CMP-S02-L01-01,S02,S02-L01,1,running,164.1782,441.9274,109.7253,62.0722,4.2494,D,relation-reasoning-agent-eval-v3.1
2026-08-27T10:20:00+09:00,CMP-S02-L02-01,S02,S02-L02,1,running,173.9453,425.4203,96.5467,39.9802,-0.0301,A,relation-reasoning-agent-eval-v3.1
2026-08-27T10:20:00+09:00,CMP-S02-L03-01,S02,S02-L03,1,running,175.5982,428.2536,110.206,40.6831,-0.1778,A,relation-reasoning-agent-eval-v3.1
2026-08-27T10:20:00+09:00,CMP-S02-L04-01,S02,S02-L04,1,running,189.3552,453.0246,83.5294,35.8182,-1.1317,B,relation-reasoning-agent-eval-v3.1
2026-08-27T10:20:00+09:00,CMP-S02-L05-01,S02,S02-L05,1,running,180.5604,396.887,96.9101,37.0179,-0.6143,A,relation-reasoning-agent-eval-v3.1
2026-08-27T10:30:00+09:00,CMP-S02-L01-01,S02,S02-L01,1,running,168.4792,451.9401,101.8934,56.1648,3.1554,D,relation-reasoning-agent-eval-v3.1
2026-08-27T10:30:00+09:00,CMP-S02-L02-01,S02,S02-L02,1,running,178.2906,428.9827,99.9151,33.4135,-1.2461,B,relation-reasoning-agent-eval-v3.1
2026-08-27T10:30:00+09:00,CMP-S02-L03-01,S02,S02-L03,1,running,182.3753,437.749,106.1939,39.117,-0.4678,A,relation-reasoning-agent-eval-v3.1
2026-08-27T10:30:00+09:00,CMP-S02-L04-01,S02,S02-L04,1,running,168.8013,455.3073,89.3285,40.8169,-0.206,A,relation-reasoning-agent-eval-v3.1
2026-08-27T10:30:00+09:00,CMP-S02-L05-01,S02,S02-L05,1,running,200.3039,368.576,93.3574,39.3601,-0.1805,A,relation-reasoning-agent-eval-v3.1
2026-08-27T10:40:00+09:00,CMP-S02-L01-01,S02,S02-L01,1,running,157.305,473.2422,104.0775,49.839,1.984,B,relation-reasoning-agent-eval-v3.1
2026-08-27T10:40:00+09:00,CMP-S02-L02-01,S02,S02-L02,1,running,153.8479,404.1936,106.5939,36.2652,-0.7181,A,relation-reasoning-agent-eval-v3.1
2026-08-27T10:40:00+09:00,CMP-S02-L03-01,S02,S02-L03,1,running,156.6643,457.3279,110.2128,42.9357,0.2394,A,relation-reasoning-agent-eval-v3.1
2026-08-27T10:40:00+09:00,CMP-S02-L04-01,S02,S02-L04,1,running,175.9102,484.8875,95.9681,38.0676,-0.7151,A,relation-reasoning-agent-eval-v3.1
2026-08-27T10:40:00+09:00,CMP-S02-L05-01,S02,S02-L05,1,running,186.7952,399.4588,85.9205,33.7409,-1.2211,B,relation-reasoning-agent-eval-v3.1
2026-08-27T10:50:00+09:00,CMP-S02-L01-01,S02,S02-L01,1,running,164.0111,441.4574,98.782,49.3471,1.8929,B,relation-reasoning-agent-eval-v3.1
2026-08-27T10:50:00+09:00,CMP-S02-L02-01,S02,S02-L02,1,running,138.1662,408.7661,107.0457,34.4086,-1.0619,B,relation-reasoning-agent-eval-v3.1
2026-08-27T10:50:00+09:00,CMP-S02-L03-01,S02,S02-L03,1,running,167.2838,419.9312,105.7572,41.2747,-0.0682,A,relation-reasoning-agent-eval-v3.1
2026-08-27T10:50:00+09:00,CMP-S02-L04-01,S02,S02-L04,1,running,178.8003,476.3285,91.78,41.0378,-0.1651,A,relation-reasoning-agent-eval-v3.1
2026-08-27T10:50:00+09:00,CMP-S02-L05-01,S02,S02-L05,1,running,178.3636,455.0539,82.0579,29.0407,-2.0915,C,relation-reasoning-agent-eval-v3.1
2026-08-27T11:00:00+09:00,CMP-S02-L01-01,S02,S02-L01,1,running,161.3764,458.7591,101.9301,48.4617,1.7289,B,relation-reasoning-agent-eval-v3.1
2026-08-27T11:00:00+09:00,CMP-S02-L02-01,S02,S02-L02,1,running,145.9925,475.4313,101.5775,38.6907,-0.2689,A,relation-reasoning-agent-eval-v3.1
2026-08-27T11:00:00+09:00,CMP-S02-L03-01,S02,S02-L03,1,running,176.8933,408.2969,97.0561,39.9558,-0.3125,A,relation-reasoning-agent-eval-v3.1
2026-08-27T11:00:00+09:00,CMP-S02-L04-01,S02,S02-L04,1,running,156.2771,542.4167,88.4329,41.9954,0.0123,A,relation-reasoning-agent-eval-v3.1
2026-08-27T11:00:00+09:00,CMP-S02-L05-01,S02,S02-L05,1,running,173.5704,441.631,90.5335,28.8159,-2.1332,C,relation-reasoning-agent-eval-v3.1
2026-08-27T11:10:00+09:00,CMP-S02-L01-01,S02,S02-L01,1,running,140.698,482.7933,97.3784,49.1011,1.8473,B,relation-reasoning-agent-eval-v3.1
2026-08-27T11:10:00+09:00,CMP-S02-L02-01,S02,S02-L02,1,running,156.5451,495.2909,104.0525,41.3669,0.2267,A,relation-reasoning-agent-eval-v3.1
2026-08-27T11:10:00+09:00,CMP-S02-L03-01,S02,S02-L03,1,running,183.1848,390.5373,98.0604,44.2088,0.4751,A,relation-reasoning-agent-eval-v3.1
2026-08-27T11:10:00+09:00,CMP-S02-L04-01,S02,S02-L04,1,running,178.0208,543.1557,90.4373,46.2196,0.7945,A,relation-reasoning-agent-eval-v3.1
2026-08-27T11:10:00+09:00,CMP-S02-L05-01,S02,S02-L05,1,running,194.1251,477.1631,91.9348,37.2854,-0.5647,A,relation-reasoning-agent-eval-v3.1
2026-08-27T11:20:00+09:00,CMP-S02-L01-01,S02,S02-L01,1,running,154.4047,478.3744,93.0624,52.5174,2.48,C,relation-reasoning-agent-eval-v3.1
2026-08-27T11:20:00+09:00,CMP-S02-L02-01,S02,S02-L02,1,running,152.5682,516.3444,100.2139,32.8974,-1.3417,B,relation-reasoning-agent-eval-v3.1
2026-08-27T11:20:00+09:00,CMP-S02-L03-01,S02,S02-L03,1,running,172.6099,371.5969,95.634,43.6069,0.3636,A,relation-reasoning-agent-eval-v3.1
2026-08-27T11:20:00+09:00,CMP-S02-L04-01,S02,S02-L04,1,running,166.3271,509.8923,89.0579,34.6998,-1.3388,B,relation-reasoning-agent-eval-v3.1
2026-08-27T11:20:00+09:00,CMP-S02-L05-01,S02,S02-L05,1,running,181.7105,437.9731,92.0745,41.946,0.2983,A,relation-reasoning-agent-eval-v3.1
2026-08-27T11:30:00+09:00,CMP-S02-L01-01,S02,S02-L01,1,running,144.715,471.2847,97.4176,49.9795,2.01,C,relation-reasoning-agent-eval-v3.1
2026-08-27T11:30:00+09:00,CMP-S02-L02-01,S02,S02-L02,1,running,148.4627,519.4754,103.5898,33.1537,-1.2943,B,relation-reasoning-agent-eval-v3.1
2026-08-27T11:30:00+09:00,CMP-S02-L03-01,S02,S02-L03,1,running,150.944,344.4717,91.8574,41.9065,0.0488,A,relation-reasoning-agent-eval-v3.1
2026-08-27T11:30:00+09:00,CMP-S02-L04-01,S02,S02-L04,1,running,179.6389,511.1489,91.475,36.7217,-0.9644,A,relation-reasoning-agent-eval-v3.1
2026-08-27T11:30:00+09:00,CMP-S02-L05-01,S02,S02-L05,1,running,197.5963,493.1278,91.1303,46.4501,1.1324,B,relation-reasoning-agent-eval-v3.1
2026-08-27T11:40:00+09:00,CMP-S02-L01-01,S02,S02-L01,1,running,138.8553,463.4755,101.5065,40.1969,0.1984,A,relation-reasoning-agent-eval-v3.1
2026-08-27T11:40:00+09:00,CMP-S02-L02-01,S02,S02-L02,1,running,158.566,517.902,98.4488,35.0421,-0.9446,A,relation-reasoning-agent-eval-v3.1
2026-08-27T11:40:00+09:00,CMP-S02-L03-01,S02,S02-L03,1,running,164.9262,354.1529,89.6173,40.8459,-0.1476,A,relation-reasoning-agent-eval-v3.1
2026-08-27T11:40:00+09:00,CMP-S02-L04-01,S02,S02-L04,1,running,195.4231,529.5735,91.9662,35.3727,-1.2141,B,relation-reasoning-agent-eval-v3.1
2026-08-27T11:40:00+09:00,CMP-S02-L05-01,S02,S02-L05,1,running,206.3065,497.9902,104.8712,46.7487,1.1877,B,relation-reasoning-agent-eval-v3.1
2026-08-27T11:50:00+09:00,CMP-S02-L01-01,S02,S02-L01,1,running,149.8281,517.7526,102.3807,39.4212,0.0547,A,relation-reasoning-agent-eval-v3.1
2026-08-27T11:50:00+09:00,CMP-S02-L02-01,S02,S02-L02,1,running,172.4645,457.4178,98.7972,40.7774,0.1175,A,relation-reasoning-agent-eval-v3.1
2026-08-27T11:50:00+09:00,CMP-S02-L03-01,S02,S02-L03,1,running,156.6976,394.2778,94.5186,37.3021,-0.8039,A,relation-reasoning-agent-eval-v3.1
2026-08-27T11:50:00+09:00,CMP-S02-L04-01,S02,S02-L04,1,running,185.5554,488.4361,88.3087,31.5509,-1.9219,B,relation-reasoning-agent-eval-v3.1
2026-08-27T11:50:00+09:00,CMP-S02-L05-01,S02,S02-L05,1,running,189.8434,496.6208,103.0276,40.454,0.022,A,relation-reasoning-agent-eval-v3.1
2026-08-27T12:00:00+09:00,CMP-S02-L01-01,S02,S02-L01,1,running,148.4656,501.221,99.0297,42.6123,0.6457,A,relation-reasoning-agent-eval-v3.1
2026-08-27T12:00:00+09:00,CMP-S02-L02-01,S02,S02-L02,1,running,193.0564,489.7094,100.8234,44.1643,0.7447,A,relation-reasoning-agent-eval-v3.1
2026-08-27T12:00:00+09:00,CMP-S02-L03-01,S02,S02-L03,1,running,158.8784,378.7754,99.6309,42.8648,0.2262,A,relation-reasoning-agent-eval-v3.1
2026-08-27T12:00:00+09:00,CMP-S02-L04-01,S02,S02-L04,1,running,179.8095,462.632,93.306,41.3942,-0.099,A,relation-reasoning-agent-eval-v3.1
2026-08-27T12:00:00+09:00,CMP-S02-L05-01,S02,S02-L05,1,running,182.1078,472.2217,99.3361,41.3443,0.1869,A,relation-reasoning-agent-eval-v3.1
2026-08-27T12:10:00+09:00,CMP-S02-L01-01,S02,S02-L01,1,running,168.9145,488.7773,97.1906,46.0199,1.2767,B,relation-reasoning-agent-eval-v3.1
2026-08-27T12:10:00+09:00,CMP-S02-L02-01,S02,S02-L02,1,running,193.4759,467.4057,98.7026,45.1765,0.9322,A,relation-reasoning-agent-eval-v3.1
2026-08-27T12:10:00+09:00,CMP-S02-L03-01,S02,S02-L03,1,running,159.4728,400.3636,99.8118,45.8427,0.7777,A,relation-reasoning-agent-eval-v3.1
2026-08-27T12:10:00+09:00,CMP-S02-L04-01,S02,S02-L04,1,running,186.7173,510.1564,85.9071,38.9284,-0.5556,A,relation-reasoning-agent-eval-v3.1
2026-08-27T12:10:00+09:00,CMP-S02-L05-01,S02,S02-L05,1,running,176.0095,438.2431,103.5067,34.9,-1.0065,B,relation-reasoning-agent-eval-v3.1
2026-08-27T12:20:00+09:00,CMP-S02-L01-01,S02,S02-L01,1,running,171.1221,468.6754,99.5057,38.8534,-0.0504,A,relation-reasoning-agent-eval-v3.1
2026-08-27T12:20:00+09:00,CMP-S02-L02-01,S02,S02-L02,1,running,184.8268,408.729,99.3735,47.9021,1.4369,B,relation-reasoning-agent-eval-v3.1
2026-08-27T12:20:00+09:00,CMP-S02-L03-01,S02,S02-L03,1,running,160.1137,353.5828,102.1219,48.0534,1.1871,B,relation-reasoning-agent-eval-v3.1
2026-08-27T12:20:00+09:00,CMP-S02-L04-01,S02,S02-L04,1,running,181.2017,543.4821,80.5637,37.1856,-0.8784,A,relation-reasoning-agent-eval-v3.1
2026-08-27T12:20:00+09:00,CMP-S02-L05-01,S02,S02-L05,1,running,167.7092,469.4214,98.8554,38.391,-0.36,A,relation-reasoning-agent-eval-v3.1
2026-08-27T12:30:00+09:00,CMP-S02-L01-01,S02,S02-L01,1,running,178.0845,492.9246,100.2063,27.3476,-2.1811,C,relation-reasoning-agent-eval-v3.1
2026-08-27T12:30:00+09:00,CMP-S02-L02-01,S02,S02-L02,1,running,189.7358,422.409,96.2893,48.2219,1.4961,B,relation-reasoning-agent-eval-v3.1
2026-08-27T12:30:00+09:00,CMP-S02-L03-01,S02,S02-L03,1,running,160.8457,361.5525,98.4373,47.6414,1.1108,B,relation-reasoning-agent-eval-v3.1
2026-08-27T12:30:00+09:00,CMP-S02-L04-01,S02,S02-L04,1,running,186.1833,539.2162,89.137,34.9077,-1.3002,B,relation-reasoning-agent-eval-v3.1
2026-08-27T12:30:00+09:00,CMP-S02-L05-01,S02,S02-L05,1,running,177.49,471.9126,101.2217,36.4952,-0.7111,A,relation-reasoning-agent-eval-v3.1
2026-08-27T12:40:00+09:00,CMP-S02-L01-01,S02,S02-L01,1,running,186.8038,507.1016,95.5589,24.6929,-2.6727,C,relation-reasoning-agent-eval-v3.1
2026-08-27T12:40:00+09:00,CMP-S02-L02-01,S02,S02-L02,1,running,189.9294,445.6169,95.7236,42.926,0.5154,A,relation-reasoning-agent-eval-v3.1
2026-08-27T12:40:00+09:00,CMP-S02-L03-01,S02,S02-L03,1,running,154.7725,420.9571,104.3503,37.9975,-0.6751,A,relation-reasoning-agent-eval-v3.1
2026-08-27T12:40:00+09:00,CMP-S02-L04-01,S02,S02-L04,1,running,179.579,547.9351,94.0913,38.189,-0.6926,A,relation-reasoning-agent-eval-v3.1
2026-08-27T12:40:00+09:00,CMP-S02-L05-01,S02,S02-L05,1,running,190.5811,485.3627,97.6243,41.1613,0.153,A,relation-reasoning-agent-eval-v3.1
2026-08-27T12:50:00+09:00,CMP-S02-L01-01,S02,S02-L01,1,running,181.9925,493.467,103.6801,32.9453,-1.1445,B,relation-reasoning-agent-eval-v3.1
2026-08-27T12:50:00+09:00,CMP-S02-L02-01,S02,S02-L02,1,running,187.2271,445.2779,102.2378,39.7943,-0.0645,A,relation-reasoning-agent-eval-v3.1
2026-08-27T12:50:00+09:00,CMP-S02-L03-01,S02,S02-L03,1,running,181.6923,444.483,106.4284,42.6891,0.1937,A,relation-reasoning-agent-eval-v3.1
2026-08-27T12:50:00+09:00,CMP-S02-L04-01,S02,S02-L04,1,running,182.3483,564.4808,93.0965,35.5761,-1.1765,B,relation-reasoning-agent-eval-v3.1
2026-08-27T12:50:00+09:00,CMP-S02-L05-01,S02,S02-L05,1,running,175.5704,496.2303,99.8129,46.6273,1.1652,B,relation-reasoning-agent-eval-v3.1
2026-08-27T13:00:00+09:00,CMP-S02-L01-01,S02,S02-L01,1,running,179.5826,494.6902,103.61,42.2146,0.572,A,relation-reasoning-agent-eval-v3.1
2026-08-27T13:00:00+09:00,CMP-S02-L02-01,S02,S02-L02,1,running,182.4564,440.9304,95.8589,41.9769,0.3397,A,relation-reasoning-agent-eval-v3.1
2026-08-27T13:00:00+09:00,CMP-S02-L03-01,S02,S02-L03,1,running,163.3106,424.3568,106.0063,37.2029,-0.8223,A,relation-reasoning-agent-eval-v3.1
2026-08-27T13:00:00+09:00,CMP-S02-L04-01,S02,S02-L04,1,running,161.8096,515.3105,89.2457,35.6544,-1.1619,B,relation-reasoning-agent-eval-v3.1
2026-08-27T13:00:00+09:00,CMP-S02-L05-01,S02,S02-L05,1,running,163.9736,479.3415,96.5343,35.1991,-0.9511,A,relation-reasoning-agent-eval-v3.1
2026-08-27T13:10:00+09:00,CMP-S02-L01-01,S02,S02-L01,1,running,177.9066,477.4583,110.3472,42.1784,0.5653,A,relation-reasoning-agent-eval-v3.1
2026-08-27T13:10:00+09:00,CMP-S02-L02-01,S02,S02-L02,1,running,195.3972,427.87,99.5648,40.4995,0.0661,A,relation-reasoning-agent-eval-v3.1
2026-08-27T13:10:00+09:00,CMP-S02-L03-01,S02,S02-L03,1,running,168.6613,405.5053,103.6313,36.6267,-0.929,A,relation-reasoning-agent-eval-v3.1
2026-08-27T13:10:00+09:00,CMP-S02-L04-01,S02,S02-L04,1,running,190.1685,480.1906,89.3375,41.4775,-0.0836,A,relation-reasoning-agent-eval-v3.1
2026-08-27T13:10:00+09:00,CMP-S02-L05-01,S02,S02-L05,1,running,146.8693,456.9641,100.5236,40.13,-0.038,A,relation-reasoning-agent-eval-v3.1
2026-08-27T13:20:00+09:00,CMP-S02-L01-01,S02,S02-L01,1,running,195.131,448.1725,106.0312,39.9514,0.1529,A,relation-reasoning-agent-eval-v3.1
2026-08-27T13:20:00+09:00,CMP-S02-L02-01,S02,S02-L02,1,running,198.2407,413.1388,97.6607,36.2081,-0.7286,A,relation-reasoning-agent-eval-v3.1
2026-08-27T13:20:00+09:00,CMP-S02-L03-01,S02,S02-L03,1,running,183.7977,359.5601,100.5995,40.8194,-0.1525,A,relation-reasoning-agent-eval-v3.1
2026-08-27T13:20:00+09:00,CMP-S02-L04-01,S02,S02-L04,1,running,185.9324,484.1109,88.5138,43.3089,0.2555,A,relation-reasoning-agent-eval-v3.1
2026-08-27T13:20:00+09:00,CMP-S02-L05-01,S02,S02-L05,1,running,163.5568,455.921,87.3795,40.4145,0.0147,A,relation-reasoning-agent-eval-v3.1
2026-08-27T13:30:00+09:00,CMP-S02-L01-01,S02,S02-L01,1,running,197.1745,395.2047,103.6529,36.793,-0.432,A,relation-reasoning-agent-eval-v3.1
2026-08-27T13:30:00+09:00,CMP-S02-L02-01,S02,S02-L02,1,running,169.7082,452.4426,100.5603,41.9158,0.3284,A,relation-reasoning-agent-eval-v3.1
2026-08-27T13:30:00+09:00,CMP-S02-L03-01,S02,S02-L03,1,running,200.54,358.2472,94.5549,39.6927,-0.3612,A,relation-reasoning-agent-eval-v3.1
2026-08-27T13:30:00+09:00,CMP-S02-L04-01,S02,S02-L04,1,running,179.2941,483.8052,86.3108,50.045,1.5029,B,relation-reasoning-agent-eval-v3.1
2026-08-27T13:30:00+09:00,CMP-S02-L05-01,S02,S02-L05,1,running,169.4355,496.3837,97.0119,45.5921,0.9735,A,relation-reasoning-agent-eval-v3.1
2026-08-27T13:40:00+09:00,CMP-S02-L01-01,S02,S02-L01,1,running,190.8224,421.9593,107.8064,34.6845,-0.8224,A,relation-reasoning-agent-eval-v3.1
2026-08-27T13:40:00+09:00,CMP-S02-L02-01,S02,S02-L02,1,running,147.9526,452.509,102.3296,40.3394,0.0364,A,relation-reasoning-agent-eval-v3.1
2026-08-27T13:40:00+09:00,CMP-S02-L03-01,S02,S02-L03,1,running,181.2486,444.7662,95.8591,34.8378,-1.2603,B,relation-reasoning-agent-eval-v3.1
2026-08-27T13:40:00+09:00,CMP-S02-L04-01,S02,S02-L04,1,running,163.7948,523.0345,85.0386,43.3051,0.2548,A,relation-reasoning-agent-eval-v3.1
2026-08-27T13:40:00+09:00,CMP-S02-L05-01,S02,S02-L05,1,running,170.862,503.8429,99.4142,43.4025,0.5681,A,relation-reasoning-agent-eval-v3.1
2026-08-27T13:50:00+09:00,CMP-S02-L01-01,S02,S02-L01,1,running,181.732,436.934,114.0555,39.2812,0.0288,A,relation-reasoning-agent-eval-v3.1
2026-08-27T13:50:00+09:00,CMP-S02-L02-01,S02,S02-L02,1,running,143.6587,394.2107,99.5366,40.4946,0.0652,A,relation-reasoning-agent-eval-v3.1
2026-08-27T13:50:00+09:00,CMP-S02-L03-01,S02,S02-L03,1,running,186.338,480.9233,90.0946,38.2106,-0.6357,A,relation-reasoning-agent-eval-v3.1
2026-08-27T13:50:00+09:00,CMP-S02-L04-01,S02,S02-L04,1,running,173.0648,496.1065,91.7871,39.7744,-0.399,A,relation-reasoning-agent-eval-v3.1
2026-08-27T13:50:00+09:00,CMP-S02-L05-01,S02,S02-L05,1,running,165.0372,422.947,100.737,43.4911,0.5845,A,relation-reasoning-agent-eval-v3.1
2026-08-27T14:00:00+09:00,CMP-S02-L01-01,S02,S02-L01,1,running,173.017,441.836,106.5589,40.0024,0.1624,A,relation-reasoning-agent-eval-v3.1
2026-08-27T14:00:00+09:00,CMP-S02-L02-01,S02,S02-L02,1,running,162.5245,394.5194,107.2154,40.6131,0.0871,A,relation-reasoning-agent-eval-v3.1
2026-08-27T14:00:00+09:00,CMP-S02-L03-01,S02,S02-L03,1,running,182.0402,465.978,86.8496,41.429,-0.0397,A,relation-reasoning-agent-eval-v3.1
2026-08-27T14:00:00+09:00,CMP-S02-L04-01,S02,S02-L04,1,running,179.8055,541.6262,94.3964,48.2081,1.1627,B,relation-reasoning-agent-eval-v3.1
2026-08-27T14:00:00+09:00,CMP-S02-L05-01,S02,S02-L05,1,running,174.084,437.1749,103.225,35.2566,-0.9405,A,relation-reasoning-agent-eval-v3.1
2026-08-27T14:10:00+09:00,CMP-S02-L01-01,S02,S02-L01,1,running,167.9957,492.7671,99.726,45.5913,1.1973,B,relation-reasoning-agent-eval-v3.1
2026-08-27T14:10:00+09:00,CMP-S02-L02-01,S02,S02-L02,1,running,166.8513,387.5225,105.7791,38.925,-0.2255,A,relation-reasoning-agent-eval-v3.1
2026-08-27T14:10:00+09:00,CMP-S02-L03-01,S02,S02-L03,1,running,174.534,459.4601,93.7576,41.3105,-0.0616,A,relation-reasoning-agent-eval-v3.1
2026-08-27T14:10:00+09:00,CMP-S02-L04-01,S02,S02-L04,1,running,174.7705,551.1228,85.6508,45.3846,0.6399,A,relation-reasoning-agent-eval-v3.1
2026-08-27T14:10:00+09:00,CMP-S02-L05-01,S02,S02-L05,1,running,168.8974,445.4928,92.8014,38.0008,-0.4323,A,relation-reasoning-agent-eval-v3.1
2026-08-27T14:20:00+09:00,CMP-S02-L01-01,S02,S02-L01,1,running,183.4147,457.0385,96.4355,38.3036,-0.1522,A,relation-reasoning-agent-eval-v3.1
2026-08-27T14:20:00+09:00,CMP-S02-L02-01,S02,S02-L02,1,running,173.0092,424.3376,98.9988,47.5907,1.3793,B,relation-reasoning-agent-eval-v3.1
2026-08-27T14:20:00+09:00,CMP-S02-L03-01,S02,S02-L03,1,running,170.9836,459.4876,93.6274,44.2517,0.4831,A,relation-reasoning-agent-eval-v3.1
2026-08-27T14:20:00+09:00,CMP-S02-L04-01,S02,S02-L04,1,running,186.7266,579.811,88.6378,38.7128,-0.5956,A,relation-reasoning-agent-eval-v3.1
2026-08-27T14:20:00+09:00,CMP-S02-L05-01,S02,S02-L05,1,running,159.727,452.4103,94.7997,35.9935,-0.804,A,relation-reasoning-agent-eval-v3.1
2026-08-27T14:30:00+09:00,CMP-S02-L01-01,S02,S02-L01,1,running,171.4208,441.1669,97.7242,38.8993,-0.0419,A,relation-reasoning-agent-eval-v3.1
2026-08-27T14:30:00+09:00,CMP-S02-L02-01,S02,S02-L02,1,running,170.5548,426.6232,104.2511,48.2539,1.5021,B,relation-reasoning-agent-eval-v3.1
2026-08-27T14:30:00+09:00,CMP-S02-L03-01,S02,S02-L03,1,running,176.5653,463.7991,88.9222,43.1892,0.2863,A,relation-reasoning-agent-eval-v3.1
2026-08-27T14:30:00+09:00,CMP-S02-L04-01,S02,S02-L04,1,running,175.5299,537.6478,89.641,42.5046,0.1065,A,relation-reasoning-agent-eval-v3.1
2026-08-27T14:30:00+09:00,CMP-S02-L05-01,S02,S02-L05,1,running,175.4689,431.4089,89.2511,34.5604,-1.0694,B,relation-reasoning-agent-eval-v3.1
2026-08-27T14:40:00+09:00,CMP-S02-L01-01,S02,S02-L01,1,running,171.3289,507.6682,96.4687,40.9374,0.3355,A,relation-reasoning-agent-eval-v3.1
2026-08-27T14:40:00+09:00,CMP-S02-L02-01,S02,S02-L02,1,running,166.126,422.1877,96.5164,46.8432,1.2408,B,relation-reasoning-agent-eval-v3.1
2026-08-27T14:40:00+09:00,CMP-S02-L03-01,S02,S02-L03,1,running,173.4611,477.5858,91.9365,46.0374,0.8137,A,relation-reasoning-agent-eval-v3.1
2026-08-27T14:40:00+09:00,CMP-S02-L04-01,S02,S02-L04,1,running,164.3823,532.3133,86.8688,45.7063,0.6995,A,relation-reasoning-agent-eval-v3.1
2026-08-27T14:40:00+09:00,CMP-S02-L05-01,S02,S02-L05,1,running,169.8534,476.6404,94.695,41.4355,0.2038,A,relation-reasoning-agent-eval-v3.1
2026-08-27T14:50:00+09:00,CMP-S02-L01-01,S02,S02-L01,1,running,195.9478,496.3248,101.1763,40.6025,0.2735,A,relation-reasoning-agent-eval-v3.1
2026-08-27T14:50:00+09:00,CMP-S02-L02-01,S02,S02-L02,1,running,163.9241,455.0578,92.3102,46.3848,1.1559,B,relation-reasoning-agent-eval-v3.1
2026-08-27T14:50:00+09:00,CMP-S02-L03-01,S02,S02-L03,1,running,195.9013,501.1387,94.4603,39.9801,-0.308,A,relation-reasoning-agent-eval-v3.1
2026-08-27T14:50:00+09:00,CMP-S02-L04-01,S02,S02-L04,1,running,165.8976,506.5555,90.8681,51.74,1.8169,B,relation-reasoning-agent-eval-v3.1
2026-08-27T14:50:00+09:00,CMP-S02-L05-01,S02,S02-L05,1,running,166.1385,474.1335,97.8767,34.6044,-1.0612,B,relation-reasoning-agent-eval-v3.1
2026-08-27T15:00:00+09:00,CMP-S02-L01-01,S02,S02-L01,1,running,199.1144,484.167,93.0785,45.6308,1.2047,B,relation-reasoning-agent-eval-v3.1
2026-08-27T15:00:00+09:00,CMP-S02-L02-01,S02,S02-L02,1,running,162.9846,450.4892,94.5088,43.7825,0.674,A,relation-reasoning-agent-eval-v3.1
2026-08-27T15:00:00+09:00,CMP-S02-L03-01,S02,S02-L03,1,running,191.35,441.2095,94.8215,38.4644,-0.5887,A,relation-reasoning-agent-eval-v3.1
2026-08-27T15:00:00+09:00,CMP-S02-L04-01,S02,S02-L04,1,running,149.2757,556.5536,94.2759,49.2943,1.3639,B,relation-reasoning-agent-eval-v3.1
2026-08-27T15:00:00+09:00,CMP-S02-L05-01,S02,S02-L05,1,running,154.4936,467.7442,94.2539,36.9573,-0.6255,A,relation-reasoning-agent-eval-v3.1
2026-08-27T15:10:00+09:00,CMP-S02-L01-01,S02,S02-L01,1,running,183.6648,516.5191,92.7067,37.2587,-0.3457,A,relation-reasoning-agent-eval-v3.1
2026-08-27T15:10:00+09:00,CMP-S02-L02-01,S02,S02-L02,1,running,162.4487,436.4692,100.1915,39.9314,-0.0391,A,relation-reasoning-agent-eval-v3.1
2026-08-27T15:10:00+09:00,CMP-S02-L03-01,S02,S02-L03,1,running,165.1393,399.3548,96.8008,39.003,-0.4889,A,relation-reasoning-agent-eval-v3.1
2026-08-27T15:10:00+09:00,CMP-S02-L04-01,S02,S02-L04,1,running,151.3892,524.114,97.9638,46.4864,0.8439,A,relation-reasoning-agent-eval-v3.1
2026-08-27T15:10:00+09:00,CMP-S02-L05-01,S02,S02-L05,1,running,161.0438,432.018,96.1178,37.663,-0.4948,A,relation-reasoning-agent-eval-v3.1
2026-08-27T15:20:00+09:00,CMP-S02-L01-01,S02,S02-L01,1,running,170.9198,473.7775,97.79,37.5194,-0.2974,A,relation-reasoning-agent-eval-v3.1
2026-08-27T15:20:00+09:00,CMP-S02-L02-01,S02,S02-L02,1,running,161.3582,463.3342,100.8925,35.3896,-0.8802,A,relation-reasoning-agent-eval-v3.1
2026-08-27T15:20:00+09:00,CMP-S02-L03-01,S02,S02-L03,1,running,179.3696,432.9573,93.8162,42.6181,0.1805,A,relation-reasoning-agent-eval-v3.1
2026-08-27T15:20:00+09:00,CMP-S02-L04-01,S02,S02-L04,1,running,144.0697,548.1726,95.561,52.3534,1.9305,B,relation-reasoning-agent-eval-v3.1
2026-08-27T15:20:00+09:00,CMP-S02-L05-01,S02,S02-L05,1,running,154.0715,384.8017,101.3798,42.7774,0.4523,A,relation-reasoning-agent-eval-v3.1
2026-08-27T15:30:00+09:00,CMP-S02-L01-01,S02,S02-L01,1,running,181.8141,399.4607,95.9956,35.1876,-0.7293,A,relation-reasoning-agent-eval-v3.1
2026-08-27T15:30:00+09:00,CMP-S02-L02-01,S02,S02-L02,1,running,152.7388,461.9204,102.7302,37.7982,-0.4342,A,relation-reasoning-agent-eval-v3.1
2026-08-27T15:30:00+09:00,CMP-S02-L03-01,S02,S02-L03,1,running,192.2675,433.0849,96.0017,46.2953,0.8615,A,relation-reasoning-agent-eval-v3.1
2026-08-27T15:30:00+09:00,CMP-S02-L04-01,S02,S02-L04,1,running,146.9137,507.1892,99.9367,47.1642,0.9694,A,relation-reasoning-agent-eval-v3.1
2026-08-27T15:30:00+09:00,CMP-S02-L05-01,S02,S02-L05,1,running,150.9355,398.3133,96.08,47.1803,1.2677,B,relation-reasoning-agent-eval-v3.1
2026-08-27T15:40:00+09:00,CMP-S02-L01-01,S02,S02-L01,1,running,159.27,419.8145,99.7296,42.1073,0.5522,A,relation-reasoning-agent-eval-v3.1
2026-08-27T15:40:00+09:00,CMP-S02-L02-01,S02,S02-L02,1,running,149.6177,424.2162,104.0225,36.0719,-0.7538,A,relation-reasoning-agent-eval-v3.1
2026-08-27T15:40:00+09:00,CMP-S02-L03-01,S02,S02-L03,1,running,168.3101,426.2679,92.1501,44.9394,0.6104,A,relation-reasoning-agent-eval-v3.1
2026-08-27T15:40:00+09:00,CMP-S02-L04-01,S02,S02-L04,1,running,127.4379,494.086,101.1017,50.2263,1.5365,B,relation-reasoning-agent-eval-v3.1
2026-08-27T15:40:00+09:00,CMP-S02-L05-01,S02,S02-L05,1,running,165.176,366.2939,104.4183,44.1402,0.7047,A,relation-reasoning-agent-eval-v3.1
2026-08-27T15:50:00+09:00,CMP-S02-L01-01,S02,S02-L01,1,running,167.9367,473.7404,95.1574,38.3407,-0.1454,A,relation-reasoning-agent-eval-v3.1
2026-08-27T15:50:00+09:00,CMP-S02-L02-01,S02,S02-L02,1,running,147.1058,454.5478,92.9123,41.0056,0.1598,A,relation-reasoning-agent-eval-v3.1
2026-08-27T15:50:00+09:00,CMP-S02-L03-01,S02,S02-L03,1,running,156.9396,447.2425,94.7222,39.7451,-0.3515,A,relation-reasoning-agent-eval-v3.1
2026-08-27T15:50:00+09:00,CMP-S02-L04-01,S02,S02-L04,1,running,135.0171,488.5341,96.25,54.7444,2.3732,C,relation-reasoning-agent-eval-v3.1
2026-08-27T15:50:00+09:00,CMP-S02-L05-01,S02,S02-L05,1,running,168.9714,364.0118,106.0714,48.6833,1.546,B,relation-reasoning-agent-eval-v3.1
2026-08-27T16:00:00+09:00,CMP-S02-L01-01,S02,S02-L01,1,running,177.0836,503.4693,93.7585,41.3124,0.405,A,relation-reasoning-agent-eval-v3.1
2026-08-27T16:00:00+09:00,CMP-S02-L02-01,S02,S02-L02,1,running,133.0748,517.5036,88.0726,41.1106,0.1792,A,relation-reasoning-agent-eval-v3.1
2026-08-27T16:00:00+09:00,CMP-S02-L03-01,S02,S02-L03,1,running,151.1242,443.9187,96.574,39.4733,-0.4018,A,relation-reasoning-agent-eval-v3.1
2026-08-27T16:00:00+09:00,CMP-S02-L04-01,S02,S02-L04,1,running,142.1345,468.988,104.0065,53.8157,2.2012,C,relation-reasoning-agent-eval-v3.1
2026-08-27T16:00:00+09:00,CMP-S02-L05-01,S02,S02-L05,1,running,180.1086,391.4701,109.7167,44.941,0.853,A,relation-reasoning-agent-eval-v3.1
2026-08-27T16:10:00+09:00,CMP-S02-L01-01,S02,S02-L01,1,running,197.6224,572.4818,88.4039,46.1407,1.2991,B,relation-reasoning-agent-eval-v3.1
2026-08-27T16:10:00+09:00,CMP-S02-L02-01,S02,S02-L02,1,running,158.3643,464.886,89.8592,39.5112,-0.1169,A,relation-reasoning-agent-eval-v3.1
2026-08-27T16:10:00+09:00,CMP-S02-L03-01,S02,S02-L03,1,running,166.7252,504.0354,96.7741,46.8425,0.9628,A,relation-reasoning-agent-eval-v3.1
2026-08-27T16:10:00+09:00,CMP-S02-L04-01,S02,S02-L04,1,running,163.455,453.2692,96.5502,52.793,2.0119,C,relation-reasoning-agent-eval-v3.1
2026-08-27T16:10:00+09:00,CMP-S02-L05-01,S02,S02-L05,1,running,191.9838,422.2653,107.8636,42.2096,0.3471,A,relation-reasoning-agent-eval-v3.1
2026-08-27T16:20:00+09:00,CMP-S02-L01-01,S02,S02-L01,1,running,178.7359,558.3457,95.7994,46.0802,1.2879,B,relation-reasoning-agent-eval-v3.1
2026-08-27T16:20:00+09:00,CMP-S02-L02-01,S02,S02-L02,1,running,164.917,446.4505,97.2871,36.1809,-0.7337,A,relation-reasoning-agent-eval-v3.1
2026-08-27T16:20:00+09:00,CMP-S02-L03-01,S02,S02-L03,1,running,168.7074,486.4998,106.5445,45.5444,0.7224,A,relation-reasoning-agent-eval-v3.1
2026-08-27T16:20:00+09:00,CMP-S02-L04-01,S02,S02-L04,1,running,152.955,471.5915,93.4181,48.0742,1.138,B,relation-reasoning-agent-eval-v3.1
2026-08-27T16:20:00+09:00,CMP-S02-L05-01,S02,S02-L05,1,running,192.394,410.2065,99.853,39.2435,-0.2021,A,relation-reasoning-agent-eval-v3.1
2026-08-27T16:30:00+09:00,CMP-S02-L01-01,S02,S02-L01,1,running,160.5291,516.7743,100.0076,44.443,0.9847,A,relation-reasoning-agent-eval-v3.1
2026-08-27T16:30:00+09:00,CMP-S02-L02-01,S02,S02-L02,1,running,168.2025,443.9478,95.4725,41.0706,0.1718,A,relation-reasoning-agent-eval-v3.1
2026-08-27T16:30:00+09:00,CMP-S02-L03-01,S02,S02-L03,1,running,178.059,475.4824,116.4409,48.2339,1.2205,B,relation-reasoning-agent-eval-v3.1
2026-08-27T16:30:00+09:00,CMP-S02-L04-01,S02,S02-L04,1,running,158.2548,465.899,87.2165,50.9879,1.6776,B,relation-reasoning-agent-eval-v3.1
2026-08-27T16:30:00+09:00,CMP-S02-L05-01,S02,S02-L05,1,running,171.426,426.565,103.5083,45.7328,0.9996,A,relation-reasoning-agent-eval-v3.1
2026-08-27T16:40:00+09:00,CMP-S02-L01-01,S02,S02-L01,1,running,153.4062,507.8106,104.1781,48.2578,1.6911,B,relation-reasoning-agent-eval-v3.1
2026-08-27T16:40:00+09:00,CMP-S02-L02-01,S02,S02-L02,1,running,159.5632,470.6361,88.6447,44.3063,0.771,A,relation-reasoning-agent-eval-v3.1
2026-08-27T16:40:00+09:00,CMP-S02-L03-01,S02,S02-L03,1,running,197.0284,452.394,108.91,45.7436,0.7593,A,relation-reasoning-agent-eval-v3.1
2026-08-27T16:40:00+09:00,CMP-S02-L04-01,S02,S02-L04,1,running,161.9029,429.2245,89.2616,52.9493,2.0408,C,relation-reasoning-agent-eval-v3.1
2026-08-27T16:40:00+09:00,CMP-S02-L05-01,S02,S02-L05,1,running,176.1682,476.2979,102.0516,45.6695,0.9879,A,relation-reasoning-agent-eval-v3.1
2026-08-27T16:50:00+09:00,CMP-S02-L01-01,S02,S02-L01,1,running,179.4908,453.0842,108.7099,50.2837,2.0663,C,relation-reasoning-agent-eval-v3.1
2026-08-27T16:50:00+09:00,CMP-S02-L02-01,S02,S02-L02,1,running,168.4467,472.1693,91.4921,40.4207,0.0515,A,relation-reasoning-agent-eval-v3.1
2026-08-27T16:50:00+09:00,CMP-S02-L03-01,S02,S02-L03,1,running,202.4496,440.3775,114.0497,48.3226,1.2369,B,relation-reasoning-agent-eval-v3.1
2026-08-27T16:50:00+09:00,CMP-S02-L04-01,S02,S02-L04,1,running,165.0613,425.8361,97.4062,54.5451,2.3363,C,relation-reasoning-agent-eval-v3.1
2026-08-27T16:50:00+09:00,CMP-S02-L05-01,S02,S02-L05,1,running,170.0365,476.6394,100.5126,40.0924,-0.0449,A,relation-reasoning-agent-eval-v3.1
2026-08-27T17:00:00+09:00,CMP-S02-L01-01,S02,S02-L01,1,running,191.0929,468.4446,105.2477,44.2613,0.951,A,relation-reasoning-agent-eval-v3.1
2026-08-27T17:00:00+09:00,CMP-S02-L02-01,S02,S02-L02,1,running,176.6195,464.0213,102.644,34.1806,-1.1041,B,relation-reasoning-agent-eval-v3.1
2026-08-27T17:00:00+09:00,CMP-S02-L03-01,S02,S02-L03,1,running,192.9985,452.8642,112.3342,44.3221,0.4961,A,relation-reasoning-agent-eval-v3.1
2026-08-27T17:00:00+09:00,CMP-S02-L04-01,S02,S02-L04,1,running,162.407,441.9962,104.3436,47.0168,0.9421,A,relation-reasoning-agent-eval-v3.1
2026-08-27T17:00:00+09:00,CMP-S02-L05-01,S02,S02-L05,1,running,175.9831,453.8205,93.1919,40.0146,-0.0593,A,relation-reasoning-agent-eval-v3.1
2026-08-27T17:10:00+09:00,CMP-S02-L01-01,S02,S02-L01,1,running,178.9722,446.269,107.8184,37.572,-0.2877,A,relation-reasoning-agent-eval-v3.1
2026-08-27T17:10:00+09:00,CMP-S02-L02-01,S02,S02-L02,1,running,177.2277,477.967,94.0425,33.61,-1.2098,B,relation-reasoning-agent-eval-v3.1
2026-08-27T17:10:00+09:00,CMP-S02-L03-01,S02,S02-L03,1,running,196.8715,437.2096,109.7594,44.2587,0.4844,A,relation-reasoning-agent-eval-v3.1
2026-08-27T17:10:00+09:00,CMP-S02-L04-01,S02,S02-L04,1,running,166.8669,437.8546,109.2074,47.4919,1.0302,B,relation-reasoning-agent-eval-v3.1
2026-08-27T17:10:00+09:00,CMP-S02-L05-01,S02,S02-L05,1,running,179.073,424.6014,88.8557,35.0371,-0.9811,A,relation-reasoning-agent-eval-v3.1
2026-08-27T17:20:00+09:00,CMP-S02-L01-01,S02,S02-L01,1,running,177.4176,445.2521,107.9,38.5227,-0.1117,A,relation-reasoning-agent-eval-v3.1
2026-08-27T17:20:00+09:00,CMP-S02-L02-01,S02,S02-L02,1,running,167.8471,431.975,99.3774,32.2572,-1.4603,B,relation-reasoning-agent-eval-v3.1
2026-08-27T17:20:00+09:00,CMP-S02-L03-01,S02,S02-L03,1,running,205.8098,445.9232,114.0338,35.2745,-1.1794,B,relation-reasoning-agent-eval-v3.1
2026-08-27T17:20:00+09:00,CMP-S02-L04-01,S02,S02-L04,1,running,176.644,371.8965,109.185,41.0974,-0.1541,A,relation-reasoning-agent-eval-v3.1
2026-08-27T17:20:00+09:00,CMP-S02-L05-01,S02,S02-L05,1,running,162.8454,470.1795,96.9151,41.8808,0.2863,A,relation-reasoning-agent-eval-v3.1
2026-08-27T17:30:00+09:00,CMP-S02-L01-01,S02,S02-L01,1,running,189.2396,423.1142,113.6139,35.186,-0.7296,A,relation-reasoning-agent-eval-v3.1
2026-08-27T17:30:00+09:00,CMP-S02-L02-01,S02,S02-L02,1,running,153.8363,463.1381,108.3986,36.0992,-0.7488,A,relation-reasoning-agent-eval-v3.1
2026-08-27T17:30:00+09:00,CMP-S02-L03-01,S02,S02-L03,1,running,198.2267,412.7186,114.1044,40.4252,-0.2256,A,relation-reasoning-agent-eval-v3.1
2026-08-27T17:30:00+09:00,CMP-S02-L04-01,S02,S02-L04,1,running,204.906,390.9931,105.4931,47.7642,1.0806,B,relation-reasoning-agent-eval-v3.1
2026-08-27T17:30:00+09:00,CMP-S02-L05-01,S02,S02-L05,1,running,171.9389,457.9084,93.9579,41.5555,0.226,A,relation-reasoning-agent-eval-v3.1
2026-08-27T17:40:00+09:00,CMP-S02-L01-01,S02,S02-L01,1,running,189.9351,410.3866,108.227,29.0248,-1.8705,B,relation-reasoning-agent-eval-v3.1
2026-08-27T17:40:00+09:00,CMP-S02-L02-01,S02,S02-L02,1,running,161.8707,450.4889,110.0892,36.8003,-0.619,A,relation-reasoning-agent-eval-v3.1
2026-08-27T17:40:00+09:00,CMP-S02-L03-01,S02,S02-L03,1,running,199.9842,409.6054,108.8595,38.8045,-0.5257,A,relation-reasoning-agent-eval-v3.1
2026-08-27T17:40:00+09:00,CMP-S02-L04-01,S02,S02-L04,1,running,190.9814,440.0068,106.107,47.2105,0.978,A,relation-reasoning-agent-eval-v3.1
2026-08-27T17:40:00+09:00,CMP-S02-L05-01,S02,S02-L05,1,running,175.3138,436.5988,98.498,38.2744,-0.3816,A,relation-reasoning-agent-eval-v3.1
2026-08-27T17:50:00+09:00,CMP-S02-L01-01,S02,S02-L01,1,running,180.5485,472.3794,95.8012,20.943,-3.3672,D,relation-reasoning-agent-eval-v3.1
2026-08-27T17:50:00+09:00,CMP-S02-L02-01,S02,S02-L02,1,running,158.7677,438.0458,110.4501,31.4228,-1.6148,B,relation-reasoning-agent-eval-v3.1
2026-08-27T17:50:00+09:00,CMP-S02-L03-01,S02,S02-L03,1,running,195.9313,408.9189,105.1729,42.1697,0.0975,A,relation-reasoning-agent-eval-v3.1
2026-08-27T17:50:00+09:00,CMP-S02-L04-01,S02,S02-L04,1,running,178.665,416.2024,106.9391,46.4463,0.8365,A,relation-reasoning-agent-eval-v3.1
2026-08-27T17:50:00+09:00,CMP-S02-L05-01,S02,S02-L05,1,running,174.4667,422.9082,90.986,39.4613,-0.1618,A,relation-reasoning-agent-eval-v3.1
2026-08-27T18:00:00+09:00,CMP-S02-L01-01,S02,S02-L01,1,running,184.2838,466.2048,94.4696,29.6642,-1.7521,B,relation-reasoning-agent-eval-v3.1
2026-08-27T18:00:00+09:00,CMP-S02-L02-01,S02,S02-L02,1,running,150.4794,436.1915,113.5651,35.4969,-0.8603,A,relation-reasoning-agent-eval-v3.1
2026-08-27T18:00:00+09:00,CMP-S02-L03-01,S02,S02-L03,1,running,176.0231,389.2399,112.7701,40.9987,-0.1194,A,relation-reasoning-agent-eval-v3.1
2026-08-27T18:00:00+09:00,CMP-S02-L04-01,S02,S02-L04,1,running,184.1307,399.4486,96.5411,41.7731,-0.0289,A,relation-reasoning-agent-eval-v3.1
2026-08-27T18:00:00+09:00,CMP-S02-L05-01,S02,S02-L05,1,running,179.3772,422.14,97.215,39.0413,-0.2396,A,relation-reasoning-agent-eval-v3.1
2026-08-27T18:10:00+09:00,CMP-S02-L01-01,S02,S02-L01,1,running,161.3869,462.288,99.1469,37.3071,-0.3368,A,relation-reasoning-agent-eval-v3.1
2026-08-27T18:10:00+09:00,CMP-S02-L02-01,S02,S02-L02,1,running,167.8219,472.427,105.6425,43.6054,0.6412,A,relation-reasoning-agent-eval-v3.1
2026-08-27T18:10:00+09:00,CMP-S02-L03-01,S02,S02-L03,1,running,169.9406,339.747,101.6032,38.5803,-0.5672,A,relation-reasoning-agent-eval-v3.1
2026-08-27T18:10:00+09:00,CMP-S02-L04-01,S02,S02-L04,1,running,178.3679,387.9465,101.0128,41.4237,-0.0936,A,relation-reasoning-agent-eval-v3.1
2026-08-27T18:10:00+09:00,CMP-S02-L05-01,S02,S02-L05,1,running,180.9143,460.0958,101.0024,40.8363,0.0928,A,relation-reasoning-agent-eval-v3.1
2026-08-27T18:20:00+09:00,CMP-S02-L01-01,S02,S02-L01,1,running,173.1657,461.1035,100.326,30.6044,-1.578,B,relation-reasoning-agent-eval-v3.1
2026-08-27T18:20:00+09:00,CMP-S02-L02-01,S02,S02-L02,1,running,168.5685,477.8171,104.9786,46.2525,1.1314,B,relation-reasoning-agent-eval-v3.1
2026-08-27T18:20:00+09:00,CMP-S02-L03-01,S02,S02-L03,1,running,175.7366,407.6033,101.0403,40.5748,-0.1979,A,relation-reasoning-agent-eval-v3.1
2026-08-27T18:20:00+09:00,CMP-S02-L04-01,S02,S02-L04,1,running,177.6553,441.6534,108.3999,41.4161,-0.095,A,relation-reasoning-agent-eval-v3.1
2026-08-27T18:20:00+09:00,CMP-S02-L05-01,S02,S02-L05,1,running,169.1789,457.8372,100.6286,46.1489,1.0766,B,relation-reasoning-agent-eval-v3.1
2026-08-27T18:30:00+09:00,CMP-S02-L01-01,S02,S02-L01,1,running,175.5962,486.3478,97.7884,36.9068,-0.4109,A,relation-reasoning-agent-eval-v3.1
2026-08-27T18:30:00+09:00,CMP-S02-L02-01,S02,S02-L02,1,running,158.7847,478.0036,105.7889,42.1247,0.367,A,relation-reasoning-agent-eval-v3.1
2026-08-27T18:30:00+09:00,CMP-S02-L03-01,S02,S02-L03,1,running,164.3473,439.1198,98.4157,38.8054,-0.5255,A,relation-reasoning-agent-eval-v3.1
2026-08-27T18:30:00+09:00,CMP-S02-L04-01,S02,S02-L04,1,running,176.0687,449.6325,99.5684,35.3272,-1.2226,B,relation-reasoning-agent-eval-v3.1
2026-08-27T18:30:00+09:00,CMP-S02-L05-01,S02,S02-L05,1,running,175.5587,476.3069,100.4132,44.1019,0.6976,A,relation-reasoning-agent-eval-v3.1
2026-08-27T18:40:00+09:00,CMP-S02-L01-01,S02,S02-L01,1,running,202.0435,468.3849,94.1177,37.3099,-0.3362,A,relation-reasoning-agent-eval-v3.1
2026-08-27T18:40:00+09:00,CMP-S02-L02-01,S02,S02-L02,1,running,158.3276,470.3142,112.0628,43.6395,0.6476,A,relation-reasoning-agent-eval-v3.1
2026-08-27T18:40:00+09:00,CMP-S02-L03-01,S02,S02-L03,1,running,180.5936,522.2671,101.5221,37.3299,-0.7988,A,relation-reasoning-agent-eval-v3.1
2026-08-27T18:40:00+09:00,CMP-S02-L04-01,S02,S02-L04,1,running,180.8578,472.0964,92.0392,36.6271,-0.9819,A,relation-reasoning-agent-eval-v3.1
2026-08-27T18:40:00+09:00,CMP-S02-L05-01,S02,S02-L05,1,running,172.1101,512.9514,101.4597,42.2447,0.3536,A,relation-reasoning-agent-eval-v3.1
2026-08-27T18:50:00+09:00,CMP-S02-L01-01,S02,S02-L01,1,running,178.8854,493.0116,96.7902,43.2575,0.7652,A,relation-reasoning-agent-eval-v3.1
2026-08-27T18:50:00+09:00,CMP-S02-L02-01,S02,S02-L02,1,running,157.5539,471.3201,103.3781,42.634,0.4614,A,relation-reasoning-agent-eval-v3.1
2026-08-27T18:50:00+09:00,CMP-S02-L03-01,S02,S02-L03,1,running,183.053,428.0454,105.3483,37.3576,-0.7936,A,relation-reasoning-agent-eval-v3.1
2026-08-27T18:50:00+09:00,CMP-S02-L04-01,S02,S02-L04,1,running,180.2715,489.3197,90.6075,35.6422,-1.1643,B,relation-reasoning-agent-eval-v3.1
2026-08-27T18:50:00+09:00,CMP-S02-L05-01,S02,S02-L05,1,running,173.6539,571.7556,100.9409,40.1343,-0.0372,A,relation-reasoning-agent-eval-v3.1
2026-08-27T19:00:00+09:00,CMP-S02-L01-01,S02,S02-L01,1,running,194.6934,469.4504,96.6224,36.5479,-0.4774,A,relation-reasoning-agent-eval-v3.1
2026-08-27T19:00:00+09:00,CMP-S02-L02-01,S02,S02-L02,1,running,158.7657,458.6755,102.9526,41.8858,0.3228,A,relation-reasoning-agent-eval-v3.1
2026-08-27T19:00:00+09:00,CMP-S02-L03-01,S02,S02-L03,1,running,174.7044,481.7421,102.3175,32.6177,-1.6714,B,relation-reasoning-agent-eval-v3.1
2026-08-27T19:00:00+09:00,CMP-S02-L04-01,S02,S02-L04,1,running,177.4714,460.0187,96.7014,40.2528,-0.3104,A,relation-reasoning-agent-eval-v3.1
2026-08-27T19:00:00+09:00,CMP-S02-L05-01,S02,S02-L05,1,running,166.3552,520.1431,104.526,36.4934,-0.7114,A,relation-reasoning-agent-eval-v3.1
2026-08-27T19:10:00+09:00,CMP-S02-L01-01,S02,S02-L01,1,running,187.6842,451.0082,99.884,34.8117,-0.7989,A,relation-reasoning-agent-eval-v3.1
2026-08-27T19:10:00+09:00,CMP-S02-L02-01,S02,S02-L02,1,running,151.8248,467.0743,94.9307,43.4059,0.6043,A,relation-reasoning-agent-eval-v3.1
2026-08-27T19:10:00+09:00,CMP-S02-L03-01,S02,S02-L03,1,running,174.0392,477.1066,103.5552,29.7889,-2.1952,C,relation-reasoning-agent-eval-v3.1
2026-08-27T19:10:00+09:00,CMP-S02-L04-01,S02,S02-L04,1,running,190.9088,454.6078,91.77,43.2477,0.2442,A,relation-reasoning-agent-eval-v3.1
2026-08-27T19:10:00+09:00,CMP-S02-L05-01,S02,S02-L05,1,running,154.8932,560.7692,100.6077,41.3199,0.1824,A,relation-reasoning-agent-eval-v3.1
2026-08-27T19:20:00+09:00,CMP-S02-L01-01,S02,S02-L01,1,running,183.2655,473.7265,102.4604,38.8971,-0.0423,A,relation-reasoning-agent-eval-v3.1
2026-08-27T19:20:00+09:00,CMP-S02-L02-01,S02,S02-L02,1,running,164.8693,473.2832,103.5649,41.2834,0.2112,A,relation-reasoning-agent-eval-v3.1
2026-08-27T19:20:00+09:00,CMP-S02-L03-01,S02,S02-L03,1,running,155.6541,457.8922,102.2301,33.342,-1.5373,B,relation-reasoning-agent-eval-v3.1
2026-08-27T19:20:00+09:00,CMP-S02-L04-01,S02,S02-L04,1,running,194.1313,460.1911,92.4788,40.9906,-0.1738,A,relation-reasoning-agent-eval-v3.1
2026-08-27T19:20:00+09:00,CMP-S02-L05-01,S02,S02-L05,1,running,153.0608,513.5471,105.4206,42.6628,0.4311,A,relation-reasoning-agent-eval-v3.1
2026-08-27T19:30:00+09:00,CMP-S02-L01-01,S02,S02-L01,1,running,181.741,487.3683,107.2579,34.6276,-0.833,A,relation-reasoning-agent-eval-v3.1
2026-08-27T19:30:00+09:00,CMP-S02-L02-01,S02,S02-L02,1,running,152.0317,509.4958,97.6589,43.8314,0.6831,A,relation-reasoning-agent-eval-v3.1
2026-08-27T19:30:00+09:00,CMP-S02-L03-01,S02,S02-L03,1,running,153.171,500.766,103.869,31.8044,-1.822,B,relation-reasoning-agent-eval-v3.1
2026-08-27T19:30:00+09:00,CMP-S02-L04-01,S02,S02-L04,1,running,187.8098,475.9404,95.9301,37.6024,-0.8012,A,relation-reasoning-agent-eval-v3.1
2026-08-27T19:30:00+09:00,CMP-S02-L05-01,S02,S02-L05,1,running,160.046,502.2683,100.3688,36.5185,-0.7068,A,relation-reasoning-agent-eval-v3.1
2026-08-27T19:40:00+09:00,CMP-S02-L01-01,S02,S02-L01,1,running,181.278,442.7872,114.0799,35.4823,-0.6747,A,relation-reasoning-agent-eval-v3.1
2026-08-27T19:40:00+09:00,CMP-S02-L02-01,S02,S02-L02,1,running,161.9438,531.9953,98.08,44.6951,0.843,A,relation-reasoning-agent-eval-v3.1
2026-08-27T19:40:00+09:00,CMP-S02-L03-01,S02,S02-L03,1,running,160.2179,466.4514,110.9073,34.3845,-1.3442,B,relation-reasoning-agent-eval-v3.1
2026-08-27T19:40:00+09:00,CMP-S02-L04-01,S02,S02-L04,1,running,184.8698,476.7473,90.501,43.5515,0.3004,A,relation-reasoning-agent-eval-v3.1
2026-08-27T19:40:00+09:00,CMP-S02-L05-01,S02,S02-L05,1,running,171.868,508.545,109.2005,42.6731,0.433,A,relation-reasoning-agent-eval-v3.1
2026-08-27T19:50:00+09:00,CMP-S02-L01-01,S02,S02-L01,1,running,164.0604,468.8002,106.2632,38.8827,-0.045,A,relation-reasoning-agent-eval-v3.1
2026-08-27T19:50:00+09:00,CMP-S02-L02-01,S02,S02-L02,1,running,166.946,555.3291,92.9022,44.4613,0.7997,A,relation-reasoning-agent-eval-v3.1
2026-08-27T19:50:00+09:00,CMP-S02-L03-01,S02,S02-L03,1,running,183.9921,490.9341,104.2244,36.297,-0.99,A,relation-reasoning-agent-eval-v3.1
2026-08-27T19:50:00+09:00,CMP-S02-L04-01,S02,S02-L04,1,running,184.989,467.1391,85.1576,44.5692,0.4889,A,relation-reasoning-agent-eval-v3.1
2026-08-27T19:50:00+09:00,CMP-S02-L05-01,S02,S02-L05,1,running,167.0051,468.6971,105.5213,42.3454,0.3723,A,relation-reasoning-agent-eval-v3.1
2026-08-27T20:00:00+09:00,CMP-S02-L01-01,S02,S02-L01,1,running,154.4697,472.2806,107.4267,41.2088,0.3858,A,relation-reasoning-agent-eval-v3.1
2026-08-27T20:00:00+09:00,CMP-S02-L02-01,S02,S02-L02,1,running,160.2387,519.8783,98.7322,44.5627,0.8185,A,relation-reasoning-agent-eval-v3.1
2026-08-27T20:00:00+09:00,CMP-S02-L03-01,S02,S02-L03,1,running,165.2445,454.7439,97.249,36.6188,-0.9305,A,relation-reasoning-agent-eval-v3.1
2026-08-27T20:00:00+09:00,CMP-S02-L04-01,S02,S02-L04,1,running,172.9627,449.5336,92.5783,42.0806,0.028,A,relation-reasoning-agent-eval-v3.1
2026-08-27T20:00:00+09:00,CMP-S02-L05-01,S02,S02-L05,1,running,144.1778,490.1692,103.5915,38.0115,-0.4303,A,relation-reasoning-agent-eval-v3.1
2026-08-27T20:10:00+09:00,CMP-S02-L01-01,S02,S02-L01,1,running,163.598,505.1281,111.1892,43.0737,0.7311,A,relation-reasoning-agent-eval-v3.1
2026-08-27T20:10:00+09:00,CMP-S02-L02-01,S02,S02-L02,1,running,158.6303,511.1925,102.4253,43.8832,0.6927,A,relation-reasoning-agent-eval-v3.1
2026-08-27T20:10:00+09:00,CMP-S02-L03-01,S02,S02-L03,1,running,186.8552,491.5196,93.6487,31.1087,-1.9508,B,relation-reasoning-agent-eval-v3.1
2026-08-27T20:10:00+09:00,CMP-S02-L04-01,S02,S02-L04,1,running,167.2755,471.3189,90.5063,40.0768,-0.343,A,relation-reasoning-agent-eval-v3.1
2026-08-27T20:10:00+09:00,CMP-S02-L05-01,S02,S02-L05,1,running,132.5242,479.7348,100.1123,37.1001,-0.5991,A,relation-reasoning-agent-eval-v3.1
2026-08-27T20:20:00+09:00,CMP-S02-L01-01,S02,S02-L01,1,running,176.5388,480.2093,111.9873,40.3748,0.2313,A,relation-reasoning-agent-eval-v3.1
2026-08-27T20:20:00+09:00,CMP-S02-L02-01,S02,S02-L02,1,running,170.735,519.4225,101.1697,41.3924,0.2314,A,relation-reasoning-agent-eval-v3.1
2026-08-27T20:20:00+09:00,CMP-S02-L03-01,S02,S02-L03,1,running,187.6526,472.5251,93.821,37.4987,-0.7675,A,relation-reasoning-agent-eval-v3.1
2026-08-27T20:20:00+09:00,CMP-S02-L04-01,S02,S02-L04,1,running,175.3386,485.6347,86.2977,38.4995,-0.6351,A,relation-reasoning-agent-eval-v3.1
2026-08-27T20:20:00+09:00,CMP-S02-L05-01,S02,S02-L05,1,running,121.836,524.5341,104.1103,33.8239,-1.2058,B,relation-reasoning-agent-eval-v3.1
2026-08-27T20:30:00+09:00,CMP-S02-L01-01,S02,S02-L01,1,running,186.2124,406.1181,107.6685,37.6206,-0.2787,A,relation-reasoning-agent-eval-v3.1
2026-08-27T20:30:00+09:00,CMP-S02-L02-01,S02,S02-L02,1,running,169.4368,432.7836,106.1647,39.5907,-0.1022,A,relation-reasoning-agent-eval-v3.1
2026-08-27T20:30:00+09:00,CMP-S02-L03-01,S02,S02-L03,1,running,179.1442,512.3902,101.7181,41.0112,-0.117,A,relation-reasoning-agent-eval-v3.1
2026-08-27T20:30:00+09:00,CMP-S02-L04-01,S02,S02-L04,1,running,193.3874,459.1102,84.0373,43.838,0.3535,A,relation-reasoning-agent-eval-v3.1
2026-08-27T20:30:00+09:00,CMP-S02-L05-01,S02,S02-L05,1,running,142.9613,464.3112,102.6649,35.8499,-0.8306,A,relation-reasoning-agent-eval-v3.1
2026-08-27T20:40:00+09:00,CMP-S02-L01-01,S02,S02-L01,1,running,182.6806,426.6543,108.4866,34.7389,-0.8124,A,relation-reasoning-agent-eval-v3.1
2026-08-27T20:40:00+09:00,CMP-S02-L02-01,S02,S02-L02,1,running,157.3331,413.6542,100.4445,41.5894,0.2679,A,relation-reasoning-agent-eval-v3.1
2026-08-27T20:40:00+09:00,CMP-S02-L03-01,S02,S02-L03,1,running,187.607,487.2862,102.5079,44.1219,0.459,A,relation-reasoning-agent-eval-v3.1
2026-08-27T20:40:00+09:00,CMP-S02-L04-01,S02,S02-L04,1,running,179.9081,442.902,90.5969,49.3705,1.378,B,relation-reasoning-agent-eval-v3.1
2026-08-27T20:40:00+09:00,CMP-S02-L05-01,S02,S02-L05,1,running,142.9292,486.3965,106.1494,36.9777,-0.6217,A,relation-reasoning-agent-eval-v3.1
2026-08-27T20:50:00+09:00,CMP-S02-L01-01,S02,S02-L01,1,running,172.4031,439.5499,105.1833,37.4133,-0.3171,A,relation-reasoning-agent-eval-v3.1
2026-08-27T20:50:00+09:00,CMP-S02-L02-01,S02,S02-L02,1,running,169.0344,497.7207,97.1516,40.2612,0.0219,A,relation-reasoning-agent-eval-v3.1
2026-08-27T20:50:00+09:00,CMP-S02-L03-01,S02,S02-L03,1,running,178.3775,501.4058,109.6005,39.1374,-0.464,A,relation-reasoning-agent-eval-v3.1
2026-08-27T20:50:00+09:00,CMP-S02-L04-01,S02,S02-L04,1,running,182.4586,419.6088,91.4041,48.4931,1.2156,B,relation-reasoning-agent-eval-v3.1
2026-08-27T20:50:00+09:00,CMP-S02-L05-01,S02,S02-L05,1,running,141.213,405.755,110.209,34.512,-1.0783,B,relation-reasoning-agent-eval-v3.1
2026-08-27T21:00:00+09:00,CMP-S02-L01-01,S02,S02-L01,1,running,172.3698,380.2589,106.0652,36.5009,-0.4861,A,relation-reasoning-agent-eval-v3.1
2026-08-27T21:00:00+09:00,CMP-S02-L02-01,S02,S02-L02,1,running,176.3997,504.9049,103.0718,42.6032,0.4557,A,relation-reasoning-agent-eval-v3.1
2026-08-27T21:00:00+09:00,CMP-S02-L03-01,S02,S02-L03,1,running,170.168,501.2334,109.1112,43.1355,0.2764,A,relation-reasoning-agent-eval-v3.1
2026-08-27T21:00:00+09:00,CMP-S02-L04-01,S02,S02-L04,1,running,183.1484,365.1391,91.0693,46.4214,0.8319,A,relation-reasoning-agent-eval-v3.1
2026-08-27T21:00:00+09:00,CMP-S02-L05-01,S02,S02-L05,1,running,165.132,436.5471,108.3138,40.2212,-0.0211,A,relation-reasoning-agent-eval-v3.1
2026-08-27T21:10:00+09:00,CMP-S02-L01-01,S02,S02-L01,1,running,154.0605,426.3527,104.2791,39.4455,0.0592,A,relation-reasoning-agent-eval-v3.1
2026-08-27T21:10:00+09:00,CMP-S02-L02-01,S02,S02-L02,1,running,168.1248,481.78,106.1897,45.6741,1.0243,B,relation-reasoning-agent-eval-v3.1
2026-08-27T21:10:00+09:00,CMP-S02-L03-01,S02,S02-L03,1,running,173.5579,432.3458,104.8897,48.7794,1.3215,B,relation-reasoning-agent-eval-v3.1
2026-08-27T21:10:00+09:00,CMP-S02-L04-01,S02,S02-L04,1,running,190.0411,399.2016,90.2387,43.04,0.2057,A,relation-reasoning-agent-eval-v3.1
2026-08-27T21:10:00+09:00,CMP-S02-L05-01,S02,S02-L05,1,running,171.8126,462.5692,106.6695,42.5103,0.4028,A,relation-reasoning-agent-eval-v3.1
2026-08-27T21:20:00+09:00,CMP-S02-L01-01,S02,S02-L01,1,running,168.2423,459.2834,107.1243,39.8871,0.141,A,relation-reasoning-agent-eval-v3.1
2026-08-27T21:20:00+09:00,CMP-S02-L02-01,S02,S02-L02,1,running,175.2926,490.9932,113.2575,42.2605,0.3922,A,relation-reasoning-agent-eval-v3.1
2026-08-27T21:20:00+09:00,CMP-S02-L03-01,S02,S02-L03,1,running,164.4256,417.1881,96.6027,39.6386,-0.3712,A,relation-reasoning-agent-eval-v3.1
2026-08-27T21:20:00+09:00,CMP-S02-L04-01,S02,S02-L04,1,running,192.7729,383.8228,95.556,39.7371,-0.4059,A,relation-reasoning-agent-eval-v3.1
2026-08-27T21:20:00+09:00,CMP-S02-L05-01,S02,S02-L05,1,running,173.6993,426.6757,106.9136,46.9385,1.2229,B,relation-reasoning-agent-eval-v3.1
2026-08-27T21:30:00+09:00,CMP-S02-L01-01,S02,S02-L01,1,running,187.159,468.5096,105.1351,36.5462,-0.4777,A,relation-reasoning-agent-eval-v3.1
2026-08-27T21:30:00+09:00,CMP-S02-L02-01,S02,S02-L02,1,running,166.9464,500.526,112.7302,45.8667,1.06,B,relation-reasoning-agent-eval-v3.1
2026-08-27T21:30:00+09:00,CMP-S02-L03-01,S02,S02-L03,1,running,154.7219,431.1316,94.1549,40.7187,-0.1712,A,relation-reasoning-agent-eval-v3.1
2026-08-27T21:30:00+09:00,CMP-S02-L04-01,S02,S02-L04,1,running,197.6991,436.8954,97.2092,39.6609,-0.42,A,relation-reasoning-agent-eval-v3.1
2026-08-27T21:30:00+09:00,CMP-S02-L05-01,S02,S02-L05,1,running,163.8314,447.5264,97.3858,46.2914,1.103,B,relation-reasoning-agent-eval-v3.1
2026-08-27T21:40:00+09:00,CMP-S02-L01-01,S02,S02-L01,1,running,176.414,493.7759,111.8013,32.3009,-1.2638,B,relation-reasoning-agent-eval-v3.1
2026-08-27T21:40:00+09:00,CMP-S02-L02-01,S02,S02-L02,1,running,164.3486,495.2717,114.5376,43.9604,0.707,A,relation-reasoning-agent-eval-v3.1
2026-08-27T21:40:00+09:00,CMP-S02-L03-01,S02,S02-L03,1,running,146.5531,472.9998,101.028,43.0126,0.2536,A,relation-reasoning-agent-eval-v3.1
2026-08-27T21:40:00+09:00,CMP-S02-L04-01,S02,S02-L04,1,running,197.5605,461.2204,93.502,39.9045,-0.3749,A,relation-reasoning-agent-eval-v3.1
2026-08-27T21:40:00+09:00,CMP-S02-L05-01,S02,S02-L05,1,running,179.186,434.351,95.9705,35.6626,-0.8653,A,relation-reasoning-agent-eval-v3.1
2026-08-27T21:50:00+09:00,CMP-S02-L01-01,S02,S02-L01,1,running,186.4246,460.8192,110.3267,34.173,-0.9172,A,relation-reasoning-agent-eval-v3.1
2026-08-27T21:50:00+09:00,CMP-S02-L02-01,S02,S02-L02,1,running,172.8682,539.0173,107.3279,46.0202,1.0884,B,relation-reasoning-agent-eval-v3.1
2026-08-27T21:50:00+09:00,CMP-S02-L03-01,S02,S02-L03,1,running,161.9039,499.0796,101.6238,51.3955,1.806,B,relation-reasoning-agent-eval-v3.1
2026-08-27T21:50:00+09:00,CMP-S02-L04-01,S02,S02-L04,1,running,198.7746,472.4013,100.2826,46.1607,0.7836,A,relation-reasoning-agent-eval-v3.1
2026-08-27T21:50:00+09:00,CMP-S02-L05-01,S02,S02-L05,1,running,174.2885,407.4904,92.4845,38.3431,-0.3689,A,relation-reasoning-agent-eval-v3.1
2026-08-27T22:00:00+09:00,CMP-S02-L01-01,S02,S02-L01,1,running,170.8061,481.0875,108.5406,38.5754,-0.1019,A,relation-reasoning-agent-eval-v3.1
2026-08-27T22:00:00+09:00,CMP-S02-L02-01,S02,S02-L02,1,running,176.3964,555.6978,110.0972,49.2444,1.6855,B,relation-reasoning-agent-eval-v3.1
2026-08-27T22:00:00+09:00,CMP-S02-L03-01,S02,S02-L03,1,running,155.2148,511.2458,94.9659,49.547,1.4637,B,relation-reasoning-agent-eval-v3.1
2026-08-27T22:00:00+09:00,CMP-S02-L04-01,S02,S02-L04,1,running,177.9917,459.8297,99.6359,37.5871,-0.8041,A,relation-reasoning-agent-eval-v3.1
2026-08-27T22:00:00+09:00,CMP-S02-L05-01,S02,S02-L05,1,running,165.7121,415.7354,91.485,38.2627,-0.3838,A,relation-reasoning-agent-eval-v3.1
2026-08-27T22:10:00+09:00,CMP-S02-L01-01,S02,S02-L01,1,running,173.3236,440.8178,109.7774,38.2763,-0.1573,A,relation-reasoning-agent-eval-v3.1
2026-08-27T22:10:00+09:00,CMP-S02-L02-01,S02,S02-L02,1,running,168.6865,564.379,111.846,50.7011,1.9553,B,relation-reasoning-agent-eval-v3.1
2026-08-27T22:10:00+09:00,CMP-S02-L03-01,S02,S02-L03,1,running,154.1302,515.3467,91.5362,52.3555,1.9838,B,relation-reasoning-agent-eval-v3.1
2026-08-27T22:10:00+09:00,CMP-S02-L04-01,S02,S02-L04,1,running,188.7654,442.6578,97.9566,38.9474,-0.5522,A,relation-reasoning-agent-eval-v3.1
2026-08-27T22:10:00+09:00,CMP-S02-L05-01,S02,S02-L05,1,running,167.621,489.0507,97.2222,42.8044,0.4573,A,relation-reasoning-agent-eval-v3.1
2026-08-27T22:20:00+09:00,CMP-S02-L01-01,S02,S02-L01,1,running,177.1471,431.9634,104.5157,36.4299,-0.4992,A,relation-reasoning-agent-eval-v3.1
2026-08-27T22:20:00+09:00,CMP-S02-L02-01,S02,S02-L02,1,running,188.1133,607.3688,101.834,43.9272,0.7008,A,relation-reasoning-agent-eval-v3.1
2026-08-27T22:20:00+09:00,CMP-S02-L03-01,S02,S02-L03,1,running,156.6405,533.0493,87.6212,45.2257,0.6634,A,relation-reasoning-agent-eval-v3.1
2026-08-27T22:20:00+09:00,CMP-S02-L04-01,S02,S02-L04,1,running,187.9005,484.0437,103.9531,48.6067,1.2366,B,relation-reasoning-agent-eval-v3.1
2026-08-27T22:20:00+09:00,CMP-S02-L05-01,S02,S02-L05,1,running,157.0419,495.936,98.3987,44.2756,0.7298,A,relation-reasoning-agent-eval-v3.1
2026-08-27T22:30:00+09:00,CMP-S02-L01-01,S02,S02-L01,1,running,170.6678,395.4682,104.966,35.1954,-0.7278,A,relation-reasoning-agent-eval-v3.1
2026-08-27T22:30:00+09:00,CMP-S02-L02-01,S02,S02-L02,1,running,185.8613,581.152,96.6949,43.565,0.6338,A,relation-reasoning-agent-eval-v3.1
2026-08-27T22:30:00+09:00,CMP-S02-L03-01,S02,S02-L03,1,running,161.5929,454.7147,98.0115,47.5079,1.0861,B,relation-reasoning-agent-eval-v3.1
2026-08-27T22:30:00+09:00,CMP-S02-L04-01,S02,S02-L04,1,running,181.5996,506.9942,111.0522,50.3262,1.555,B,relation-reasoning-agent-eval-v3.1
2026-08-27T22:30:00+09:00,CMP-S02-L05-01,S02,S02-L05,1,running,161.3327,492.3733,100.0722,44.9681,0.858,A,relation-reasoning-agent-eval-v3.1
2026-08-27T22:40:00+09:00,CMP-S02-L01-01,S02,S02-L01,1,running,171.8811,443.1377,106.9888,34.9351,-0.776,A,relation-reasoning-agent-eval-v3.1
2026-08-27T22:40:00+09:00,CMP-S02-L02-01,S02,S02-L02,1,running,176.8175,521.5234,105.6578,52.8279,2.3491,C,relation-reasoning-agent-eval-v3.1
2026-08-27T22:40:00+09:00,CMP-S02-L03-01,S02,S02-L03,1,running,188.004,417.3165,94.6293,43.1826,0.2851,A,relation-reasoning-agent-eval-v3.1
2026-08-27T22:40:00+09:00,CMP-S02-L04-01,S02,S02-L04,1,running,191.6971,470.3934,105.3645,55.336,2.4827,C,relation-reasoning-agent-eval-v3.1
2026-08-27T22:40:00+09:00,CMP-S02-L05-01,S02,S02-L05,1,running,156.1838,475.9438,100.8166,48.3016,1.4753,B,relation-reasoning-agent-eval-v3.1
2026-08-27T22:50:00+09:00,CMP-S02-L01-01,S02,S02-L01,1,running,173.5864,402.9858,105.5652,35.3088,-0.7068,A,relation-reasoning-agent-eval-v3.1
2026-08-27T22:50:00+09:00,CMP-S02-L02-01,S02,S02-L02,1,running,176.0718,462.1455,109.2317,51.6874,2.1379,C,relation-reasoning-agent-eval-v3.1
2026-08-27T22:50:00+09:00,CMP-S02-L03-01,S02,S02-L03,1,running,185.7571,449.0776,91.6762,47.9344,1.165,B,relation-reasoning-agent-eval-v3.1
2026-08-27T22:50:00+09:00,CMP-S02-L04-01,S02,S02-L04,1,running,188.8619,430.8366,110.0211,58.5939,3.0861,D,relation-reasoning-agent-eval-v3.1
2026-08-27T22:50:00+09:00,CMP-S02-L05-01,S02,S02-L05,1,running,132.7635,435.9992,92.0241,52.4735,2.2479,C,relation-reasoning-agent-eval-v3.1
2026-08-27T23:00:00+09:00,CMP-S02-L01-01,S02,S02-L01,1,running,172.0961,442.7155,105.4762,29.2925,-1.821,B,relation-reasoning-agent-eval-v3.1
2026-08-27T23:00:00+09:00,CMP-S02-L02-01,S02,S02-L02,1,running,177.3147,488.9735,106.4592,47.3481,1.3343,B,relation-reasoning-agent-eval-v3.1
2026-08-27T23:00:00+09:00,CMP-S02-L03-01,S02,S02-L03,1,running,182.0937,497.7992,89.7001,46.505,0.9003,A,relation-reasoning-agent-eval-v3.1
2026-08-27T23:00:00+09:00,CMP-S02-L04-01,S02,S02-L04,1,running,183.0703,433.9092,95.8779,60.2496,3.3927,D,relation-reasoning-agent-eval-v3.1
2026-08-27T23:00:00+09:00,CMP-S02-L05-01,S02,S02-L05,1,running,146.591,378.1503,92.6288,47.7997,1.3823,B,relation-reasoning-agent-eval-v3.1
2026-08-27T23:10:00+09:00,CMP-S02-L01-01,S02,S02-L01,1,running,174.0588,417.0584,102.3509,33.6489,-1.0142,B,relation-reasoning-agent-eval-v3.1
2026-08-27T23:10:00+09:00,CMP-S02-L02-01,S02,S02-L02,1,running,191.8339,490.1127,104.7815,44.7154,0.8468,A,relation-reasoning-agent-eval-v3.1
2026-08-27T23:10:00+09:00,CMP-S02-L03-01,S02,S02-L03,1,running,173.9181,498.237,90.9495,43.4125,0.3276,A,relation-reasoning-agent-eval-v3.1
2026-08-27T23:10:00+09:00,CMP-S02-L04-01,S02,S02-L04,1,running,200.6633,454.0653,97.0394,51.0321,1.6857,B,relation-reasoning-agent-eval-v3.1
2026-08-27T23:10:00+09:00,CMP-S02-L05-01,S02,S02-L05,1,running,158.642,374.3557,98.0493,44.4968,0.7707,A,relation-reasoning-agent-eval-v3.1
2026-08-27T23:20:00+09:00,CMP-S02-L01-01,S02,S02-L01,1,running,187.0316,457.5151,97.9198,34.8008,-0.8009,A,relation-reasoning-agent-eval-v3.1
2026-08-27T23:20:00+09:00,CMP-S02-L02-01,S02,S02-L02,1,running,190.9017,470.2864,103.4092,46.2032,1.1223,B,relation-reasoning-agent-eval-v3.1
2026-08-27T23:20:00+09:00,CMP-S02-L03-01,S02,S02-L03,1,running,168.5032,449.8115,97.1477,43.5811,0.3589,A,relation-reasoning-agent-eval-v3.1
2026-08-27T23:20:00+09:00,CMP-S02-L04-01,S02,S02-L04,1,running,201.4747,424.1676,91.5515,48.4592,1.2093,B,relation-reasoning-agent-eval-v3.1
2026-08-27T23:20:00+09:00,CMP-S02-L05-01,S02,S02-L05,1,running,157.7594,389.5087,103.585,41.7934,0.2701,A,relation-reasoning-agent-eval-v3.1
2026-08-27T23:30:00+09:00,CMP-S02-L01-01,S02,S02-L01,1,running,179.9717,427.6939,97.284,37.2258,-0.3518,A,relation-reasoning-agent-eval-v3.1
2026-08-27T23:30:00+09:00,CMP-S02-L02-01,S02,S02-L02,1,running,183.2468,508.0058,105.212,42.2157,0.3839,A,relation-reasoning-agent-eval-v3.1
2026-08-27T23:30:00+09:00,CMP-S02-L03-01,S02,S02-L03,1,running,171.4096,409.9911,95.3475,47.5443,1.0928,B,relation-reasoning-agent-eval-v3.1
2026-08-27T23:30:00+09:00,CMP-S02-L04-01,S02,S02-L04,1,running,187.8237,470.6001,93.8203,47.1848,0.9733,A,relation-reasoning-agent-eval-v3.1
2026-08-27T23:30:00+09:00,CMP-S02-L05-01,S02,S02-L05,1,running,151.806,417.107,108.0714,49.2918,1.6587,B,relation-reasoning-agent-eval-v3.1
2026-08-27T23:40:00+09:00,CMP-S02-L01-01,S02,S02-L01,1,running,174.0958,429.5196,96.2852,41.6321,0.4642,A,relation-reasoning-agent-eval-v3.1
2026-08-27T23:40:00+09:00,CMP-S02-L02-01,S02,S02-L02,1,running,174.1341,428.8685,92.1839,48.8733,1.6168,B,relation-reasoning-agent-eval-v3.1
2026-08-27T23:40:00+09:00,CMP-S02-L03-01,S02,S02-L03,1,running,160.3109,421.6038,100.7429,46.0156,0.8097,A,relation-reasoning-agent-eval-v3.1
2026-08-27T23:40:00+09:00,CMP-S02-L04-01,S02,S02-L04,1,running,190.674,472.8961,99.0452,42.19,0.0483,A,relation-reasoning-agent-eval-v3.1
2026-08-27T23:40:00+09:00,CMP-S02-L05-01,S02,S02-L05,1,running,145.2298,436.3673,105.6245,48.3328,1.4811,B,relation-reasoning-agent-eval-v3.1
2026-08-27T23:50:00+09:00,CMP-S02-L01-01,S02,S02-L01,1,running,172.5765,457.0227,98.5826,41.5001,0.4397,A,relation-reasoning-agent-eval-v3.1
2026-08-27T23:50:00+09:00,CMP-S02-L02-01,S02,S02-L02,1,running,202.1041,463.9447,99.5768,52.9495,2.3716,C,relation-reasoning-agent-eval-v3.1
2026-08-27T23:50:00+09:00,CMP-S02-L03-01,S02,S02-L03,1,running,143.0249,445.8592,106.1797,46.2846,0.8595,A,relation-reasoning-agent-eval-v3.1
2026-08-27T23:50:00+09:00,CMP-S02-L04-01,S02,S02-L04,1,running,161.8555,484.0028,102.9861,39.166,-0.5117,A,relation-reasoning-agent-eval-v3.1
2026-08-27T23:50:00+09:00,CMP-S02-L05-01,S02,S02-L05,1,running,146.4659,455.8863,102.7598,53.3007,2.4011,C,relation-reasoning-agent-eval-v3.1
2026-08-28T00:00:00+09:00,CMP-S02-L01-01,S02,S02-L01,1,running,181.121,492.9658,96.4578,42.2936,0.5866,A,relation-reasoning-agent-eval-v3.1
2026-08-28T00:00:00+09:00,CMP-S02-L02-01,S02,S02-L02,1,running,201.5434,468.638,103.8923,43.9707,0.7089,A,relation-reasoning-agent-eval-v3.1
2026-08-28T00:00:00+09:00,CMP-S02-L03-01,S02,S02-L03,1,running,153.2041,473.7556,104.3383,39.4613,-0.4041,A,relation-reasoning-agent-eval-v3.1
2026-08-28T00:00:00+09:00,CMP-S02-L04-01,S02,S02-L04,1,running,172.1875,479.6763,102.7989,43.7538,0.3379,A,relation-reasoning-agent-eval-v3.1
2026-08-28T00:00:00+09:00,CMP-S02-L05-01,S02,S02-L05,1,running,162.2285,453.7949,94.83,52.9254,2.3316,C,relation-reasoning-agent-eval-v3.1
2026-08-28T00:10:00+09:00,CMP-S02-L01-01,S02,S02-L01,1,running,184.8591,484.1607,102.0978,33.4838,-1.0448,B,relation-reasoning-agent-eval-v3.1
2026-08-28T00:10:00+09:00,CMP-S02-L02-01,S02,S02-L02,1,running,185.5719,515.0149,106.7706,43.1185,0.5511,A,relation-reasoning-agent-eval-v3.1
2026-08-28T00:10:00+09:00,CMP-S02-L03-01,S02,S02-L03,1,running,160.4287,378.3219,101.501,37.6746,-0.7349,A,relation-reasoning-agent-eval-v3.1
2026-08-28T00:10:00+09:00,CMP-S02-L04-01,S02,S02-L04,1,running,167.1039,412.4369,105.0402,42.2513,0.0597,A,relation-reasoning-agent-eval-v3.1
2026-08-28T00:10:00+09:00,CMP-S02-L05-01,S02,S02-L05,1,running,169.6629,468.8935,94.6051,50.1421,1.8161,B,relation-reasoning-agent-eval-v3.1
2026-08-28T00:20:00+09:00,CMP-S02-L01-01,S02,S02-L01,1,running,178.5454,494.7499,98.868,34.2959,-0.8944,A,relation-reasoning-agent-eval-v3.1
2026-08-28T00:20:00+09:00,CMP-S02-L02-01,S02,S02-L02,1,running,181.0276,478.8618,108.5172,44.6992,0.8438,A,relation-reasoning-agent-eval-v3.1
2026-08-28T00:20:00+09:00,CMP-S02-L03-01,S02,S02-L03,1,running,154.863,348.556,111.6143,41.9975,0.0656,A,relation-reasoning-agent-eval-v3.1
2026-08-28T00:20:00+09:00,CMP-S02-L04-01,S02,S02-L04,1,running,147.7928,377.3034,95.6706,45.3648,0.6362,A,relation-reasoning-agent-eval-v3.1
2026-08-28T00:20:00+09:00,CMP-S02-L05-01,S02,S02-L05,1,running,174.7303,411.5085,99.8375,42.9542,0.485,A,relation-reasoning-agent-eval-v3.1
2026-08-28T00:30:00+09:00,CMP-S02-L01-01,S02,S02-L01,1,running,170.8114,467.8211,94.702,33.3769,-1.0646,B,relation-reasoning-agent-eval-v3.1
2026-08-28T00:30:00+09:00,CMP-S02-L02-01,S02,S02-L02,1,running,170.765,471.5397,110.9638,43.3569,0.5952,A,relation-reasoning-agent-eval-v3.1
2026-08-28T00:30:00+09:00,CMP-S02-L03-01,S02,S02-L03,1,running,165.4887,390.721,103.3741,36.6038,-0.9332,A,relation-reasoning-agent-eval-v3.1
2026-08-28T00:30:00+09:00,CMP-S02-L04-01,S02,S02-L04,1,running,159.7321,399.8994,97.0179,40.4799,-0.2684,A,relation-reasoning-agent-eval-v3.1
2026-08-28T00:30:00+09:00,CMP-S02-L05-01,S02,S02-L05,1,running,175.3266,433.1016,98.8494,41.8385,0.2784,A,relation-reasoning-agent-eval-v3.1
2026-08-28T00:40:00+09:00,CMP-S02-L01-01,S02,S02-L01,1,running,181.0297,430.2999,92.627,28.407,-1.9849,B,relation-reasoning-agent-eval-v3.1
2026-08-28T00:40:00+09:00,CMP-S02-L02-01,S02,S02-L02,1,running,163.6681,457.6454,105.9527,39.203,-0.174,A,relation-reasoning-agent-eval-v3.1
2026-08-28T00:40:00+09:00,CMP-S02-L03-01,S02,S02-L03,1,running,169.7468,389.876,108.814,40.5202,-0.208,A,relation-reasoning-agent-eval-v3.1
2026-08-28T00:40:00+09:00,CMP-S02-L04-01,S02,S02-L04,1,running,175.8935,369.484,107.5719,43.168,0.2294,A,relation-reasoning-agent-eval-v3.1
2026-08-28T00:40:00+09:00,CMP-S02-L05-01,S02,S02-L05,1,running,166.9422,421.4953,89.5294,40.1519,-0.0339,A,relation-reasoning-agent-eval-v3.1
2026-08-28T00:50:00+09:00,CMP-S02-L01-01,S02,S02-L01,1,running,163.6362,466.967,94.5392,23.9511,-2.8101,C,relation-reasoning-agent-eval-v3.1
2026-08-28T00:50:00+09:00,CMP-S02-L02-01,S02,S02-L02,1,running,149.5987,459.7984,105.7558,47.483,1.3593,B,relation-reasoning-agent-eval-v3.1
2026-08-28T00:50:00+09:00,CMP-S02-L03-01,S02,S02-L03,1,running,189.2223,416.8514,105.7559,38.4805,-0.5857,A,relation-reasoning-agent-eval-v3.1
2026-08-28T00:50:00+09:00,CMP-S02-L04-01,S02,S02-L04,1,running,186.9771,429.2885,99.6251,50.3852,1.5659,B,relation-reasoning-agent-eval-v3.1
2026-08-28T00:50:00+09:00,CMP-S02-L05-01,S02,S02-L05,1,running,172.3792,433.6543,95.2897,46.1427,1.0755,B,relation-reasoning-agent-eval-v3.1
2026-08-28T01:00:00+09:00,CMP-S02-L01-01,S02,S02-L01,1,running,171.2309,487.8209,98.6338,20.2506,-3.4954,D,relation-reasoning-agent-eval-v3.1
2026-08-28T01:00:00+09:00,CMP-S02-L02-01,S02,S02-L02,1,running,166.7018,443.4,102.9223,42.1165,0.3655,A,relation-reasoning-agent-eval-v3.1
2026-08-28T01:00:00+09:00,CMP-S02-L03-01,S02,S02-L03,1,running,196.3443,413.9771,104.7693,45.9514,0.7978,A,relation-reasoning-agent-eval-v3.1
2026-08-28T01:00:00+09:00,CMP-S02-L04-01,S02,S02-L04,1,running,172.5887,456.0222,99.0775,43.3836,0.2693,A,relation-reasoning-agent-eval-v3.1
2026-08-28T01:00:00+09:00,CMP-S02-L05-01,S02,S02-L05,1,running,163.3462,411.7021,92.0581,48.5087,1.5137,B,relation-reasoning-agent-eval-v3.1
2026-08-28T01:10:00+09:00,CMP-S02-L01-01,S02,S02-L01,1,running,174.9029,487.7153,100.4364,21.9349,-3.1835,D,relation-reasoning-agent-eval-v3.1
2026-08-28T01:10:00+09:00,CMP-S02-L02-01,S02,S02-L02,1,running,142.0313,475.8067,97.4659,38.4275,-0.3176,A,relation-reasoning-agent-eval-v3.1
2026-08-28T01:10:00+09:00,CMP-S02-L03-01,S02,S02-L03,1,running,179.4314,367.2661,100.0486,44.5598,0.5401,A,relation-reasoning-agent-eval-v3.1
2026-08-28T01:10:00+09:00,CMP-S02-L04-01,S02,S02-L04,1,running,170.1924,475.3088,92.6771,49.9545,1.4862,B,relation-reasoning-agent-eval-v3.1
2026-08-28T01:10:00+09:00,CMP-S02-L05-01,S02,S02-L05,1,running,138.1207,423.547,101.519,45.6089,0.9767,A,relation-reasoning-agent-eval-v3.1
2026-08-28T01:20:00+09:00,CMP-S02-L01-01,S02,S02-L01,1,running,173.2528,413.4486,95.6015,13.5896,-4.7289,D,relation-reasoning-agent-eval-v3.1
2026-08-28T01:20:00+09:00,CMP-S02-L02-01,S02,S02-L02,1,running,162.5902,480.7023,105.5255,39.5315,-0.1132,A,relation-reasoning-agent-eval-v3.1
2026-08-28T01:20:00+09:00,CMP-S02-L03-01,S02,S02-L03,1,running,158.7688,380.0272,101.3344,42.3378,0.1286,A,relation-reasoning-agent-eval-v3.1
2026-08-28T01:20:00+09:00,CMP-S02-L04-01,S02,S02-L04,1,running,172.5287,479.9104,90.7863,48.2387,1.1684,B,relation-reasoning-agent-eval-v3.1
2026-08-28T01:20:00+09:00,CMP-S02-L05-01,S02,S02-L05,1,running,143.3647,430.117,99.7241,41.9241,0.2943,A,relation-reasoning-agent-eval-v3.1
2026-08-28T01:30:00+09:00,CMP-S02-L01-01,S02,S02-L01,1,running,177.8841,445.7712,108.0256,18.9708,-3.7324,D,relation-reasoning-agent-eval-v3.1
2026-08-28T01:30:00+09:00,CMP-S02-L02-01,S02,S02-L02,1,running,163.966,444.261,107.0917,38.3618,-0.3298,A,relation-reasoning-agent-eval-v3.1
2026-08-28T01:30:00+09:00,CMP-S02-L03-01,S02,S02-L03,1,running,176.7784,349.9015,101.706,39.5348,-0.3904,A,relation-reasoning-agent-eval-v3.1
2026-08-28T01:30:00+09:00,CMP-S02-L04-01,S02,S02-L04,1,running,178.5014,446.8259,92.3431,52.8368,2.0199,C,relation-reasoning-agent-eval-v3.1
2026-08-28T01:30:00+09:00,CMP-S02-L05-01,S02,S02-L05,1,running,152.893,434.0383,99.3871,41.8884,0.2877,A,relation-reasoning-agent-eval-v3.1
2026-08-28T01:40:00+09:00,CMP-S02-L01-01,S02,S02-L01,1,running,194.6537,442.682,115.4134,24.2887,-2.7476,C,relation-reasoning-agent-eval-v3.1
2026-08-28T01:40:00+09:00,CMP-S02-L02-01,S02,S02-L02,1,running,181.5978,470.5483,111.3913,43.0324,0.5351,A,relation-reasoning-agent-eval-v3.1
2026-08-28T01:40:00+09:00,CMP-S02-L03-01,S02,S02-L03,1,running,197.6814,354.2904,103.4972,37.4131,-0.7834,A,relation-reasoning-agent-eval-v3.1
2026-08-28T01:40:00+09:00,CMP-S02-L04-01,S02,S02-L04,1,running,186.1677,470.2126,96.7396,46.1174,0.7756,A,relation-reasoning-agent-eval-v3.1
2026-08-28T01:40:00+09:00,CMP-S02-L05-01,S02,S02-L05,1,running,171.2723,407.2118,96.5628,39.1669,-0.2163,A,relation-reasoning-agent-eval-v3.1
2026-08-28T01:50:00+09:00,CMP-S02-L01-01,S02,S02-L01,1,running,194.5595,437.458,111.9796,23.7823,-2.8414,C,relation-reasoning-agent-eval-v3.1
2026-08-28T01:50:00+09:00,CMP-S02-L02-01,S02,S02-L02,1,running,198.277,455.7527,105.0994,47.1867,1.3044,B,relation-reasoning-agent-eval-v3.1
2026-08-28T01:50:00+09:00,CMP-S02-L03-01,S02,S02-L03,1,running,202.6111,399.8057,100.7394,40.5519,-0.2021,A,relation-reasoning-agent-eval-v3.1
2026-08-28T01:50:00+09:00,CMP-S02-L04-01,S02,S02-L04,1,running,176.3828,477.3878,93.1837,48.5073,1.2182,B,relation-reasoning-agent-eval-v3.1
2026-08-28T01:50:00+09:00,CMP-S02-L05-01,S02,S02-L05,1,running,154.2384,387.6014,94.3227,38.739,-0.2956,A,relation-reasoning-agent-eval-v3.1
2026-08-28T02:00:00+09:00,CMP-S02-L01-01,S02,S02-L01,1,running,170.5343,454.66,108.1797,29.3996,-1.8011,B,relation-reasoning-agent-eval-v3.1
2026-08-28T02:00:00+09:00,CMP-S02-L02-01,S02,S02-L02,1,running,176.1663,484.4669,97.9651,39.471,-0.1244,A,relation-reasoning-agent-eval-v3.1
2026-08-28T02:00:00+09:00,CMP-S02-L03-01,S02,S02-L03,1,running,213.2889,456.7171,92.9664,46.237,0.8507,A,relation-reasoning-agent-eval-v3.1
2026-08-28T02:00:00+09:00,CMP-S02-L04-01,S02,S02-L04,1,running,177.845,510.9394,95.4719,50.3719,1.5635,B,relation-reasoning-agent-eval-v3.1
2026-08-28T02:00:00+09:00,CMP-S02-L05-01,S02,S02-L05,1,running,138.1954,410.3818,94.553,41.7588,0.2637,A,relation-reasoning-agent-eval-v3.1
2026-08-28T02:10:00+09:00,CMP-S02-L01-01,S02,S02-L01,1,running,176.8865,468.0567,97.5101,27.0836,-2.23,C,relation-reasoning-agent-eval-v3.1
2026-08-28T02:10:00+09:00,CMP-S02-L02-01,S02,S02-L02,1,running,193.9838,530.9106,93.3675,47.0801,1.2847,B,relation-reasoning-agent-eval-v3.1
2026-08-28T02:10:00+09:00,CMP-S02-L03-01,S02,S02-L03,1,running,227.2803,483.5263,95.2178,41.7651,0.0226,A,relation-reasoning-agent-eval-v3.1
2026-08-28T02:10:00+09:00,CMP-S02-L04-01,S02,S02-L04,1,running,180.675,482.5555,91.3639,48.1373,1.1497,B,relation-reasoning-agent-eval-v3.1
2026-08-28T02:10:00+09:00,CMP-S02-L05-01,S02,S02-L05,1,running,141.0284,448.3367,95.0545,36.0153,-0.7999,A,relation-reasoning-agent-eval-v3.1
2026-08-28T02:20:00+09:00,CMP-S02-L01-01,S02,S02-L01,1,running,173.5135,455.6248,104.8442,22.6306,-3.0546,D,relation-reasoning-agent-eval-v3.1
2026-08-28T02:20:00+09:00,CMP-S02-L02-01,S02,S02-L02,1,running,198.0082,498.1842,93.7459,43.2342,0.5725,A,relation-reasoning-agent-eval-v3.1
2026-08-28T02:20:00+09:00,CMP-S02-L03-01,S02,S02-L03,1,running,220.183,506.9183,91.0683,37.3324,-0.7983,A,relation-reasoning-agent-eval-v3.1
2026-08-28T02:20:00+09:00,CMP-S02-L04-01,S02,S02-L04,1,running,177.1028,490.4117,91.2478,39.9578,-0.3651,A,relation-reasoning-agent-eval-v3.1
2026-08-28T02:20:00+09:00,CMP-S02-L05-01,S02,S02-L05,1,running,143.2192,469.2988,95.7464,40.8891,0.1026,A,relation-reasoning-agent-eval-v3.1
2026-08-28T02:30:00+09:00,CMP-S02-L01-01,S02,S02-L01,1,running,167.723,469.4907,103.2077,26.2895,-2.3771,C,relation-reasoning-agent-eval-v3.1
2026-08-28T02:30:00+09:00,CMP-S02-L02-01,S02,S02-L02,1,running,175.7755,494.829,93.4314,45.745,1.0375,B,relation-reasoning-agent-eval-v3.1
2026-08-28T02:30:00+09:00,CMP-S02-L03-01,S02,S02-L03,1,running,200.6407,494.1824,93.6789,36.7842,-0.8998,A,relation-reasoning-agent-eval-v3.1
2026-08-28T02:30:00+09:00,CMP-S02-L04-01,S02,S02-L04,1,running,180.7417,495.7359,88.6035,38.2758,-0.6765,A,relation-reasoning-agent-eval-v3.1
2026-08-28T02:30:00+09:00,CMP-S02-L05-01,S02,S02-L05,1,running,157.2606,481.9172,95.892,37.6242,-0.502,A,relation-reasoning-agent-eval-v3.1
2026-08-28T02:40:00+09:00,CMP-S02-L01-01,S02,S02-L01,1,running,169.9278,487.2923,113.109,34.5561,-0.8462,A,relation-reasoning-agent-eval-v3.1
2026-08-28T02:40:00+09:00,CMP-S02-L02-01,S02,S02-L02,1,running,172.4152,463.8765,93.5444,44.157,0.7434,A,relation-reasoning-agent-eval-v3.1
2026-08-28T02:40:00+09:00,CMP-S02-L03-01,S02,S02-L03,1,running,190.8976,494.2773,97.455,37.6413,-0.7411,A,relation-reasoning-agent-eval-v3.1
2026-08-28T02:40:00+09:00,CMP-S02-L04-01,S02,S02-L04,1,running,181.2918,524.7033,87.591,41.7534,-0.0325,A,relation-reasoning-agent-eval-v3.1
2026-08-28T02:40:00+09:00,CMP-S02-L05-01,S02,S02-L05,1,running,142.5004,437.8401,100.6814,38.5334,-0.3336,A,relation-reasoning-agent-eval-v3.1
2026-08-28T02:50:00+09:00,CMP-S02-L01-01,S02,S02-L01,1,running,165.9889,478.4659,108.5795,31.3421,-1.4414,B,relation-reasoning-agent-eval-v3.1
2026-08-28T02:50:00+09:00,CMP-S02-L02-01,S02,S02-L02,1,running,186.4177,423.7381,88.649,38.0828,-0.3815,A,relation-reasoning-agent-eval-v3.1
2026-08-28T02:50:00+09:00,CMP-S02-L03-01,S02,S02-L03,1,running,188.7648,466.0043,100.3557,32.6356,-1.6681,B,relation-reasoning-agent-eval-v3.1
2026-08-28T02:50:00+09:00,CMP-S02-L04-01,S02,S02-L04,1,running,178.7175,521.3259,89.8399,43.699,0.3278,A,relation-reasoning-agent-eval-v3.1
2026-08-28T02:50:00+09:00,CMP-S02-L05-01,S02,S02-L05,1,running,159.7922,444.8773,103.3852,33.5201,-1.262,B,relation-reasoning-agent-eval-v3.1
2026-08-28T03:00:00+09:00,CMP-S02-L01-01,S02,S02-L01,1,running,182.0017,481.7151,105.6974,34.3279,-0.8885,A,relation-reasoning-agent-eval-v3.1
2026-08-28T03:00:00+09:00,CMP-S02-L02-01,S02,S02-L02,1,running,170.8557,430.0755,90.9265,34.6942,-1.009,B,relation-reasoning-agent-eval-v3.1
2026-08-28T03:00:00+09:00,CMP-S02-L03-01,S02,S02-L03,1,running,171.0836,495.2931,98.7658,33.034,-1.5943,B,relation-reasoning-agent-eval-v3.1
2026-08-28T03:00:00+09:00,CMP-S02-L04-01,S02,S02-L04,1,running,174.2785,527.6434,93.7847,44.7813,0.5282,A,relation-reasoning-agent-eval-v3.1
2026-08-28T03:00:00+09:00,CMP-S02-L05-01,S02,S02-L05,1,running,167.7784,408.853,100.9454,41.4758,0.2113,A,relation-reasoning-agent-eval-v3.1
2026-08-28T03:10:00+09:00,CMP-S02-L01-01,S02,S02-L01,1,running,172.7476,470.4554,103.7612,43.8838,0.8811,A,relation-reasoning-agent-eval-v3.1
2026-08-28T03:10:00+09:00,CMP-S02-L02-01,S02,S02-L02,1,running,158.8017,417.1181,100.1172,31.6421,-1.5742,B,relation-reasoning-agent-eval-v3.1
2026-08-28T03:10:00+09:00,CMP-S02-L03-01,S02,S02-L03,1,running,157.8174,469.5795,105.5936,37.2523,-0.8131,A,relation-reasoning-agent-eval-v3.1
2026-08-28T03:10:00+09:00,CMP-S02-L04-01,S02,S02-L04,1,running,192.7984,543.9044,87.6518,41.2408,-0.1275,A,relation-reasoning-agent-eval-v3.1
2026-08-28T03:10:00+09:00,CMP-S02-L05-01,S02,S02-L05,1,running,158.0325,413.3659,101.7564,38.0847,-0.4167,A,relation-reasoning-agent-eval-v3.1
2026-08-28T03:20:00+09:00,CMP-S02-L01-01,S02,S02-L01,1,running,193.1959,494.5541,106.068,44.7337,1.0385,B,relation-reasoning-agent-eval-v3.1
2026-08-28T03:20:00+09:00,CMP-S02-L02-01,S02,S02-L02,1,running,165.2082,466.1094,95.5923,36.5589,-0.6637,A,relation-reasoning-agent-eval-v3.1
2026-08-28T03:20:00+09:00,CMP-S02-L03-01,S02,S02-L03,1,running,161.9995,484.773,104.0145,29.3563,-2.2753,C,relation-reasoning-agent-eval-v3.1
2026-08-28T03:20:00+09:00,CMP-S02-L04-01,S02,S02-L04,1,running,189.269,545.7747,91.1841,41.3509,-0.1071,A,relation-reasoning-agent-eval-v3.1
2026-08-28T03:20:00+09:00,CMP-S02-L05-01,S02,S02-L05,1,running,169.8934,427.1474,97.9066,40.0343,-0.0557,A,relation-reasoning-agent-eval-v3.1
2026-08-28T03:30:00+09:00,CMP-S02-L01-01,S02,S02-L01,1,running,187.922,476.0772,115.6995,40.3428,0.2254,A,relation-reasoning-agent-eval-v3.1
2026-08-28T03:30:00+09:00,CMP-S02-L02-01,S02,S02-L02,1,running,173.1658,514.1403,95.7464,37.3849,-0.5107,A,relation-reasoning-agent-eval-v3.1
2026-08-28T03:30:00+09:00,CMP-S02-L03-01,S02,S02-L03,1,running,176.8824,479.5287,100.2185,36.1583,-1.0157,B,relation-reasoning-agent-eval-v3.1
2026-08-28T03:30:00+09:00,CMP-S02-L04-01,S02,S02-L04,1,running,170.0212,509.3967,89.0706,41.2623,-0.1235,A,relation-reasoning-agent-eval-v3.1
2026-08-28T03:30:00+09:00,CMP-S02-L05-01,S02,S02-L05,1,running,181.1921,434.1288,95.163,38.5658,-0.3276,A,relation-reasoning-agent-eval-v3.1
2026-08-28T03:40:00+09:00,CMP-S02-L01-01,S02,S02-L01,1,running,189.7975,423.4546,111.8296,37.309,-0.3364,A,relation-reasoning-agent-eval-v3.1
2026-08-28T03:40:00+09:00,CMP-S02-L02-01,S02,S02-L02,1,running,182.636,539.2229,100.8561,32.7405,-1.3708,B,relation-reasoning-agent-eval-v3.1
2026-08-28T03:40:00+09:00,CMP-S02-L03-01,S02,S02-L03,1,running,178.1042,419.5378,104.5258,38.9967,-0.4901,A,relation-reasoning-agent-eval-v3.1
2026-08-28T03:40:00+09:00,CMP-S02-L04-01,S02,S02-L04,1,running,154.5385,508.6321,90.4227,39.6311,-0.4256,A,relation-reasoning-agent-eval-v3.1
2026-08-28T03:40:00+09:00,CMP-S02-L05-01,S02,S02-L05,1,running,165.676,444.335,91.9676,43.4496,0.5768,A,relation-reasoning-agent-eval-v3.1
2026-08-28T03:50:00+09:00,CMP-S02-L01-01,S02,S02-L01,1,running,178.2338,405.0206,109.7639,36.7673,-0.4367,A,relation-reasoning-agent-eval-v3.1
2026-08-28T03:50:00+09:00,CMP-S02-L02-01,S02,S02-L02,1,running,187.7096,520.2677,99.9989,31.7446,-1.5552,B,relation-reasoning-agent-eval-v3.1
2026-08-28T03:50:00+09:00,CMP-S02-L03-01,S02,S02-L03,1,running,185.8071,401.1512,102.9325,40.7706,-0.1616,A,relation-reasoning-agent-eval-v3.1
2026-08-28T03:50:00+09:00,CMP-S02-L04-01,S02,S02-L04,1,running,132.5174,509.9634,90.9998,42.6786,0.1388,A,relation-reasoning-agent-eval-v3.1
2026-08-28T03:50:00+09:00,CMP-S02-L05-01,S02,S02-L05,1,running,170.1252,472.2825,91.1524,39.7763,-0.1035,A,relation-reasoning-agent-eval-v3.1
2026-08-28T04:00:00+09:00,CMP-S02-L01-01,S02,S02-L01,1,running,166.3436,462.3871,105.9729,32.1658,-1.2889,B,relation-reasoning-agent-eval-v3.1
2026-08-28T04:00:00+09:00,CMP-S02-L02-01,S02,S02-L02,1,running,172.8284,516.9698,101.4817,26.5533,-2.5165,C,relation-reasoning-agent-eval-v3.1
2026-08-28T04:00:00+09:00,CMP-S02-L03-01,S02,S02-L03,1,running,183.9524,377.5442,96.515,40.4415,-0.2225,A,relation-reasoning-agent-eval-v3.1
2026-08-28T04:00:00+09:00,CMP-S02-L04-01,S02,S02-L04,1,running,154.5326,530.2159,91.6878,42.4171,0.0904,A,relation-reasoning-agent-eval-v3.1
2026-08-28T04:00:00+09:00,CMP-S02-L05-01,S02,S02-L05,1,running,168.6195,500.7356,98.1646,38.983,-0.2504,A,relation-reasoning-agent-eval-v3.1
2026-08-28T04:10:00+09:00,CMP-S02-L01-01,S02,S02-L01,1,running,165.0402,476.7063,105.0121,29.8953,-1.7093,B,relation-reasoning-agent-eval-v3.1
2026-08-28T04:10:00+09:00,CMP-S02-L02-01,S02,S02-L02,1,running,172.5109,512.717,104.1187,35.6117,-0.8391,A,relation-reasoning-agent-eval-v3.1
2026-08-28T04:10:00+09:00,CMP-S02-L03-01,S02,S02-L03,1,running,177.5663,432.2451,93.4402,33.4038,-1.5258,B,relation-reasoning-agent-eval-v3.1
2026-08-28T04:10:00+09:00,CMP-S02-L04-01,S02,S02-L04,1,running,173.8175,485.7792,93.5217,41.0906,-0.1553,A,relation-reasoning-agent-eval-v3.1
2026-08-28T04:10:00+09:00,CMP-S02-L05-01,S02,S02-L05,1,running,191.5568,464.6231,97.9157,39.6697,-0.1232,A,relation-reasoning-agent-eval-v3.1
2026-08-28T04:20:00+09:00,CMP-S02-L01-01,S02,S02-L01,1,running,160.2734,453.6519,104.6944,33.0622,-1.1229,B,relation-reasoning-agent-eval-v3.1
2026-08-28T04:20:00+09:00,CMP-S02-L02-01,S02,S02-L02,1,running,195.185,492.0744,100.1533,38.7859,-0.2513,A,relation-reasoning-agent-eval-v3.1
2026-08-28T04:20:00+09:00,CMP-S02-L03-01,S02,S02-L03,1,running,161.2378,437.3814,101.078,40.6828,-0.1779,A,relation-reasoning-agent-eval-v3.1
2026-08-28T04:20:00+09:00,CMP-S02-L04-01,S02,S02-L04,1,running,183.4738,516.345,98.915,38.4151,-0.6508,A,relation-reasoning-agent-eval-v3.1
2026-08-28T04:20:00+09:00,CMP-S02-L05-01,S02,S02-L05,1,running,205.3015,443.4094,100.1003,33.3427,-1.2949,B,relation-reasoning-agent-eval-v3.1
2026-08-28T04:30:00+09:00,CMP-S02-L01-01,S02,S02-L01,1,running,167.4177,464.1116,109.0203,39.1025,-0.0043,A,relation-reasoning-agent-eval-v3.1
2026-08-28T04:30:00+09:00,CMP-S02-L02-01,S02,S02-L02,1,running,198.5166,470.335,102.1234,33.7591,-1.1821,B,relation-reasoning-agent-eval-v3.1
2026-08-28T04:30:00+09:00,CMP-S02-L03-01,S02,S02-L03,1,running,186.1491,395.5582,100.858,39.7868,-0.3438,A,relation-reasoning-agent-eval-v3.1
2026-08-28T04:30:00+09:00,CMP-S02-L04-01,S02,S02-L04,1,running,178.2002,473.5428,105.0956,39.3515,-0.4773,A,relation-reasoning-agent-eval-v3.1
2026-08-28T04:30:00+09:00,CMP-S02-L05-01,S02,S02-L05,1,running,200.0657,466.1115,93.6043,35.653,-0.867,A,relation-reasoning-agent-eval-v3.1
2026-08-28T04:40:00+09:00,CMP-S02-L01-01,S02,S02-L01,1,running,166.8525,486.5,108.3488,36.1547,-0.5502,A,relation-reasoning-agent-eval-v3.1
2026-08-28T04:40:00+09:00,CMP-S02-L02-01,S02,S02-L02,1,running,184.453,441.6296,105.8816,37.6862,-0.4549,A,relation-reasoning-agent-eval-v3.1
2026-08-28T04:40:00+09:00,CMP-S02-L03-01,S02,S02-L03,1,running,182.6262,354.6182,99.2481,35.4988,-1.1379,B,relation-reasoning-agent-eval-v3.1
2026-08-28T04:40:00+09:00,CMP-S02-L04-01,S02,S02-L04,1,running,167.066,491.4582,111.7236,37.8773,-0.7503,A,relation-reasoning-agent-eval-v3.1
2026-08-28T04:40:00+09:00,CMP-S02-L05-01,S02,S02-L05,1,running,175.5063,410.0115,89.5867,36.3246,-0.7427,A,relation-reasoning-agent-eval-v3.1
2026-08-28T04:50:00+09:00,CMP-S02-L01-01,S02,S02-L01,1,running,152.8939,476.8578,106.026,46.5753,1.3796,B,relation-reasoning-agent-eval-v3.1
2026-08-28T04:50:00+09:00,CMP-S02-L02-01,S02,S02-L02,1,running,171.3616,471.1992,104.104,41.3285,0.2196,A,relation-reasoning-agent-eval-v3.1
2026-08-28T04:50:00+09:00,CMP-S02-L03-01,S02,S02-L03,1,running,187.623,357.9639,99.2293,37.787,-0.7141,A,relation-reasoning-agent-eval-v3.1
2026-08-28T04:50:00+09:00,CMP-S02-L04-01,S02,S02-L04,1,running,167.3415,482.7382,105.735,42.4554,0.0975,A,relation-reasoning-agent-eval-v3.1
2026-08-28T04:50:00+09:00,CMP-S02-L05-01,S02,S02-L05,1,running,172.3865,466.4415,86.6794,40.1381,-0.0365,A,relation-reasoning-agent-eval-v3.1
2026-08-28T05:00:00+09:00,CMP-S02-L01-01,S02,S02-L01,1,running,167.2178,490.8558,106.2197,48.355,1.7091,B,relation-reasoning-agent-eval-v3.1
2026-08-28T05:00:00+09:00,CMP-S02-L02-01,S02,S02-L02,1,running,186.7324,427.8559,105.542,43.6561,0.6506,A,relation-reasoning-agent-eval-v3.1
2026-08-28T05:00:00+09:00,CMP-S02-L03-01,S02,S02-L03,1,running,179.9293,384.5143,95.1574,34.9335,-1.2425,B,relation-reasoning-agent-eval-v3.1
2026-08-28T05:00:00+09:00,CMP-S02-L04-01,S02,S02-L04,1,running,154.8199,448.7702,104.6202,44.5456,0.4845,A,relation-reasoning-agent-eval-v3.1
2026-08-28T05:00:00+09:00,CMP-S02-L05-01,S02,S02-L05,1,running,182.8737,441.2593,90.7282,44.6036,0.7905,A,relation-reasoning-agent-eval-v3.1
2026-08-28T05:10:00+09:00,CMP-S02-L01-01,S02,S02-L01,1,running,177.3447,503.9958,109.6908,42.7972,0.6799,A,relation-reasoning-agent-eval-v3.1
2026-08-28T05:10:00+09:00,CMP-S02-L02-01,S02,S02-L02,1,running,186.0153,439.0319,112.179,41.9409,0.333,A,relation-reasoning-agent-eval-v3.1
2026-08-28T05:10:00+09:00,CMP-S02-L03-01,S02,S02-L03,1,running,179.9382,418.5803,96.8901,36.4316,-0.9651,A,relation-reasoning-agent-eval-v3.1
2026-08-28T05:10:00+09:00,CMP-S02-L04-01,S02,S02-L04,1,running,168.6423,445.2123,114.1815,46.6049,0.8659,A,relation-reasoning-agent-eval-v3.1
2026-08-28T05:10:00+09:00,CMP-S02-L05-01,S02,S02-L05,1,running,188.4487,447.419,93.6265,34.6324,-1.056,B,relation-reasoning-agent-eval-v3.1
2026-08-28T05:20:00+09:00,CMP-S02-L01-01,S02,S02-L01,1,running,195.5928,457.0775,107.4543,43.6345,0.835,A,relation-reasoning-agent-eval-v3.1
2026-08-28T05:20:00+09:00,CMP-S02-L02-01,S02,S02-L02,1,running,189.2924,441.0675,106.5704,38.3163,-0.3382,A,relation-reasoning-agent-eval-v3.1
2026-08-28T05:20:00+09:00,CMP-S02-L03-01,S02,S02-L03,1,running,187.5626,394.123,94.319,38.328,-0.6139,A,relation-reasoning-agent-eval-v3.1
2026-08-28T05:20:00+09:00,CMP-S02-L04-01,S02,S02-L04,1,running,184.8805,447.7601,123.7326,48.747,1.2626,B,relation-reasoning-agent-eval-v3.1
2026-08-28T05:20:00+09:00,CMP-S02-L05-01,S02,S02-L05,1,running,202.2628,448.4211,93.5612,43.3589,0.56,A,relation-reasoning-agent-eval-v3.1
2026-08-28T05:30:00+09:00,CMP-S02-L01-01,S02,S02-L01,1,running,181.643,483.0844,106.3811,38.3275,-0.1478,A,relation-reasoning-agent-eval-v3.1
2026-08-28T05:30:00+09:00,CMP-S02-L02-01,S02,S02-L02,1,running,192.6738,492.0821,101.9485,43.6968,0.6582,A,relation-reasoning-agent-eval-v3.1
2026-08-28T05:30:00+09:00,CMP-S02-L03-01,S02,S02-L03,1,running,197.4797,373.6014,93.0249,37.5098,-0.7654,A,relation-reasoning-agent-eval-v3.1
2026-08-28T05:30:00+09:00,CMP-S02-L04-01,S02,S02-L04,1,running,180.541,464.3598,120.2947,52.1795,1.8982,B,relation-reasoning-agent-eval-v3.1
2026-08-28T05:30:00+09:00,CMP-S02-L05-01,S02,S02-L05,1,running,188.3847,473.4919,90.9211,38.3064,-0.3757,A,relation-reasoning-agent-eval-v3.1
2026-08-28T05:40:00+09:00,CMP-S02-L01-01,S02,S02-L01,1,running,161.5858,463.7325,104.9494,34.6583,-0.8273,A,relation-reasoning-agent-eval-v3.1
2026-08-28T05:40:00+09:00,CMP-S02-L02-01,S02,S02-L02,1,running,168.2004,551.9161,104.0513,38.469,-0.3099,A,relation-reasoning-agent-eval-v3.1
2026-08-28T05:40:00+09:00,CMP-S02-L03-01,S02,S02-L03,1,running,179.8571,396.399,94.007,34.8257,-1.2625,B,relation-reasoning-agent-eval-v3.1
2026-08-28T05:40:00+09:00,CMP-S02-L04-01,S02,S02-L04,1,running,178.9456,462.3741,113.692,54.2578,2.2831,C,relation-reasoning-agent-eval-v3.1
2026-08-28T05:40:00+09:00,CMP-S02-L05-01,S02,S02-L05,1,running,176.5315,487.4049,95.5142,36.906,-0.635,A,relation-reasoning-agent-eval-v3.1
2026-08-28T05:50:00+09:00,CMP-S02-L01-01,S02,S02-L01,1,running,163.9721,452.5896,100.4424,30.8966,-1.5239,B,relation-reasoning-agent-eval-v3.1
2026-08-28T05:50:00+09:00,CMP-S02-L02-01,S02,S02-L02,1,running,185.3607,577.0215,107.0918,42.8222,0.4962,A,relation-reasoning-agent-eval-v3.1
2026-08-28T05:50:00+09:00,CMP-S02-L03-01,S02,S02-L03,1,running,180.7331,446.9548,97.721,40.3419,-0.241,A,relation-reasoning-agent-eval-v3.1
2026-08-28T05:50:00+09:00,CMP-S02-L04-01,S02,S02-L04,1,running,170.1967,442.4732,114.424,40.6051,-0.2452,A,relation-reasoning-agent-eval-v3.1
2026-08-28T05:50:00+09:00,CMP-S02-L05-01,S02,S02-L05,1,running,180.3395,437.5496,94.7255,35.9026,-0.8208,A,relation-reasoning-agent-eval-v3.1
2026-08-28T06:00:00+09:00,CMP-S02-L01-01,S02,S02-L01,1,running,176.8443,466.7391,91.4003,32.4912,-1.2286,B,relation-reasoning-agent-eval-v3.1
2026-08-28T06:00:00+09:00,CMP-S02-L02-01,S02,S02-L02,1,running,166.8383,534.0154,109.9092,43.6153,0.6431,A,relation-reasoning-agent-eval-v3.1
2026-08-28T06:00:00+09:00,CMP-S02-L03-01,S02,S02-L03,1,running,173.537,441.6077,97.4154,37.71,-0.7284,A,relation-reasoning-agent-eval-v3.1
2026-08-28T06:00:00+09:00,CMP-S02-L04-01,S02,S02-L04,1,running,172.6001,433.6649,110.3708,37.32,-0.8535,A,relation-reasoning-agent-eval-v3.1
2026-08-28T06:00:00+09:00,CMP-S02-L05-01,S02,S02-L05,1,running,170.9943,429.0638,93.437,33.8183,-1.2068,B,relation-reasoning-agent-eval-v3.1
2026-08-28T06:10:00+09:00,CMP-S02-L01-01,S02,S02-L01,1,running,184.1827,452.3388,99.2617,31.4847,-1.415,B,relation-reasoning-agent-eval-v3.1
2026-08-28T06:10:00+09:00,CMP-S02-L02-01,S02,S02-L02,1,running,160.8502,482.9084,100.4538,52.1382,2.2214,C,relation-reasoning-agent-eval-v3.1
2026-08-28T06:10:00+09:00,CMP-S02-L03-01,S02,S02-L03,1,running,176.8771,419.471,92.293,34.854,-1.2573,B,relation-reasoning-agent-eval-v3.1
2026-08-28T06:10:00+09:00,CMP-S02-L04-01,S02,S02-L04,1,running,155.6537,423.7827,107.0832,38.015,-0.7248,A,relation-reasoning-agent-eval-v3.1
2026-08-28T06:10:00+09:00,CMP-S02-L05-01,S02,S02-L05,1,running,157.8382,432.6275,90.7642,39.7914,-0.1007,A,relation-reasoning-agent-eval-v3.1
2026-08-28T06:20:00+09:00,CMP-S02-L01-01,S02,S02-L01,1,running,176.6283,423.174,100.101,34.9143,-0.7799,A,relation-reasoning-agent-eval-v3.1
2026-08-28T06:20:00+09:00,CMP-S02-L02-01,S02,S02-L02,1,running,154.5379,462.3167,98.6062,46.8579,1.2436,B,relation-reasoning-agent-eval-v3.1
2026-08-28T06:20:00+09:00,CMP-S02-L03-01,S02,S02-L03,1,running,169.2064,480.3941,93.0701,45.2645,0.6706,A,relation-reasoning-agent-eval-v3.1
2026-08-28T06:20:00+09:00,CMP-S02-L04-01,S02,S02-L04,1,running,170.0153,440.7553,105.8091,40.6626,-0.2346,A,relation-reasoning-agent-eval-v3.1
2026-08-28T06:20:00+09:00,CMP-S02-L05-01,S02,S02-L05,1,running,167.8705,467.4724,87.9548,37.378,-0.5476,A,relation-reasoning-agent-eval-v3.1
2026-08-28T06:30:00+09:00,CMP-S02-L01-01,S02,S02-L01,1,running,182.111,411.419,99.7035,31.1953,-1.4686,B,relation-reasoning-agent-eval-v3.1
2026-08-28T06:30:00+09:00,CMP-S02-L02-01,S02,S02-L02,1,running,169.0457,484.2266,94.9666,48.8984,1.6214,B,relation-reasoning-agent-eval-v3.1
2026-08-28T06:30:00+09:00,CMP-S02-L03-01,S02,S02-L03,1,running,156.0442,492.4711,96.1639,58.0431,3.037,D,relation-reasoning-agent-eval-v3.1
2026-08-28T06:30:00+09:00,CMP-S02-L04-01,S02,S02-L04,1,running,158.9682,418.1556,101.5323,46.9331,0.9267,A,relation-reasoning-agent-eval-v3.1
2026-08-28T06:30:00+09:00,CMP-S02-L05-01,S02,S02-L05,1,running,166.6238,445.2474,92.3058,42.658,0.4302,A,relation-reasoning-agent-eval-v3.1
2026-08-28T06:40:00+09:00,CMP-S02-L01-01,S02,S02-L01,1,running,182.4668,406.8086,103.4289,29.2121,-1.8358,B,relation-reasoning-agent-eval-v3.1
2026-08-28T06:40:00+09:00,CMP-S02-L02-01,S02,S02-L02,1,running,155.5643,488.7925,85.2342,49.0629,1.6519,B,relation-reasoning-agent-eval-v3.1
2026-08-28T06:40:00+09:00,CMP-S02-L03-01,S02,S02-L03,1,running,159.6611,481.8916,97.0137,57.1685,2.8751,C,relation-reasoning-agent-eval-v3.1
2026-08-28T06:40:00+09:00,CMP-S02-L04-01,S02,S02-L04,1,running,181.6822,438.14,101.6729,48.0147,1.1269,B,relation-reasoning-agent-eval-v3.1
2026-08-28T06:40:00+09:00,CMP-S02-L05-01,S02,S02-L05,1,running,185.8398,430.9444,104.4735,39.9379,-0.0735,A,relation-reasoning-agent-eval-v3.1
2026-08-28T06:50:00+09:00,CMP-S02-L01-01,S02,S02-L01,1,running,169.1107,355.5593,102.2532,27.3796,-2.1752,C,relation-reasoning-agent-eval-v3.1
2026-08-28T06:50:00+09:00,CMP-S02-L02-01,S02,S02-L02,1,running,158.1626,477.2004,91.518,40.9823,0.1555,A,relation-reasoning-agent-eval-v3.1
2026-08-28T06:50:00+09:00,CMP-S02-L03-01,S02,S02-L03,1,running,169.1073,468.0105,99.3874,49.2539,1.4094,B,relation-reasoning-agent-eval-v3.1
2026-08-28T06:50:00+09:00,CMP-S02-L04-01,S02,S02-L04,1,running,163.247,427.0004,107.3745,33.545,-1.5526,B,relation-reasoning-agent-eval-v3.1
2026-08-28T06:50:00+09:00,CMP-S02-L05-01,S02,S02-L05,1,running,175.8377,454.9513,99.3438,39.3586,-0.1808,A,relation-reasoning-agent-eval-v3.1
2026-08-28T07:00:00+09:00,CMP-S02-L01-01,S02,S02-L01,1,running,171.732,403.1765,99.2072,28.4828,-1.9709,B,relation-reasoning-agent-eval-v3.1
2026-08-28T07:00:00+09:00,CMP-S02-L02-01,S02,S02-L02,1,running,159.638,489.5245,101.4401,44.877,0.8767,A,relation-reasoning-agent-eval-v3.1
2026-08-28T07:00:00+09:00,CMP-S02-L03-01,S02,S02-L03,1,running,162.8298,420.513,104.6189,41.2493,-0.0729,A,relation-reasoning-agent-eval-v3.1
2026-08-28T07:00:00+09:00,CMP-S02-L04-01,S02,S02-L04,1,running,179.9828,421.4233,106.5112,33.8661,-1.4932,B,relation-reasoning-agent-eval-v3.1
2026-08-28T07:00:00+09:00,CMP-S02-L05-01,S02,S02-L05,1,running,170.6271,436.4763,100.6235,39.3896,-0.1751,A,relation-reasoning-agent-eval-v3.1
2026-08-28T07:10:00+09:00,CMP-S02-L01-01,S02,S02-L01,1,running,192.4699,432.0154,95.3879,31.716,-1.3722,B,relation-reasoning-agent-eval-v3.1
2026-08-28T07:10:00+09:00,CMP-S02-L02-01,S02,S02-L02,1,running,158.6167,386.2604,103.6442,44.2982,0.7695,A,relation-reasoning-agent-eval-v3.1
2026-08-28T07:10:00+09:00,CMP-S02-L03-01,S02,S02-L03,1,running,136.9836,467.9238,102.73,49.7698,1.5049,B,relation-reasoning-agent-eval-v3.1
2026-08-28T07:10:00+09:00,CMP-S02-L04-01,S02,S02-L04,1,running,169.1252,396.8905,106.9532,37.8433,-0.7566,A,relation-reasoning-agent-eval-v3.1
2026-08-28T07:10:00+09:00,CMP-S02-L05-01,S02,S02-L05,1,running,154.9645,448.4084,99.9138,29.2208,-2.0582,C,relation-reasoning-agent-eval-v3.1
2026-08-28T07:20:00+09:00,CMP-S02-L01-01,S02,S02-L01,1,running,184.2236,437.2262,95.7166,35.6693,-0.6401,A,relation-reasoning-agent-eval-v3.1
2026-08-28T07:20:00+09:00,CMP-S02-L02-01,S02,S02-L02,1,running,190.0012,402.2608,102.1591,47.0006,1.27,B,relation-reasoning-agent-eval-v3.1
2026-08-28T07:20:00+09:00,CMP-S02-L03-01,S02,S02-L03,1,running,140.5278,430.6519,102.7474,46.5492,0.9085,A,relation-reasoning-agent-eval-v3.1
2026-08-28T07:20:00+09:00,CMP-S02-L04-01,S02,S02-L04,1,running,173.7358,398.8191,99.2385,37.3242,-0.8528,A,relation-reasoning-agent-eval-v3.1
2026-08-28T07:20:00+09:00,CMP-S02-L05-01,S02,S02-L05,1,running,147.7258,493.5451,106.331,32.9503,-1.3675,B,relation-reasoning-agent-eval-v3.1
2026-08-28T07:30:00+09:00,CMP-S02-L01-01,S02,S02-L01,1,running,181.0294,389.1662,100.7052,35.4992,-0.6716,A,relation-reasoning-agent-eval-v3.1
2026-08-28T07:30:00+09:00,CMP-S02-L02-01,S02,S02-L02,1,running,182.2918,409.8334,100.181,45.2909,0.9534,A,relation-reasoning-agent-eval-v3.1
2026-08-28T07:30:00+09:00,CMP-S02-L03-01,S02,S02-L03,1,running,158.5658,406.9282,98.1952,44.8431,0.5926,A,relation-reasoning-agent-eval-v3.1
2026-08-28T07:30:00+09:00,CMP-S02-L04-01,S02,S02-L04,1,running,193.9769,440.7322,105.6608,32.7042,-1.7083,B,relation-reasoning-agent-eval-v3.1
2026-08-28T07:30:00+09:00,CMP-S02-L05-01,S02,S02-L05,1,running,147.7615,441.266,97.3587,37.1655,-0.587,A,relation-reasoning-agent-eval-v3.1
2026-08-28T07:40:00+09:00,CMP-S02-L01-01,S02,S02-L01,1,running,158.5313,413.1935,101.819,36.3241,-0.5188,A,relation-reasoning-agent-eval-v3.1
2026-08-28T07:40:00+09:00,CMP-S02-L02-01,S02,S02-L02,1,running,174.378,453.9851,99.0945,50.6561,1.9469,B,relation-reasoning-agent-eval-v3.1
2026-08-28T07:40:00+09:00,CMP-S02-L03-01,S02,S02-L03,1,running,162.622,419.6642,100.6802,44.0723,0.4498,A,relation-reasoning-agent-eval-v3.1
2026-08-28T07:40:00+09:00,CMP-S02-L04-01,S02,S02-L04,1,running,178.0248,428.5362,98.7197,37.763,-0.7715,A,relation-reasoning-agent-eval-v3.1
2026-08-28T07:40:00+09:00,CMP-S02-L05-01,S02,S02-L05,1,running,143.0382,447.029,99.3027,38.888,-0.268,A,relation-reasoning-agent-eval-v3.1
2026-08-28T07:50:00+09:00,CMP-S02-L01-01,S02,S02-L01,1,running,160.2582,447.7595,103.5288,39.5863,0.0853,A,relation-reasoning-agent-eval-v3.1
2026-08-28T07:50:00+09:00,CMP-S02-L02-01,S02,S02-L02,1,running,156.371,461.1964,104.8016,56.8202,3.0884,D,relation-reasoning-agent-eval-v3.1
2026-08-28T07:50:00+09:00,CMP-S02-L03-01,S02,S02-L03,1,running,167.2215,400.6873,105.7076,45.7597,0.7623,A,relation-reasoning-agent-eval-v3.1
2026-08-28T07:50:00+09:00,CMP-S02-L04-01,S02,S02-L04,1,running,165.4012,455.1246,97.8245,46.504,0.8472,A,relation-reasoning-agent-eval-v3.1
2026-08-28T07:50:00+09:00,CMP-S02-L05-01,S02,S02-L05,1,running,147.2706,429.0027,94.7553,35.4154,-0.911,A,relation-reasoning-agent-eval-v3.1
2026-08-28T08:00:00+09:00,CMP-S02-L01-01,S02,S02-L01,1,running,153.6722,413.9746,99.7687,38.8567,-0.0498,A,relation-reasoning-agent-eval-v3.1
2026-08-28T08:00:00+09:00,CMP-S02-L02-01,S02,S02-L02,1,running,165.535,462.5125,95.8698,51.6984,2.1399,C,relation-reasoning-agent-eval-v3.1
2026-08-28T08:00:00+09:00,CMP-S02-L03-01,S02,S02-L03,1,running,168.9559,382.4379,106.9357,41.0208,-0.1153,A,relation-reasoning-agent-eval-v3.1
2026-08-28T08:00:00+09:00,CMP-S02-L04-01,S02,S02-L04,1,running,172.9504,461.2407,105.3296,46.9698,0.9335,A,relation-reasoning-agent-eval-v3.1
2026-08-28T08:00:00+09:00,CMP-S02-L05-01,S02,S02-L05,1,running,135.9061,453.4806,95.3593,40.8204,0.0899,A,relation-reasoning-agent-eval-v3.1
2026-08-28T08:10:00+09:00,CMP-S02-L01-01,S02,S02-L01,1,running,153.1717,483.4153,96.4376,37.9418,-0.2192,A,relation-reasoning-agent-eval-v3.1
2026-08-28T08:10:00+09:00,CMP-S02-L02-01,S02,S02-L02,1,running,170.1868,427.3335,97.8295,49.244,1.6854,B,relation-reasoning-agent-eval-v3.1
2026-08-28T08:10:00+09:00,CMP-S02-L03-01,S02,S02-L03,1,running,183.5518,370.8381,105.0231,40.7859,-0.1588,A,relation-reasoning-agent-eval-v3.1
2026-08-28T08:10:00+09:00,CMP-S02-L04-01,S02,S02-L04,1,running,188.7039,449.8139,104.0469,42.2794,0.0649,A,relation-reasoning-agent-eval-v3.1
2026-08-28T08:10:00+09:00,CMP-S02-L05-01,S02,S02-L05,1,running,132.3152,398.6578,93.9054,37.2069,-0.5793,A,relation-reasoning-agent-eval-v3.1
2026-08-28T08:20:00+09:00,CMP-S02-L01-01,S02,S02-L01,1,running,183.4031,449.1439,106.3137,35.0674,-0.7515,A,relation-reasoning-agent-eval-v3.1
2026-08-28T08:20:00+09:00,CMP-S02-L02-01,S02,S02-L02,1,running,162.1381,413.5691,103.8328,52.3708,2.2645,C,relation-reasoning-agent-eval-v3.1
2026-08-28T08:20:00+09:00,CMP-S02-L03-01,S02,S02-L03,1,running,193.6759,378.5385,101.9404,40.5393,-0.2044,A,relation-reasoning-agent-eval-v3.1
2026-08-28T08:20:00+09:00,CMP-S02-L04-01,S02,S02-L04,1,running,178.8504,486.4563,107.4293,39.8759,-0.3802,A,relation-reasoning-agent-eval-v3.1
2026-08-28T08:20:00+09:00,CMP-S02-L05-01,S02,S02-L05,1,running,157.0375,421.6465,98.6161,42.7657,0.4501,A,relation-reasoning-agent-eval-v3.1
2026-08-28T08:30:00+09:00,CMP-S02-L01-01,S02,S02-L01,1,running,159.2081,475.7841,105.7494,37.93,-0.2214,A,relation-reasoning-agent-eval-v3.1
2026-08-28T08:30:00+09:00,CMP-S02-L02-01,S02,S02-L02,1,running,162.6961,440.8004,101.8548,44.5907,0.8237,A,relation-reasoning-agent-eval-v3.1
2026-08-28T08:30:00+09:00,CMP-S02-L03-01,S02,S02-L03,1,running,209.4717,370.1049,99.3367,41.9367,0.0544,A,relation-reasoning-agent-eval-v3.1
2026-08-28T08:30:00+09:00,CMP-S02-L04-01,S02,S02-L04,1,running,179.3748,499.3495,114.33,39.3433,-0.4789,A,relation-reasoning-agent-eval-v3.1
2026-08-28T08:30:00+09:00,CMP-S02-L05-01,S02,S02-L05,1,running,154.4002,424.1104,96.1946,36.4019,-0.7283,A,relation-reasoning-agent-eval-v3.1
2026-08-28T08:40:00+09:00,CMP-S02-L01-01,S02,S02-L01,1,running,155.8503,486.5614,105.7189,33.2758,-1.0833,B,relation-reasoning-agent-eval-v3.1
2026-08-28T08:40:00+09:00,CMP-S02-L02-01,S02,S02-L02,1,running,175.1451,452.2665,101.8656,46.1225,1.1074,B,relation-reasoning-agent-eval-v3.1
2026-08-28T08:40:00+09:00,CMP-S02-L03-01,S02,S02-L03,1,running,207.3033,426.7791,99.9683,44.0924,0.4536,A,relation-reasoning-agent-eval-v3.1
2026-08-28T08:40:00+09:00,CMP-S02-L04-01,S02,S02-L04,1,running,173.5132,443.4677,114.9252,47.121,0.9615,A,relation-reasoning-agent-eval-v3.1
2026-08-28T08:40:00+09:00,CMP-S02-L05-01,S02,S02-L05,1,running,166.6833,413.976,97.0881,39.164,-0.2168,A,relation-reasoning-agent-eval-v3.1
2026-08-28T08:50:00+09:00,CMP-S02-L01-01,S02,S02-L01,1,running,167.0885,488.3968,98.6775,33.7763,-0.9906,A,relation-reasoning-agent-eval-v3.1
2026-08-28T08:50:00+09:00,CMP-S02-L02-01,S02,S02-L02,1,running,199.9236,496.192,103.2448,44.0368,0.7211,A,relation-reasoning-agent-eval-v3.1
2026-08-28T08:50:00+09:00,CMP-S02-L03-01,S02,S02-L03,1,running,190.0778,437.2219,96.7902,47.3019,1.0479,B,relation-reasoning-agent-eval-v3.1
2026-08-28T08:50:00+09:00,CMP-S02-L04-01,S02,S02-L04,1,running,181.7573,464.1766,116.0636,46.4897,0.8446,A,relation-reasoning-agent-eval-v3.1
2026-08-28T08:50:00+09:00,CMP-S02-L05-01,S02,S02-L05,1,running,163.9399,418.965,87.9204,44.0467,0.6874,A,relation-reasoning-agent-eval-v3.1
2026-08-28T09:00:00+09:00,CMP-S02-L01-01,S02,S02-L01,1,running,155.8117,503.9923,96.928,37.9713,-0.2138,A,relation-reasoning-agent-eval-v3.1
2026-08-28T09:00:00+09:00,CMP-S02-L02-01,S02,S02-L02,1,running,190.1735,498.9747,101.3733,38.9403,-0.2227,A,relation-reasoning-agent-eval-v3.1
2026-08-28T09:00:00+09:00,CMP-S02-L03-01,S02,S02-L03,1,running,182.3403,418.6899,99.201,41.8877,0.0453,A,relation-reasoning-agent-eval-v3.1
2026-08-28T09:00:00+09:00,CMP-S02-L04-01,S02,S02-L04,1,running,189.1051,449.2223,106.5008,41.7826,-0.0271,A,relation-reasoning-agent-eval-v3.1
2026-08-28T09:00:00+09:00,CMP-S02-L05-01,S02,S02-L05,1,running,165.6901,391.4396,95.7984,44.5472,0.78,A,relation-reasoning-agent-eval-v3.1
2026-08-28T09:10:00+09:00,CMP-S02-L01-01,S02,S02-L01,1,running,186.6483,501.9067,105.1953,37.4492,-0.3105,A,relation-reasoning-agent-eval-v3.1
2026-08-28T09:10:00+09:00,CMP-S02-L02-01,S02,S02-L02,1,running,195.5188,436.7802,88.9315,40.7288,0.1085,A,relation-reasoning-agent-eval-v3.1
2026-08-28T09:10:00+09:00,CMP-S02-L03-01,S02,S02-L03,1,running,187.0441,439.293,94.8894,43.3732,0.3204,A,relation-reasoning-agent-eval-v3.1
2026-08-28T09:10:00+09:00,CMP-S02-L04-01,S02,S02-L04,1,running,185.095,495.4058,105.7384,37.532,-0.8143,A,relation-reasoning-agent-eval-v3.1
2026-08-28T09:10:00+09:00,CMP-S02-L05-01,S02,S02-L05,1,running,185.9448,421.149,100.9922,37.3978,-0.5439,A,relation-reasoning-agent-eval-v3.1
2026-08-28T09:20:00+09:00,CMP-S02-L01-01,S02,S02-L01,1,running,184.9514,537.4301,102.9167,38.6179,-0.094,A,relation-reasoning-agent-eval-v3.1
2026-08-28T09:20:00+09:00,CMP-S02-L02-01,S02,S02-L02,1,running,181.2323,410.5862,90.3581,41.0888,0.1752,A,relation-reasoning-agent-eval-v3.1
2026-08-28T09:20:00+09:00,CMP-S02-L03-01,S02,S02-L03,1,running,178.9976,425.0482,96.4506,45.8871,0.7859,A,relation-reasoning-agent-eval-v3.1
2026-08-28T09:20:00+09:00,CMP-S02-L04-01,S02,S02-L04,1,running,164.2589,466.3211,108.9131,43.0548,0.2085,A,relation-reasoning-agent-eval-v3.1
2026-08-28T09:20:00+09:00,CMP-S02-L05-01,S02,S02-L05,1,running,196.5351,417.8139,92.5886,37.6388,-0.4993,A,relation-reasoning-agent-eval-v3.1
2026-08-28T09:30:00+09:00,CMP-S02-L01-01,S02,S02-L01,1,running,188.4886,513.7821,107.8726,42.6642,0.6553,A,relation-reasoning-agent-eval-v3.1
2026-08-28T09:30:00+09:00,CMP-S02-L02-01,S02,S02-L02,1,running,165.4986,461.1212,92.6134,38.2312,-0.354,A,relation-reasoning-agent-eval-v3.1
2026-08-28T09:30:00+09:00,CMP-S02-L03-01,S02,S02-L03,1,running,175.2891,435.6563,98.0518,39.6062,-0.3772,A,relation-reasoning-agent-eval-v3.1
2026-08-28T09:30:00+09:00,CMP-S02-L04-01,S02,S02-L04,1,running,143.0133,508.0822,101.0523,44.9914,0.5671,A,relation-reasoning-agent-eval-v3.1
2026-08-28T09:30:00+09:00,CMP-S02-L05-01,S02,S02-L05,1,running,181.8482,419.5054,88.59,38.708,-0.3013,A,relation-reasoning-agent-eval-v3.1
2026-08-28T09:40:00+09:00,CMP-S02-L01-01,S02,S02-L01,1,running,181.2606,485.9059,101.2957,39.4466,0.0594,A,relation-reasoning-agent-eval-v3.1
2026-08-28T09:40:00+09:00,CMP-S02-L02-01,S02,S02-L02,1,running,165.707,491.252,94.6986,35.6727,-0.8278,A,relation-reasoning-agent-eval-v3.1
2026-08-28T09:40:00+09:00,CMP-S02-L03-01,S02,S02-L03,1,running,191.501,402.7368,95.5715,36.1177,-1.0232,B,relation-reasoning-agent-eval-v3.1
2026-08-28T09:40:00+09:00,CMP-S02-L04-01,S02,S02-L04,1,running,158.69,506.1217,95.3485,50.805,1.6437,B,relation-reasoning-agent-eval-v3.1
2026-08-28T09:40:00+09:00,CMP-S02-L05-01,S02,S02-L05,1,running,150.1491,426.1118,89.586,39.1941,-0.2113,A,relation-reasoning-agent-eval-v3.1
2026-08-28T09:50:00+09:00,CMP-S02-L01-01,S02,S02-L01,1,running,185.6587,467.0198,101.458,43.2229,0.7587,A,relation-reasoning-agent-eval-v3.1
2026-08-28T09:50:00+09:00,CMP-S02-L02-01,S02,S02-L02,1,running,164.5943,469.1067,93.0307,47.063,1.2815,B,relation-reasoning-agent-eval-v3.1
2026-08-28T09:50:00+09:00,CMP-S02-L03-01,S02,S02-L03,1,running,193.0302,354.3346,96.0752,37.7733,-0.7167,A,relation-reasoning-agent-eval-v3.1
2026-08-28T09:50:00+09:00,CMP-S02-L04-01,S02,S02-L04,1,running,166.3706,505.3121,109.2334,41.5818,-0.0643,A,relation-reasoning-agent-eval-v3.1
2026-08-28T09:50:00+09:00,CMP-S02-L05-01,S02,S02-L05,1,running,135.2776,380.4846,94.7107,38.0168,-0.4293,A,relation-reasoning-agent-eval-v3.1
2026-08-28T10:00:00+09:00,CMP-S02-L01-01,S02,S02-L01,1,running,182.404,448.683,107.4585,40.6283,0.2783,A,relation-reasoning-agent-eval-v3.1
2026-08-28T10:00:00+09:00,CMP-S02-L02-01,S02,S02-L02,1,running,166.2571,401.6968,99.4041,41.2408,0.2034,A,relation-reasoning-agent-eval-v3.1
2026-08-28T10:00:00+09:00,CMP-S02-L03-01,S02,S02-L03,1,running,178.5728,360.1459,108.0725,37.7616,-0.7188,A,relation-reasoning-agent-eval-v3.1
2026-08-28T10:00:00+09:00,CMP-S02-L04-01,S02,S02-L04,1,running,156.5662,483.4662,114.3461,37.6535,-0.7918,A,relation-reasoning-agent-eval-v3.1
2026-08-28T10:00:00+09:00,CMP-S02-L05-01,S02,S02-L05,1,running,149.8794,389.2424,98.8395,40.1067,-0.0423,A,relation-reasoning-agent-eval-v3.1
2026-08-28T10:10:00+09:00,CMP-S02-L01-01,S02,S02-L01,1,running,173.7968,443.9643,107.4269,40.4524,0.2457,A,relation-reasoning-agent-eval-v3.1
2026-08-28T10:10:00+09:00,CMP-S02-L02-01,S02,S02-L02,1,running,149.8779,452.8676,96.444,43.2617,0.5776,A,relation-reasoning-agent-eval-v3.1
2026-08-28T10:10:00+09:00,CMP-S02-L03-01,S02,S02-L03,1,running,186.7476,402.4761,103.9142,36.0462,-1.0365,B,relation-reasoning-agent-eval-v3.1
2026-08-28T10:10:00+09:00,CMP-S02-L04-01,S02,S02-L04,1,running,165.7428,469.5425,111.0257,40.7915,-0.2107,A,relation-reasoning-agent-eval-v3.1
2026-08-28T10:10:00+09:00,CMP-S02-L05-01,S02,S02-L05,1,running,143.7234,404.4022,99.9772,39.0068,-0.246,A,relation-reasoning-agent-eval-v3.1
2026-08-28T10:20:00+09:00,CMP-S02-L01-01,S02,S02-L01,1,running,165.9502,469.0513,104.4893,33.9865,-0.9517,A,relation-reasoning-agent-eval-v3.1
2026-08-28T10:20:00+09:00,CMP-S02-L02-01,S02,S02-L02,1,running,146.401,469.258,104.8987,43.4226,0.6074,A,relation-reasoning-agent-eval-v3.1
2026-08-28T10:20:00+09:00,CMP-S02-L03-01,S02,S02-L03,1,running,178.6643,423.4601,97.7964,35.5824,-1.1224,B,relation-reasoning-agent-eval-v3.1
2026-08-28T10:20:00+09:00,CMP-S02-L04-01,S02,S02-L04,1,running,171.524,498.3365,110.7585,41.9236,-0.001,A,relation-reasoning-agent-eval-v3.1
2026-08-28T10:20:00+09:00,CMP-S02-L05-01,S02,S02-L05,1,running,159.4462,351.7269,99.9547,44.2568,0.7263,A,relation-reasoning-agent-eval-v3.1
2026-08-28T10:30:00+09:00,CMP-S02-L01-01,S02,S02-L01,1,running,182.2077,441.0498,102.7894,36.8904,-0.4139,A,relation-reasoning-agent-eval-v3.1
2026-08-28T10:30:00+09:00,CMP-S02-L02-01,S02,S02-L02,1,running,142.8938,403.8405,97.831,46.5575,1.1879,B,relation-reasoning-agent-eval-v3.1
2026-08-28T10:30:00+09:00,CMP-S02-L03-01,S02,S02-L03,1,running,186.8138,440.4627,90.6215,36.4774,-0.9566,A,relation-reasoning-agent-eval-v3.1
2026-08-28T10:30:00+09:00,CMP-S02-L04-01,S02,S02-L04,1,running,182.7633,444.9719,101.7415,42.4732,0.1007,A,relation-reasoning-agent-eval-v3.1
2026-08-28T10:30:00+09:00,CMP-S02-L05-01,S02,S02-L05,1,running,173.1883,329.6182,99.4053,39.6946,-0.1186,A,relation-reasoning-agent-eval-v3.1
2026-08-28T10:40:00+09:00,CMP-S02-L01-01,S02,S02-L01,1,running,157.4446,399.5145,103.3237,30.8611,-1.5305,B,relation-reasoning-agent-eval-v3.1
2026-08-28T10:40:00+09:00,CMP-S02-L02-01,S02,S02-L02,1,running,153.6191,410.2656,97.4291,48.9458,1.6302,B,relation-reasoning-agent-eval-v3.1
2026-08-28T10:40:00+09:00,CMP-S02-L03-01,S02,S02-L03,1,running,187.3387,470.5467,91.8392,41.6179,-0.0047,A,relation-reasoning-agent-eval-v3.1
2026-08-28T10:40:00+09:00,CMP-S02-L04-01,S02,S02-L04,1,running,173.1861,452.6653,110.6041,46.4922,0.845,A,relation-reasoning-agent-eval-v3.1
2026-08-28T10:40:00+09:00,CMP-S02-L05-01,S02,S02-L05,1,running,175.4738,381.9063,97.4618,40.3682,0.0061,A,relation-reasoning-agent-eval-v3.1
2026-08-28T10:50:00+09:00,CMP-S02-L01-01,S02,S02-L01,1,running,154.593,452.2952,101.7804,32.5465,-1.2184,B,relation-reasoning-agent-eval-v3.1
2026-08-28T10:50:00+09:00,CMP-S02-L02-01,S02,S02-L02,1,running,155.9238,414.4891,98.4038,47.9224,1.4407,B,relation-reasoning-agent-eval-v3.1
2026-08-28T10:50:00+09:00,CMP-S02-L03-01,S02,S02-L03,1,running,195.5862,425.1868,92.8618,37.3614,-0.7929,A,relation-reasoning-agent-eval-v3.1
2026-08-28T10:50:00+09:00,CMP-S02-L04-01,S02,S02-L04,1,running,161.2806,399.0445,99.9202,50.9455,1.6697,B,relation-reasoning-agent-eval-v3.1
2026-08-28T10:50:00+09:00,CMP-S02-L05-01,S02,S02-L05,1,running,179.3694,420.8395,99.8805,41.7993,0.2712,A,relation-reasoning-agent-eval-v3.1
2026-08-28T11:00:00+09:00,CMP-S02-L01-01,S02,S02-L01,1,running,151.5468,451.7392,94.5731,30.8484,-1.5328,B,relation-reasoning-agent-eval-v3.1
2026-08-28T11:00:00+09:00,CMP-S02-L02-01,S02,S02-L02,1,running,172.3425,458.6736,103.1089,46.455,1.1689,B,relation-reasoning-agent-eval-v3.1
2026-08-28T11:00:00+09:00,CMP-S02-L03-01,S02,S02-L03,1,running,176.2014,444.3761,92.7847,33.2461,-1.555,B,relation-reasoning-agent-eval-v3.1
2026-08-28T11:00:00+09:00,CMP-S02-L04-01,S02,S02-L04,1,running,158.7403,424.2967,100.5315,46.4496,0.8371,A,relation-reasoning-agent-eval-v3.1
2026-08-28T11:00:00+09:00,CMP-S02-L05-01,S02,S02-L05,1,running,174.6066,431.8284,96.0599,37.3823,-0.5468,A,relation-reasoning-agent-eval-v3.1
2026-08-28T11:10:00+09:00,CMP-S02-L01-01,S02,S02-L01,1,running,151.6749,428.9356,96.1139,38.139,-0.1827,A,relation-reasoning-agent-eval-v3.1
2026-08-28T11:10:00+09:00,CMP-S02-L02-01,S02,S02-L02,1,running,181.1293,440.6116,105.0472,45.287,0.9526,A,relation-reasoning-agent-eval-v3.1
2026-08-28T11:10:00+09:00,CMP-S02-L03-01,S02,S02-L03,1,running,162.0841,436.3215,94.9995,30.9504,-1.9801,B,relation-reasoning-agent-eval-v3.1
2026-08-28T11:10:00+09:00,CMP-S02-L04-01,S02,S02-L04,1,running,164.5165,458.1108,101.3134,45.4415,0.6504,A,relation-reasoning-agent-eval-v3.1
2026-08-28T11:10:00+09:00,CMP-S02-L05-01,S02,S02-L05,1,running,161.809,457.3378,104.1942,34.994,-0.9891,A,relation-reasoning-agent-eval-v3.1
2026-08-28T11:20:00+09:00,CMP-S02-L01-01,S02,S02-L01,1,running,164.9648,467.3412,97.0054,33.3197,-1.0752,B,relation-reasoning-agent-eval-v3.1
2026-08-28T11:20:00+09:00,CMP-S02-L02-01,S02,S02-L02,1,running,177.5871,481.5898,99.6821,41.5729,0.2649,A,relation-reasoning-agent-eval-v3.1
2026-08-28T11:20:00+09:00,CMP-S02-L03-01,S02,S02-L03,1,running,174.7586,425.1618,93.0983,34.5442,-1.3146,B,relation-reasoning-agent-eval-v3.1
2026-08-28T11:20:00+09:00,CMP-S02-L04-01,S02,S02-L04,1,running,155.0948,424.6507,104.3408,40.6439,-0.238,A,relation-reasoning-agent-eval-v3.1
2026-08-28T11:20:00+09:00,CMP-S02-L05-01,S02,S02-L05,1,running,176.8139,477.137,102.6389,37.9236,-0.4466,A,relation-reasoning-agent-eval-v3.1
2026-08-28T11:30:00+09:00,CMP-S02-L01-01,S02,S02-L01,1,running,174.3832,497.1236,101.518,36.7123,-0.4469,A,relation-reasoning-agent-eval-v3.1
2026-08-28T11:30:00+09:00,CMP-S02-L02-01,S02,S02-L02,1,running,196.7884,498.7214,109.4874,40.3911,0.046,A,relation-reasoning-agent-eval-v3.1
2026-08-28T11:30:00+09:00,CMP-S02-L03-01,S02,S02-L03,1,running,173.13,415.9118,94.1573,36.3734,-0.9759,A,relation-reasoning-agent-eval-v3.1
2026-08-28T11:30:00+09:00,CMP-S02-L04-01,S02,S02-L04,1,running,155.9125,412.8006,99.3504,37.6195,-0.7981,A,relation-reasoning-agent-eval-v3.1
2026-08-28T11:30:00+09:00,CMP-S02-L05-01,S02,S02-L05,1,running,197.3096,417.4763,104.7138,37.1676,-0.5865,A,relation-reasoning-agent-eval-v3.1
2026-08-28T11:40:00+09:00,CMP-S02-L01-01,S02,S02-L01,1,running,184.4436,495.0401,103.9862,34.0368,-0.9424,A,relation-reasoning-agent-eval-v3.1
2026-08-28T11:40:00+09:00,CMP-S02-L02-01,S02,S02-L02,1,running,192.7427,453.1815,105.9303,35.1053,-0.9329,A,relation-reasoning-agent-eval-v3.1
2026-08-28T11:40:00+09:00,CMP-S02-L03-01,S02,S02-L03,1,running,175.6366,442.9124,92.1654,40.7989,-0.1563,A,relation-reasoning-agent-eval-v3.1
2026-08-28T11:40:00+09:00,CMP-S02-L04-01,S02,S02-L04,1,running,168.8259,406.7516,102.0315,33.7156,-1.521,B,relation-reasoning-agent-eval-v3.1
2026-08-28T11:40:00+09:00,CMP-S02-L05-01,S02,S02-L05,1,running,202.2669,433.7207,93.3549,44.9123,0.8476,A,relation-reasoning-agent-eval-v3.1
2026-08-28T11:50:00+09:00,CMP-S02-L01-01,S02,S02-L01,1,running,186.6235,477.4269,97.1729,30.9065,-1.5221,B,relation-reasoning-agent-eval-v3.1
2026-08-28T11:50:00+09:00,CMP-S02-L02-01,S02,S02-L02,1,running,198.1579,498.9476,108.3845,35.8161,-0.8012,A,relation-reasoning-agent-eval-v3.1
2026-08-28T11:50:00+09:00,CMP-S02-L03-01,S02,S02-L03,1,running,181.8677,416.1572,98.7766,40.0174,-0.3011,A,relation-reasoning-agent-eval-v3.1
2026-08-28T11:50:00+09:00,CMP-S02-L04-01,S02,S02-L04,1,running,174.1045,433.4612,101.3029,40.4708,-0.2701,A,relation-reasoning-agent-eval-v3.1
2026-08-28T11:50:00+09:00,CMP-S02-L05-01,S02,S02-L05,1,running,173.7534,417.8262,92.2558,43.0154,0.4964,A,relation-reasoning-agent-eval-v3.1
2026-08-28T12:00:00+09:00,CMP-S02-L01-01,S02,S02-L01,1,running,193.1511,481.8517,97.4498,32.5467,-1.2183,B,relation-reasoning-agent-eval-v3.1
2026-08-28T12:00:00+09:00,CMP-S02-L02-01,S02,S02-L02,1,running,192.4805,516.5887,105.6512,35.6314,-0.8354,A,relation-reasoning-agent-eval-v3.1
2026-08-28T12:00:00+09:00,CMP-S02-L03-01,S02,S02-L03,1,running,179.5411,448.146,97.4067,38.3018,-0.6188,A,relation-reasoning-agent-eval-v3.1
2026-08-28T12:00:00+09:00,CMP-S02-L04-01,S02,S02-L04,1,running,160.4312,410.7209,107.6027,33.3875,-1.5818,B,relation-reasoning-agent-eval-v3.1
2026-08-28T12:00:00+09:00,CMP-S02-L05-01,S02,S02-L05,1,running,181.8164,402.0382,94.1916,42.6005,0.4195,A,relation-reasoning-agent-eval-v3.1
2026-08-28T12:10:00+09:00,CMP-S02-L01-01,S02,S02-L01,1,running,182.2903,462.4075,111.7744,39.9633,0.1551,A,relation-reasoning-agent-eval-v3.1
2026-08-28T12:10:00+09:00,CMP-S02-L02-01,S02,S02-L02,1,running,187.0582,525.1889,110.1775,33.5153,-1.2273,B,relation-reasoning-agent-eval-v3.1
2026-08-28T12:10:00+09:00,CMP-S02-L03-01,S02,S02-L03,1,running,172.7338,466.4977,105.1104,42.6155,0.18,A,relation-reasoning-agent-eval-v3.1
2026-08-28T12:10:00+09:00,CMP-S02-L04-01,S02,S02-L04,1,running,165.4819,394.0022,101.0433,28.6059,-2.4673,C,relation-reasoning-agent-eval-v3.1
2026-08-28T12:10:00+09:00,CMP-S02-L05-01,S02,S02-L05,1,running,188.6942,415.9918,98.9399,38.1472,-0.4051,A,relation-reasoning-agent-eval-v3.1
2026-08-28T12:20:00+09:00,CMP-S02-L01-01,S02,S02-L01,1,running,162.64,453.04,108.196,39.0956,-0.0056,A,relation-reasoning-agent-eval-v3.1
2026-08-28T12:20:00+09:00,CMP-S02-L02-01,S02,S02-L02,1,running,174.9326,458.3482,108.9556,43.2941,0.5836,A,relation-reasoning-agent-eval-v3.1
2026-08-28T12:20:00+09:00,CMP-S02-L03-01,S02,S02-L03,1,running,177.8795,450.8725,104.5357,35.1888,-1.1953,B,relation-reasoning-agent-eval-v3.1
2026-08-28T12:20:00+09:00,CMP-S02-L04-01,S02,S02-L04,1,running,168.9893,451.9826,103.0808,31.3766,-1.9542,B,relation-reasoning-agent-eval-v3.1
2026-08-28T12:20:00+09:00,CMP-S02-L05-01,S02,S02-L05,1,running,180.1623,445.6772,99.6259,38.4786,-0.3438,A,relation-reasoning-agent-eval-v3.1
2026-08-28T12:30:00+09:00,CMP-S02-L01-01,S02,S02-L01,1,running,172.1196,459.4167,102.9999,43.8702,0.8786,A,relation-reasoning-agent-eval-v3.1
2026-08-28T12:30:00+09:00,CMP-S02-L02-01,S02,S02-L02,1,running,168.1144,423.308,106.5943,38.8307,-0.243,A,relation-reasoning-agent-eval-v3.1
2026-08-28T12:30:00+09:00,CMP-S02-L03-01,S02,S02-L03,1,running,171.8712,451.804,101.7946,37.6952,-0.7311,A,relation-reasoning-agent-eval-v3.1
2026-08-28T12:30:00+09:00,CMP-S02-L04-01,S02,S02-L04,1,running,176.5955,460.5661,107.9951,37.1348,-0.8878,A,relation-reasoning-agent-eval-v3.1
2026-08-28T12:30:00+09:00,CMP-S02-L05-01,S02,S02-L05,1,running,175.2181,436.0281,95.2877,40.5565,0.041,A,relation-reasoning-agent-eval-v3.1
2026-08-28T12:40:00+09:00,CMP-S02-L01-01,S02,S02-L01,1,running,194.1336,450.2972,104.1099,42.9778,0.7134,A,relation-reasoning-agent-eval-v3.1
2026-08-28T12:40:00+09:00,CMP-S02-L02-01,S02,S02-L02,1,running,157.7503,420.5165,97.5928,41.2232,0.2001,A,relation-reasoning-agent-eval-v3.1
2026-08-28T12:40:00+09:00,CMP-S02-L03-01,S02,S02-L03,1,running,187.4403,510.5088,89.4288,40.673,-0.1797,A,relation-reasoning-agent-eval-v3.1
2026-08-28T12:40:00+09:00,CMP-S02-L04-01,S02,S02-L04,1,running,188.3124,450.8742,101.1967,40.3132,-0.2992,A,relation-reasoning-agent-eval-v3.1
2026-08-28T12:40:00+09:00,CMP-S02-L05-01,S02,S02-L05,1,running,171.0927,448.8622,95.0368,40.033,-0.0559,A,relation-reasoning-agent-eval-v3.1
2026-08-28T12:50:00+09:00,CMP-S02-L01-01,S02,S02-L01,1,running,206.2438,448.0759,101.8491,47.2193,1.4988,B,relation-reasoning-agent-eval-v3.1
2026-08-28T12:50:00+09:00,CMP-S02-L02-01,S02,S02-L02,1,running,164.3304,432.1722,100.8799,47.0304,1.2755,B,relation-reasoning-agent-eval-v3.1
2026-08-28T12:50:00+09:00,CMP-S02-L03-01,S02,S02-L03,1,running,189.4523,495.9409,93.0078,40.1213,-0.2818,A,relation-reasoning-agent-eval-v3.1
2026-08-28T12:50:00+09:00,CMP-S02-L04-01,S02,S02-L04,1,running,186.3342,473.1423,98.6677,45.9421,0.7431,A,relation-reasoning-agent-eval-v3.1
2026-08-28T12:50:00+09:00,CMP-S02-L05-01,S02,S02-L05,1,running,183.838,456.171,96.4455,37.5118,-0.5228,A,relation-reasoning-agent-eval-v3.1
2026-08-28T13:00:00+09:00,CMP-S02-L01-01,S02,S02-L01,1,running,199.6586,404.8492,100.2525,46.7856,1.4185,B,relation-reasoning-agent-eval-v3.1
2026-08-28T13:00:00+09:00,CMP-S02-L02-01,S02,S02-L02,1,running,172.2549,448.8552,98.7222,41.7841,0.304,A,relation-reasoning-agent-eval-v3.1
2026-08-28T13:00:00+09:00,CMP-S02-L03-01,S02,S02-L03,1,running,196.2545,460.8322,95.7307,41.6648,0.004,A,relation-reasoning-agent-eval-v3.1
2026-08-28T13:00:00+09:00,CMP-S02-L04-01,S02,S02-L04,1,running,183.6141,436.0538,101.0363,45.439,0.65,A,relation-reasoning-agent-eval-v3.1
2026-08-28T13:00:00+09:00,CMP-S02-L05-01,S02,S02-L05,1,running,172.6316,479.1996,93.7534,34.0315,-1.1673,B,relation-reasoning-agent-eval-v3.1
2026-08-28T13:10:00+09:00,CMP-S02-L01-01,S02,S02-L01,1,running,171.6724,388.9626,94.5302,51.4761,2.2871,C,relation-reasoning-agent-eval-v3.1
2026-08-28T13:10:00+09:00,CMP-S02-L02-01,S02,S02-L02,1,running,181.4573,448.4595,104.7305,35.6132,-0.8388,A,relation-reasoning-agent-eval-v3.1
2026-08-28T13:10:00+09:00,CMP-S02-L03-01,S02,S02-L03,1,running,203.1044,453.8481,93.6222,49.4118,1.4386,B,relation-reasoning-agent-eval-v3.1
2026-08-28T13:10:00+09:00,CMP-S02-L04-01,S02,S02-L04,1,running,183.7593,450.4297,107.7094,45.2279,0.6109,A,relation-reasoning-agent-eval-v3.1
2026-08-28T13:10:00+09:00,CMP-S02-L05-01,S02,S02-L05,1,running,169.3375,476.0382,83.3221,39.1282,-0.2235,A,relation-reasoning-agent-eval-v3.1
2026-08-28T13:20:00+09:00,CMP-S02-L01-01,S02,S02-L01,1,running,165.4619,397.5693,91.1723,47.6266,1.5743,B,relation-reasoning-agent-eval-v3.1
2026-08-28T13:20:00+09:00,CMP-S02-L02-01,S02,S02-L02,1,running,197.4438,472.9624,98.6935,35.2691,-0.9025,A,relation-reasoning-agent-eval-v3.1
2026-08-28T13:20:00+09:00,CMP-S02-L03-01,S02,S02-L03,1,running,184.0703,454.417,96.4577,40.9644,-0.1257,A,relation-reasoning-agent-eval-v3.1
2026-08-28T13:20:00+09:00,CMP-S02-L04-01,S02,S02-L04,1,running,208.9589,437.3921,103.5127,44.8041,0.5324,A,relation-reasoning-agent-eval-v3.1
2026-08-28T13:20:00+09:00,CMP-S02-L05-01,S02,S02-L05,1,running,178.3964,456.8034,94.0303,38.0623,-0.4209,A,relation-reasoning-agent-eval-v3.1
2026-08-28T13:30:00+09:00,CMP-S02-L01-01,S02,S02-L01,1,running,163.8737,439.8836,90.0246,41.9652,0.5259,A,relation-reasoning-agent-eval-v3.1
2026-08-28T13:30:00+09:00,CMP-S02-L02-01,S02,S02-L02,1,running,206.6524,481.111,95.9457,36.832,-0.6131,A,relation-reasoning-agent-eval-v3.1
2026-08-28T13:30:00+09:00,CMP-S02-L03-01,S02,S02-L03,1,running,180.1022,440.0168,98.5003,34.0164,-1.4124,B,relation-reasoning-agent-eval-v3.1
2026-08-28T13:30:00+09:00,CMP-S02-L04-01,S02,S02-L04,1,running,194.8985,484.3761,106.2538,39.2224,-0.5012,A,relation-reasoning-agent-eval-v3.1
2026-08-28T13:30:00+09:00,CMP-S02-L05-01,S02,S02-L05,1,running,176.7925,473.4102,97.5687,40.6825,0.0644,A,relation-reasoning-agent-eval-v3.1
2026-08-28T13:40:00+09:00,CMP-S02-L01-01,S02,S02-L01,1,running,162.6708,459.4954,94.4693,38.4108,-0.1324,A,relation-reasoning-agent-eval-v3.1
2026-08-28T13:40:00+09:00,CMP-S02-L02-01,S02,S02-L02,1,running,202.6727,474.6083,96.2818,41.1055,0.1783,A,relation-reasoning-agent-eval-v3.1
2026-08-28T13:40:00+09:00,CMP-S02-L03-01,S02,S02-L03,1,running,202.4197,448.0108,93.7126,35.049,-1.2211,B,relation-reasoning-agent-eval-v3.1
2026-08-28T13:40:00+09:00,CMP-S02-L04-01,S02,S02-L04,1,running,188.2145,488.0155,112.6183,43.6065,0.3106,A,relation-reasoning-agent-eval-v3.1
2026-08-28T13:40:00+09:00,CMP-S02-L05-01,S02,S02-L05,1,running,187.3764,437.6279,100.1004,41.7261,0.2576,A,relation-reasoning-agent-eval-v3.1
2026-08-28T13:50:00+09:00,CMP-S02-L01-01,S02,S02-L01,1,running,159.408,453.2397,92.6721,32.5063,-1.2258,B,relation-reasoning-agent-eval-v3.1
2026-08-28T13:50:00+09:00,CMP-S02-L02-01,S02,S02-L02,1,running,186.8539,466.9655,99.6421,47.8846,1.4337,B,relation-reasoning-agent-eval-v3.1
2026-08-28T13:50:00+09:00,CMP-S02-L03-01,S02,S02-L03,1,running,183.1129,399.0181,90.3912,34.9376,-1.2418,B,relation-reasoning-agent-eval-v3.1
2026-08-28T13:50:00+09:00,CMP-S02-L04-01,S02,S02-L04,1,running,178.5487,439.1871,109.3877,46.1499,0.7816,A,relation-reasoning-agent-eval-v3.1
2026-08-28T13:50:00+09:00,CMP-S02-L05-01,S02,S02-L05,1,running,193.7446,451.6144,96.455,42.1958,0.3446,A,relation-reasoning-agent-eval-v3.1
2026-08-28T14:00:00+09:00,CMP-S02-L01-01,S02,S02-L01,1,running,129.1386,448.2463,91.2929,31.4212,-1.4267,B,relation-reasoning-agent-eval-v3.1
2026-08-28T14:00:00+09:00,CMP-S02-L02-01,S02,S02-L02,1,running,180.92,473.3013,102.7112,42.5289,0.4419,A,relation-reasoning-agent-eval-v3.1
2026-08-28T14:00:00+09:00,CMP-S02-L03-01,S02,S02-L03,1,running,171.3293,384.6308,95.8109,33.717,-1.4678,B,relation-reasoning-agent-eval-v3.1
2026-08-28T14:00:00+09:00,CMP-S02-L04-01,S02,S02-L04,1,running,171.3783,465.5586,102.3051,44.7126,0.5155,A,relation-reasoning-agent-eval-v3.1
2026-08-28T14:00:00+09:00,CMP-S02-L05-01,S02,S02-L05,1,running,184.1508,462.9034,90.9087,46.8053,1.1982,B,relation-reasoning-agent-eval-v3.1
2026-08-28T14:10:00+09:00,CMP-S02-L01-01,S02,S02-L01,1,running,147.7471,421.2815,95.1538,38.2505,-0.1621,A,relation-reasoning-agent-eval-v3.1
2026-08-28T14:10:00+09:00,CMP-S02-L02-01,S02,S02-L02,1,running,197.5424,522.3999,101.1347,46.2593,1.1327,B,relation-reasoning-agent-eval-v3.1
2026-08-28T14:10:00+09:00,CMP-S02-L03-01,S02,S02-L03,1,running,200.8012,433.7139,108.5097,39.9395,-0.3155,A,relation-reasoning-agent-eval-v3.1
2026-08-28T14:10:00+09:00,CMP-S02-L04-01,S02,S02-L04,1,running,180.8641,446.519,100.4489,46.4335,0.8341,A,relation-reasoning-agent-eval-v3.1
2026-08-28T14:10:00+09:00,CMP-S02-L05-01,S02,S02-L05,1,running,189.0358,419.4902,93.0362,46.4029,1.1237,B,relation-reasoning-agent-eval-v3.1
2026-08-28T14:20:00+09:00,CMP-S02-L01-01,S02,S02-L01,1,running,158.4512,425.1839,98.553,40.7373,0.2985,A,relation-reasoning-agent-eval-v3.1
2026-08-28T14:20:00+09:00,CMP-S02-L02-01,S02,S02-L02,1,running,197.4264,501.3277,104.9666,42.6194,0.4587,A,relation-reasoning-agent-eval-v3.1
2026-08-28T14:20:00+09:00,CMP-S02-L03-01,S02,S02-L03,1,running,192.7038,455.3756,106.7044,42.1956,0.1023,A,relation-reasoning-agent-eval-v3.1
2026-08-28T14:20:00+09:00,CMP-S02-L04-01,S02,S02-L04,1,running,186.7609,461.0044,104.407,49.6489,1.4296,B,relation-reasoning-agent-eval-v3.1
2026-08-28T14:20:00+09:00,CMP-S02-L05-01,S02,S02-L05,1,running,193.8605,472.4644,100.9013,44.9983,0.8636,A,relation-reasoning-agent-eval-v3.1
2026-08-28T14:30:00+09:00,CMP-S02-L01-01,S02,S02-L01,1,running,174.3579,457.8206,101.3659,48.1602,1.6731,B,relation-reasoning-agent-eval-v3.1
2026-08-28T14:30:00+09:00,CMP-S02-L02-01,S02,S02-L02,1,running,186.3326,484.333,99.1527,41.4751,0.2468,A,relation-reasoning-agent-eval-v3.1
2026-08-28T14:30:00+09:00,CMP-S02-L03-01,S02,S02-L03,1,running,179.1227,443.331,102.4444,43.5467,0.3525,A,relation-reasoning-agent-eval-v3.1
2026-08-28T14:30:00+09:00,CMP-S02-L04-01,S02,S02-L04,1,running,192.1785,490.8743,99.1419,48.9124,1.2932,B,relation-reasoning-agent-eval-v3.1
2026-08-28T14:30:00+09:00,CMP-S02-L05-01,S02,S02-L05,1,running,195.3491,444.0923,101.4388,42.866,0.4687,A,relation-reasoning-agent-eval-v3.1
2026-08-28T14:40:00+09:00,CMP-S02-L01-01,S02,S02-L01,1,running,172.7831,456.1569,110.2663,43.6472,0.8373,A,relation-reasoning-agent-eval-v3.1
2026-08-28T14:40:00+09:00,CMP-S02-L02-01,S02,S02-L02,1,running,182.2593,516.3191,103.4763,34.0112,-1.1355,B,relation-reasoning-agent-eval-v3.1
2026-08-28T14:40:00+09:00,CMP-S02-L03-01,S02,S02-L03,1,running,187.5281,420.8966,97.7216,46.7536,0.9464,A,relation-reasoning-agent-eval-v3.1
2026-08-28T14:40:00+09:00,CMP-S02-L04-01,S02,S02-L04,1,running,195.0668,533.5833,96.7503,44.8791,0.5463,A,relation-reasoning-agent-eval-v3.1
2026-08-28T14:40:00+09:00,CMP-S02-L05-01,S02,S02-L05,1,running,184.9578,482.5327,106.5346,43.8757,0.6557,A,relation-reasoning-agent-eval-v3.1
2026-08-28T14:50:00+09:00,CMP-S02-L01-01,S02,S02-L01,1,running,189.611,427.0667,105.9679,36.9116,-0.41,A,relation-reasoning-agent-eval-v3.1
2026-08-28T14:50:00+09:00,CMP-S02-L02-01,S02,S02-L02,1,running,190.0956,531.9364,101.5576,30.0974,-1.8602,B,relation-reasoning-agent-eval-v3.1
2026-08-28T14:50:00+09:00,CMP-S02-L03-01,S02,S02-L03,1,running,196.6965,432.7837,97.8769,44.2165,0.4765,A,relation-reasoning-agent-eval-v3.1
2026-08-28T14:50:00+09:00,CMP-S02-L04-01,S02,S02-L04,1,running,178.2375,531.5861,100.9114,42.0512,0.0226,A,relation-reasoning-agent-eval-v3.1
2026-08-28T14:50:00+09:00,CMP-S02-L05-01,S02,S02-L05,1,running,178.7134,453.0281,103.9136,46.1052,1.0686,B,relation-reasoning-agent-eval-v3.1
2026-08-28T15:00:00+09:00,CMP-S02-L01-01,S02,S02-L01,1,running,187.7722,435.7942,110.4536,32.5251,-1.2223,B,relation-reasoning-agent-eval-v3.1
2026-08-28T15:00:00+09:00,CMP-S02-L02-01,S02,S02-L02,1,running,185.0091,556.1644,110.4774,40.2515,0.0202,A,relation-reasoning-agent-eval-v3.1
2026-08-28T15:00:00+09:00,CMP-S02-L03-01,S02,S02-L03,1,running,199.043,438.3715,107.5951,44.9265,0.608,A,relation-reasoning-agent-eval-v3.1
2026-08-28T15:00:00+09:00,CMP-S02-L04-01,S02,S02-L04,1,running,183.0805,504.4101,103.5738,42.3203,0.0724,A,relation-reasoning-agent-eval-v3.1
2026-08-28T15:00:00+09:00,CMP-S02-L05-01,S02,S02-L05,1,running,178.3203,464.6641,104.3589,44.7806,0.8233,A,relation-reasoning-agent-eval-v3.1
2026-08-28T15:10:00+09:00,CMP-S02-L01-01,S02,S02-L01,1,running,186.2768,413.6928,104.377,37.1163,-0.3721,A,relation-reasoning-agent-eval-v3.1
2026-08-28T15:10:00+09:00,CMP-S02-L02-01,S02,S02-L02,1,running,192.9268,557.5345,105.1342,36.6443,-0.6479,A,relation-reasoning-agent-eval-v3.1
2026-08-28T15:10:00+09:00,CMP-S02-L03-01,S02,S02-L03,1,running,189.9328,484.1696,103.2981,42.9316,0.2386,A,relation-reasoning-agent-eval-v3.1
2026-08-28T15:10:00+09:00,CMP-S02-L04-01,S02,S02-L04,1,running,167.2964,474.3657,99.7617,41.9021,-0.005,A,relation-reasoning-agent-eval-v3.1
2026-08-28T15:10:00+09:00,CMP-S02-L05-01,S02,S02-L05,1,running,162.8175,477.0827,101.7067,49.6598,1.7268,B,relation-reasoning-agent-eval-v3.1
2026-08-28T15:20:00+09:00,CMP-S02-L01-01,S02,S02-L01,1,running,177.0439,429.802,101.6843,34.5029,-0.8561,A,relation-reasoning-agent-eval-v3.1
2026-08-28T15:20:00+09:00,CMP-S02-L02-01,S02,S02-L02,1,running,205.5065,482.4042,103.4459,40.9212,0.1442,A,relation-reasoning-agent-eval-v3.1
2026-08-28T15:20:00+09:00,CMP-S02-L03-01,S02,S02-L03,1,running,181.1948,494.8264,104.44,44.0525,0.4462,A,relation-reasoning-agent-eval-v3.1
2026-08-28T15:20:00+09:00,CMP-S02-L04-01,S02,S02-L04,1,running,176.398,481.1754,97.2459,40.0493,-0.3481,A,relation-reasoning-agent-eval-v3.1
2026-08-28T15:20:00+09:00,CMP-S02-L05-01,S02,S02-L05,1,running,146.0132,466.8333,99.1589,50.1914,1.8253,B,relation-reasoning-agent-eval-v3.1
2026-08-28T15:30:00+09:00,CMP-S02-L01-01,S02,S02-L01,1,running,182.1569,452.8741,104.2326,34.9672,-0.7701,A,relation-reasoning-agent-eval-v3.1
2026-08-28T15:30:00+09:00,CMP-S02-L02-01,S02,S02-L02,1,running,190.3498,439.736,103.3891,46.1729,1.1167,B,relation-reasoning-agent-eval-v3.1
2026-08-28T15:30:00+09:00,CMP-S02-L03-01,S02,S02-L03,1,running,183.2603,463.7326,100.7119,43.9601,0.4291,A,relation-reasoning-agent-eval-v3.1
2026-08-28T15:30:00+09:00,CMP-S02-L04-01,S02,S02-L04,1,running,173.8759,493.1132,102.4064,39.4521,-0.4587,A,relation-reasoning-agent-eval-v3.1
2026-08-28T15:30:00+09:00,CMP-S02-L05-01,S02,S02-L05,1,running,144.6319,499.7097,99.8856,43.5092,0.5878,A,relation-reasoning-agent-eval-v3.1
2026-08-28T15:40:00+09:00,CMP-S02-L01-01,S02,S02-L01,1,running,176.6683,454.308,109.9568,34.6407,-0.8306,A,relation-reasoning-agent-eval-v3.1
2026-08-28T15:40:00+09:00,CMP-S02-L02-01,S02,S02-L02,1,running,185.364,488.9688,107.1748,40.9138,0.1428,A,relation-reasoning-agent-eval-v3.1
2026-08-28T15:40:00+09:00,CMP-S02-L03-01,S02,S02-L03,1,running,163.3053,415.0519,103.8475,43.3123,0.3091,A,relation-reasoning-agent-eval-v3.1
2026-08-28T15:40:00+09:00,CMP-S02-L04-01,S02,S02-L04,1,running,155.7304,479.9555,101.453,47.8971,1.1052,B,relation-reasoning-agent-eval-v3.1
2026-08-28T15:40:00+09:00,CMP-S02-L05-01,S02,S02-L05,1,running,148.5149,483.4454,94.5658,40.363,0.0052,A,relation-reasoning-agent-eval-v3.1
2026-08-28T15:50:00+09:00,CMP-S02-L01-01,S02,S02-L01,1,running,181.0867,468.6743,104.4006,34.999,-0.7642,A,relation-reasoning-agent-eval-v3.1
2026-08-28T15:50:00+09:00,CMP-S02-L02-01,S02,S02-L02,1,running,180.2648,498.0341,101.3698,43.3535,0.5946,A,relation-reasoning-agent-eval-v3.1
2026-08-28T15:50:00+09:00,CMP-S02-L03-01,S02,S02-L03,1,running,159.0669,438.2525,103.5312,34.6031,-1.3037,B,relation-reasoning-agent-eval-v3.1
2026-08-28T15:50:00+09:00,CMP-S02-L04-01,S02,S02-L04,1,running,175.6594,464.6081,102.1641,47.6237,1.0546,B,relation-reasoning-agent-eval-v3.1
2026-08-28T15:50:00+09:00,CMP-S02-L05-01,S02,S02-L05,1,running,127.6029,452.9597,92.4705,41.7046,0.2536,A,relation-reasoning-agent-eval-v3.1
2026-08-28T16:00:00+09:00,CMP-S02-L01-01,S02,S02-L01,1,running,194.6918,430.0839,103.9671,34.7633,-0.8078,A,relation-reasoning-agent-eval-v3.1
2026-08-28T16:00:00+09:00,CMP-S02-L02-01,S02,S02-L02,1,running,170.0959,509.8522,102.6946,41.5728,0.2648,A,relation-reasoning-agent-eval-v3.1
2026-08-28T16:00:00+09:00,CMP-S02-L03-01,S02,S02-L03,1,running,184.3831,418.0516,99.4754,34.6301,-1.2987,B,relation-reasoning-agent-eval-v3.1
2026-08-28T16:00:00+09:00,CMP-S02-L04-01,S02,S02-L04,1,running,163.0558,446.2365,95.4425,46.5646,0.8584,A,relation-reasoning-agent-eval-v3.1
2026-08-28T16:00:00+09:00,CMP-S02-L05-01,S02,S02-L05,1,running,133.6999,379.9039,101.6516,43.0624,0.5051,A,relation-reasoning-agent-eval-v3.1
2026-08-28T16:10:00+09:00,CMP-S02-L01-01,S02,S02-L01,1,running,198.2465,417.0614,103.5351,37.7149,-0.2612,A,relation-reasoning-agent-eval-v3.1
2026-08-28T16:10:00+09:00,CMP-S02-L02-01,S02,S02-L02,1,running,181.302,503.1554,98.2904,42.1172,0.3657,A,relation-reasoning-agent-eval-v3.1
2026-08-28T16:10:00+09:00,CMP-S02-L03-01,S02,S02-L03,1,running,187.2408,420.9407,92.7264,35.7883,-1.0842,B,relation-reasoning-agent-eval-v3.1
2026-08-28T16:10:00+09:00,CMP-S02-L04-01,S02,S02-L04,1,running,175.3408,443.1551,97.9519,43.7798,0.3427,A,relation-reasoning-agent-eval-v3.1
2026-08-28T16:10:00+09:00,CMP-S02-L05-01,S02,S02-L05,1,running,130.3796,404.4439,103.088,50.3859,1.8613,B,relation-reasoning-agent-eval-v3.1
2026-08-28T16:20:00+09:00,CMP-S02-L01-01,S02,S02-L01,1,running,198.0699,393.2678,111.4802,36.7372,-0.4423,A,relation-reasoning-agent-eval-v3.1
2026-08-28T16:20:00+09:00,CMP-S02-L02-01,S02,S02-L02,1,running,172.8172,488.4939,96.679,31.5458,-1.592,B,relation-reasoning-agent-eval-v3.1
2026-08-28T16:20:00+09:00,CMP-S02-L03-01,S02,S02-L03,1,running,196.1346,432.6101,96.4575,35.4617,-1.1447,B,relation-reasoning-agent-eval-v3.1
2026-08-28T16:20:00+09:00,CMP-S02-L04-01,S02,S02-L04,1,running,174.9538,411.7676,103.1508,47.6866,1.0662,B,relation-reasoning-agent-eval-v3.1
2026-08-28T16:20:00+09:00,CMP-S02-L05-01,S02,S02-L05,1,running,121.5649,360.545,101.3992,46.8919,1.2142,B,relation-reasoning-agent-eval-v3.1
2026-08-28T16:30:00+09:00,CMP-S02-L01-01,S02,S02-L01,1,running,187.5156,438.2702,105.0698,40.0864,0.1779,A,relation-reasoning-agent-eval-v3.1
2026-08-28T16:30:00+09:00,CMP-S02-L02-01,S02,S02-L02,1,running,180.3415,435.6564,92.1526,33.3298,-1.2617,B,relation-reasoning-agent-eval-v3.1
2026-08-28T16:30:00+09:00,CMP-S02-L03-01,S02,S02-L03,1,running,192.3113,447.3001,102.7754,30.2571,-2.1085,C,relation-reasoning-agent-eval-v3.1
2026-08-28T16:30:00+09:00,CMP-S02-L04-01,S02,S02-L04,1,running,182.7908,389.721,98.6155,48.2979,1.1794,B,relation-reasoning-agent-eval-v3.1
2026-08-28T16:30:00+09:00,CMP-S02-L05-01,S02,S02-L05,1,running,133.9703,329.7318,91.2215,44.3456,0.7427,A,relation-reasoning-agent-eval-v3.1
2026-08-28T16:40:00+09:00,CMP-S02-L01-01,S02,S02-L01,1,running,180.7822,442.0221,109.3572,38.0822,-0.1932,A,relation-reasoning-agent-eval-v3.1
2026-08-28T16:40:00+09:00,CMP-S02-L02-01,S02,S02-L02,1,running,174.0171,439.75,91.3115,33.6063,-1.2104,B,relation-reasoning-agent-eval-v3.1
2026-08-28T16:40:00+09:00,CMP-S02-L03-01,S02,S02-L03,1,running,179.8566,438.0392,104.7616,38.6524,-0.5539,A,relation-reasoning-agent-eval-v3.1
2026-08-28T16:40:00+09:00,CMP-S02-L04-01,S02,S02-L04,1,running,178.4218,384.5728,100.0661,46.0702,0.7669,A,relation-reasoning-agent-eval-v3.1
2026-08-28T16:40:00+09:00,CMP-S02-L05-01,S02,S02-L05,1,running,146.7624,387.1118,88.3924,39.4386,-0.166,A,relation-reasoning-agent-eval-v3.1
2026-08-28T16:50:00+09:00,CMP-S02-L01-01,S02,S02-L01,1,running,180.6701,480.4265,100.0293,29.9229,-1.7042,B,relation-reasoning-agent-eval-v3.1
2026-08-28T16:50:00+09:00,CMP-S02-L02-01,S02,S02-L02,1,running,157.0596,434.7389,94.9607,35.671,-0.8281,A,relation-reasoning-agent-eval-v3.1
2026-08-28T16:50:00+09:00,CMP-S02-L03-01,S02,S02-L03,1,running,187.6291,449.2988,106.2202,37.1548,-0.8312,A,relation-reasoning-agent-eval-v3.1
2026-08-28T16:50:00+09:00,CMP-S02-L04-01,S02,S02-L04,1,running,170.2841,443.6385,101.9179,44.1941,0.4194,A,relation-reasoning-agent-eval-v3.1
2026-08-28T16:50:00+09:00,CMP-S02-L05-01,S02,S02-L05,1,running,153.4796,394.6957,97.7221,44.4984,0.771,A,relation-reasoning-agent-eval-v3.1
2026-08-28T17:00:00+09:00,CMP-S02-L01-01,S02,S02-L01,1,running,178.1787,438.2449,98.8816,32.9512,-1.1434,B,relation-reasoning-agent-eval-v3.1
2026-08-28T17:00:00+09:00,CMP-S02-L02-01,S02,S02-L02,1,running,153.1415,402.9948,92.2595,41.8312,0.3127,A,relation-reasoning-agent-eval-v3.1
2026-08-28T17:00:00+09:00,CMP-S02-L03-01,S02,S02-L03,1,running,181.7219,390.2534,103.8592,40.9379,-0.1306,A,relation-reasoning-agent-eval-v3.1
2026-08-28T17:00:00+09:00,CMP-S02-L04-01,S02,S02-L04,1,running,185.2166,445.0281,92.3802,38.0015,-0.7273,A,relation-reasoning-agent-eval-v3.1
2026-08-28T17:00:00+09:00,CMP-S02-L05-01,S02,S02-L05,1,running,166.2055,393.3045,99.2327,43.8733,0.6552,A,relation-reasoning-agent-eval-v3.1
2026-08-28T17:10:00+09:00,CMP-S02-L01-01,S02,S02-L01,1,running,180.0475,463.1248,103.6123,29.137,-1.8497,B,relation-reasoning-agent-eval-v3.1
2026-08-28T17:10:00+09:00,CMP-S02-L02-01,S02,S02-L02,1,running,160.6351,407.4256,103.9077,41.1657,0.1894,A,relation-reasoning-agent-eval-v3.1
2026-08-28T17:10:00+09:00,CMP-S02-L03-01,S02,S02-L03,1,running,178.2653,372.9856,99.6534,46.2118,0.846,A,relation-reasoning-agent-eval-v3.1
2026-08-28T17:10:00+09:00,CMP-S02-L04-01,S02,S02-L04,1,running,191.3653,426.7695,100.869,36.2911,-1.0441,B,relation-reasoning-agent-eval-v3.1
2026-08-28T17:10:00+09:00,CMP-S02-L05-01,S02,S02-L05,1,running,159.4402,418.0,97.5927,38.7239,-0.2984,A,relation-reasoning-agent-eval-v3.1
2026-08-28T17:20:00+09:00,CMP-S02-L01-01,S02,S02-L01,1,running,199.1585,414.5077,109.3468,25.9222,-2.4451,C,relation-reasoning-agent-eval-v3.1
2026-08-28T17:20:00+09:00,CMP-S02-L02-01,S02,S02-L02,1,running,175.8834,413.7668,103.6724,43.4461,0.6117,A,relation-reasoning-agent-eval-v3.1
2026-08-28T17:20:00+09:00,CMP-S02-L03-01,S02,S02-L03,1,running,159.1155,397.6975,101.4501,37.6769,-0.7345,A,relation-reasoning-agent-eval-v3.1
2026-08-28T17:20:00+09:00,CMP-S02-L04-01,S02,S02-L04,1,running,177.6734,455.1604,105.0954,38.59,-0.6184,A,relation-reasoning-agent-eval-v3.1
2026-08-28T17:20:00+09:00,CMP-S02-L05-01,S02,S02-L05,1,running,160.1869,370.8617,99.7809,38.1585,-0.4031,A,relation-reasoning-agent-eval-v3.1
2026-08-28T17:30:00+09:00,CMP-S02-L01-01,S02,S02-L01,1,running,186.5315,398.0029,108.2962,26.8399,-2.2751,C,relation-reasoning-agent-eval-v3.1
2026-08-28T17:30:00+09:00,CMP-S02-L02-01,S02,S02-L02,1,running,182.2355,424.3262,108.3886,42.2554,0.3912,A,relation-reasoning-agent-eval-v3.1
2026-08-28T17:30:00+09:00,CMP-S02-L03-01,S02,S02-L03,1,running,170.9198,434.8277,105.4226,36.6158,-0.931,A,relation-reasoning-agent-eval-v3.1
2026-08-28T17:30:00+09:00,CMP-S02-L04-01,S02,S02-L04,1,running,170.1083,431.1984,106.4911,36.9779,-0.9169,A,relation-reasoning-agent-eval-v3.1
2026-08-28T17:30:00+09:00,CMP-S02-L05-01,S02,S02-L05,1,running,161.1729,383.9067,97.8894,37.5288,-0.5197,A,relation-reasoning-agent-eval-v3.1
2026-08-28T17:40:00+09:00,CMP-S02-L01-01,S02,S02-L01,1,running,179.0222,425.3213,99.093,30.9472,-1.5145,B,relation-reasoning-agent-eval-v3.1
2026-08-28T17:40:00+09:00,CMP-S02-L02-01,S02,S02-L02,1,running,177.666,392.9395,103.6248,45.6501,1.0199,B,relation-reasoning-agent-eval-v3.1
2026-08-28T17:40:00+09:00,CMP-S02-L03-01,S02,S02-L03,1,running,157.9825,423.7519,99.044,39.7446,-0.3516,A,relation-reasoning-agent-eval-v3.1
2026-08-28T17:40:00+09:00,CMP-S02-L04-01,S02,S02-L04,1,running,178.8191,444.6542,106.3804,38.3731,-0.6585,A,relation-reasoning-agent-eval-v3.1
2026-08-28T17:40:00+09:00,CMP-S02-L05-01,S02,S02-L05,1,running,156.3045,393.3771,97.5153,36.6639,-0.6798,A,relation-reasoning-agent-eval-v3.1
2026-08-28T17:50:00+09:00,CMP-S02-L01-01,S02,S02-L01,1,running,171.1343,444.2371,93.8678,30.6772,-1.5645,B,relation-reasoning-agent-eval-v3.1
2026-08-28T17:50:00+09:00,CMP-S02-L02-01,S02,S02-L02,1,running,182.4525,381.874,92.8996,44.131,0.7386,A,relation-reasoning-agent-eval-v3.1
2026-08-28T17:50:00+09:00,CMP-S02-L03-01,S02,S02-L03,1,running,169.8192,412.6784,92.9656,41.2637,-0.0703,A,relation-reasoning-agent-eval-v3.1
2026-08-28T17:50:00+09:00,CMP-S02-L04-01,S02,S02-L04,1,running,174.8109,424.2534,100.5016,35.1973,-1.2466,B,relation-reasoning-agent-eval-v3.1
2026-08-28T17:50:00+09:00,CMP-S02-L05-01,S02,S02-L05,1,running,153.793,400.651,94.0642,39.2181,-0.2068,A,relation-reasoning-agent-eval-v3.1
2026-08-28T18:00:00+09:00,CMP-S02-L01-01,S02,S02-L01,1,running,171.6014,457.2011,85.8871,35.8036,-0.6152,A,relation-reasoning-agent-eval-v3.1
2026-08-28T18:00:00+09:00,CMP-S02-L02-01,S02,S02-L02,1,running,162.2463,453.5166,97.1656,42.9103,0.5125,A,relation-reasoning-agent-eval-v3.1
2026-08-28T18:00:00+09:00,CMP-S02-L03-01,S02,S02-L03,1,running,162.0778,385.6963,93.8805,35.4246,-1.1516,B,relation-reasoning-agent-eval-v3.1
2026-08-28T18:00:00+09:00,CMP-S02-L04-01,S02,S02-L04,1,running,167.9462,405.433,105.9302,33.7187,-1.5205,B,relation-reasoning-agent-eval-v3.1
2026-08-28T18:00:00+09:00,CMP-S02-L05-01,S02,S02-L05,1,running,162.5314,409.5233,94.9173,35.1331,-0.9633,A,relation-reasoning-agent-eval-v3.1
