observed_at,asset_id,site_id,cell_id,is_operating,operating_state,voltage_raw,rotation_raw,pressure_raw,vibration_raw,relative_vibration_z,relative_vibration_zone,generator_version
2026-08-05T23:00:00+09:00,CMP-S01-L01-01,S01,S01-L01,1,running,193.9699,447.0156,101.7049,38.615,-0.2252,A,relation-reasoning-agent-eval-v3.1
2026-08-05T23:00:00+09:00,CMP-S01-L02-01,S01,S01-L02,1,running,150.8552,470.6339,99.0389,41.1896,0.391,A,relation-reasoning-agent-eval-v3.1
2026-08-05T23:00:00+09:00,CMP-S01-L03-01,S01,S01-L03,1,running,172.6117,475.1032,95.6081,41.0955,0.0991,A,relation-reasoning-agent-eval-v3.1
2026-08-05T23:00:00+09:00,CMP-S01-L04-01,S01,S01-L04,1,running,162.2585,431.4306,109.3528,36.5188,-0.5989,A,relation-reasoning-agent-eval-v3.1
2026-08-05T23:00:00+09:00,CMP-S01-L05-01,S01,S01-L05,1,running,163.6571,378.7005,101.5173,40.9868,-0.1029,A,relation-reasoning-agent-eval-v3.1
2026-08-05T23:10:00+09:00,CMP-S01-L01-01,S01,S01-L01,1,running,188.7938,451.0781,99.7284,43.0059,0.5879,A,relation-reasoning-agent-eval-v3.1
2026-08-05T23:10:00+09:00,CMP-S01-L02-01,S01,S01-L02,1,running,157.5764,439.1413,104.7458,45.302,1.1525,B,relation-reasoning-agent-eval-v3.1
2026-08-05T23:10:00+09:00,CMP-S01-L03-01,S01,S01-L03,1,running,166.4943,440.2351,102.2386,43.9582,0.6292,A,relation-reasoning-agent-eval-v3.1
2026-08-05T23:10:00+09:00,CMP-S01-L04-01,S01,S01-L04,1,running,153.8603,417.5557,101.2613,35.1867,-0.8456,A,relation-reasoning-agent-eval-v3.1
2026-08-05T23:10:00+09:00,CMP-S01-L05-01,S01,S01-L05,1,running,188.9434,390.7121,94.2481,41.4011,-0.0262,A,relation-reasoning-agent-eval-v3.1
2026-08-05T23:20:00+09:00,CMP-S01-L01-01,S01,S01-L01,1,running,185.1554,501.8578,103.2993,37.0815,-0.5092,A,relation-reasoning-agent-eval-v3.1
2026-08-05T23:20:00+09:00,CMP-S01-L02-01,S01,S01-L02,1,running,164.3414,461.6241,103.7278,39.3208,0.0449,A,relation-reasoning-agent-eval-v3.1
2026-08-05T23:20:00+09:00,CMP-S01-L03-01,S01,S01-L03,1,running,165.2693,408.1252,104.6628,44.4399,0.7184,A,relation-reasoning-agent-eval-v3.1
2026-08-05T23:20:00+09:00,CMP-S01-L04-01,S01,S01-L04,1,running,162.8698,441.4746,108.526,37.6404,-0.3912,A,relation-reasoning-agent-eval-v3.1
2026-08-05T23:20:00+09:00,CMP-S01-L05-01,S01,S01-L05,1,running,201.4324,442.2838,99.4113,39.2019,-0.4335,A,relation-reasoning-agent-eval-v3.1
2026-08-05T23:30:00+09:00,CMP-S01-L01-01,S01,S01-L01,1,running,175.2517,485.5173,105.1363,32.1508,-1.4223,B,relation-reasoning-agent-eval-v3.1
2026-08-05T23:30:00+09:00,CMP-S01-L02-01,S01,S01-L02,1,running,155.2681,468.0363,103.7537,40.6166,0.2849,A,relation-reasoning-agent-eval-v3.1
2026-08-05T23:30:00+09:00,CMP-S01-L03-01,S01,S01-L03,1,running,169.8062,421.6992,103.7202,41.0826,0.0967,A,relation-reasoning-agent-eval-v3.1
2026-08-05T23:30:00+09:00,CMP-S01-L04-01,S01,S01-L04,1,running,176.2057,458.3106,106.637,42.5498,0.5179,A,relation-reasoning-agent-eval-v3.1
2026-08-05T23:30:00+09:00,CMP-S01-L05-01,S01,S01-L05,1,running,188.5223,479.745,104.6636,39.03,-0.4653,A,relation-reasoning-agent-eval-v3.1
2026-08-05T23:40:00+09:00,CMP-S01-L01-01,S01,S01-L01,1,running,172.6108,419.0087,102.741,36.1013,-0.6907,A,relation-reasoning-agent-eval-v3.1
2026-08-05T23:40:00+09:00,CMP-S01-L02-01,S01,S01-L02,1,running,155.1604,437.2264,100.7692,36.8225,-0.4177,A,relation-reasoning-agent-eval-v3.1
2026-08-05T23:40:00+09:00,CMP-S01-L03-01,S01,S01-L03,1,running,142.1445,419.8212,107.2803,44.4199,0.7147,A,relation-reasoning-agent-eval-v3.1
2026-08-05T23:40:00+09:00,CMP-S01-L04-01,S01,S01-L04,1,running,177.2768,506.2591,109.3133,44.6266,0.9025,A,relation-reasoning-agent-eval-v3.1
2026-08-05T23:40:00+09:00,CMP-S01-L05-01,S01,S01-L05,1,running,185.9415,475.7633,93.49,37.3601,-0.7745,A,relation-reasoning-agent-eval-v3.1
2026-08-05T23:50:00+09:00,CMP-S01-L01-01,S01,S01-L01,1,running,161.5401,429.7525,103.4805,33.3578,-1.1988,B,relation-reasoning-agent-eval-v3.1
2026-08-05T23:50:00+09:00,CMP-S01-L02-01,S01,S01-L02,1,running,173.0835,452.7357,103.7789,41.8718,0.5173,A,relation-reasoning-agent-eval-v3.1
2026-08-05T23:50:00+09:00,CMP-S01-L03-01,S01,S01-L03,1,running,168.3883,435.8973,104.4439,46.3034,1.0635,B,relation-reasoning-agent-eval-v3.1
2026-08-05T23:50:00+09:00,CMP-S01-L04-01,S01,S01-L04,1,running,186.7219,494.0865,108.6011,44.0143,0.7891,A,relation-reasoning-agent-eval-v3.1
2026-08-05T23:50:00+09:00,CMP-S01-L05-01,S01,S01-L05,1,running,184.6452,459.0029,96.6901,41.6593,0.0216,A,relation-reasoning-agent-eval-v3.1
2026-08-06T00:00:00+09:00,CMP-S01-L01-01,S01,S01-L01,1,running,168.9445,488.3712,100.5198,34.9729,-0.8997,A,relation-reasoning-agent-eval-v3.1
2026-08-06T00:00:00+09:00,CMP-S01-L02-01,S01,S01-L02,1,running,177.9596,422.8618,100.23,38.5146,-0.1044,A,relation-reasoning-agent-eval-v3.1
2026-08-06T00:00:00+09:00,CMP-S01-L03-01,S01,S01-L03,1,running,187.1723,439.2307,97.3735,42.1031,0.2857,A,relation-reasoning-agent-eval-v3.1
2026-08-06T00:00:00+09:00,CMP-S01-L04-01,S01,S01-L04,1,running,166.3013,481.3654,106.8518,38.991,-0.1411,A,relation-reasoning-agent-eval-v3.1
2026-08-06T00:00:00+09:00,CMP-S01-L05-01,S01,S01-L05,1,running,176.3235,476.5427,97.9504,40.0142,-0.283,A,relation-reasoning-agent-eval-v3.1
2026-08-06T00:10:00+09:00,CMP-S01-L01-01,S01,S01-L01,1,running,178.6809,438.9416,97.0784,34.6845,-0.9531,A,relation-reasoning-agent-eval-v3.1
2026-08-06T00:10:00+09:00,CMP-S01-L02-01,S01,S01-L02,1,running,173.5527,460.7249,101.3806,45.0587,1.1075,B,relation-reasoning-agent-eval-v3.1
2026-08-06T00:10:00+09:00,CMP-S01-L03-01,S01,S01-L03,1,running,180.4911,422.9128,103.533,41.2389,0.1256,A,relation-reasoning-agent-eval-v3.1
2026-08-06T00:10:00+09:00,CMP-S01-L04-01,S01,S01-L04,1,running,168.4802,479.0527,98.8437,45.346,1.0357,B,relation-reasoning-agent-eval-v3.1
2026-08-06T00:10:00+09:00,CMP-S01-L05-01,S01,S01-L05,1,running,173.0817,438.8811,102.9694,36.4494,-0.9432,A,relation-reasoning-agent-eval-v3.1
2026-08-06T00:20:00+09:00,CMP-S01-L01-01,S01,S01-L01,1,running,174.0107,431.0674,95.6254,39.7552,-0.0141,A,relation-reasoning-agent-eval-v3.1
2026-08-06T00:20:00+09:00,CMP-S01-L02-01,S01,S01-L02,1,running,157.434,414.7619,110.7574,43.911,0.895,A,relation-reasoning-agent-eval-v3.1
2026-08-06T00:20:00+09:00,CMP-S01-L03-01,S01,S01-L03,1,running,180.4552,438.6477,105.0464,46.4812,1.0964,B,relation-reasoning-agent-eval-v3.1
2026-08-06T00:20:00+09:00,CMP-S01-L04-01,S01,S01-L04,1,running,164.8964,480.682,92.0955,39.26,-0.0913,A,relation-reasoning-agent-eval-v3.1
2026-08-06T00:20:00+09:00,CMP-S01-L05-01,S01,S01-L05,1,running,181.8071,425.1033,101.8563,39.0979,-0.4527,A,relation-reasoning-agent-eval-v3.1
2026-08-06T00:30:00+09:00,CMP-S01-L01-01,S01,S01-L01,1,running,179.3701,422.3039,98.7343,40.0541,0.0413,A,relation-reasoning-agent-eval-v3.1
2026-08-06T00:30:00+09:00,CMP-S01-L02-01,S01,S01-L02,1,running,141.867,448.1,108.8745,45.8086,1.2464,B,relation-reasoning-agent-eval-v3.1
2026-08-06T00:30:00+09:00,CMP-S01-L03-01,S01,S01-L03,1,running,187.1946,417.5205,100.8095,43.3045,0.5082,A,relation-reasoning-agent-eval-v3.1
2026-08-06T00:30:00+09:00,CMP-S01-L04-01,S01,S01-L04,1,running,180.8273,506.8836,101.1493,37.98,-0.3283,A,relation-reasoning-agent-eval-v3.1
2026-08-06T00:30:00+09:00,CMP-S01-L05-01,S01,S01-L05,1,running,182.0748,391.2904,98.7592,38.4898,-0.5653,A,relation-reasoning-agent-eval-v3.1
2026-08-06T00:40:00+09:00,CMP-S01-L01-01,S01,S01-L01,1,running,162.1748,428.0073,92.9654,45.3661,1.025,B,relation-reasoning-agent-eval-v3.1
2026-08-06T00:40:00+09:00,CMP-S01-L02-01,S01,S01-L02,1,running,137.2388,426.4002,116.5702,43.9661,0.9052,A,relation-reasoning-agent-eval-v3.1
2026-08-06T00:40:00+09:00,CMP-S01-L03-01,S01,S01-L03,1,running,184.1011,447.9007,107.8315,46.2056,1.0454,B,relation-reasoning-agent-eval-v3.1
2026-08-06T00:40:00+09:00,CMP-S01-L04-01,S01,S01-L04,1,running,195.5087,469.7774,99.1219,40.9028,0.2129,A,relation-reasoning-agent-eval-v3.1
2026-08-06T00:40:00+09:00,CMP-S01-L05-01,S01,S01-L05,1,running,184.1218,395.9433,100.3888,42.6378,0.2028,A,relation-reasoning-agent-eval-v3.1
2026-08-06T00:50:00+09:00,CMP-S01-L01-01,S01,S01-L01,1,running,174.7554,503.3959,95.9,34.3779,-1.0099,B,relation-reasoning-agent-eval-v3.1
2026-08-06T00:50:00+09:00,CMP-S01-L02-01,S01,S01-L02,1,running,151.007,432.9437,119.0144,42.5113,0.6357,A,relation-reasoning-agent-eval-v3.1
2026-08-06T00:50:00+09:00,CMP-S01-L03-01,S01,S01-L03,1,running,166.2741,475.0437,102.9246,50.9134,1.9172,B,relation-reasoning-agent-eval-v3.1
2026-08-06T00:50:00+09:00,CMP-S01-L04-01,S01,S01-L04,1,running,199.1935,482.5629,104.6782,43.0328,0.6074,A,relation-reasoning-agent-eval-v3.1
2026-08-06T00:50:00+09:00,CMP-S01-L05-01,S01,S01-L05,1,running,173.7274,437.1215,101.2284,44.3483,0.5196,A,relation-reasoning-agent-eval-v3.1
2026-08-06T01:00:00+09:00,CMP-S01-L01-01,S01,S01-L01,1,running,192.6784,479.1051,96.9522,37.9317,-0.3518,A,relation-reasoning-agent-eval-v3.1
2026-08-06T01:00:00+09:00,CMP-S01-L02-01,S01,S01-L02,1,running,148.7677,439.0687,111.0569,41.0394,0.3632,A,relation-reasoning-agent-eval-v3.1
2026-08-06T01:00:00+09:00,CMP-S01-L03-01,S01,S01-L03,1,running,165.9991,433.8251,95.9836,49.625,1.6786,B,relation-reasoning-agent-eval-v3.1
2026-08-06T01:00:00+09:00,CMP-S01-L04-01,S01,S01-L04,1,running,205.4793,451.5781,101.5651,39.0585,-0.1286,A,relation-reasoning-agent-eval-v3.1
2026-08-06T01:00:00+09:00,CMP-S01-L05-01,S01,S01-L05,1,running,165.4567,490.1776,103.572,45.1707,0.6719,A,relation-reasoning-agent-eval-v3.1
2026-08-06T01:10:00+09:00,CMP-S01-L01-01,S01,S01-L01,1,running,186.8121,458.5418,105.9919,37.7977,-0.3766,A,relation-reasoning-agent-eval-v3.1
2026-08-06T01:10:00+09:00,CMP-S01-L02-01,S01,S01-L02,1,running,168.1711,422.807,107.512,41.9801,0.5374,A,relation-reasoning-agent-eval-v3.1
2026-08-06T01:10:00+09:00,CMP-S01-L03-01,S01,S01-L03,1,running,146.603,471.2408,106.9879,45.0236,0.8265,A,relation-reasoning-agent-eval-v3.1
2026-08-06T01:10:00+09:00,CMP-S01-L04-01,S01,S01-L04,1,running,188.5503,425.3239,105.9365,40.429,0.1252,A,relation-reasoning-agent-eval-v3.1
2026-08-06T01:10:00+09:00,CMP-S01-L05-01,S01,S01-L05,1,running,159.4593,484.4789,102.0593,36.8093,-0.8765,A,relation-reasoning-agent-eval-v3.1
2026-08-06T01:20:00+09:00,CMP-S01-L01-01,S01,S01-L01,1,running,189.2998,461.5974,108.48,38.5974,-0.2285,A,relation-reasoning-agent-eval-v3.1
2026-08-06T01:20:00+09:00,CMP-S01-L02-01,S01,S01-L02,1,running,184.162,422.5563,111.0247,40.965,0.3494,A,relation-reasoning-agent-eval-v3.1
2026-08-06T01:20:00+09:00,CMP-S01-L03-01,S01,S01-L03,1,running,154.8888,479.558,103.3127,44.1854,0.6713,A,relation-reasoning-agent-eval-v3.1
2026-08-06T01:20:00+09:00,CMP-S01-L04-01,S01,S01-L04,1,running,163.5367,474.6986,98.0733,39.7153,-0.007,A,relation-reasoning-agent-eval-v3.1
2026-08-06T01:20:00+09:00,CMP-S01-L05-01,S01,S01-L05,1,running,158.6563,476.2097,105.0092,36.381,-0.9559,A,relation-reasoning-agent-eval-v3.1
2026-08-06T01:30:00+09:00,CMP-S01-L01-01,S01,S01-L01,1,running,171.3412,455.8644,98.2237,33.319,-1.206,B,relation-reasoning-agent-eval-v3.1
2026-08-06T01:30:00+09:00,CMP-S01-L02-01,S01,S01-L02,1,running,173.728,460.4912,112.9625,41.4449,0.4383,A,relation-reasoning-agent-eval-v3.1
2026-08-06T01:30:00+09:00,CMP-S01-L03-01,S01,S01-L03,1,running,153.8847,437.3299,101.4176,38.4051,-0.3991,A,relation-reasoning-agent-eval-v3.1
2026-08-06T01:30:00+09:00,CMP-S01-L04-01,S01,S01-L04,1,running,179.3574,464.5063,108.1706,34.0437,-1.0573,B,relation-reasoning-agent-eval-v3.1
2026-08-06T01:30:00+09:00,CMP-S01-L05-01,S01,S01-L05,1,running,157.8108,495.5499,100.2248,36.8553,-0.868,A,relation-reasoning-agent-eval-v3.1
2026-08-06T01:40:00+09:00,CMP-S01-L01-01,S01,S01-L01,1,running,183.2483,504.4734,94.8091,37.1661,-0.4935,A,relation-reasoning-agent-eval-v3.1
2026-08-06T01:40:00+09:00,CMP-S01-L02-01,S01,S01-L02,1,running,170.7452,454.8439,118.1082,39.7571,0.1257,A,relation-reasoning-agent-eval-v3.1
2026-08-06T01:40:00+09:00,CMP-S01-L03-01,S01,S01-L03,1,running,144.543,425.6784,102.0138,38.8407,-0.3185,A,relation-reasoning-agent-eval-v3.1
2026-08-06T01:40:00+09:00,CMP-S01-L04-01,S01,S01-L04,1,running,190.5877,394.1262,104.2766,34.342,-1.002,B,relation-reasoning-agent-eval-v3.1
2026-08-06T01:40:00+09:00,CMP-S01-L05-01,S01,S01-L05,1,running,157.2932,524.4968,104.0114,34.9934,-1.2128,B,relation-reasoning-agent-eval-v3.1
2026-08-06T01:50:00+09:00,CMP-S01-L01-01,S01,S01-L01,1,running,183.9505,483.6919,95.2659,32.714,-1.318,B,relation-reasoning-agent-eval-v3.1
2026-08-06T01:50:00+09:00,CMP-S01-L02-01,S01,S01-L02,1,running,162.966,464.3938,118.4954,38.8016,-0.0512,A,relation-reasoning-agent-eval-v3.1
2026-08-06T01:50:00+09:00,CMP-S01-L03-01,S01,S01-L03,1,running,146.9246,433.3355,102.822,44.3607,0.7037,A,relation-reasoning-agent-eval-v3.1
2026-08-06T01:50:00+09:00,CMP-S01-L04-01,S01,S01-L04,1,running,185.6826,412.7444,104.0056,32.7554,-1.2959,B,relation-reasoning-agent-eval-v3.1
2026-08-06T01:50:00+09:00,CMP-S01-L05-01,S01,S01-L05,1,running,142.8124,486.9303,99.2709,34.1691,-1.3655,B,relation-reasoning-agent-eval-v3.1
2026-08-06T02:00:00+09:00,CMP-S01-L01-01,S01,S01-L01,1,running,191.9792,454.8115,103.226,39.2087,-0.1153,A,relation-reasoning-agent-eval-v3.1
2026-08-06T02:00:00+09:00,CMP-S01-L02-01,S01,S01-L02,1,running,170.9344,405.046,117.9214,36.1814,-0.5365,A,relation-reasoning-agent-eval-v3.1
2026-08-06T02:00:00+09:00,CMP-S01-L03-01,S01,S01-L03,1,running,156.351,421.9243,95.2033,41.5535,0.1839,A,relation-reasoning-agent-eval-v3.1
2026-08-06T02:00:00+09:00,CMP-S01-L04-01,S01,S01-L04,1,running,177.1686,419.8188,104.9951,37.8877,-0.3454,A,relation-reasoning-agent-eval-v3.1
2026-08-06T02:00:00+09:00,CMP-S01-L05-01,S01,S01-L05,1,running,149.709,449.1951,103.3633,42.1381,0.1103,A,relation-reasoning-agent-eval-v3.1
2026-08-06T02:10:00+09:00,CMP-S01-L01-01,S01,S01-L01,1,running,180.2942,472.8854,101.6673,38.4341,-0.2587,A,relation-reasoning-agent-eval-v3.1
2026-08-06T02:10:00+09:00,CMP-S01-L02-01,S01,S01-L02,1,running,166.861,398.144,114.9618,37.0744,-0.3711,A,relation-reasoning-agent-eval-v3.1
2026-08-06T02:10:00+09:00,CMP-S01-L03-01,S01,S01-L03,1,running,174.0228,438.3286,96.5864,47.7501,1.3314,B,relation-reasoning-agent-eval-v3.1
2026-08-06T02:10:00+09:00,CMP-S01-L04-01,S01,S01-L04,1,running,182.0499,404.1332,103.574,36.5815,-0.5873,A,relation-reasoning-agent-eval-v3.1
2026-08-06T02:10:00+09:00,CMP-S01-L05-01,S01,S01-L05,1,running,153.3169,431.4246,96.4971,42.6832,0.2112,A,relation-reasoning-agent-eval-v3.1
2026-08-06T02:20:00+09:00,CMP-S01-L01-01,S01,S01-L01,1,running,163.2554,433.3785,98.2322,37.4298,-0.4447,A,relation-reasoning-agent-eval-v3.1
2026-08-06T02:20:00+09:00,CMP-S01-L02-01,S01,S01-L02,1,running,166.8033,366.92,118.6364,39.9392,0.1594,A,relation-reasoning-agent-eval-v3.1
2026-08-06T02:20:00+09:00,CMP-S01-L03-01,S01,S01-L03,1,running,170.8802,438.9893,101.7896,47.3704,1.2611,B,relation-reasoning-agent-eval-v3.1
2026-08-06T02:20:00+09:00,CMP-S01-L04-01,S01,S01-L04,1,running,187.9155,415.5256,104.4201,37.6461,-0.3902,A,relation-reasoning-agent-eval-v3.1
2026-08-06T02:20:00+09:00,CMP-S01-L05-01,S01,S01-L05,1,running,161.4299,485.5666,93.5819,41.5672,0.0046,A,relation-reasoning-agent-eval-v3.1
2026-08-06T02:30:00+09:00,CMP-S01-L01-01,S01,S01-L01,1,running,168.9062,387.8214,95.5017,44.1398,0.7979,A,relation-reasoning-agent-eval-v3.1
2026-08-06T02:30:00+09:00,CMP-S01-L02-01,S01,S01-L02,1,running,165.401,351.0221,122.6208,35.1956,-0.719,A,relation-reasoning-agent-eval-v3.1
2026-08-06T02:30:00+09:00,CMP-S01-L03-01,S01,S01-L03,1,running,145.5883,431.958,103.4127,37.2603,-0.6111,A,relation-reasoning-agent-eval-v3.1
2026-08-06T02:30:00+09:00,CMP-S01-L04-01,S01,S01-L04,1,running,183.9464,432.0231,104.6343,38.4935,-0.2333,A,relation-reasoning-agent-eval-v3.1
2026-08-06T02:30:00+09:00,CMP-S01-L05-01,S01,S01-L05,1,running,161.936,494.7947,90.9959,40.2603,-0.2375,A,relation-reasoning-agent-eval-v3.1
2026-08-06T02:40:00+09:00,CMP-S01-L01-01,S01,S01-L01,1,running,159.9184,409.9359,93.5041,46.591,1.2518,B,relation-reasoning-agent-eval-v3.1
2026-08-06T02:40:00+09:00,CMP-S01-L02-01,S01,S01-L02,1,running,157.6869,337.3758,109.3726,31.2725,-1.4455,B,relation-reasoning-agent-eval-v3.1
2026-08-06T02:40:00+09:00,CMP-S01-L03-01,S01,S01-L03,1,running,139.6849,418.8207,96.2959,37.7612,-0.5184,A,relation-reasoning-agent-eval-v3.1
2026-08-06T02:40:00+09:00,CMP-S01-L04-01,S01,S01-L04,1,running,188.1535,460.3148,106.0934,42.6251,0.5319,A,relation-reasoning-agent-eval-v3.1
2026-08-06T02:40:00+09:00,CMP-S01-L05-01,S01,S01-L05,1,running,157.5481,480.9558,87.5052,33.7044,-1.4515,B,relation-reasoning-agent-eval-v3.1
2026-08-06T02:50:00+09:00,CMP-S01-L01-01,S01,S01-L01,1,running,175.0996,391.8073,92.0949,42.8336,0.556,A,relation-reasoning-agent-eval-v3.1
2026-08-06T02:50:00+09:00,CMP-S01-L02-01,S01,S01-L02,1,running,152.5702,355.365,107.2162,35.7731,-0.6121,A,relation-reasoning-agent-eval-v3.1
2026-08-06T02:50:00+09:00,CMP-S01-L03-01,S01,S01-L03,1,running,160.5623,442.1809,103.4695,40.1551,-0.0751,A,relation-reasoning-agent-eval-v3.1
2026-08-06T02:50:00+09:00,CMP-S01-L04-01,S01,S01-L04,1,running,174.9837,513.4774,107.9028,43.3055,0.6579,A,relation-reasoning-agent-eval-v3.1
2026-08-06T02:50:00+09:00,CMP-S01-L05-01,S01,S01-L05,1,running,156.6352,457.8683,89.8607,35.6227,-1.0963,B,relation-reasoning-agent-eval-v3.1
2026-08-06T03:00:00+09:00,CMP-S01-L01-01,S01,S01-L01,1,running,193.1103,390.108,93.8179,43.4979,0.679,A,relation-reasoning-agent-eval-v3.1
2026-08-06T03:00:00+09:00,CMP-S01-L02-01,S01,S01-L02,1,running,156.7719,385.9205,106.2569,30.972,-1.5012,B,relation-reasoning-agent-eval-v3.1
2026-08-06T03:00:00+09:00,CMP-S01-L03-01,S01,S01-L03,1,running,158.0915,454.1957,113.6018,41.9686,0.2608,A,relation-reasoning-agent-eval-v3.1
2026-08-06T03:00:00+09:00,CMP-S01-L04-01,S01,S01-L04,1,running,185.0501,521.6009,104.7014,44.2748,0.8374,A,relation-reasoning-agent-eval-v3.1
2026-08-06T03:00:00+09:00,CMP-S01-L05-01,S01,S01-L05,1,running,169.729,416.8511,98.7134,36.3738,-0.9572,A,relation-reasoning-agent-eval-v3.1
2026-08-06T03:10:00+09:00,CMP-S01-L01-01,S01,S01-L01,1,running,184.7263,431.748,103.9204,47.0564,1.338,B,relation-reasoning-agent-eval-v3.1
2026-08-06T03:10:00+09:00,CMP-S01-L02-01,S01,S01-L02,1,running,189.2653,417.4618,109.5154,32.2085,-1.2722,B,relation-reasoning-agent-eval-v3.1
2026-08-06T03:10:00+09:00,CMP-S01-L03-01,S01,S01-L03,1,running,178.6946,480.5733,117.1315,38.8824,-0.3108,A,relation-reasoning-agent-eval-v3.1
2026-08-06T03:10:00+09:00,CMP-S01-L04-01,S01,S01-L04,1,running,181.3898,498.3134,105.6061,37.9971,-0.3252,A,relation-reasoning-agent-eval-v3.1
2026-08-06T03:10:00+09:00,CMP-S01-L05-01,S01,S01-L05,1,running,176.2972,420.9098,106.6029,38.6039,-0.5442,A,relation-reasoning-agent-eval-v3.1
2026-08-06T03:20:00+09:00,CMP-S01-L01-01,S01,S01-L01,1,running,181.2712,358.511,103.1234,43.6319,0.7038,A,relation-reasoning-agent-eval-v3.1
2026-08-06T03:20:00+09:00,CMP-S01-L02-01,S01,S01-L02,1,running,174.6076,393.5433,103.2837,33.6203,-1.0107,B,relation-reasoning-agent-eval-v3.1
2026-08-06T03:20:00+09:00,CMP-S01-L03-01,S01,S01-L03,1,running,184.7572,484.9589,118.8383,40.2544,-0.0567,A,relation-reasoning-agent-eval-v3.1
2026-08-06T03:20:00+09:00,CMP-S01-L04-01,S01,S01-L04,1,running,180.9639,518.4526,110.732,38.0354,-0.3181,A,relation-reasoning-agent-eval-v3.1
2026-08-06T03:20:00+09:00,CMP-S01-L05-01,S01,S01-L05,1,running,165.7075,416.7647,103.5344,43.2502,0.3162,A,relation-reasoning-agent-eval-v3.1
2026-08-06T03:30:00+09:00,CMP-S01-L01-01,S01,S01-L01,1,running,175.9984,363.8267,99.0942,46.5875,1.2512,B,relation-reasoning-agent-eval-v3.1
2026-08-06T03:30:00+09:00,CMP-S01-L02-01,S01,S01-L02,1,running,181.4684,415.8074,101.038,33.933,-0.9528,A,relation-reasoning-agent-eval-v3.1
2026-08-06T03:30:00+09:00,CMP-S01-L03-01,S01,S01-L03,1,running,174.6704,464.1095,116.628,45.4914,0.9131,A,relation-reasoning-agent-eval-v3.1
2026-08-06T03:30:00+09:00,CMP-S01-L04-01,S01,S01-L04,1,running,176.5297,499.3621,107.142,40.5803,0.1532,A,relation-reasoning-agent-eval-v3.1
2026-08-06T03:30:00+09:00,CMP-S01-L05-01,S01,S01-L05,1,running,165.233,407.1209,104.0125,40.0492,-0.2766,A,relation-reasoning-agent-eval-v3.1
2026-08-06T03:40:00+09:00,CMP-S01-L01-01,S01,S01-L01,1,running,184.5032,358.1158,99.9453,45.3995,1.0312,B,relation-reasoning-agent-eval-v3.1
2026-08-06T03:40:00+09:00,CMP-S01-L02-01,S01,S01-L02,1,running,165.4624,452.527,102.8133,35.854,-0.5971,A,relation-reasoning-agent-eval-v3.1
2026-08-06T03:40:00+09:00,CMP-S01-L03-01,S01,S01-L03,1,running,174.1421,441.547,110.8274,45.1003,0.8407,A,relation-reasoning-agent-eval-v3.1
2026-08-06T03:40:00+09:00,CMP-S01-L04-01,S01,S01-L04,1,running,166.2812,465.8531,104.6544,38.9161,-0.155,A,relation-reasoning-agent-eval-v3.1
2026-08-06T03:40:00+09:00,CMP-S01-L05-01,S01,S01-L05,1,running,184.9849,414.3764,99.1284,34.1709,-1.3651,B,relation-reasoning-agent-eval-v3.1
2026-08-06T03:50:00+09:00,CMP-S01-L01-01,S01,S01-L01,1,running,184.2595,368.0147,99.5191,50.9727,2.0632,C,relation-reasoning-agent-eval-v3.1
2026-08-06T03:50:00+09:00,CMP-S01-L02-01,S01,S01-L02,1,running,159.8151,486.5049,101.2637,39.7721,0.1285,A,relation-reasoning-agent-eval-v3.1
2026-08-06T03:50:00+09:00,CMP-S01-L03-01,S01,S01-L03,1,running,173.1999,500.4236,109.0783,41.4412,0.1631,A,relation-reasoning-agent-eval-v3.1
2026-08-06T03:50:00+09:00,CMP-S01-L04-01,S01,S01-L04,1,running,184.5674,470.6661,107.9231,44.9916,0.9701,A,relation-reasoning-agent-eval-v3.1
2026-08-06T03:50:00+09:00,CMP-S01-L05-01,S01,S01-L05,1,running,179.1981,430.016,106.271,36.7811,-0.8818,A,relation-reasoning-agent-eval-v3.1
2026-08-06T04:00:00+09:00,CMP-S01-L01-01,S01,S01-L01,1,running,187.4691,361.091,104.5297,45.1397,0.9831,A,relation-reasoning-agent-eval-v3.1
2026-08-06T04:00:00+09:00,CMP-S01-L02-01,S01,S01-L02,1,running,175.8612,436.4211,97.7752,37.3932,-0.3121,A,relation-reasoning-agent-eval-v3.1
2026-08-06T04:00:00+09:00,CMP-S01-L03-01,S01,S01-L03,1,running,175.053,478.5219,101.6772,39.1922,-0.2534,A,relation-reasoning-agent-eval-v3.1
2026-08-06T04:00:00+09:00,CMP-S01-L04-01,S01,S01-L04,1,running,185.8781,437.5359,105.097,39.9215,0.0312,A,relation-reasoning-agent-eval-v3.1
2026-08-06T04:00:00+09:00,CMP-S01-L05-01,S01,S01-L05,1,running,179.8456,442.3629,104.4291,40.7987,-0.1378,A,relation-reasoning-agent-eval-v3.1
2026-08-06T04:10:00+09:00,CMP-S01-L01-01,S01,S01-L01,1,running,192.4227,376.3586,107.1996,45.2457,1.0027,B,relation-reasoning-agent-eval-v3.1
2026-08-06T04:10:00+09:00,CMP-S01-L02-01,S01,S01-L02,1,running,177.84,449.5695,98.8204,42.4427,0.623,A,relation-reasoning-agent-eval-v3.1
2026-08-06T04:10:00+09:00,CMP-S01-L03-01,S01,S01-L03,1,running,170.6553,461.5666,105.9645,42.3711,0.3353,A,relation-reasoning-agent-eval-v3.1
2026-08-06T04:10:00+09:00,CMP-S01-L04-01,S01,S01-L04,1,running,176.217,455.0391,104.9486,44.6394,0.9049,A,relation-reasoning-agent-eval-v3.1
2026-08-06T04:10:00+09:00,CMP-S01-L05-01,S01,S01-L05,1,running,174.6245,442.635,96.5339,35.584,-1.1035,B,relation-reasoning-agent-eval-v3.1
2026-08-06T04:20:00+09:00,CMP-S01-L01-01,S01,S01-L01,1,running,183.628,343.1592,101.5179,44.326,0.8324,A,relation-reasoning-agent-eval-v3.1
2026-08-06T04:20:00+09:00,CMP-S01-L02-01,S01,S01-L02,1,running,174.3601,433.6096,101.5835,41.1975,0.3924,A,relation-reasoning-agent-eval-v3.1
2026-08-06T04:20:00+09:00,CMP-S01-L03-01,S01,S01-L03,1,running,170.9574,488.0217,105.1274,45.5886,0.9311,A,relation-reasoning-agent-eval-v3.1
2026-08-06T04:20:00+09:00,CMP-S01-L04-01,S01,S01-L04,1,running,163.0476,496.3159,100.8302,46.663,1.2796,B,relation-reasoning-agent-eval-v3.1
2026-08-06T04:20:00+09:00,CMP-S01-L05-01,S01,S01-L05,1,running,170.2957,487.9851,99.3926,40.2767,-0.2344,A,relation-reasoning-agent-eval-v3.1
2026-08-06T04:30:00+09:00,CMP-S01-L01-01,S01,S01-L01,1,running,179.981,365.2156,101.6242,38.0624,-0.3276,A,relation-reasoning-agent-eval-v3.1
2026-08-06T04:30:00+09:00,CMP-S01-L02-01,S01,S01-L02,1,running,179.5005,441.8561,97.0125,41.3749,0.4253,A,relation-reasoning-agent-eval-v3.1
2026-08-06T04:30:00+09:00,CMP-S01-L03-01,S01,S01-L03,1,running,163.969,507.5047,104.8424,46.8131,1.1579,B,relation-reasoning-agent-eval-v3.1
2026-08-06T04:30:00+09:00,CMP-S01-L04-01,S01,S01-L04,1,running,165.8118,509.4827,97.7448,48.1671,1.5582,B,relation-reasoning-agent-eval-v3.1
2026-08-06T04:30:00+09:00,CMP-S01-L05-01,S01,S01-L05,1,running,178.3711,460.4909,99.1477,39.8859,-0.3068,A,relation-reasoning-agent-eval-v3.1
2026-08-06T04:40:00+09:00,CMP-S01-L01-01,S01,S01-L01,1,running,191.2951,437.5022,101.9313,43.0097,0.5886,A,relation-reasoning-agent-eval-v3.1
2026-08-06T04:40:00+09:00,CMP-S01-L02-01,S01,S01-L02,1,running,172.0435,436.0491,95.2828,42.7112,0.6728,A,relation-reasoning-agent-eval-v3.1
2026-08-06T04:40:00+09:00,CMP-S01-L03-01,S01,S01-L03,1,running,160.3302,493.1791,108.9012,47.3618,1.2595,B,relation-reasoning-agent-eval-v3.1
2026-08-06T04:40:00+09:00,CMP-S01-L04-01,S01,S01-L04,1,running,168.2758,502.7357,103.3345,49.9163,1.8821,B,relation-reasoning-agent-eval-v3.1
2026-08-06T04:40:00+09:00,CMP-S01-L05-01,S01,S01-L05,1,running,159.2165,453.2458,103.6379,39.7456,-0.3328,A,relation-reasoning-agent-eval-v3.1
2026-08-06T04:50:00+09:00,CMP-S01-L01-01,S01,S01-L01,1,running,194.1697,439.8379,94.6484,47.3392,1.3904,B,relation-reasoning-agent-eval-v3.1
2026-08-06T04:50:00+09:00,CMP-S01-L02-01,S01,S01-L02,1,running,174.7754,455.8981,102.185,42.4057,0.6162,A,relation-reasoning-agent-eval-v3.1
2026-08-06T04:50:00+09:00,CMP-S01-L03-01,S01,S01-L03,1,running,175.1003,507.3236,108.2563,44.0886,0.6534,A,relation-reasoning-agent-eval-v3.1
2026-08-06T04:50:00+09:00,CMP-S01-L04-01,S01,S01-L04,1,running,190.0861,477.2687,101.3098,56.1418,3.0349,D,relation-reasoning-agent-eval-v3.1
2026-08-06T04:50:00+09:00,CMP-S01-L05-01,S01,S01-L05,1,running,174.0662,463.818,97.3647,35.2537,-1.1646,B,relation-reasoning-agent-eval-v3.1
2026-08-06T05:00:00+09:00,CMP-S01-L01-01,S01,S01-L01,1,running,188.2636,450.0603,102.4494,47.0915,1.3445,B,relation-reasoning-agent-eval-v3.1
2026-08-06T05:00:00+09:00,CMP-S01-L02-01,S01,S01-L02,1,running,175.1784,487.8421,98.1474,41.681,0.482,A,relation-reasoning-agent-eval-v3.1
2026-08-06T05:00:00+09:00,CMP-S01-L03-01,S01,S01-L03,1,running,182.6156,492.0476,110.201,42.1549,0.2953,A,relation-reasoning-agent-eval-v3.1
2026-08-06T05:00:00+09:00,CMP-S01-L04-01,S01,S01-L04,1,running,178.3012,417.5407,102.2898,52.4922,2.3591,C,relation-reasoning-agent-eval-v3.1
2026-08-06T05:00:00+09:00,CMP-S01-L05-01,S01,S01-L05,1,running,196.7306,441.2835,96.344,39.6085,-0.3582,A,relation-reasoning-agent-eval-v3.1
2026-08-06T05:10:00+09:00,CMP-S01-L01-01,S01,S01-L01,1,running,199.2956,458.9023,95.9768,50.8865,2.0473,C,relation-reasoning-agent-eval-v3.1
2026-08-06T05:10:00+09:00,CMP-S01-L02-01,S01,S01-L02,1,running,177.3799,408.4157,93.1422,41.8291,0.5094,A,relation-reasoning-agent-eval-v3.1
2026-08-06T05:10:00+09:00,CMP-S01-L03-01,S01,S01-L03,1,running,166.5776,476.4288,107.1749,38.9712,-0.2943,A,relation-reasoning-agent-eval-v3.1
2026-08-06T05:10:00+09:00,CMP-S01-L04-01,S01,S01-L04,1,running,157.6276,468.1347,107.8182,48.4613,1.6126,B,relation-reasoning-agent-eval-v3.1
2026-08-06T05:10:00+09:00,CMP-S01-L05-01,S01,S01-L05,1,running,195.1828,441.919,87.6347,48.0101,1.1977,B,relation-reasoning-agent-eval-v3.1
2026-08-06T05:20:00+09:00,CMP-S01-L01-01,S01,S01-L01,1,running,215.3892,479.7647,92.6346,42.8052,0.5507,A,relation-reasoning-agent-eval-v3.1
2026-08-06T05:20:00+09:00,CMP-S01-L02-01,S01,S01-L02,1,running,167.0546,408.1934,106.0665,40.6707,0.2949,A,relation-reasoning-agent-eval-v3.1
2026-08-06T05:20:00+09:00,CMP-S01-L03-01,S01,S01-L03,1,running,165.1991,420.6708,106.1058,37.9284,-0.4874,A,relation-reasoning-agent-eval-v3.1
2026-08-06T05:20:00+09:00,CMP-S01-L04-01,S01,S01-L04,1,running,164.9629,440.3342,104.3692,40.9682,0.225,A,relation-reasoning-agent-eval-v3.1
2026-08-06T05:20:00+09:00,CMP-S01-L05-01,S01,S01-L05,1,running,171.7301,435.1609,94.7177,46.8876,0.9898,A,relation-reasoning-agent-eval-v3.1
2026-08-06T05:30:00+09:00,CMP-S01-L01-01,S01,S01-L01,1,running,214.1898,492.6012,93.0756,41.6248,0.3321,A,relation-reasoning-agent-eval-v3.1
2026-08-06T05:30:00+09:00,CMP-S01-L02-01,S01,S01-L02,1,running,159.3368,446.2299,108.7921,37.5107,-0.2903,A,relation-reasoning-agent-eval-v3.1
2026-08-06T05:30:00+09:00,CMP-S01-L03-01,S01,S01-L03,1,running,158.9086,437.1998,102.1112,43.7772,0.5957,A,relation-reasoning-agent-eval-v3.1
2026-08-06T05:30:00+09:00,CMP-S01-L04-01,S01,S01-L04,1,running,157.4714,434.7096,109.6348,46.692,1.285,B,relation-reasoning-agent-eval-v3.1
2026-08-06T05:30:00+09:00,CMP-S01-L05-01,S01,S01-L05,1,running,153.2973,406.071,100.5369,44.5037,0.5484,A,relation-reasoning-agent-eval-v3.1
2026-08-06T05:40:00+09:00,CMP-S01-L01-01,S01,S01-L01,1,running,196.0791,486.0989,91.8603,39.1499,-0.1262,A,relation-reasoning-agent-eval-v3.1
2026-08-06T05:40:00+09:00,CMP-S01-L02-01,S01,S01-L02,1,running,174.139,484.0347,105.6375,39.9963,0.17,A,relation-reasoning-agent-eval-v3.1
2026-08-06T05:40:00+09:00,CMP-S01-L03-01,S01,S01-L03,1,running,177.627,465.0426,100.5796,37.2104,-0.6204,A,relation-reasoning-agent-eval-v3.1
2026-08-06T05:40:00+09:00,CMP-S01-L04-01,S01,S01-L04,1,running,168.8517,457.3292,102.938,45.5387,1.0714,B,relation-reasoning-agent-eval-v3.1
2026-08-06T05:40:00+09:00,CMP-S01-L05-01,S01,S01-L05,1,running,162.6657,418.0254,101.5823,40.1896,-0.2506,A,relation-reasoning-agent-eval-v3.1
2026-08-06T05:50:00+09:00,CMP-S01-L01-01,S01,S01-L01,1,running,194.0974,374.1056,96.948,41.3596,0.283,A,relation-reasoning-agent-eval-v3.1
2026-08-06T05:50:00+09:00,CMP-S01-L02-01,S01,S01-L02,1,running,154.7969,444.3459,104.6065,41.4899,0.4466,A,relation-reasoning-agent-eval-v3.1
2026-08-06T05:50:00+09:00,CMP-S01-L03-01,S01,S01-L03,1,running,190.9027,437.3604,100.5293,36.9289,-0.6725,A,relation-reasoning-agent-eval-v3.1
2026-08-06T05:50:00+09:00,CMP-S01-L04-01,S01,S01-L04,1,running,174.9515,456.4449,102.9787,41.044,0.2391,A,relation-reasoning-agent-eval-v3.1
2026-08-06T05:50:00+09:00,CMP-S01-L05-01,S01,S01-L05,1,running,171.2683,396.267,99.3218,50.1947,1.6022,B,relation-reasoning-agent-eval-v3.1
2026-08-06T06:00:00+09:00,CMP-S01-L01-01,S01,S01-L01,1,running,194.4319,416.7209,94.8629,47.3871,1.3992,B,relation-reasoning-agent-eval-v3.1
2026-08-06T06:00:00+09:00,CMP-S01-L02-01,S01,S01-L02,1,running,170.4047,464.8328,110.7298,34.7066,-0.8096,A,relation-reasoning-agent-eval-v3.1
2026-08-06T06:00:00+09:00,CMP-S01-L03-01,S01,S01-L03,1,running,194.2584,424.8445,101.124,35.7142,-0.8975,A,relation-reasoning-agent-eval-v3.1
2026-08-06T06:00:00+09:00,CMP-S01-L04-01,S01,S01-L04,1,running,171.8214,497.5167,100.6505,34.95,-0.8895,A,relation-reasoning-agent-eval-v3.1
2026-08-06T06:00:00+09:00,CMP-S01-L05-01,S01,S01-L05,1,running,165.9992,431.8283,94.5995,50.3494,1.6309,B,relation-reasoning-agent-eval-v3.1
2026-08-06T06:10:00+09:00,CMP-S01-L01-01,S01,S01-L01,1,running,201.4269,424.988,92.2387,46.5506,1.2443,B,relation-reasoning-agent-eval-v3.1
2026-08-06T06:10:00+09:00,CMP-S01-L02-01,S01,S01-L02,1,running,170.6796,455.6792,108.7872,30.6406,-1.5625,B,relation-reasoning-agent-eval-v3.1
2026-08-06T06:10:00+09:00,CMP-S01-L03-01,S01,S01-L03,1,running,197.0736,376.0511,105.4293,38.9976,-0.2894,A,relation-reasoning-agent-eval-v3.1
2026-08-06T06:10:00+09:00,CMP-S01-L04-01,S01,S01-L04,1,running,162.1635,454.5313,97.3589,37.482,-0.4206,A,relation-reasoning-agent-eval-v3.1
2026-08-06T06:10:00+09:00,CMP-S01-L05-01,S01,S01-L05,1,running,184.5661,482.9695,87.5148,45.4451,0.7227,A,relation-reasoning-agent-eval-v3.1
2026-08-06T06:20:00+09:00,CMP-S01-L01-01,S01,S01-L01,1,running,201.4225,443.524,96.2821,40.7143,0.1635,A,relation-reasoning-agent-eval-v3.1
2026-08-06T06:20:00+09:00,CMP-S01-L02-01,S01,S01-L02,1,running,159.3238,441.0428,103.8008,31.5235,-1.399,B,relation-reasoning-agent-eval-v3.1
2026-08-06T06:20:00+09:00,CMP-S01-L03-01,S01,S01-L03,1,running,171.5108,305.8578,106.335,46.7288,1.1423,B,relation-reasoning-agent-eval-v3.1
2026-08-06T06:20:00+09:00,CMP-S01-L04-01,S01,S01-L04,1,running,170.6016,462.5095,93.3596,37.5775,-0.4029,A,relation-reasoning-agent-eval-v3.1
2026-08-06T06:20:00+09:00,CMP-S01-L05-01,S01,S01-L05,1,running,174.9798,412.6174,99.2418,51.346,1.8154,B,relation-reasoning-agent-eval-v3.1
2026-08-06T06:30:00+09:00,CMP-S01-L01-01,S01,S01-L01,1,running,199.7145,482.7648,100.1447,39.0386,-0.1468,A,relation-reasoning-agent-eval-v3.1
2026-08-06T06:30:00+09:00,CMP-S01-L02-01,S01,S01-L02,1,running,170.1462,443.9579,101.1978,27.8458,-2.0801,C,relation-reasoning-agent-eval-v3.1
2026-08-06T06:30:00+09:00,CMP-S01-L03-01,S01,S01-L03,1,running,163.6119,351.0074,106.353,38.011,-0.4721,A,relation-reasoning-agent-eval-v3.1
2026-08-06T06:30:00+09:00,CMP-S01-L04-01,S01,S01-L04,1,running,180.8754,518.4451,102.9816,36.1157,-0.6736,A,relation-reasoning-agent-eval-v3.1
2026-08-06T06:30:00+09:00,CMP-S01-L05-01,S01,S01-L05,1,running,162.5317,454.892,101.2963,50.9268,1.7378,B,relation-reasoning-agent-eval-v3.1
2026-08-06T06:40:00+09:00,CMP-S01-L01-01,S01,S01-L01,1,running,188.6798,456.9274,100.0146,36.3529,-0.6441,A,relation-reasoning-agent-eval-v3.1
2026-08-06T06:40:00+09:00,CMP-S01-L02-01,S01,S01-L02,1,running,204.2972,459.0121,101.8279,35.2286,-0.7129,A,relation-reasoning-agent-eval-v3.1
2026-08-06T06:40:00+09:00,CMP-S01-L03-01,S01,S01-L03,1,running,164.783,317.3404,103.577,40.8756,0.0584,A,relation-reasoning-agent-eval-v3.1
2026-08-06T06:40:00+09:00,CMP-S01-L04-01,S01,S01-L04,1,running,180.8428,470.1145,111.0455,37.3849,-0.4385,A,relation-reasoning-agent-eval-v3.1
2026-08-06T06:40:00+09:00,CMP-S01-L05-01,S01,S01-L05,1,running,156.2031,471.8463,95.7117,38.088,-0.6398,A,relation-reasoning-agent-eval-v3.1
2026-08-06T06:50:00+09:00,CMP-S01-L01-01,S01,S01-L01,1,running,185.7666,453.6184,99.0904,36.0508,-0.7001,A,relation-reasoning-agent-eval-v3.1
2026-08-06T06:50:00+09:00,CMP-S01-L02-01,S01,S01-L02,1,running,193.451,442.6623,103.5336,44.0633,0.9232,A,relation-reasoning-agent-eval-v3.1
2026-08-06T06:50:00+09:00,CMP-S01-L03-01,S01,S01-L03,1,running,181.6431,315.3459,113.5985,35.4381,-0.9486,A,relation-reasoning-agent-eval-v3.1
2026-08-06T06:50:00+09:00,CMP-S01-L04-01,S01,S01-L04,1,running,182.7732,430.4481,107.9201,40.4478,0.1287,A,relation-reasoning-agent-eval-v3.1
2026-08-06T06:50:00+09:00,CMP-S01-L05-01,S01,S01-L05,1,running,156.9347,443.2057,87.6935,37.2389,-0.797,A,relation-reasoning-agent-eval-v3.1
2026-08-06T07:00:00+09:00,CMP-S01-L01-01,S01,S01-L01,1,running,182.2811,448.9918,97.3902,40.741,0.1685,A,relation-reasoning-agent-eval-v3.1
2026-08-06T07:00:00+09:00,CMP-S01-L02-01,S01,S01-L02,1,running,183.2159,445.4357,98.5966,38.5713,-0.0939,A,relation-reasoning-agent-eval-v3.1
2026-08-06T07:00:00+09:00,CMP-S01-L03-01,S01,S01-L03,1,running,182.3025,377.0458,108.5391,34.7078,-1.0838,B,relation-reasoning-agent-eval-v3.1
2026-08-06T07:00:00+09:00,CMP-S01-L04-01,S01,S01-L04,1,running,170.5845,401.3988,109.2218,41.7844,0.3762,A,relation-reasoning-agent-eval-v3.1
2026-08-06T07:00:00+09:00,CMP-S01-L05-01,S01,S01-L05,1,running,171.4251,429.8831,87.5131,38.3944,-0.583,A,relation-reasoning-agent-eval-v3.1
2026-08-06T07:10:00+09:00,CMP-S01-L01-01,S01,S01-L01,1,running,189.4156,499.5935,99.5204,36.5826,-0.6016,A,relation-reasoning-agent-eval-v3.1
2026-08-06T07:10:00+09:00,CMP-S01-L02-01,S01,S01-L02,1,running,180.5703,427.721,98.9837,36.7993,-0.422,A,relation-reasoning-agent-eval-v3.1
2026-08-06T07:10:00+09:00,CMP-S01-L03-01,S01,S01-L03,1,running,179.889,444.9799,109.1735,39.248,-0.243,A,relation-reasoning-agent-eval-v3.1
2026-08-06T07:10:00+09:00,CMP-S01-L04-01,S01,S01-L04,1,running,169.0152,403.9924,107.5689,39.4034,-0.0648,A,relation-reasoning-agent-eval-v3.1
2026-08-06T07:10:00+09:00,CMP-S01-L05-01,S01,S01-L05,1,running,156.0399,447.2735,89.8384,41.1858,-0.0661,A,relation-reasoning-agent-eval-v3.1
2026-08-06T07:20:00+09:00,CMP-S01-L01-01,S01,S01-L01,1,running,189.5069,496.3828,104.6252,36.8103,-0.5594,A,relation-reasoning-agent-eval-v3.1
2026-08-06T07:20:00+09:00,CMP-S01-L02-01,S01,S01-L02,1,running,184.017,371.8656,100.2684,30.8651,-1.521,B,relation-reasoning-agent-eval-v3.1
2026-08-06T07:20:00+09:00,CMP-S01-L03-01,S01,S01-L03,1,running,173.5636,438.8892,104.7918,37.3433,-0.5958,A,relation-reasoning-agent-eval-v3.1
2026-08-06T07:20:00+09:00,CMP-S01-L04-01,S01,S01-L04,1,running,166.4239,389.065,110.8486,41.0806,0.2458,A,relation-reasoning-agent-eval-v3.1
2026-08-06T07:20:00+09:00,CMP-S01-L05-01,S01,S01-L05,1,running,147.3339,468.8362,97.0943,41.2749,-0.0496,A,relation-reasoning-agent-eval-v3.1
2026-08-06T07:30:00+09:00,CMP-S01-L01-01,S01,S01-L01,1,running,186.1006,478.4431,100.7974,37.0732,-0.5107,A,relation-reasoning-agent-eval-v3.1
2026-08-06T07:30:00+09:00,CMP-S01-L02-01,S01,S01-L02,1,running,176.4238,408.5827,100.741,38.4807,-0.1107,A,relation-reasoning-agent-eval-v3.1
2026-08-06T07:30:00+09:00,CMP-S01-L03-01,S01,S01-L03,1,running,173.0407,433.2856,100.1026,47.6399,1.311,B,relation-reasoning-agent-eval-v3.1
2026-08-06T07:30:00+09:00,CMP-S01-L04-01,S01,S01-L04,1,running,159.4447,356.1615,107.1388,44.6026,0.8981,A,relation-reasoning-agent-eval-v3.1
2026-08-06T07:30:00+09:00,CMP-S01-L05-01,S01,S01-L05,1,running,166.7182,422.6098,97.5502,39.0497,-0.4617,A,relation-reasoning-agent-eval-v3.1
2026-08-06T07:40:00+09:00,CMP-S01-L01-01,S01,S01-L01,1,running,180.9743,442.2765,103.0622,33.6904,-1.1372,B,relation-reasoning-agent-eval-v3.1
2026-08-06T07:40:00+09:00,CMP-S01-L02-01,S01,S01-L02,1,running,181.1913,388.1114,104.7918,32.1319,-1.2864,B,relation-reasoning-agent-eval-v3.1
2026-08-06T07:40:00+09:00,CMP-S01-L03-01,S01,S01-L03,1,running,172.7138,450.9998,104.5872,48.7151,1.5101,B,relation-reasoning-agent-eval-v3.1
2026-08-06T07:40:00+09:00,CMP-S01-L04-01,S01,S01-L04,1,running,166.8368,397.633,106.2747,50.0905,1.9143,B,relation-reasoning-agent-eval-v3.1
2026-08-06T07:40:00+09:00,CMP-S01-L05-01,S01,S01-L05,1,running,163.7323,417.1305,103.7984,39.0602,-0.4597,A,relation-reasoning-agent-eval-v3.1
2026-08-06T07:50:00+09:00,CMP-S01-L01-01,S01,S01-L01,1,running,199.2197,457.6386,97.7644,33.1102,-1.2446,B,relation-reasoning-agent-eval-v3.1
2026-08-06T07:50:00+09:00,CMP-S01-L02-01,S01,S01-L02,1,running,171.8273,383.6503,108.4613,36.291,-0.5162,A,relation-reasoning-agent-eval-v3.1
2026-08-06T07:50:00+09:00,CMP-S01-L03-01,S01,S01-L03,1,running,167.1826,425.1019,104.253,42.0704,0.2796,A,relation-reasoning-agent-eval-v3.1
2026-08-06T07:50:00+09:00,CMP-S01-L04-01,S01,S01-L04,1,running,164.6661,471.6415,102.9109,47.0721,1.3554,B,relation-reasoning-agent-eval-v3.1
2026-08-06T07:50:00+09:00,CMP-S01-L05-01,S01,S01-L05,1,running,155.0704,418.3344,99.1601,40.97,-0.1061,A,relation-reasoning-agent-eval-v3.1
2026-08-06T08:00:00+09:00,CMP-S01-L01-01,S01,S01-L01,1,running,174.007,488.6919,101.3998,38.6223,-0.2239,A,relation-reasoning-agent-eval-v3.1
2026-08-06T08:00:00+09:00,CMP-S01-L02-01,S01,S01-L02,1,running,157.1683,439.5429,109.4592,39.7963,0.133,A,relation-reasoning-agent-eval-v3.1
2026-08-06T08:00:00+09:00,CMP-S01-L03-01,S01,S01-L03,1,running,163.7022,526.6788,103.9034,41.1663,0.1122,A,relation-reasoning-agent-eval-v3.1
2026-08-06T08:00:00+09:00,CMP-S01-L04-01,S01,S01-L04,1,running,170.226,481.0343,103.1567,43.8661,0.7617,A,relation-reasoning-agent-eval-v3.1
2026-08-06T08:00:00+09:00,CMP-S01-L05-01,S01,S01-L05,1,running,183.7723,441.8468,99.5572,36.2317,-0.9835,A,relation-reasoning-agent-eval-v3.1
2026-08-06T08:10:00+09:00,CMP-S01-L01-01,S01,S01-L01,1,running,169.7115,461.5687,107.7057,42.6567,0.5232,A,relation-reasoning-agent-eval-v3.1
2026-08-06T08:10:00+09:00,CMP-S01-L02-01,S01,S01-L02,1,running,173.8321,435.6718,104.6502,46.332,1.3433,B,relation-reasoning-agent-eval-v3.1
2026-08-06T08:10:00+09:00,CMP-S01-L03-01,S01,S01-L03,1,running,154.5353,496.4385,114.3734,36.1958,-0.8083,A,relation-reasoning-agent-eval-v3.1
2026-08-06T08:10:00+09:00,CMP-S01-L04-01,S01,S01-L04,1,running,160.2767,441.3582,98.9511,49.5777,1.8194,B,relation-reasoning-agent-eval-v3.1
2026-08-06T08:10:00+09:00,CMP-S01-L05-01,S01,S01-L05,1,running,182.6955,423.7133,102.037,29.5677,-2.2176,C,relation-reasoning-agent-eval-v3.1
2026-08-06T08:20:00+09:00,CMP-S01-L01-01,S01,S01-L01,1,running,182.8632,496.9462,105.6763,42.0458,0.4101,A,relation-reasoning-agent-eval-v3.1
2026-08-06T08:20:00+09:00,CMP-S01-L02-01,S01,S01-L02,1,running,185.3499,459.1349,112.2103,49.0318,1.8432,B,relation-reasoning-agent-eval-v3.1
2026-08-06T08:20:00+09:00,CMP-S01-L03-01,S01,S01-L03,1,running,171.5909,477.5434,110.6481,34.8799,-1.052,B,relation-reasoning-agent-eval-v3.1
2026-08-06T08:20:00+09:00,CMP-S01-L04-01,S01,S01-L04,1,running,176.2054,414.6745,99.4692,40.5971,0.1563,A,relation-reasoning-agent-eval-v3.1
2026-08-06T08:20:00+09:00,CMP-S01-L05-01,S01,S01-L05,1,running,177.4155,406.5946,97.1638,36.3018,-0.9705,A,relation-reasoning-agent-eval-v3.1
2026-08-06T08:30:00+09:00,CMP-S01-L01-01,S01,S01-L01,1,running,177.0018,480.2946,106.0878,38.227,-0.2971,A,relation-reasoning-agent-eval-v3.1
2026-08-06T08:30:00+09:00,CMP-S01-L02-01,S01,S01-L02,1,running,195.404,463.3919,112.6417,43.8152,0.8772,A,relation-reasoning-agent-eval-v3.1
2026-08-06T08:30:00+09:00,CMP-S01-L03-01,S01,S01-L03,1,running,159.4958,487.3407,113.8791,33.469,-1.3132,B,relation-reasoning-agent-eval-v3.1
2026-08-06T08:30:00+09:00,CMP-S01-L04-01,S01,S01-L04,1,running,166.9335,461.8797,103.4411,44.676,0.9117,A,relation-reasoning-agent-eval-v3.1
2026-08-06T08:30:00+09:00,CMP-S01-L05-01,S01,S01-L05,1,running,168.4613,404.5193,102.7811,36.898,-0.8601,A,relation-reasoning-agent-eval-v3.1
2026-08-06T08:40:00+09:00,CMP-S01-L01-01,S01,S01-L01,1,running,192.2617,490.7304,100.497,36.5994,-0.5985,A,relation-reasoning-agent-eval-v3.1
2026-08-06T08:40:00+09:00,CMP-S01-L02-01,S01,S01-L02,1,running,205.2209,458.7915,111.7218,36.7977,-0.4223,A,relation-reasoning-agent-eval-v3.1
2026-08-06T08:40:00+09:00,CMP-S01-L03-01,S01,S01-L03,1,running,148.3548,478.128,116.4877,38.231,-0.4314,A,relation-reasoning-agent-eval-v3.1
2026-08-06T08:40:00+09:00,CMP-S01-L04-01,S01,S01-L04,1,running,168.4937,469.4412,108.7594,37.4181,-0.4324,A,relation-reasoning-agent-eval-v3.1
2026-08-06T08:40:00+09:00,CMP-S01-L05-01,S01,S01-L05,1,running,169.9114,357.958,104.2589,42.1217,0.1072,A,relation-reasoning-agent-eval-v3.1
2026-08-06T08:50:00+09:00,CMP-S01-L01-01,S01,S01-L01,1,running,202.2798,478.9089,105.6544,38.1525,-0.3109,A,relation-reasoning-agent-eval-v3.1
2026-08-06T08:50:00+09:00,CMP-S01-L02-01,S01,S01-L02,1,running,203.7613,510.9878,107.5138,39.7718,0.1284,A,relation-reasoning-agent-eval-v3.1
2026-08-06T08:50:00+09:00,CMP-S01-L03-01,S01,S01-L03,1,running,152.6768,422.9228,111.1646,43.0802,0.4666,A,relation-reasoning-agent-eval-v3.1
2026-08-06T08:50:00+09:00,CMP-S01-L04-01,S01,S01-L04,1,running,180.9174,416.136,98.9141,43.6559,0.7227,A,relation-reasoning-agent-eval-v3.1
2026-08-06T08:50:00+09:00,CMP-S01-L05-01,S01,S01-L05,1,running,167.7076,377.1119,107.3495,35.6662,-1.0882,B,relation-reasoning-agent-eval-v3.1
2026-08-06T09:00:00+09:00,CMP-S01-L01-01,S01,S01-L01,1,running,191.1326,476.8342,102.6571,35.8707,-0.7334,A,relation-reasoning-agent-eval-v3.1
2026-08-06T09:00:00+09:00,CMP-S01-L02-01,S01,S01-L02,1,running,202.777,451.1664,114.6318,38.9686,-0.0203,A,relation-reasoning-agent-eval-v3.1
2026-08-06T09:00:00+09:00,CMP-S01-L03-01,S01,S01-L03,1,running,167.4931,349.6935,112.5641,37.1634,-0.6291,A,relation-reasoning-agent-eval-v3.1
2026-08-06T09:00:00+09:00,CMP-S01-L04-01,S01,S01-L04,1,running,175.0799,424.0977,100.7634,43.4111,0.6774,A,relation-reasoning-agent-eval-v3.1
2026-08-06T09:00:00+09:00,CMP-S01-L05-01,S01,S01-L05,1,running,174.5053,406.3466,102.5202,34.5088,-1.3026,B,relation-reasoning-agent-eval-v3.1
2026-08-06T09:10:00+09:00,CMP-S01-L01-01,S01,S01-L01,1,running,178.4897,466.9537,95.764,33.9108,-1.0964,B,relation-reasoning-agent-eval-v3.1
2026-08-06T09:10:00+09:00,CMP-S01-L02-01,S01,S01-L02,1,running,176.6649,487.1536,106.2327,32.975,-1.1302,B,relation-reasoning-agent-eval-v3.1
2026-08-06T09:10:00+09:00,CMP-S01-L03-01,S01,S01-L03,1,running,180.394,375.5946,106.2819,32.4558,-1.5009,B,relation-reasoning-agent-eval-v3.1
2026-08-06T09:10:00+09:00,CMP-S01-L04-01,S01,S01-L04,1,running,172.7568,462.4915,106.7566,45.8586,1.1307,B,relation-reasoning-agent-eval-v3.1
2026-08-06T09:10:00+09:00,CMP-S01-L05-01,S01,S01-L05,1,running,182.093,412.0111,97.4331,40.2308,-0.2429,A,relation-reasoning-agent-eval-v3.1
2026-08-06T09:20:00+09:00,CMP-S01-L01-01,S01,S01-L01,1,running,173.9152,473.4786,102.8859,32.4926,-1.359,B,relation-reasoning-agent-eval-v3.1
2026-08-06T09:20:00+09:00,CMP-S01-L02-01,S01,S01-L02,1,running,158.304,462.8215,105.017,33.3225,-1.0659,B,relation-reasoning-agent-eval-v3.1
2026-08-06T09:20:00+09:00,CMP-S01-L03-01,S01,S01-L03,1,running,185.3907,340.4346,106.5319,35.7863,-0.8841,A,relation-reasoning-agent-eval-v3.1
2026-08-06T09:20:00+09:00,CMP-S01-L04-01,S01,S01-L04,1,running,174.5126,507.753,100.2383,43.0358,0.6079,A,relation-reasoning-agent-eval-v3.1
2026-08-06T09:20:00+09:00,CMP-S01-L05-01,S01,S01-L05,1,running,176.2558,415.4641,97.0066,52.9691,2.116,C,relation-reasoning-agent-eval-v3.1
2026-08-06T09:30:00+09:00,CMP-S01-L01-01,S01,S01-L01,1,running,186.1154,440.1434,102.8051,39.3452,-0.09,A,relation-reasoning-agent-eval-v3.1
2026-08-06T09:30:00+09:00,CMP-S01-L02-01,S01,S01-L02,1,running,165.8195,441.9133,110.2113,39.1227,0.0082,A,relation-reasoning-agent-eval-v3.1
2026-08-06T09:30:00+09:00,CMP-S01-L03-01,S01,S01-L03,1,running,190.9997,343.5524,115.6533,44.28,0.6888,A,relation-reasoning-agent-eval-v3.1
2026-08-06T09:30:00+09:00,CMP-S01-L04-01,S01,S01-L04,1,running,179.1919,492.9067,103.3058,41.8933,0.3963,A,relation-reasoning-agent-eval-v3.1
2026-08-06T09:30:00+09:00,CMP-S01-L05-01,S01,S01-L05,1,running,157.1613,463.0198,100.6656,46.2861,0.8784,A,relation-reasoning-agent-eval-v3.1
2026-08-06T09:40:00+09:00,CMP-S01-L01-01,S01,S01-L01,1,running,186.4995,466.0215,100.779,46.9976,1.3271,B,relation-reasoning-agent-eval-v3.1
2026-08-06T09:40:00+09:00,CMP-S01-L02-01,S01,S01-L02,1,running,185.7806,431.3526,105.8614,35.3879,-0.6834,A,relation-reasoning-agent-eval-v3.1
2026-08-06T09:40:00+09:00,CMP-S01-L03-01,S01,S01-L03,1,running,199.7119,371.7418,112.9742,43.0498,0.461,A,relation-reasoning-agent-eval-v3.1
2026-08-06T09:40:00+09:00,CMP-S01-L04-01,S01,S01-L04,1,running,162.6228,526.8661,109.1446,43.7357,0.7375,A,relation-reasoning-agent-eval-v3.1
2026-08-06T09:40:00+09:00,CMP-S01-L05-01,S01,S01-L05,1,running,151.2847,530.8229,96.3825,46.5696,0.9309,A,relation-reasoning-agent-eval-v3.1
2026-08-06T09:50:00+09:00,CMP-S01-L01-01,S01,S01-L01,1,running,204.989,437.7433,98.8092,46.3404,1.2054,B,relation-reasoning-agent-eval-v3.1
2026-08-06T09:50:00+09:00,CMP-S01-L02-01,S01,S01-L02,1,running,179.1259,443.1944,102.9138,37.1323,-0.3604,A,relation-reasoning-agent-eval-v3.1
2026-08-06T09:50:00+09:00,CMP-S01-L03-01,S01,S01-L03,1,running,188.5907,374.673,114.8877,43.7737,0.595,A,relation-reasoning-agent-eval-v3.1
2026-08-06T09:50:00+09:00,CMP-S01-L04-01,S01,S01-L04,1,running,182.4427,521.13,113.1585,42.3319,0.4776,A,relation-reasoning-agent-eval-v3.1
2026-08-06T09:50:00+09:00,CMP-S01-L05-01,S01,S01-L05,1,running,166.272,480.8003,90.7259,46.1363,0.8507,A,relation-reasoning-agent-eval-v3.1
2026-08-06T10:00:00+09:00,CMP-S01-L01-01,S01,S01-L01,1,running,194.4571,441.2115,97.1139,41.0723,0.2298,A,relation-reasoning-agent-eval-v3.1
2026-08-06T10:00:00+09:00,CMP-S01-L02-01,S01,S01-L02,1,running,171.1191,453.2392,100.9558,36.0467,-0.5614,A,relation-reasoning-agent-eval-v3.1
2026-08-06T10:00:00+09:00,CMP-S01-L03-01,S01,S01-L03,1,running,184.4604,416.6599,112.4098,31.2568,-1.7229,B,relation-reasoning-agent-eval-v3.1
2026-08-06T10:00:00+09:00,CMP-S01-L04-01,S01,S01-L04,1,running,172.1101,550.5306,106.4177,43.6541,0.7224,A,relation-reasoning-agent-eval-v3.1
2026-08-06T10:00:00+09:00,CMP-S01-L05-01,S01,S01-L05,1,running,165.5925,481.8234,89.9777,49.9459,1.5562,B,relation-reasoning-agent-eval-v3.1
2026-08-06T10:10:00+09:00,CMP-S01-L01-01,S01,S01-L01,1,running,189.9584,389.6816,98.8252,43.7937,0.7338,A,relation-reasoning-agent-eval-v3.1
2026-08-06T10:10:00+09:00,CMP-S01-L02-01,S01,S01-L02,1,running,188.0355,420.9985,104.765,38.156,-0.1708,A,relation-reasoning-agent-eval-v3.1
2026-08-06T10:10:00+09:00,CMP-S01-L03-01,S01,S01-L03,1,running,193.3923,387.1027,111.3644,38.4154,-0.3972,A,relation-reasoning-agent-eval-v3.1
2026-08-06T10:10:00+09:00,CMP-S01-L04-01,S01,S01-L04,1,running,171.0915,509.7593,105.836,42.9838,0.5983,A,relation-reasoning-agent-eval-v3.1
2026-08-06T10:10:00+09:00,CMP-S01-L05-01,S01,S01-L05,1,running,179.0957,466.3718,93.124,47.8292,1.1642,B,relation-reasoning-agent-eval-v3.1
2026-08-06T10:20:00+09:00,CMP-S01-L01-01,S01,S01-L01,1,running,205.1631,447.4319,106.1212,42.1575,0.4308,A,relation-reasoning-agent-eval-v3.1
2026-08-06T10:20:00+09:00,CMP-S01-L02-01,S01,S01-L02,1,running,206.0296,385.0022,106.5864,38.057,-0.1891,A,relation-reasoning-agent-eval-v3.1
2026-08-06T10:20:00+09:00,CMP-S01-L03-01,S01,S01-L03,1,running,195.0976,452.5102,110.355,40.1502,-0.076,A,relation-reasoning-agent-eval-v3.1
2026-08-06T10:20:00+09:00,CMP-S01-L04-01,S01,S01-L04,1,running,167.7348,488.4748,106.3623,43.7771,0.7452,A,relation-reasoning-agent-eval-v3.1
2026-08-06T10:20:00+09:00,CMP-S01-L05-01,S01,S01-L05,1,running,187.6516,473.5917,87.1134,34.8826,-1.2333,B,relation-reasoning-agent-eval-v3.1
2026-08-06T10:30:00+09:00,CMP-S01-L01-01,S01,S01-L01,1,running,205.5544,437.3294,95.6054,42.1863,0.4361,A,relation-reasoning-agent-eval-v3.1
2026-08-06T10:30:00+09:00,CMP-S01-L02-01,S01,S01-L02,1,running,210.9013,432.4615,112.0977,41.3364,0.4182,A,relation-reasoning-agent-eval-v3.1
2026-08-06T10:30:00+09:00,CMP-S01-L03-01,S01,S01-L03,1,running,177.2279,426.5099,113.1741,32.9881,-1.4023,B,relation-reasoning-agent-eval-v3.1
2026-08-06T10:30:00+09:00,CMP-S01-L04-01,S01,S01-L04,1,running,190.7896,449.3277,99.2235,44.542,0.8868,A,relation-reasoning-agent-eval-v3.1
2026-08-06T10:30:00+09:00,CMP-S01-L05-01,S01,S01-L05,1,running,177.4324,442.0513,89.8356,26.7025,-2.7482,C,relation-reasoning-agent-eval-v3.1
2026-08-06T10:40:00+09:00,CMP-S01-L01-01,S01,S01-L01,1,running,191.3662,402.9638,95.4064,35.9433,-0.72,A,relation-reasoning-agent-eval-v3.1
2026-08-06T10:40:00+09:00,CMP-S01-L02-01,S01,S01-L02,1,running,214.4407,458.6368,109.0887,42.4522,0.6248,A,relation-reasoning-agent-eval-v3.1
2026-08-06T10:40:00+09:00,CMP-S01-L03-01,S01,S01-L03,1,running,187.6516,428.8641,109.5962,31.83,-1.6167,B,relation-reasoning-agent-eval-v3.1
2026-08-06T10:40:00+09:00,CMP-S01-L04-01,S01,S01-L04,1,running,176.3823,484.5231,102.8497,37.0495,-0.5007,A,relation-reasoning-agent-eval-v3.1
2026-08-06T10:40:00+09:00,CMP-S01-L05-01,S01,S01-L05,1,running,165.4996,450.8485,95.7226,24.9981,-3.0638,D,relation-reasoning-agent-eval-v3.1
2026-08-06T10:50:00+09:00,CMP-S01-L01-01,S01,S01-L01,1,running,170.6291,456.3241,101.1593,37.9335,-0.3514,A,relation-reasoning-agent-eval-v3.1
2026-08-06T10:50:00+09:00,CMP-S01-L02-01,S01,S01-L02,1,running,200.9381,429.7915,108.1904,43.5823,0.8341,A,relation-reasoning-agent-eval-v3.1
2026-08-06T10:50:00+09:00,CMP-S01-L03-01,S01,S01-L03,1,running,179.9343,434.1434,107.8569,32.8994,-1.4187,B,relation-reasoning-agent-eval-v3.1
2026-08-06T10:50:00+09:00,CMP-S01-L04-01,S01,S01-L04,1,running,199.5618,479.1435,94.8494,36.2691,-0.6452,A,relation-reasoning-agent-eval-v3.1
2026-08-06T10:50:00+09:00,CMP-S01-L05-01,S01,S01-L05,1,running,184.5084,425.2841,97.84,39.0858,-0.455,A,relation-reasoning-agent-eval-v3.1
2026-08-06T11:00:00+09:00,CMP-S01-L01-01,S01,S01-L01,1,running,183.7668,443.9168,101.3097,37.5942,-0.4143,A,relation-reasoning-agent-eval-v3.1
2026-08-06T11:00:00+09:00,CMP-S01-L02-01,S01,S01-L02,1,running,181.7098,439.2348,107.443,43.1835,0.7602,A,relation-reasoning-agent-eval-v3.1
2026-08-06T11:00:00+09:00,CMP-S01-L03-01,S01,S01-L03,1,running,162.1623,417.8803,105.8268,36.786,-0.699,A,relation-reasoning-agent-eval-v3.1
2026-08-06T11:00:00+09:00,CMP-S01-L04-01,S01,S01-L04,1,running,176.6246,463.2994,97.7567,38.8974,-0.1584,A,relation-reasoning-agent-eval-v3.1
2026-08-06T11:00:00+09:00,CMP-S01-L05-01,S01,S01-L05,1,running,185.1404,400.9078,87.484,46.0484,0.8344,A,relation-reasoning-agent-eval-v3.1
2026-08-06T11:10:00+09:00,CMP-S01-L01-01,S01,S01-L01,1,running,183.0102,471.3133,99.479,42.4559,0.4861,A,relation-reasoning-agent-eval-v3.1
2026-08-06T11:10:00+09:00,CMP-S01-L02-01,S01,S01-L02,1,running,168.8149,434.1505,109.2997,45.7617,1.2377,B,relation-reasoning-agent-eval-v3.1
2026-08-06T11:10:00+09:00,CMP-S01-L03-01,S01,S01-L03,1,running,173.6899,438.0947,108.2522,38.7045,-0.3437,A,relation-reasoning-agent-eval-v3.1
2026-08-06T11:10:00+09:00,CMP-S01-L04-01,S01,S01-L04,1,running,191.5139,479.3907,103.4349,35.8227,-0.7278,A,relation-reasoning-agent-eval-v3.1
2026-08-06T11:10:00+09:00,CMP-S01-L05-01,S01,S01-L05,1,running,179.3134,462.4074,87.191,44.2935,0.5094,A,relation-reasoning-agent-eval-v3.1
2026-08-06T11:20:00+09:00,CMP-S01-L01-01,S01,S01-L01,1,running,181.1642,489.1279,96.4163,35.9715,-0.7148,A,relation-reasoning-agent-eval-v3.1
2026-08-06T11:20:00+09:00,CMP-S01-L02-01,S01,S01-L02,1,running,167.7498,462.4302,112.3662,44.2654,0.9606,A,relation-reasoning-agent-eval-v3.1
2026-08-06T11:20:00+09:00,CMP-S01-L03-01,S01,S01-L03,1,running,173.1382,421.1732,101.6759,42.8661,0.427,A,relation-reasoning-agent-eval-v3.1
2026-08-06T11:20:00+09:00,CMP-S01-L04-01,S01,S01-L04,1,running,182.5092,521.0339,109.8034,39.1304,-0.1153,A,relation-reasoning-agent-eval-v3.1
2026-08-06T11:20:00+09:00,CMP-S01-L05-01,S01,S01-L05,1,running,159.6676,449.4525,92.6532,44.7497,0.5939,A,relation-reasoning-agent-eval-v3.1
2026-08-06T11:30:00+09:00,CMP-S01-L01-01,S01,S01-L01,1,running,173.6734,484.3825,103.6414,35.1516,-0.8666,A,relation-reasoning-agent-eval-v3.1
2026-08-06T11:30:00+09:00,CMP-S01-L02-01,S01,S01-L02,1,running,173.7211,430.9109,107.4203,43.7503,0.8652,A,relation-reasoning-agent-eval-v3.1
2026-08-06T11:30:00+09:00,CMP-S01-L03-01,S01,S01-L03,1,running,171.1361,414.6124,94.6107,43.9021,0.6188,A,relation-reasoning-agent-eval-v3.1
2026-08-06T11:30:00+09:00,CMP-S01-L04-01,S01,S01-L04,1,running,181.3722,502.321,101.6672,36.5184,-0.599,A,relation-reasoning-agent-eval-v3.1
2026-08-06T11:30:00+09:00,CMP-S01-L05-01,S01,S01-L05,1,running,152.1838,450.3077,93.4208,51.6487,1.8715,B,relation-reasoning-agent-eval-v3.1
2026-08-06T11:40:00+09:00,CMP-S01-L01-01,S01,S01-L01,1,running,168.0294,518.6256,106.6066,39.8253,-0.0011,A,relation-reasoning-agent-eval-v3.1
2026-08-06T11:40:00+09:00,CMP-S01-L02-01,S01,S01-L02,1,running,184.2148,448.8596,103.1675,44.9503,1.0874,B,relation-reasoning-agent-eval-v3.1
2026-08-06T11:40:00+09:00,CMP-S01-L03-01,S01,S01-L03,1,running,161.4765,460.7945,97.8724,46.4323,1.0874,B,relation-reasoning-agent-eval-v3.1
2026-08-06T11:40:00+09:00,CMP-S01-L04-01,S01,S01-L04,1,running,166.0671,506.7067,104.0083,32.1237,-1.4129,B,relation-reasoning-agent-eval-v3.1
2026-08-06T11:40:00+09:00,CMP-S01-L05-01,S01,S01-L05,1,running,161.6017,439.0563,106.8506,46.1291,0.8493,A,relation-reasoning-agent-eval-v3.1
2026-08-06T11:50:00+09:00,CMP-S01-L01-01,S01,S01-L01,1,running,160.2607,508.5323,99.0126,39.887,0.0103,A,relation-reasoning-agent-eval-v3.1
2026-08-06T11:50:00+09:00,CMP-S01-L02-01,S01,S01-L02,1,running,197.0299,426.0915,102.0812,38.847,-0.0428,A,relation-reasoning-agent-eval-v3.1
2026-08-06T11:50:00+09:00,CMP-S01-L03-01,S01,S01-L03,1,running,153.0812,491.6377,99.9313,46.0934,1.0246,B,relation-reasoning-agent-eval-v3.1
2026-08-06T11:50:00+09:00,CMP-S01-L04-01,S01,S01-L04,1,running,176.4152,506.5285,104.8594,30.6718,-1.6817,B,relation-reasoning-agent-eval-v3.1
2026-08-06T11:50:00+09:00,CMP-S01-L05-01,S01,S01-L05,1,running,170.4511,439.6382,99.4764,49.6566,1.5026,B,relation-reasoning-agent-eval-v3.1
2026-08-06T12:00:00+09:00,CMP-S01-L01-01,S01,S01-L01,1,running,149.146,474.9159,100.4875,37.7182,-0.3913,A,relation-reasoning-agent-eval-v3.1
2026-08-06T12:00:00+09:00,CMP-S01-L02-01,S01,S01-L02,1,running,185.308,433.4122,107.3118,44.45,0.9948,A,relation-reasoning-agent-eval-v3.1
2026-08-06T12:00:00+09:00,CMP-S01-L03-01,S01,S01-L03,1,running,146.1725,514.0639,96.7244,47.1455,1.2194,B,relation-reasoning-agent-eval-v3.1
2026-08-06T12:00:00+09:00,CMP-S01-L04-01,S01,S01-L04,1,running,179.6221,501.1114,98.4143,26.7254,-2.4125,C,relation-reasoning-agent-eval-v3.1
2026-08-06T12:00:00+09:00,CMP-S01-L05-01,S01,S01-L05,1,running,159.9101,475.7597,92.6691,52.2903,1.9903,B,relation-reasoning-agent-eval-v3.1
2026-08-06T12:10:00+09:00,CMP-S01-L01-01,S01,S01-L01,1,running,157.7547,465.9337,106.9974,33.5269,-1.1675,B,relation-reasoning-agent-eval-v3.1
2026-08-06T12:10:00+09:00,CMP-S01-L02-01,S01,S01-L02,1,running,169.1749,439.1677,112.0854,39.6801,0.1115,A,relation-reasoning-agent-eval-v3.1
2026-08-06T12:10:00+09:00,CMP-S01-L03-01,S01,S01-L03,1,running,158.5785,548.3624,99.1056,45.0736,0.8358,A,relation-reasoning-agent-eval-v3.1
2026-08-06T12:10:00+09:00,CMP-S01-L04-01,S01,S01-L04,1,running,184.3883,508.9767,93.3155,37.4018,-0.4354,A,relation-reasoning-agent-eval-v3.1
2026-08-06T12:10:00+09:00,CMP-S01-L05-01,S01,S01-L05,1,running,150.1905,464.2565,93.378,52.8124,2.087,C,relation-reasoning-agent-eval-v3.1
2026-08-06T12:20:00+09:00,CMP-S01-L01-01,S01,S01-L01,1,running,174.8162,467.7187,97.516,40.9893,0.2145,A,relation-reasoning-agent-eval-v3.1
2026-08-06T12:20:00+09:00,CMP-S01-L02-01,S01,S01-L02,1,running,173.8866,455.2076,107.6594,39.1979,0.0221,A,relation-reasoning-agent-eval-v3.1
2026-08-06T12:20:00+09:00,CMP-S01-L03-01,S01,S01-L03,1,running,165.6922,538.0247,100.4137,51.5318,2.0317,C,relation-reasoning-agent-eval-v3.1
2026-08-06T12:20:00+09:00,CMP-S01-L04-01,S01,S01-L04,1,running,172.2779,468.3286,94.3035,42.0239,0.4205,A,relation-reasoning-agent-eval-v3.1
2026-08-06T12:20:00+09:00,CMP-S01-L05-01,S01,S01-L05,1,running,150.7639,504.7719,89.7073,51.6828,1.8778,B,relation-reasoning-agent-eval-v3.1
2026-08-06T12:30:00+09:00,CMP-S01-L01-01,S01,S01-L01,1,running,185.266,467.0613,97.3622,42.7502,0.5405,A,relation-reasoning-agent-eval-v3.1
2026-08-06T12:30:00+09:00,CMP-S01-L02-01,S01,S01-L02,1,running,168.949,469.4773,111.501,43.0294,0.7317,A,relation-reasoning-agent-eval-v3.1
2026-08-06T12:30:00+09:00,CMP-S01-L03-01,S01,S01-L03,1,running,150.9619,539.2761,95.4236,48.2207,1.4186,B,relation-reasoning-agent-eval-v3.1
2026-08-06T12:30:00+09:00,CMP-S01-L04-01,S01,S01-L04,1,running,169.0379,457.604,89.3395,41.1086,0.251,A,relation-reasoning-agent-eval-v3.1
2026-08-06T12:30:00+09:00,CMP-S01-L05-01,S01,S01-L05,1,running,134.3517,489.583,94.5179,44.4094,0.5309,A,relation-reasoning-agent-eval-v3.1
2026-08-06T12:40:00+09:00,CMP-S01-L01-01,S01,S01-L01,1,running,171.6323,465.2727,94.8958,45.1904,0.9924,A,relation-reasoning-agent-eval-v3.1
2026-08-06T12:40:00+09:00,CMP-S01-L02-01,S01,S01-L02,1,running,176.3527,483.5175,95.653,41.1919,0.3914,A,relation-reasoning-agent-eval-v3.1
2026-08-06T12:40:00+09:00,CMP-S01-L03-01,S01,S01-L03,1,running,152.7552,517.755,98.0001,46.0804,1.0222,B,relation-reasoning-agent-eval-v3.1
2026-08-06T12:40:00+09:00,CMP-S01-L04-01,S01,S01-L04,1,running,154.3393,432.4745,93.0505,35.2126,-0.8408,A,relation-reasoning-agent-eval-v3.1
2026-08-06T12:40:00+09:00,CMP-S01-L05-01,S01,S01-L05,1,running,175.4253,444.6448,98.0657,43.1445,0.2966,A,relation-reasoning-agent-eval-v3.1
2026-08-06T12:50:00+09:00,CMP-S01-L01-01,S01,S01-L01,1,running,180.6926,444.1501,96.9581,49.0384,1.705,B,relation-reasoning-agent-eval-v3.1
2026-08-06T12:50:00+09:00,CMP-S01-L02-01,S01,S01-L02,1,running,174.7479,416.3917,102.0396,46.9642,1.4603,B,relation-reasoning-agent-eval-v3.1
2026-08-06T12:50:00+09:00,CMP-S01-L03-01,S01,S01-L03,1,running,172.6685,514.1553,98.8221,46.7897,1.1536,B,relation-reasoning-agent-eval-v3.1
2026-08-06T12:50:00+09:00,CMP-S01-L04-01,S01,S01-L04,1,running,141.1157,489.2937,91.5046,40.5788,0.1529,A,relation-reasoning-agent-eval-v3.1
2026-08-06T12:50:00+09:00,CMP-S01-L05-01,S01,S01-L05,1,running,204.4455,451.7312,93.2701,41.9798,0.081,A,relation-reasoning-agent-eval-v3.1
2026-08-06T13:00:00+09:00,CMP-S01-L01-01,S01,S01-L01,1,running,178.0437,457.5831,99.3889,49.8746,1.8599,B,relation-reasoning-agent-eval-v3.1
2026-08-06T13:00:00+09:00,CMP-S01-L02-01,S01,S01-L02,1,running,176.9901,435.1475,102.8964,46.3152,1.3402,B,relation-reasoning-agent-eval-v3.1
2026-08-06T13:00:00+09:00,CMP-S01-L03-01,S01,S01-L03,1,running,177.6063,505.467,103.0063,46.3572,1.0735,B,relation-reasoning-agent-eval-v3.1
2026-08-06T13:00:00+09:00,CMP-S01-L04-01,S01,S01-L04,1,running,130.782,521.2526,95.0308,35.2181,-0.8398,A,relation-reasoning-agent-eval-v3.1
2026-08-06T13:00:00+09:00,CMP-S01-L05-01,S01,S01-L05,1,running,211.3083,441.1996,96.9373,37.9649,-0.6625,A,relation-reasoning-agent-eval-v3.1
2026-08-06T13:10:00+09:00,CMP-S01-L01-01,S01,S01-L01,1,running,181.0668,431.7086,95.288,44.9078,0.9401,A,relation-reasoning-agent-eval-v3.1
2026-08-06T13:10:00+09:00,CMP-S01-L02-01,S01,S01-L02,1,running,181.9443,451.1201,94.607,48.3556,1.718,B,relation-reasoning-agent-eval-v3.1
2026-08-06T13:10:00+09:00,CMP-S01-L03-01,S01,S01-L03,1,running,173.9942,469.281,108.5083,44.0096,0.6387,A,relation-reasoning-agent-eval-v3.1
2026-08-06T13:10:00+09:00,CMP-S01-L04-01,S01,S01-L04,1,running,145.8286,496.9125,97.8084,41.4942,0.3224,A,relation-reasoning-agent-eval-v3.1
2026-08-06T13:10:00+09:00,CMP-S01-L05-01,S01,S01-L05,1,running,199.3873,433.6753,90.7445,39.6108,-0.3578,A,relation-reasoning-agent-eval-v3.1
2026-08-06T13:20:00+09:00,CMP-S01-L01-01,S01,S01-L01,1,running,187.0671,436.1135,100.0203,36.2057,-0.6714,A,relation-reasoning-agent-eval-v3.1
2026-08-06T13:20:00+09:00,CMP-S01-L02-01,S01,S01-L02,1,running,159.1943,484.0263,101.268,45.132,1.1211,B,relation-reasoning-agent-eval-v3.1
2026-08-06T13:20:00+09:00,CMP-S01-L03-01,S01,S01-L03,1,running,165.6443,489.823,104.0448,44.0359,0.6436,A,relation-reasoning-agent-eval-v3.1
2026-08-06T13:20:00+09:00,CMP-S01-L04-01,S01,S01-L04,1,running,153.9421,536.0465,103.0542,36.5064,-0.6012,A,relation-reasoning-agent-eval-v3.1
2026-08-06T13:20:00+09:00,CMP-S01-L05-01,S01,S01-L05,1,running,207.5406,455.5314,93.5802,38.5683,-0.5508,A,relation-reasoning-agent-eval-v3.1
2026-08-06T13:30:00+09:00,CMP-S01-L01-01,S01,S01-L01,1,running,197.1748,474.4414,102.0324,38.8293,-0.1855,A,relation-reasoning-agent-eval-v3.1
2026-08-06T13:30:00+09:00,CMP-S01-L02-01,S01,S01-L02,1,running,154.8321,452.9274,96.7447,48.5041,1.7455,B,relation-reasoning-agent-eval-v3.1
2026-08-06T13:30:00+09:00,CMP-S01-L03-01,S01,S01-L03,1,running,161.0696,457.6497,108.7064,43.2537,0.4988,A,relation-reasoning-agent-eval-v3.1
2026-08-06T13:30:00+09:00,CMP-S01-L04-01,S01,S01-L04,1,running,155.3496,550.1435,99.506,32.198,-1.3991,B,relation-reasoning-agent-eval-v3.1
2026-08-06T13:30:00+09:00,CMP-S01-L05-01,S01,S01-L05,1,running,196.5936,425.0147,91.3155,41.2306,-0.0578,A,relation-reasoning-agent-eval-v3.1
2026-08-06T13:40:00+09:00,CMP-S01-L01-01,S01,S01-L01,1,running,196.1914,471.7073,103.4106,41.7492,0.3552,A,relation-reasoning-agent-eval-v3.1
2026-08-06T13:40:00+09:00,CMP-S01-L02-01,S01,S01-L02,1,running,154.5807,416.4697,100.2034,53.99,2.7614,C,relation-reasoning-agent-eval-v3.1
2026-08-06T13:40:00+09:00,CMP-S01-L03-01,S01,S01-L03,1,running,161.4342,449.2059,104.2231,45.3812,0.8927,A,relation-reasoning-agent-eval-v3.1
2026-08-06T13:40:00+09:00,CMP-S01-L04-01,S01,S01-L04,1,running,173.9357,547.1062,104.3345,29.4259,-1.9124,B,relation-reasoning-agent-eval-v3.1
2026-08-06T13:40:00+09:00,CMP-S01-L05-01,S01,S01-L05,1,running,176.6372,454.5991,89.2757,42.948,0.2602,A,relation-reasoning-agent-eval-v3.1
2026-08-06T13:50:00+09:00,CMP-S01-L01-01,S01,S01-L01,1,running,192.5916,479.8992,101.7571,35.9866,-0.712,A,relation-reasoning-agent-eval-v3.1
2026-08-06T13:50:00+09:00,CMP-S01-L02-01,S01,S01-L02,1,running,177.9388,395.9507,109.6118,49.8912,2.0024,C,relation-reasoning-agent-eval-v3.1
2026-08-06T13:50:00+09:00,CMP-S01-L03-01,S01,S01-L03,1,running,170.9819,453.3303,107.853,40.3614,-0.0369,A,relation-reasoning-agent-eval-v3.1
2026-08-06T13:50:00+09:00,CMP-S01-L04-01,S01,S01-L04,1,running,163.7072,525.553,102.316,30.2695,-1.7562,B,relation-reasoning-agent-eval-v3.1
2026-08-06T13:50:00+09:00,CMP-S01-L05-01,S01,S01-L05,1,running,192.7255,437.8096,94.8913,37.7951,-0.694,A,relation-reasoning-agent-eval-v3.1
2026-08-06T14:00:00+09:00,CMP-S01-L01-01,S01,S01-L01,1,running,170.7307,476.9915,105.4636,37.2314,-0.4815,A,relation-reasoning-agent-eval-v3.1
2026-08-06T14:00:00+09:00,CMP-S01-L02-01,S01,S01-L02,1,running,180.5554,405.3409,112.3533,53.5603,2.6819,C,relation-reasoning-agent-eval-v3.1
2026-08-06T14:00:00+09:00,CMP-S01-L03-01,S01,S01-L03,1,running,190.0748,447.5355,106.0629,37.9461,-0.4841,A,relation-reasoning-agent-eval-v3.1
2026-08-06T14:00:00+09:00,CMP-S01-L04-01,S01,S01-L04,1,running,158.1973,591.1055,106.0459,30.2925,-1.752,B,relation-reasoning-agent-eval-v3.1
2026-08-06T14:00:00+09:00,CMP-S01-L05-01,S01,S01-L05,1,running,179.0037,448.2059,96.9285,42.308,0.1417,A,relation-reasoning-agent-eval-v3.1
2026-08-06T14:10:00+09:00,CMP-S01-L01-01,S01,S01-L01,1,running,163.0437,528.311,105.8818,39.115,-0.1326,A,relation-reasoning-agent-eval-v3.1
2026-08-06T14:10:00+09:00,CMP-S01-L02-01,S01,S01-L02,1,running,174.1525,373.7532,107.552,45.6879,1.224,B,relation-reasoning-agent-eval-v3.1
2026-08-06T14:10:00+09:00,CMP-S01-L03-01,S01,S01-L03,1,running,197.0936,432.5844,108.3413,38.2986,-0.4189,A,relation-reasoning-agent-eval-v3.1
2026-08-06T14:10:00+09:00,CMP-S01-L04-01,S01,S01-L04,1,running,156.6494,573.6004,105.0053,28.9573,-1.9992,B,relation-reasoning-agent-eval-v3.1
2026-08-06T14:10:00+09:00,CMP-S01-L05-01,S01,S01-L05,1,running,181.508,443.0505,94.4513,36.4033,-0.9517,A,relation-reasoning-agent-eval-v3.1
2026-08-06T14:20:00+09:00,CMP-S01-L01-01,S01,S01-L01,1,running,159.3335,505.3946,107.9178,37.214,-0.4847,A,relation-reasoning-agent-eval-v3.1
2026-08-06T14:20:00+09:00,CMP-S01-L02-01,S01,S01-L02,1,running,194.1274,401.4696,102.6139,44.3027,0.9675,A,relation-reasoning-agent-eval-v3.1
2026-08-06T14:20:00+09:00,CMP-S01-L03-01,S01,S01-L03,1,running,191.638,442.4308,114.8163,36.2947,-0.79,A,relation-reasoning-agent-eval-v3.1
2026-08-06T14:20:00+09:00,CMP-S01-L04-01,S01,S01-L04,1,running,164.6124,531.5165,103.5178,33.2126,-1.2112,B,relation-reasoning-agent-eval-v3.1
2026-08-06T14:20:00+09:00,CMP-S01-L05-01,S01,S01-L05,1,running,181.9993,380.0539,91.3014,40.7514,-0.1465,A,relation-reasoning-agent-eval-v3.1
2026-08-06T14:30:00+09:00,CMP-S01-L01-01,S01,S01-L01,1,running,163.9557,538.9482,101.1422,38.5524,-0.2368,A,relation-reasoning-agent-eval-v3.1
2026-08-06T14:30:00+09:00,CMP-S01-L02-01,S01,S01-L02,1,running,202.8462,436.0339,104.1823,42.8644,0.7011,A,relation-reasoning-agent-eval-v3.1
2026-08-06T14:30:00+09:00,CMP-S01-L03-01,S01,S01-L03,1,running,190.7507,456.9063,109.9941,38.0771,-0.4599,A,relation-reasoning-agent-eval-v3.1
2026-08-06T14:30:00+09:00,CMP-S01-L04-01,S01,S01-L04,1,running,150.5667,551.8815,95.8177,30.2684,-1.7564,B,relation-reasoning-agent-eval-v3.1
2026-08-06T14:30:00+09:00,CMP-S01-L05-01,S01,S01-L05,1,running,183.8079,383.2281,100.9417,38.7332,-0.5203,A,relation-reasoning-agent-eval-v3.1
2026-08-06T14:40:00+09:00,CMP-S01-L01-01,S01,S01-L01,1,running,154.2121,523.7712,94.3966,38.9417,-0.1647,A,relation-reasoning-agent-eval-v3.1
2026-08-06T14:40:00+09:00,CMP-S01-L02-01,S01,S01-L02,1,running,202.384,448.0605,94.2911,41.6258,0.4718,A,relation-reasoning-agent-eval-v3.1
2026-08-06T14:40:00+09:00,CMP-S01-L03-01,S01,S01-L03,1,running,180.55,457.216,106.6616,40.4825,-0.0144,A,relation-reasoning-agent-eval-v3.1
2026-08-06T14:40:00+09:00,CMP-S01-L04-01,S01,S01-L04,1,running,162.8839,534.1617,96.0185,41.0177,0.2342,A,relation-reasoning-agent-eval-v3.1
2026-08-06T14:40:00+09:00,CMP-S01-L05-01,S01,S01-L05,1,running,169.4717,401.7185,96.4525,42.64,0.2032,A,relation-reasoning-agent-eval-v3.1
2026-08-06T14:50:00+09:00,CMP-S01-L01-01,S01,S01-L01,1,running,170.0131,526.7377,97.2042,37.7123,-0.3924,A,relation-reasoning-agent-eval-v3.1
2026-08-06T14:50:00+09:00,CMP-S01-L02-01,S01,S01-L02,1,running,205.1934,436.8704,95.8884,37.0216,-0.3809,A,relation-reasoning-agent-eval-v3.1
2026-08-06T14:50:00+09:00,CMP-S01-L03-01,S01,S01-L03,1,running,146.8471,501.9998,109.4994,28.8185,-2.1744,C,relation-reasoning-agent-eval-v3.1
2026-08-06T14:50:00+09:00,CMP-S01-L04-01,S01,S01-L04,1,running,164.0107,482.2968,95.8229,43.3261,0.6617,A,relation-reasoning-agent-eval-v3.1
2026-08-06T14:50:00+09:00,CMP-S01-L05-01,S01,S01-L05,1,running,159.2951,401.6729,96.7297,45.1372,0.6657,A,relation-reasoning-agent-eval-v3.1
2026-08-06T15:00:00+09:00,CMP-S01-L01-01,S01,S01-L01,1,running,176.7651,568.4982,93.475,36.5354,-0.6103,A,relation-reasoning-agent-eval-v3.1
2026-08-06T15:00:00+09:00,CMP-S01-L02-01,S01,S01-L02,1,running,198.308,452.1626,98.0498,42.0416,0.5488,A,relation-reasoning-agent-eval-v3.1
2026-08-06T15:00:00+09:00,CMP-S01-L03-01,S01,S01-L03,1,running,138.3565,444.0768,109.2041,28.3539,-2.2605,C,relation-reasoning-agent-eval-v3.1
2026-08-06T15:00:00+09:00,CMP-S01-L04-01,S01,S01-L04,1,running,182.9583,451.8734,99.2113,42.6662,0.5395,A,relation-reasoning-agent-eval-v3.1
2026-08-06T15:00:00+09:00,CMP-S01-L05-01,S01,S01-L05,1,running,147.8608,456.7493,89.8829,46.5094,0.9198,A,relation-reasoning-agent-eval-v3.1
2026-08-06T15:10:00+09:00,CMP-S01-L01-01,S01,S01-L01,1,running,170.3095,504.5719,99.3321,49.1194,1.72,B,relation-reasoning-agent-eval-v3.1
2026-08-06T15:10:00+09:00,CMP-S01-L02-01,S01,S01-L02,1,running,199.4519,415.529,101.4403,38.9957,-0.0153,A,relation-reasoning-agent-eval-v3.1
2026-08-06T15:10:00+09:00,CMP-S01-L03-01,S01,S01-L03,1,running,156.1965,468.3854,112.2215,34.122,-1.1923,B,relation-reasoning-agent-eval-v3.1
2026-08-06T15:10:00+09:00,CMP-S01-L04-01,S01,S01-L04,1,running,159.9554,476.8321,101.805,40.141,0.0718,A,relation-reasoning-agent-eval-v3.1
2026-08-06T15:10:00+09:00,CMP-S01-L05-01,S01,S01-L05,1,running,161.8684,443.552,98.5024,41.4964,-0.0086,A,relation-reasoning-agent-eval-v3.1
2026-08-06T15:20:00+09:00,CMP-S01-L01-01,S01,S01-L01,1,running,175.1676,527.2986,98.0255,48.6936,1.6412,B,relation-reasoning-agent-eval-v3.1
2026-08-06T15:20:00+09:00,CMP-S01-L02-01,S01,S01-L02,1,running,191.6342,446.4799,107.9187,43.3431,0.7898,A,relation-reasoning-agent-eval-v3.1
2026-08-06T15:20:00+09:00,CMP-S01-L03-01,S01,S01-L03,1,running,146.236,454.6515,108.9756,34.0028,-1.2144,B,relation-reasoning-agent-eval-v3.1
2026-08-06T15:20:00+09:00,CMP-S01-L04-01,S01,S01-L04,1,running,152.6401,484.5811,99.3506,35.9647,-0.7016,A,relation-reasoning-agent-eval-v3.1
2026-08-06T15:20:00+09:00,CMP-S01-L05-01,S01,S01-L05,1,running,160.496,420.8899,90.017,41.1571,-0.0714,A,relation-reasoning-agent-eval-v3.1
2026-08-06T15:30:00+09:00,CMP-S01-L01-01,S01,S01-L01,1,running,162.9004,428.3271,101.2376,49.9708,1.8777,B,relation-reasoning-agent-eval-v3.1
2026-08-06T15:30:00+09:00,CMP-S01-L02-01,S01,S01-L02,1,running,175.0385,374.2267,106.9379,45.3637,1.164,B,relation-reasoning-agent-eval-v3.1
2026-08-06T15:30:00+09:00,CMP-S01-L03-01,S01,S01-L03,1,running,152.5731,445.5662,106.9107,33.3097,-1.3427,B,relation-reasoning-agent-eval-v3.1
2026-08-06T15:30:00+09:00,CMP-S01-L04-01,S01,S01-L04,1,running,162.4815,415.4534,96.0862,28.9213,-2.0059,C,relation-reasoning-agent-eval-v3.1
2026-08-06T15:30:00+09:00,CMP-S01-L05-01,S01,S01-L05,1,running,162.3302,378.9706,86.7295,43.4724,0.3574,A,relation-reasoning-agent-eval-v3.1
2026-08-06T15:40:00+09:00,CMP-S01-L01-01,S01,S01-L01,1,running,166.0155,400.8636,98.3622,44.2412,0.8167,A,relation-reasoning-agent-eval-v3.1
2026-08-06T15:40:00+09:00,CMP-S01-L02-01,S01,S01-L02,1,running,166.0691,372.3824,102.2553,47.7698,1.6095,B,relation-reasoning-agent-eval-v3.1
2026-08-06T15:40:00+09:00,CMP-S01-L03-01,S01,S01-L03,1,running,146.0844,477.2409,108.0015,35.3787,-0.9596,A,relation-reasoning-agent-eval-v3.1
2026-08-06T15:40:00+09:00,CMP-S01-L04-01,S01,S01-L04,1,running,175.9204,447.2167,87.842,38.2,-0.2876,A,relation-reasoning-agent-eval-v3.1
2026-08-06T15:40:00+09:00,CMP-S01-L05-01,S01,S01-L05,1,running,161.7691,435.7605,85.5256,35.2413,-1.1669,B,relation-reasoning-agent-eval-v3.1
2026-08-06T15:50:00+09:00,CMP-S01-L01-01,S01,S01-L01,1,running,178.8556,385.7812,98.0936,44.6528,0.8929,A,relation-reasoning-agent-eval-v3.1
2026-08-06T15:50:00+09:00,CMP-S01-L02-01,S01,S01-L02,1,running,155.6706,356.778,101.5428,43.8017,0.8747,A,relation-reasoning-agent-eval-v3.1
2026-08-06T15:50:00+09:00,CMP-S01-L03-01,S01,S01-L03,1,running,149.5221,467.3048,109.3362,40.7554,0.0361,A,relation-reasoning-agent-eval-v3.1
2026-08-06T15:50:00+09:00,CMP-S01-L04-01,S01,S01-L04,1,running,184.1539,502.2242,83.6869,43.9259,0.7727,A,relation-reasoning-agent-eval-v3.1
2026-08-06T15:50:00+09:00,CMP-S01-L05-01,S01,S01-L05,1,running,155.5156,430.0114,78.6518,36.7088,-0.8951,A,relation-reasoning-agent-eval-v3.1
2026-08-06T16:00:00+09:00,CMP-S01-L01-01,S01,S01-L01,1,running,179.5033,392.7365,94.8531,32.845,-1.2937,B,relation-reasoning-agent-eval-v3.1
2026-08-06T16:00:00+09:00,CMP-S01-L02-01,S01,S01-L02,1,running,168.445,335.4881,113.1136,43.8628,0.886,A,relation-reasoning-agent-eval-v3.1
2026-08-06T16:00:00+09:00,CMP-S01-L03-01,S01,S01-L03,1,running,160.8251,436.4369,102.6426,41.0903,0.0981,A,relation-reasoning-agent-eval-v3.1
2026-08-06T16:00:00+09:00,CMP-S01-L04-01,S01,S01-L04,1,running,186.8283,478.2242,93.0072,44.3645,0.854,A,relation-reasoning-agent-eval-v3.1
2026-08-06T16:00:00+09:00,CMP-S01-L05-01,S01,S01-L05,1,running,161.0679,434.1754,82.8842,39.5535,-0.3684,A,relation-reasoning-agent-eval-v3.1
2026-08-06T16:10:00+09:00,CMP-S01-L01-01,S01,S01-L01,1,running,185.7823,399.4425,94.9382,34.8176,-0.9285,A,relation-reasoning-agent-eval-v3.1
2026-08-06T16:10:00+09:00,CMP-S01-L02-01,S01,S01-L02,1,running,171.4085,351.1302,109.3391,40.1545,0.1993,A,relation-reasoning-agent-eval-v3.1
2026-08-06T16:10:00+09:00,CMP-S01-L03-01,S01,S01-L03,1,running,170.6206,401.1724,100.8337,40.3266,-0.0433,A,relation-reasoning-agent-eval-v3.1
2026-08-06T16:10:00+09:00,CMP-S01-L04-01,S01,S01-L04,1,running,166.6889,486.5214,94.3908,37.4583,-0.425,A,relation-reasoning-agent-eval-v3.1
2026-08-06T16:10:00+09:00,CMP-S01-L05-01,S01,S01-L05,1,running,163.3776,390.3067,82.3438,35.3425,-1.1482,B,relation-reasoning-agent-eval-v3.1
2026-08-06T16:20:00+09:00,CMP-S01-L01-01,S01,S01-L01,1,running,168.4208,369.2008,90.4021,40.0736,0.0449,A,relation-reasoning-agent-eval-v3.1
2026-08-06T16:20:00+09:00,CMP-S01-L02-01,S01,S01-L02,1,running,177.4449,370.4179,108.2954,33.4247,-1.047,B,relation-reasoning-agent-eval-v3.1
2026-08-06T16:20:00+09:00,CMP-S01-L03-01,S01,S01-L03,1,running,177.7105,387.8993,106.7402,41.0573,0.092,A,relation-reasoning-agent-eval-v3.1
2026-08-06T16:20:00+09:00,CMP-S01-L04-01,S01,S01-L04,1,running,166.0382,456.3781,98.6051,39.2134,-0.0999,A,relation-reasoning-agent-eval-v3.1
2026-08-06T16:20:00+09:00,CMP-S01-L05-01,S01,S01-L05,1,running,167.4911,402.6459,87.9155,44.2936,0.5094,A,relation-reasoning-agent-eval-v3.1
2026-08-06T16:30:00+09:00,CMP-S01-L01-01,S01,S01-L01,1,running,200.9169,426.434,94.9285,38.3894,-0.267,A,relation-reasoning-agent-eval-v3.1
2026-08-06T16:30:00+09:00,CMP-S01-L02-01,S01,S01-L02,1,running,182.6544,391.1344,108.5797,35.5682,-0.65,A,relation-reasoning-agent-eval-v3.1
2026-08-06T16:30:00+09:00,CMP-S01-L03-01,S01,S01-L03,1,running,181.8362,409.8869,102.7298,43.1692,0.4831,A,relation-reasoning-agent-eval-v3.1
2026-08-06T16:30:00+09:00,CMP-S01-L04-01,S01,S01-L04,1,running,175.9257,464.2981,100.3397,36.7713,-0.5522,A,relation-reasoning-agent-eval-v3.1
2026-08-06T16:30:00+09:00,CMP-S01-L05-01,S01,S01-L05,1,running,189.8351,407.6566,92.895,45.6363,0.7581,A,relation-reasoning-agent-eval-v3.1
2026-08-06T16:40:00+09:00,CMP-S01-L01-01,S01,S01-L01,1,running,188.8131,398.7944,95.0291,41.456,0.3009,A,relation-reasoning-agent-eval-v3.1
2026-08-06T16:40:00+09:00,CMP-S01-L02-01,S01,S01-L02,1,running,187.1575,451.9887,108.342,41.8828,0.5193,A,relation-reasoning-agent-eval-v3.1
2026-08-06T16:40:00+09:00,CMP-S01-L03-01,S01,S01-L03,1,running,170.6218,389.6672,99.6896,33.1423,-1.3737,B,relation-reasoning-agent-eval-v3.1
2026-08-06T16:40:00+09:00,CMP-S01-L04-01,S01,S01-L04,1,running,160.5772,489.011,103.887,36.3702,-0.6265,A,relation-reasoning-agent-eval-v3.1
2026-08-06T16:40:00+09:00,CMP-S01-L05-01,S01,S01-L05,1,running,206.0781,382.0377,92.3162,37.517,-0.7455,A,relation-reasoning-agent-eval-v3.1
2026-08-06T16:50:00+09:00,CMP-S01-L01-01,S01,S01-L01,1,running,205.1685,450.0726,91.1546,33.5758,-1.1584,B,relation-reasoning-agent-eval-v3.1
2026-08-06T16:50:00+09:00,CMP-S01-L02-01,S01,S01-L02,1,running,175.2497,482.3813,110.7001,36.5099,-0.4756,A,relation-reasoning-agent-eval-v3.1
2026-08-06T16:50:00+09:00,CMP-S01-L03-01,S01,S01-L03,1,running,171.4125,404.2847,99.4845,31.9748,-1.5899,B,relation-reasoning-agent-eval-v3.1
2026-08-06T16:50:00+09:00,CMP-S01-L04-01,S01,S01-L04,1,running,167.848,491.4736,103.1915,36.2807,-0.643,A,relation-reasoning-agent-eval-v3.1
2026-08-06T16:50:00+09:00,CMP-S01-L05-01,S01,S01-L05,1,running,199.541,376.9562,90.756,41.0759,-0.0864,A,relation-reasoning-agent-eval-v3.1
2026-08-06T17:00:00+09:00,CMP-S01-L01-01,S01,S01-L01,1,running,198.4774,452.8398,91.6391,32.6471,-1.3304,B,relation-reasoning-agent-eval-v3.1
2026-08-06T17:00:00+09:00,CMP-S01-L02-01,S01,S01-L02,1,running,170.7422,456.5097,108.3178,42.3436,0.6047,A,relation-reasoning-agent-eval-v3.1
2026-08-06T17:00:00+09:00,CMP-S01-L03-01,S01,S01-L03,1,running,165.4216,412.2138,97.1266,29.4786,-2.0522,C,relation-reasoning-agent-eval-v3.1
2026-08-06T17:00:00+09:00,CMP-S01-L04-01,S01,S01-L04,1,running,182.8432,508.2428,105.5809,41.1854,0.2652,A,relation-reasoning-agent-eval-v3.1
2026-08-06T17:00:00+09:00,CMP-S01-L05-01,S01,S01-L05,1,running,204.4477,425.4372,95.1557,41.8399,0.0551,A,relation-reasoning-agent-eval-v3.1
2026-08-06T17:10:00+09:00,CMP-S01-L01-01,S01,S01-L01,1,running,195.9836,419.8495,94.5571,31.2833,-1.5829,B,relation-reasoning-agent-eval-v3.1
2026-08-06T17:10:00+09:00,CMP-S01-L02-01,S01,S01-L02,1,running,174.2188,458.1192,109.4653,42.5895,0.6502,A,relation-reasoning-agent-eval-v3.1
2026-08-06T17:10:00+09:00,CMP-S01-L03-01,S01,S01-L03,1,running,175.5585,399.8542,98.6025,24.9192,-2.8965,C,relation-reasoning-agent-eval-v3.1
2026-08-06T17:10:00+09:00,CMP-S01-L04-01,S01,S01-L04,1,running,178.862,520.9108,105.4136,35.5592,-0.7766,A,relation-reasoning-agent-eval-v3.1
2026-08-06T17:10:00+09:00,CMP-S01-L05-01,S01,S01-L05,1,running,197.3296,418.8694,95.3505,47.3657,1.0784,B,relation-reasoning-agent-eval-v3.1
2026-08-06T17:20:00+09:00,CMP-S01-L01-01,S01,S01-L01,1,running,193.9403,438.1278,93.0503,38.3016,-0.2833,A,relation-reasoning-agent-eval-v3.1
2026-08-06T17:20:00+09:00,CMP-S01-L02-01,S01,S01-L02,1,running,178.3097,505.4868,105.3495,38.3213,-0.1402,A,relation-reasoning-agent-eval-v3.1
2026-08-06T17:20:00+09:00,CMP-S01-L03-01,S01,S01-L03,1,running,168.7485,395.5404,101.8486,24.6292,-2.9502,C,relation-reasoning-agent-eval-v3.1
2026-08-06T17:20:00+09:00,CMP-S01-L04-01,S01,S01-L04,1,running,173.5752,504.9682,106.5333,36.5295,-0.597,A,relation-reasoning-agent-eval-v3.1
2026-08-06T17:20:00+09:00,CMP-S01-L05-01,S01,S01-L05,1,running,177.7335,415.8267,96.9966,44.9609,0.633,A,relation-reasoning-agent-eval-v3.1
2026-08-06T17:30:00+09:00,CMP-S01-L01-01,S01,S01-L01,1,running,196.9941,458.4388,93.9397,35.835,-0.74,A,relation-reasoning-agent-eval-v3.1
2026-08-06T17:30:00+09:00,CMP-S01-L02-01,S01,S01-L02,1,running,157.6708,502.2406,106.8171,38.2207,-0.1588,A,relation-reasoning-agent-eval-v3.1
2026-08-06T17:30:00+09:00,CMP-S01-L03-01,S01,S01-L03,1,running,173.7644,386.6861,105.5702,34.5474,-1.1135,B,relation-reasoning-agent-eval-v3.1
2026-08-06T17:30:00+09:00,CMP-S01-L04-01,S01,S01-L04,1,running,161.1621,480.9656,105.3885,35.8884,-0.7157,A,relation-reasoning-agent-eval-v3.1
2026-08-06T17:30:00+09:00,CMP-S01-L05-01,S01,S01-L05,1,running,181.6918,440.1064,94.844,46.9024,0.9925,A,relation-reasoning-agent-eval-v3.1
2026-08-06T17:40:00+09:00,CMP-S01-L01-01,S01,S01-L01,1,running,192.1449,435.398,97.0403,30.5612,-1.7167,B,relation-reasoning-agent-eval-v3.1
2026-08-06T17:40:00+09:00,CMP-S01-L02-01,S01,S01-L02,1,running,171.0224,457.5465,107.0804,41.6196,0.4706,A,relation-reasoning-agent-eval-v3.1
2026-08-06T17:40:00+09:00,CMP-S01-L03-01,S01,S01-L03,1,running,161.6763,418.0035,102.5468,29.5442,-2.0401,C,relation-reasoning-agent-eval-v3.1
2026-08-06T17:40:00+09:00,CMP-S01-L04-01,S01,S01-L04,1,running,151.7386,458.2522,105.1649,29.5801,-1.8839,B,relation-reasoning-agent-eval-v3.1
2026-08-06T17:40:00+09:00,CMP-S01-L05-01,S01,S01-L05,1,running,172.1642,474.6177,101.7141,47.3379,1.0732,B,relation-reasoning-agent-eval-v3.1
2026-08-06T17:50:00+09:00,CMP-S01-L01-01,S01,S01-L01,1,running,186.7062,405.3905,99.0228,31.5706,-1.5297,B,relation-reasoning-agent-eval-v3.1
2026-08-06T17:50:00+09:00,CMP-S01-L02-01,S01,S01-L02,1,running,173.128,404.8398,113.6684,38.2162,-0.1596,A,relation-reasoning-agent-eval-v3.1
2026-08-06T17:50:00+09:00,CMP-S01-L03-01,S01,S01-L03,1,running,163.3112,442.9508,96.8341,29.8788,-1.9781,B,relation-reasoning-agent-eval-v3.1
2026-08-06T17:50:00+09:00,CMP-S01-L04-01,S01,S01-L04,1,running,153.9435,481.2989,105.1029,33.9057,-1.0829,B,relation-reasoning-agent-eval-v3.1
2026-08-06T17:50:00+09:00,CMP-S01-L05-01,S01,S01-L05,1,running,173.2508,475.6926,101.9087,49.7136,1.5132,B,relation-reasoning-agent-eval-v3.1
2026-08-06T18:00:00+09:00,CMP-S01-L01-01,S01,S01-L01,1,running,172.8444,405.0352,98.8303,37.9021,-0.3572,A,relation-reasoning-agent-eval-v3.1
2026-08-06T18:00:00+09:00,CMP-S01-L02-01,S01,S01-L02,1,running,179.5407,416.0163,110.33,39.8504,0.143,A,relation-reasoning-agent-eval-v3.1
2026-08-06T18:00:00+09:00,CMP-S01-L03-01,S01,S01-L03,1,running,179.2153,433.8417,94.0528,33.3132,-1.3421,B,relation-reasoning-agent-eval-v3.1
2026-08-06T18:00:00+09:00,CMP-S01-L04-01,S01,S01-L04,1,running,138.4468,531.8102,106.2687,38.1054,-0.3051,A,relation-reasoning-agent-eval-v3.1
2026-08-06T18:00:00+09:00,CMP-S01-L05-01,S01,S01-L05,1,running,155.7594,450.8181,98.0332,42.162,0.1147,A,relation-reasoning-agent-eval-v3.1
2026-08-06T18:10:00+09:00,CMP-S01-L01-01,S01,S01-L01,1,running,159.0343,457.3868,97.5385,41.4451,0.2989,A,relation-reasoning-agent-eval-v3.1
2026-08-06T18:10:00+09:00,CMP-S01-L02-01,S01,S01-L02,1,running,194.5096,424.8324,107.2829,44.8699,1.0725,B,relation-reasoning-agent-eval-v3.1
2026-08-06T18:10:00+09:00,CMP-S01-L03-01,S01,S01-L03,1,running,175.8159,406.008,99.2528,36.0181,-0.8412,A,relation-reasoning-agent-eval-v3.1
2026-08-06T18:10:00+09:00,CMP-S01-L04-01,S01,S01-L04,1,running,156.5999,457.5823,105.6751,42.7407,0.5533,A,relation-reasoning-agent-eval-v3.1
2026-08-06T18:10:00+09:00,CMP-S01-L05-01,S01,S01-L05,1,running,185.5143,468.6896,99.0876,39.6952,-0.3421,A,relation-reasoning-agent-eval-v3.1
2026-08-06T18:20:00+09:00,CMP-S01-L01-01,S01,S01-L01,1,running,182.1492,429.2337,99.508,44.5738,0.8782,A,relation-reasoning-agent-eval-v3.1
2026-08-06T18:20:00+09:00,CMP-S01-L02-01,S01,S01-L02,1,running,180.3418,457.1017,108.6543,42.0244,0.5456,A,relation-reasoning-agent-eval-v3.1
2026-08-06T18:20:00+09:00,CMP-S01-L03-01,S01,S01-L03,1,running,175.9981,405.4955,99.2282,33.4343,-1.3197,B,relation-reasoning-agent-eval-v3.1
2026-08-06T18:20:00+09:00,CMP-S01-L04-01,S01,S01-L04,1,running,164.8185,492.6766,102.6931,35.8552,-0.7218,A,relation-reasoning-agent-eval-v3.1
2026-08-06T18:20:00+09:00,CMP-S01-L05-01,S01,S01-L05,1,running,176.0394,481.9774,96.8848,38.8664,-0.4956,A,relation-reasoning-agent-eval-v3.1
2026-08-06T18:30:00+09:00,CMP-S01-L01-01,S01,S01-L01,1,running,175.6996,404.4138,96.558,45.7664,1.0991,B,relation-reasoning-agent-eval-v3.1
2026-08-06T18:30:00+09:00,CMP-S01-L02-01,S01,S01-L02,1,running,164.7223,462.7927,105.6714,39.7863,0.1311,A,relation-reasoning-agent-eval-v3.1
2026-08-06T18:30:00+09:00,CMP-S01-L03-01,S01,S01-L03,1,running,167.422,388.9739,101.5666,32.6155,-1.4713,B,relation-reasoning-agent-eval-v3.1
2026-08-06T18:30:00+09:00,CMP-S01-L04-01,S01,S01-L04,1,running,166.6379,473.3564,105.562,31.1543,-1.5924,B,relation-reasoning-agent-eval-v3.1
2026-08-06T18:30:00+09:00,CMP-S01-L05-01,S01,S01-L05,1,running,174.9081,471.6446,88.9544,39.2022,-0.4334,A,relation-reasoning-agent-eval-v3.1
2026-08-06T18:40:00+09:00,CMP-S01-L01-01,S01,S01-L01,1,running,182.6035,432.6244,95.3005,38.6326,-0.222,A,relation-reasoning-agent-eval-v3.1
2026-08-06T18:40:00+09:00,CMP-S01-L02-01,S01,S01-L02,1,running,162.5454,461.0994,107.1911,37.1749,-0.3525,A,relation-reasoning-agent-eval-v3.1
2026-08-06T18:40:00+09:00,CMP-S01-L03-01,S01,S01-L03,1,running,168.3486,417.9911,102.6309,34.4979,-1.1227,B,relation-reasoning-agent-eval-v3.1
2026-08-06T18:40:00+09:00,CMP-S01-L04-01,S01,S01-L04,1,running,170.6505,483.942,102.7871,36.7421,-0.5576,A,relation-reasoning-agent-eval-v3.1
2026-08-06T18:40:00+09:00,CMP-S01-L05-01,S01,S01-L05,1,running,181.2011,511.0163,92.2627,41.6049,0.0115,A,relation-reasoning-agent-eval-v3.1
2026-08-06T18:50:00+09:00,CMP-S01-L01-01,S01,S01-L01,1,running,194.9077,501.1404,101.1422,39.843,0.0022,A,relation-reasoning-agent-eval-v3.1
2026-08-06T18:50:00+09:00,CMP-S01-L02-01,S01,S01-L02,1,running,158.0507,473.6371,111.5341,45.8408,1.2523,B,relation-reasoning-agent-eval-v3.1
2026-08-06T18:50:00+09:00,CMP-S01-L03-01,S01,S01-L03,1,running,160.2567,387.5304,105.0929,37.3358,-0.5972,A,relation-reasoning-agent-eval-v3.1
2026-08-06T18:50:00+09:00,CMP-S01-L04-01,S01,S01-L04,1,running,177.7016,461.0217,109.1837,35.7141,-0.748,A,relation-reasoning-agent-eval-v3.1
2026-08-06T18:50:00+09:00,CMP-S01-L05-01,S01,S01-L05,1,running,180.6117,476.6333,101.2737,42.098,0.1029,A,relation-reasoning-agent-eval-v3.1
2026-08-06T19:00:00+09:00,CMP-S01-L01-01,S01,S01-L01,1,running,169.1331,471.4313,101.012,31.6838,-1.5088,B,relation-reasoning-agent-eval-v3.1
2026-08-06T19:00:00+09:00,CMP-S01-L02-01,S01,S01-L02,1,running,153.1326,510.7472,104.5552,40.2348,0.2142,A,relation-reasoning-agent-eval-v3.1
2026-08-06T19:00:00+09:00,CMP-S01-L03-01,S01,S01-L03,1,running,171.6879,410.5012,93.0774,36.6614,-0.722,A,relation-reasoning-agent-eval-v3.1
2026-08-06T19:00:00+09:00,CMP-S01-L04-01,S01,S01-L04,1,running,168.0285,444.52,107.7297,37.4722,-0.4224,A,relation-reasoning-agent-eval-v3.1
2026-08-06T19:00:00+09:00,CMP-S01-L05-01,S01,S01-L05,1,running,175.8779,432.7702,98.3661,42.6795,0.2105,A,relation-reasoning-agent-eval-v3.1
2026-08-06T19:10:00+09:00,CMP-S01-L01-01,S01,S01-L01,1,running,185.7116,461.1355,99.3138,30.3294,-1.7596,B,relation-reasoning-agent-eval-v3.1
2026-08-06T19:10:00+09:00,CMP-S01-L02-01,S01,S01-L02,1,running,176.0636,485.1552,102.8837,41.1468,0.3831,A,relation-reasoning-agent-eval-v3.1
2026-08-06T19:10:00+09:00,CMP-S01-L03-01,S01,S01-L03,1,running,158.8708,423.5911,92.6947,35.7224,-0.8959,A,relation-reasoning-agent-eval-v3.1
2026-08-06T19:10:00+09:00,CMP-S01-L04-01,S01,S01-L04,1,running,179.7334,463.903,111.9313,32.489,-1.3452,B,relation-reasoning-agent-eval-v3.1
2026-08-06T19:10:00+09:00,CMP-S01-L05-01,S01,S01-L05,1,running,182.8038,446.0029,92.1536,39.621,-0.3559,A,relation-reasoning-agent-eval-v3.1
2026-08-06T19:20:00+09:00,CMP-S01-L01-01,S01,S01-L01,1,running,163.3483,455.5337,105.7744,26.5654,-2.4566,C,relation-reasoning-agent-eval-v3.1
2026-08-06T19:20:00+09:00,CMP-S01-L02-01,S01,S01-L02,1,running,175.3602,492.3357,100.57,49.0638,1.8492,B,relation-reasoning-agent-eval-v3.1
2026-08-06T19:20:00+09:00,CMP-S01-L03-01,S01,S01-L03,1,running,169.7011,407.9396,91.745,35.5003,-0.9371,A,relation-reasoning-agent-eval-v3.1
2026-08-06T19:20:00+09:00,CMP-S01-L04-01,S01,S01-L04,1,running,171.5743,425.8739,103.5675,37.1579,-0.4806,A,relation-reasoning-agent-eval-v3.1
2026-08-06T19:20:00+09:00,CMP-S01-L05-01,S01,S01-L05,1,running,186.0385,413.492,87.9904,41.5837,0.0076,A,relation-reasoning-agent-eval-v3.1
2026-08-06T19:30:00+09:00,CMP-S01-L01-01,S01,S01-L01,1,running,165.0977,474.6095,108.4468,34.9222,-0.9091,A,relation-reasoning-agent-eval-v3.1
2026-08-06T19:30:00+09:00,CMP-S01-L02-01,S01,S01-L02,1,running,159.8135,495.7549,98.4201,40.969,0.3501,A,relation-reasoning-agent-eval-v3.1
2026-08-06T19:30:00+09:00,CMP-S01-L03-01,S01,S01-L03,1,running,172.893,388.0298,87.0261,39.1758,-0.2564,A,relation-reasoning-agent-eval-v3.1
2026-08-06T19:30:00+09:00,CMP-S01-L04-01,S01,S01-L04,1,running,161.7175,399.6858,103.1671,38.1966,-0.2882,A,relation-reasoning-agent-eval-v3.1
2026-08-06T19:30:00+09:00,CMP-S01-L05-01,S01,S01-L05,1,running,198.5908,412.8246,88.2304,41.73,0.0347,A,relation-reasoning-agent-eval-v3.1
2026-08-06T19:40:00+09:00,CMP-S01-L01-01,S01,S01-L01,1,running,164.6256,461.093,111.5683,32.5331,-1.3515,B,relation-reasoning-agent-eval-v3.1
2026-08-06T19:40:00+09:00,CMP-S01-L02-01,S01,S01-L02,1,running,161.1415,455.1503,96.1195,44.5673,1.0165,B,relation-reasoning-agent-eval-v3.1
2026-08-06T19:40:00+09:00,CMP-S01-L03-01,S01,S01-L03,1,running,158.3422,437.4715,98.9007,34.5647,-1.1103,B,relation-reasoning-agent-eval-v3.1
2026-08-06T19:40:00+09:00,CMP-S01-L04-01,S01,S01-L04,1,running,155.51,415.1734,102.2535,40.7669,0.1877,A,relation-reasoning-agent-eval-v3.1
2026-08-06T19:40:00+09:00,CMP-S01-L05-01,S01,S01-L05,1,running,208.793,386.1666,89.8034,40.5501,-0.1838,A,relation-reasoning-agent-eval-v3.1
2026-08-06T19:50:00+09:00,CMP-S01-L01-01,S01,S01-L01,1,running,165.6391,463.3899,109.7118,34.1607,-1.0501,B,relation-reasoning-agent-eval-v3.1
2026-08-06T19:50:00+09:00,CMP-S01-L02-01,S01,S01-L02,1,running,161.955,432.5567,99.1896,48.7165,1.7849,B,relation-reasoning-agent-eval-v3.1
2026-08-06T19:50:00+09:00,CMP-S01-L03-01,S01,S01-L03,1,running,161.5878,368.4289,99.0853,40.0189,-0.1003,A,relation-reasoning-agent-eval-v3.1
2026-08-06T19:50:00+09:00,CMP-S01-L04-01,S01,S01-L04,1,running,170.716,427.0896,97.2815,39.9649,0.0392,A,relation-reasoning-agent-eval-v3.1
2026-08-06T19:50:00+09:00,CMP-S01-L05-01,S01,S01-L05,1,running,198.2509,373.3538,81.1933,40.991,-0.1022,A,relation-reasoning-agent-eval-v3.1
2026-08-06T20:00:00+09:00,CMP-S01-L01-01,S01,S01-L01,1,running,176.0506,529.7504,101.59,40.6801,0.1572,A,relation-reasoning-agent-eval-v3.1
2026-08-06T20:00:00+09:00,CMP-S01-L02-01,S01,S01-L02,1,running,172.2951,416.5824,100.7418,44.1294,0.9354,A,relation-reasoning-agent-eval-v3.1
2026-08-06T20:00:00+09:00,CMP-S01-L03-01,S01,S01-L03,1,running,161.403,389.0573,100.9843,36.563,-0.7403,A,relation-reasoning-agent-eval-v3.1
2026-08-06T20:00:00+09:00,CMP-S01-L04-01,S01,S01-L04,1,running,154.9792,471.7187,101.0511,37.8204,-0.3579,A,relation-reasoning-agent-eval-v3.1
2026-08-06T20:00:00+09:00,CMP-S01-L05-01,S01,S01-L05,1,running,196.2054,377.0475,86.92,45.8711,0.8016,A,relation-reasoning-agent-eval-v3.1
2026-08-06T20:10:00+09:00,CMP-S01-L01-01,S01,S01-L01,1,running,179.8413,497.3246,99.3638,43.5787,0.694,A,relation-reasoning-agent-eval-v3.1
2026-08-06T20:10:00+09:00,CMP-S01-L02-01,S01,S01-L02,1,running,179.1637,483.5172,106.46,40.7092,0.302,A,relation-reasoning-agent-eval-v3.1
2026-08-06T20:10:00+09:00,CMP-S01-L03-01,S01,S01-L03,1,running,161.8499,446.5917,102.2158,42.8641,0.4266,A,relation-reasoning-agent-eval-v3.1
2026-08-06T20:10:00+09:00,CMP-S01-L04-01,S01,S01-L04,1,running,152.9923,479.4093,103.92,37.3763,-0.4401,A,relation-reasoning-agent-eval-v3.1
2026-08-06T20:10:00+09:00,CMP-S01-L05-01,S01,S01-L05,1,running,192.6727,376.5507,85.3508,43.4846,0.3596,A,relation-reasoning-agent-eval-v3.1
2026-08-06T20:20:00+09:00,CMP-S01-L01-01,S01,S01-L01,1,running,178.9586,520.0017,99.6049,47.1797,1.3608,B,relation-reasoning-agent-eval-v3.1
2026-08-06T20:20:00+09:00,CMP-S01-L02-01,S01,S01-L02,1,running,177.5694,465.5199,104.6904,36.8933,-0.4046,A,relation-reasoning-agent-eval-v3.1
2026-08-06T20:20:00+09:00,CMP-S01-L03-01,S01,S01-L03,1,running,171.3853,415.1193,102.3309,41.9234,0.2524,A,relation-reasoning-agent-eval-v3.1
2026-08-06T20:20:00+09:00,CMP-S01-L04-01,S01,S01-L04,1,running,151.2371,525.9944,104.8342,31.266,-1.5717,B,relation-reasoning-agent-eval-v3.1
2026-08-06T20:20:00+09:00,CMP-S01-L05-01,S01,S01-L05,1,running,194.623,384.8322,86.8962,41.6338,0.0169,A,relation-reasoning-agent-eval-v3.1
2026-08-06T20:30:00+09:00,CMP-S01-L01-01,S01,S01-L01,1,running,178.2088,486.0676,96.1184,38.999,-0.1541,A,relation-reasoning-agent-eval-v3.1
2026-08-06T20:30:00+09:00,CMP-S01-L02-01,S01,S01-L02,1,running,176.5205,431.8642,107.4882,32.4334,-1.2305,B,relation-reasoning-agent-eval-v3.1
2026-08-06T20:30:00+09:00,CMP-S01-L03-01,S01,S01-L03,1,running,176.637,427.6674,97.785,38.9427,-0.2996,A,relation-reasoning-agent-eval-v3.1
2026-08-06T20:30:00+09:00,CMP-S01-L04-01,S01,S01-L04,1,running,149.1435,513.9628,103.9235,33.8627,-1.0908,B,relation-reasoning-agent-eval-v3.1
2026-08-06T20:30:00+09:00,CMP-S01-L05-01,S01,S01-L05,1,running,181.6155,386.3361,90.3984,40.6567,-0.1641,A,relation-reasoning-agent-eval-v3.1
2026-08-06T20:40:00+09:00,CMP-S01-L01-01,S01,S01-L01,1,running,175.6218,487.597,102.1412,35.7134,-0.7626,A,relation-reasoning-agent-eval-v3.1
2026-08-06T20:40:00+09:00,CMP-S01-L02-01,S01,S01-L02,1,running,175.4116,432.063,105.8126,32.8056,-1.1616,B,relation-reasoning-agent-eval-v3.1
2026-08-06T20:40:00+09:00,CMP-S01-L03-01,S01,S01-L03,1,running,173.9149,429.8139,101.0824,33.9919,-1.2164,B,relation-reasoning-agent-eval-v3.1
2026-08-06T20:40:00+09:00,CMP-S01-L04-01,S01,S01-L04,1,running,141.4193,479.6101,103.131,34.0492,-1.0563,B,relation-reasoning-agent-eval-v3.1
2026-08-06T20:40:00+09:00,CMP-S01-L05-01,S01,S01-L05,1,running,185.732,342.0523,97.2715,35.5371,-1.1121,B,relation-reasoning-agent-eval-v3.1
2026-08-06T20:50:00+09:00,CMP-S01-L01-01,S01,S01-L01,1,running,170.1752,506.2166,108.0866,37.452,-0.4406,A,relation-reasoning-agent-eval-v3.1
2026-08-06T20:50:00+09:00,CMP-S01-L02-01,S01,S01-L02,1,running,149.4529,438.3433,100.145,36.9083,-0.4019,A,relation-reasoning-agent-eval-v3.1
2026-08-06T20:50:00+09:00,CMP-S01-L03-01,S01,S01-L03,1,running,181.1034,425.0352,101.552,28.2688,-2.2762,C,relation-reasoning-agent-eval-v3.1
2026-08-06T20:50:00+09:00,CMP-S01-L04-01,S01,S01-L04,1,running,130.2218,473.3816,102.2405,29.2337,-1.948,B,relation-reasoning-agent-eval-v3.1
2026-08-06T20:50:00+09:00,CMP-S01-L05-01,S01,S01-L05,1,running,184.1233,354.063,106.5107,37.4442,-0.759,A,relation-reasoning-agent-eval-v3.1
2026-08-06T21:00:00+09:00,CMP-S01-L01-01,S01,S01-L01,1,running,180.6496,462.2664,108.0872,35.7468,-0.7564,A,relation-reasoning-agent-eval-v3.1
2026-08-06T21:00:00+09:00,CMP-S01-L02-01,S01,S01-L02,1,running,165.7648,470.1208,99.1281,37.4924,-0.2937,A,relation-reasoning-agent-eval-v3.1
2026-08-06T21:00:00+09:00,CMP-S01-L03-01,S01,S01-L03,1,running,177.8479,453.3227,104.8457,29.1915,-2.1054,C,relation-reasoning-agent-eval-v3.1
2026-08-06T21:00:00+09:00,CMP-S01-L04-01,S01,S01-L04,1,running,138.5964,462.4636,100.5526,34.3717,-0.9966,A,relation-reasoning-agent-eval-v3.1
2026-08-06T21:00:00+09:00,CMP-S01-L05-01,S01,S01-L05,1,running,174.4614,377.1196,99.8401,45.2389,0.6845,A,relation-reasoning-agent-eval-v3.1
2026-08-06T21:10:00+09:00,CMP-S01-L01-01,S01,S01-L01,1,running,187.1082,490.8052,110.9715,39.3504,-0.089,A,relation-reasoning-agent-eval-v3.1
2026-08-06T21:10:00+09:00,CMP-S01-L02-01,S01,S01-L02,1,running,169.1215,415.1123,99.916,41.2616,0.4043,A,relation-reasoning-agent-eval-v3.1
2026-08-06T21:10:00+09:00,CMP-S01-L03-01,S01,S01-L03,1,running,156.2467,477.0956,107.2628,36.2727,-0.794,A,relation-reasoning-agent-eval-v3.1
2026-08-06T21:10:00+09:00,CMP-S01-L04-01,S01,S01-L04,1,running,144.1576,464.0289,105.5753,35.4413,-0.7985,A,relation-reasoning-agent-eval-v3.1
2026-08-06T21:10:00+09:00,CMP-S01-L05-01,S01,S01-L05,1,running,194.0778,403.257,102.8506,43.8244,0.4225,A,relation-reasoning-agent-eval-v3.1
2026-08-06T21:20:00+09:00,CMP-S01-L01-01,S01,S01-L01,1,running,181.8173,490.1808,104.2795,37.1832,-0.4904,A,relation-reasoning-agent-eval-v3.1
2026-08-06T21:20:00+09:00,CMP-S01-L02-01,S01,S01-L02,1,running,166.5894,433.6643,96.2473,35.9242,-0.5841,A,relation-reasoning-agent-eval-v3.1
2026-08-06T21:20:00+09:00,CMP-S01-L03-01,S01,S01-L03,1,running,158.5802,453.8144,110.6072,36.7574,-0.7043,A,relation-reasoning-agent-eval-v3.1
2026-08-06T21:20:00+09:00,CMP-S01-L04-01,S01,S01-L04,1,running,144.8723,436.6632,105.3894,40.2921,0.0998,A,relation-reasoning-agent-eval-v3.1
2026-08-06T21:20:00+09:00,CMP-S01-L05-01,S01,S01-L05,1,running,193.034,424.6867,102.0228,46.4476,0.9083,A,relation-reasoning-agent-eval-v3.1
2026-08-06T21:30:00+09:00,CMP-S01-L01-01,S01,S01-L01,1,running,176.9197,417.6162,100.2697,43.564,0.6913,A,relation-reasoning-agent-eval-v3.1
2026-08-06T21:30:00+09:00,CMP-S01-L02-01,S01,S01-L02,1,running,170.3264,391.2092,92.0228,34.7972,-0.7928,A,relation-reasoning-agent-eval-v3.1
2026-08-06T21:30:00+09:00,CMP-S01-L03-01,S01,S01-L03,1,running,165.0121,459.5051,111.0788,38.451,-0.3906,A,relation-reasoning-agent-eval-v3.1
2026-08-06T21:30:00+09:00,CMP-S01-L04-01,S01,S01-L04,1,running,148.6262,417.4174,98.1608,38.5173,-0.2289,A,relation-reasoning-agent-eval-v3.1
2026-08-06T21:30:00+09:00,CMP-S01-L05-01,S01,S01-L05,1,running,190.5384,468.8497,97.5885,46.3488,0.89,A,relation-reasoning-agent-eval-v3.1
2026-08-06T21:40:00+09:00,CMP-S01-L01-01,S01,S01-L01,1,running,167.7072,462.1873,98.0984,45.4316,1.0371,B,relation-reasoning-agent-eval-v3.1
2026-08-06T21:40:00+09:00,CMP-S01-L02-01,S01,S01-L02,1,running,169.8628,418.1233,93.0767,36.4206,-0.4922,A,relation-reasoning-agent-eval-v3.1
2026-08-06T21:40:00+09:00,CMP-S01-L03-01,S01,S01-L03,1,running,151.23,484.5291,112.6187,36.323,-0.7847,A,relation-reasoning-agent-eval-v3.1
2026-08-06T21:40:00+09:00,CMP-S01-L04-01,S01,S01-L04,1,running,157.6754,411.6133,99.43,38.089,-0.3082,A,relation-reasoning-agent-eval-v3.1
2026-08-06T21:40:00+09:00,CMP-S01-L05-01,S01,S01-L05,1,running,185.993,413.8081,98.9963,54.8133,2.4575,C,relation-reasoning-agent-eval-v3.1
2026-08-06T21:50:00+09:00,CMP-S01-L01-01,S01,S01-L01,1,running,161.354,412.6824,98.115,41.9724,0.3965,A,relation-reasoning-agent-eval-v3.1
2026-08-06T21:50:00+09:00,CMP-S01-L02-01,S01,S01-L02,1,running,173.3105,429.8088,95.4496,36.2886,-0.5166,A,relation-reasoning-agent-eval-v3.1
2026-08-06T21:50:00+09:00,CMP-S01-L03-01,S01,S01-L03,1,running,155.9869,450.3282,109.4583,40.9458,0.0714,A,relation-reasoning-agent-eval-v3.1
2026-08-06T21:50:00+09:00,CMP-S01-L04-01,S01,S01-L04,1,running,167.9332,464.4468,98.3325,35.071,-0.8671,A,relation-reasoning-agent-eval-v3.1
2026-08-06T21:50:00+09:00,CMP-S01-L05-01,S01,S01-L05,1,running,191.809,435.2187,94.4476,52.8812,2.0997,C,relation-reasoning-agent-eval-v3.1
2026-08-06T22:00:00+09:00,CMP-S01-L01-01,S01,S01-L01,1,running,177.0874,420.7873,94.1875,45.2263,0.9991,A,relation-reasoning-agent-eval-v3.1
2026-08-06T22:00:00+09:00,CMP-S01-L02-01,S01,S01-L02,1,running,180.1707,441.9056,98.8909,35.436,-0.6745,A,relation-reasoning-agent-eval-v3.1
2026-08-06T22:00:00+09:00,CMP-S01-L03-01,S01,S01-L03,1,running,167.2881,467.9766,105.2262,38.6775,-0.3487,A,relation-reasoning-agent-eval-v3.1
2026-08-06T22:00:00+09:00,CMP-S01-L04-01,S01,S01-L04,1,running,159.9684,477.1216,94.4874,34.2362,-1.0216,B,relation-reasoning-agent-eval-v3.1
2026-08-06T22:00:00+09:00,CMP-S01-L05-01,S01,S01-L05,1,running,184.1803,443.9356,99.1991,52.5237,2.0335,C,relation-reasoning-agent-eval-v3.1
2026-08-06T22:10:00+09:00,CMP-S01-L01-01,S01,S01-L01,1,running,164.0874,455.1123,97.0137,42.3812,0.4722,A,relation-reasoning-agent-eval-v3.1
2026-08-06T22:10:00+09:00,CMP-S01-L02-01,S01,S01-L02,1,running,186.4156,440.0649,99.3137,44.6258,1.0273,B,relation-reasoning-agent-eval-v3.1
2026-08-06T22:10:00+09:00,CMP-S01-L03-01,S01,S01-L03,1,running,151.5486,482.4239,104.8426,30.4517,-1.872,B,relation-reasoning-agent-eval-v3.1
2026-08-06T22:10:00+09:00,CMP-S01-L04-01,S01,S01-L04,1,running,174.8735,447.6106,102.2827,34.3713,-0.9966,A,relation-reasoning-agent-eval-v3.1
2026-08-06T22:10:00+09:00,CMP-S01-L05-01,S01,S01-L05,1,running,181.5424,389.8793,102.8218,49.6407,1.4996,B,relation-reasoning-agent-eval-v3.1
2026-08-06T22:20:00+09:00,CMP-S01-L01-01,S01,S01-L01,1,running,170.1252,455.7349,93.733,38.225,-0.2974,A,relation-reasoning-agent-eval-v3.1
2026-08-06T22:20:00+09:00,CMP-S01-L02-01,S01,S01-L02,1,running,198.3375,515.6695,98.5747,42.1936,0.5769,A,relation-reasoning-agent-eval-v3.1
2026-08-06T22:20:00+09:00,CMP-S01-L03-01,S01,S01-L03,1,running,151.1385,540.7537,104.3016,35.5565,-0.9267,A,relation-reasoning-agent-eval-v3.1
2026-08-06T22:20:00+09:00,CMP-S01-L04-01,S01,S01-L04,1,running,161.322,418.5725,103.6665,38.6307,-0.2078,A,relation-reasoning-agent-eval-v3.1
2026-08-06T22:20:00+09:00,CMP-S01-L05-01,S01,S01-L05,1,running,189.682,366.5137,95.8204,46.7572,0.9657,A,relation-reasoning-agent-eval-v3.1
2026-08-06T22:30:00+09:00,CMP-S01-L01-01,S01,S01-L01,1,running,192.2733,403.9296,91.9411,43.5426,0.6873,A,relation-reasoning-agent-eval-v3.1
2026-08-06T22:30:00+09:00,CMP-S01-L02-01,S01,S01-L02,1,running,192.5678,463.7801,102.3605,37.3652,-0.3172,A,relation-reasoning-agent-eval-v3.1
2026-08-06T22:30:00+09:00,CMP-S01-L03-01,S01,S01-L03,1,running,175.0226,576.8747,108.203,35.9944,-0.8456,A,relation-reasoning-agent-eval-v3.1
2026-08-06T22:30:00+09:00,CMP-S01-L04-01,S01,S01-L04,1,running,165.2959,407.9325,99.0195,37.8988,-0.3434,A,relation-reasoning-agent-eval-v3.1
2026-08-06T22:30:00+09:00,CMP-S01-L05-01,S01,S01-L05,1,running,167.2592,380.5699,101.1207,52.1615,1.9665,B,relation-reasoning-agent-eval-v3.1
2026-08-06T22:40:00+09:00,CMP-S01-L01-01,S01,S01-L01,1,running,174.0283,426.3387,89.1826,42.4046,0.4765,A,relation-reasoning-agent-eval-v3.1
2026-08-06T22:40:00+09:00,CMP-S01-L02-01,S01,S01-L02,1,running,201.1868,393.2779,103.8353,42.164,0.5714,A,relation-reasoning-agent-eval-v3.1
2026-08-06T22:40:00+09:00,CMP-S01-L03-01,S01,S01-L03,1,running,170.8173,521.1065,110.8548,34.8233,-1.0624,B,relation-reasoning-agent-eval-v3.1
2026-08-06T22:40:00+09:00,CMP-S01-L04-01,S01,S01-L04,1,running,170.1702,447.6979,99.6813,39.2718,-0.0891,A,relation-reasoning-agent-eval-v3.1
2026-08-06T22:40:00+09:00,CMP-S01-L05-01,S01,S01-L05,1,running,149.4352,373.776,95.9528,46.2187,0.8659,A,relation-reasoning-agent-eval-v3.1
2026-08-06T22:50:00+09:00,CMP-S01-L01-01,S01,S01-L01,1,running,186.6368,479.9504,93.2918,43.0515,0.5963,A,relation-reasoning-agent-eval-v3.1
2026-08-06T22:50:00+09:00,CMP-S01-L02-01,S01,S01-L02,1,running,185.9118,433.1228,100.2899,39.6374,0.1035,A,relation-reasoning-agent-eval-v3.1
2026-08-06T22:50:00+09:00,CMP-S01-L03-01,S01,S01-L03,1,running,165.196,489.5603,104.5751,34.6268,-1.0988,B,relation-reasoning-agent-eval-v3.1
2026-08-06T22:50:00+09:00,CMP-S01-L04-01,S01,S01-L04,1,running,206.9845,437.9198,108.385,47.1177,1.3638,B,relation-reasoning-agent-eval-v3.1
2026-08-06T22:50:00+09:00,CMP-S01-L05-01,S01,S01-L05,1,running,168.6592,362.473,94.9907,44.6451,0.5745,A,relation-reasoning-agent-eval-v3.1
2026-08-06T23:00:00+09:00,CMP-S01-L01-01,S01,S01-L01,1,running,186.8756,453.9118,97.1031,43.9639,0.7653,A,relation-reasoning-agent-eval-v3.1
2026-08-06T23:00:00+09:00,CMP-S01-L02-01,S01,S01-L02,1,running,178.9258,411.7711,102.6958,39.0644,-0.0026,A,relation-reasoning-agent-eval-v3.1
2026-08-06T23:00:00+09:00,CMP-S01-L03-01,S01,S01-L03,1,running,149.0715,478.1745,105.241,33.0771,-1.3858,B,relation-reasoning-agent-eval-v3.1
2026-08-06T23:00:00+09:00,CMP-S01-L04-01,S01,S01-L04,1,running,177.6236,461.5295,105.1176,52.1457,2.2949,C,relation-reasoning-agent-eval-v3.1
2026-08-06T23:00:00+09:00,CMP-S01-L05-01,S01,S01-L05,1,running,160.4337,398.3018,105.0643,49.3518,1.4461,B,relation-reasoning-agent-eval-v3.1
2026-08-06T23:10:00+09:00,CMP-S01-L01-01,S01,S01-L01,1,running,185.3609,479.8259,95.5718,44.0037,0.7727,A,relation-reasoning-agent-eval-v3.1
2026-08-06T23:10:00+09:00,CMP-S01-L02-01,S01,S01-L02,1,running,172.6579,444.1302,97.4356,48.4213,1.7302,B,relation-reasoning-agent-eval-v3.1
2026-08-06T23:10:00+09:00,CMP-S01-L03-01,S01,S01-L03,1,running,158.5326,477.3654,106.0601,35.6171,-0.9154,A,relation-reasoning-agent-eval-v3.1
2026-08-06T23:10:00+09:00,CMP-S01-L04-01,S01,S01-L04,1,running,172.5952,462.1989,111.1012,45.0304,0.9773,A,relation-reasoning-agent-eval-v3.1
2026-08-06T23:10:00+09:00,CMP-S01-L05-01,S01,S01-L05,1,running,161.8372,422.0887,102.9656,50.8487,1.7233,B,relation-reasoning-agent-eval-v3.1
2026-08-06T23:20:00+09:00,CMP-S01-L01-01,S01,S01-L01,1,running,171.9775,441.6505,91.765,42.8365,0.5565,A,relation-reasoning-agent-eval-v3.1
2026-08-06T23:20:00+09:00,CMP-S01-L02-01,S01,S01-L02,1,running,186.3624,432.8435,104.9334,46.8203,1.4337,B,relation-reasoning-agent-eval-v3.1
2026-08-06T23:20:00+09:00,CMP-S01-L03-01,S01,S01-L03,1,running,158.9429,506.5333,105.2599,35.884,-0.866,A,relation-reasoning-agent-eval-v3.1
2026-08-06T23:20:00+09:00,CMP-S01-L04-01,S01,S01-L04,1,running,152.6436,473.6219,117.8559,46.2902,1.2106,B,relation-reasoning-agent-eval-v3.1
2026-08-06T23:20:00+09:00,CMP-S01-L05-01,S01,S01-L05,1,running,150.4606,432.4729,96.6799,48.805,1.3449,B,relation-reasoning-agent-eval-v3.1
2026-08-06T23:30:00+09:00,CMP-S01-L01-01,S01,S01-L01,1,running,179.0857,470.4327,100.8477,41.1985,0.2532,A,relation-reasoning-agent-eval-v3.1
2026-08-06T23:30:00+09:00,CMP-S01-L02-01,S01,S01-L02,1,running,176.6005,393.2152,100.0869,46.8447,1.4382,B,relation-reasoning-agent-eval-v3.1
2026-08-06T23:30:00+09:00,CMP-S01-L03-01,S01,S01-L03,1,running,163.0374,498.95,108.401,41.6358,0.1991,A,relation-reasoning-agent-eval-v3.1
2026-08-06T23:30:00+09:00,CMP-S01-L04-01,S01,S01-L04,1,running,152.8459,467.2251,121.721,40.0304,0.0513,A,relation-reasoning-agent-eval-v3.1
2026-08-06T23:30:00+09:00,CMP-S01-L05-01,S01,S01-L05,1,running,157.0179,452.4017,91.6622,46.5819,0.9332,A,relation-reasoning-agent-eval-v3.1
2026-08-06T23:40:00+09:00,CMP-S01-L01-01,S01,S01-L01,1,running,174.4292,512.4378,103.0592,39.4399,-0.0725,A,relation-reasoning-agent-eval-v3.1
2026-08-06T23:40:00+09:00,CMP-S01-L02-01,S01,S01-L02,1,running,182.3536,372.0383,104.6418,50.0283,2.0278,C,relation-reasoning-agent-eval-v3.1
2026-08-06T23:40:00+09:00,CMP-S01-L03-01,S01,S01-L03,1,running,184.3286,501.0019,107.4986,38.0719,-0.4608,A,relation-reasoning-agent-eval-v3.1
2026-08-06T23:40:00+09:00,CMP-S01-L04-01,S01,S01-L04,1,running,171.3098,454.534,120.3773,41.6473,0.3507,A,relation-reasoning-agent-eval-v3.1
2026-08-06T23:40:00+09:00,CMP-S01-L05-01,S01,S01-L05,1,running,164.4562,459.0503,95.8486,42.7155,0.2172,A,relation-reasoning-agent-eval-v3.1
2026-08-06T23:50:00+09:00,CMP-S01-L01-01,S01,S01-L01,1,running,178.8483,544.9879,108.1283,42.8625,0.5613,A,relation-reasoning-agent-eval-v3.1
2026-08-06T23:50:00+09:00,CMP-S01-L02-01,S01,S01-L02,1,running,169.8972,414.4317,101.3721,46.7574,1.4221,B,relation-reasoning-agent-eval-v3.1
2026-08-06T23:50:00+09:00,CMP-S01-L03-01,S01,S01-L03,1,running,179.9436,482.6357,108.4241,40.9173,0.0661,A,relation-reasoning-agent-eval-v3.1
2026-08-06T23:50:00+09:00,CMP-S01-L04-01,S01,S01-L04,1,running,177.9537,502.163,117.5178,43.5768,0.7081,A,relation-reasoning-agent-eval-v3.1
2026-08-06T23:50:00+09:00,CMP-S01-L05-01,S01,S01-L05,1,running,170.4484,453.1548,95.9062,42.2931,0.139,A,relation-reasoning-agent-eval-v3.1
2026-08-07T00:00:00+09:00,CMP-S01-L01-01,S01,S01-L01,1,running,185.149,514.2112,105.7431,43.1128,0.6077,A,relation-reasoning-agent-eval-v3.1
2026-08-07T00:00:00+09:00,CMP-S01-L02-01,S01,S01-L02,1,running,178.4123,412.505,100.8504,43.5412,0.8265,A,relation-reasoning-agent-eval-v3.1
2026-08-07T00:00:00+09:00,CMP-S01-L03-01,S01,S01-L03,1,running,169.486,495.7798,99.4766,41.9591,0.259,A,relation-reasoning-agent-eval-v3.1
2026-08-07T00:00:00+09:00,CMP-S01-L04-01,S01,S01-L04,1,running,162.4459,446.3498,114.8785,42.6891,0.5437,A,relation-reasoning-agent-eval-v3.1
2026-08-07T00:00:00+09:00,CMP-S01-L05-01,S01,S01-L05,1,running,170.4692,420.9232,93.9811,39.1336,-0.4461,A,relation-reasoning-agent-eval-v3.1
2026-08-07T00:10:00+09:00,CMP-S01-L01-01,S01,S01-L01,1,running,172.1482,462.3987,91.7266,45.4838,1.0468,B,relation-reasoning-agent-eval-v3.1
2026-08-07T00:10:00+09:00,CMP-S01-L02-01,S01,S01-L02,1,running,179.6128,363.8665,103.338,39.8942,0.1511,A,relation-reasoning-agent-eval-v3.1
2026-08-07T00:10:00+09:00,CMP-S01-L03-01,S01,S01-L03,1,running,179.8707,506.3048,98.6872,42.6171,0.3809,A,relation-reasoning-agent-eval-v3.1
2026-08-07T00:10:00+09:00,CMP-S01-L04-01,S01,S01-L04,1,running,154.107,449.1299,111.8834,43.105,0.6208,A,relation-reasoning-agent-eval-v3.1
2026-08-07T00:10:00+09:00,CMP-S01-L05-01,S01,S01-L05,1,running,170.4491,422.5663,91.6945,42.2887,0.1382,A,relation-reasoning-agent-eval-v3.1
2026-08-07T00:20:00+09:00,CMP-S01-L01-01,S01,S01-L01,1,running,178.8656,521.0084,89.4496,46.3593,1.2089,B,relation-reasoning-agent-eval-v3.1
2026-08-07T00:20:00+09:00,CMP-S01-L02-01,S01,S01-L02,1,running,178.6955,372.0384,105.8962,37.6228,-0.2695,A,relation-reasoning-agent-eval-v3.1
2026-08-07T00:20:00+09:00,CMP-S01-L03-01,S01,S01-L03,1,running,195.7426,469.961,103.305,46.0762,1.0214,B,relation-reasoning-agent-eval-v3.1
2026-08-07T00:20:00+09:00,CMP-S01-L04-01,S01,S01-L04,1,running,163.3442,477.3065,102.8709,44.4246,0.8651,A,relation-reasoning-agent-eval-v3.1
2026-08-07T00:20:00+09:00,CMP-S01-L05-01,S01,S01-L05,1,running,165.4833,426.3602,88.2007,45.4274,0.7194,A,relation-reasoning-agent-eval-v3.1
2026-08-07T00:30:00+09:00,CMP-S01-L01-01,S01,S01-L01,1,running,164.1247,499.2495,94.8654,43.2123,0.6261,A,relation-reasoning-agent-eval-v3.1
2026-08-07T00:30:00+09:00,CMP-S01-L02-01,S01,S01-L02,1,running,174.4168,376.4091,103.8501,43.9525,0.9026,A,relation-reasoning-agent-eval-v3.1
2026-08-07T00:30:00+09:00,CMP-S01-L03-01,S01,S01-L03,1,running,168.5516,471.8657,104.3435,43.9032,0.619,A,relation-reasoning-agent-eval-v3.1
2026-08-07T00:30:00+09:00,CMP-S01-L04-01,S01,S01-L04,1,running,170.1873,497.7381,99.1826,45.1933,1.0075,B,relation-reasoning-agent-eval-v3.1
2026-08-07T00:30:00+09:00,CMP-S01-L05-01,S01,S01-L05,1,running,156.716,448.9935,91.702,44.1567,0.4841,A,relation-reasoning-agent-eval-v3.1
2026-08-07T00:40:00+09:00,CMP-S01-L01-01,S01,S01-L01,1,running,150.397,479.0917,99.0651,41.1948,0.2525,A,relation-reasoning-agent-eval-v3.1
2026-08-07T00:40:00+09:00,CMP-S01-L02-01,S01,S01-L02,1,running,175.7613,382.9709,102.8146,49.6684,1.9611,B,relation-reasoning-agent-eval-v3.1
2026-08-07T00:40:00+09:00,CMP-S01-L03-01,S01,S01-L03,1,running,165.0619,446.1152,108.742,43.237,0.4957,A,relation-reasoning-agent-eval-v3.1
2026-08-07T00:40:00+09:00,CMP-S01-L04-01,S01,S01-L04,1,running,167.0771,507.8629,101.6783,41.2428,0.2759,A,relation-reasoning-agent-eval-v3.1
2026-08-07T00:40:00+09:00,CMP-S01-L05-01,S01,S01-L05,1,running,161.0075,428.4203,93.2786,42.3843,0.1559,A,relation-reasoning-agent-eval-v3.1
2026-08-07T00:50:00+09:00,CMP-S01-L01-01,S01,S01-L01,1,running,147.1466,489.616,93.3953,49.1416,1.7241,B,relation-reasoning-agent-eval-v3.1
2026-08-07T00:50:00+09:00,CMP-S01-L02-01,S01,S01-L02,1,running,178.7399,386.0628,103.8486,46.5509,1.3838,B,relation-reasoning-agent-eval-v3.1
2026-08-07T00:50:00+09:00,CMP-S01-L03-01,S01,S01-L03,1,running,178.796,426.8018,111.7924,41.9921,0.2651,A,relation-reasoning-agent-eval-v3.1
2026-08-07T00:50:00+09:00,CMP-S01-L04-01,S01,S01-L04,1,running,168.3788,452.3967,101.3823,45.9347,1.1447,B,relation-reasoning-agent-eval-v3.1
2026-08-07T00:50:00+09:00,CMP-S01-L05-01,S01,S01-L05,1,running,162.2756,449.0856,97.7834,45.4715,0.7276,A,relation-reasoning-agent-eval-v3.1
2026-08-07T01:00:00+09:00,CMP-S01-L01-01,S01,S01-L01,1,running,173.2524,526.8153,101.0608,45.2095,0.996,A,relation-reasoning-agent-eval-v3.1
2026-08-07T01:00:00+09:00,CMP-S01-L02-01,S01,S01-L02,1,running,184.327,402.578,106.1963,43.2367,0.7701,A,relation-reasoning-agent-eval-v3.1
2026-08-07T01:00:00+09:00,CMP-S01-L03-01,S01,S01-L03,1,running,176.9203,408.7938,108.6124,43.8962,0.6177,A,relation-reasoning-agent-eval-v3.1
2026-08-07T01:00:00+09:00,CMP-S01-L04-01,S01,S01-L04,1,running,183.2879,495.0166,97.5793,49.2679,1.762,B,relation-reasoning-agent-eval-v3.1
2026-08-07T01:00:00+09:00,CMP-S01-L05-01,S01,S01-L05,1,running,171.7762,392.6945,105.3068,41.3406,-0.0374,A,relation-reasoning-agent-eval-v3.1
2026-08-07T01:10:00+09:00,CMP-S01-L01-01,S01,S01-L01,1,running,181.3803,529.6333,94.2333,46.2082,1.1809,B,relation-reasoning-agent-eval-v3.1
2026-08-07T01:10:00+09:00,CMP-S01-L02-01,S01,S01-L02,1,running,181.2646,424.9719,108.4064,50.4516,2.1062,C,relation-reasoning-agent-eval-v3.1
2026-08-07T01:10:00+09:00,CMP-S01-L03-01,S01,S01-L03,1,running,175.7517,390.0362,105.4956,42.4004,0.3407,A,relation-reasoning-agent-eval-v3.1
2026-08-07T01:10:00+09:00,CMP-S01-L04-01,S01,S01-L04,1,running,172.231,550.36,105.5084,43.8914,0.7664,A,relation-reasoning-agent-eval-v3.1
2026-08-07T01:10:00+09:00,CMP-S01-L05-01,S01,S01-L05,1,running,166.7752,398.5476,99.4427,42.4889,0.1752,A,relation-reasoning-agent-eval-v3.1
2026-08-07T01:20:00+09:00,CMP-S01-L01-01,S01,S01-L01,1,running,190.5677,510.5718,95.1743,37.0133,-0.5218,A,relation-reasoning-agent-eval-v3.1
2026-08-07T01:20:00+09:00,CMP-S01-L02-01,S01,S01-L02,1,running,183.4132,440.743,113.4665,54.3211,2.8227,C,relation-reasoning-agent-eval-v3.1
2026-08-07T01:20:00+09:00,CMP-S01-L03-01,S01,S01-L03,1,running,199.2504,355.2753,107.8197,50.6486,1.8682,B,relation-reasoning-agent-eval-v3.1
2026-08-07T01:20:00+09:00,CMP-S01-L04-01,S01,S01-L04,1,running,167.3803,520.429,99.3732,44.2876,0.8398,A,relation-reasoning-agent-eval-v3.1
2026-08-07T01:20:00+09:00,CMP-S01-L05-01,S01,S01-L05,1,running,196.5603,418.3034,97.5386,46.5805,0.9329,A,relation-reasoning-agent-eval-v3.1
2026-08-07T01:30:00+09:00,CMP-S01-L01-01,S01,S01-L01,1,running,171.0575,496.0015,100.0807,38.3121,-0.2813,A,relation-reasoning-agent-eval-v3.1
2026-08-07T01:30:00+09:00,CMP-S01-L02-01,S01,S01-L02,1,running,179.379,415.2606,103.1616,44.8832,1.075,B,relation-reasoning-agent-eval-v3.1
2026-08-07T01:30:00+09:00,CMP-S01-L03-01,S01,S01-L03,1,running,220.0239,428.2087,107.0012,45.1583,0.8515,A,relation-reasoning-agent-eval-v3.1
2026-08-07T01:30:00+09:00,CMP-S01-L04-01,S01,S01-L04,1,running,181.7829,496.0501,102.8624,47.2435,1.3871,B,relation-reasoning-agent-eval-v3.1
2026-08-07T01:30:00+09:00,CMP-S01-L05-01,S01,S01-L05,1,running,202.8285,408.1983,100.7991,41.007,-0.0992,A,relation-reasoning-agent-eval-v3.1
2026-08-07T01:40:00+09:00,CMP-S01-L01-01,S01,S01-L01,1,running,163.64,434.4611,102.6199,37.3612,-0.4574,A,relation-reasoning-agent-eval-v3.1
2026-08-07T01:40:00+09:00,CMP-S01-L02-01,S01,S01-L02,1,running,183.2657,436.3144,105.711,41.4233,0.4343,A,relation-reasoning-agent-eval-v3.1
2026-08-07T01:40:00+09:00,CMP-S01-L03-01,S01,S01-L03,1,running,196.8153,478.6284,106.6535,41.2642,0.1303,A,relation-reasoning-agent-eval-v3.1
2026-08-07T01:40:00+09:00,CMP-S01-L04-01,S01,S01-L04,1,running,182.1171,502.1229,99.7503,35.5777,-0.7732,A,relation-reasoning-agent-eval-v3.1
2026-08-07T01:40:00+09:00,CMP-S01-L05-01,S01,S01-L05,1,running,198.8982,395.4067,97.1633,43.6726,0.3944,A,relation-reasoning-agent-eval-v3.1
2026-08-07T01:50:00+09:00,CMP-S01-L01-01,S01,S01-L01,1,running,180.0719,472.5919,106.4749,41.7824,0.3613,A,relation-reasoning-agent-eval-v3.1
2026-08-07T01:50:00+09:00,CMP-S01-L02-01,S01,S01-L02,1,running,178.2785,413.2847,104.7267,45.4449,1.179,B,relation-reasoning-agent-eval-v3.1
2026-08-07T01:50:00+09:00,CMP-S01-L03-01,S01,S01-L03,1,running,192.2043,482.65,103.5485,37.5654,-0.5546,A,relation-reasoning-agent-eval-v3.1
2026-08-07T01:50:00+09:00,CMP-S01-L04-01,S01,S01-L04,1,running,160.4455,509.262,96.5624,32.255,-1.3886,B,relation-reasoning-agent-eval-v3.1
2026-08-07T01:50:00+09:00,CMP-S01-L05-01,S01,S01-L05,1,running,174.9744,362.3955,93.8545,46.1774,0.8583,A,relation-reasoning-agent-eval-v3.1
2026-08-07T02:00:00+09:00,CMP-S01-L01-01,S01,S01-L01,1,running,181.3407,489.0007,103.2289,36.4754,-0.6215,A,relation-reasoning-agent-eval-v3.1
2026-08-07T02:00:00+09:00,CMP-S01-L02-01,S01,S01-L02,1,running,189.2432,428.5254,100.9139,40.8281,0.324,A,relation-reasoning-agent-eval-v3.1
2026-08-07T02:00:00+09:00,CMP-S01-L03-01,S01,S01-L03,1,running,173.5843,507.6371,110.8041,34.667,-1.0914,B,relation-reasoning-agent-eval-v3.1
2026-08-07T02:00:00+09:00,CMP-S01-L04-01,S01,S01-L04,1,running,151.436,511.249,100.3448,34.3586,-0.9989,A,relation-reasoning-agent-eval-v3.1
2026-08-07T02:00:00+09:00,CMP-S01-L05-01,S01,S01-L05,1,running,182.0767,355.3084,92.088,50.499,1.6586,B,relation-reasoning-agent-eval-v3.1
2026-08-07T02:10:00+09:00,CMP-S01-L01-01,S01,S01-L01,1,running,184.757,501.8177,101.7366,32.4738,-1.3625,B,relation-reasoning-agent-eval-v3.1
2026-08-07T02:10:00+09:00,CMP-S01-L02-01,S01,S01-L02,1,running,172.1026,451.4999,106.4315,45.4499,1.1799,B,relation-reasoning-agent-eval-v3.1
2026-08-07T02:10:00+09:00,CMP-S01-L03-01,S01,S01-L03,1,running,167.3671,472.6871,107.7889,35.1687,-0.9985,A,relation-reasoning-agent-eval-v3.1
2026-08-07T02:10:00+09:00,CMP-S01-L04-01,S01,S01-L04,1,running,141.3114,471.907,109.2259,31.589,-1.5118,B,relation-reasoning-agent-eval-v3.1
2026-08-07T02:10:00+09:00,CMP-S01-L05-01,S01,S01-L05,1,running,179.1072,385.5349,86.7787,42.0956,0.1024,A,relation-reasoning-agent-eval-v3.1
2026-08-07T02:20:00+09:00,CMP-S01-L01-01,S01,S01-L01,1,running,197.4428,469.0952,109.3528,34.027,-1.0749,B,relation-reasoning-agent-eval-v3.1
2026-08-07T02:20:00+09:00,CMP-S01-L02-01,S01,S01-L02,1,running,183.0678,509.4917,100.1144,49.3582,1.9037,B,relation-reasoning-agent-eval-v3.1
2026-08-07T02:20:00+09:00,CMP-S01-L03-01,S01,S01-L03,1,running,153.737,457.9217,106.7098,35.9324,-0.857,A,relation-reasoning-agent-eval-v3.1
2026-08-07T02:20:00+09:00,CMP-S01-L04-01,S01,S01-L04,1,running,148.7554,484.045,106.5618,32.5777,-1.3288,B,relation-reasoning-agent-eval-v3.1
2026-08-07T02:20:00+09:00,CMP-S01-L05-01,S01,S01-L05,1,running,186.2415,397.3027,90.0328,40.5179,-0.1898,A,relation-reasoning-agent-eval-v3.1
2026-08-07T02:30:00+09:00,CMP-S01-L01-01,S01,S01-L01,1,running,192.9718,490.6755,114.4101,35.085,-0.8789,A,relation-reasoning-agent-eval-v3.1
2026-08-07T02:30:00+09:00,CMP-S01-L02-01,S01,S01-L02,1,running,172.7494,476.7141,98.9374,48.8842,1.8159,B,relation-reasoning-agent-eval-v3.1
2026-08-07T02:30:00+09:00,CMP-S01-L03-01,S01,S01-L03,1,running,161.3984,489.2218,103.5756,35.0402,-1.0223,B,relation-reasoning-agent-eval-v3.1
2026-08-07T02:30:00+09:00,CMP-S01-L04-01,S01,S01-L04,1,running,145.1153,469.7763,111.8753,36.0354,-0.6885,A,relation-reasoning-agent-eval-v3.1
2026-08-07T02:30:00+09:00,CMP-S01-L05-01,S01,S01-L05,1,running,169.4933,425.1118,94.4906,38.4723,-0.5686,A,relation-reasoning-agent-eval-v3.1
2026-08-07T02:40:00+09:00,CMP-S01-L01-01,S01,S01-L01,1,running,181.9622,493.9475,106.835,26.2306,-2.5186,C,relation-reasoning-agent-eval-v3.1
2026-08-07T02:40:00+09:00,CMP-S01-L02-01,S01,S01-L02,1,running,177.6049,442.6426,97.9751,54.3082,2.8204,C,relation-reasoning-agent-eval-v3.1
2026-08-07T02:40:00+09:00,CMP-S01-L03-01,S01,S01-L03,1,running,151.7279,504.5847,103.8914,38.3774,-0.4043,A,relation-reasoning-agent-eval-v3.1
2026-08-07T02:40:00+09:00,CMP-S01-L04-01,S01,S01-L04,1,running,151.2796,437.8679,112.0034,34.9188,-0.8952,A,relation-reasoning-agent-eval-v3.1
2026-08-07T02:40:00+09:00,CMP-S01-L05-01,S01,S01-L05,1,running,163.8815,440.5868,100.3213,40.8821,-0.1223,A,relation-reasoning-agent-eval-v3.1
2026-08-07T02:50:00+09:00,CMP-S01-L01-01,S01,S01-L01,1,running,155.4196,452.1223,102.0124,33.5477,-1.1636,B,relation-reasoning-agent-eval-v3.1
2026-08-07T02:50:00+09:00,CMP-S01-L02-01,S01,S01-L02,1,running,186.6831,440.3772,93.234,46.7387,1.4186,B,relation-reasoning-agent-eval-v3.1
2026-08-07T02:50:00+09:00,CMP-S01-L03-01,S01,S01-L03,1,running,165.5533,481.9409,102.1616,37.662,-0.5367,A,relation-reasoning-agent-eval-v3.1
2026-08-07T02:50:00+09:00,CMP-S01-L04-01,S01,S01-L04,1,running,163.6221,467.384,99.9881,43.4249,0.68,A,relation-reasoning-agent-eval-v3.1
2026-08-07T02:50:00+09:00,CMP-S01-L05-01,S01,S01-L05,1,running,154.9452,458.5803,98.5023,40.5987,-0.1748,A,relation-reasoning-agent-eval-v3.1
2026-08-07T03:00:00+09:00,CMP-S01-L01-01,S01,S01-L01,1,running,134.2739,445.5239,91.1228,33.4918,-1.174,B,relation-reasoning-agent-eval-v3.1
2026-08-07T03:00:00+09:00,CMP-S01-L02-01,S01,S01-L02,1,running,183.713,380.4779,106.5997,42.0645,0.553,A,relation-reasoning-agent-eval-v3.1
2026-08-07T03:00:00+09:00,CMP-S01-L03-01,S01,S01-L03,1,running,159.8636,531.3825,105.8095,31.4622,-1.6849,B,relation-reasoning-agent-eval-v3.1
2026-08-07T03:00:00+09:00,CMP-S01-L04-01,S01,S01-L04,1,running,171.6265,449.441,109.2961,43.6279,0.7176,A,relation-reasoning-agent-eval-v3.1
2026-08-07T03:00:00+09:00,CMP-S01-L05-01,S01,S01-L05,1,running,151.1961,423.8489,95.4563,36.9741,-0.846,A,relation-reasoning-agent-eval-v3.1
2026-08-07T03:10:00+09:00,CMP-S01-L01-01,S01,S01-L01,1,running,145.069,441.091,92.297,33.8368,-1.1101,B,relation-reasoning-agent-eval-v3.1
2026-08-07T03:10:00+09:00,CMP-S01-L02-01,S01,S01-L02,1,running,189.9073,387.7702,106.0069,38.275,-0.1488,A,relation-reasoning-agent-eval-v3.1
2026-08-07T03:10:00+09:00,CMP-S01-L03-01,S01,S01-L03,1,running,161.066,527.4959,101.3727,34.7019,-1.0849,B,relation-reasoning-agent-eval-v3.1
2026-08-07T03:10:00+09:00,CMP-S01-L04-01,S01,S01-L04,1,running,159.1473,466.9834,110.8914,51.0638,2.0946,C,relation-reasoning-agent-eval-v3.1
2026-08-07T03:10:00+09:00,CMP-S01-L05-01,S01,S01-L05,1,running,165.2676,420.8838,89.8891,35.9715,-1.0317,B,relation-reasoning-agent-eval-v3.1
2026-08-07T03:20:00+09:00,CMP-S01-L01-01,S01,S01-L01,1,running,145.7852,427.5966,99.5243,36.1608,-0.6797,A,relation-reasoning-agent-eval-v3.1
2026-08-07T03:20:00+09:00,CMP-S01-L02-01,S01,S01-L02,1,running,180.8193,388.1587,106.7915,38.4106,-0.1237,A,relation-reasoning-agent-eval-v3.1
2026-08-07T03:20:00+09:00,CMP-S01-L03-01,S01,S01-L03,1,running,162.2311,534.5171,101.4211,35.7246,-0.8955,A,relation-reasoning-agent-eval-v3.1
2026-08-07T03:20:00+09:00,CMP-S01-L04-01,S01,S01-L04,1,running,167.7962,433.4675,104.0787,46.416,1.2338,B,relation-reasoning-agent-eval-v3.1
2026-08-07T03:20:00+09:00,CMP-S01-L05-01,S01,S01-L05,1,running,172.1417,470.4785,93.9985,37.5154,-0.7458,A,relation-reasoning-agent-eval-v3.1
2026-08-07T03:30:00+09:00,CMP-S01-L01-01,S01,S01-L01,1,running,153.7557,469.1185,95.0698,33.2897,-1.2114,B,relation-reasoning-agent-eval-v3.1
2026-08-07T03:30:00+09:00,CMP-S01-L02-01,S01,S01-L02,1,running,177.7234,367.9751,106.2457,42.3712,0.6098,A,relation-reasoning-agent-eval-v3.1
2026-08-07T03:30:00+09:00,CMP-S01-L03-01,S01,S01-L03,1,running,171.3733,495.8326,104.0599,42.0983,0.2848,A,relation-reasoning-agent-eval-v3.1
2026-08-07T03:30:00+09:00,CMP-S01-L04-01,S01,S01-L04,1,running,178.3804,430.4283,103.9243,42.9955,0.6004,A,relation-reasoning-agent-eval-v3.1
2026-08-07T03:30:00+09:00,CMP-S01-L05-01,S01,S01-L05,1,running,164.5044,462.1762,94.3875,42.8984,0.2511,A,relation-reasoning-agent-eval-v3.1
2026-08-07T03:40:00+09:00,CMP-S01-L01-01,S01,S01-L01,1,running,163.4965,404.5955,93.4605,32.8538,-1.2921,B,relation-reasoning-agent-eval-v3.1
2026-08-07T03:40:00+09:00,CMP-S01-L02-01,S01,S01-L02,1,running,186.8152,420.7172,109.4369,41.0844,0.3715,A,relation-reasoning-agent-eval-v3.1
2026-08-07T03:40:00+09:00,CMP-S01-L03-01,S01,S01-L03,1,running,204.1246,465.8596,104.0792,43.3015,0.5076,A,relation-reasoning-agent-eval-v3.1
2026-08-07T03:40:00+09:00,CMP-S01-L04-01,S01,S01-L04,1,running,204.8121,428.0271,98.1598,38.3563,-0.2587,A,relation-reasoning-agent-eval-v3.1
2026-08-07T03:40:00+09:00,CMP-S01-L05-01,S01,S01-L05,1,running,167.3861,446.2388,91.2229,40.6807,-0.1596,A,relation-reasoning-agent-eval-v3.1
2026-08-07T03:50:00+09:00,CMP-S01-L01-01,S01,S01-L01,1,running,187.4632,457.0856,88.6667,38.095,-0.3215,A,relation-reasoning-agent-eval-v3.1
2026-08-07T03:50:00+09:00,CMP-S01-L02-01,S01,S01-L02,1,running,181.1925,418.4543,108.9019,39.0809,0.0005,A,relation-reasoning-agent-eval-v3.1
2026-08-07T03:50:00+09:00,CMP-S01-L03-01,S01,S01-L03,1,running,199.4581,474.9963,99.3478,43.076,0.4658,A,relation-reasoning-agent-eval-v3.1
2026-08-07T03:50:00+09:00,CMP-S01-L04-01,S01,S01-L04,1,running,205.9213,455.7332,98.0754,29.1246,-1.9682,B,relation-reasoning-agent-eval-v3.1
2026-08-07T03:50:00+09:00,CMP-S01-L05-01,S01,S01-L05,1,running,173.4506,418.4402,94.3925,34.4475,-1.3139,B,relation-reasoning-agent-eval-v3.1
2026-08-07T04:00:00+09:00,CMP-S01-L01-01,S01,S01-L01,1,running,177.2534,483.6191,90.798,38.6552,-0.2178,A,relation-reasoning-agent-eval-v3.1
2026-08-07T04:00:00+09:00,CMP-S01-L02-01,S01,S01-L02,1,running,171.2868,420.3595,110.3412,35.1811,-0.7217,A,relation-reasoning-agent-eval-v3.1
2026-08-07T04:00:00+09:00,CMP-S01-L03-01,S01,S01-L03,1,running,183.8681,455.9438,104.4041,41.0431,0.0894,A,relation-reasoning-agent-eval-v3.1
2026-08-07T04:00:00+09:00,CMP-S01-L04-01,S01,S01-L04,1,running,185.8598,425.165,99.5341,31.4936,-1.5296,B,relation-reasoning-agent-eval-v3.1
2026-08-07T04:00:00+09:00,CMP-S01-L05-01,S01,S01-L05,1,running,168.9168,466.396,88.5254,31.7159,-1.8198,B,relation-reasoning-agent-eval-v3.1
2026-08-07T04:10:00+09:00,CMP-S01-L01-01,S01,S01-L01,1,running,156.7083,433.6655,84.4823,39.6666,-0.0305,A,relation-reasoning-agent-eval-v3.1
2026-08-07T04:10:00+09:00,CMP-S01-L02-01,S01,S01-L02,1,running,182.6713,441.4346,99.1526,36.9339,-0.3971,A,relation-reasoning-agent-eval-v3.1
2026-08-07T04:10:00+09:00,CMP-S01-L03-01,S01,S01-L03,1,running,174.7128,430.7089,107.3279,40.6049,0.0082,A,relation-reasoning-agent-eval-v3.1
2026-08-07T04:10:00+09:00,CMP-S01-L04-01,S01,S01-L04,1,running,200.1483,481.3598,100.425,39.0006,-0.1394,A,relation-reasoning-agent-eval-v3.1
2026-08-07T04:10:00+09:00,CMP-S01-L05-01,S01,S01-L05,1,running,161.6332,443.4038,95.6066,40.8712,-0.1243,A,relation-reasoning-agent-eval-v3.1
2026-08-07T04:20:00+09:00,CMP-S01-L01-01,S01,S01-L01,1,running,164.9458,424.4211,90.4072,33.4661,-1.1787,B,relation-reasoning-agent-eval-v3.1
2026-08-07T04:20:00+09:00,CMP-S01-L02-01,S01,S01-L02,1,running,199.8122,413.7983,102.0862,37.771,-0.2421,A,relation-reasoning-agent-eval-v3.1
2026-08-07T04:20:00+09:00,CMP-S01-L03-01,S01,S01-L03,1,running,187.5102,435.6358,100.3112,44.1304,0.6611,A,relation-reasoning-agent-eval-v3.1
2026-08-07T04:20:00+09:00,CMP-S01-L04-01,S01,S01-L04,1,running,194.8366,397.4884,92.0187,39.7395,-0.0025,A,relation-reasoning-agent-eval-v3.1
2026-08-07T04:20:00+09:00,CMP-S01-L05-01,S01,S01-L05,1,running,166.5885,406.8,101.8866,37.6308,-0.7244,A,relation-reasoning-agent-eval-v3.1
2026-08-07T04:30:00+09:00,CMP-S01-L01-01,S01,S01-L01,1,running,147.6379,436.1543,86.1763,33.6027,-1.1534,B,relation-reasoning-agent-eval-v3.1
2026-08-07T04:30:00+09:00,CMP-S01-L02-01,S01,S01-L02,1,running,212.733,400.0179,101.9448,43.2042,0.7641,A,relation-reasoning-agent-eval-v3.1
2026-08-07T04:30:00+09:00,CMP-S01-L03-01,S01,S01-L03,1,running,181.6334,437.643,93.6542,43.7159,0.5843,A,relation-reasoning-agent-eval-v3.1
2026-08-07T04:30:00+09:00,CMP-S01-L04-01,S01,S01-L04,1,running,183.2183,435.2784,88.3319,37.3052,-0.4533,A,relation-reasoning-agent-eval-v3.1
2026-08-07T04:30:00+09:00,CMP-S01-L05-01,S01,S01-L05,1,running,159.9474,382.3727,106.8581,34.3407,-1.3337,B,relation-reasoning-agent-eval-v3.1
2026-08-07T04:40:00+09:00,CMP-S01-L01-01,S01,S01-L01,1,running,162.2975,443.8145,88.2802,41.4233,0.2948,A,relation-reasoning-agent-eval-v3.1
2026-08-07T04:40:00+09:00,CMP-S01-L02-01,S01,S01-L02,1,running,196.0676,420.726,95.434,47.6821,1.5933,B,relation-reasoning-agent-eval-v3.1
2026-08-07T04:40:00+09:00,CMP-S01-L03-01,S01,S01-L03,1,running,173.4865,458.5974,92.0245,41.6352,0.199,A,relation-reasoning-agent-eval-v3.1
2026-08-07T04:40:00+09:00,CMP-S01-L04-01,S01,S01-L04,1,running,168.5606,426.5537,85.9531,37.5115,-0.4151,A,relation-reasoning-agent-eval-v3.1
2026-08-07T04:40:00+09:00,CMP-S01-L05-01,S01,S01-L05,1,running,163.0263,383.7469,100.6587,35.4978,-1.1194,B,relation-reasoning-agent-eval-v3.1
2026-08-07T04:50:00+09:00,CMP-S01-L01-01,S01,S01-L01,1,running,162.2861,434.6737,94.2226,42.4772,0.49,A,relation-reasoning-agent-eval-v3.1
2026-08-07T04:50:00+09:00,CMP-S01-L02-01,S01,S01-L02,1,running,186.1824,383.6495,106.3212,51.5336,2.3065,C,relation-reasoning-agent-eval-v3.1
2026-08-07T04:50:00+09:00,CMP-S01-L03-01,S01,S01-L03,1,running,185.7584,479.3677,90.2845,42.7207,0.4,A,relation-reasoning-agent-eval-v3.1
2026-08-07T04:50:00+09:00,CMP-S01-L04-01,S01,S01-L04,1,running,168.8736,396.1536,88.1358,40.6922,0.1739,A,relation-reasoning-agent-eval-v3.1
2026-08-07T04:50:00+09:00,CMP-S01-L05-01,S01,S01-L05,1,running,163.1367,420.461,97.4031,36.0672,-1.014,B,relation-reasoning-agent-eval-v3.1
2026-08-07T05:00:00+09:00,CMP-S01-L01-01,S01,S01-L01,1,running,177.5805,408.1256,87.4957,37.5245,-0.4272,A,relation-reasoning-agent-eval-v3.1
2026-08-07T05:00:00+09:00,CMP-S01-L02-01,S01,S01-L02,1,running,171.1918,382.7652,115.6202,51.6254,2.3235,C,relation-reasoning-agent-eval-v3.1
2026-08-07T05:00:00+09:00,CMP-S01-L03-01,S01,S01-L03,1,running,185.6013,462.7107,97.9579,39.233,-0.2458,A,relation-reasoning-agent-eval-v3.1
2026-08-07T05:00:00+09:00,CMP-S01-L04-01,S01,S01-L04,1,running,150.3266,400.0814,87.6853,45.1152,0.993,A,relation-reasoning-agent-eval-v3.1
2026-08-07T05:00:00+09:00,CMP-S01-L05-01,S01,S01-L05,1,running,164.7421,393.1278,98.735,36.4898,-0.9357,A,relation-reasoning-agent-eval-v3.1
2026-08-07T05:10:00+09:00,CMP-S01-L01-01,S01,S01-L01,1,running,181.1401,419.7704,95.6891,37.9974,-0.3396,A,relation-reasoning-agent-eval-v3.1
2026-08-07T05:10:00+09:00,CMP-S01-L02-01,S01,S01-L02,1,running,159.7754,334.1987,113.9016,52.0569,2.4034,C,relation-reasoning-agent-eval-v3.1
2026-08-07T05:10:00+09:00,CMP-S01-L03-01,S01,S01-L03,1,running,181.9989,454.9161,98.208,40.3383,-0.0411,A,relation-reasoning-agent-eval-v3.1
2026-08-07T05:10:00+09:00,CMP-S01-L04-01,S01,S01-L04,1,running,139.2761,409.9692,87.7123,46.2042,1.1947,B,relation-reasoning-agent-eval-v3.1
2026-08-07T05:10:00+09:00,CMP-S01-L05-01,S01,S01-L05,1,running,176.7665,419.3901,98.1616,45.0228,0.6445,A,relation-reasoning-agent-eval-v3.1
2026-08-07T05:20:00+09:00,CMP-S01-L01-01,S01,S01-L01,1,running,179.9215,417.523,105.0092,38.5483,-0.2376,A,relation-reasoning-agent-eval-v3.1
2026-08-07T05:20:00+09:00,CMP-S01-L02-01,S01,S01-L02,1,running,156.4447,375.3501,112.8738,40.4378,0.2518,A,relation-reasoning-agent-eval-v3.1
2026-08-07T05:20:00+09:00,CMP-S01-L03-01,S01,S01-L03,1,running,173.2029,512.7482,105.3525,39.1255,-0.2657,A,relation-reasoning-agent-eval-v3.1
2026-08-07T05:20:00+09:00,CMP-S01-L04-01,S01,S01-L04,1,running,158.026,458.6175,91.7011,40.4246,0.1244,A,relation-reasoning-agent-eval-v3.1
2026-08-07T05:20:00+09:00,CMP-S01-L05-01,S01,S01-L05,1,running,195.3324,392.7949,101.6266,46.5432,0.926,A,relation-reasoning-agent-eval-v3.1
2026-08-07T05:30:00+09:00,CMP-S01-L01-01,S01,S01-L01,1,running,190.2904,428.6725,100.1195,35.3891,-0.8226,A,relation-reasoning-agent-eval-v3.1
2026-08-07T05:30:00+09:00,CMP-S01-L02-01,S01,S01-L02,1,running,160.4117,410.7667,108.5655,37.3948,-0.3118,A,relation-reasoning-agent-eval-v3.1
2026-08-07T05:30:00+09:00,CMP-S01-L03-01,S01,S01-L03,1,running,171.3214,489.8905,108.0629,39.2696,-0.239,A,relation-reasoning-agent-eval-v3.1
2026-08-07T05:30:00+09:00,CMP-S01-L04-01,S01,S01-L04,1,running,142.3099,453.7092,91.6997,38.9595,-0.147,A,relation-reasoning-agent-eval-v3.1
2026-08-07T05:30:00+09:00,CMP-S01-L05-01,S01,S01-L05,1,running,188.7078,382.047,103.6852,54.9398,2.481,C,relation-reasoning-agent-eval-v3.1
2026-08-07T05:40:00+09:00,CMP-S01-L01-01,S01,S01-L01,1,running,204.6122,456.8869,94.2267,30.7893,-1.6744,B,relation-reasoning-agent-eval-v3.1
2026-08-07T05:40:00+09:00,CMP-S01-L02-01,S01,S01-L02,1,running,157.7616,420.0398,110.4929,37.52,-0.2886,A,relation-reasoning-agent-eval-v3.1
2026-08-07T05:40:00+09:00,CMP-S01-L03-01,S01,S01-L03,1,running,172.6271,446.1871,114.7795,38.0581,-0.4634,A,relation-reasoning-agent-eval-v3.1
2026-08-07T05:40:00+09:00,CMP-S01-L04-01,S01,S01-L04,1,running,124.0718,430.3377,84.0542,40.523,0.1426,A,relation-reasoning-agent-eval-v3.1
2026-08-07T05:40:00+09:00,CMP-S01-L05-01,S01,S01-L05,1,running,198.0393,426.3551,96.659,49.4068,1.4563,B,relation-reasoning-agent-eval-v3.1
2026-08-07T05:50:00+09:00,CMP-S01-L01-01,S01,S01-L01,1,running,196.5888,447.006,100.1609,32.4048,-1.3753,B,relation-reasoning-agent-eval-v3.1
2026-08-07T05:50:00+09:00,CMP-S01-L02-01,S01,S01-L02,1,running,168.1861,389.9015,104.2351,40.348,0.2351,A,relation-reasoning-agent-eval-v3.1
2026-08-07T05:50:00+09:00,CMP-S01-L03-01,S01,S01-L03,1,running,193.2829,430.1136,110.4309,35.7008,-0.8999,A,relation-reasoning-agent-eval-v3.1
2026-08-07T05:50:00+09:00,CMP-S01-L04-01,S01,S01-L04,1,running,139.0386,441.9748,92.2795,37.3322,-0.4484,A,relation-reasoning-agent-eval-v3.1
2026-08-07T05:50:00+09:00,CMP-S01-L05-01,S01,S01-L05,1,running,180.0081,447.3709,91.4789,45.4833,0.7298,A,relation-reasoning-agent-eval-v3.1
2026-08-07T06:00:00+09:00,CMP-S01-L01-01,S01,S01-L01,1,running,195.6739,469.5185,93.977,31.3937,-1.5625,B,relation-reasoning-agent-eval-v3.1
2026-08-07T06:00:00+09:00,CMP-S01-L02-01,S01,S01-L02,1,running,159.4298,372.8737,105.8075,38.1265,-0.1763,A,relation-reasoning-agent-eval-v3.1
2026-08-07T06:00:00+09:00,CMP-S01-L03-01,S01,S01-L03,1,running,174.8648,409.9295,109.7151,34.4243,-1.1363,B,relation-reasoning-agent-eval-v3.1
2026-08-07T06:00:00+09:00,CMP-S01-L04-01,S01,S01-L04,1,running,169.117,433.1264,93.3274,32.8867,-1.2716,B,relation-reasoning-agent-eval-v3.1
2026-08-07T06:00:00+09:00,CMP-S01-L05-01,S01,S01-L05,1,running,193.2443,478.2667,91.245,44.4745,0.5429,A,relation-reasoning-agent-eval-v3.1
2026-08-07T06:10:00+09:00,CMP-S01-L01-01,S01,S01-L01,1,running,203.2321,445.3641,95.9423,34.637,-0.9619,A,relation-reasoning-agent-eval-v3.1
2026-08-07T06:10:00+09:00,CMP-S01-L02-01,S01,S01-L02,1,running,164.913,419.7416,108.035,33.7339,-0.9897,A,relation-reasoning-agent-eval-v3.1
2026-08-07T06:10:00+09:00,CMP-S01-L03-01,S01,S01-L03,1,running,168.2912,452.7153,102.8188,35.0422,-1.0219,B,relation-reasoning-agent-eval-v3.1
2026-08-07T06:10:00+09:00,CMP-S01-L04-01,S01,S01-L04,1,running,168.5709,387.4713,88.925,36.024,-0.6906,A,relation-reasoning-agent-eval-v3.1
2026-08-07T06:10:00+09:00,CMP-S01-L05-01,S01,S01-L05,1,running,179.5444,492.4404,86.3212,40.7346,-0.1496,A,relation-reasoning-agent-eval-v3.1
2026-08-07T06:20:00+09:00,CMP-S01-L01-01,S01,S01-L01,1,running,182.2209,428.0709,100.2868,38.7345,-0.2031,A,relation-reasoning-agent-eval-v3.1
2026-08-07T06:20:00+09:00,CMP-S01-L02-01,S01,S01-L02,1,running,168.4197,437.4311,116.439,38.2333,-0.1565,A,relation-reasoning-agent-eval-v3.1
2026-08-07T06:20:00+09:00,CMP-S01-L03-01,S01,S01-L03,1,running,169.6724,490.8787,112.6121,41.4436,0.1635,A,relation-reasoning-agent-eval-v3.1
2026-08-07T06:20:00+09:00,CMP-S01-L04-01,S01,S01-L04,1,running,168.0727,454.2976,94.603,34.5033,-0.9721,A,relation-reasoning-agent-eval-v3.1
2026-08-07T06:20:00+09:00,CMP-S01-L05-01,S01,S01-L05,1,running,192.0692,512.2174,92.925,40.4188,-0.2081,A,relation-reasoning-agent-eval-v3.1
2026-08-07T06:30:00+09:00,CMP-S01-L01-01,S01,S01-L01,1,running,184.449,430.7868,106.2397,29.2744,-1.955,B,relation-reasoning-agent-eval-v3.1
2026-08-07T06:30:00+09:00,CMP-S01-L02-01,S01,S01-L02,1,running,163.2627,426.6768,112.3112,33.7403,-0.9885,A,relation-reasoning-agent-eval-v3.1
2026-08-07T06:30:00+09:00,CMP-S01-L03-01,S01,S01-L03,1,running,165.7982,452.9214,118.7837,40.6403,0.0148,A,relation-reasoning-agent-eval-v3.1
2026-08-07T06:30:00+09:00,CMP-S01-L04-01,S01,S01-L04,1,running,171.6339,431.66,97.7859,29.0139,-1.9887,B,relation-reasoning-agent-eval-v3.1
2026-08-07T06:30:00+09:00,CMP-S01-L05-01,S01,S01-L05,1,running,184.9042,511.9401,102.4592,38.011,-0.654,A,relation-reasoning-agent-eval-v3.1
2026-08-07T06:40:00+09:00,CMP-S01-L01-01,S01,S01-L01,1,running,189.1647,443.0031,99.4354,30.2203,-1.7798,B,relation-reasoning-agent-eval-v3.1
2026-08-07T06:40:00+09:00,CMP-S01-L02-01,S01,S01-L02,1,running,164.6595,456.1524,110.7485,32.2478,-1.2649,B,relation-reasoning-agent-eval-v3.1
2026-08-07T06:40:00+09:00,CMP-S01-L03-01,S01,S01-L03,1,running,174.8452,416.0816,122.029,30.8677,-1.795,B,relation-reasoning-agent-eval-v3.1
2026-08-07T06:40:00+09:00,CMP-S01-L04-01,S01,S01-L04,1,running,166.2939,447.1052,95.2245,37.3288,-0.4489,A,relation-reasoning-agent-eval-v3.1
2026-08-07T06:40:00+09:00,CMP-S01-L05-01,S01,S01-L05,1,running,182.1559,474.7834,94.5779,40.6808,-0.1596,A,relation-reasoning-agent-eval-v3.1
2026-08-07T06:50:00+09:00,CMP-S01-L01-01,S01,S01-L01,1,running,189.0117,433.702,91.6777,39.1344,-0.129,A,relation-reasoning-agent-eval-v3.1
2026-08-07T06:50:00+09:00,CMP-S01-L02-01,S01,S01-L02,1,running,168.5903,441.789,103.9046,37.4144,-0.3081,A,relation-reasoning-agent-eval-v3.1
2026-08-07T06:50:00+09:00,CMP-S01-L03-01,S01,S01-L03,1,running,175.5117,415.7563,116.1147,34.3215,-1.1554,B,relation-reasoning-agent-eval-v3.1
2026-08-07T06:50:00+09:00,CMP-S01-L04-01,S01,S01-L04,1,running,161.6766,496.0686,95.8935,39.5816,-0.0317,A,relation-reasoning-agent-eval-v3.1
2026-08-07T06:50:00+09:00,CMP-S01-L05-01,S01,S01-L05,1,running,188.5568,408.5203,86.344,42.973,0.2649,A,relation-reasoning-agent-eval-v3.1
2026-08-07T07:00:00+09:00,CMP-S01-L01-01,S01,S01-L01,1,running,202.6636,431.7592,92.4732,41.8461,0.3731,A,relation-reasoning-agent-eval-v3.1
2026-08-07T07:00:00+09:00,CMP-S01-L02-01,S01,S01-L02,1,running,173.1458,451.9857,102.2193,40.6877,0.298,A,relation-reasoning-agent-eval-v3.1
2026-08-07T07:00:00+09:00,CMP-S01-L03-01,S01,S01-L03,1,running,180.0918,447.661,113.7885,43.7809,0.5964,A,relation-reasoning-agent-eval-v3.1
2026-08-07T07:00:00+09:00,CMP-S01-L04-01,S01,S01-L04,1,running,170.4473,483.4072,89.4292,40.1236,0.0686,A,relation-reasoning-agent-eval-v3.1
2026-08-07T07:00:00+09:00,CMP-S01-L05-01,S01,S01-L05,1,running,191.9306,390.3152,91.6004,48.0934,1.2131,B,relation-reasoning-agent-eval-v3.1
2026-08-07T07:10:00+09:00,CMP-S01-L01-01,S01,S01-L01,1,running,195.3998,443.4458,96.2301,41.873,0.3781,A,relation-reasoning-agent-eval-v3.1
2026-08-07T07:10:00+09:00,CMP-S01-L02-01,S01,S01-L02,1,running,175.5895,445.4355,105.3435,36.9817,-0.3883,A,relation-reasoning-agent-eval-v3.1
2026-08-07T07:10:00+09:00,CMP-S01-L03-01,S01,S01-L03,1,running,181.9032,522.6426,115.1292,42.2302,0.3092,A,relation-reasoning-agent-eval-v3.1
2026-08-07T07:10:00+09:00,CMP-S01-L04-01,S01,S01-L04,1,running,183.957,494.8519,89.7309,42.2694,0.466,A,relation-reasoning-agent-eval-v3.1
2026-08-07T07:10:00+09:00,CMP-S01-L05-01,S01,S01-L05,1,running,189.2513,406.1072,96.3887,49.1342,1.4058,B,relation-reasoning-agent-eval-v3.1
2026-08-07T07:20:00+09:00,CMP-S01-L01-01,S01,S01-L01,1,running,186.2705,428.7082,96.7323,44.9485,0.9476,A,relation-reasoning-agent-eval-v3.1
2026-08-07T07:20:00+09:00,CMP-S01-L02-01,S01,S01-L02,1,running,163.9418,465.153,108.1486,42.3734,0.6102,A,relation-reasoning-agent-eval-v3.1
2026-08-07T07:20:00+09:00,CMP-S01-L03-01,S01,S01-L03,1,running,177.1463,507.8792,110.9793,33.8475,-1.2431,B,relation-reasoning-agent-eval-v3.1
2026-08-07T07:20:00+09:00,CMP-S01-L04-01,S01,S01-L04,1,running,176.7367,453.7408,91.056,39.3113,-0.0818,A,relation-reasoning-agent-eval-v3.1
2026-08-07T07:20:00+09:00,CMP-S01-L05-01,S01,S01-L05,1,running,200.8242,405.9908,96.7332,43.9588,0.4474,A,relation-reasoning-agent-eval-v3.1
2026-08-07T07:30:00+09:00,CMP-S01-L01-01,S01,S01-L01,1,running,190.6737,436.3169,95.5822,39.4205,-0.0761,A,relation-reasoning-agent-eval-v3.1
2026-08-07T07:30:00+09:00,CMP-S01-L02-01,S01,S01-L02,1,running,171.2341,487.1081,103.5944,41.1797,0.3891,A,relation-reasoning-agent-eval-v3.1
2026-08-07T07:30:00+09:00,CMP-S01-L03-01,S01,S01-L03,1,running,184.4825,490.3324,112.3502,30.8406,-1.8,B,relation-reasoning-agent-eval-v3.1
2026-08-07T07:30:00+09:00,CMP-S01-L04-01,S01,S01-L04,1,running,175.84,460.2343,91.6579,41.0946,0.2484,A,relation-reasoning-agent-eval-v3.1
2026-08-07T07:30:00+09:00,CMP-S01-L05-01,S01,S01-L05,1,running,190.8842,422.4536,102.3431,46.7727,0.9685,A,relation-reasoning-agent-eval-v3.1
2026-08-07T07:40:00+09:00,CMP-S01-L01-01,S01,S01-L01,1,running,179.7651,411.2548,96.7406,42.7502,0.5406,A,relation-reasoning-agent-eval-v3.1
2026-08-07T07:40:00+09:00,CMP-S01-L02-01,S01,S01-L02,1,running,175.1656,477.1207,105.4076,40.8503,0.3281,A,relation-reasoning-agent-eval-v3.1
2026-08-07T07:40:00+09:00,CMP-S01-L03-01,S01,S01-L03,1,running,184.1565,487.4273,115.5082,31.3711,-1.7017,B,relation-reasoning-agent-eval-v3.1
2026-08-07T07:40:00+09:00,CMP-S01-L04-01,S01,S01-L04,1,running,162.652,413.8092,99.0978,35.4762,-0.792,A,relation-reasoning-agent-eval-v3.1
2026-08-07T07:40:00+09:00,CMP-S01-L05-01,S01,S01-L05,1,running,197.0278,435.8536,104.0664,42.2924,0.1388,A,relation-reasoning-agent-eval-v3.1
2026-08-07T07:50:00+09:00,CMP-S01-L01-01,S01,S01-L01,1,running,183.1368,401.8709,97.1555,42.9718,0.5816,A,relation-reasoning-agent-eval-v3.1
2026-08-07T07:50:00+09:00,CMP-S01-L02-01,S01,S01-L02,1,running,162.1482,496.3086,104.9948,43.4263,0.8052,A,relation-reasoning-agent-eval-v3.1
2026-08-07T07:50:00+09:00,CMP-S01-L03-01,S01,S01-L03,1,running,168.9664,457.7519,116.5965,35.6392,-0.9114,A,relation-reasoning-agent-eval-v3.1
2026-08-07T07:50:00+09:00,CMP-S01-L04-01,S01,S01-L04,1,running,180.1411,431.7841,94.4281,34.6063,-0.9531,A,relation-reasoning-agent-eval-v3.1
2026-08-07T07:50:00+09:00,CMP-S01-L05-01,S01,S01-L05,1,running,193.2481,416.2288,102.5427,47.6545,1.1318,B,relation-reasoning-agent-eval-v3.1
2026-08-07T08:00:00+09:00,CMP-S01-L01-01,S01,S01-L01,1,running,180.5129,447.154,93.9227,40.7425,0.1688,A,relation-reasoning-agent-eval-v3.1
2026-08-07T08:00:00+09:00,CMP-S01-L02-01,S01,S01-L02,1,running,173.3768,494.2611,108.9671,44.0834,0.9269,A,relation-reasoning-agent-eval-v3.1
2026-08-07T08:00:00+09:00,CMP-S01-L03-01,S01,S01-L03,1,running,160.9885,448.7016,115.9782,40.7743,0.0396,A,relation-reasoning-agent-eval-v3.1
2026-08-07T08:00:00+09:00,CMP-S01-L04-01,S01,S01-L04,1,running,184.5065,470.235,95.9209,34.0522,-1.0558,B,relation-reasoning-agent-eval-v3.1
2026-08-07T08:00:00+09:00,CMP-S01-L05-01,S01,S01-L05,1,running,180.2762,423.8488,102.586,42.9389,0.2586,A,relation-reasoning-agent-eval-v3.1
2026-08-07T08:10:00+09:00,CMP-S01-L01-01,S01,S01-L01,1,running,167.1436,470.0349,92.891,43.4894,0.6774,A,relation-reasoning-agent-eval-v3.1
2026-08-07T08:10:00+09:00,CMP-S01-L02-01,S01,S01-L02,1,running,171.3623,500.6747,113.304,42.2682,0.5907,A,relation-reasoning-agent-eval-v3.1
2026-08-07T08:10:00+09:00,CMP-S01-L03-01,S01,S01-L03,1,running,152.6576,450.6337,113.6539,46.9417,1.1817,B,relation-reasoning-agent-eval-v3.1
2026-08-07T08:10:00+09:00,CMP-S01-L04-01,S01,S01-L04,1,running,185.9842,442.1537,98.3492,30.024,-1.8017,B,relation-reasoning-agent-eval-v3.1
2026-08-07T08:10:00+09:00,CMP-S01-L05-01,S01,S01-L05,1,running,185.5531,447.7578,101.3581,36.4313,-0.9465,A,relation-reasoning-agent-eval-v3.1
2026-08-07T08:20:00+09:00,CMP-S01-L01-01,S01,S01-L01,1,running,166.5331,428.1311,95.5853,44.6252,0.8878,A,relation-reasoning-agent-eval-v3.1
2026-08-07T08:20:00+09:00,CMP-S01-L02-01,S01,S01-L02,1,running,177.6679,508.9108,107.3948,35.4216,-0.6772,A,relation-reasoning-agent-eval-v3.1
2026-08-07T08:20:00+09:00,CMP-S01-L03-01,S01,S01-L03,1,running,154.3189,421.9564,107.8143,44.494,0.7284,A,relation-reasoning-agent-eval-v3.1
2026-08-07T08:20:00+09:00,CMP-S01-L04-01,S01,S01-L04,1,running,178.9157,384.9837,102.2907,33.151,-1.2226,B,relation-reasoning-agent-eval-v3.1
2026-08-07T08:20:00+09:00,CMP-S01-L05-01,S01,S01-L05,1,running,183.4242,398.0484,93.5496,39.3164,-0.4123,A,relation-reasoning-agent-eval-v3.1
2026-08-07T08:30:00+09:00,CMP-S01-L01-01,S01,S01-L01,1,running,177.5778,439.4782,90.6606,39.3925,-0.0812,A,relation-reasoning-agent-eval-v3.1
2026-08-07T08:30:00+09:00,CMP-S01-L02-01,S01,S01-L02,1,running,177.6851,473.9879,106.3526,39.0788,0.0001,A,relation-reasoning-agent-eval-v3.1
2026-08-07T08:30:00+09:00,CMP-S01-L03-01,S01,S01-L03,1,running,170.3012,411.6529,109.96,39.6549,-0.1677,A,relation-reasoning-agent-eval-v3.1
2026-08-07T08:30:00+09:00,CMP-S01-L04-01,S01,S01-L04,1,running,171.3096,412.8185,103.3941,35.0973,-0.8622,A,relation-reasoning-agent-eval-v3.1
2026-08-07T08:30:00+09:00,CMP-S01-L05-01,S01,S01-L05,1,running,156.1765,436.6232,94.9081,33.2922,-1.5279,B,relation-reasoning-agent-eval-v3.1
2026-08-07T08:40:00+09:00,CMP-S01-L01-01,S01,S01-L01,1,running,175.1937,377.8441,92.1722,43.9783,0.768,A,relation-reasoning-agent-eval-v3.1
2026-08-07T08:40:00+09:00,CMP-S01-L02-01,S01,S01-L02,1,running,191.7287,426.2545,103.086,36.5479,-0.4686,A,relation-reasoning-agent-eval-v3.1
2026-08-07T08:40:00+09:00,CMP-S01-L03-01,S01,S01-L03,1,running,173.952,427.2558,108.9811,37.5514,-0.5572,A,relation-reasoning-agent-eval-v3.1
2026-08-07T08:40:00+09:00,CMP-S01-L04-01,S01,S01-L04,1,running,188.6284,470.0474,97.3778,41.3256,0.2912,A,relation-reasoning-agent-eval-v3.1
2026-08-07T08:40:00+09:00,CMP-S01-L05-01,S01,S01-L05,1,running,156.5199,449.2842,94.1226,35.2986,-1.1563,B,relation-reasoning-agent-eval-v3.1
2026-08-07T08:50:00+09:00,CMP-S01-L01-01,S01,S01-L01,1,running,161.2036,398.5523,97.4874,51.2346,2.1117,C,relation-reasoning-agent-eval-v3.1
2026-08-07T08:50:00+09:00,CMP-S01-L02-01,S01,S01-L02,1,running,161.999,398.6982,103.0009,38.1872,-0.165,A,relation-reasoning-agent-eval-v3.1
2026-08-07T08:50:00+09:00,CMP-S01-L03-01,S01,S01-L03,1,running,161.6531,414.2939,100.1589,31.81,-1.6204,B,relation-reasoning-agent-eval-v3.1
2026-08-07T08:50:00+09:00,CMP-S01-L04-01,S01,S01-L04,1,running,190.0651,457.782,90.3212,41.6257,0.3468,A,relation-reasoning-agent-eval-v3.1
2026-08-07T08:50:00+09:00,CMP-S01-L05-01,S01,S01-L05,1,running,158.9717,455.0637,101.4069,38.3604,-0.5893,A,relation-reasoning-agent-eval-v3.1
2026-08-07T09:00:00+09:00,CMP-S01-L01-01,S01,S01-L01,1,running,160.7814,407.3805,99.8792,42.4323,0.4817,A,relation-reasoning-agent-eval-v3.1
2026-08-07T09:00:00+09:00,CMP-S01-L02-01,S01,S01-L02,1,running,163.1432,385.3161,114.7209,34.7362,-0.8041,A,relation-reasoning-agent-eval-v3.1
2026-08-07T09:00:00+09:00,CMP-S01-L03-01,S01,S01-L03,1,running,180.3521,405.2242,100.0406,32.7337,-1.4494,B,relation-reasoning-agent-eval-v3.1
2026-08-07T09:00:00+09:00,CMP-S01-L04-01,S01,S01-L04,1,running,191.1697,437.0227,95.4236,36.212,-0.6558,A,relation-reasoning-agent-eval-v3.1
2026-08-07T09:00:00+09:00,CMP-S01-L05-01,S01,S01-L05,1,running,169.986,445.7163,106.3077,38.1927,-0.6204,A,relation-reasoning-agent-eval-v3.1
2026-08-07T09:10:00+09:00,CMP-S01-L01-01,S01,S01-L01,1,running,176.0278,418.9446,97.4458,41.8409,0.3722,A,relation-reasoning-agent-eval-v3.1
2026-08-07T09:10:00+09:00,CMP-S01-L02-01,S01,S01-L02,1,running,156.0065,421.4544,111.6392,40.3943,0.2437,A,relation-reasoning-agent-eval-v3.1
2026-08-07T09:10:00+09:00,CMP-S01-L03-01,S01,S01-L03,1,running,171.6746,433.2038,100.4722,34.4565,-1.1304,B,relation-reasoning-agent-eval-v3.1
2026-08-07T09:10:00+09:00,CMP-S01-L04-01,S01,S01-L04,1,running,187.8212,443.7655,91.3023,42.5636,0.5205,A,relation-reasoning-agent-eval-v3.1
2026-08-07T09:10:00+09:00,CMP-S01-L05-01,S01,S01-L05,1,running,195.1485,437.7501,104.3127,35.5403,-1.1115,B,relation-reasoning-agent-eval-v3.1
2026-08-07T09:20:00+09:00,CMP-S01-L01-01,S01,S01-L01,1,running,161.9955,474.3284,99.7447,44.6336,0.8893,A,relation-reasoning-agent-eval-v3.1
2026-08-07T09:20:00+09:00,CMP-S01-L02-01,S01,S01-L02,1,running,145.5515,410.6349,112.7049,42.9606,0.7189,A,relation-reasoning-agent-eval-v3.1
2026-08-07T09:20:00+09:00,CMP-S01-L03-01,S01,S01-L03,1,running,154.2762,475.4287,104.5531,39.1726,-0.257,A,relation-reasoning-agent-eval-v3.1
2026-08-07T09:20:00+09:00,CMP-S01-L04-01,S01,S01-L04,1,running,180.2135,421.6997,90.6367,40.3396,0.1086,A,relation-reasoning-agent-eval-v3.1
2026-08-07T09:20:00+09:00,CMP-S01-L05-01,S01,S01-L05,1,running,201.4979,381.9642,102.8079,32.0389,-1.76,B,relation-reasoning-agent-eval-v3.1
2026-08-07T09:30:00+09:00,CMP-S01-L01-01,S01,S01-L01,1,running,164.7459,495.9606,101.8828,42.2948,0.4562,A,relation-reasoning-agent-eval-v3.1
2026-08-07T09:30:00+09:00,CMP-S01-L02-01,S01,S01-L02,1,running,142.1853,332.9541,105.2179,42.1528,0.5693,A,relation-reasoning-agent-eval-v3.1
2026-08-07T09:30:00+09:00,CMP-S01-L03-01,S01,S01-L03,1,running,146.4118,473.7909,103.8668,37.8466,-0.5026,A,relation-reasoning-agent-eval-v3.1
2026-08-07T09:30:00+09:00,CMP-S01-L04-01,S01,S01-L04,1,running,166.6349,424.5752,82.4081,40.2432,0.0907,A,relation-reasoning-agent-eval-v3.1
2026-08-07T09:30:00+09:00,CMP-S01-L05-01,S01,S01-L05,1,running,189.4226,389.8928,105.2365,31.9337,-1.7794,B,relation-reasoning-agent-eval-v3.1
2026-08-07T09:40:00+09:00,CMP-S01-L01-01,S01,S01-L01,1,running,166.21,457.19,103.9422,41.4462,0.2991,A,relation-reasoning-agent-eval-v3.1
2026-08-07T09:40:00+09:00,CMP-S01-L02-01,S01,S01-L02,1,running,166.7181,394.7583,108.7102,42.0729,0.5546,A,relation-reasoning-agent-eval-v3.1
2026-08-07T09:40:00+09:00,CMP-S01-L03-01,S01,S01-L03,1,running,166.0405,472.7817,102.5885,35.4683,-0.943,A,relation-reasoning-agent-eval-v3.1
2026-08-07T09:40:00+09:00,CMP-S01-L04-01,S01,S01-L04,1,running,173.3594,471.3519,87.2328,39.777,0.0044,A,relation-reasoning-agent-eval-v3.1
2026-08-07T09:40:00+09:00,CMP-S01-L05-01,S01,S01-L05,1,running,202.1972,397.0656,96.5497,38.1855,-0.6217,A,relation-reasoning-agent-eval-v3.1
2026-08-07T09:50:00+09:00,CMP-S01-L01-01,S01,S01-L01,1,running,174.8108,457.7653,104.3231,43.1193,0.6089,A,relation-reasoning-agent-eval-v3.1
2026-08-07T09:50:00+09:00,CMP-S01-L02-01,S01,S01-L02,1,running,178.527,368.3233,110.4034,39.7407,0.1227,A,relation-reasoning-agent-eval-v3.1
2026-08-07T09:50:00+09:00,CMP-S01-L03-01,S01,S01-L03,1,running,168.6428,434.8689,98.9294,40.9139,0.0654,A,relation-reasoning-agent-eval-v3.1
2026-08-07T09:50:00+09:00,CMP-S01-L04-01,S01,S01-L04,1,running,160.3554,428.1837,90.4473,39.4945,-0.0479,A,relation-reasoning-agent-eval-v3.1
2026-08-07T09:50:00+09:00,CMP-S01-L05-01,S01,S01-L05,1,running,209.5619,377.7188,98.6385,37.1691,-0.8099,A,relation-reasoning-agent-eval-v3.1
2026-08-07T10:00:00+09:00,CMP-S01-L01-01,S01,S01-L01,1,running,182.376,461.7919,104.5579,47.6077,1.4401,B,relation-reasoning-agent-eval-v3.1
2026-08-07T10:00:00+09:00,CMP-S01-L02-01,S01,S01-L02,1,running,169.4938,406.0403,112.8863,41.7219,0.4896,A,relation-reasoning-agent-eval-v3.1
2026-08-07T10:00:00+09:00,CMP-S01-L03-01,S01,S01-L03,1,running,162.8844,436.8009,98.0293,48.0023,1.3781,B,relation-reasoning-agent-eval-v3.1
2026-08-07T10:00:00+09:00,CMP-S01-L04-01,S01,S01-L04,1,running,161.8286,461.8653,94.1323,39.3607,-0.0726,A,relation-reasoning-agent-eval-v3.1
2026-08-07T10:00:00+09:00,CMP-S01-L05-01,S01,S01-L05,1,running,226.4515,400.3746,93.669,46.4478,0.9084,A,relation-reasoning-agent-eval-v3.1
2026-08-07T10:10:00+09:00,CMP-S01-L01-01,S01,S01-L01,1,running,192.0636,461.6257,96.0664,43.1847,0.621,A,relation-reasoning-agent-eval-v3.1
2026-08-07T10:10:00+09:00,CMP-S01-L02-01,S01,S01-L02,1,running,180.4458,399.9205,119.6177,35.1588,-0.7258,A,relation-reasoning-agent-eval-v3.1
2026-08-07T10:10:00+09:00,CMP-S01-L03-01,S01,S01-L03,1,running,183.302,425.1102,109.7097,42.8903,0.4314,A,relation-reasoning-agent-eval-v3.1
2026-08-07T10:10:00+09:00,CMP-S01-L04-01,S01,S01-L04,1,running,168.1321,499.6365,90.0428,40.6802,0.1717,A,relation-reasoning-agent-eval-v3.1
2026-08-07T10:10:00+09:00,CMP-S01-L05-01,S01,S01-L05,1,running,215.1005,441.2007,84.9168,45.3684,0.7085,A,relation-reasoning-agent-eval-v3.1
2026-08-07T10:20:00+09:00,CMP-S01-L01-01,S01,S01-L01,1,running,185.3044,490.3763,102.238,34.9874,-0.897,A,relation-reasoning-agent-eval-v3.1
2026-08-07T10:20:00+09:00,CMP-S01-L02-01,S01,S01-L02,1,running,173.0755,401.2063,111.2312,35.598,-0.6445,A,relation-reasoning-agent-eval-v3.1
2026-08-07T10:20:00+09:00,CMP-S01-L03-01,S01,S01-L03,1,running,181.3398,432.9123,109.2532,43.2417,0.4965,A,relation-reasoning-agent-eval-v3.1
2026-08-07T10:20:00+09:00,CMP-S01-L04-01,S01,S01-L04,1,running,159.4012,465.2134,92.4516,40.5734,0.152,A,relation-reasoning-agent-eval-v3.1
2026-08-07T10:20:00+09:00,CMP-S01-L05-01,S01,S01-L05,1,running,196.7216,417.8773,93.9612,48.3475,1.2602,B,relation-reasoning-agent-eval-v3.1
2026-08-07T10:30:00+09:00,CMP-S01-L01-01,S01,S01-L01,1,running,207.7792,507.0684,95.2261,36.8288,-0.556,A,relation-reasoning-agent-eval-v3.1
2026-08-07T10:30:00+09:00,CMP-S01-L02-01,S01,S01-L02,1,running,175.9159,429.2383,111.1155,35.0672,-0.7428,A,relation-reasoning-agent-eval-v3.1
2026-08-07T10:30:00+09:00,CMP-S01-L03-01,S01,S01-L03,1,running,155.9195,460.7028,111.3731,38.1231,-0.4514,A,relation-reasoning-agent-eval-v3.1
2026-08-07T10:30:00+09:00,CMP-S01-L04-01,S01,S01-L04,1,running,158.438,445.9453,92.157,45.8177,1.1231,B,relation-reasoning-agent-eval-v3.1
2026-08-07T10:30:00+09:00,CMP-S01-L05-01,S01,S01-L05,1,running,198.5318,390.5335,97.7847,51.6814,1.8776,B,relation-reasoning-agent-eval-v3.1
2026-08-07T10:40:00+09:00,CMP-S01-L01-01,S01,S01-L01,1,running,193.7176,526.2291,89.5374,38.4657,-0.2529,A,relation-reasoning-agent-eval-v3.1
2026-08-07T10:40:00+09:00,CMP-S01-L02-01,S01,S01-L02,1,running,161.4004,414.5873,105.3962,33.7895,-0.9794,A,relation-reasoning-agent-eval-v3.1
2026-08-07T10:40:00+09:00,CMP-S01-L03-01,S01,S01-L03,1,running,162.8329,417.8818,107.2011,38.4209,-0.3962,A,relation-reasoning-agent-eval-v3.1
2026-08-07T10:40:00+09:00,CMP-S01-L04-01,S01,S01-L04,1,running,165.8921,422.913,91.1034,51.5438,2.1834,C,relation-reasoning-agent-eval-v3.1
2026-08-07T10:40:00+09:00,CMP-S01-L05-01,S01,S01-L05,1,running,176.649,434.2639,101.6271,45.0639,0.6521,A,relation-reasoning-agent-eval-v3.1
2026-08-07T10:50:00+09:00,CMP-S01-L01-01,S01,S01-L01,1,running,215.3506,489.0667,89.5984,42.2821,0.4539,A,relation-reasoning-agent-eval-v3.1
2026-08-07T10:50:00+09:00,CMP-S01-L02-01,S01,S01-L02,1,running,162.4037,401.4279,102.4318,35.8878,-0.5908,A,relation-reasoning-agent-eval-v3.1
2026-08-07T10:50:00+09:00,CMP-S01-L03-01,S01,S01-L03,1,running,162.9278,414.096,105.9746,40.1019,-0.0849,A,relation-reasoning-agent-eval-v3.1
2026-08-07T10:50:00+09:00,CMP-S01-L04-01,S01,S01-L04,1,running,196.1384,421.966,89.3522,47.5204,1.4384,B,relation-reasoning-agent-eval-v3.1
2026-08-07T10:50:00+09:00,CMP-S01-L05-01,S01,S01-L05,1,running,179.9759,444.56,104.4698,43.8873,0.4342,A,relation-reasoning-agent-eval-v3.1
2026-08-07T11:00:00+09:00,CMP-S01-L01-01,S01,S01-L01,1,running,201.7043,494.6904,87.1138,48.5037,1.606,B,relation-reasoning-agent-eval-v3.1
2026-08-07T11:00:00+09:00,CMP-S01-L02-01,S01,S01-L02,1,running,166.8334,375.2188,91.9228,38.0521,-0.19,A,relation-reasoning-agent-eval-v3.1
2026-08-07T11:00:00+09:00,CMP-S01-L03-01,S01,S01-L03,1,running,158.7914,429.8702,106.0228,38.7515,-0.335,A,relation-reasoning-agent-eval-v3.1
2026-08-07T11:00:00+09:00,CMP-S01-L04-01,S01,S01-L04,1,running,190.1187,400.2853,94.6253,45.2287,1.014,B,relation-reasoning-agent-eval-v3.1
2026-08-07T11:00:00+09:00,CMP-S01-L05-01,S01,S01-L05,1,running,159.612,464.7882,104.0011,38.4099,-0.5801,A,relation-reasoning-agent-eval-v3.1
2026-08-07T11:10:00+09:00,CMP-S01-L01-01,S01,S01-L01,1,running,203.0149,498.3649,91.7317,44.7276,0.9067,A,relation-reasoning-agent-eval-v3.1
2026-08-07T11:10:00+09:00,CMP-S01-L02-01,S01,S01-L02,1,running,159.5411,429.4767,93.6965,31.7157,-1.3634,B,relation-reasoning-agent-eval-v3.1
2026-08-07T11:10:00+09:00,CMP-S01-L03-01,S01,S01-L03,1,running,170.1821,442.5577,103.6021,33.0565,-1.3896,B,relation-reasoning-agent-eval-v3.1
2026-08-07T11:10:00+09:00,CMP-S01-L04-01,S01,S01-L04,1,running,183.8026,422.6872,100.2335,49.8068,1.8618,B,relation-reasoning-agent-eval-v3.1
2026-08-07T11:10:00+09:00,CMP-S01-L05-01,S01,S01-L05,1,running,174.3484,453.0019,102.887,41.0597,-0.0894,A,relation-reasoning-agent-eval-v3.1
2026-08-07T11:20:00+09:00,CMP-S01-L01-01,S01,S01-L01,1,running,184.5047,477.649,90.1178,46.0372,1.1492,B,relation-reasoning-agent-eval-v3.1
2026-08-07T11:20:00+09:00,CMP-S01-L02-01,S01,S01-L02,1,running,180.2228,442.1469,97.5191,32.1073,-1.2909,B,relation-reasoning-agent-eval-v3.1
2026-08-07T11:20:00+09:00,CMP-S01-L03-01,S01,S01-L03,1,running,171.2158,438.5892,93.7761,35.2675,-0.9802,A,relation-reasoning-agent-eval-v3.1
2026-08-07T11:20:00+09:00,CMP-S01-L04-01,S01,S01-L04,1,running,170.0993,420.348,101.1708,43.0723,0.6147,A,relation-reasoning-agent-eval-v3.1
2026-08-07T11:20:00+09:00,CMP-S01-L05-01,S01,S01-L05,1,running,192.1091,421.0352,97.7961,36.4967,-0.9344,A,relation-reasoning-agent-eval-v3.1
2026-08-07T11:30:00+09:00,CMP-S01-L01-01,S01,S01-L01,1,running,185.1444,480.4972,92.7563,41.9086,0.3847,A,relation-reasoning-agent-eval-v3.1
2026-08-07T11:30:00+09:00,CMP-S01-L02-01,S01,S01-L02,1,running,180.3185,425.416,92.3295,29.8221,-1.7141,B,relation-reasoning-agent-eval-v3.1
2026-08-07T11:30:00+09:00,CMP-S01-L03-01,S01,S01-L03,1,running,178.2183,404.5047,101.6156,40.3309,-0.0425,A,relation-reasoning-agent-eval-v3.1
2026-08-07T11:30:00+09:00,CMP-S01-L04-01,S01,S01-L04,1,running,173.2049,475.1332,101.1147,42.9944,0.6002,A,relation-reasoning-agent-eval-v3.1
2026-08-07T11:30:00+09:00,CMP-S01-L05-01,S01,S01-L05,1,running,194.496,455.2543,107.7525,34.5817,-1.2891,B,relation-reasoning-agent-eval-v3.1
2026-08-07T11:40:00+09:00,CMP-S01-L01-01,S01,S01-L01,1,running,189.4155,427.4093,89.2969,48.0356,1.5193,B,relation-reasoning-agent-eval-v3.1
2026-08-07T11:40:00+09:00,CMP-S01-L02-01,S01,S01-L02,1,running,168.1753,502.2719,90.7366,34.4785,-0.8518,A,relation-reasoning-agent-eval-v3.1
2026-08-07T11:40:00+09:00,CMP-S01-L03-01,S01,S01-L03,1,running,194.2795,402.6599,105.0627,39.248,-0.243,A,relation-reasoning-agent-eval-v3.1
2026-08-07T11:40:00+09:00,CMP-S01-L04-01,S01,S01-L04,1,running,183.6974,483.2879,94.1599,34.7794,-0.9211,A,relation-reasoning-agent-eval-v3.1
2026-08-07T11:40:00+09:00,CMP-S01-L05-01,S01,S01-L05,1,running,199.8226,438.2754,112.5573,34.4568,-1.3122,B,relation-reasoning-agent-eval-v3.1
2026-08-07T11:50:00+09:00,CMP-S01-L01-01,S01,S01-L01,1,running,200.5556,461.651,87.8257,45.246,1.0027,B,relation-reasoning-agent-eval-v3.1
2026-08-07T11:50:00+09:00,CMP-S01-L02-01,S01,S01-L02,1,running,172.3962,414.4093,89.1755,39.7007,0.1153,A,relation-reasoning-agent-eval-v3.1
2026-08-07T11:50:00+09:00,CMP-S01-L03-01,S01,S01-L03,1,running,164.8777,369.3563,104.4757,37.9543,-0.4826,A,relation-reasoning-agent-eval-v3.1
2026-08-07T11:50:00+09:00,CMP-S01-L04-01,S01,S01-L04,1,running,180.1572,475.6503,92.6543,30.7962,-1.6586,B,relation-reasoning-agent-eval-v3.1
2026-08-07T11:50:00+09:00,CMP-S01-L05-01,S01,S01-L05,1,running,194.9221,465.8388,107.1386,30.6642,-2.0145,C,relation-reasoning-agent-eval-v3.1
2026-08-07T12:00:00+09:00,CMP-S01-L01-01,S01,S01-L01,1,running,189.1697,482.5219,91.3529,48.2824,1.565,B,relation-reasoning-agent-eval-v3.1
2026-08-07T12:00:00+09:00,CMP-S01-L02-01,S01,S01-L02,1,running,197.6124,461.3082,94.7196,45.9731,1.2768,B,relation-reasoning-agent-eval-v3.1
2026-08-07T12:00:00+09:00,CMP-S01-L03-01,S01,S01-L03,1,running,146.597,346.1508,103.9933,42.7614,0.4076,A,relation-reasoning-agent-eval-v3.1
2026-08-07T12:00:00+09:00,CMP-S01-L04-01,S01,S01-L04,1,running,155.2403,481.0325,97.2929,28.6325,-2.0594,C,relation-reasoning-agent-eval-v3.1
2026-08-07T12:00:00+09:00,CMP-S01-L05-01,S01,S01-L05,1,running,197.5087,414.872,109.3086,33.1111,-1.5614,B,relation-reasoning-agent-eval-v3.1
2026-08-07T12:10:00+09:00,CMP-S01-L01-01,S01,S01-L01,1,running,181.9338,503.3902,91.8823,49.6758,1.8231,B,relation-reasoning-agent-eval-v3.1
2026-08-07T12:10:00+09:00,CMP-S01-L02-01,S01,S01-L02,1,running,196.2495,458.884,95.8592,40.2936,0.2251,A,relation-reasoning-agent-eval-v3.1
2026-08-07T12:10:00+09:00,CMP-S01-L03-01,S01,S01-L03,1,running,154.5145,346.2079,99.4081,44.6186,0.7515,A,relation-reasoning-agent-eval-v3.1
2026-08-07T12:10:00+09:00,CMP-S01-L04-01,S01,S01-L04,1,running,137.6972,463.3822,99.044,32.8641,-1.2758,B,relation-reasoning-agent-eval-v3.1
2026-08-07T12:10:00+09:00,CMP-S01-L05-01,S01,S01-L05,1,running,190.5045,419.9929,102.2295,37.9945,-0.6571,A,relation-reasoning-agent-eval-v3.1
2026-08-07T12:20:00+09:00,CMP-S01-L01-01,S01,S01-L01,1,running,177.5423,465.0227,94.867,45.1821,0.9909,A,relation-reasoning-agent-eval-v3.1
2026-08-07T12:20:00+09:00,CMP-S01-L02-01,S01,S01-L02,1,running,192.9743,431.7085,97.6869,30.4185,-1.6037,B,relation-reasoning-agent-eval-v3.1
2026-08-07T12:20:00+09:00,CMP-S01-L03-01,S01,S01-L03,1,running,169.3944,359.4791,102.5815,42.8318,0.4206,A,relation-reasoning-agent-eval-v3.1
2026-08-07T12:20:00+09:00,CMP-S01-L04-01,S01,S01-L04,1,running,153.4398,513.0097,97.9428,36.9663,-0.5161,A,relation-reasoning-agent-eval-v3.1
2026-08-07T12:20:00+09:00,CMP-S01-L05-01,S01,S01-L05,1,running,183.9948,393.2248,104.9282,41.56,0.0032,A,relation-reasoning-agent-eval-v3.1
2026-08-07T12:30:00+09:00,CMP-S01-L01-01,S01,S01-L01,1,running,159.9261,394.1196,94.0511,42.9444,0.5765,A,relation-reasoning-agent-eval-v3.1
2026-08-07T12:30:00+09:00,CMP-S01-L02-01,S01,S01-L02,1,running,181.2601,462.7102,101.7536,40.8292,0.3242,A,relation-reasoning-agent-eval-v3.1
2026-08-07T12:30:00+09:00,CMP-S01-L03-01,S01,S01-L03,1,running,159.7692,330.6559,107.0425,41.2092,0.1201,A,relation-reasoning-agent-eval-v3.1
2026-08-07T12:30:00+09:00,CMP-S01-L04-01,S01,S01-L04,1,running,157.318,506.7924,102.1326,40.4004,0.1199,A,relation-reasoning-agent-eval-v3.1
2026-08-07T12:30:00+09:00,CMP-S01-L05-01,S01,S01-L05,1,running,179.515,413.3823,103.9118,35.81,-1.0616,B,relation-reasoning-agent-eval-v3.1
2026-08-07T12:40:00+09:00,CMP-S01-L01-01,S01,S01-L01,1,running,153.4588,459.1805,93.1353,45.905,1.1248,B,relation-reasoning-agent-eval-v3.1
2026-08-07T12:40:00+09:00,CMP-S01-L02-01,S01,S01-L02,1,running,183.0303,458.676,104.3729,40.8679,0.3314,A,relation-reasoning-agent-eval-v3.1
2026-08-07T12:40:00+09:00,CMP-S01-L03-01,S01,S01-L03,1,running,159.6229,343.8265,109.3917,30.6462,-1.836,B,relation-reasoning-agent-eval-v3.1
2026-08-07T12:40:00+09:00,CMP-S01-L04-01,S01,S01-L04,1,running,145.2947,460.4007,102.1992,33.7399,-1.1135,B,relation-reasoning-agent-eval-v3.1
2026-08-07T12:40:00+09:00,CMP-S01-L05-01,S01,S01-L05,1,running,163.4466,395.8517,97.4108,32.7867,-1.6215,B,relation-reasoning-agent-eval-v3.1
2026-08-07T12:50:00+09:00,CMP-S01-L01-01,S01,S01-L01,1,running,156.8241,465.2811,94.8786,45.6303,1.0739,B,relation-reasoning-agent-eval-v3.1
2026-08-07T12:50:00+09:00,CMP-S01-L02-01,S01,S01-L02,1,running,159.4302,440.7626,97.828,36.6694,-0.4461,A,relation-reasoning-agent-eval-v3.1
2026-08-07T12:50:00+09:00,CMP-S01-L03-01,S01,S01-L03,1,running,167.0832,386.623,107.9911,36.121,-0.8221,A,relation-reasoning-agent-eval-v3.1
2026-08-07T12:50:00+09:00,CMP-S01-L04-01,S01,S01-L04,1,running,162.4958,435.5874,104.8574,37.6145,-0.396,A,relation-reasoning-agent-eval-v3.1
2026-08-07T12:50:00+09:00,CMP-S01-L05-01,S01,S01-L05,1,running,172.6531,392.8765,102.1001,35.9567,-1.0344,B,relation-reasoning-agent-eval-v3.1
2026-08-07T13:00:00+09:00,CMP-S01-L01-01,S01,S01-L01,1,running,167.721,482.9857,93.2088,46.9204,1.3128,B,relation-reasoning-agent-eval-v3.1
2026-08-07T13:00:00+09:00,CMP-S01-L02-01,S01,S01-L02,1,running,151.3332,448.2702,101.6668,35.6191,-0.6406,A,relation-reasoning-agent-eval-v3.1
2026-08-07T13:00:00+09:00,CMP-S01-L03-01,S01,S01-L03,1,running,166.6571,402.522,107.6201,43.3302,0.5129,A,relation-reasoning-agent-eval-v3.1
2026-08-07T13:00:00+09:00,CMP-S01-L04-01,S01,S01-L04,1,running,154.4548,475.7489,101.837,28.4101,-2.1006,C,relation-reasoning-agent-eval-v3.1
2026-08-07T13:00:00+09:00,CMP-S01-L05-01,S01,S01-L05,1,running,170.7513,433.7703,102.7124,42.8436,0.2409,A,relation-reasoning-agent-eval-v3.1
2026-08-07T13:10:00+09:00,CMP-S01-L01-01,S01,S01-L01,1,running,172.3317,496.2085,99.0611,39.0656,-0.1418,A,relation-reasoning-agent-eval-v3.1
2026-08-07T13:10:00+09:00,CMP-S01-L02-01,S01,S01-L02,1,running,134.8672,449.4923,106.7835,37.9555,-0.2079,A,relation-reasoning-agent-eval-v3.1
2026-08-07T13:10:00+09:00,CMP-S01-L03-01,S01,S01-L03,1,running,179.848,418.838,107.92,40.7302,0.0314,A,relation-reasoning-agent-eval-v3.1
2026-08-07T13:10:00+09:00,CMP-S01-L04-01,S01,S01-L04,1,running,157.8699,464.4737,104.5181,24.8883,-2.7527,C,relation-reasoning-agent-eval-v3.1
2026-08-07T13:10:00+09:00,CMP-S01-L05-01,S01,S01-L05,1,running,170.9248,424.3779,97.6749,42.48,0.1736,A,relation-reasoning-agent-eval-v3.1
2026-08-07T13:20:00+09:00,CMP-S01-L01-01,S01,S01-L01,1,running,183.7326,534.8422,92.7287,37.6583,-0.4024,A,relation-reasoning-agent-eval-v3.1
2026-08-07T13:20:00+09:00,CMP-S01-L02-01,S01,S01-L02,1,running,140.5068,445.4725,107.2275,37.7742,-0.2415,A,relation-reasoning-agent-eval-v3.1
2026-08-07T13:20:00+09:00,CMP-S01-L03-01,S01,S01-L03,1,running,177.1049,388.4861,110.7294,39.8357,-0.1342,A,relation-reasoning-agent-eval-v3.1
2026-08-07T13:20:00+09:00,CMP-S01-L04-01,S01,S01-L04,1,running,167.3289,440.8073,99.5233,33.9904,-1.0671,B,relation-reasoning-agent-eval-v3.1
2026-08-07T13:20:00+09:00,CMP-S01-L05-01,S01,S01-L05,1,running,175.5004,470.8872,99.4853,41.2522,-0.0538,A,relation-reasoning-agent-eval-v3.1
2026-08-07T13:30:00+09:00,CMP-S01-L01-01,S01,S01-L01,1,running,190.6069,543.2574,96.076,43.5746,0.6932,A,relation-reasoning-agent-eval-v3.1
2026-08-07T13:30:00+09:00,CMP-S01-L02-01,S01,S01-L02,1,running,147.476,469.2398,111.1978,36.1073,-0.5502,A,relation-reasoning-agent-eval-v3.1
2026-08-07T13:30:00+09:00,CMP-S01-L03-01,S01,S01-L03,1,running,172.139,379.5719,110.4807,47.4869,1.2827,B,relation-reasoning-agent-eval-v3.1
2026-08-07T13:30:00+09:00,CMP-S01-L04-01,S01,S01-L04,1,running,173.7298,399.708,108.0082,38.551,-0.2226,A,relation-reasoning-agent-eval-v3.1
2026-08-07T13:30:00+09:00,CMP-S01-L05-01,S01,S01-L05,1,running,176.7386,468.2762,99.2889,38.1908,-0.6207,A,relation-reasoning-agent-eval-v3.1
2026-08-07T13:40:00+09:00,CMP-S01-L01-01,S01,S01-L01,1,running,203.9529,518.0772,94.1992,42.9199,0.572,A,relation-reasoning-agent-eval-v3.1
2026-08-07T13:40:00+09:00,CMP-S01-L02-01,S01,S01-L02,1,running,165.8313,447.7225,111.6807,39.7316,0.121,A,relation-reasoning-agent-eval-v3.1
2026-08-07T13:40:00+09:00,CMP-S01-L03-01,S01,S01-L03,1,running,178.7855,387.2693,103.6354,43.743,0.5894,A,relation-reasoning-agent-eval-v3.1
2026-08-07T13:40:00+09:00,CMP-S01-L04-01,S01,S01-L04,1,running,179.5779,401.6447,101.8133,33.7961,-1.1032,B,relation-reasoning-agent-eval-v3.1
2026-08-07T13:40:00+09:00,CMP-S01-L05-01,S01,S01-L05,1,running,188.6186,479.8115,97.8293,32.1065,-1.7474,B,relation-reasoning-agent-eval-v3.1
2026-08-07T13:50:00+09:00,CMP-S01-L01-01,S01,S01-L01,1,running,199.8866,488.7366,98.1471,45.7917,1.1038,B,relation-reasoning-agent-eval-v3.1
2026-08-07T13:50:00+09:00,CMP-S01-L02-01,S01,S01-L02,1,running,175.8034,464.5684,106.7382,32.6875,-1.1835,B,relation-reasoning-agent-eval-v3.1
2026-08-07T13:50:00+09:00,CMP-S01-L03-01,S01,S01-L03,1,running,150.8827,387.8914,103.4115,38.6823,-0.3478,A,relation-reasoning-agent-eval-v3.1
2026-08-07T13:50:00+09:00,CMP-S01-L04-01,S01,S01-L04,1,running,184.8277,492.2353,97.5448,34.0404,-1.0579,B,relation-reasoning-agent-eval-v3.1
2026-08-07T13:50:00+09:00,CMP-S01-L05-01,S01,S01-L05,1,running,191.0354,426.6395,93.2782,42.0696,0.0976,A,relation-reasoning-agent-eval-v3.1
2026-08-07T14:00:00+09:00,CMP-S01-L01-01,S01,S01-L01,1,running,182.0028,462.5632,101.8982,41.9321,0.3891,A,relation-reasoning-agent-eval-v3.1
2026-08-07T14:00:00+09:00,CMP-S01-L02-01,S01,S01-L02,1,running,204.8685,456.9262,113.0754,35.6387,-0.637,A,relation-reasoning-agent-eval-v3.1
2026-08-07T14:00:00+09:00,CMP-S01-L03-01,S01,S01-L03,1,running,156.5164,394.3569,104.6376,32.7991,-1.4373,B,relation-reasoning-agent-eval-v3.1
2026-08-07T14:00:00+09:00,CMP-S01-L04-01,S01,S01-L04,1,running,176.1736,488.3821,93.6873,34.8763,-0.9031,A,relation-reasoning-agent-eval-v3.1
2026-08-07T14:00:00+09:00,CMP-S01-L05-01,S01,S01-L05,1,running,196.2315,377.6392,89.3511,46.5802,0.9329,A,relation-reasoning-agent-eval-v3.1
2026-08-07T14:10:00+09:00,CMP-S01-L01-01,S01,S01-L01,1,running,182.9961,488.454,106.354,43.092,0.6039,A,relation-reasoning-agent-eval-v3.1
2026-08-07T14:10:00+09:00,CMP-S01-L02-01,S01,S01-L02,1,running,194.1247,438.8011,106.0011,44.8063,1.0607,B,relation-reasoning-agent-eval-v3.1
2026-08-07T14:10:00+09:00,CMP-S01-L03-01,S01,S01-L03,1,running,157.9775,397.6927,104.8464,33.2785,-1.3485,B,relation-reasoning-agent-eval-v3.1
2026-08-07T14:10:00+09:00,CMP-S01-L04-01,S01,S01-L04,1,running,188.1987,489.2912,88.6477,33.4398,-1.1692,B,relation-reasoning-agent-eval-v3.1
2026-08-07T14:10:00+09:00,CMP-S01-L05-01,S01,S01-L05,1,running,184.4031,346.6587,85.9914,43.8486,0.427,A,relation-reasoning-agent-eval-v3.1
2026-08-07T14:20:00+09:00,CMP-S01-L01-01,S01,S01-L01,1,running,183.6882,479.8322,107.8113,33.8818,-1.1017,B,relation-reasoning-agent-eval-v3.1
2026-08-07T14:20:00+09:00,CMP-S01-L02-01,S01,S01-L02,1,running,200.1885,490.7033,101.5546,42.8478,0.6981,A,relation-reasoning-agent-eval-v3.1
2026-08-07T14:20:00+09:00,CMP-S01-L03-01,S01,S01-L03,1,running,159.2337,414.3881,99.8511,28.5755,-2.2194,C,relation-reasoning-agent-eval-v3.1
2026-08-07T14:20:00+09:00,CMP-S01-L04-01,S01,S01-L04,1,running,183.5306,446.4952,90.8575,33.8969,-1.0845,B,relation-reasoning-agent-eval-v3.1
2026-08-07T14:20:00+09:00,CMP-S01-L05-01,S01,S01-L05,1,running,190.1282,370.1099,92.6964,44.411,0.5312,A,relation-reasoning-agent-eval-v3.1
2026-08-07T14:30:00+09:00,CMP-S01-L01-01,S01,S01-L01,1,running,170.66,448.8247,102.6692,30.4958,-1.7288,B,relation-reasoning-agent-eval-v3.1
2026-08-07T14:30:00+09:00,CMP-S01-L02-01,S01,S01-L02,1,running,185.6598,513.1288,105.8275,47.9034,1.6343,B,relation-reasoning-agent-eval-v3.1
2026-08-07T14:30:00+09:00,CMP-S01-L03-01,S01,S01-L03,1,running,156.2196,396.9755,97.9403,28.126,-2.3027,C,relation-reasoning-agent-eval-v3.1
2026-08-07T14:30:00+09:00,CMP-S01-L04-01,S01,S01-L04,1,running,178.603,488.6488,91.401,39.3062,-0.0828,A,relation-reasoning-agent-eval-v3.1
2026-08-07T14:30:00+09:00,CMP-S01-L05-01,S01,S01-L05,1,running,185.6759,403.4604,92.4806,50.9274,1.7379,B,relation-reasoning-agent-eval-v3.1
2026-08-07T14:40:00+09:00,CMP-S01-L01-01,S01,S01-L01,1,running,174.1557,451.7648,106.8067,28.3832,-2.12,C,relation-reasoning-agent-eval-v3.1
2026-08-07T14:40:00+09:00,CMP-S01-L02-01,S01,S01-L02,1,running,189.6345,442.6559,113.0661,43.8405,0.8819,A,relation-reasoning-agent-eval-v3.1
2026-08-07T14:40:00+09:00,CMP-S01-L03-01,S01,S01-L03,1,running,154.3595,440.9856,94.4686,28.7837,-2.1809,C,relation-reasoning-agent-eval-v3.1
2026-08-07T14:40:00+09:00,CMP-S01-L04-01,S01,S01-L04,1,running,190.8417,517.4453,92.8559,46.4681,1.2435,B,relation-reasoning-agent-eval-v3.1
2026-08-07T14:40:00+09:00,CMP-S01-L05-01,S01,S01-L05,1,running,182.5679,469.2812,91.7748,45.5367,0.7396,A,relation-reasoning-agent-eval-v3.1
2026-08-07T14:50:00+09:00,CMP-S01-L01-01,S01,S01-L01,1,running,173.6841,422.5743,101.1785,29.1014,-1.987,B,relation-reasoning-agent-eval-v3.1
2026-08-07T14:50:00+09:00,CMP-S01-L02-01,S01,S01-L02,1,running,174.0752,459.5479,109.6004,41.3613,0.4228,A,relation-reasoning-agent-eval-v3.1
2026-08-07T14:50:00+09:00,CMP-S01-L03-01,S01,S01-L03,1,running,166.7952,463.6683,95.2268,38.7489,-0.3355,A,relation-reasoning-agent-eval-v3.1
2026-08-07T14:50:00+09:00,CMP-S01-L04-01,S01,S01-L04,1,running,187.0985,513.9123,91.4721,43.0617,0.6127,A,relation-reasoning-agent-eval-v3.1
2026-08-07T14:50:00+09:00,CMP-S01-L05-01,S01,S01-L05,1,running,171.961,430.8187,89.2591,44.597,0.5656,A,relation-reasoning-agent-eval-v3.1
2026-08-07T15:00:00+09:00,CMP-S01-L01-01,S01,S01-L01,1,running,187.4402,464.8366,103.0107,32.8063,-1.3009,B,relation-reasoning-agent-eval-v3.1
2026-08-07T15:00:00+09:00,CMP-S01-L02-01,S01,S01-L02,1,running,184.4705,459.375,108.8562,37.7232,-0.2509,A,relation-reasoning-agent-eval-v3.1
2026-08-07T15:00:00+09:00,CMP-S01-L03-01,S01,S01-L03,1,running,153.1391,472.3968,96.3061,34.9205,-1.0444,B,relation-reasoning-agent-eval-v3.1
2026-08-07T15:00:00+09:00,CMP-S01-L04-01,S01,S01-L04,1,running,187.3891,518.8253,89.9357,39.9957,0.0449,A,relation-reasoning-agent-eval-v3.1
2026-08-07T15:00:00+09:00,CMP-S01-L05-01,S01,S01-L05,1,running,189.994,463.9663,95.2777,40.8453,-0.1291,A,relation-reasoning-agent-eval-v3.1
2026-08-07T15:10:00+09:00,CMP-S01-L01-01,S01,S01-L01,1,running,198.1223,463.4505,100.3169,31.9387,-1.4616,B,relation-reasoning-agent-eval-v3.1
2026-08-07T15:10:00+09:00,CMP-S01-L02-01,S01,S01-L02,1,running,177.7271,459.527,103.3001,36.7271,-0.4354,A,relation-reasoning-agent-eval-v3.1
2026-08-07T15:10:00+09:00,CMP-S01-L03-01,S01,S01-L03,1,running,164.8931,420.7293,103.0644,32.3257,-1.5249,B,relation-reasoning-agent-eval-v3.1
2026-08-07T15:10:00+09:00,CMP-S01-L04-01,S01,S01-L04,1,running,173.4168,510.8245,86.1825,42.4931,0.5075,A,relation-reasoning-agent-eval-v3.1
2026-08-07T15:10:00+09:00,CMP-S01-L05-01,S01,S01-L05,1,running,177.6137,466.4463,93.0726,39.2304,-0.4282,A,relation-reasoning-agent-eval-v3.1
2026-08-07T15:20:00+09:00,CMP-S01-L01-01,S01,S01-L01,1,running,198.8119,514.3262,98.8557,37.8052,-0.3752,A,relation-reasoning-agent-eval-v3.1
2026-08-07T15:20:00+09:00,CMP-S01-L02-01,S01,S01-L02,1,running,177.219,459.1496,101.2936,33.7008,-0.9958,A,relation-reasoning-agent-eval-v3.1
2026-08-07T15:20:00+09:00,CMP-S01-L03-01,S01,S01-L03,1,running,165.2985,398.0112,100.5014,29.9051,-1.9732,B,relation-reasoning-agent-eval-v3.1
2026-08-07T15:20:00+09:00,CMP-S01-L04-01,S01,S01-L04,1,running,178.0283,519.1002,91.1422,40.1035,0.0649,A,relation-reasoning-agent-eval-v3.1
2026-08-07T15:20:00+09:00,CMP-S01-L05-01,S01,S01-L05,1,running,154.3872,429.3516,96.6597,44.087,0.4712,A,relation-reasoning-agent-eval-v3.1
2026-08-07T15:30:00+09:00,CMP-S01-L01-01,S01,S01-L01,1,running,194.6159,479.108,97.5767,44.3027,0.828,A,relation-reasoning-agent-eval-v3.1
2026-08-07T15:30:00+09:00,CMP-S01-L02-01,S01,S01-L02,1,running,175.0625,414.7611,98.7403,36.6008,-0.4588,A,relation-reasoning-agent-eval-v3.1
2026-08-07T15:30:00+09:00,CMP-S01-L03-01,S01,S01-L03,1,running,149.7779,387.6388,102.2107,37.0223,-0.6552,A,relation-reasoning-agent-eval-v3.1
2026-08-07T15:30:00+09:00,CMP-S01-L04-01,S01,S01-L04,1,running,163.4985,555.2437,96.3958,37.496,-0.418,A,relation-reasoning-agent-eval-v3.1
2026-08-07T15:30:00+09:00,CMP-S01-L05-01,S01,S01-L05,1,running,159.5131,392.0609,101.6994,40.6256,-0.1698,A,relation-reasoning-agent-eval-v3.1
2026-08-07T15:40:00+09:00,CMP-S01-L01-01,S01,S01-L01,1,running,191.4267,495.6454,96.4518,40.7605,0.1721,A,relation-reasoning-agent-eval-v3.1
2026-08-07T15:40:00+09:00,CMP-S01-L02-01,S01,S01-L02,1,running,166.7969,449.996,96.723,37.2237,-0.3434,A,relation-reasoning-agent-eval-v3.1
2026-08-07T15:40:00+09:00,CMP-S01-L03-01,S01,S01-L03,1,running,143.315,411.9773,96.6522,37.1261,-0.636,A,relation-reasoning-agent-eval-v3.1
2026-08-07T15:40:00+09:00,CMP-S01-L04-01,S01,S01-L04,1,running,172.2997,548.1351,93.1797,34.4759,-0.9773,A,relation-reasoning-agent-eval-v3.1
2026-08-07T15:40:00+09:00,CMP-S01-L05-01,S01,S01-L05,1,running,139.2178,431.6767,101.2274,42.2401,0.1292,A,relation-reasoning-agent-eval-v3.1
2026-08-07T15:50:00+09:00,CMP-S01-L01-01,S01,S01-L01,1,running,177.1207,474.3588,100.0381,44.4912,0.863,A,relation-reasoning-agent-eval-v3.1
2026-08-07T15:50:00+09:00,CMP-S01-L02-01,S01,S01-L02,1,running,173.4853,366.5069,89.8442,43.6263,0.8422,A,relation-reasoning-agent-eval-v3.1
2026-08-07T15:50:00+09:00,CMP-S01-L03-01,S01,S01-L03,1,running,153.7009,376.3004,103.0955,40.3532,-0.0384,A,relation-reasoning-agent-eval-v3.1
2026-08-07T15:50:00+09:00,CMP-S01-L04-01,S01,S01-L04,1,running,173.4108,518.5859,95.32,36.0697,-0.6821,A,relation-reasoning-agent-eval-v3.1
2026-08-07T15:50:00+09:00,CMP-S01-L05-01,S01,S01-L05,1,running,155.0082,443.8121,96.8719,43.4899,0.3606,A,relation-reasoning-agent-eval-v3.1
2026-08-07T16:00:00+09:00,CMP-S01-L01-01,S01,S01-L01,1,running,187.4032,444.1553,101.5498,42.7193,0.5348,A,relation-reasoning-agent-eval-v3.1
2026-08-07T16:00:00+09:00,CMP-S01-L02-01,S01,S01-L02,1,running,173.344,354.3351,93.1272,39.6178,0.0999,A,relation-reasoning-agent-eval-v3.1
2026-08-07T16:00:00+09:00,CMP-S01-L03-01,S01,S01-L03,1,running,165.8482,376.5996,106.0326,39.9379,-0.1153,A,relation-reasoning-agent-eval-v3.1
2026-08-07T16:00:00+09:00,CMP-S01-L04-01,S01,S01-L04,1,running,171.6201,473.1738,93.505,36.9059,-0.5273,A,relation-reasoning-agent-eval-v3.1
2026-08-07T16:00:00+09:00,CMP-S01-L05-01,S01,S01-L05,1,running,146.6009,419.5557,107.9525,44.0081,0.4566,A,relation-reasoning-agent-eval-v3.1
2026-08-07T16:10:00+09:00,CMP-S01-L01-01,S01,S01-L01,1,running,166.0689,478.7255,104.8275,39.2753,-0.1029,A,relation-reasoning-agent-eval-v3.1
2026-08-07T16:10:00+09:00,CMP-S01-L02-01,S01,S01-L02,1,running,182.5072,403.3318,94.9182,43.0595,0.7373,A,relation-reasoning-agent-eval-v3.1
2026-08-07T16:10:00+09:00,CMP-S01-L03-01,S01,S01-L03,1,running,159.2449,396.6902,107.617,37.9899,-0.476,A,relation-reasoning-agent-eval-v3.1
2026-08-07T16:10:00+09:00,CMP-S01-L04-01,S01,S01-L04,1,running,185.4159,458.8935,100.7202,40.186,0.0802,A,relation-reasoning-agent-eval-v3.1
2026-08-07T16:10:00+09:00,CMP-S01-L05-01,S01,S01-L05,1,running,172.424,431.0027,107.2047,44.2764,0.5063,A,relation-reasoning-agent-eval-v3.1
2026-08-07T16:20:00+09:00,CMP-S01-L01-01,S01,S01-L01,1,running,154.966,433.1206,109.3455,40.3251,0.0915,A,relation-reasoning-agent-eval-v3.1
2026-08-07T16:20:00+09:00,CMP-S01-L02-01,S01,S01-L02,1,running,178.3516,408.2249,103.3185,42.3862,0.6126,A,relation-reasoning-agent-eval-v3.1
2026-08-07T16:20:00+09:00,CMP-S01-L03-01,S01,S01-L03,1,running,176.477,406.7582,109.6141,36.4682,-0.7578,A,relation-reasoning-agent-eval-v3.1
2026-08-07T16:20:00+09:00,CMP-S01-L04-01,S01,S01-L04,1,running,183.1453,470.0972,99.4144,39.0248,-0.1348,A,relation-reasoning-agent-eval-v3.1
2026-08-07T16:20:00+09:00,CMP-S01-L05-01,S01,S01-L05,1,running,170.2577,427.377,111.7485,39.2534,-0.4239,A,relation-reasoning-agent-eval-v3.1
2026-08-07T16:30:00+09:00,CMP-S01-L01-01,S01,S01-L01,1,running,172.7199,468.6897,99.5835,38.9997,-0.154,A,relation-reasoning-agent-eval-v3.1
2026-08-07T16:30:00+09:00,CMP-S01-L02-01,S01,S01-L02,1,running,178.6179,421.7159,102.9202,44.9709,1.0912,B,relation-reasoning-agent-eval-v3.1
2026-08-07T16:30:00+09:00,CMP-S01-L03-01,S01,S01-L03,1,running,173.2342,425.0015,110.0109,43.08,0.4666,A,relation-reasoning-agent-eval-v3.1
2026-08-07T16:30:00+09:00,CMP-S01-L04-01,S01,S01-L04,1,running,185.5694,468.2025,94.9953,36.7763,-0.5512,A,relation-reasoning-agent-eval-v3.1
2026-08-07T16:30:00+09:00,CMP-S01-L05-01,S01,S01-L05,1,running,157.0157,436.6972,106.092,44.9726,0.6352,A,relation-reasoning-agent-eval-v3.1
2026-08-07T16:40:00+09:00,CMP-S01-L01-01,S01,S01-L01,1,running,177.6823,434.2591,102.2791,38.0928,-0.3219,A,relation-reasoning-agent-eval-v3.1
2026-08-07T16:40:00+09:00,CMP-S01-L02-01,S01,S01-L02,1,running,197.4244,447.7127,101.724,39.2977,0.0406,A,relation-reasoning-agent-eval-v3.1
2026-08-07T16:40:00+09:00,CMP-S01-L03-01,S01,S01-L03,1,running,179.6837,474.7591,112.5928,43.5067,0.5456,A,relation-reasoning-agent-eval-v3.1
2026-08-07T16:40:00+09:00,CMP-S01-L04-01,S01,S01-L04,1,running,172.3775,486.5517,95.0823,36.919,-0.5248,A,relation-reasoning-agent-eval-v3.1
2026-08-07T16:40:00+09:00,CMP-S01-L05-01,S01,S01-L05,1,running,154.9179,441.7682,97.2625,40.9202,-0.1153,A,relation-reasoning-agent-eval-v3.1
2026-08-07T16:50:00+09:00,CMP-S01-L01-01,S01,S01-L01,1,running,175.2286,453.0851,96.5651,38.458,-0.2543,A,relation-reasoning-agent-eval-v3.1
2026-08-07T16:50:00+09:00,CMP-S01-L02-01,S01,S01-L02,1,running,181.3456,429.5363,103.8431,39.1671,0.0164,A,relation-reasoning-agent-eval-v3.1
2026-08-07T16:50:00+09:00,CMP-S01-L03-01,S01,S01-L03,1,running,190.5146,415.6321,111.1976,45.9771,1.0031,B,relation-reasoning-agent-eval-v3.1
2026-08-07T16:50:00+09:00,CMP-S01-L04-01,S01,S01-L04,1,running,166.0519,484.9418,90.441,39.917,0.0304,A,relation-reasoning-agent-eval-v3.1
2026-08-07T16:50:00+09:00,CMP-S01-L05-01,S01,S01-L05,1,running,165.0371,414.5068,100.2542,39.954,-0.2942,A,relation-reasoning-agent-eval-v3.1
2026-08-07T17:00:00+09:00,CMP-S01-L01-01,S01,S01-L01,1,running,171.5818,457.9272,100.7892,37.9155,-0.3548,A,relation-reasoning-agent-eval-v3.1
2026-08-07T17:00:00+09:00,CMP-S01-L02-01,S01,S01-L02,1,running,173.8071,412.8798,105.6368,38.3763,-0.13,A,relation-reasoning-agent-eval-v3.1
2026-08-07T17:00:00+09:00,CMP-S01-L03-01,S01,S01-L03,1,running,175.8361,456.5415,101.3372,47.6049,1.3045,B,relation-reasoning-agent-eval-v3.1
2026-08-07T17:00:00+09:00,CMP-S01-L04-01,S01,S01-L04,1,running,174.4177,455.3674,90.8899,41.3315,0.2923,A,relation-reasoning-agent-eval-v3.1
2026-08-07T17:00:00+09:00,CMP-S01-L05-01,S01,S01-L05,1,running,162.3489,402.721,98.6551,38.4957,-0.5642,A,relation-reasoning-agent-eval-v3.1
2026-08-07T17:10:00+09:00,CMP-S01-L01-01,S01,S01-L01,1,running,155.03,461.7803,99.9192,49.1695,1.7293,B,relation-reasoning-agent-eval-v3.1
2026-08-07T17:10:00+09:00,CMP-S01-L02-01,S01,S01-L02,1,running,158.7804,323.0815,98.1644,34.281,-0.8884,A,relation-reasoning-agent-eval-v3.1
2026-08-07T17:10:00+09:00,CMP-S01-L03-01,S01,S01-L03,1,running,157.566,446.7654,105.9301,48.4825,1.467,B,relation-reasoning-agent-eval-v3.1
2026-08-07T17:10:00+09:00,CMP-S01-L04-01,S01,S01-L04,1,running,161.3686,489.5616,95.6173,41.032,0.2369,A,relation-reasoning-agent-eval-v3.1
2026-08-07T17:10:00+09:00,CMP-S01-L05-01,S01,S01-L05,1,running,165.4925,414.875,99.3283,30.5409,-2.0374,C,relation-reasoning-agent-eval-v3.1
2026-08-07T17:20:00+09:00,CMP-S01-L01-01,S01,S01-L01,1,running,159.0682,477.1372,100.2593,47.8175,1.4789,B,relation-reasoning-agent-eval-v3.1
2026-08-07T17:20:00+09:00,CMP-S01-L02-01,S01,S01-L02,1,running,162.2495,322.5733,102.9855,32.4216,-1.2327,B,relation-reasoning-agent-eval-v3.1
2026-08-07T17:20:00+09:00,CMP-S01-L03-01,S01,S01-L03,1,running,148.4902,467.63,106.0376,45.9422,0.9966,A,relation-reasoning-agent-eval-v3.1
2026-08-07T17:20:00+09:00,CMP-S01-L04-01,S01,S01-L04,1,running,165.6764,504.4658,101.1374,40.4585,0.1307,A,relation-reasoning-agent-eval-v3.1
2026-08-07T17:20:00+09:00,CMP-S01-L05-01,S01,S01-L05,1,running,169.8962,426.752,98.4807,31.3684,-1.8841,B,relation-reasoning-agent-eval-v3.1
2026-08-07T17:30:00+09:00,CMP-S01-L01-01,S01,S01-L01,1,running,172.4767,443.5918,100.5559,47.1162,1.3491,B,relation-reasoning-agent-eval-v3.1
2026-08-07T17:30:00+09:00,CMP-S01-L02-01,S01,S01-L02,1,running,176.4335,380.9907,99.3096,35.7289,-0.6203,A,relation-reasoning-agent-eval-v3.1
2026-08-07T17:30:00+09:00,CMP-S01-L03-01,S01,S01-L03,1,running,132.8554,501.2157,100.7617,52.8528,2.2764,C,relation-reasoning-agent-eval-v3.1
2026-08-07T17:30:00+09:00,CMP-S01-L04-01,S01,S01-L04,1,running,175.8757,497.6839,96.0954,35.7588,-0.7397,A,relation-reasoning-agent-eval-v3.1
2026-08-07T17:30:00+09:00,CMP-S01-L05-01,S01,S01-L05,1,running,176.8966,441.0264,97.9227,37.1502,-0.8134,A,relation-reasoning-agent-eval-v3.1
2026-08-07T17:40:00+09:00,CMP-S01-L01-01,S01,S01-L01,1,running,172.9965,411.3205,102.825,46.7796,1.2867,B,relation-reasoning-agent-eval-v3.1
2026-08-07T17:40:00+09:00,CMP-S01-L02-01,S01,S01-L02,1,running,168.2466,388.5503,96.5194,33.5326,-1.027,B,relation-reasoning-agent-eval-v3.1
2026-08-07T17:40:00+09:00,CMP-S01-L03-01,S01,S01-L03,1,running,136.5623,537.5629,100.1074,45.8935,0.9876,A,relation-reasoning-agent-eval-v3.1
2026-08-07T17:40:00+09:00,CMP-S01-L04-01,S01,S01-L04,1,running,176.686,502.452,95.4463,41.5644,0.3354,A,relation-reasoning-agent-eval-v3.1
2026-08-07T17:40:00+09:00,CMP-S01-L05-01,S01,S01-L05,1,running,188.4404,428.815,94.0602,36.7517,-0.8872,A,relation-reasoning-agent-eval-v3.1
2026-08-07T17:50:00+09:00,CMP-S01-L01-01,S01,S01-L01,1,running,156.5835,402.6571,105.3301,49.2304,1.7406,B,relation-reasoning-agent-eval-v3.1
2026-08-07T17:50:00+09:00,CMP-S01-L02-01,S01,S01-L02,1,running,171.5206,381.759,99.8678,29.8097,-1.7164,B,relation-reasoning-agent-eval-v3.1
2026-08-07T17:50:00+09:00,CMP-S01-L03-01,S01,S01-L03,1,running,140.5028,533.2958,101.602,48.5997,1.4888,B,relation-reasoning-agent-eval-v3.1
2026-08-07T17:50:00+09:00,CMP-S01-L04-01,S01,S01-L04,1,running,181.8537,482.2558,95.4237,41.028,0.2361,A,relation-reasoning-agent-eval-v3.1
2026-08-07T17:50:00+09:00,CMP-S01-L05-01,S01,S01-L05,1,running,178.4352,450.1313,87.7793,36.0979,-1.0083,B,relation-reasoning-agent-eval-v3.1
2026-08-07T18:00:00+09:00,CMP-S01-L01-01,S01,S01-L01,1,running,187.5048,358.1036,106.0634,48.3432,1.5763,B,relation-reasoning-agent-eval-v3.1
2026-08-07T18:00:00+09:00,CMP-S01-L02-01,S01,S01-L02,1,running,165.9595,326.0982,102.3855,28.2659,-2.0023,C,relation-reasoning-agent-eval-v3.1
2026-08-07T18:00:00+09:00,CMP-S01-L03-01,S01,S01-L03,1,running,144.8842,465.5838,107.087,47.8999,1.3592,B,relation-reasoning-agent-eval-v3.1
2026-08-07T18:00:00+09:00,CMP-S01-L04-01,S01,S01-L04,1,running,171.0308,461.0577,98.0331,36.768,-0.5528,A,relation-reasoning-agent-eval-v3.1
2026-08-07T18:00:00+09:00,CMP-S01-L05-01,S01,S01-L05,1,running,181.2419,431.7408,94.6074,42.9248,0.256,A,relation-reasoning-agent-eval-v3.1
2026-08-07T18:10:00+09:00,CMP-S01-L01-01,S01,S01-L01,1,running,197.9899,462.6848,103.075,41.879,0.3792,A,relation-reasoning-agent-eval-v3.1
2026-08-07T18:10:00+09:00,CMP-S01-L02-01,S01,S01-L02,1,running,167.4048,358.7771,109.3093,35.1533,-0.7268,A,relation-reasoning-agent-eval-v3.1
2026-08-07T18:10:00+09:00,CMP-S01-L03-01,S01,S01-L03,1,running,138.8289,434.7546,108.5897,51.3493,1.9979,B,relation-reasoning-agent-eval-v3.1
2026-08-07T18:10:00+09:00,CMP-S01-L04-01,S01,S01-L04,1,running,172.5595,397.8848,91.417,31.2293,-1.5785,B,relation-reasoning-agent-eval-v3.1
2026-08-07T18:10:00+09:00,CMP-S01-L05-01,S01,S01-L05,1,running,180.0908,410.2914,91.4169,49.5229,1.4778,B,relation-reasoning-agent-eval-v3.1
2026-08-07T18:20:00+09:00,CMP-S01-L01-01,S01,S01-L01,1,running,174.8823,451.7905,98.4483,36.164,-0.6791,A,relation-reasoning-agent-eval-v3.1
2026-08-07T18:20:00+09:00,CMP-S01-L02-01,S01,S01-L02,1,running,167.3704,389.2681,106.5911,38.5278,-0.1019,A,relation-reasoning-agent-eval-v3.1
2026-08-07T18:20:00+09:00,CMP-S01-L03-01,S01,S01-L03,1,running,174.9537,490.5547,106.5481,48.4285,1.457,B,relation-reasoning-agent-eval-v3.1
2026-08-07T18:20:00+09:00,CMP-S01-L04-01,S01,S01-L04,1,running,174.8254,408.8462,94.4721,36.2496,-0.6488,A,relation-reasoning-agent-eval-v3.1
2026-08-07T18:20:00+09:00,CMP-S01-L05-01,S01,S01-L05,1,running,187.8532,421.3984,89.1642,56.9301,2.8495,C,relation-reasoning-agent-eval-v3.1
2026-08-07T18:30:00+09:00,CMP-S01-L01-01,S01,S01-L01,1,running,176.4833,453.7732,96.6246,33.5397,-1.1651,B,relation-reasoning-agent-eval-v3.1
2026-08-07T18:30:00+09:00,CMP-S01-L02-01,S01,S01-L02,1,running,169.1762,392.7475,104.2617,44.1204,0.9337,A,relation-reasoning-agent-eval-v3.1
2026-08-07T18:30:00+09:00,CMP-S01-L03-01,S01,S01-L03,1,running,171.2076,524.1816,107.8433,43.507,0.5457,A,relation-reasoning-agent-eval-v3.1
2026-08-07T18:30:00+09:00,CMP-S01-L04-01,S01,S01-L04,1,running,183.5894,429.7702,88.0507,29.9277,-1.8195,B,relation-reasoning-agent-eval-v3.1
2026-08-07T18:30:00+09:00,CMP-S01-L05-01,S01,S01-L05,1,running,193.7371,453.1768,96.864,61.8526,3.7611,D,relation-reasoning-agent-eval-v3.1
2026-08-07T18:40:00+09:00,CMP-S01-L01-01,S01,S01-L01,1,running,194.5257,474.2958,99.946,27.5307,-2.2779,C,relation-reasoning-agent-eval-v3.1
2026-08-07T18:40:00+09:00,CMP-S01-L02-01,S01,S01-L02,1,running,174.5141,398.7767,102.0775,43.3284,0.7871,A,relation-reasoning-agent-eval-v3.1
2026-08-07T18:40:00+09:00,CMP-S01-L03-01,S01,S01-L03,1,running,174.5098,464.228,106.5841,39.3532,-0.2236,A,relation-reasoning-agent-eval-v3.1
2026-08-07T18:40:00+09:00,CMP-S01-L04-01,S01,S01-L04,1,running,185.1517,404.1947,93.7242,32.2119,-1.3965,B,relation-reasoning-agent-eval-v3.1
2026-08-07T18:40:00+09:00,CMP-S01-L05-01,S01,S01-L05,1,running,188.0108,430.1985,92.3318,56.399,2.7512,C,relation-reasoning-agent-eval-v3.1
2026-08-07T18:50:00+09:00,CMP-S01-L01-01,S01,S01-L01,1,running,199.5983,452.9922,104.4204,26.7046,-2.4309,C,relation-reasoning-agent-eval-v3.1
2026-08-07T18:50:00+09:00,CMP-S01-L02-01,S01,S01-L02,1,running,171.4768,385.0191,95.4084,44.2314,0.9543,A,relation-reasoning-agent-eval-v3.1
2026-08-07T18:50:00+09:00,CMP-S01-L03-01,S01,S01-L03,1,running,176.4688,458.9502,111.7041,33.3889,-1.3281,B,relation-reasoning-agent-eval-v3.1
2026-08-07T18:50:00+09:00,CMP-S01-L04-01,S01,S01-L04,1,running,185.8435,415.8838,98.7078,37.0431,-0.5018,A,relation-reasoning-agent-eval-v3.1
2026-08-07T18:50:00+09:00,CMP-S01-L05-01,S01,S01-L05,1,running,186.4404,404.4946,92.7296,56.2142,2.717,C,relation-reasoning-agent-eval-v3.1
2026-08-07T19:00:00+09:00,CMP-S01-L01-01,S01,S01-L01,1,running,211.5556,465.6774,98.5299,36.5086,-0.6153,A,relation-reasoning-agent-eval-v3.1
2026-08-07T19:00:00+09:00,CMP-S01-L02-01,S01,S01-L02,1,running,184.5199,354.1997,98.2244,43.6226,0.8415,A,relation-reasoning-agent-eval-v3.1
2026-08-07T19:00:00+09:00,CMP-S01-L03-01,S01,S01-L03,1,running,159.5179,491.2458,107.0976,41.7489,0.2201,A,relation-reasoning-agent-eval-v3.1
2026-08-07T19:00:00+09:00,CMP-S01-L04-01,S01,S01-L04,1,running,194.9724,389.4758,100.1872,37.1184,-0.4879,A,relation-reasoning-agent-eval-v3.1
2026-08-07T19:00:00+09:00,CMP-S01-L05-01,S01,S01-L05,1,running,177.4026,380.8827,97.3505,48.7061,1.3266,B,relation-reasoning-agent-eval-v3.1
2026-08-07T19:10:00+09:00,CMP-S01-L01-01,S01,S01-L01,1,running,209.2926,467.916,100.4362,32.1837,-1.4162,B,relation-reasoning-agent-eval-v3.1
2026-08-07T19:10:00+09:00,CMP-S01-L02-01,S01,S01-L02,1,running,179.3213,368.2581,105.0303,44.869,1.0724,B,relation-reasoning-agent-eval-v3.1
2026-08-07T19:10:00+09:00,CMP-S01-L03-01,S01,S01-L03,1,running,170.5238,379.4667,116.0377,38.4002,-0.4,A,relation-reasoning-agent-eval-v3.1
2026-08-07T19:10:00+09:00,CMP-S01-L04-01,S01,S01-L04,1,running,195.4991,390.6816,99.4019,43.5734,0.7074,A,relation-reasoning-agent-eval-v3.1
2026-08-07T19:10:00+09:00,CMP-S01-L05-01,S01,S01-L05,1,running,176.8413,383.1069,92.8692,41.8274,0.0527,A,relation-reasoning-agent-eval-v3.1
2026-08-07T19:20:00+09:00,CMP-S01-L01-01,S01,S01-L01,1,running,189.9938,428.0693,94.8961,34.3811,-1.0093,B,relation-reasoning-agent-eval-v3.1
2026-08-07T19:20:00+09:00,CMP-S01-L02-01,S01,S01-L02,1,running,172.0319,360.7355,98.4923,37.2259,-0.343,A,relation-reasoning-agent-eval-v3.1
2026-08-07T19:20:00+09:00,CMP-S01-L03-01,S01,S01-L03,1,running,170.6857,405.4348,106.1985,43.4603,0.537,A,relation-reasoning-agent-eval-v3.1
2026-08-07T19:20:00+09:00,CMP-S01-L04-01,S01,S01-L04,1,running,190.9436,419.525,96.9516,40.3556,0.1116,A,relation-reasoning-agent-eval-v3.1
2026-08-07T19:20:00+09:00,CMP-S01-L05-01,S01,S01-L05,1,running,173.7747,430.1684,99.6584,43.0116,0.272,A,relation-reasoning-agent-eval-v3.1
2026-08-07T19:30:00+09:00,CMP-S01-L01-01,S01,S01-L01,1,running,182.9386,437.1914,94.7605,39.8385,0.0013,A,relation-reasoning-agent-eval-v3.1
2026-08-07T19:30:00+09:00,CMP-S01-L02-01,S01,S01-L02,1,running,160.5762,388.3305,100.6085,40.6396,0.2891,A,relation-reasoning-agent-eval-v3.1
2026-08-07T19:30:00+09:00,CMP-S01-L03-01,S01,S01-L03,1,running,181.21,357.9066,102.6613,42.8212,0.4187,A,relation-reasoning-agent-eval-v3.1
2026-08-07T19:30:00+09:00,CMP-S01-L04-01,S01,S01-L04,1,running,202.8782,471.0829,107.1836,43.3367,0.6636,A,relation-reasoning-agent-eval-v3.1
2026-08-07T19:30:00+09:00,CMP-S01-L05-01,S01,S01-L05,1,running,172.374,421.1234,95.3425,50.1247,1.5893,B,relation-reasoning-agent-eval-v3.1
2026-08-07T19:40:00+09:00,CMP-S01-L01-01,S01,S01-L01,1,running,189.5308,484.8031,89.8832,37.7313,-0.3889,A,relation-reasoning-agent-eval-v3.1
2026-08-07T19:40:00+09:00,CMP-S01-L02-01,S01,S01-L02,1,running,147.5204,376.1135,105.8892,42.9669,0.7201,A,relation-reasoning-agent-eval-v3.1
2026-08-07T19:40:00+09:00,CMP-S01-L03-01,S01,S01-L03,1,running,191.9029,407.866,100.5738,48.0486,1.3867,B,relation-reasoning-agent-eval-v3.1
2026-08-07T19:40:00+09:00,CMP-S01-L04-01,S01,S01-L04,1,running,211.6706,475.2166,109.5626,38.5109,-0.2301,A,relation-reasoning-agent-eval-v3.1
2026-08-07T19:40:00+09:00,CMP-S01-L05-01,S01,S01-L05,1,running,189.1077,425.5637,93.622,46.4328,0.9056,A,relation-reasoning-agent-eval-v3.1
2026-08-07T19:50:00+09:00,CMP-S01-L01-01,S01,S01-L01,1,running,173.037,544.2097,96.3297,37.6274,-0.4081,A,relation-reasoning-agent-eval-v3.1
2026-08-07T19:50:00+09:00,CMP-S01-L02-01,S01,S01-L02,1,running,147.5276,411.859,104.0322,48.7796,1.7965,B,relation-reasoning-agent-eval-v3.1
2026-08-07T19:50:00+09:00,CMP-S01-L03-01,S01,S01-L03,1,running,170.2557,429.5978,103.0163,46.1453,1.0342,B,relation-reasoning-agent-eval-v3.1
2026-08-07T19:50:00+09:00,CMP-S01-L04-01,S01,S01-L04,1,running,193.856,453.2025,111.3429,39.1848,-0.1052,A,relation-reasoning-agent-eval-v3.1
2026-08-07T19:50:00+09:00,CMP-S01-L05-01,S01,S01-L05,1,running,180.9495,413.4787,102.7521,49.2943,1.4355,B,relation-reasoning-agent-eval-v3.1
2026-08-07T20:00:00+09:00,CMP-S01-L01-01,S01,S01-L01,1,running,170.9466,534.9976,94.1488,41.3376,0.279,A,relation-reasoning-agent-eval-v3.1
2026-08-07T20:00:00+09:00,CMP-S01-L02-01,S01,S01-L02,1,running,149.9783,434.9699,104.5297,41.2258,0.3977,A,relation-reasoning-agent-eval-v3.1
2026-08-07T20:00:00+09:00,CMP-S01-L03-01,S01,S01-L03,1,running,154.1513,391.2704,106.5784,45.02,0.8258,A,relation-reasoning-agent-eval-v3.1
2026-08-07T20:00:00+09:00,CMP-S01-L04-01,S01,S01-L04,1,running,176.1967,486.1438,104.1647,42.2243,0.4576,A,relation-reasoning-agent-eval-v3.1
2026-08-07T20:00:00+09:00,CMP-S01-L05-01,S01,S01-L05,1,running,203.0816,438.3185,96.2111,53.4557,2.2061,C,relation-reasoning-agent-eval-v3.1
2026-08-07T20:10:00+09:00,CMP-S01-L01-01,S01,S01-L01,1,running,177.9035,494.3209,92.1663,42.2936,0.456,A,relation-reasoning-agent-eval-v3.1
2026-08-07T20:10:00+09:00,CMP-S01-L02-01,S01,S01-L02,1,running,132.7608,401.0412,103.2172,38.7048,-0.0692,A,relation-reasoning-agent-eval-v3.1
2026-08-07T20:10:00+09:00,CMP-S01-L03-01,S01,S01-L03,1,running,172.2244,386.3539,98.8357,43.7312,0.5872,A,relation-reasoning-agent-eval-v3.1
2026-08-07T20:10:00+09:00,CMP-S01-L04-01,S01,S01-L04,1,running,172.8556,415.8234,107.692,48.8564,1.6858,B,relation-reasoning-agent-eval-v3.1
2026-08-07T20:10:00+09:00,CMP-S01-L05-01,S01,S01-L05,1,running,191.9207,490.1481,100.6369,57.7405,2.9996,C,relation-reasoning-agent-eval-v3.1
2026-08-07T20:20:00+09:00,CMP-S01-L01-01,S01,S01-L01,1,running,175.2992,476.1704,90.3635,33.3959,-1.1917,B,relation-reasoning-agent-eval-v3.1
2026-08-07T20:20:00+09:00,CMP-S01-L02-01,S01,S01-L02,1,running,159.6017,427.225,102.1875,38.4237,-0.1212,A,relation-reasoning-agent-eval-v3.1
2026-08-07T20:20:00+09:00,CMP-S01-L03-01,S01,S01-L03,1,running,170.8895,335.8383,97.0613,45.2676,0.8717,A,relation-reasoning-agent-eval-v3.1
2026-08-07T20:20:00+09:00,CMP-S01-L04-01,S01,S01-L04,1,running,163.354,468.4073,112.3448,49.3041,1.7687,B,relation-reasoning-agent-eval-v3.1
2026-08-07T20:20:00+09:00,CMP-S01-L05-01,S01,S01-L05,1,running,174.7698,488.8874,102.9893,52.4843,2.0262,C,relation-reasoning-agent-eval-v3.1
2026-08-07T20:30:00+09:00,CMP-S01-L01-01,S01,S01-L01,1,running,175.2447,477.1867,98.0596,45.8834,1.1208,B,relation-reasoning-agent-eval-v3.1
2026-08-07T20:30:00+09:00,CMP-S01-L02-01,S01,S01-L02,1,running,178.1049,489.2772,101.5378,36.5257,-0.4727,A,relation-reasoning-agent-eval-v3.1
2026-08-07T20:30:00+09:00,CMP-S01-L03-01,S01,S01-L03,1,running,169.8034,391.6498,96.367,47.5417,1.2928,B,relation-reasoning-agent-eval-v3.1
2026-08-07T20:30:00+09:00,CMP-S01-L04-01,S01,S01-L04,1,running,165.0103,411.1942,115.4589,38.6525,-0.2038,A,relation-reasoning-agent-eval-v3.1
2026-08-07T20:30:00+09:00,CMP-S01-L05-01,S01,S01-L05,1,running,170.2342,477.6743,101.0186,49.5717,1.4869,B,relation-reasoning-agent-eval-v3.1
2026-08-07T20:40:00+09:00,CMP-S01-L01-01,S01,S01-L01,1,running,168.8357,445.6708,93.221,47.2028,1.3651,B,relation-reasoning-agent-eval-v3.1
2026-08-07T20:40:00+09:00,CMP-S01-L02-01,S01,S01-L02,1,running,167.7977,472.833,104.8169,34.7177,-0.8075,A,relation-reasoning-agent-eval-v3.1
2026-08-07T20:40:00+09:00,CMP-S01-L03-01,S01,S01-L03,1,running,156.4886,385.3172,92.8733,44.576,0.7436,A,relation-reasoning-agent-eval-v3.1
2026-08-07T20:40:00+09:00,CMP-S01-L04-01,S01,S01-L04,1,running,147.189,457.03,119.5519,38.0977,-0.3065,A,relation-reasoning-agent-eval-v3.1
2026-08-07T20:40:00+09:00,CMP-S01-L05-01,S01,S01-L05,1,running,177.0676,483.3477,101.9252,50.6677,1.6898,B,relation-reasoning-agent-eval-v3.1
2026-08-07T20:50:00+09:00,CMP-S01-L01-01,S01,S01-L01,1,running,165.0488,475.0164,97.6694,49.0771,1.7122,B,relation-reasoning-agent-eval-v3.1
2026-08-07T20:50:00+09:00,CMP-S01-L02-01,S01,S01-L02,1,running,192.6052,485.8853,106.4725,39.8537,0.1436,A,relation-reasoning-agent-eval-v3.1
2026-08-07T20:50:00+09:00,CMP-S01-L03-01,S01,S01-L03,1,running,151.566,380.0013,97.1025,43.0025,0.4522,A,relation-reasoning-agent-eval-v3.1
2026-08-07T20:50:00+09:00,CMP-S01-L04-01,S01,S01-L04,1,running,149.3249,461.2262,119.9617,42.5332,0.5148,A,relation-reasoning-agent-eval-v3.1
2026-08-07T20:50:00+09:00,CMP-S01-L05-01,S01,S01-L05,1,running,183.3566,467.6018,101.2621,46.2428,0.8704,A,relation-reasoning-agent-eval-v3.1
2026-08-07T21:00:00+09:00,CMP-S01-L01-01,S01,S01-L01,1,running,163.9971,437.1757,95.5774,45.8742,1.1191,B,relation-reasoning-agent-eval-v3.1
2026-08-07T21:00:00+09:00,CMP-S01-L02-01,S01,S01-L02,1,running,185.5442,461.822,106.6525,47.5186,1.563,B,relation-reasoning-agent-eval-v3.1
2026-08-07T21:00:00+09:00,CMP-S01-L03-01,S01,S01-L03,1,running,171.3851,417.8114,108.7903,42.0598,0.2776,A,relation-reasoning-agent-eval-v3.1
2026-08-07T21:00:00+09:00,CMP-S01-L04-01,S01,S01-L04,1,running,170.6395,464.9672,111.2943,42.3939,0.4891,A,relation-reasoning-agent-eval-v3.1
2026-08-07T21:00:00+09:00,CMP-S01-L05-01,S01,S01-L05,1,running,185.7996,448.6231,105.2095,44.2133,0.4946,A,relation-reasoning-agent-eval-v3.1
2026-08-07T21:10:00+09:00,CMP-S01-L01-01,S01,S01-L01,1,running,180.3743,460.4111,93.7254,41.2339,0.2598,A,relation-reasoning-agent-eval-v3.1
2026-08-07T21:10:00+09:00,CMP-S01-L02-01,S01,S01-L02,1,running,188.5492,489.1139,108.0586,42.7878,0.687,A,relation-reasoning-agent-eval-v3.1
2026-08-07T21:10:00+09:00,CMP-S01-L03-01,S01,S01-L03,1,running,179.2232,442.9677,108.6187,43.4382,0.5329,A,relation-reasoning-agent-eval-v3.1
2026-08-07T21:10:00+09:00,CMP-S01-L04-01,S01,S01-L04,1,running,169.5246,509.4845,111.9927,49.1326,1.737,B,relation-reasoning-agent-eval-v3.1
2026-08-07T21:10:00+09:00,CMP-S01-L05-01,S01,S01-L05,1,running,180.8474,444.8076,103.8803,43.2084,0.3085,A,relation-reasoning-agent-eval-v3.1
2026-08-07T21:20:00+09:00,CMP-S01-L01-01,S01,S01-L01,1,running,178.6256,439.7858,98.0616,42.5891,0.5107,A,relation-reasoning-agent-eval-v3.1
2026-08-07T21:20:00+09:00,CMP-S01-L02-01,S01,S01-L02,1,running,187.998,512.5984,102.4021,46.3932,1.3546,B,relation-reasoning-agent-eval-v3.1
2026-08-07T21:20:00+09:00,CMP-S01-L03-01,S01,S01-L03,1,running,174.0244,473.2756,107.6659,35.8347,-0.8751,A,relation-reasoning-agent-eval-v3.1
2026-08-07T21:20:00+09:00,CMP-S01-L04-01,S01,S01-L04,1,running,163.9523,466.6172,111.043,43.4815,0.6904,A,relation-reasoning-agent-eval-v3.1
2026-08-07T21:20:00+09:00,CMP-S01-L05-01,S01,S01-L05,1,running,185.0507,458.8487,100.9974,47.2089,1.0493,B,relation-reasoning-agent-eval-v3.1
2026-08-07T21:30:00+09:00,CMP-S01-L01-01,S01,S01-L01,1,running,163.7405,435.6616,96.4487,36.969,-0.53,A,relation-reasoning-agent-eval-v3.1
2026-08-07T21:30:00+09:00,CMP-S01-L02-01,S01,S01-L02,1,running,172.6548,496.2193,102.4182,43.8495,0.8836,A,relation-reasoning-agent-eval-v3.1
2026-08-07T21:30:00+09:00,CMP-S01-L03-01,S01,S01-L03,1,running,201.175,462.1892,103.4892,42.9642,0.4451,A,relation-reasoning-agent-eval-v3.1
2026-08-07T21:30:00+09:00,CMP-S01-L04-01,S01,S01-L04,1,running,174.4382,462.2019,109.3387,36.7404,-0.5579,A,relation-reasoning-agent-eval-v3.1
2026-08-07T21:30:00+09:00,CMP-S01-L05-01,S01,S01-L05,1,running,194.3219,453.7715,100.573,41.0013,-0.1002,A,relation-reasoning-agent-eval-v3.1
2026-08-07T21:40:00+09:00,CMP-S01-L01-01,S01,S01-L01,1,running,148.6352,479.6999,95.9204,48.7517,1.6519,B,relation-reasoning-agent-eval-v3.1
2026-08-07T21:40:00+09:00,CMP-S01-L02-01,S01,S01-L02,1,running,165.8839,495.6023,105.0365,44.7747,1.0549,B,relation-reasoning-agent-eval-v3.1
2026-08-07T21:40:00+09:00,CMP-S01-L03-01,S01,S01-L03,1,running,204.7078,458.7866,109.8128,42.1998,0.3036,A,relation-reasoning-agent-eval-v3.1
2026-08-07T21:40:00+09:00,CMP-S01-L04-01,S01,S01-L04,1,running,174.6339,494.7547,107.4728,37.2292,-0.4674,A,relation-reasoning-agent-eval-v3.1
2026-08-07T21:40:00+09:00,CMP-S01-L05-01,S01,S01-L05,1,running,195.0721,442.2303,102.6313,46.1836,0.8594,A,relation-reasoning-agent-eval-v3.1
2026-08-07T21:50:00+09:00,CMP-S01-L01-01,S01,S01-L01,1,running,158.4146,476.2203,96.7633,50.4092,1.9589,B,relation-reasoning-agent-eval-v3.1
2026-08-07T21:50:00+09:00,CMP-S01-L02-01,S01,S01-L02,1,running,156.2498,513.2179,102.3157,45.1915,1.1321,B,relation-reasoning-agent-eval-v3.1
2026-08-07T21:50:00+09:00,CMP-S01-L03-01,S01,S01-L03,1,running,213.5681,461.5284,103.736,46.0709,1.0204,B,relation-reasoning-agent-eval-v3.1
2026-08-07T21:50:00+09:00,CMP-S01-L04-01,S01,S01-L04,1,running,158.0923,519.4328,109.2962,38.2647,-0.2756,A,relation-reasoning-agent-eval-v3.1
2026-08-07T21:50:00+09:00,CMP-S01-L05-01,S01,S01-L05,1,running,189.7077,456.2203,107.7982,43.9414,0.4442,A,relation-reasoning-agent-eval-v3.1
2026-08-07T22:00:00+09:00,CMP-S01-L01-01,S01,S01-L01,1,running,163.4703,476.9133,98.6902,45.6108,1.0703,B,relation-reasoning-agent-eval-v3.1
2026-08-07T22:00:00+09:00,CMP-S01-L02-01,S01,S01-L02,1,running,138.7205,547.7091,107.6193,40.0573,0.1813,A,relation-reasoning-agent-eval-v3.1
2026-08-07T22:00:00+09:00,CMP-S01-L03-01,S01,S01-L03,1,running,191.9382,416.8276,104.8431,50.5713,1.8539,B,relation-reasoning-agent-eval-v3.1
2026-08-07T22:00:00+09:00,CMP-S01-L04-01,S01,S01-L04,1,running,156.7262,487.2174,105.4347,48.2897,1.5809,B,relation-reasoning-agent-eval-v3.1
2026-08-07T22:00:00+09:00,CMP-S01-L05-01,S01,S01-L05,1,running,179.1243,398.6302,103.3409,47.9745,1.1911,B,relation-reasoning-agent-eval-v3.1
2026-08-07T22:10:00+09:00,CMP-S01-L01-01,S01,S01-L01,1,running,169.9851,431.2398,96.7018,46.2386,1.1865,B,relation-reasoning-agent-eval-v3.1
2026-08-07T22:10:00+09:00,CMP-S01-L02-01,S01,S01-L02,1,running,141.053,576.666,105.6463,37.8728,-0.2232,A,relation-reasoning-agent-eval-v3.1
2026-08-07T22:10:00+09:00,CMP-S01-L03-01,S01,S01-L03,1,running,187.0998,419.5007,100.5797,42.9101,0.4351,A,relation-reasoning-agent-eval-v3.1
2026-08-07T22:10:00+09:00,CMP-S01-L04-01,S01,S01-L04,1,running,154.883,498.3992,103.5391,44.7825,0.9314,A,relation-reasoning-agent-eval-v3.1
2026-08-07T22:10:00+09:00,CMP-S01-L05-01,S01,S01-L05,1,running,170.1171,335.7151,108.3089,41.5943,0.0096,A,relation-reasoning-agent-eval-v3.1
2026-08-07T22:20:00+09:00,CMP-S01-L01-01,S01,S01-L01,1,running,168.6227,436.3074,97.5735,39.7589,-0.0134,A,relation-reasoning-agent-eval-v3.1
2026-08-07T22:20:00+09:00,CMP-S01-L02-01,S01,S01-L02,1,running,184.6716,495.5966,105.7005,45.8315,1.2506,B,relation-reasoning-agent-eval-v3.1
2026-08-07T22:20:00+09:00,CMP-S01-L03-01,S01,S01-L03,1,running,167.5091,428.2139,102.5328,41.0742,0.0951,A,relation-reasoning-agent-eval-v3.1
2026-08-07T22:20:00+09:00,CMP-S01-L04-01,S01,S01-L04,1,running,169.6182,475.1735,107.9817,46.6432,1.2759,B,relation-reasoning-agent-eval-v3.1
2026-08-07T22:20:00+09:00,CMP-S01-L05-01,S01,S01-L05,1,running,174.3655,338.1679,97.9634,41.4054,-0.0254,A,relation-reasoning-agent-eval-v3.1
2026-08-07T22:30:00+09:00,CMP-S01-L01-01,S01,S01-L01,1,running,177.6301,401.4837,91.7151,38.6707,-0.2149,A,relation-reasoning-agent-eval-v3.1
2026-08-07T22:30:00+09:00,CMP-S01-L02-01,S01,S01-L02,1,running,181.958,482.1604,107.3885,52.5283,2.4907,C,relation-reasoning-agent-eval-v3.1
2026-08-07T22:30:00+09:00,CMP-S01-L03-01,S01,S01-L03,1,running,166.4665,458.9616,105.7382,35.0881,-1.0134,B,relation-reasoning-agent-eval-v3.1
2026-08-07T22:30:00+09:00,CMP-S01-L04-01,S01,S01-L04,1,running,163.7846,503.2624,105.8483,42.0354,0.4227,A,relation-reasoning-agent-eval-v3.1
2026-08-07T22:30:00+09:00,CMP-S01-L05-01,S01,S01-L05,1,running,158.4136,376.6156,95.8546,38.0925,-0.6389,A,relation-reasoning-agent-eval-v3.1
2026-08-07T22:40:00+09:00,CMP-S01-L01-01,S01,S01-L01,1,running,178.5017,435.8245,87.117,35.8806,-0.7316,A,relation-reasoning-agent-eval-v3.1
2026-08-07T22:40:00+09:00,CMP-S01-L02-01,S01,S01-L02,1,running,188.4252,508.7823,104.1792,48.7779,1.7962,B,relation-reasoning-agent-eval-v3.1
2026-08-07T22:40:00+09:00,CMP-S01-L03-01,S01,S01-L03,1,running,147.5896,444.2624,108.7045,36.5115,-0.7498,A,relation-reasoning-agent-eval-v3.1
2026-08-07T22:40:00+09:00,CMP-S01-L04-01,S01,S01-L04,1,running,173.8055,466.1679,101.6103,38.7422,-0.1872,A,relation-reasoning-agent-eval-v3.1
2026-08-07T22:40:00+09:00,CMP-S01-L05-01,S01,S01-L05,1,running,173.7138,377.3155,95.5805,39.4835,-0.3813,A,relation-reasoning-agent-eval-v3.1
2026-08-07T22:50:00+09:00,CMP-S01-L01-01,S01,S01-L01,1,running,182.9579,450.8254,95.1839,35.3547,-0.829,A,relation-reasoning-agent-eval-v3.1
2026-08-07T22:50:00+09:00,CMP-S01-L02-01,S01,S01-L02,1,running,174.4242,477.0043,97.988,42.7363,0.6774,A,relation-reasoning-agent-eval-v3.1
2026-08-07T22:50:00+09:00,CMP-S01-L03-01,S01,S01-L03,1,running,140.7668,425.0628,113.1436,39.0421,-0.2812,A,relation-reasoning-agent-eval-v3.1
2026-08-07T22:50:00+09:00,CMP-S01-L04-01,S01,S01-L04,1,running,180.5784,399.8084,108.5379,33.5889,-1.1415,B,relation-reasoning-agent-eval-v3.1
2026-08-07T22:50:00+09:00,CMP-S01-L05-01,S01,S01-L05,1,running,166.487,368.3319,94.5644,35.1998,-1.1746,B,relation-reasoning-agent-eval-v3.1
2026-08-07T23:00:00+09:00,CMP-S01-L01-01,S01,S01-L01,1,running,178.1206,447.5355,89.7255,36.3235,-0.6496,A,relation-reasoning-agent-eval-v3.1
2026-08-07T23:00:00+09:00,CMP-S01-L02-01,S01,S01-L02,1,running,172.5199,456.7004,98.0692,46.9855,1.4643,B,relation-reasoning-agent-eval-v3.1
2026-08-07T23:00:00+09:00,CMP-S01-L03-01,S01,S01-L03,1,running,171.4104,441.0736,101.3266,40.7263,0.0307,A,relation-reasoning-agent-eval-v3.1
2026-08-07T23:00:00+09:00,CMP-S01-L04-01,S01,S01-L04,1,running,188.7661,474.373,115.2553,41.4376,0.312,A,relation-reasoning-agent-eval-v3.1
2026-08-07T23:00:00+09:00,CMP-S01-L05-01,S01,S01-L05,1,running,171.5391,374.4507,98.3344,36.171,-0.9948,A,relation-reasoning-agent-eval-v3.1
2026-08-07T23:10:00+09:00,CMP-S01-L01-01,S01,S01-L01,1,running,170.1564,430.1308,91.1523,39.2687,-0.1042,A,relation-reasoning-agent-eval-v3.1
2026-08-07T23:10:00+09:00,CMP-S01-L02-01,S01,S01-L02,1,running,177.3677,484.6285,91.7082,36.4335,-0.4898,A,relation-reasoning-agent-eval-v3.1
2026-08-07T23:10:00+09:00,CMP-S01-L03-01,S01,S01-L03,1,running,179.6136,428.8461,108.2074,40.1517,-0.0757,A,relation-reasoning-agent-eval-v3.1
2026-08-07T23:10:00+09:00,CMP-S01-L04-01,S01,S01-L04,1,running,166.3275,419.7778,113.771,46.0351,1.1633,B,relation-reasoning-agent-eval-v3.1
2026-08-07T23:10:00+09:00,CMP-S01-L05-01,S01,S01-L05,1,running,158.5271,389.0341,99.3409,36.1837,-0.9924,A,relation-reasoning-agent-eval-v3.1
2026-08-07T23:20:00+09:00,CMP-S01-L01-01,S01,S01-L01,1,running,167.7578,449.5795,97.6249,40.4039,0.1061,A,relation-reasoning-agent-eval-v3.1
2026-08-07T23:20:00+09:00,CMP-S01-L02-01,S01,S01-L02,1,running,189.0317,449.8254,101.3532,33.0418,-1.1179,B,relation-reasoning-agent-eval-v3.1
2026-08-07T23:20:00+09:00,CMP-S01-L03-01,S01,S01-L03,1,running,184.7786,432.3454,109.8962,42.81,0.4166,A,relation-reasoning-agent-eval-v3.1
2026-08-07T23:20:00+09:00,CMP-S01-L04-01,S01,S01-L04,1,running,170.0308,460.7441,110.8449,39.9883,0.0436,A,relation-reasoning-agent-eval-v3.1
2026-08-07T23:20:00+09:00,CMP-S01-L05-01,S01,S01-L05,1,running,161.8819,408.1058,101.4588,34.1021,-1.3779,B,relation-reasoning-agent-eval-v3.1
2026-08-07T23:30:00+09:00,CMP-S01-L01-01,S01,S01-L01,1,running,180.4908,459.7923,98.0175,34.6484,-0.9598,A,relation-reasoning-agent-eval-v3.1
2026-08-07T23:30:00+09:00,CMP-S01-L02-01,S01,S01-L02,1,running,178.4116,423.2274,103.0954,34.2112,-0.9013,A,relation-reasoning-agent-eval-v3.1
2026-08-07T23:30:00+09:00,CMP-S01-L03-01,S01,S01-L03,1,running,178.3912,438.9892,108.0029,53.1915,2.3391,C,relation-reasoning-agent-eval-v3.1
2026-08-07T23:30:00+09:00,CMP-S01-L04-01,S01,S01-L04,1,running,181.273,458.6181,116.0696,40.1395,0.0716,A,relation-reasoning-agent-eval-v3.1
2026-08-07T23:30:00+09:00,CMP-S01-L05-01,S01,S01-L05,1,running,161.3789,410.7521,98.6902,42.4118,0.161,A,relation-reasoning-agent-eval-v3.1
2026-08-07T23:40:00+09:00,CMP-S01-L01-01,S01,S01-L01,1,running,175.9712,499.7602,96.1695,44.9995,0.9571,A,relation-reasoning-agent-eval-v3.1
2026-08-07T23:40:00+09:00,CMP-S01-L02-01,S01,S01-L02,1,running,169.8245,410.0732,101.6172,30.0934,-1.6639,B,relation-reasoning-agent-eval-v3.1
2026-08-07T23:40:00+09:00,CMP-S01-L03-01,S01,S01-L03,1,running,167.9049,439.2667,101.1709,55.2911,2.7279,C,relation-reasoning-agent-eval-v3.1
2026-08-07T23:40:00+09:00,CMP-S01-L04-01,S01,S01-L04,1,running,151.2402,463.7166,111.5699,39.1432,-0.1129,A,relation-reasoning-agent-eval-v3.1
2026-08-07T23:40:00+09:00,CMP-S01-L05-01,S01,S01-L05,1,running,173.3461,499.1548,94.8992,40.7916,-0.1391,A,relation-reasoning-agent-eval-v3.1
2026-08-07T23:50:00+09:00,CMP-S01-L01-01,S01,S01-L01,1,running,172.3519,538.2915,96.6702,46.5882,1.2513,B,relation-reasoning-agent-eval-v3.1
2026-08-07T23:50:00+09:00,CMP-S01-L02-01,S01,S01-L02,1,running,178.1785,416.3514,98.1573,24.9745,-2.6118,C,relation-reasoning-agent-eval-v3.1
2026-08-07T23:50:00+09:00,CMP-S01-L03-01,S01,S01-L03,1,running,161.6808,449.6906,93.846,52.9682,2.2977,C,relation-reasoning-agent-eval-v3.1
2026-08-07T23:50:00+09:00,CMP-S01-L04-01,S01,S01-L04,1,running,172.2403,462.1053,107.7057,43.6499,0.7216,A,relation-reasoning-agent-eval-v3.1
2026-08-07T23:50:00+09:00,CMP-S01-L05-01,S01,S01-L05,1,running,169.9277,497.2802,99.0535,40.164,-0.2553,A,relation-reasoning-agent-eval-v3.1
2026-08-08T00:00:00+09:00,CMP-S01-L01-01,S01,S01-L01,1,running,185.9007,508.1334,103.2189,43.915,0.7563,A,relation-reasoning-agent-eval-v3.1
2026-08-08T00:00:00+09:00,CMP-S01-L02-01,S01,S01-L02,1,running,183.1536,437.9637,95.4659,29.2694,-1.8165,B,relation-reasoning-agent-eval-v3.1
2026-08-08T00:00:00+09:00,CMP-S01-L03-01,S01,S01-L03,1,running,157.9123,484.7174,88.2388,51.8653,2.0935,C,relation-reasoning-agent-eval-v3.1
2026-08-08T00:00:00+09:00,CMP-S01-L04-01,S01,S01-L04,1,running,181.4401,443.3599,108.9274,43.6522,0.7221,A,relation-reasoning-agent-eval-v3.1
2026-08-08T00:00:00+09:00,CMP-S01-L05-01,S01,S01-L05,1,running,167.251,486.787,106.0611,43.0584,0.2807,A,relation-reasoning-agent-eval-v3.1
2026-08-08T00:10:00+09:00,CMP-S01-L01-01,S01,S01-L01,1,running,192.3007,502.3074,108.7645,39.4805,-0.0649,A,relation-reasoning-agent-eval-v3.1
2026-08-08T00:10:00+09:00,CMP-S01-L02-01,S01,S01-L02,1,running,165.9786,450.3302,107.4453,31.926,-1.3245,B,relation-reasoning-agent-eval-v3.1
2026-08-08T00:10:00+09:00,CMP-S01-L03-01,S01,S01-L03,1,running,160.2225,465.1034,90.1894,48.2218,1.4188,B,relation-reasoning-agent-eval-v3.1
2026-08-08T00:10:00+09:00,CMP-S01-L04-01,S01,S01-L04,1,running,181.9164,451.0838,106.8306,39.6018,-0.028,A,relation-reasoning-agent-eval-v3.1
2026-08-08T00:10:00+09:00,CMP-S01-L05-01,S01,S01-L05,1,running,169.3261,459.122,99.5015,40.4211,-0.2077,A,relation-reasoning-agent-eval-v3.1
2026-08-08T00:20:00+09:00,CMP-S01-L01-01,S01,S01-L01,1,running,180.0346,496.4702,108.2014,42.348,0.4661,A,relation-reasoning-agent-eval-v3.1
2026-08-08T00:20:00+09:00,CMP-S01-L02-01,S01,S01-L02,1,running,158.3558,471.1669,109.4124,35.5124,-0.6604,A,relation-reasoning-agent-eval-v3.1
2026-08-08T00:20:00+09:00,CMP-S01-L03-01,S01,S01-L03,1,running,153.2958,432.5299,89.0974,49.0148,1.5656,B,relation-reasoning-agent-eval-v3.1
2026-08-08T00:20:00+09:00,CMP-S01-L04-01,S01,S01-L04,1,running,192.3541,427.3142,107.9998,40.6387,0.164,A,relation-reasoning-agent-eval-v3.1
2026-08-08T00:20:00+09:00,CMP-S01-L05-01,S01,S01-L05,1,running,187.3038,441.379,104.825,42.179,0.1179,A,relation-reasoning-agent-eval-v3.1
2026-08-08T00:30:00+09:00,CMP-S01-L01-01,S01,S01-L01,1,running,177.8411,485.4003,107.6906,42.2148,0.4414,A,relation-reasoning-agent-eval-v3.1
2026-08-08T00:30:00+09:00,CMP-S01-L02-01,S01,S01-L02,1,running,166.3905,455.6757,112.6414,35.5309,-0.6569,A,relation-reasoning-agent-eval-v3.1
2026-08-08T00:30:00+09:00,CMP-S01-L03-01,S01,S01-L03,1,running,143.1347,429.3957,99.647,43.9333,0.6246,A,relation-reasoning-agent-eval-v3.1
2026-08-08T00:30:00+09:00,CMP-S01-L04-01,S01,S01-L04,1,running,188.2368,444.6694,109.8027,41.8771,0.3933,A,relation-reasoning-agent-eval-v3.1
2026-08-08T00:30:00+09:00,CMP-S01-L05-01,S01,S01-L05,1,running,183.0285,466.0144,99.4399,42.5131,0.1797,A,relation-reasoning-agent-eval-v3.1
2026-08-08T00:40:00+09:00,CMP-S01-L01-01,S01,S01-L01,1,running,183.8987,488.4118,100.6917,42.3386,0.4643,A,relation-reasoning-agent-eval-v3.1
2026-08-08T00:40:00+09:00,CMP-S01-L02-01,S01,S01-L02,1,running,173.7567,482.6273,118.32,34.473,-0.8528,A,relation-reasoning-agent-eval-v3.1
2026-08-08T00:40:00+09:00,CMP-S01-L03-01,S01,S01-L03,1,running,153.6902,380.3958,101.0835,47.763,1.3338,B,relation-reasoning-agent-eval-v3.1
2026-08-08T00:40:00+09:00,CMP-S01-L04-01,S01,S01-L04,1,running,183.6514,422.109,111.432,41.3306,0.2921,A,relation-reasoning-agent-eval-v3.1
2026-08-08T00:40:00+09:00,CMP-S01-L05-01,S01,S01-L05,1,running,173.7279,492.5954,91.6374,48.7715,1.3387,B,relation-reasoning-agent-eval-v3.1
2026-08-08T00:50:00+09:00,CMP-S01-L01-01,S01,S01-L01,1,running,163.3354,455.7356,100.0988,45.2678,1.0068,B,relation-reasoning-agent-eval-v3.1
2026-08-08T00:50:00+09:00,CMP-S01-L02-01,S01,S01-L02,1,running,181.2329,434.3387,111.4766,33.5836,-1.0175,B,relation-reasoning-agent-eval-v3.1
2026-08-08T00:50:00+09:00,CMP-S01-L03-01,S01,S01-L03,1,running,166.3961,410.9868,108.0425,44.3186,0.696,A,relation-reasoning-agent-eval-v3.1
2026-08-08T00:50:00+09:00,CMP-S01-L04-01,S01,S01-L04,1,running,166.6577,456.1382,114.3964,40.7146,0.1781,A,relation-reasoning-agent-eval-v3.1
2026-08-08T00:50:00+09:00,CMP-S01-L05-01,S01,S01-L05,1,running,164.1065,450.3603,93.2845,45.3525,0.7055,A,relation-reasoning-agent-eval-v3.1
2026-08-08T01:00:00+09:00,CMP-S01-L01-01,S01,S01-L01,1,running,161.9886,476.0566,98.2658,47.8248,1.4803,B,relation-reasoning-agent-eval-v3.1
2026-08-08T01:00:00+09:00,CMP-S01-L02-01,S01,S01-L02,1,running,185.5632,455.3606,119.1353,30.21,-1.6423,B,relation-reasoning-agent-eval-v3.1
2026-08-08T01:00:00+09:00,CMP-S01-L03-01,S01,S01-L03,1,running,184.7027,402.2527,105.9173,40.5494,-0.0021,A,relation-reasoning-agent-eval-v3.1
2026-08-08T01:00:00+09:00,CMP-S01-L04-01,S01,S01-L04,1,running,159.2057,445.6583,117.4538,40.3219,0.1053,A,relation-reasoning-agent-eval-v3.1
2026-08-08T01:00:00+09:00,CMP-S01-L05-01,S01,S01-L05,1,running,171.5681,433.3845,94.6091,46.4487,0.9085,A,relation-reasoning-agent-eval-v3.1
2026-08-08T01:10:00+09:00,CMP-S01-L01-01,S01,S01-L01,1,running,171.1244,437.7012,87.9434,45.3168,1.0159,B,relation-reasoning-agent-eval-v3.1
2026-08-08T01:10:00+09:00,CMP-S01-L02-01,S01,S01-L02,1,running,169.322,464.305,119.1163,25.1798,-2.5738,C,relation-reasoning-agent-eval-v3.1
2026-08-08T01:10:00+09:00,CMP-S01-L03-01,S01,S01-L03,1,running,177.2311,380.4655,109.1508,37.4642,-0.5734,A,relation-reasoning-agent-eval-v3.1
2026-08-08T01:10:00+09:00,CMP-S01-L04-01,S01,S01-L04,1,running,164.3811,380.4859,116.3461,40.0748,0.0596,A,relation-reasoning-agent-eval-v3.1
2026-08-08T01:10:00+09:00,CMP-S01-L05-01,S01,S01-L05,1,running,160.1315,465.2457,96.872,46.3604,0.8922,A,relation-reasoning-agent-eval-v3.1
2026-08-08T01:20:00+09:00,CMP-S01-L01-01,S01,S01-L01,1,running,157.299,461.4107,94.0209,46.834,1.2968,B,relation-reasoning-agent-eval-v3.1
2026-08-08T01:20:00+09:00,CMP-S01-L02-01,S01,S01-L02,1,running,167.0079,488.5228,118.5598,24.191,-2.7569,C,relation-reasoning-agent-eval-v3.1
2026-08-08T01:20:00+09:00,CMP-S01-L03-01,S01,S01-L03,1,running,174.8117,350.5596,107.8527,41.4239,0.1599,A,relation-reasoning-agent-eval-v3.1
2026-08-08T01:20:00+09:00,CMP-S01-L04-01,S01,S01-L04,1,running,147.4517,391.0791,114.055,43.504,0.6946,A,relation-reasoning-agent-eval-v3.1
2026-08-08T01:20:00+09:00,CMP-S01-L05-01,S01,S01-L05,1,running,159.5386,475.9377,97.224,42.8214,0.2368,A,relation-reasoning-agent-eval-v3.1
2026-08-08T01:30:00+09:00,CMP-S01-L01-01,S01,S01-L01,1,running,164.9222,479.8953,97.3088,44.1509,0.7999,A,relation-reasoning-agent-eval-v3.1
2026-08-08T01:30:00+09:00,CMP-S01-L02-01,S01,S01-L02,1,running,168.1994,502.6944,111.3524,26.3258,-2.3616,C,relation-reasoning-agent-eval-v3.1
2026-08-08T01:30:00+09:00,CMP-S01-L03-01,S01,S01-L03,1,running,165.7398,414.4154,110.3861,41.6825,0.2078,A,relation-reasoning-agent-eval-v3.1
2026-08-08T01:30:00+09:00,CMP-S01-L04-01,S01,S01-L04,1,running,154.1935,426.2867,110.0678,46.0927,1.174,B,relation-reasoning-agent-eval-v3.1
2026-08-08T01:30:00+09:00,CMP-S01-L05-01,S01,S01-L05,1,running,161.7824,504.262,96.3528,45.1484,0.6677,A,relation-reasoning-agent-eval-v3.1
2026-08-08T01:40:00+09:00,CMP-S01-L01-01,S01,S01-L01,1,running,164.1557,491.3606,99.1774,38.2796,-0.2873,A,relation-reasoning-agent-eval-v3.1
2026-08-08T01:40:00+09:00,CMP-S01-L02-01,S01,S01-L02,1,running,170.113,439.9003,103.7149,36.8971,-0.4039,A,relation-reasoning-agent-eval-v3.1
2026-08-08T01:40:00+09:00,CMP-S01-L03-01,S01,S01-L03,1,running,164.7941,448.0205,108.4008,39.225,-0.2473,A,relation-reasoning-agent-eval-v3.1
2026-08-08T01:40:00+09:00,CMP-S01-L04-01,S01,S01-L04,1,running,162.2923,431.3544,113.9929,46.2687,1.2066,B,relation-reasoning-agent-eval-v3.1
2026-08-08T01:40:00+09:00,CMP-S01-L05-01,S01,S01-L05,1,running,162.4107,465.9152,106.1493,41.1097,-0.0802,A,relation-reasoning-agent-eval-v3.1
2026-08-08T01:50:00+09:00,CMP-S01-L01-01,S01,S01-L01,1,running,163.8637,486.1589,98.3122,39.8854,0.01,A,relation-reasoning-agent-eval-v3.1
2026-08-08T01:50:00+09:00,CMP-S01-L02-01,S01,S01-L02,1,running,174.3396,472.0397,97.8799,34.2807,-0.8884,A,relation-reasoning-agent-eval-v3.1
2026-08-08T01:50:00+09:00,CMP-S01-L03-01,S01,S01-L03,1,running,171.6853,466.4103,115.2229,40.8603,0.0555,A,relation-reasoning-agent-eval-v3.1
2026-08-08T01:50:00+09:00,CMP-S01-L04-01,S01,S01-L04,1,running,167.2713,462.8263,112.125,41.1178,0.2527,A,relation-reasoning-agent-eval-v3.1
2026-08-08T01:50:00+09:00,CMP-S01-L05-01,S01,S01-L05,1,running,164.9664,451.9643,100.4684,39.398,-0.3972,A,relation-reasoning-agent-eval-v3.1
2026-08-08T02:00:00+09:00,CMP-S01-L01-01,S01,S01-L01,1,running,183.3096,429.3523,87.8773,43.1206,0.6091,A,relation-reasoning-agent-eval-v3.1
2026-08-08T02:00:00+09:00,CMP-S01-L02-01,S01,S01-L02,1,running,179.4578,482.2543,99.5586,40.1165,0.1923,A,relation-reasoning-agent-eval-v3.1
2026-08-08T02:00:00+09:00,CMP-S01-L03-01,S01,S01-L03,1,running,177.3988,418.1549,108.9006,44.3735,0.7061,A,relation-reasoning-agent-eval-v3.1
2026-08-08T02:00:00+09:00,CMP-S01-L04-01,S01,S01-L04,1,running,193.2641,479.2452,107.0284,46.6174,1.2712,B,relation-reasoning-agent-eval-v3.1
2026-08-08T02:00:00+09:00,CMP-S01-L05-01,S01,S01-L05,1,running,162.4463,435.8347,98.3356,40.0788,-0.2711,A,relation-reasoning-agent-eval-v3.1
2026-08-08T02:10:00+09:00,CMP-S01-L01-01,S01,S01-L01,1,running,167.569,419.4577,88.7113,43.6431,0.7059,A,relation-reasoning-agent-eval-v3.1
2026-08-08T02:10:00+09:00,CMP-S01-L02-01,S01,S01-L02,1,running,179.3011,472.3614,96.3685,36.0473,-0.5613,A,relation-reasoning-agent-eval-v3.1
2026-08-08T02:10:00+09:00,CMP-S01-L03-01,S01,S01-L03,1,running,152.7167,418.1478,110.94,42.2937,0.321,A,relation-reasoning-agent-eval-v3.1
2026-08-08T02:10:00+09:00,CMP-S01-L04-01,S01,S01-L04,1,running,199.6778,477.9239,104.6029,41.6482,0.3509,A,relation-reasoning-agent-eval-v3.1
2026-08-08T02:10:00+09:00,CMP-S01-L05-01,S01,S01-L05,1,running,172.8294,406.541,99.2998,40.8133,-0.1351,A,relation-reasoning-agent-eval-v3.1
2026-08-08T02:20:00+09:00,CMP-S01-L01-01,S01,S01-L01,1,running,174.1704,427.4237,90.958,50.4298,1.9627,B,relation-reasoning-agent-eval-v3.1
2026-08-08T02:20:00+09:00,CMP-S01-L02-01,S01,S01-L02,1,running,176.5088,466.3491,96.7694,32.7472,-1.1724,B,relation-reasoning-agent-eval-v3.1
2026-08-08T02:20:00+09:00,CMP-S01-L03-01,S01,S01-L03,1,running,146.0865,406.7726,108.0694,34.7361,-1.0786,B,relation-reasoning-agent-eval-v3.1
2026-08-08T02:20:00+09:00,CMP-S01-L04-01,S01,S01-L04,1,running,214.383,445.2079,105.3599,33.0709,-1.2374,B,relation-reasoning-agent-eval-v3.1
2026-08-08T02:20:00+09:00,CMP-S01-L05-01,S01,S01-L05,1,running,182.0365,422.0451,92.8359,42.7812,0.2294,A,relation-reasoning-agent-eval-v3.1
2026-08-08T02:30:00+09:00,CMP-S01-L01-01,S01,S01-L01,1,running,169.6756,426.1936,94.9944,53.547,2.5399,C,relation-reasoning-agent-eval-v3.1
2026-08-08T02:30:00+09:00,CMP-S01-L02-01,S01,S01-L02,1,running,184.4076,510.8542,97.5204,40.3767,0.2405,A,relation-reasoning-agent-eval-v3.1
2026-08-08T02:30:00+09:00,CMP-S01-L03-01,S01,S01-L03,1,running,170.4568,404.9976,104.5242,30.0688,-1.9429,B,relation-reasoning-agent-eval-v3.1
2026-08-08T02:30:00+09:00,CMP-S01-L04-01,S01,S01-L04,1,running,183.6772,435.0328,110.5621,32.2013,-1.3985,B,relation-reasoning-agent-eval-v3.1
2026-08-08T02:30:00+09:00,CMP-S01-L05-01,S01,S01-L05,1,running,172.955,452.4478,85.8835,46.4587,0.9104,A,relation-reasoning-agent-eval-v3.1
2026-08-08T02:40:00+09:00,CMP-S01-L01-01,S01,S01-L01,1,running,169.4772,443.069,93.1795,45.7,1.0868,B,relation-reasoning-agent-eval-v3.1
2026-08-08T02:40:00+09:00,CMP-S01-L02-01,S01,S01-L02,1,running,180.1319,525.2323,96.7757,41.751,0.4949,A,relation-reasoning-agent-eval-v3.1
2026-08-08T02:40:00+09:00,CMP-S01-L03-01,S01,S01-L03,1,running,168.2434,404.7181,111.6923,40.3539,-0.0383,A,relation-reasoning-agent-eval-v3.1
2026-08-08T02:40:00+09:00,CMP-S01-L04-01,S01,S01-L04,1,running,174.9039,473.2811,103.531,36.3274,-0.6344,A,relation-reasoning-agent-eval-v3.1
2026-08-08T02:40:00+09:00,CMP-S01-L05-01,S01,S01-L05,1,running,165.3991,436.8064,83.5741,46.3845,0.8966,A,relation-reasoning-agent-eval-v3.1
2026-08-08T02:50:00+09:00,CMP-S01-L01-01,S01,S01-L01,1,running,169.4378,424.4554,93.9403,47.2813,1.3796,B,relation-reasoning-agent-eval-v3.1
2026-08-08T02:50:00+09:00,CMP-S01-L02-01,S01,S01-L02,1,running,188.8494,433.6347,101.7978,41.2358,0.3995,A,relation-reasoning-agent-eval-v3.1
2026-08-08T02:50:00+09:00,CMP-S01-L03-01,S01,S01-L03,1,running,188.5358,461.5891,101.6059,36.3272,-0.7839,A,relation-reasoning-agent-eval-v3.1
2026-08-08T02:50:00+09:00,CMP-S01-L04-01,S01,S01-L04,1,running,184.5807,433.9859,100.7993,27.5131,-2.2667,C,relation-reasoning-agent-eval-v3.1
2026-08-08T02:50:00+09:00,CMP-S01-L05-01,S01,S01-L05,1,running,175.3511,437.4012,87.0998,46.2488,0.8715,A,relation-reasoning-agent-eval-v3.1
2026-08-08T03:00:00+09:00,CMP-S01-L01-01,S01,S01-L01,1,running,148.1603,481.4386,104.4158,40.8345,0.1858,A,relation-reasoning-agent-eval-v3.1
2026-08-08T03:00:00+09:00,CMP-S01-L02-01,S01,S01-L02,1,running,163.6115,400.8498,104.8085,38.4785,-0.1111,A,relation-reasoning-agent-eval-v3.1
2026-08-08T03:00:00+09:00,CMP-S01-L03-01,S01,S01-L03,1,running,187.2185,447.6393,102.3643,35.0408,-1.0222,B,relation-reasoning-agent-eval-v3.1
2026-08-08T03:00:00+09:00,CMP-S01-L04-01,S01,S01-L04,1,running,195.0586,430.2317,105.27,38.5936,-0.2147,A,relation-reasoning-agent-eval-v3.1
2026-08-08T03:00:00+09:00,CMP-S01-L05-01,S01,S01-L05,1,running,161.0848,406.8975,91.3448,40.0802,-0.2708,A,relation-reasoning-agent-eval-v3.1
2026-08-08T03:10:00+09:00,CMP-S01-L01-01,S01,S01-L01,1,running,150.9463,461.3147,108.009,39.765,-0.0123,A,relation-reasoning-agent-eval-v3.1
2026-08-08T03:10:00+09:00,CMP-S01-L02-01,S01,S01-L02,1,running,182.9317,320.0536,104.3841,42.0301,0.5466,A,relation-reasoning-agent-eval-v3.1
2026-08-08T03:10:00+09:00,CMP-S01-L03-01,S01,S01-L03,1,running,174.397,431.8063,104.7061,38.4138,-0.3975,A,relation-reasoning-agent-eval-v3.1
2026-08-08T03:10:00+09:00,CMP-S01-L04-01,S01,S01-L04,1,running,191.5588,404.3468,105.9598,39.6151,-0.0256,A,relation-reasoning-agent-eval-v3.1
2026-08-08T03:10:00+09:00,CMP-S01-L05-01,S01,S01-L05,1,running,154.0169,447.4868,96.0307,37.7471,-0.7029,A,relation-reasoning-agent-eval-v3.1
2026-08-08T03:20:00+09:00,CMP-S01-L01-01,S01,S01-L01,1,running,157.9563,521.3209,110.0872,33.016,-1.2621,B,relation-reasoning-agent-eval-v3.1
2026-08-08T03:20:00+09:00,CMP-S01-L02-01,S01,S01-L02,1,running,174.7702,338.3991,102.9976,36.9053,-0.4024,A,relation-reasoning-agent-eval-v3.1
2026-08-08T03:20:00+09:00,CMP-S01-L03-01,S01,S01-L03,1,running,181.2844,401.6187,99.4146,43.5959,0.5621,A,relation-reasoning-agent-eval-v3.1
2026-08-08T03:20:00+09:00,CMP-S01-L04-01,S01,S01-L04,1,running,174.1348,413.0295,113.1249,38.934,-0.1517,A,relation-reasoning-agent-eval-v3.1
2026-08-08T03:20:00+09:00,CMP-S01-L05-01,S01,S01-L05,1,running,165.4898,446.7996,99.5235,42.2351,0.1282,A,relation-reasoning-agent-eval-v3.1
2026-08-08T03:30:00+09:00,CMP-S01-L01-01,S01,S01-L01,1,running,139.3162,493.9126,103.1924,29.5749,-1.8993,B,relation-reasoning-agent-eval-v3.1
2026-08-08T03:30:00+09:00,CMP-S01-L02-01,S01,S01-L02,1,running,168.4741,367.3742,103.8412,44.7493,1.0502,B,relation-reasoning-agent-eval-v3.1
2026-08-08T03:30:00+09:00,CMP-S01-L03-01,S01,S01-L03,1,running,171.8319,391.854,98.7166,39.6974,-0.1598,A,relation-reasoning-agent-eval-v3.1
2026-08-08T03:30:00+09:00,CMP-S01-L04-01,S01,S01-L04,1,running,161.6699,456.3358,110.7632,41.9316,0.4034,A,relation-reasoning-agent-eval-v3.1
2026-08-08T03:30:00+09:00,CMP-S01-L05-01,S01,S01-L05,1,running,181.3756,429.6925,94.5622,48.8809,1.3589,B,relation-reasoning-agent-eval-v3.1
2026-08-08T03:40:00+09:00,CMP-S01-L01-01,S01,S01-L01,1,running,162.2655,533.0319,105.5643,29.1911,-1.9704,B,relation-reasoning-agent-eval-v3.1
2026-08-08T03:40:00+09:00,CMP-S01-L02-01,S01,S01-L02,1,running,176.3412,373.1641,109.9365,39.3475,0.0499,A,relation-reasoning-agent-eval-v3.1
2026-08-08T03:40:00+09:00,CMP-S01-L03-01,S01,S01-L03,1,running,170.3022,392.5965,98.4185,36.9937,-0.6605,A,relation-reasoning-agent-eval-v3.1
2026-08-08T03:40:00+09:00,CMP-S01-L04-01,S01,S01-L04,1,running,176.1562,464.9233,105.1608,39.2695,-0.0896,A,relation-reasoning-agent-eval-v3.1
2026-08-08T03:40:00+09:00,CMP-S01-L05-01,S01,S01-L05,1,running,153.9756,485.2363,97.1449,44.9428,0.6297,A,relation-reasoning-agent-eval-v3.1
2026-08-08T03:50:00+09:00,CMP-S01-L01-01,S01,S01-L01,1,running,170.2809,512.9144,100.1251,36.3987,-0.6357,A,relation-reasoning-agent-eval-v3.1
2026-08-08T03:50:00+09:00,CMP-S01-L02-01,S01,S01-L02,1,running,157.7735,331.9982,109.5581,37.2633,-0.3361,A,relation-reasoning-agent-eval-v3.1
2026-08-08T03:50:00+09:00,CMP-S01-L03-01,S01,S01-L03,1,running,151.6654,469.8942,93.3368,38.809,-0.3243,A,relation-reasoning-agent-eval-v3.1
2026-08-08T03:50:00+09:00,CMP-S01-L04-01,S01,S01-L04,1,running,174.5709,449.138,103.5029,35.0653,-0.8681,A,relation-reasoning-agent-eval-v3.1
2026-08-08T03:50:00+09:00,CMP-S01-L05-01,S01,S01-L05,1,running,162.8991,451.0254,97.5334,44.6385,0.5733,A,relation-reasoning-agent-eval-v3.1
2026-08-08T04:00:00+09:00,CMP-S01-L01-01,S01,S01-L01,1,running,164.0318,490.11,101.0524,33.7935,-1.1181,B,relation-reasoning-agent-eval-v3.1
2026-08-08T04:00:00+09:00,CMP-S01-L02-01,S01,S01-L02,1,running,169.8427,335.9608,106.2774,42.3989,0.6149,A,relation-reasoning-agent-eval-v3.1
2026-08-08T04:00:00+09:00,CMP-S01-L03-01,S01,S01-L03,1,running,160.7053,441.1328,98.3172,44.8977,0.8032,A,relation-reasoning-agent-eval-v3.1
2026-08-08T04:00:00+09:00,CMP-S01-L04-01,S01,S01-L04,1,running,169.1874,464.8015,107.032,37.5563,-0.4068,A,relation-reasoning-agent-eval-v3.1
2026-08-08T04:00:00+09:00,CMP-S01-L05-01,S01,S01-L05,1,running,177.6453,398.585,101.3234,43.1422,0.2962,A,relation-reasoning-agent-eval-v3.1
2026-08-08T04:10:00+09:00,CMP-S01-L01-01,S01,S01-L01,1,running,162.121,499.3615,99.8536,41.4831,0.3059,A,relation-reasoning-agent-eval-v3.1
2026-08-08T04:10:00+09:00,CMP-S01-L02-01,S01,S01-L02,1,running,164.6344,374.595,112.3413,41.3658,0.4236,A,relation-reasoning-agent-eval-v3.1
2026-08-08T04:10:00+09:00,CMP-S01-L03-01,S01,S01-L03,1,running,169.0535,496.2554,99.2487,42.0945,0.2841,A,relation-reasoning-agent-eval-v3.1
2026-08-08T04:10:00+09:00,CMP-S01-L04-01,S01,S01-L04,1,running,172.5554,397.7257,105.4107,42.2769,0.4674,A,relation-reasoning-agent-eval-v3.1
2026-08-08T04:10:00+09:00,CMP-S01-L05-01,S01,S01-L05,1,running,169.9121,393.4841,97.6603,41.6111,0.0127,A,relation-reasoning-agent-eval-v3.1
2026-08-08T04:20:00+09:00,CMP-S01-L01-01,S01,S01-L01,1,running,166.3402,478.0735,97.5867,47.5588,1.431,B,relation-reasoning-agent-eval-v3.1
2026-08-08T04:20:00+09:00,CMP-S01-L02-01,S01,S01-L02,1,running,151.7444,347.7965,109.4525,45.6331,1.2138,B,relation-reasoning-agent-eval-v3.1
2026-08-08T04:20:00+09:00,CMP-S01-L03-01,S01,S01-L03,1,running,187.5795,485.6388,96.7591,46.2314,1.0502,B,relation-reasoning-agent-eval-v3.1
2026-08-08T04:20:00+09:00,CMP-S01-L04-01,S01,S01-L04,1,running,165.3988,438.6522,101.1671,36.6766,-0.5697,A,relation-reasoning-agent-eval-v3.1
2026-08-08T04:20:00+09:00,CMP-S01-L05-01,S01,S01-L05,1,running,143.9625,428.5455,100.8424,45.1086,0.6604,A,relation-reasoning-agent-eval-v3.1
2026-08-08T04:30:00+09:00,CMP-S01-L01-01,S01,S01-L01,1,running,166.0979,483.9152,103.5669,46.6753,1.2674,B,relation-reasoning-agent-eval-v3.1
2026-08-08T04:30:00+09:00,CMP-S01-L02-01,S01,S01-L02,1,running,150.2752,371.0523,101.5853,48.4082,1.7278,B,relation-reasoning-agent-eval-v3.1
2026-08-08T04:30:00+09:00,CMP-S01-L03-01,S01,S01-L03,1,running,174.0155,430.8666,93.5615,44.0522,0.6466,A,relation-reasoning-agent-eval-v3.1
2026-08-08T04:30:00+09:00,CMP-S01-L04-01,S01,S01-L04,1,running,171.5458,402.0089,99.3068,36.3056,-0.6384,A,relation-reasoning-agent-eval-v3.1
2026-08-08T04:30:00+09:00,CMP-S01-L05-01,S01,S01-L05,1,running,143.0798,439.0527,96.4655,43.1148,0.2911,A,relation-reasoning-agent-eval-v3.1
2026-08-08T04:40:00+09:00,CMP-S01-L01-01,S01,S01-L01,1,running,170.0525,470.7897,107.1266,46.7468,1.2807,B,relation-reasoning-agent-eval-v3.1
2026-08-08T04:40:00+09:00,CMP-S01-L02-01,S01,S01-L02,1,running,153.4787,417.6008,102.0459,43.6964,0.8552,A,relation-reasoning-agent-eval-v3.1
2026-08-08T04:40:00+09:00,CMP-S01-L03-01,S01,S01-L03,1,running,171.9862,440.1649,99.8294,42.9263,0.4381,A,relation-reasoning-agent-eval-v3.1
2026-08-08T04:40:00+09:00,CMP-S01-L04-01,S01,S01-L04,1,running,160.5064,441.8489,96.4456,34.8427,-0.9093,A,relation-reasoning-agent-eval-v3.1
2026-08-08T04:40:00+09:00,CMP-S01-L05-01,S01,S01-L05,1,running,138.8819,469.8499,93.3351,45.2577,0.688,A,relation-reasoning-agent-eval-v3.1
2026-08-08T04:50:00+09:00,CMP-S01-L01-01,S01,S01-L01,1,running,169.5735,497.5593,112.765,44.0464,0.7806,A,relation-reasoning-agent-eval-v3.1
2026-08-08T04:50:00+09:00,CMP-S01-L02-01,S01,S01-L02,1,running,157.3605,373.6277,98.4246,42.6763,0.6663,A,relation-reasoning-agent-eval-v3.1
2026-08-08T04:50:00+09:00,CMP-S01-L03-01,S01,S01-L03,1,running,153.0553,460.4772,96.6678,43.56,0.5555,A,relation-reasoning-agent-eval-v3.1
2026-08-08T04:50:00+09:00,CMP-S01-L04-01,S01,S01-L04,1,running,160.5876,482.0017,95.539,33.7446,-1.1127,B,relation-reasoning-agent-eval-v3.1
2026-08-08T04:50:00+09:00,CMP-S01-L05-01,S01,S01-L05,1,running,144.6001,512.7837,99.2728,47.0156,1.0135,B,relation-reasoning-agent-eval-v3.1
2026-08-08T05:00:00+09:00,CMP-S01-L01-01,S01,S01-L01,1,running,178.2942,459.9703,113.1204,42.3708,0.4703,A,relation-reasoning-agent-eval-v3.1
2026-08-08T05:00:00+09:00,CMP-S01-L02-01,S01,S01-L02,1,running,176.732,402.8386,106.5394,43.5214,0.8228,A,relation-reasoning-agent-eval-v3.1
2026-08-08T05:00:00+09:00,CMP-S01-L03-01,S01,S01-L03,1,running,176.406,488.7163,99.2871,38.7482,-0.3356,A,relation-reasoning-agent-eval-v3.1
2026-08-08T05:00:00+09:00,CMP-S01-L04-01,S01,S01-L04,1,running,171.0764,476.5182,93.6586,35.0502,-0.8709,A,relation-reasoning-agent-eval-v3.1
2026-08-08T05:00:00+09:00,CMP-S01-L05-01,S01,S01-L05,1,running,146.973,468.7874,96.9874,53.1141,2.1429,C,relation-reasoning-agent-eval-v3.1
2026-08-08T05:10:00+09:00,CMP-S01-L01-01,S01,S01-L01,1,running,179.9481,465.1307,109.8509,44.8342,0.9265,A,relation-reasoning-agent-eval-v3.1
2026-08-08T05:10:00+09:00,CMP-S01-L02-01,S01,S01-L02,1,running,173.1115,403.1742,106.3015,42.6901,0.6689,A,relation-reasoning-agent-eval-v3.1
2026-08-08T05:10:00+09:00,CMP-S01-L03-01,S01,S01-L03,1,running,178.3387,496.9789,100.2782,37.475,-0.5714,A,relation-reasoning-agent-eval-v3.1
2026-08-08T05:10:00+09:00,CMP-S01-L04-01,S01,S01-L04,1,running,175.4376,510.3776,96.1167,38.7234,-0.1907,A,relation-reasoning-agent-eval-v3.1
2026-08-08T05:10:00+09:00,CMP-S01-L05-01,S01,S01-L05,1,running,165.4495,437.4769,92.6222,53.909,2.2901,C,relation-reasoning-agent-eval-v3.1
2026-08-08T05:20:00+09:00,CMP-S01-L01-01,S01,S01-L01,1,running,202.476,504.314,104.2935,39.948,0.0216,A,relation-reasoning-agent-eval-v3.1
2026-08-08T05:20:00+09:00,CMP-S01-L02-01,S01,S01-L02,1,running,175.8113,429.9392,111.0167,43.0657,0.7384,A,relation-reasoning-agent-eval-v3.1
2026-08-08T05:20:00+09:00,CMP-S01-L03-01,S01,S01-L03,1,running,171.4559,422.6783,91.4861,41.2417,0.1262,A,relation-reasoning-agent-eval-v3.1
2026-08-08T05:20:00+09:00,CMP-S01-L04-01,S01,S01-L04,1,running,169.88,492.4497,99.7049,34.7703,-0.9227,A,relation-reasoning-agent-eval-v3.1
2026-08-08T05:20:00+09:00,CMP-S01-L05-01,S01,S01-L05,1,running,174.8573,459.886,87.4807,48.9944,1.38,B,relation-reasoning-agent-eval-v3.1
2026-08-08T05:30:00+09:00,CMP-S01-L01-01,S01,S01-L01,1,running,221.8248,504.0686,106.7591,37.2818,-0.4721,A,relation-reasoning-agent-eval-v3.1
2026-08-08T05:30:00+09:00,CMP-S01-L02-01,S01,S01-L02,1,running,172.7376,453.3585,107.2989,39.3396,0.0484,A,relation-reasoning-agent-eval-v3.1
2026-08-08T05:30:00+09:00,CMP-S01-L03-01,S01,S01-L03,1,running,178.5923,393.0458,99.2838,37.1501,-0.6315,A,relation-reasoning-agent-eval-v3.1
2026-08-08T05:30:00+09:00,CMP-S01-L04-01,S01,S01-L04,1,running,149.7255,471.265,94.2246,37.4035,-0.4351,A,relation-reasoning-agent-eval-v3.1
2026-08-08T05:30:00+09:00,CMP-S01-L05-01,S01,S01-L05,1,running,174.2467,482.2914,91.3166,53.1268,2.1452,C,relation-reasoning-agent-eval-v3.1
2026-08-08T05:40:00+09:00,CMP-S01-L01-01,S01,S01-L01,1,running,210.4713,439.3891,108.0735,42.5289,0.4996,A,relation-reasoning-agent-eval-v3.1
2026-08-08T05:40:00+09:00,CMP-S01-L02-01,S01,S01-L02,1,running,174.2459,408.996,103.9339,37.4235,-0.3064,A,relation-reasoning-agent-eval-v3.1
2026-08-08T05:40:00+09:00,CMP-S01-L03-01,S01,S01-L03,1,running,188.4247,400.1521,98.9434,38.8362,-0.3193,A,relation-reasoning-agent-eval-v3.1
2026-08-08T05:40:00+09:00,CMP-S01-L04-01,S01,S01-L04,1,running,166.4107,530.8646,97.9088,46.4577,1.2416,B,relation-reasoning-agent-eval-v3.1
2026-08-08T05:40:00+09:00,CMP-S01-L05-01,S01,S01-L05,1,running,160.4925,453.8742,90.4027,47.3693,1.079,B,relation-reasoning-agent-eval-v3.1
2026-08-08T05:50:00+09:00,CMP-S01-L01-01,S01,S01-L01,1,running,211.8866,467.3435,110.6899,39.218,-0.1136,A,relation-reasoning-agent-eval-v3.1
2026-08-08T05:50:00+09:00,CMP-S01-L02-01,S01,S01-L02,1,running,168.3213,405.7441,104.9529,37.4631,-0.2991,A,relation-reasoning-agent-eval-v3.1
2026-08-08T05:50:00+09:00,CMP-S01-L03-01,S01,S01-L03,1,running,186.0656,423.3648,104.9691,41.8851,0.2453,A,relation-reasoning-agent-eval-v3.1
2026-08-08T05:50:00+09:00,CMP-S01-L04-01,S01,S01-L04,1,running,170.3824,527.4,102.1561,49.9398,1.8864,B,relation-reasoning-agent-eval-v3.1
2026-08-08T05:50:00+09:00,CMP-S01-L05-01,S01,S01-L05,1,running,157.2441,449.483,95.5215,41.6437,0.0187,A,relation-reasoning-agent-eval-v3.1
2026-08-08T06:00:00+09:00,CMP-S01-L01-01,S01,S01-L01,1,running,204.6731,484.3496,101.6623,33.1984,-1.2283,B,relation-reasoning-agent-eval-v3.1
2026-08-08T06:00:00+09:00,CMP-S01-L02-01,S01,S01-L02,1,running,174.725,405.5881,107.5881,41.2113,0.395,A,relation-reasoning-agent-eval-v3.1
2026-08-08T06:00:00+09:00,CMP-S01-L03-01,S01,S01-L03,1,running,174.3914,409.9368,107.5915,40.0764,-0.0896,A,relation-reasoning-agent-eval-v3.1
2026-08-08T06:00:00+09:00,CMP-S01-L04-01,S01,S01-L04,1,running,169.3367,515.1054,99.4754,50.6299,2.0142,C,relation-reasoning-agent-eval-v3.1
2026-08-08T06:00:00+09:00,CMP-S01-L05-01,S01,S01-L05,1,running,151.2991,459.5292,94.9229,43.6228,0.3852,A,relation-reasoning-agent-eval-v3.1
2026-08-08T06:10:00+09:00,CMP-S01-L01-01,S01,S01-L01,1,running,207.0366,466.3705,100.4305,31.5909,-1.526,B,relation-reasoning-agent-eval-v3.1
2026-08-08T06:10:00+09:00,CMP-S01-L02-01,S01,S01-L02,1,running,170.9642,451.1731,108.6456,36.0071,-0.5687,A,relation-reasoning-agent-eval-v3.1
2026-08-08T06:10:00+09:00,CMP-S01-L03-01,S01,S01-L03,1,running,185.1778,394.2117,111.7219,44.4472,0.7198,A,relation-reasoning-agent-eval-v3.1
2026-08-08T06:10:00+09:00,CMP-S01-L04-01,S01,S01-L04,1,running,154.4073,449.8238,100.4246,49.3608,1.7792,B,relation-reasoning-agent-eval-v3.1
2026-08-08T06:10:00+09:00,CMP-S01-L05-01,S01,S01-L05,1,running,157.1918,461.4281,102.1685,43.1714,0.3016,A,relation-reasoning-agent-eval-v3.1
2026-08-08T06:20:00+09:00,CMP-S01-L01-01,S01,S01-L01,1,running,196.4502,449.5521,101.3913,27.9056,-2.2084,C,relation-reasoning-agent-eval-v3.1
2026-08-08T06:20:00+09:00,CMP-S01-L02-01,S01,S01-L02,1,running,178.0565,417.1224,114.4087,35.1696,-0.7238,A,relation-reasoning-agent-eval-v3.1
2026-08-08T06:20:00+09:00,CMP-S01-L03-01,S01,S01-L03,1,running,175.7357,360.4666,110.7577,50.6489,1.8682,B,relation-reasoning-agent-eval-v3.1
2026-08-08T06:20:00+09:00,CMP-S01-L04-01,S01,S01-L04,1,running,156.5401,472.6316,99.0146,51.7451,2.2207,C,relation-reasoning-agent-eval-v3.1
2026-08-08T06:20:00+09:00,CMP-S01-L05-01,S01,S01-L05,1,running,154.4283,442.5682,107.0321,42.6857,0.2117,A,relation-reasoning-agent-eval-v3.1
2026-08-08T06:30:00+09:00,CMP-S01-L01-01,S01,S01-L01,1,running,202.1299,474.3336,99.8251,32.3052,-1.3937,B,relation-reasoning-agent-eval-v3.1
2026-08-08T06:30:00+09:00,CMP-S01-L02-01,S01,S01-L02,1,running,176.9073,399.287,101.3222,41.3025,0.4119,A,relation-reasoning-agent-eval-v3.1
2026-08-08T06:30:00+09:00,CMP-S01-L03-01,S01,S01-L03,1,running,149.4298,379.1717,111.1833,48.6914,1.5057,B,relation-reasoning-agent-eval-v3.1
2026-08-08T06:30:00+09:00,CMP-S01-L04-01,S01,S01-L04,1,running,169.6251,444.4119,100.2327,44.3256,0.8468,A,relation-reasoning-agent-eval-v3.1
2026-08-08T06:30:00+09:00,CMP-S01-L05-01,S01,S01-L05,1,running,169.3643,467.4872,99.8833,44.579,0.5623,A,relation-reasoning-agent-eval-v3.1
2026-08-08T06:40:00+09:00,CMP-S01-L01-01,S01,S01-L01,1,running,190.5181,482.8061,101.7146,32.4112,-1.3741,B,relation-reasoning-agent-eval-v3.1
2026-08-08T06:40:00+09:00,CMP-S01-L02-01,S01,S01-L02,1,running,185.4932,414.0687,102.9924,35.6769,-0.6299,A,relation-reasoning-agent-eval-v3.1
2026-08-08T06:40:00+09:00,CMP-S01-L03-01,S01,S01-L03,1,running,136.5749,397.9148,108.5866,43.2502,0.4981,A,relation-reasoning-agent-eval-v3.1
2026-08-08T06:40:00+09:00,CMP-S01-L04-01,S01,S01-L04,1,running,177.3835,494.9037,98.6809,37.1804,-0.4764,A,relation-reasoning-agent-eval-v3.1
2026-08-08T06:40:00+09:00,CMP-S01-L05-01,S01,S01-L05,1,running,171.8474,401.0289,97.6552,43.9938,0.4539,A,relation-reasoning-agent-eval-v3.1
2026-08-08T06:50:00+09:00,CMP-S01-L01-01,S01,S01-L01,1,running,189.6136,520.3541,107.532,30.3234,-1.7607,B,relation-reasoning-agent-eval-v3.1
2026-08-08T06:50:00+09:00,CMP-S01-L02-01,S01,S01-L02,1,running,169.8208,446.3229,109.1402,40.6248,0.2864,A,relation-reasoning-agent-eval-v3.1
2026-08-08T06:50:00+09:00,CMP-S01-L03-01,S01,S01-L03,1,running,152.6893,434.8081,108.0439,45.5447,0.923,A,relation-reasoning-agent-eval-v3.1
2026-08-08T06:50:00+09:00,CMP-S01-L04-01,S01,S01-L04,1,running,192.2406,465.6218,98.4334,37.6981,-0.3806,A,relation-reasoning-agent-eval-v3.1
2026-08-08T06:50:00+09:00,CMP-S01-L05-01,S01,S01-L05,1,running,170.7482,450.1251,97.8209,42.6091,0.1975,A,relation-reasoning-agent-eval-v3.1
2026-08-08T07:00:00+09:00,CMP-S01-L01-01,S01,S01-L01,1,running,184.1188,547.3743,101.6669,34.1155,-1.0585,B,relation-reasoning-agent-eval-v3.1
2026-08-08T07:00:00+09:00,CMP-S01-L02-01,S01,S01-L02,1,running,173.399,438.3073,107.3974,44.9007,1.0782,B,relation-reasoning-agent-eval-v3.1
2026-08-08T07:00:00+09:00,CMP-S01-L03-01,S01,S01-L03,1,running,159.7773,417.5785,101.3961,38.5604,-0.3704,A,relation-reasoning-agent-eval-v3.1
2026-08-08T07:00:00+09:00,CMP-S01-L04-01,S01,S01-L04,1,running,181.1402,490.57,89.6094,42.5924,0.5258,A,relation-reasoning-agent-eval-v3.1
2026-08-08T07:00:00+09:00,CMP-S01-L05-01,S01,S01-L05,1,running,176.6769,404.1688,100.8075,40.2028,-0.2481,A,relation-reasoning-agent-eval-v3.1
2026-08-08T07:10:00+09:00,CMP-S01-L01-01,S01,S01-L01,1,running,182.2463,507.1228,102.0102,35.9402,-0.7206,A,relation-reasoning-agent-eval-v3.1
2026-08-08T07:10:00+09:00,CMP-S01-L02-01,S01,S01-L02,1,running,191.01,487.4603,109.8729,43.1749,0.7586,A,relation-reasoning-agent-eval-v3.1
2026-08-08T07:10:00+09:00,CMP-S01-L03-01,S01,S01-L03,1,running,161.3885,434.1482,95.9576,39.5646,-0.1844,A,relation-reasoning-agent-eval-v3.1
2026-08-08T07:10:00+09:00,CMP-S01-L04-01,S01,S01-L04,1,running,164.3385,417.4015,97.3544,42.4015,0.4904,A,relation-reasoning-agent-eval-v3.1
2026-08-08T07:10:00+09:00,CMP-S01-L05-01,S01,S01-L05,1,running,170.2607,453.1479,106.6713,39.8954,-0.305,A,relation-reasoning-agent-eval-v3.1
2026-08-08T07:20:00+09:00,CMP-S01-L01-01,S01,S01-L01,1,running,174.6515,499.0534,97.5216,45.0283,0.9624,A,relation-reasoning-agent-eval-v3.1
2026-08-08T07:20:00+09:00,CMP-S01-L02-01,S01,S01-L02,1,running,187.0056,511.9742,113.3703,42.1884,0.5759,A,relation-reasoning-agent-eval-v3.1
2026-08-08T07:20:00+09:00,CMP-S01-L03-01,S01,S01-L03,1,running,165.7452,414.6177,97.2297,41.927,0.2531,A,relation-reasoning-agent-eval-v3.1
2026-08-08T07:20:00+09:00,CMP-S01-L04-01,S01,S01-L04,1,running,173.4977,435.8555,96.7507,39.9136,0.0297,A,relation-reasoning-agent-eval-v3.1
2026-08-08T07:20:00+09:00,CMP-S01-L05-01,S01,S01-L05,1,running,170.7409,442.9134,107.6559,34.5436,-1.2961,B,relation-reasoning-agent-eval-v3.1
2026-08-08T07:30:00+09:00,CMP-S01-L01-01,S01,S01-L01,1,running,166.2933,489.1399,95.5201,40.8139,0.182,A,relation-reasoning-agent-eval-v3.1
2026-08-08T07:30:00+09:00,CMP-S01-L02-01,S01,S01-L02,1,running,203.65,479.6453,111.6348,45.5457,1.1977,B,relation-reasoning-agent-eval-v3.1
2026-08-08T07:30:00+09:00,CMP-S01-L03-01,S01,S01-L03,1,running,154.6308,398.2923,104.3618,44.797,0.7845,A,relation-reasoning-agent-eval-v3.1
2026-08-08T07:30:00+09:00,CMP-S01-L04-01,S01,S01-L04,1,running,171.522,440.5031,99.1087,42.9994,0.6012,A,relation-reasoning-agent-eval-v3.1
2026-08-08T07:30:00+09:00,CMP-S01-L05-01,S01,S01-L05,1,running,164.6173,460.7483,106.5446,30.5148,-2.0422,C,relation-reasoning-agent-eval-v3.1
2026-08-08T07:40:00+09:00,CMP-S01-L01-01,S01,S01-L01,1,running,154.2898,487.75,99.2773,39.2059,-0.1158,A,relation-reasoning-agent-eval-v3.1
2026-08-08T07:40:00+09:00,CMP-S01-L02-01,S01,S01-L02,1,running,198.3904,451.0108,110.5422,43.4361,0.807,A,relation-reasoning-agent-eval-v3.1
2026-08-08T07:40:00+09:00,CMP-S01-L03-01,S01,S01-L03,1,running,158.2561,398.4124,100.8981,44.8274,0.7902,A,relation-reasoning-agent-eval-v3.1
2026-08-08T07:40:00+09:00,CMP-S01-L04-01,S01,S01-L04,1,running,157.0822,462.8285,105.3819,39.9234,0.0315,A,relation-reasoning-agent-eval-v3.1
2026-08-08T07:40:00+09:00,CMP-S01-L05-01,S01,S01-L05,1,running,177.1015,434.3332,99.8761,31.9999,-1.7672,B,relation-reasoning-agent-eval-v3.1
2026-08-08T07:50:00+09:00,CMP-S01-L01-01,S01,S01-L01,1,running,144.5595,459.5448,97.9802,43.3305,0.648,A,relation-reasoning-agent-eval-v3.1
2026-08-08T07:50:00+09:00,CMP-S01-L02-01,S01,S01-L02,1,running,189.847,427.8182,111.4725,38.4437,-0.1175,A,relation-reasoning-agent-eval-v3.1
2026-08-08T07:50:00+09:00,CMP-S01-L03-01,S01,S01-L03,1,running,164.0533,435.3196,101.1019,37.4594,-0.5743,A,relation-reasoning-agent-eval-v3.1
2026-08-08T07:50:00+09:00,CMP-S01-L04-01,S01,S01-L04,1,running,144.4897,454.4582,107.7666,38.5219,-0.228,A,relation-reasoning-agent-eval-v3.1
2026-08-08T07:50:00+09:00,CMP-S01-L05-01,S01,S01-L05,1,running,189.0827,455.9223,98.6242,39.8862,-0.3067,A,relation-reasoning-agent-eval-v3.1
2026-08-08T08:00:00+09:00,CMP-S01-L01-01,S01,S01-L01,1,running,165.725,485.2691,97.8143,44.2927,0.8262,A,relation-reasoning-agent-eval-v3.1
2026-08-08T08:00:00+09:00,CMP-S01-L02-01,S01,S01-L02,1,running,172.4502,423.5782,108.454,39.1108,0.006,A,relation-reasoning-agent-eval-v3.1
2026-08-08T08:00:00+09:00,CMP-S01-L03-01,S01,S01-L03,1,running,155.2137,436.5811,106.025,41.2017,0.1188,A,relation-reasoning-agent-eval-v3.1
2026-08-08T08:00:00+09:00,CMP-S01-L04-01,S01,S01-L04,1,running,156.0471,468.0749,101.2704,43.796,0.7487,A,relation-reasoning-agent-eval-v3.1
2026-08-08T08:00:00+09:00,CMP-S01-L05-01,S01,S01-L05,1,running,196.3581,455.2666,100.2234,37.8384,-0.686,A,relation-reasoning-agent-eval-v3.1
2026-08-08T08:10:00+09:00,CMP-S01-L01-01,S01,S01-L01,1,running,160.0903,468.6092,92.472,43.1612,0.6167,A,relation-reasoning-agent-eval-v3.1
2026-08-08T08:10:00+09:00,CMP-S01-L02-01,S01,S01-L02,1,running,169.7982,476.2382,107.3126,38.8159,-0.0486,A,relation-reasoning-agent-eval-v3.1
2026-08-08T08:10:00+09:00,CMP-S01-L03-01,S01,S01-L03,1,running,149.3933,486.4863,103.8843,34.9307,-1.0425,B,relation-reasoning-agent-eval-v3.1
2026-08-08T08:10:00+09:00,CMP-S01-L04-01,S01,S01-L04,1,running,162.7827,437.0579,102.5044,44.4457,0.869,A,relation-reasoning-agent-eval-v3.1
2026-08-08T08:10:00+09:00,CMP-S01-L05-01,S01,S01-L05,1,running,195.8952,482.089,97.5505,44.4078,0.5306,A,relation-reasoning-agent-eval-v3.1
2026-08-08T08:20:00+09:00,CMP-S01-L01-01,S01,S01-L01,1,running,153.8899,462.1258,91.4171,43.2371,0.6307,A,relation-reasoning-agent-eval-v3.1
2026-08-08T08:20:00+09:00,CMP-S01-L02-01,S01,S01-L02,1,running,159.3961,473.168,105.3759,36.0081,-0.5686,A,relation-reasoning-agent-eval-v3.1
2026-08-08T08:20:00+09:00,CMP-S01-L03-01,S01,S01-L03,1,running,160.7475,458.6084,95.5179,35.5669,-0.9247,A,relation-reasoning-agent-eval-v3.1
2026-08-08T08:20:00+09:00,CMP-S01-L04-01,S01,S01-L04,1,running,162.8213,472.3968,99.0575,44.1704,0.818,A,relation-reasoning-agent-eval-v3.1
2026-08-08T08:20:00+09:00,CMP-S01-L05-01,S01,S01-L05,1,running,197.8415,447.7824,97.8764,44.525,0.5523,A,relation-reasoning-agent-eval-v3.1
2026-08-08T08:30:00+09:00,CMP-S01-L01-01,S01,S01-L01,1,running,151.2462,481.2338,79.3019,44.7891,0.9181,A,relation-reasoning-agent-eval-v3.1
2026-08-08T08:30:00+09:00,CMP-S01-L02-01,S01,S01-L02,1,running,157.0904,428.1114,104.9927,38.5913,-0.0902,A,relation-reasoning-agent-eval-v3.1
2026-08-08T08:30:00+09:00,CMP-S01-L03-01,S01,S01-L03,1,running,164.785,441.015,100.5066,38.4838,-0.3846,A,relation-reasoning-agent-eval-v3.1
2026-08-08T08:30:00+09:00,CMP-S01-L04-01,S01,S01-L04,1,running,171.9345,473.4622,99.1556,42.2119,0.4553,A,relation-reasoning-agent-eval-v3.1
2026-08-08T08:30:00+09:00,CMP-S01-L05-01,S01,S01-L05,1,running,176.614,427.9365,98.2929,38.5616,-0.552,A,relation-reasoning-agent-eval-v3.1
2026-08-08T08:40:00+09:00,CMP-S01-L01-01,S01,S01-L01,1,running,144.7581,495.3358,88.0459,40.4681,0.1179,A,relation-reasoning-agent-eval-v3.1
2026-08-08T08:40:00+09:00,CMP-S01-L02-01,S01,S01-L02,1,running,156.0787,415.041,105.9519,38.3389,-0.1369,A,relation-reasoning-agent-eval-v3.1
2026-08-08T08:40:00+09:00,CMP-S01-L03-01,S01,S01-L03,1,running,169.3892,400.4615,88.5913,39.4185,-0.2115,A,relation-reasoning-agent-eval-v3.1
2026-08-08T08:40:00+09:00,CMP-S01-L04-01,S01,S01-L04,1,running,165.6699,494.3454,102.7196,42.2848,0.4688,A,relation-reasoning-agent-eval-v3.1
2026-08-08T08:40:00+09:00,CMP-S01-L05-01,S01,S01-L05,1,running,171.2878,473.0762,104.782,41.6404,0.0181,A,relation-reasoning-agent-eval-v3.1
2026-08-08T08:50:00+09:00,CMP-S01-L01-01,S01,S01-L01,1,running,164.6088,485.9619,86.1554,36.7657,-0.5677,A,relation-reasoning-agent-eval-v3.1
2026-08-08T08:50:00+09:00,CMP-S01-L02-01,S01,S01-L02,1,running,176.0306,393.129,104.454,40.5666,0.2756,A,relation-reasoning-agent-eval-v3.1
2026-08-08T08:50:00+09:00,CMP-S01-L03-01,S01,S01-L03,1,running,171.6384,396.8621,93.0036,43.5682,0.557,A,relation-reasoning-agent-eval-v3.1
2026-08-08T08:50:00+09:00,CMP-S01-L04-01,S01,S01-L04,1,running,155.3522,485.8179,103.3605,44.5155,0.8819,A,relation-reasoning-agent-eval-v3.1
2026-08-08T08:50:00+09:00,CMP-S01-L05-01,S01,S01-L05,1,running,173.0571,462.0813,106.6994,36.7767,-0.8826,A,relation-reasoning-agent-eval-v3.1
2026-08-08T09:00:00+09:00,CMP-S01-L01-01,S01,S01-L01,1,running,159.7629,476.8647,87.9827,36.8237,-0.557,A,relation-reasoning-agent-eval-v3.1
2026-08-08T09:00:00+09:00,CMP-S01-L02-01,S01,S01-L02,1,running,203.0992,468.3787,103.4864,35.8767,-0.5929,A,relation-reasoning-agent-eval-v3.1
2026-08-08T09:00:00+09:00,CMP-S01-L03-01,S01,S01-L03,1,running,160.4208,435.4014,96.0314,48.28,1.4296,B,relation-reasoning-agent-eval-v3.1
2026-08-08T09:00:00+09:00,CMP-S01-L04-01,S01,S01-L04,1,running,176.3358,529.2586,97.6056,44.8816,0.9497,A,relation-reasoning-agent-eval-v3.1
2026-08-08T09:00:00+09:00,CMP-S01-L05-01,S01,S01-L05,1,running,176.3475,417.9982,103.3726,39.7801,-0.3264,A,relation-reasoning-agent-eval-v3.1
2026-08-08T09:10:00+09:00,CMP-S01-L01-01,S01,S01-L01,1,running,166.7307,460.8746,92.6232,41.2165,0.2565,A,relation-reasoning-agent-eval-v3.1
2026-08-08T09:10:00+09:00,CMP-S01-L02-01,S01,S01-L02,1,running,196.3788,467.5518,94.6871,39.8923,0.1507,A,relation-reasoning-agent-eval-v3.1
2026-08-08T09:10:00+09:00,CMP-S01-L03-01,S01,S01-L03,1,running,162.8093,457.0682,89.9052,44.8599,0.7962,A,relation-reasoning-agent-eval-v3.1
2026-08-08T09:10:00+09:00,CMP-S01-L04-01,S01,S01-L04,1,running,178.629,516.6999,98.8543,45.4062,1.0469,B,relation-reasoning-agent-eval-v3.1
2026-08-08T09:10:00+09:00,CMP-S01-L05-01,S01,S01-L05,1,running,198.6396,428.2832,104.2446,35.9722,-1.0316,B,relation-reasoning-agent-eval-v3.1
2026-08-08T09:20:00+09:00,CMP-S01-L01-01,S01,S01-L01,1,running,162.1837,409.4428,99.69,42.0434,0.4097,A,relation-reasoning-agent-eval-v3.1
2026-08-08T09:20:00+09:00,CMP-S01-L02-01,S01,S01-L02,1,running,189.4942,482.8657,96.7691,40.0957,0.1884,A,relation-reasoning-agent-eval-v3.1
2026-08-08T09:20:00+09:00,CMP-S01-L03-01,S01,S01-L03,1,running,173.1938,444.2442,91.8748,48.2017,1.4151,B,relation-reasoning-agent-eval-v3.1
2026-08-08T09:20:00+09:00,CMP-S01-L04-01,S01,S01-L04,1,running,178.9859,466.3045,103.8429,43.6496,0.7216,A,relation-reasoning-agent-eval-v3.1
2026-08-08T09:20:00+09:00,CMP-S01-L05-01,S01,S01-L05,1,running,195.9468,421.3958,97.7551,39.8745,-0.3089,A,relation-reasoning-agent-eval-v3.1
2026-08-08T09:30:00+09:00,CMP-S01-L01-01,S01,S01-L01,1,running,167.229,402.7879,93.2255,42.7484,0.5402,A,relation-reasoning-agent-eval-v3.1
2026-08-08T09:30:00+09:00,CMP-S01-L02-01,S01,S01-L02,1,running,190.7089,464.1784,100.7638,48.5607,1.756,B,relation-reasoning-agent-eval-v3.1
2026-08-08T09:30:00+09:00,CMP-S01-L03-01,S01,S01-L03,1,running,163.1116,416.9999,102.6966,43.8858,0.6158,A,relation-reasoning-agent-eval-v3.1
2026-08-08T09:30:00+09:00,CMP-S01-L04-01,S01,S01-L04,1,running,166.4049,514.7449,106.899,41.9205,0.4014,A,relation-reasoning-agent-eval-v3.1
2026-08-08T09:30:00+09:00,CMP-S01-L05-01,S01,S01-L05,1,running,197.904,433.658,94.0257,37.126,-0.8179,A,relation-reasoning-agent-eval-v3.1
2026-08-08T09:40:00+09:00,CMP-S01-L01-01,S01,S01-L01,1,running,147.1078,390.3498,90.4326,47.8003,1.4758,B,relation-reasoning-agent-eval-v3.1
2026-08-08T09:40:00+09:00,CMP-S01-L02-01,S01,S01-L02,1,running,194.6706,489.4275,103.5789,44.2848,0.9642,A,relation-reasoning-agent-eval-v3.1
2026-08-08T09:40:00+09:00,CMP-S01-L03-01,S01,S01-L03,1,running,154.4554,368.0675,107.7211,32.1352,-1.5602,B,relation-reasoning-agent-eval-v3.1
2026-08-08T09:40:00+09:00,CMP-S01-L04-01,S01,S01-L04,1,running,179.6245,466.6311,110.3547,38.6177,-0.2103,A,relation-reasoning-agent-eval-v3.1
2026-08-08T09:40:00+09:00,CMP-S01-L05-01,S01,S01-L05,1,running,188.0542,467.378,97.0083,40.2298,-0.2431,A,relation-reasoning-agent-eval-v3.1
2026-08-08T09:50:00+09:00,CMP-S01-L01-01,S01,S01-L01,1,running,146.8334,428.6914,95.0269,50.6332,2.0004,C,relation-reasoning-agent-eval-v3.1
2026-08-08T09:50:00+09:00,CMP-S01-L02-01,S01,S01-L02,1,running,173.9935,442.1152,101.1039,46.8257,1.4347,B,relation-reasoning-agent-eval-v3.1
2026-08-08T09:50:00+09:00,CMP-S01-L03-01,S01,S01-L03,1,running,155.5454,371.9254,103.8204,36.2395,-0.8002,A,relation-reasoning-agent-eval-v3.1
2026-08-08T09:50:00+09:00,CMP-S01-L04-01,S01,S01-L04,1,running,190.3093,457.6054,106.6954,39.2848,-0.0867,A,relation-reasoning-agent-eval-v3.1
2026-08-08T09:50:00+09:00,CMP-S01-L05-01,S01,S01-L05,1,running,176.1244,404.6224,98.9635,43.5258,0.3673,A,relation-reasoning-agent-eval-v3.1
2026-08-08T10:00:00+09:00,CMP-S01-L01-01,S01,S01-L01,1,running,154.8997,432.9146,98.0424,48.0051,1.5137,B,relation-reasoning-agent-eval-v3.1
2026-08-08T10:00:00+09:00,CMP-S01-L02-01,S01,S01-L02,1,running,177.0921,416.4473,97.0671,40.1316,0.1951,A,relation-reasoning-agent-eval-v3.1
2026-08-08T10:00:00+09:00,CMP-S01-L03-01,S01,S01-L03,1,running,157.047,379.3354,104.9702,42.9175,0.4365,A,relation-reasoning-agent-eval-v3.1
2026-08-08T10:00:00+09:00,CMP-S01-L04-01,S01,S01-L04,1,running,186.1834,422.8151,103.602,40.7598,0.1864,A,relation-reasoning-agent-eval-v3.1
2026-08-08T10:00:00+09:00,CMP-S01-L05-01,S01,S01-L05,1,running,164.7041,366.1084,94.7319,41.3727,-0.0315,A,relation-reasoning-agent-eval-v3.1
2026-08-08T10:10:00+09:00,CMP-S01-L01-01,S01,S01-L01,1,running,146.0216,475.8135,99.2121,37.6654,-0.4011,A,relation-reasoning-agent-eval-v3.1
2026-08-08T10:10:00+09:00,CMP-S01-L02-01,S01,S01-L02,1,running,171.3135,428.2388,100.6954,35.302,-0.6993,A,relation-reasoning-agent-eval-v3.1
2026-08-08T10:10:00+09:00,CMP-S01-L03-01,S01,S01-L03,1,running,163.2067,415.2719,105.5169,39.863,-0.1292,A,relation-reasoning-agent-eval-v3.1
2026-08-08T10:10:00+09:00,CMP-S01-L04-01,S01,S01-L04,1,running,188.3384,410.6603,102.7592,40.2041,0.0835,A,relation-reasoning-agent-eval-v3.1
2026-08-08T10:10:00+09:00,CMP-S01-L05-01,S01,S01-L05,1,running,166.2795,425.2055,93.6814,49.2194,1.4216,B,relation-reasoning-agent-eval-v3.1
2026-08-08T10:20:00+09:00,CMP-S01-L01-01,S01,S01-L01,1,running,160.8188,439.6889,98.1791,44.7502,0.9109,A,relation-reasoning-agent-eval-v3.1
2026-08-08T10:20:00+09:00,CMP-S01-L02-01,S01,S01-L02,1,running,167.43,424.5184,103.6534,42.155,0.5698,A,relation-reasoning-agent-eval-v3.1
2026-08-08T10:20:00+09:00,CMP-S01-L03-01,S01,S01-L03,1,running,146.3258,475.5899,101.6106,39.309,-0.2317,A,relation-reasoning-agent-eval-v3.1
2026-08-08T10:20:00+09:00,CMP-S01-L04-01,S01,S01-L04,1,running,180.4536,422.0028,101.6547,46.0598,1.1679,B,relation-reasoning-agent-eval-v3.1
2026-08-08T10:20:00+09:00,CMP-S01-L05-01,S01,S01-L05,1,running,167.7576,443.1009,96.6702,49.2878,1.4343,B,relation-reasoning-agent-eval-v3.1
2026-08-08T10:30:00+09:00,CMP-S01-L01-01,S01,S01-L01,1,running,161.4059,462.0051,103.212,51.1448,2.0951,C,relation-reasoning-agent-eval-v3.1
2026-08-08T10:30:00+09:00,CMP-S01-L02-01,S01,S01-L02,1,running,145.9075,448.2938,106.4619,40.8069,0.3201,A,relation-reasoning-agent-eval-v3.1
2026-08-08T10:30:00+09:00,CMP-S01-L03-01,S01,S01-L03,1,running,142.3237,432.6046,100.0711,36.1371,-0.8191,A,relation-reasoning-agent-eval-v3.1
2026-08-08T10:30:00+09:00,CMP-S01-L04-01,S01,S01-L04,1,running,171.3325,462.8432,103.64,42.8691,0.577,A,relation-reasoning-agent-eval-v3.1
2026-08-08T10:30:00+09:00,CMP-S01-L05-01,S01,S01-L05,1,running,167.9299,461.3844,104.3509,47.8591,1.1697,B,relation-reasoning-agent-eval-v3.1
2026-08-08T10:40:00+09:00,CMP-S01-L01-01,S01,S01-L01,1,running,175.3718,496.939,100.5318,46.4117,1.2186,B,relation-reasoning-agent-eval-v3.1
2026-08-08T10:40:00+09:00,CMP-S01-L02-01,S01,S01-L02,1,running,157.795,442.3442,110.6975,47.3307,1.5282,B,relation-reasoning-agent-eval-v3.1
2026-08-08T10:40:00+09:00,CMP-S01-L03-01,S01,S01-L03,1,running,140.4216,472.0734,103.1263,41.0961,0.0992,A,relation-reasoning-agent-eval-v3.1
2026-08-08T10:40:00+09:00,CMP-S01-L04-01,S01,S01-L04,1,running,169.9556,499.9596,104.5345,37.0513,-0.5003,A,relation-reasoning-agent-eval-v3.1
2026-08-08T10:40:00+09:00,CMP-S01-L05-01,S01,S01-L05,1,running,174.4091,431.0773,101.7789,45.4131,0.7168,A,relation-reasoning-agent-eval-v3.1
2026-08-08T10:50:00+09:00,CMP-S01-L01-01,S01,S01-L01,1,running,162.4663,470.3099,93.1969,48.8678,1.6734,B,relation-reasoning-agent-eval-v3.1
2026-08-08T10:50:00+09:00,CMP-S01-L02-01,S01,S01-L02,1,running,177.6177,428.0744,102.2921,51.0313,2.2135,C,relation-reasoning-agent-eval-v3.1
2026-08-08T10:50:00+09:00,CMP-S01-L03-01,S01,S01-L03,1,running,159.0649,503.128,110.139,36.2409,-0.7999,A,relation-reasoning-agent-eval-v3.1
2026-08-08T10:50:00+09:00,CMP-S01-L04-01,S01,S01-L04,1,running,158.6812,520.3624,107.1227,41.0348,0.2374,A,relation-reasoning-agent-eval-v3.1
2026-08-08T10:50:00+09:00,CMP-S01-L05-01,S01,S01-L05,1,running,180.0225,446.0797,104.8857,40.496,-0.1938,A,relation-reasoning-agent-eval-v3.1
2026-08-08T11:00:00+09:00,CMP-S01-L01-01,S01,S01-L01,1,running,152.7016,466.9531,93.9063,51.5094,2.1626,C,relation-reasoning-agent-eval-v3.1
2026-08-08T11:00:00+09:00,CMP-S01-L02-01,S01,S01-L02,1,running,180.5264,466.1368,104.2825,55.2955,3.0032,D,relation-reasoning-agent-eval-v3.1
2026-08-08T11:00:00+09:00,CMP-S01-L03-01,S01,S01-L03,1,running,160.2841,489.1958,102.2801,38.1352,-0.4491,A,relation-reasoning-agent-eval-v3.1
2026-08-08T11:00:00+09:00,CMP-S01-L04-01,S01,S01-L04,1,running,163.0856,520.8289,109.8878,36.948,-0.5195,A,relation-reasoning-agent-eval-v3.1
2026-08-08T11:00:00+09:00,CMP-S01-L05-01,S01,S01-L05,1,running,149.9129,499.256,103.2984,45.098,0.6584,A,relation-reasoning-agent-eval-v3.1
2026-08-08T11:10:00+09:00,CMP-S01-L01-01,S01,S01-L01,1,running,152.1297,454.2835,94.1167,48.9727,1.6929,B,relation-reasoning-agent-eval-v3.1
2026-08-08T11:10:00+09:00,CMP-S01-L02-01,S01,S01-L02,1,running,179.0316,469.7678,104.6282,51.8784,2.3704,C,relation-reasoning-agent-eval-v3.1
2026-08-08T11:10:00+09:00,CMP-S01-L03-01,S01,S01-L03,1,running,168.5132,493.4454,95.4866,43.6001,0.5629,A,relation-reasoning-agent-eval-v3.1
2026-08-08T11:10:00+09:00,CMP-S01-L04-01,S01,S01-L04,1,running,174.3395,493.8105,101.4423,39.946,0.0357,A,relation-reasoning-agent-eval-v3.1
2026-08-08T11:10:00+09:00,CMP-S01-L05-01,S01,S01-L05,1,running,146.8276,501.3041,104.251,41.9144,0.0688,A,relation-reasoning-agent-eval-v3.1
2026-08-08T11:20:00+09:00,CMP-S01-L01-01,S01,S01-L01,1,running,164.5666,432.9579,99.5948,46.3448,1.2062,B,relation-reasoning-agent-eval-v3.1
2026-08-08T11:20:00+09:00,CMP-S01-L02-01,S01,S01-L02,1,running,169.4226,498.5664,108.7025,49.6619,1.9599,B,relation-reasoning-agent-eval-v3.1
2026-08-08T11:20:00+09:00,CMP-S01-L03-01,S01,S01-L03,1,running,166.4173,485.4586,96.9992,45.0336,0.8284,A,relation-reasoning-agent-eval-v3.1
2026-08-08T11:20:00+09:00,CMP-S01-L04-01,S01,S01-L04,1,running,169.4758,502.8144,103.5408,37.2595,-0.4618,A,relation-reasoning-agent-eval-v3.1
2026-08-08T11:20:00+09:00,CMP-S01-L05-01,S01,S01-L05,1,running,169.2617,489.5989,97.8272,39.0104,-0.4689,A,relation-reasoning-agent-eval-v3.1
2026-08-08T11:30:00+09:00,CMP-S01-L01-01,S01,S01-L01,1,running,172.9179,396.4015,98.4198,45.3323,1.0187,B,relation-reasoning-agent-eval-v3.1
2026-08-08T11:30:00+09:00,CMP-S01-L02-01,S01,S01-L02,1,running,175.9505,479.2747,119.1389,42.2685,0.5908,A,relation-reasoning-agent-eval-v3.1
2026-08-08T11:30:00+09:00,CMP-S01-L03-01,S01,S01-L03,1,running,153.3661,509.3107,97.6421,36.6142,-0.7308,A,relation-reasoning-agent-eval-v3.1
2026-08-08T11:30:00+09:00,CMP-S01-L04-01,S01,S01-L04,1,running,165.9492,443.716,104.7822,36.5643,-0.5905,A,relation-reasoning-agent-eval-v3.1
2026-08-08T11:30:00+09:00,CMP-S01-L05-01,S01,S01-L05,1,running,153.7478,417.6892,89.7996,44.5954,0.5653,A,relation-reasoning-agent-eval-v3.1
2026-08-08T11:40:00+09:00,CMP-S01-L01-01,S01,S01-L01,1,running,176.1753,426.6529,108.0896,40.796,0.1787,A,relation-reasoning-agent-eval-v3.1
2026-08-08T11:40:00+09:00,CMP-S01-L02-01,S01,S01-L02,1,running,181.2101,472.6028,124.2139,39.7321,0.1211,A,relation-reasoning-agent-eval-v3.1
2026-08-08T11:40:00+09:00,CMP-S01-L03-01,S01,S01-L03,1,running,162.0461,498.2111,101.0125,36.7183,-0.7115,A,relation-reasoning-agent-eval-v3.1
2026-08-08T11:40:00+09:00,CMP-S01-L04-01,S01,S01-L04,1,running,190.5747,416.5075,106.884,34.1902,-1.0302,B,relation-reasoning-agent-eval-v3.1
2026-08-08T11:40:00+09:00,CMP-S01-L05-01,S01,S01-L05,1,running,177.976,464.0856,90.3685,38.6306,-0.5393,A,relation-reasoning-agent-eval-v3.1
2026-08-08T11:50:00+09:00,CMP-S01-L01-01,S01,S01-L01,1,running,171.5364,471.9995,102.7297,40.6423,0.1502,A,relation-reasoning-agent-eval-v3.1
2026-08-08T11:50:00+09:00,CMP-S01-L02-01,S01,S01-L02,1,running,167.197,414.8007,112.8462,34.9257,-0.769,A,relation-reasoning-agent-eval-v3.1
2026-08-08T11:50:00+09:00,CMP-S01-L03-01,S01,S01-L03,1,running,176.7476,450.3915,101.0699,40.6879,0.0236,A,relation-reasoning-agent-eval-v3.1
2026-08-08T11:50:00+09:00,CMP-S01-L04-01,S01,S01-L04,1,running,182.132,452.0603,104.5866,38.4461,-0.242,A,relation-reasoning-agent-eval-v3.1
2026-08-08T11:50:00+09:00,CMP-S01-L05-01,S01,S01-L05,1,running,191.7703,453.948,91.583,41.2335,-0.0573,A,relation-reasoning-agent-eval-v3.1
2026-08-08T12:00:00+09:00,CMP-S01-L01-01,S01,S01-L01,1,running,189.0522,474.282,105.1827,42.5463,0.5028,A,relation-reasoning-agent-eval-v3.1
2026-08-08T12:00:00+09:00,CMP-S01-L02-01,S01,S01-L02,1,running,153.5318,430.7766,111.9751,38.2392,-0.1554,A,relation-reasoning-agent-eval-v3.1
2026-08-08T12:00:00+09:00,CMP-S01-L03-01,S01,S01-L03,1,running,154.046,420.3723,108.2834,38.4634,-0.3883,A,relation-reasoning-agent-eval-v3.1
2026-08-08T12:00:00+09:00,CMP-S01-L04-01,S01,S01-L04,1,running,194.6845,405.0032,107.1397,42.1466,0.4432,A,relation-reasoning-agent-eval-v3.1
2026-08-08T12:00:00+09:00,CMP-S01-L05-01,S01,S01-L05,1,running,187.9452,438.8113,94.8752,40.6739,-0.1609,A,relation-reasoning-agent-eval-v3.1
2026-08-08T12:10:00+09:00,CMP-S01-L01-01,S01,S01-L01,1,running,198.2233,464.7054,105.4336,38.9856,-0.1566,A,relation-reasoning-agent-eval-v3.1
2026-08-08T12:10:00+09:00,CMP-S01-L02-01,S01,S01-L02,1,running,146.9707,422.955,104.0526,42.2069,0.5794,A,relation-reasoning-agent-eval-v3.1
2026-08-08T12:10:00+09:00,CMP-S01-L03-01,S01,S01-L03,1,running,158.7022,422.1949,104.2648,39.1113,-0.2684,A,relation-reasoning-agent-eval-v3.1
2026-08-08T12:10:00+09:00,CMP-S01-L04-01,S01,S01-L04,1,running,184.4834,432.2354,97.7262,44.0784,0.801,A,relation-reasoning-agent-eval-v3.1
2026-08-08T12:10:00+09:00,CMP-S01-L05-01,S01,S01-L05,1,running,177.1863,404.7837,96.4166,35.1825,-1.1778,B,relation-reasoning-agent-eval-v3.1
2026-08-08T12:20:00+09:00,CMP-S01-L01-01,S01,S01-L01,1,running,196.4729,471.1708,99.7566,38.7558,-0.1992,A,relation-reasoning-agent-eval-v3.1
2026-08-08T12:20:00+09:00,CMP-S01-L02-01,S01,S01-L02,1,running,154.6473,456.0959,102.5294,42.8823,0.7044,A,relation-reasoning-agent-eval-v3.1
2026-08-08T12:20:00+09:00,CMP-S01-L03-01,S01,S01-L03,1,running,156.9086,469.5443,104.3395,44.5176,0.7328,A,relation-reasoning-agent-eval-v3.1
2026-08-08T12:20:00+09:00,CMP-S01-L04-01,S01,S01-L04,1,running,175.6937,419.2508,96.1977,47.1057,1.3616,B,relation-reasoning-agent-eval-v3.1
2026-08-08T12:20:00+09:00,CMP-S01-L05-01,S01,S01-L05,1,running,181.7145,400.9575,93.6023,36.9348,-0.8533,A,relation-reasoning-agent-eval-v3.1
2026-08-08T12:30:00+09:00,CMP-S01-L01-01,S01,S01-L01,1,running,179.411,456.1897,97.9628,41.5972,0.327,A,relation-reasoning-agent-eval-v3.1
2026-08-08T12:30:00+09:00,CMP-S01-L02-01,S01,S01-L02,1,running,170.507,437.3428,105.6531,43.6426,0.8453,A,relation-reasoning-agent-eval-v3.1
2026-08-08T12:30:00+09:00,CMP-S01-L03-01,S01,S01-L03,1,running,161.5401,479.6236,102.6411,37.0835,-0.6439,A,relation-reasoning-agent-eval-v3.1
2026-08-08T12:30:00+09:00,CMP-S01-L04-01,S01,S01-L04,1,running,170.7657,445.8365,88.5116,47.6209,1.457,B,relation-reasoning-agent-eval-v3.1
2026-08-08T12:30:00+09:00,CMP-S01-L05-01,S01,S01-L05,1,running,179.7822,416.4665,88.2345,38.4599,-0.5709,A,relation-reasoning-agent-eval-v3.1
2026-08-08T12:40:00+09:00,CMP-S01-L01-01,S01,S01-L01,1,running,168.0351,456.8804,98.4695,42.7485,0.5402,A,relation-reasoning-agent-eval-v3.1
2026-08-08T12:40:00+09:00,CMP-S01-L02-01,S01,S01-L02,1,running,177.0716,459.5066,100.0369,47.976,1.6477,B,relation-reasoning-agent-eval-v3.1
2026-08-08T12:40:00+09:00,CMP-S01-L03-01,S01,S01-L03,1,running,158.5877,505.3362,106.6604,38.7197,-0.3409,A,relation-reasoning-agent-eval-v3.1
2026-08-08T12:40:00+09:00,CMP-S01-L04-01,S01,S01-L04,1,running,164.7603,439.4823,99.3528,38.5665,-0.2197,A,relation-reasoning-agent-eval-v3.1
2026-08-08T12:40:00+09:00,CMP-S01-L05-01,S01,S01-L05,1,running,171.8559,361.693,93.0897,38.4116,-0.5798,A,relation-reasoning-agent-eval-v3.1
2026-08-08T12:50:00+09:00,CMP-S01-L01-01,S01,S01-L01,1,running,158.2567,430.5929,98.7726,42.213,0.4411,A,relation-reasoning-agent-eval-v3.1
2026-08-08T12:50:00+09:00,CMP-S01-L02-01,S01,S01-L02,1,running,189.0682,468.3852,101.8194,46.3877,1.3536,B,relation-reasoning-agent-eval-v3.1
2026-08-08T12:50:00+09:00,CMP-S01-L03-01,S01,S01-L03,1,running,176.4445,457.4389,105.8347,35.885,-0.8658,A,relation-reasoning-agent-eval-v3.1
2026-08-08T12:50:00+09:00,CMP-S01-L04-01,S01,S01-L04,1,running,171.0972,455.0949,97.8753,39.0092,-0.1378,A,relation-reasoning-agent-eval-v3.1
2026-08-08T12:50:00+09:00,CMP-S01-L05-01,S01,S01-L05,1,running,186.1674,330.6168,92.3239,44.2622,0.5036,A,relation-reasoning-agent-eval-v3.1
2026-08-08T13:00:00+09:00,CMP-S01-L01-01,S01,S01-L01,1,running,161.545,445.0712,99.0693,37.0326,-0.5183,A,relation-reasoning-agent-eval-v3.1
2026-08-08T13:00:00+09:00,CMP-S01-L02-01,S01,S01-L02,1,running,199.849,483.9714,108.6533,47.2495,1.5132,B,relation-reasoning-agent-eval-v3.1
2026-08-08T13:00:00+09:00,CMP-S01-L03-01,S01,S01-L03,1,running,163.2945,434.6247,107.198,43.3837,0.5228,A,relation-reasoning-agent-eval-v3.1
2026-08-08T13:00:00+09:00,CMP-S01-L04-01,S01,S01-L04,1,running,190.7084,445.7402,95.8047,41.7592,0.3715,A,relation-reasoning-agent-eval-v3.1
2026-08-08T13:00:00+09:00,CMP-S01-L05-01,S01,S01-L05,1,running,190.6119,313.5929,97.615,43.7984,0.4177,A,relation-reasoning-agent-eval-v3.1
2026-08-08T13:10:00+09:00,CMP-S01-L01-01,S01,S01-L01,1,running,175.6218,444.2396,100.6448,43.2169,0.627,A,relation-reasoning-agent-eval-v3.1
2026-08-08T13:10:00+09:00,CMP-S01-L02-01,S01,S01-L02,1,running,190.3725,483.6915,108.0121,43.8808,0.8894,A,relation-reasoning-agent-eval-v3.1
2026-08-08T13:10:00+09:00,CMP-S01-L03-01,S01,S01-L03,1,running,166.9186,456.7884,112.311,43.097,0.4697,A,relation-reasoning-agent-eval-v3.1
2026-08-08T13:10:00+09:00,CMP-S01-L04-01,S01,S01-L04,1,running,190.6425,468.6031,99.2977,41.4536,0.3149,A,relation-reasoning-agent-eval-v3.1
2026-08-08T13:10:00+09:00,CMP-S01-L05-01,S01,S01-L05,1,running,178.9418,327.9048,95.1399,44.4267,0.5341,A,relation-reasoning-agent-eval-v3.1
2026-08-08T13:20:00+09:00,CMP-S01-L01-01,S01,S01-L01,1,running,169.7296,441.4687,102.4015,44.452,0.8557,A,relation-reasoning-agent-eval-v3.1
2026-08-08T13:20:00+09:00,CMP-S01-L02-01,S01,S01-L02,1,running,196.7163,513.9556,99.8021,44.08,0.9262,A,relation-reasoning-agent-eval-v3.1
2026-08-08T13:20:00+09:00,CMP-S01-L03-01,S01,S01-L03,1,running,165.3574,426.0111,105.879,42.2908,0.3204,A,relation-reasoning-agent-eval-v3.1
2026-08-08T13:20:00+09:00,CMP-S01-L04-01,S01,S01-L04,1,running,178.2396,457.1724,102.1801,43.3825,0.6721,A,relation-reasoning-agent-eval-v3.1
2026-08-08T13:20:00+09:00,CMP-S01-L05-01,S01,S01-L05,1,running,170.5978,362.3752,102.4612,38.1993,-0.6191,A,relation-reasoning-agent-eval-v3.1
2026-08-08T13:30:00+09:00,CMP-S01-L01-01,S01,S01-L01,1,running,164.1917,452.1537,91.0141,38.969,-0.1597,A,relation-reasoning-agent-eval-v3.1
2026-08-08T13:30:00+09:00,CMP-S01-L02-01,S01,S01-L02,1,running,196.7169,468.119,102.5021,42.7696,0.6836,A,relation-reasoning-agent-eval-v3.1
2026-08-08T13:30:00+09:00,CMP-S01-L03-01,S01,S01-L03,1,running,162.8638,405.686,107.1123,41.4927,0.1726,A,relation-reasoning-agent-eval-v3.1
2026-08-08T13:30:00+09:00,CMP-S01-L04-01,S01,S01-L04,1,running,181.5204,456.8533,98.3207,38.1891,-0.2896,A,relation-reasoning-agent-eval-v3.1
2026-08-08T13:30:00+09:00,CMP-S01-L05-01,S01,S01-L05,1,running,185.2211,396.0187,98.1464,38.1493,-0.6284,A,relation-reasoning-agent-eval-v3.1
2026-08-08T13:40:00+09:00,CMP-S01-L01-01,S01,S01-L01,1,running,171.6937,467.9994,97.3023,40.3196,0.0904,A,relation-reasoning-agent-eval-v3.1
2026-08-08T13:40:00+09:00,CMP-S01-L02-01,S01,S01-L02,1,running,172.9196,483.4299,101.0685,43.4043,0.8011,A,relation-reasoning-agent-eval-v3.1
2026-08-08T13:40:00+09:00,CMP-S01-L03-01,S01,S01-L03,1,running,156.8222,412.4425,107.4937,40.8741,0.0581,A,relation-reasoning-agent-eval-v3.1
2026-08-08T13:40:00+09:00,CMP-S01-L04-01,S01,S01-L04,1,running,188.26,453.1675,98.7768,40.4793,0.1345,A,relation-reasoning-agent-eval-v3.1
2026-08-08T13:40:00+09:00,CMP-S01-L05-01,S01,S01-L05,1,running,189.1214,388.4978,93.8816,42.2755,0.1357,A,relation-reasoning-agent-eval-v3.1
2026-08-08T13:50:00+09:00,CMP-S01-L01-01,S01,S01-L01,1,running,177.6456,537.5735,95.0565,34.0827,-1.0645,B,relation-reasoning-agent-eval-v3.1
2026-08-08T13:50:00+09:00,CMP-S01-L02-01,S01,S01-L02,1,running,174.0808,443.5105,104.1165,46.886,1.4459,B,relation-reasoning-agent-eval-v3.1
2026-08-08T13:50:00+09:00,CMP-S01-L03-01,S01,S01-L03,1,running,154.9529,406.3099,109.6009,41.9798,0.2628,A,relation-reasoning-agent-eval-v3.1
2026-08-08T13:50:00+09:00,CMP-S01-L04-01,S01,S01-L04,1,running,186.801,459.3764,92.811,40.7403,0.1828,A,relation-reasoning-agent-eval-v3.1
2026-08-08T13:50:00+09:00,CMP-S01-L05-01,S01,S01-L05,1,running,174.5224,437.1638,96.4449,49.3863,1.4525,B,relation-reasoning-agent-eval-v3.1
2026-08-08T14:00:00+09:00,CMP-S01-L01-01,S01,S01-L01,1,running,177.4097,511.9146,104.7325,38.7538,-0.1995,A,relation-reasoning-agent-eval-v3.1
2026-08-08T14:00:00+09:00,CMP-S01-L02-01,S01,S01-L02,1,running,162.5585,467.108,106.9255,42.5362,0.6404,A,relation-reasoning-agent-eval-v3.1
2026-08-08T14:00:00+09:00,CMP-S01-L03-01,S01,S01-L03,1,running,166.4711,437.2012,115.6071,34.4609,-1.1295,B,relation-reasoning-agent-eval-v3.1
2026-08-08T14:00:00+09:00,CMP-S01-L04-01,S01,S01-L04,1,running,186.9301,495.9853,89.9851,34.5752,-0.9589,A,relation-reasoning-agent-eval-v3.1
2026-08-08T14:00:00+09:00,CMP-S01-L05-01,S01,S01-L05,1,running,181.077,398.0769,99.0337,50.2811,1.6182,B,relation-reasoning-agent-eval-v3.1
2026-08-08T14:10:00+09:00,CMP-S01-L01-01,S01,S01-L01,1,running,188.9169,504.597,100.9554,37.629,-0.4078,A,relation-reasoning-agent-eval-v3.1
2026-08-08T14:10:00+09:00,CMP-S01-L02-01,S01,S01-L02,1,running,164.2941,469.6297,106.7779,37.9349,-0.2117,A,relation-reasoning-agent-eval-v3.1
2026-08-08T14:10:00+09:00,CMP-S01-L03-01,S01,S01-L03,1,running,164.9926,454.4438,104.3062,35.9878,-0.8468,A,relation-reasoning-agent-eval-v3.1
2026-08-08T14:10:00+09:00,CMP-S01-L04-01,S01,S01-L04,1,running,171.3047,467.4649,88.0487,39.0665,-0.1271,A,relation-reasoning-agent-eval-v3.1
2026-08-08T14:10:00+09:00,CMP-S01-L05-01,S01,S01-L05,1,running,170.6965,391.202,98.7953,51.7895,1.8976,B,relation-reasoning-agent-eval-v3.1
2026-08-08T14:20:00+09:00,CMP-S01-L01-01,S01,S01-L01,1,running,175.4372,508.6609,98.3467,36.6661,-0.5861,A,relation-reasoning-agent-eval-v3.1
2026-08-08T14:20:00+09:00,CMP-S01-L02-01,S01,S01-L02,1,running,160.2387,456.2763,107.3646,41.0446,0.3641,A,relation-reasoning-agent-eval-v3.1
2026-08-08T14:20:00+09:00,CMP-S01-L03-01,S01,S01-L03,1,running,156.3436,407.8894,107.964,37.7301,-0.5241,A,relation-reasoning-agent-eval-v3.1
2026-08-08T14:20:00+09:00,CMP-S01-L04-01,S01,S01-L04,1,running,182.7273,424.4732,101.1342,38.2574,-0.277,A,relation-reasoning-agent-eval-v3.1
2026-08-08T14:20:00+09:00,CMP-S01-L05-01,S01,S01-L05,1,running,180.2297,397.6044,104.1434,47.4802,1.0996,B,relation-reasoning-agent-eval-v3.1
2026-08-08T14:30:00+09:00,CMP-S01-L01-01,S01,S01-L01,1,running,177.0228,530.0912,98.3758,31.8081,-1.4858,B,relation-reasoning-agent-eval-v3.1
2026-08-08T14:30:00+09:00,CMP-S01-L02-01,S01,S01-L02,1,running,158.0535,465.9557,111.3226,36.6486,-0.4499,A,relation-reasoning-agent-eval-v3.1
2026-08-08T14:30:00+09:00,CMP-S01-L03-01,S01,S01-L03,1,running,145.7185,390.8469,114.8727,31.6408,-1.6518,B,relation-reasoning-agent-eval-v3.1
2026-08-08T14:30:00+09:00,CMP-S01-L04-01,S01,S01-L04,1,running,160.9586,478.322,109.2941,38.9716,-0.1447,A,relation-reasoning-agent-eval-v3.1
2026-08-08T14:30:00+09:00,CMP-S01-L05-01,S01,S01-L05,1,running,175.4383,433.3139,99.8835,40.6097,-0.1728,A,relation-reasoning-agent-eval-v3.1
2026-08-08T14:40:00+09:00,CMP-S01-L01-01,S01,S01-L01,1,running,172.7448,501.2947,100.5515,32.8188,-1.2986,B,relation-reasoning-agent-eval-v3.1
2026-08-08T14:40:00+09:00,CMP-S01-L02-01,S01,S01-L02,1,running,173.6409,476.5652,107.8855,35.5093,-0.6609,A,relation-reasoning-agent-eval-v3.1
2026-08-08T14:40:00+09:00,CMP-S01-L03-01,S01,S01-L03,1,running,142.248,419.5644,108.3791,35.2123,-0.9904,A,relation-reasoning-agent-eval-v3.1
2026-08-08T14:40:00+09:00,CMP-S01-L04-01,S01,S01-L04,1,running,173.7896,504.0761,103.5875,40.4265,0.1247,A,relation-reasoning-agent-eval-v3.1
2026-08-08T14:40:00+09:00,CMP-S01-L05-01,S01,S01-L05,1,running,170.4642,405.4964,102.187,36.2751,-0.9755,A,relation-reasoning-agent-eval-v3.1
2026-08-08T14:50:00+09:00,CMP-S01-L01-01,S01,S01-L01,1,running,188.8606,520.9246,95.3345,32.4245,-1.3716,B,relation-reasoning-agent-eval-v3.1
2026-08-08T14:50:00+09:00,CMP-S01-L02-01,S01,S01-L02,1,running,167.0326,505.9671,104.6847,39.8478,0.1425,A,relation-reasoning-agent-eval-v3.1
2026-08-08T14:50:00+09:00,CMP-S01-L03-01,S01,S01-L03,1,running,142.9822,415.1133,104.0473,36.8089,-0.6947,A,relation-reasoning-agent-eval-v3.1
2026-08-08T14:50:00+09:00,CMP-S01-L04-01,S01,S01-L04,1,running,170.7771,505.7103,109.6965,42.1772,0.4489,A,relation-reasoning-agent-eval-v3.1
2026-08-08T14:50:00+09:00,CMP-S01-L05-01,S01,S01-L05,1,running,183.9214,368.6997,99.8814,33.8526,-1.4241,B,relation-reasoning-agent-eval-v3.1
2026-08-08T15:00:00+09:00,CMP-S01-L01-01,S01,S01-L01,1,running,199.1675,517.7325,102.2253,28.6959,-2.0621,C,relation-reasoning-agent-eval-v3.1
2026-08-08T15:00:00+09:00,CMP-S01-L02-01,S01,S01-L02,1,running,160.7191,471.3009,110.2868,34.6166,-0.8262,A,relation-reasoning-agent-eval-v3.1
2026-08-08T15:00:00+09:00,CMP-S01-L03-01,S01,S01-L03,1,running,168.2042,442.7126,95.7704,38.207,-0.4358,A,relation-reasoning-agent-eval-v3.1
2026-08-08T15:00:00+09:00,CMP-S01-L04-01,S01,S01-L04,1,running,165.4965,467.9298,103.0166,42.7151,0.5485,A,relation-reasoning-agent-eval-v3.1
2026-08-08T15:00:00+09:00,CMP-S01-L05-01,S01,S01-L05,1,running,186.6662,375.7272,91.0723,35.1487,-1.1841,B,relation-reasoning-agent-eval-v3.1
2026-08-08T15:10:00+09:00,CMP-S01-L01-01,S01,S01-L01,1,running,195.6515,491.1259,103.1838,28.0206,-2.1871,C,relation-reasoning-agent-eval-v3.1
2026-08-08T15:10:00+09:00,CMP-S01-L02-01,S01,S01-L02,1,running,169.7527,484.9967,112.2819,38.0937,-0.1823,A,relation-reasoning-agent-eval-v3.1
2026-08-08T15:10:00+09:00,CMP-S01-L03-01,S01,S01-L03,1,running,169.1837,408.8111,101.377,39.2502,-0.2426,A,relation-reasoning-agent-eval-v3.1
2026-08-08T15:10:00+09:00,CMP-S01-L04-01,S01,S01-L04,1,running,172.4403,415.2903,101.5174,40.4504,0.1291,A,relation-reasoning-agent-eval-v3.1
2026-08-08T15:10:00+09:00,CMP-S01-L05-01,S01,S01-L05,1,running,169.4831,391.7697,94.9727,40.444,-0.2035,A,relation-reasoning-agent-eval-v3.1
2026-08-08T15:20:00+09:00,CMP-S01-L01-01,S01,S01-L01,1,running,189.9388,502.0475,102.5076,30.0445,-1.8124,B,relation-reasoning-agent-eval-v3.1
2026-08-08T15:20:00+09:00,CMP-S01-L02-01,S01,S01-L02,1,running,177.6881,442.0379,113.0981,37.3692,-0.3165,A,relation-reasoning-agent-eval-v3.1
2026-08-08T15:20:00+09:00,CMP-S01-L03-01,S01,S01-L03,1,running,168.7805,414.6246,107.1309,44.7874,0.7828,A,relation-reasoning-agent-eval-v3.1
2026-08-08T15:20:00+09:00,CMP-S01-L04-01,S01,S01-L04,1,running,181.9883,368.2988,101.7193,39.6214,-0.0244,A,relation-reasoning-agent-eval-v3.1
2026-08-08T15:20:00+09:00,CMP-S01-L05-01,S01,S01-L05,1,running,168.634,408.2121,94.1686,35.0245,-1.2071,B,relation-reasoning-agent-eval-v3.1
2026-08-08T15:30:00+09:00,CMP-S01-L01-01,S01,S01-L01,1,running,190.4746,461.6748,105.1808,30.872,-1.6591,B,relation-reasoning-agent-eval-v3.1
2026-08-08T15:30:00+09:00,CMP-S01-L02-01,S01,S01-L02,1,running,174.2865,445.8387,109.1907,36.6143,-0.4563,A,relation-reasoning-agent-eval-v3.1
2026-08-08T15:30:00+09:00,CMP-S01-L03-01,S01,S01-L03,1,running,164.6672,377.8266,108.4874,40.1117,-0.0831,A,relation-reasoning-agent-eval-v3.1
2026-08-08T15:30:00+09:00,CMP-S01-L04-01,S01,S01-L04,1,running,185.6487,375.4992,97.9534,33.1437,-1.224,B,relation-reasoning-agent-eval-v3.1
2026-08-08T15:30:00+09:00,CMP-S01-L05-01,S01,S01-L05,1,running,176.2261,407.8875,95.0533,38.523,-0.5592,A,relation-reasoning-agent-eval-v3.1
2026-08-08T15:40:00+09:00,CMP-S01-L01-01,S01,S01-L01,1,running,180.8828,475.8339,103.5578,29.8625,-1.8461,B,relation-reasoning-agent-eval-v3.1
2026-08-08T15:40:00+09:00,CMP-S01-L02-01,S01,S01-L02,1,running,170.8633,475.5467,101.9439,33.2321,-1.0826,B,relation-reasoning-agent-eval-v3.1
2026-08-08T15:40:00+09:00,CMP-S01-L03-01,S01,S01-L03,1,running,160.7262,358.5181,113.4409,37.7663,-0.5174,A,relation-reasoning-agent-eval-v3.1
2026-08-08T15:40:00+09:00,CMP-S01-L04-01,S01,S01-L04,1,running,170.6196,436.7795,101.3568,29.9388,-1.8175,B,relation-reasoning-agent-eval-v3.1
2026-08-08T15:40:00+09:00,CMP-S01-L05-01,S01,S01-L05,1,running,171.9307,397.2967,94.6317,42.1452,0.1116,A,relation-reasoning-agent-eval-v3.1
2026-08-08T15:50:00+09:00,CMP-S01-L01-01,S01,S01-L01,1,running,186.123,499.9365,93.917,33.0738,-1.2514,B,relation-reasoning-agent-eval-v3.1
2026-08-08T15:50:00+09:00,CMP-S01-L02-01,S01,S01-L02,1,running,191.0744,451.1211,105.4649,35.4541,-0.6711,A,relation-reasoning-agent-eval-v3.1
2026-08-08T15:50:00+09:00,CMP-S01-L03-01,S01,S01-L03,1,running,155.612,440.2984,111.291,36.9042,-0.6771,A,relation-reasoning-agent-eval-v3.1
2026-08-08T15:50:00+09:00,CMP-S01-L04-01,S01,S01-L04,1,running,163.6102,452.2406,110.4263,35.5888,-0.7712,A,relation-reasoning-agent-eval-v3.1
2026-08-08T15:50:00+09:00,CMP-S01-L05-01,S01,S01-L05,1,running,168.4599,352.8235,98.0053,41.3604,-0.0338,A,relation-reasoning-agent-eval-v3.1
2026-08-08T16:00:00+09:00,CMP-S01-L01-01,S01,S01-L01,1,running,190.7526,485.5356,90.6565,35.9463,-0.7194,A,relation-reasoning-agent-eval-v3.1
2026-08-08T16:00:00+09:00,CMP-S01-L02-01,S01,S01-L02,1,running,186.7135,414.4296,105.1278,29.4108,-1.7903,B,relation-reasoning-agent-eval-v3.1
2026-08-08T16:00:00+09:00,CMP-S01-L03-01,S01,S01-L03,1,running,152.3257,454.2039,116.335,40.5875,0.005,A,relation-reasoning-agent-eval-v3.1
2026-08-08T16:00:00+09:00,CMP-S01-L04-01,S01,S01-L04,1,running,181.5189,399.7249,107.6674,34.7317,-0.9299,A,relation-reasoning-agent-eval-v3.1
2026-08-08T16:00:00+09:00,CMP-S01-L05-01,S01,S01-L05,1,running,171.0712,397.6676,89.488,39.0249,-0.4662,A,relation-reasoning-agent-eval-v3.1
2026-08-08T16:10:00+09:00,CMP-S01-L01-01,S01,S01-L01,1,running,176.6637,411.651,95.8034,35.746,-0.7565,A,relation-reasoning-agent-eval-v3.1
2026-08-08T16:10:00+09:00,CMP-S01-L02-01,S01,S01-L02,1,running,188.0792,405.9812,103.1814,31.0302,-1.4904,B,relation-reasoning-agent-eval-v3.1
2026-08-08T16:10:00+09:00,CMP-S01-L03-01,S01,S01-L03,1,running,155.1662,400.653,114.2994,40.8642,0.0563,A,relation-reasoning-agent-eval-v3.1
2026-08-08T16:10:00+09:00,CMP-S01-L04-01,S01,S01-L04,1,running,183.966,444.046,106.1092,34.2287,-1.023,B,relation-reasoning-agent-eval-v3.1
2026-08-08T16:10:00+09:00,CMP-S01-L05-01,S01,S01-L05,1,running,151.8293,406.8791,91.1761,37.3345,-0.7793,A,relation-reasoning-agent-eval-v3.1
2026-08-08T16:20:00+09:00,CMP-S01-L01-01,S01,S01-L01,1,running,183.4782,390.3828,93.1337,26.6359,-2.4436,C,relation-reasoning-agent-eval-v3.1
2026-08-08T16:20:00+09:00,CMP-S01-L02-01,S01,S01-L02,1,running,173.1813,405.2941,102.1968,33.5689,-1.0203,B,relation-reasoning-agent-eval-v3.1
2026-08-08T16:20:00+09:00,CMP-S01-L03-01,S01,S01-L03,1,running,168.4514,398.4714,107.6311,43.7901,0.5981,A,relation-reasoning-agent-eval-v3.1
2026-08-08T16:20:00+09:00,CMP-S01-L04-01,S01,S01-L04,1,running,176.7445,440.6338,107.6882,33.1733,-1.2185,B,relation-reasoning-agent-eval-v3.1
2026-08-08T16:20:00+09:00,CMP-S01-L05-01,S01,S01-L05,1,running,182.4072,408.5096,96.4502,38.6769,-0.5307,A,relation-reasoning-agent-eval-v3.1
2026-08-08T16:30:00+09:00,CMP-S01-L01-01,S01,S01-L01,1,running,161.6637,341.8127,94.7766,30.7406,-1.6834,B,relation-reasoning-agent-eval-v3.1
2026-08-08T16:30:00+09:00,CMP-S01-L02-01,S01,S01-L02,1,running,174.0096,430.7055,99.6975,33.7136,-0.9935,A,relation-reasoning-agent-eval-v3.1
2026-08-08T16:30:00+09:00,CMP-S01-L03-01,S01,S01-L03,1,running,171.0156,391.2506,107.0165,41.3334,0.1431,A,relation-reasoning-agent-eval-v3.1
2026-08-08T16:30:00+09:00,CMP-S01-L04-01,S01,S01-L04,1,running,168.2593,497.5575,107.1831,30.8301,-1.6524,B,relation-reasoning-agent-eval-v3.1
2026-08-08T16:30:00+09:00,CMP-S01-L05-01,S01,S01-L05,1,running,173.2793,389.0714,92.7439,40.6258,-0.1698,A,relation-reasoning-agent-eval-v3.1
2026-08-08T16:40:00+09:00,CMP-S01-L01-01,S01,S01-L01,1,running,161.8169,364.4876,92.7507,34.5329,-0.9812,A,relation-reasoning-agent-eval-v3.1
2026-08-08T16:40:00+09:00,CMP-S01-L02-01,S01,S01-L02,1,running,180.9737,426.7025,100.0841,42.1751,0.5735,A,relation-reasoning-agent-eval-v3.1
2026-08-08T16:40:00+09:00,CMP-S01-L03-01,S01,S01-L03,1,running,177.863,367.1203,109.3382,43.2519,0.4984,A,relation-reasoning-agent-eval-v3.1
2026-08-08T16:40:00+09:00,CMP-S01-L04-01,S01,S01-L04,1,running,163.2667,462.4616,105.4895,37.2704,-0.4598,A,relation-reasoning-agent-eval-v3.1
2026-08-08T16:40:00+09:00,CMP-S01-L05-01,S01,S01-L05,1,running,179.4257,390.0545,94.9616,39.6791,-0.3451,A,relation-reasoning-agent-eval-v3.1
2026-08-08T16:50:00+09:00,CMP-S01-L01-01,S01,S01-L01,1,running,170.8059,376.3261,90.4979,32.832,-1.2962,B,relation-reasoning-agent-eval-v3.1
2026-08-08T16:50:00+09:00,CMP-S01-L02-01,S01,S01-L02,1,running,171.1909,409.8074,103.3289,42.6813,0.6672,A,relation-reasoning-agent-eval-v3.1
2026-08-08T16:50:00+09:00,CMP-S01-L03-01,S01,S01-L03,1,running,170.7756,381.4817,108.369,40.5317,-0.0053,A,relation-reasoning-agent-eval-v3.1
2026-08-08T16:50:00+09:00,CMP-S01-L04-01,S01,S01-L04,1,running,169.1891,481.8713,110.9349,39.8594,0.0197,A,relation-reasoning-agent-eval-v3.1
2026-08-08T16:50:00+09:00,CMP-S01-L05-01,S01,S01-L05,1,running,183.2929,432.9623,101.2432,40.9378,-0.112,A,relation-reasoning-agent-eval-v3.1
2026-08-08T17:00:00+09:00,CMP-S01-L01-01,S01,S01-L01,1,running,173.73,424.2611,93.3765,34.639,-0.9615,A,relation-reasoning-agent-eval-v3.1
2026-08-08T17:00:00+09:00,CMP-S01-L02-01,S01,S01-L02,1,running,162.0909,432.3414,99.7262,37.7703,-0.2422,A,relation-reasoning-agent-eval-v3.1
2026-08-08T17:00:00+09:00,CMP-S01-L03-01,S01,S01-L03,1,running,161.6567,354.6233,111.0453,40.5113,-0.0091,A,relation-reasoning-agent-eval-v3.1
2026-08-08T17:00:00+09:00,CMP-S01-L04-01,S01,S01-L04,1,running,176.923,450.6466,104.6466,40.041,0.0533,A,relation-reasoning-agent-eval-v3.1
2026-08-08T17:00:00+09:00,CMP-S01-L05-01,S01,S01-L05,1,running,184.9039,392.0678,104.6679,37.7929,-0.6944,A,relation-reasoning-agent-eval-v3.1
2026-08-08T17:10:00+09:00,CMP-S01-L01-01,S01,S01-L01,1,running,172.9258,409.91,95.9832,31.0329,-1.6293,B,relation-reasoning-agent-eval-v3.1
2026-08-08T17:10:00+09:00,CMP-S01-L02-01,S01,S01-L02,1,running,154.5647,447.2564,105.7471,33.7497,-0.9868,A,relation-reasoning-agent-eval-v3.1
2026-08-08T17:10:00+09:00,CMP-S01-L03-01,S01,S01-L03,1,running,148.0421,377.9115,110.7502,39.4542,-0.2049,A,relation-reasoning-agent-eval-v3.1
2026-08-08T17:10:00+09:00,CMP-S01-L04-01,S01,S01-L04,1,running,158.7949,465.9639,100.0599,36.6749,-0.57,A,relation-reasoning-agent-eval-v3.1
2026-08-08T17:10:00+09:00,CMP-S01-L05-01,S01,S01-L05,1,running,170.5706,404.6286,96.4414,34.7025,-1.2667,B,relation-reasoning-agent-eval-v3.1
2026-08-08T17:20:00+09:00,CMP-S01-L01-01,S01,S01-L01,1,running,175.665,393.8302,95.5144,36.5496,-0.6077,A,relation-reasoning-agent-eval-v3.1
2026-08-08T17:20:00+09:00,CMP-S01-L02-01,S01,S01-L02,1,running,156.9267,437.16,105.5107,38.9419,-0.0252,A,relation-reasoning-agent-eval-v3.1
2026-08-08T17:20:00+09:00,CMP-S01-L03-01,S01,S01-L03,1,running,146.9963,377.4442,112.3053,46.7179,1.1403,B,relation-reasoning-agent-eval-v3.1
2026-08-08T17:20:00+09:00,CMP-S01-L04-01,S01,S01-L04,1,running,167.4288,495.861,108.539,38.2652,-0.2755,A,relation-reasoning-agent-eval-v3.1
2026-08-08T17:20:00+09:00,CMP-S01-L05-01,S01,S01-L05,1,running,176.233,394.7347,97.295,35.2093,-1.1728,B,relation-reasoning-agent-eval-v3.1
2026-08-08T17:30:00+09:00,CMP-S01-L01-01,S01,S01-L01,1,running,184.1035,435.2246,91.5036,32.5322,-1.3517,B,relation-reasoning-agent-eval-v3.1
2026-08-08T17:30:00+09:00,CMP-S01-L02-01,S01,S01-L02,1,running,155.2709,443.2053,106.3836,37.757,-0.2447,A,relation-reasoning-agent-eval-v3.1
2026-08-08T17:30:00+09:00,CMP-S01-L03-01,S01,S01-L03,1,running,145.9326,432.1826,107.1469,43.722,0.5855,A,relation-reasoning-agent-eval-v3.1
2026-08-08T17:30:00+09:00,CMP-S01-L04-01,S01,S01-L04,1,running,140.1754,431.3243,106.0887,42.8152,0.5671,A,relation-reasoning-agent-eval-v3.1
2026-08-08T17:30:00+09:00,CMP-S01-L05-01,S01,S01-L05,1,running,170.4272,435.5568,98.5882,29.9373,-2.1491,C,relation-reasoning-agent-eval-v3.1
2026-08-08T17:40:00+09:00,CMP-S01-L01-01,S01,S01-L01,1,running,180.7017,417.165,88.0717,28.5294,-2.0929,C,relation-reasoning-agent-eval-v3.1
2026-08-08T17:40:00+09:00,CMP-S01-L02-01,S01,S01-L02,1,running,175.5084,463.8996,108.8277,38.1415,-0.1735,A,relation-reasoning-agent-eval-v3.1
2026-08-08T17:40:00+09:00,CMP-S01-L03-01,S01,S01-L03,1,running,142.969,457.7194,108.8843,47.6589,1.3145,B,relation-reasoning-agent-eval-v3.1
2026-08-08T17:40:00+09:00,CMP-S01-L04-01,S01,S01-L04,1,running,150.3169,464.2363,108.74,38.7961,-0.1772,A,relation-reasoning-agent-eval-v3.1
2026-08-08T17:40:00+09:00,CMP-S01-L05-01,S01,S01-L05,1,running,184.4529,386.9444,109.3625,29.3829,-2.2518,C,relation-reasoning-agent-eval-v3.1
2026-08-08T17:50:00+09:00,CMP-S01-L01-01,S01,S01-L01,1,running,173.2893,407.9256,97.2006,30.4014,-1.7463,B,relation-reasoning-agent-eval-v3.1
2026-08-08T17:50:00+09:00,CMP-S01-L02-01,S01,S01-L02,1,running,176.7597,474.1901,108.4424,40.1051,0.1901,A,relation-reasoning-agent-eval-v3.1
2026-08-08T17:50:00+09:00,CMP-S01-L03-01,S01,S01-L03,1,running,159.9978,476.5292,109.9977,45.4718,0.9095,A,relation-reasoning-agent-eval-v3.1
2026-08-08T17:50:00+09:00,CMP-S01-L04-01,S01,S01-L04,1,running,156.1069,441.2464,108.2567,38.9787,-0.1434,A,relation-reasoning-agent-eval-v3.1
2026-08-08T17:50:00+09:00,CMP-S01-L05-01,S01,S01-L05,1,running,177.287,346.2908,107.7719,35.1518,-1.1835,B,relation-reasoning-agent-eval-v3.1
2026-08-08T18:00:00+09:00,CMP-S01-L01-01,S01,S01-L01,1,running,179.604,456.6393,99.7058,27.6138,-2.2625,C,relation-reasoning-agent-eval-v3.1
2026-08-08T18:00:00+09:00,CMP-S01-L02-01,S01,S01-L02,1,running,168.3447,434.525,102.3174,37.2025,-0.3474,A,relation-reasoning-agent-eval-v3.1
2026-08-08T18:00:00+09:00,CMP-S01-L03-01,S01,S01-L03,1,running,166.406,487.0234,104.4849,44.574,0.7433,A,relation-reasoning-agent-eval-v3.1
2026-08-08T18:00:00+09:00,CMP-S01-L04-01,S01,S01-L04,1,running,145.6724,426.0095,110.3007,36.4401,-0.6135,A,relation-reasoning-agent-eval-v3.1
2026-08-08T18:00:00+09:00,CMP-S01-L05-01,S01,S01-L05,1,running,168.7657,378.2432,99.6816,32.8734,-1.6054,B,relation-reasoning-agent-eval-v3.1
2026-08-08T18:10:00+09:00,CMP-S01-L01-01,S01,S01-L01,1,running,184.8311,459.858,97.0917,29.3221,-1.9461,B,relation-reasoning-agent-eval-v3.1
2026-08-08T18:10:00+09:00,CMP-S01-L02-01,S01,S01-L02,1,running,181.8032,426.2922,106.1565,36.5245,-0.4729,A,relation-reasoning-agent-eval-v3.1
2026-08-08T18:10:00+09:00,CMP-S01-L03-01,S01,S01-L03,1,running,169.4152,496.3152,104.1022,41.3059,0.1381,A,relation-reasoning-agent-eval-v3.1
2026-08-08T18:10:00+09:00,CMP-S01-L04-01,S01,S01-L04,1,running,144.2503,450.3631,111.493,34.5722,-0.9594,A,relation-reasoning-agent-eval-v3.1
2026-08-08T18:10:00+09:00,CMP-S01-L05-01,S01,S01-L05,1,running,191.6757,393.5225,94.7316,31.5918,-1.8427,B,relation-reasoning-agent-eval-v3.1
2026-08-08T18:20:00+09:00,CMP-S01-L01-01,S01,S01-L01,1,running,185.4078,404.3544,94.7228,33.6885,-1.1375,B,relation-reasoning-agent-eval-v3.1
2026-08-08T18:20:00+09:00,CMP-S01-L02-01,S01,S01-L02,1,running,184.5742,419.1219,111.3896,37.2899,-0.3312,A,relation-reasoning-agent-eval-v3.1
2026-08-08T18:20:00+09:00,CMP-S01-L03-01,S01,S01-L03,1,running,178.4725,521.6336,108.463,36.764,-0.703,A,relation-reasoning-agent-eval-v3.1
2026-08-08T18:20:00+09:00,CMP-S01-L04-01,S01,S01-L04,1,running,157.9779,451.7354,99.8997,34.1467,-1.0382,B,relation-reasoning-agent-eval-v3.1
2026-08-08T18:20:00+09:00,CMP-S01-L05-01,S01,S01-L05,1,running,168.4643,451.6795,95.4256,32.5341,-1.6682,B,relation-reasoning-agent-eval-v3.1
2026-08-08T18:30:00+09:00,CMP-S01-L01-01,S01,S01-L01,1,running,197.1504,425.4942,99.7882,33.5922,-1.1554,B,relation-reasoning-agent-eval-v3.1
2026-08-08T18:30:00+09:00,CMP-S01-L02-01,S01,S01-L02,1,running,168.8043,477.0909,106.2112,30.6105,-1.5681,B,relation-reasoning-agent-eval-v3.1
2026-08-08T18:30:00+09:00,CMP-S01-L03-01,S01,S01-L03,1,running,180.0701,525.7871,102.7673,36.0674,-0.8321,A,relation-reasoning-agent-eval-v3.1
2026-08-08T18:30:00+09:00,CMP-S01-L04-01,S01,S01-L04,1,running,163.0921,449.0636,101.1215,34.8704,-0.9042,A,relation-reasoning-agent-eval-v3.1
2026-08-08T18:30:00+09:00,CMP-S01-L05-01,S01,S01-L05,1,running,156.6885,399.9734,96.9527,32.3992,-1.6932,B,relation-reasoning-agent-eval-v3.1
2026-08-08T18:40:00+09:00,CMP-S01-L01-01,S01,S01-L01,1,running,186.4776,456.1747,103.0235,38.2187,-0.2986,A,relation-reasoning-agent-eval-v3.1
2026-08-08T18:40:00+09:00,CMP-S01-L02-01,S01,S01-L02,1,running,182.357,483.0689,108.5679,35.2208,-0.7143,A,relation-reasoning-agent-eval-v3.1
2026-08-08T18:40:00+09:00,CMP-S01-L03-01,S01,S01-L03,1,running,169.4371,513.0554,104.1156,39.4998,-0.1964,A,relation-reasoning-agent-eval-v3.1
2026-08-08T18:40:00+09:00,CMP-S01-L04-01,S01,S01-L04,1,running,181.7165,435.6003,95.0165,39.5475,-0.0381,A,relation-reasoning-agent-eval-v3.1
2026-08-08T18:40:00+09:00,CMP-S01-L05-01,S01,S01-L05,1,running,154.6814,453.4729,94.586,37.1326,-0.8167,A,relation-reasoning-agent-eval-v3.1
2026-08-08T18:50:00+09:00,CMP-S01-L01-01,S01,S01-L01,1,running,198.5488,434.0775,109.0555,37.0463,-0.5157,A,relation-reasoning-agent-eval-v3.1
2026-08-08T18:50:00+09:00,CMP-S01-L02-01,S01,S01-L02,1,running,174.5393,470.6485,107.4617,40.4495,0.2539,A,relation-reasoning-agent-eval-v3.1
2026-08-08T18:50:00+09:00,CMP-S01-L03-01,S01,S01-L03,1,running,172.7696,463.1533,109.9964,37.2222,-0.6182,A,relation-reasoning-agent-eval-v3.1
2026-08-08T18:50:00+09:00,CMP-S01-L04-01,S01,S01-L04,1,running,186.5772,448.0397,101.9924,38.6808,-0.1986,A,relation-reasoning-agent-eval-v3.1
2026-08-08T18:50:00+09:00,CMP-S01-L05-01,S01,S01-L05,1,running,153.7715,418.8253,91.4342,29.5967,-2.2122,C,relation-reasoning-agent-eval-v3.1
2026-08-08T19:00:00+09:00,CMP-S01-L01-01,S01,S01-L01,1,running,199.8428,430.391,106.0097,35.6671,-0.7711,A,relation-reasoning-agent-eval-v3.1
2026-08-08T19:00:00+09:00,CMP-S01-L02-01,S01,S01-L02,1,running,181.9297,476.7426,106.2727,38.5798,-0.0923,A,relation-reasoning-agent-eval-v3.1
2026-08-08T19:00:00+09:00,CMP-S01-L03-01,S01,S01-L03,1,running,180.5206,429.4987,110.4529,39.9549,-0.1121,A,relation-reasoning-agent-eval-v3.1
2026-08-08T19:00:00+09:00,CMP-S01-L04-01,S01,S01-L04,1,running,199.011,470.2549,98.8804,42.1961,0.4524,A,relation-reasoning-agent-eval-v3.1
2026-08-08T19:00:00+09:00,CMP-S01-L05-01,S01,S01-L05,1,running,139.756,411.0403,81.4725,35.1956,-1.1754,B,relation-reasoning-agent-eval-v3.1
2026-08-08T19:10:00+09:00,CMP-S01-L01-01,S01,S01-L01,1,running,192.5168,469.9292,96.8777,31.8527,-1.4775,B,relation-reasoning-agent-eval-v3.1
2026-08-08T19:10:00+09:00,CMP-S01-L02-01,S01,S01-L02,1,running,185.03,481.1238,106.6509,37.7381,-0.2482,A,relation-reasoning-agent-eval-v3.1
2026-08-08T19:10:00+09:00,CMP-S01-L03-01,S01,S01-L03,1,running,175.9087,406.5543,109.8423,39.2702,-0.2389,A,relation-reasoning-agent-eval-v3.1
2026-08-08T19:10:00+09:00,CMP-S01-L04-01,S01,S01-L04,1,running,186.0655,508.385,99.8068,42.0443,0.4243,A,relation-reasoning-agent-eval-v3.1
2026-08-08T19:10:00+09:00,CMP-S01-L05-01,S01,S01-L05,1,running,169.3617,425.9783,91.227,34.348,-1.3323,B,relation-reasoning-agent-eval-v3.1
2026-08-08T19:20:00+09:00,CMP-S01-L01-01,S01,S01-L01,1,running,203.5764,481.4191,101.577,27.1306,-2.352,C,relation-reasoning-agent-eval-v3.1
2026-08-08T19:20:00+09:00,CMP-S01-L02-01,S01,S01-L02,1,running,189.1328,495.9393,100.801,37.4714,-0.2976,A,relation-reasoning-agent-eval-v3.1
2026-08-08T19:20:00+09:00,CMP-S01-L03-01,S01,S01-L03,1,running,163.7572,411.1958,110.4451,44.1458,0.664,A,relation-reasoning-agent-eval-v3.1
2026-08-08T19:20:00+09:00,CMP-S01-L04-01,S01,S01-L04,1,running,178.3373,485.5822,102.3589,45.5085,1.0658,B,relation-reasoning-agent-eval-v3.1
2026-08-08T19:20:00+09:00,CMP-S01-L05-01,S01,S01-L05,1,running,171.4629,437.8971,88.7004,34.004,-1.396,B,relation-reasoning-agent-eval-v3.1
2026-08-08T19:30:00+09:00,CMP-S01-L01-01,S01,S01-L01,1,running,195.339,500.4986,105.7084,27.537,-2.2767,C,relation-reasoning-agent-eval-v3.1
2026-08-08T19:30:00+09:00,CMP-S01-L02-01,S01,S01-L02,1,running,200.7326,466.8131,101.853,33.7529,-0.9862,A,relation-reasoning-agent-eval-v3.1
2026-08-08T19:30:00+09:00,CMP-S01-L03-01,S01,S01-L03,1,running,185.0841,486.5226,119.2736,43.0271,0.4568,A,relation-reasoning-agent-eval-v3.1
2026-08-08T19:30:00+09:00,CMP-S01-L04-01,S01,S01-L04,1,running,183.0251,487.4304,105.056,46.033,1.1629,B,relation-reasoning-agent-eval-v3.1
2026-08-08T19:30:00+09:00,CMP-S01-L05-01,S01,S01-L05,1,running,181.6241,435.1106,84.9382,39.6383,-0.3527,A,relation-reasoning-agent-eval-v3.1
2026-08-08T19:40:00+09:00,CMP-S01-L01-01,S01,S01-L01,1,running,174.4888,507.766,105.502,33.7532,-1.1256,B,relation-reasoning-agent-eval-v3.1
2026-08-08T19:40:00+09:00,CMP-S01-L02-01,S01,S01-L02,1,running,195.5904,446.7247,105.5784,38.5506,-0.0977,A,relation-reasoning-agent-eval-v3.1
2026-08-08T19:40:00+09:00,CMP-S01-L03-01,S01,S01-L03,1,running,179.2072,492.2778,113.4932,37.9078,-0.4912,A,relation-reasoning-agent-eval-v3.1
2026-08-08T19:40:00+09:00,CMP-S01-L04-01,S01,S01-L04,1,running,183.8124,483.6141,101.5695,42.9227,0.587,A,relation-reasoning-agent-eval-v3.1
2026-08-08T19:40:00+09:00,CMP-S01-L05-01,S01,S01-L05,1,running,177.4708,425.2967,98.1731,38.714,-0.5238,A,relation-reasoning-agent-eval-v3.1
2026-08-08T19:50:00+09:00,CMP-S01-L01-01,S01,S01-L01,1,running,175.0303,487.2965,104.0758,36.1649,-0.679,A,relation-reasoning-agent-eval-v3.1
2026-08-08T19:50:00+09:00,CMP-S01-L02-01,S01,S01-L02,1,running,153.1526,429.6219,106.2642,42.4325,0.6212,A,relation-reasoning-agent-eval-v3.1
2026-08-08T19:50:00+09:00,CMP-S01-L03-01,S01,S01-L03,1,running,167.469,483.4195,113.5811,35.2531,-0.9828,A,relation-reasoning-agent-eval-v3.1
2026-08-08T19:50:00+09:00,CMP-S01-L04-01,S01,S01-L04,1,running,187.0093,444.2133,100.9086,42.7469,0.5544,A,relation-reasoning-agent-eval-v3.1
2026-08-08T19:50:00+09:00,CMP-S01-L05-01,S01,S01-L05,1,running,189.3908,390.5393,92.6322,41.2268,-0.0585,A,relation-reasoning-agent-eval-v3.1
2026-08-08T20:00:00+09:00,CMP-S01-L01-01,S01,S01-L01,1,running,182.9451,503.2859,100.6125,39.4322,-0.0739,A,relation-reasoning-agent-eval-v3.1
2026-08-08T20:00:00+09:00,CMP-S01-L02-01,S01,S01-L02,1,running,179.3443,454.7523,100.1457,41.2397,0.4003,A,relation-reasoning-agent-eval-v3.1
2026-08-08T20:00:00+09:00,CMP-S01-L03-01,S01,S01-L03,1,running,159.6285,486.3131,105.2352,39.7812,-0.1443,A,relation-reasoning-agent-eval-v3.1
2026-08-08T20:00:00+09:00,CMP-S01-L04-01,S01,S01-L04,1,running,202.1369,410.2955,104.3017,41.4571,0.3156,A,relation-reasoning-agent-eval-v3.1
2026-08-08T20:00:00+09:00,CMP-S01-L05-01,S01,S01-L05,1,running,188.9194,462.3007,89.0871,45.0307,0.6459,A,relation-reasoning-agent-eval-v3.1
2026-08-08T20:10:00+09:00,CMP-S01-L01-01,S01,S01-L01,1,running,179.5117,515.0877,101.6135,46.4325,1.2225,B,relation-reasoning-agent-eval-v3.1
2026-08-08T20:10:00+09:00,CMP-S01-L02-01,S01,S01-L02,1,running,182.6088,509.7835,104.2189,43.8163,0.8774,A,relation-reasoning-agent-eval-v3.1
2026-08-08T20:10:00+09:00,CMP-S01-L03-01,S01,S01-L03,1,running,159.1726,493.7186,100.305,41.7279,0.2162,A,relation-reasoning-agent-eval-v3.1
2026-08-08T20:10:00+09:00,CMP-S01-L04-01,S01,S01-L04,1,running,196.3994,375.7411,110.5951,43.6309,0.7181,A,relation-reasoning-agent-eval-v3.1
2026-08-08T20:10:00+09:00,CMP-S01-L05-01,S01,S01-L05,1,running,169.899,507.3667,88.7931,37.869,-0.6803,A,relation-reasoning-agent-eval-v3.1
2026-08-08T20:20:00+09:00,CMP-S01-L01-01,S01,S01-L01,1,running,169.5528,483.3953,92.3487,43.2472,0.6326,A,relation-reasoning-agent-eval-v3.1
2026-08-08T20:20:00+09:00,CMP-S01-L02-01,S01,S01-L02,1,running,193.6959,529.0677,100.3695,41.1939,0.3918,A,relation-reasoning-agent-eval-v3.1
2026-08-08T20:20:00+09:00,CMP-S01-L03-01,S01,S01-L03,1,running,160.3337,446.2177,102.4214,41.6737,0.2062,A,relation-reasoning-agent-eval-v3.1
2026-08-08T20:20:00+09:00,CMP-S01-L04-01,S01,S01-L04,1,running,182.443,382.1298,105.7046,35.8352,-0.7255,A,relation-reasoning-agent-eval-v3.1
2026-08-08T20:20:00+09:00,CMP-S01-L05-01,S01,S01-L05,1,running,161.8017,489.1966,87.2943,47.2049,1.0486,B,relation-reasoning-agent-eval-v3.1
2026-08-08T20:30:00+09:00,CMP-S01-L01-01,S01,S01-L01,1,running,164.4982,489.3495,93.8507,38.7164,-0.2065,A,relation-reasoning-agent-eval-v3.1
2026-08-08T20:30:00+09:00,CMP-S01-L02-01,S01,S01-L02,1,running,188.3868,512.2222,99.9947,41.7646,0.4975,A,relation-reasoning-agent-eval-v3.1
2026-08-08T20:30:00+09:00,CMP-S01-L03-01,S01,S01-L03,1,running,147.6256,417.9601,108.2032,44.3824,0.7078,A,relation-reasoning-agent-eval-v3.1
2026-08-08T20:30:00+09:00,CMP-S01-L04-01,S01,S01-L04,1,running,182.9346,442.822,104.2942,43.5429,0.7018,A,relation-reasoning-agent-eval-v3.1
2026-08-08T20:30:00+09:00,CMP-S01-L05-01,S01,S01-L05,1,running,185.6486,436.9304,90.6566,45.4846,0.73,A,relation-reasoning-agent-eval-v3.1
2026-08-08T20:40:00+09:00,CMP-S01-L01-01,S01,S01-L01,1,running,160.6296,528.1834,94.5562,34.6788,-0.9542,A,relation-reasoning-agent-eval-v3.1
2026-08-08T20:40:00+09:00,CMP-S01-L02-01,S01,S01-L02,1,running,173.4856,468.0807,102.1498,40.8108,0.3208,A,relation-reasoning-agent-eval-v3.1
2026-08-08T20:40:00+09:00,CMP-S01-L03-01,S01,S01-L03,1,running,148.9091,384.9483,105.6264,40.3063,-0.0471,A,relation-reasoning-agent-eval-v3.1
2026-08-08T20:40:00+09:00,CMP-S01-L04-01,S01,S01-L04,1,running,154.6763,472.1036,102.048,42.5007,0.5088,A,relation-reasoning-agent-eval-v3.1
2026-08-08T20:40:00+09:00,CMP-S01-L05-01,S01,S01-L05,1,running,179.4223,430.5472,90.754,44.5843,0.5633,A,relation-reasoning-agent-eval-v3.1
2026-08-08T20:50:00+09:00,CMP-S01-L01-01,S01,S01-L01,1,running,188.5555,490.4743,91.3489,39.8025,-0.0053,A,relation-reasoning-agent-eval-v3.1
2026-08-08T20:50:00+09:00,CMP-S01-L02-01,S01,S01-L02,1,running,185.9729,452.1956,98.065,40.8371,0.3257,A,relation-reasoning-agent-eval-v3.1
2026-08-08T20:50:00+09:00,CMP-S01-L03-01,S01,S01-L03,1,running,134.7719,462.2113,109.8003,42.5104,0.3611,A,relation-reasoning-agent-eval-v3.1
2026-08-08T20:50:00+09:00,CMP-S01-L04-01,S01,S01-L04,1,running,159.5328,515.0362,100.1408,33.0763,-1.2364,B,relation-reasoning-agent-eval-v3.1
2026-08-08T20:50:00+09:00,CMP-S01-L05-01,S01,S01-L05,1,running,174.8004,446.501,85.0487,41.2348,-0.057,A,relation-reasoning-agent-eval-v3.1
2026-08-08T21:00:00+09:00,CMP-S01-L01-01,S01,S01-L01,1,running,190.0668,471.1661,90.627,40.0885,0.0476,A,relation-reasoning-agent-eval-v3.1
2026-08-08T21:00:00+09:00,CMP-S01-L02-01,S01,S01-L02,1,running,180.3421,427.3791,101.0525,34.794,-0.7934,A,relation-reasoning-agent-eval-v3.1
2026-08-08T21:00:00+09:00,CMP-S01-L03-01,S01,S01-L03,1,running,133.4368,464.0765,113.3941,40.3231,-0.044,A,relation-reasoning-agent-eval-v3.1
2026-08-08T21:00:00+09:00,CMP-S01-L04-01,S01,S01-L04,1,running,153.4828,496.4059,104.3854,39.1653,-0.1089,A,relation-reasoning-agent-eval-v3.1
2026-08-08T21:00:00+09:00,CMP-S01-L05-01,S01,S01-L05,1,running,158.2211,421.3258,90.1616,41.1598,-0.0709,A,relation-reasoning-agent-eval-v3.1
2026-08-08T21:10:00+09:00,CMP-S01-L01-01,S01,S01-L01,1,running,200.8994,423.4067,99.7877,40.9889,0.2144,A,relation-reasoning-agent-eval-v3.1
2026-08-08T21:10:00+09:00,CMP-S01-L02-01,S01,S01-L02,1,running,179.1995,402.2269,98.1011,31.7012,-1.3661,B,relation-reasoning-agent-eval-v3.1
2026-08-08T21:10:00+09:00,CMP-S01-L03-01,S01,S01-L03,1,running,148.9306,448.0953,115.0844,34.0053,-1.2139,B,relation-reasoning-agent-eval-v3.1
2026-08-08T21:10:00+09:00,CMP-S01-L04-01,S01,S01-L04,1,running,158.3529,474.8211,103.2699,35.0557,-0.8699,A,relation-reasoning-agent-eval-v3.1
2026-08-08T21:10:00+09:00,CMP-S01-L05-01,S01,S01-L05,1,running,180.7021,423.5566,88.3309,37.2509,-0.7948,A,relation-reasoning-agent-eval-v3.1
2026-08-08T21:20:00+09:00,CMP-S01-L01-01,S01,S01-L01,1,running,192.7574,440.1639,106.6666,39.9819,0.0279,A,relation-reasoning-agent-eval-v3.1
2026-08-08T21:20:00+09:00,CMP-S01-L02-01,S01,S01-L02,1,running,179.7638,408.225,94.2211,33.9756,-0.9449,A,relation-reasoning-agent-eval-v3.1
2026-08-08T21:20:00+09:00,CMP-S01-L03-01,S01,S01-L03,1,running,162.9064,445.3672,109.9251,32.5538,-1.4827,B,relation-reasoning-agent-eval-v3.1
2026-08-08T21:20:00+09:00,CMP-S01-L04-01,S01,S01-L04,1,running,168.2592,481.3831,108.0997,33.5925,-1.1409,B,relation-reasoning-agent-eval-v3.1
2026-08-08T21:20:00+09:00,CMP-S01-L05-01,S01,S01-L05,1,running,156.0044,471.9655,88.3709,39.3326,-0.4093,A,relation-reasoning-agent-eval-v3.1
2026-08-08T21:30:00+09:00,CMP-S01-L01-01,S01,S01-L01,1,running,190.8127,466.4511,106.3554,40.9224,0.2021,A,relation-reasoning-agent-eval-v3.1
2026-08-08T21:30:00+09:00,CMP-S01-L02-01,S01,S01-L02,1,running,162.8964,414.8285,95.6076,35.72,-0.6219,A,relation-reasoning-agent-eval-v3.1
2026-08-08T21:30:00+09:00,CMP-S01-L03-01,S01,S01-L03,1,running,156.2984,473.8773,103.0224,28.4891,-2.2354,C,relation-reasoning-agent-eval-v3.1
2026-08-08T21:30:00+09:00,CMP-S01-L04-01,S01,S01-L04,1,running,181.0207,458.6679,112.3214,34.4055,-0.9903,A,relation-reasoning-agent-eval-v3.1
2026-08-08T21:30:00+09:00,CMP-S01-L05-01,S01,S01-L05,1,running,158.7041,477.3123,94.9449,45.9809,0.8219,A,relation-reasoning-agent-eval-v3.1
2026-08-08T21:40:00+09:00,CMP-S01-L01-01,S01,S01-L01,1,running,176.9536,443.9995,103.8282,43.7793,0.7311,A,relation-reasoning-agent-eval-v3.1
2026-08-08T21:40:00+09:00,CMP-S01-L02-01,S01,S01-L02,1,running,167.8581,479.6952,101.3256,36.756,-0.43,A,relation-reasoning-agent-eval-v3.1
2026-08-08T21:40:00+09:00,CMP-S01-L03-01,S01,S01-L03,1,running,163.4922,467.9641,102.1124,36.5201,-0.7482,A,relation-reasoning-agent-eval-v3.1
2026-08-08T21:40:00+09:00,CMP-S01-L04-01,S01,S01-L04,1,running,177.638,415.7973,102.8126,32.2997,-1.3803,B,relation-reasoning-agent-eval-v3.1
2026-08-08T21:40:00+09:00,CMP-S01-L05-01,S01,S01-L05,1,running,153.8785,488.1293,90.2768,49.689,1.5086,B,relation-reasoning-agent-eval-v3.1
2026-08-08T21:50:00+09:00,CMP-S01-L01-01,S01,S01-L01,1,running,164.5866,417.6431,93.8788,40.8144,0.1821,A,relation-reasoning-agent-eval-v3.1
2026-08-08T21:50:00+09:00,CMP-S01-L02-01,S01,S01-L02,1,running,173.3208,488.4855,103.2054,39.7948,0.1327,A,relation-reasoning-agent-eval-v3.1
2026-08-08T21:50:00+09:00,CMP-S01-L03-01,S01,S01-L03,1,running,157.852,462.1678,101.4352,37.2303,-0.6167,A,relation-reasoning-agent-eval-v3.1
2026-08-08T21:50:00+09:00,CMP-S01-L04-01,S01,S01-L04,1,running,193.1751,428.7746,101.5996,29.0995,-1.9729,B,relation-reasoning-agent-eval-v3.1
2026-08-08T21:50:00+09:00,CMP-S01-L05-01,S01,S01-L05,1,running,173.7443,499.4446,93.1322,48.2436,1.2409,B,relation-reasoning-agent-eval-v3.1
2026-08-08T22:00:00+09:00,CMP-S01-L01-01,S01,S01-L01,1,running,179.367,438.8193,92.7559,49.2592,1.7459,B,relation-reasoning-agent-eval-v3.1
2026-08-08T22:00:00+09:00,CMP-S01-L02-01,S01,S01-L02,1,running,172.6974,446.4169,98.4537,34.6917,-0.8123,A,relation-reasoning-agent-eval-v3.1
2026-08-08T22:00:00+09:00,CMP-S01-L03-01,S01,S01-L03,1,running,161.2756,478.679,100.1919,38.01,-0.4723,A,relation-reasoning-agent-eval-v3.1
2026-08-08T22:00:00+09:00,CMP-S01-L04-01,S01,S01-L04,1,running,183.6016,464.9578,104.9758,42.6469,0.5359,A,relation-reasoning-agent-eval-v3.1
2026-08-08T22:00:00+09:00,CMP-S01-L05-01,S01,S01-L05,1,running,180.4762,519.4262,84.2588,45.4916,0.7313,A,relation-reasoning-agent-eval-v3.1
2026-08-08T22:10:00+09:00,CMP-S01-L01-01,S01,S01-L01,1,running,159.9797,444.8423,99.2651,45.132,0.9816,A,relation-reasoning-agent-eval-v3.1
2026-08-08T22:10:00+09:00,CMP-S01-L02-01,S01,S01-L02,1,running,161.2391,424.8674,102.1395,30.7333,-1.5454,B,relation-reasoning-agent-eval-v3.1
2026-08-08T22:10:00+09:00,CMP-S01-L03-01,S01,S01-L03,1,running,160.3558,444.3347,106.4838,34.9719,-1.0349,B,relation-reasoning-agent-eval-v3.1
2026-08-08T22:10:00+09:00,CMP-S01-L04-01,S01,S01-L04,1,running,183.4484,507.5564,100.8476,44.054,0.7965,A,relation-reasoning-agent-eval-v3.1
2026-08-08T22:10:00+09:00,CMP-S01-L05-01,S01,S01-L05,1,running,188.8729,510.5221,87.1147,50.2425,1.6111,B,relation-reasoning-agent-eval-v3.1
2026-08-08T22:20:00+09:00,CMP-S01-L01-01,S01,S01-L01,1,running,164.7896,453.8838,99.3148,44.6072,0.8844,A,relation-reasoning-agent-eval-v3.1
2026-08-08T22:20:00+09:00,CMP-S01-L02-01,S01,S01-L02,1,running,189.6682,392.1126,99.2091,35.4229,-0.6769,A,relation-reasoning-agent-eval-v3.1
2026-08-08T22:20:00+09:00,CMP-S01-L03-01,S01,S01-L03,1,running,172.6533,452.5184,104.4898,34.7854,-1.0695,B,relation-reasoning-agent-eval-v3.1
2026-08-08T22:20:00+09:00,CMP-S01-L04-01,S01,S01-L04,1,running,182.2197,531.8912,96.86,43.2277,0.6435,A,relation-reasoning-agent-eval-v3.1
2026-08-08T22:20:00+09:00,CMP-S01-L05-01,S01,S01-L05,1,running,164.6156,557.1511,89.6179,42.0178,0.088,A,relation-reasoning-agent-eval-v3.1
2026-08-08T22:30:00+09:00,CMP-S01-L01-01,S01,S01-L01,1,running,171.2337,470.6915,103.0788,44.5006,0.8647,A,relation-reasoning-agent-eval-v3.1
2026-08-08T22:30:00+09:00,CMP-S01-L02-01,S01,S01-L02,1,running,200.7745,370.4212,100.2252,30.5997,-1.5701,B,relation-reasoning-agent-eval-v3.1
2026-08-08T22:30:00+09:00,CMP-S01-L03-01,S01,S01-L03,1,running,171.2984,470.3832,107.4355,45.1383,0.8478,A,relation-reasoning-agent-eval-v3.1
2026-08-08T22:30:00+09:00,CMP-S01-L04-01,S01,S01-L04,1,running,189.4017,548.7119,101.5324,45.5592,1.0752,B,relation-reasoning-agent-eval-v3.1
2026-08-08T22:30:00+09:00,CMP-S01-L05-01,S01,S01-L05,1,running,169.6352,493.1264,91.0776,45.3635,0.7076,A,relation-reasoning-agent-eval-v3.1
2026-08-08T22:40:00+09:00,CMP-S01-L01-01,S01,S01-L01,1,running,190.2362,467.8106,104.2987,45.7255,1.0915,B,relation-reasoning-agent-eval-v3.1
2026-08-08T22:40:00+09:00,CMP-S01-L02-01,S01,S01-L02,1,running,203.2372,404.6221,97.5684,34.9434,-0.7657,A,relation-reasoning-agent-eval-v3.1
2026-08-08T22:40:00+09:00,CMP-S01-L03-01,S01,S01-L03,1,running,165.1793,457.2265,102.7915,41.4635,0.1672,A,relation-reasoning-agent-eval-v3.1
2026-08-08T22:40:00+09:00,CMP-S01-L04-01,S01,S01-L04,1,running,195.7649,533.983,109.6327,42.2591,0.4641,A,relation-reasoning-agent-eval-v3.1
2026-08-08T22:40:00+09:00,CMP-S01-L05-01,S01,S01-L05,1,running,155.6388,440.7857,90.8182,50.3721,1.6351,B,relation-reasoning-agent-eval-v3.1
2026-08-08T22:50:00+09:00,CMP-S01-L01-01,S01,S01-L01,1,running,163.9595,507.8484,101.4306,43.6636,0.7097,A,relation-reasoning-agent-eval-v3.1
2026-08-08T22:50:00+09:00,CMP-S01-L02-01,S01,S01-L02,1,running,194.4498,411.704,98.5538,41.0784,0.3704,A,relation-reasoning-agent-eval-v3.1
2026-08-08T22:50:00+09:00,CMP-S01-L03-01,S01,S01-L03,1,running,157.1887,452.5568,99.6016,42.7842,0.4118,A,relation-reasoning-agent-eval-v3.1
2026-08-08T22:50:00+09:00,CMP-S01-L04-01,S01,S01-L04,1,running,180.5902,507.8828,113.3194,42.5195,0.5123,A,relation-reasoning-agent-eval-v3.1
2026-08-08T22:50:00+09:00,CMP-S01-L05-01,S01,S01-L05,1,running,149.3803,499.6778,95.646,52.5101,2.031,C,relation-reasoning-agent-eval-v3.1
2026-08-08T23:00:00+09:00,CMP-S01-L01-01,S01,S01-L01,1,running,177.1642,472.4091,105.4747,41.8011,0.3648,A,relation-reasoning-agent-eval-v3.1
2026-08-08T23:00:00+09:00,CMP-S01-L02-01,S01,S01-L02,1,running,198.353,438.011,97.2405,31.9101,-1.3275,B,relation-reasoning-agent-eval-v3.1
2026-08-08T23:00:00+09:00,CMP-S01-L03-01,S01,S01-L03,1,running,163.1876,474.644,100.7291,36.5505,-0.7426,A,relation-reasoning-agent-eval-v3.1
2026-08-08T23:00:00+09:00,CMP-S01-L04-01,S01,S01-L04,1,running,173.5051,509.9119,114.52,42.8066,0.5655,A,relation-reasoning-agent-eval-v3.1
2026-08-08T23:00:00+09:00,CMP-S01-L05-01,S01,S01-L05,1,running,139.2495,473.1295,86.4294,48.1058,1.2154,B,relation-reasoning-agent-eval-v3.1
