observed_at,asset_id,site_id,cell_id,is_operating,operating_state,voltage_raw,rotation_raw,pressure_raw,vibration_raw,relative_vibration_z,relative_vibration_zone,generator_version
2026-08-23T23:00:00+09:00,CMP-S01-L01-01,S01,S01-L01,1,running,161.83,437.37,93.4169,38.9602,-0.1613,A,relation-reasoning-agent-eval-v3.1
2026-08-23T23:00:00+09:00,CMP-S01-L02-01,S01,S01-L02,1,running,169.8151,333.3572,112.9778,46.6112,1.395,B,relation-reasoning-agent-eval-v3.1
2026-08-23T23:00:00+09:00,CMP-S01-L03-01,S01,S01-L03,1,running,136.6385,472.5736,93.4294,36.044,-0.8364,A,relation-reasoning-agent-eval-v3.1
2026-08-23T23:00:00+09:00,CMP-S01-L04-01,S01,S01-L04,1,running,164.0786,464.0246,97.8242,41.6449,0.3503,A,relation-reasoning-agent-eval-v3.1
2026-08-23T23:00:00+09:00,CMP-S01-L05-01,S01,S01-L05,1,running,161.8598,415.922,101.5952,46.3669,0.8934,A,relation-reasoning-agent-eval-v3.1
2026-08-23T23:10:00+09:00,CMP-S01-L01-01,S01,S01-L01,1,running,163.5177,480.5821,98.3008,36.7199,-0.5762,A,relation-reasoning-agent-eval-v3.1
2026-08-23T23:10:00+09:00,CMP-S01-L02-01,S01,S01-L02,1,running,178.1772,361.3902,105.7518,45.917,1.2664,B,relation-reasoning-agent-eval-v3.1
2026-08-23T23:10:00+09:00,CMP-S01-L03-01,S01,S01-L03,1,running,165.1543,440.1744,90.3828,34.237,-1.171,B,relation-reasoning-agent-eval-v3.1
2026-08-23T23:10:00+09:00,CMP-S01-L04-01,S01,S01-L04,1,running,167.7781,444.3243,103.4827,35.6957,-0.7514,A,relation-reasoning-agent-eval-v3.1
2026-08-23T23:10:00+09:00,CMP-S01-L05-01,S01,S01-L05,1,running,176.2521,367.6345,97.0652,44.4473,0.5379,A,relation-reasoning-agent-eval-v3.1
2026-08-23T23:20:00+09:00,CMP-S01-L01-01,S01,S01-L01,1,running,157.4463,488.2615,95.6657,39.2529,-0.1071,A,relation-reasoning-agent-eval-v3.1
2026-08-23T23:20:00+09:00,CMP-S01-L02-01,S01,S01-L02,1,running,166.4048,316.5161,102.6515,44.0935,0.9287,A,relation-reasoning-agent-eval-v3.1
2026-08-23T23:20:00+09:00,CMP-S01-L03-01,S01,S01-L03,1,running,148.1202,487.9636,90.8434,31.3197,-1.7112,B,relation-reasoning-agent-eval-v3.1
2026-08-23T23:20:00+09:00,CMP-S01-L04-01,S01,S01-L04,1,running,163.8802,463.5344,107.4914,36.3517,-0.6299,A,relation-reasoning-agent-eval-v3.1
2026-08-23T23:20:00+09:00,CMP-S01-L05-01,S01,S01-L05,1,running,173.0778,339.9714,91.9588,41.9321,0.0721,A,relation-reasoning-agent-eval-v3.1
2026-08-23T23:30:00+09:00,CMP-S01-L01-01,S01,S01-L01,1,running,161.4052,479.0698,89.066,42.6817,0.5279,A,relation-reasoning-agent-eval-v3.1
2026-08-23T23:30:00+09:00,CMP-S01-L02-01,S01,S01-L02,1,running,167.729,335.1474,103.9063,35.9541,-0.5786,A,relation-reasoning-agent-eval-v3.1
2026-08-23T23:30:00+09:00,CMP-S01-L03-01,S01,S01-L03,1,running,147.0291,492.3457,97.2096,33.5156,-1.3046,B,relation-reasoning-agent-eval-v3.1
2026-08-23T23:30:00+09:00,CMP-S01-L04-01,S01,S01-L04,1,running,146.4187,455.1311,111.9565,36.8962,-0.529,A,relation-reasoning-agent-eval-v3.1
2026-08-23T23:30:00+09:00,CMP-S01-L05-01,S01,S01-L05,1,running,175.3184,366.2424,100.1506,39.0239,-0.4664,A,relation-reasoning-agent-eval-v3.1
2026-08-23T23:40:00+09:00,CMP-S01-L01-01,S01,S01-L01,1,running,167.5123,480.1622,92.9789,38.4573,-0.2544,A,relation-reasoning-agent-eval-v3.1
2026-08-23T23:40:00+09:00,CMP-S01-L02-01,S01,S01-L02,1,running,168.9689,358.085,108.4904,38.4745,-0.1118,A,relation-reasoning-agent-eval-v3.1
2026-08-23T23:40:00+09:00,CMP-S01-L03-01,S01,S01-L03,1,running,142.8377,482.6362,95.5531,33.2257,-1.3583,B,relation-reasoning-agent-eval-v3.1
2026-08-23T23:40:00+09:00,CMP-S01-L04-01,S01,S01-L04,1,running,149.542,433.9985,102.1633,37.2011,-0.4726,A,relation-reasoning-agent-eval-v3.1
2026-08-23T23:40:00+09:00,CMP-S01-L05-01,S01,S01-L05,1,running,174.0976,398.7064,104.5477,46.4532,0.9094,A,relation-reasoning-agent-eval-v3.1
2026-08-23T23:50:00+09:00,CMP-S01-L01-01,S01,S01-L01,1,running,170.5676,435.8882,94.7201,31.0185,-1.632,B,relation-reasoning-agent-eval-v3.1
2026-08-23T23:50:00+09:00,CMP-S01-L02-01,S01,S01-L02,1,running,183.9462,333.1313,108.6569,42.182,0.5748,A,relation-reasoning-agent-eval-v3.1
2026-08-23T23:50:00+09:00,CMP-S01-L03-01,S01,S01-L03,1,running,164.7578,413.6986,109.9385,37.6209,-0.5444,A,relation-reasoning-agent-eval-v3.1
2026-08-23T23:50:00+09:00,CMP-S01-L04-01,S01,S01-L04,1,running,153.7443,426.9804,105.121,38.3416,-0.2614,A,relation-reasoning-agent-eval-v3.1
2026-08-23T23:50:00+09:00,CMP-S01-L05-01,S01,S01-L05,1,running,189.2111,370.6097,105.9066,43.1554,0.2987,A,relation-reasoning-agent-eval-v3.1
2026-08-24T00:00:00+09:00,CMP-S01-L01-01,S01,S01-L01,1,running,185.0729,436.2948,97.4701,37.7249,-0.3901,A,relation-reasoning-agent-eval-v3.1
2026-08-24T00:00:00+09:00,CMP-S01-L02-01,S01,S01-L02,1,running,195.586,267.8525,101.3105,41.0616,0.3673,A,relation-reasoning-agent-eval-v3.1
2026-08-24T00:00:00+09:00,CMP-S01-L03-01,S01,S01-L03,1,running,164.9931,411.2791,108.3317,37.9407,-0.4851,A,relation-reasoning-agent-eval-v3.1
2026-08-24T00:00:00+09:00,CMP-S01-L04-01,S01,S01-L04,1,running,156.5944,448.3619,104.2851,29.108,-1.9713,B,relation-reasoning-agent-eval-v3.1
2026-08-24T00:00:00+09:00,CMP-S01-L05-01,S01,S01-L05,1,running,185.2121,408.4159,101.2566,44.411,0.5312,A,relation-reasoning-agent-eval-v3.1
2026-08-24T00:10:00+09:00,CMP-S01-L01-01,S01,S01-L01,1,running,189.7926,430.2979,88.9822,37.6646,-0.4012,A,relation-reasoning-agent-eval-v3.1
2026-08-24T00:10:00+09:00,CMP-S01-L02-01,S01,S01-L02,1,running,179.4783,318.1757,108.701,41.0115,0.358,A,relation-reasoning-agent-eval-v3.1
2026-08-24T00:10:00+09:00,CMP-S01-L03-01,S01,S01-L03,1,running,155.4197,422.5802,103.7896,38.1259,-0.4508,A,relation-reasoning-agent-eval-v3.1
2026-08-24T00:10:00+09:00,CMP-S01-L04-01,S01,S01-L04,1,running,144.6273,441.3163,104.2556,33.5932,-1.1407,B,relation-reasoning-agent-eval-v3.1
2026-08-24T00:10:00+09:00,CMP-S01-L05-01,S01,S01-L05,1,running,188.8796,418.4084,99.6158,42.313,0.1427,A,relation-reasoning-agent-eval-v3.1
2026-08-24T00:20:00+09:00,CMP-S01-L01-01,S01,S01-L01,1,running,195.2684,474.356,98.5012,40.662,0.1538,A,relation-reasoning-agent-eval-v3.1
2026-08-24T00:20:00+09:00,CMP-S01-L02-01,S01,S01-L02,1,running,177.4495,397.9281,102.6508,40.5829,0.2786,A,relation-reasoning-agent-eval-v3.1
2026-08-24T00:20:00+09:00,CMP-S01-L03-01,S01,S01-L03,1,running,165.1681,448.8884,101.5643,36.9657,-0.6657,A,relation-reasoning-agent-eval-v3.1
2026-08-24T00:20:00+09:00,CMP-S01-L04-01,S01,S01-L04,1,running,156.9027,444.1111,107.1821,33.2976,-1.1955,B,relation-reasoning-agent-eval-v3.1
2026-08-24T00:20:00+09:00,CMP-S01-L05-01,S01,S01-L05,1,running,177.8034,403.2098,99.6091,48.2925,1.25,B,relation-reasoning-agent-eval-v3.1
2026-08-24T00:30:00+09:00,CMP-S01-L01-01,S01,S01-L01,1,running,203.2477,479.0097,96.718,38.7673,-0.197,A,relation-reasoning-agent-eval-v3.1
2026-08-24T00:30:00+09:00,CMP-S01-L02-01,S01,S01-L02,1,running,170.0917,428.8898,108.8813,38.0754,-0.1857,A,relation-reasoning-agent-eval-v3.1
2026-08-24T00:30:00+09:00,CMP-S01-L03-01,S01,S01-L03,1,running,143.667,428.0186,98.2929,43.2549,0.499,A,relation-reasoning-agent-eval-v3.1
2026-08-24T00:30:00+09:00,CMP-S01-L04-01,S01,S01-L04,1,running,144.907,475.2531,99.7079,34.0775,-1.051,B,relation-reasoning-agent-eval-v3.1
2026-08-24T00:30:00+09:00,CMP-S01-L05-01,S01,S01-L05,1,running,189.4807,416.4489,99.9524,42.0144,0.0874,A,relation-reasoning-agent-eval-v3.1
2026-08-24T00:40:00+09:00,CMP-S01-L01-01,S01,S01-L01,1,running,209.4021,458.8996,93.9273,42.0016,0.4019,A,relation-reasoning-agent-eval-v3.1
2026-08-24T00:40:00+09:00,CMP-S01-L02-01,S01,S01-L02,1,running,179.0301,404.3532,105.6346,41.2961,0.4107,A,relation-reasoning-agent-eval-v3.1
2026-08-24T00:40:00+09:00,CMP-S01-L03-01,S01,S01-L03,1,running,145.3482,444.8124,93.8833,50.8736,1.9098,B,relation-reasoning-agent-eval-v3.1
2026-08-24T00:40:00+09:00,CMP-S01-L04-01,S01,S01-L04,1,running,162.6885,469.4179,100.0566,31.755,-1.4811,B,relation-reasoning-agent-eval-v3.1
2026-08-24T00:40:00+09:00,CMP-S01-L05-01,S01,S01-L05,1,running,208.2896,435.0492,100.6679,35.8725,-1.05,B,relation-reasoning-agent-eval-v3.1
2026-08-24T00:50:00+09:00,CMP-S01-L01-01,S01,S01-L01,1,running,192.5556,501.6232,96.4418,38.0025,-0.3386,A,relation-reasoning-agent-eval-v3.1
2026-08-24T00:50:00+09:00,CMP-S01-L02-01,S01,S01-L02,1,running,181.5666,396.7922,105.7685,42.2572,0.5887,A,relation-reasoning-agent-eval-v3.1
2026-08-24T00:50:00+09:00,CMP-S01-L03-01,S01,S01-L03,1,running,146.5323,453.5734,95.7842,52.0703,2.1315,C,relation-reasoning-agent-eval-v3.1
2026-08-24T00:50:00+09:00,CMP-S01-L04-01,S01,S01-L04,1,running,186.9069,476.4671,100.1527,39.9438,0.0353,A,relation-reasoning-agent-eval-v3.1
2026-08-24T00:50:00+09:00,CMP-S01-L05-01,S01,S01-L05,1,running,212.0586,424.585,96.7803,37.2583,-0.7934,A,relation-reasoning-agent-eval-v3.1
2026-08-24T01:00:00+09:00,CMP-S01-L01-01,S01,S01-L01,1,running,167.0492,476.595,95.3755,38.4177,-0.2618,A,relation-reasoning-agent-eval-v3.1
2026-08-24T01:00:00+09:00,CMP-S01-L02-01,S01,S01-L02,1,running,166.7152,439.679,100.042,35.1636,-0.7249,A,relation-reasoning-agent-eval-v3.1
2026-08-24T01:00:00+09:00,CMP-S01-L03-01,S01,S01-L03,1,running,155.3053,447.7131,101.9659,53.622,2.4188,C,relation-reasoning-agent-eval-v3.1
2026-08-24T01:00:00+09:00,CMP-S01-L04-01,S01,S01-L04,1,running,193.5462,470.8617,103.4492,39.4847,-0.0497,A,relation-reasoning-agent-eval-v3.1
2026-08-24T01:00:00+09:00,CMP-S01-L05-01,S01,S01-L05,1,running,202.7383,391.196,100.7766,42.3317,0.1461,A,relation-reasoning-agent-eval-v3.1
2026-08-24T01:10:00+09:00,CMP-S01-L01-01,S01,S01-L01,1,running,160.846,456.6912,96.4653,39.8039,-0.0051,A,relation-reasoning-agent-eval-v3.1
2026-08-24T01:10:00+09:00,CMP-S01-L02-01,S01,S01-L02,1,running,170.2883,421.3643,104.3471,35.073,-0.7417,A,relation-reasoning-agent-eval-v3.1
2026-08-24T01:10:00+09:00,CMP-S01-L03-01,S01,S01-L03,1,running,163.2377,401.4745,100.0621,50.1458,1.7751,B,relation-reasoning-agent-eval-v3.1
2026-08-24T01:10:00+09:00,CMP-S01-L04-01,S01,S01-L04,1,running,198.639,457.2456,110.3629,40.9374,0.2193,A,relation-reasoning-agent-eval-v3.1
2026-08-24T01:10:00+09:00,CMP-S01-L05-01,S01,S01-L05,1,running,187.2339,400.7925,93.1109,40.1073,-0.2658,A,relation-reasoning-agent-eval-v3.1
2026-08-24T01:20:00+09:00,CMP-S01-L01-01,S01,S01-L01,1,running,161.0448,449.1107,101.284,46.1561,1.1713,B,relation-reasoning-agent-eval-v3.1
2026-08-24T01:20:00+09:00,CMP-S01-L02-01,S01,S01-L02,1,running,173.5051,425.8667,101.3491,37.4552,-0.3006,A,relation-reasoning-agent-eval-v3.1
2026-08-24T01:20:00+09:00,CMP-S01-L03-01,S01,S01-L03,1,running,178.6097,399.4366,96.0199,46.2004,1.0444,B,relation-reasoning-agent-eval-v3.1
2026-08-24T01:20:00+09:00,CMP-S01-L04-01,S01,S01-L04,1,running,189.4434,459.4196,99.4798,32.9071,-1.2678,B,relation-reasoning-agent-eval-v3.1
2026-08-24T01:20:00+09:00,CMP-S01-L05-01,S01,S01-L05,1,running,200.4608,384.5317,103.3956,38.538,-0.5564,A,relation-reasoning-agent-eval-v3.1
2026-08-24T01:30:00+09:00,CMP-S01-L01-01,S01,S01-L01,1,running,176.0882,462.0988,101.9766,41.3582,0.2828,A,relation-reasoning-agent-eval-v3.1
2026-08-24T01:30:00+09:00,CMP-S01-L02-01,S01,S01-L02,1,running,194.7831,404.3218,97.9014,31.0683,-1.4833,B,relation-reasoning-agent-eval-v3.1
2026-08-24T01:30:00+09:00,CMP-S01-L03-01,S01,S01-L03,1,running,176.4303,470.4745,102.0675,53.7767,2.4474,C,relation-reasoning-agent-eval-v3.1
2026-08-24T01:30:00+09:00,CMP-S01-L04-01,S01,S01-L04,1,running,188.7448,422.7496,104.2552,31.4709,-1.5337,B,relation-reasoning-agent-eval-v3.1
2026-08-24T01:30:00+09:00,CMP-S01-L05-01,S01,S01-L05,1,running,200.2486,385.6685,94.8321,38.7938,-0.509,A,relation-reasoning-agent-eval-v3.1
2026-08-24T01:40:00+09:00,CMP-S01-L01-01,S01,S01-L01,1,running,177.0859,482.6875,101.2844,40.7271,0.1659,A,relation-reasoning-agent-eval-v3.1
2026-08-24T01:40:00+09:00,CMP-S01-L02-01,S01,S01-L02,1,running,195.0645,405.0335,102.7359,36.0647,-0.5581,A,relation-reasoning-agent-eval-v3.1
2026-08-24T01:40:00+09:00,CMP-S01-L03-01,S01,S01-L03,1,running,196.7972,495.8207,98.7192,49.6331,1.6801,B,relation-reasoning-agent-eval-v3.1
2026-08-24T01:40:00+09:00,CMP-S01-L04-01,S01,S01-L04,1,running,184.6266,437.5174,97.4002,29.9675,-1.8121,B,relation-reasoning-agent-eval-v3.1
2026-08-24T01:40:00+09:00,CMP-S01-L05-01,S01,S01-L05,1,running,187.1098,405.9647,93.8305,41.555,0.0023,A,relation-reasoning-agent-eval-v3.1
2026-08-24T01:50:00+09:00,CMP-S01-L01-01,S01,S01-L01,1,running,192.1478,495.4483,102.1954,40.807,0.1807,A,relation-reasoning-agent-eval-v3.1
2026-08-24T01:50:00+09:00,CMP-S01-L02-01,S01,S01-L02,1,running,182.9227,417.0331,106.5217,32.3003,-1.2552,B,relation-reasoning-agent-eval-v3.1
2026-08-24T01:50:00+09:00,CMP-S01-L03-01,S01,S01-L03,1,running,188.2479,536.9793,105.3756,45.1503,0.85,A,relation-reasoning-agent-eval-v3.1
2026-08-24T01:50:00+09:00,CMP-S01-L04-01,S01,S01-L04,1,running,160.9467,461.9516,107.0105,26.8687,-2.386,C,relation-reasoning-agent-eval-v3.1
2026-08-24T01:50:00+09:00,CMP-S01-L05-01,S01,S01-L05,1,running,198.832,408.4086,98.2099,46.9877,1.0083,B,relation-reasoning-agent-eval-v3.1
2026-08-24T02:00:00+09:00,CMP-S01-L01-01,S01,S01-L01,1,running,198.731,440.0201,106.5143,42.8377,0.5568,A,relation-reasoning-agent-eval-v3.1
2026-08-24T02:00:00+09:00,CMP-S01-L02-01,S01,S01-L02,1,running,168.7968,453.4817,106.2562,31.4262,-1.4171,B,relation-reasoning-agent-eval-v3.1
2026-08-24T02:00:00+09:00,CMP-S01-L03-01,S01,S01-L03,1,running,172.7566,518.6391,111.169,42.5443,0.3674,A,relation-reasoning-agent-eval-v3.1
2026-08-24T02:00:00+09:00,CMP-S01-L04-01,S01,S01-L04,1,running,176.7471,498.2431,100.6534,36.2664,-0.6457,A,relation-reasoning-agent-eval-v3.1
2026-08-24T02:00:00+09:00,CMP-S01-L05-01,S01,S01-L05,1,running,192.7329,338.5089,96.4753,48.546,1.2969,B,relation-reasoning-agent-eval-v3.1
2026-08-24T02:10:00+09:00,CMP-S01-L01-01,S01,S01-L01,1,running,188.9945,398.6509,104.5688,40.6311,0.1481,A,relation-reasoning-agent-eval-v3.1
2026-08-24T02:10:00+09:00,CMP-S01-L02-01,S01,S01-L02,1,running,154.0661,450.3986,109.6241,35.0587,-0.7444,A,relation-reasoning-agent-eval-v3.1
2026-08-24T02:10:00+09:00,CMP-S01-L03-01,S01,S01-L03,1,running,200.5843,519.77,104.4388,49.322,1.6225,B,relation-reasoning-agent-eval-v3.1
2026-08-24T02:10:00+09:00,CMP-S01-L04-01,S01,S01-L04,1,running,191.3423,505.9575,103.6311,30.7159,-1.6736,B,relation-reasoning-agent-eval-v3.1
2026-08-24T02:10:00+09:00,CMP-S01-L05-01,S01,S01-L05,1,running,198.1365,369.8476,99.6504,47.4411,1.0923,B,relation-reasoning-agent-eval-v3.1
2026-08-24T02:20:00+09:00,CMP-S01-L01-01,S01,S01-L01,1,running,195.3498,407.8486,102.4537,39.732,-0.0184,A,relation-reasoning-agent-eval-v3.1
2026-08-24T02:20:00+09:00,CMP-S01-L02-01,S01,S01-L02,1,running,170.688,480.0548,112.0769,33.6283,-1.0093,B,relation-reasoning-agent-eval-v3.1
2026-08-24T02:20:00+09:00,CMP-S01-L03-01,S01,S01-L03,1,running,162.2894,529.2911,102.3297,50.8086,1.8978,B,relation-reasoning-agent-eval-v3.1
2026-08-24T02:20:00+09:00,CMP-S01-L04-01,S01,S01-L04,1,running,174.5063,468.3121,97.9437,32.9098,-1.2673,B,relation-reasoning-agent-eval-v3.1
2026-08-24T02:20:00+09:00,CMP-S01-L05-01,S01,S01-L05,1,running,206.0265,431.5471,99.3639,49.4653,1.4672,B,relation-reasoning-agent-eval-v3.1
2026-08-24T02:30:00+09:00,CMP-S01-L01-01,S01,S01-L01,1,running,195.7642,446.4969,109.2532,40.6731,0.1559,A,relation-reasoning-agent-eval-v3.1
2026-08-24T02:30:00+09:00,CMP-S01-L02-01,S01,S01-L02,1,running,171.8745,435.459,113.301,31.246,-1.4504,B,relation-reasoning-agent-eval-v3.1
2026-08-24T02:30:00+09:00,CMP-S01-L03-01,S01,S01-L03,1,running,160.961,508.0072,104.6688,55.8178,2.8254,C,relation-reasoning-agent-eval-v3.1
2026-08-24T02:30:00+09:00,CMP-S01-L04-01,S01,S01-L04,1,running,183.2437,418.7794,92.6712,35.7949,-0.733,A,relation-reasoning-agent-eval-v3.1
2026-08-24T02:30:00+09:00,CMP-S01-L05-01,S01,S01-L05,1,running,212.778,466.3479,101.811,51.8954,1.9172,B,relation-reasoning-agent-eval-v3.1
2026-08-24T02:40:00+09:00,CMP-S01-L01-01,S01,S01-L01,1,running,194.2526,420.3059,102.6172,38.1377,-0.3136,A,relation-reasoning-agent-eval-v3.1
2026-08-24T02:40:00+09:00,CMP-S01-L02-01,S01,S01-L02,1,running,159.605,417.9076,118.4505,31.2786,-1.4444,B,relation-reasoning-agent-eval-v3.1
2026-08-24T02:40:00+09:00,CMP-S01-L03-01,S01,S01-L03,1,running,170.0489,486.274,103.9666,56.6028,2.9708,C,relation-reasoning-agent-eval-v3.1
2026-08-24T02:40:00+09:00,CMP-S01-L04-01,S01,S01-L04,1,running,194.3403,392.6903,97.5037,40.9391,0.2196,A,relation-reasoning-agent-eval-v3.1
2026-08-24T02:40:00+09:00,CMP-S01-L05-01,S01,S01-L05,1,running,187.6733,458.7464,101.884,40.5619,-0.1816,A,relation-reasoning-agent-eval-v3.1
2026-08-24T02:50:00+09:00,CMP-S01-L01-01,S01,S01-L01,1,running,182.9961,412.2226,101.0674,38.4732,-0.2515,A,relation-reasoning-agent-eval-v3.1
2026-08-24T02:50:00+09:00,CMP-S01-L02-01,S01,S01-L02,1,running,159.1879,441.1458,113.4469,27.8484,-2.0796,C,relation-reasoning-agent-eval-v3.1
2026-08-24T02:50:00+09:00,CMP-S01-L03-01,S01,S01-L03,1,running,157.9447,500.0316,107.0386,49.6876,1.6902,B,relation-reasoning-agent-eval-v3.1
2026-08-24T02:50:00+09:00,CMP-S01-L04-01,S01,S01-L04,1,running,179.5094,444.786,91.3507,44.4074,0.8619,A,relation-reasoning-agent-eval-v3.1
2026-08-24T02:50:00+09:00,CMP-S01-L05-01,S01,S01-L05,1,running,180.6953,450.1672,104.2688,43.6926,0.3981,A,relation-reasoning-agent-eval-v3.1
2026-08-24T03:00:00+09:00,CMP-S01-L01-01,S01,S01-L01,1,running,181.5252,444.4717,100.9839,42.1133,0.4226,A,relation-reasoning-agent-eval-v3.1
2026-08-24T03:00:00+09:00,CMP-S01-L02-01,S01,S01-L02,1,running,156.3426,470.1136,104.3536,35.7599,-0.6145,A,relation-reasoning-agent-eval-v3.1
2026-08-24T03:00:00+09:00,CMP-S01-L03-01,S01,S01-L03,0,maintenance,168.9518,475.5535,105.527,47.5321,1.291,B,relation-reasoning-agent-eval-v3.1
2026-08-24T03:00:00+09:00,CMP-S01-L04-01,S01,S01-L04,1,running,164.7518,460.4441,92.8083,41.3392,0.2937,A,relation-reasoning-agent-eval-v3.1
2026-08-24T03:00:00+09:00,CMP-S01-L05-01,S01,S01-L05,1,running,174.1704,471.3883,90.8811,42.5148,0.18,A,relation-reasoning-agent-eval-v3.1
2026-08-24T03:10:00+09:00,CMP-S01-L01-01,S01,S01-L01,1,running,200.3019,472.452,92.3978,46.4502,1.2257,B,relation-reasoning-agent-eval-v3.1
2026-08-24T03:10:00+09:00,CMP-S01-L02-01,S01,S01-L02,1,running,159.73,530.3923,92.939,41.0811,0.3709,A,relation-reasoning-agent-eval-v3.1
2026-08-24T03:10:00+09:00,CMP-S01-L03-01,S01,S01-L03,0,maintenance,172.8861,488.2452,104.8349,48.5504,1.4796,B,relation-reasoning-agent-eval-v3.1
2026-08-24T03:10:00+09:00,CMP-S01-L04-01,S01,S01-L04,1,running,162.0396,435.1515,93.9444,40.228,0.088,A,relation-reasoning-agent-eval-v3.1
2026-08-24T03:10:00+09:00,CMP-S01-L05-01,S01,S01-L05,1,running,189.6104,470.1607,94.3792,45.4,0.7143,A,relation-reasoning-agent-eval-v3.1
2026-08-24T03:20:00+09:00,CMP-S01-L01-01,S01,S01-L01,1,running,198.5086,478.178,94.2107,41.6916,0.3445,A,relation-reasoning-agent-eval-v3.1
2026-08-24T03:20:00+09:00,CMP-S01-L02-01,S01,S01-L02,1,running,162.7621,503.719,90.5932,44.6792,1.0372,B,relation-reasoning-agent-eval-v3.1
2026-08-24T03:20:00+09:00,CMP-S01-L03-01,S01,S01-L03,0,maintenance,168.1905,485.0726,108.1693,51.873,2.0949,C,relation-reasoning-agent-eval-v3.1
2026-08-24T03:20:00+09:00,CMP-S01-L04-01,S01,S01-L04,1,running,162.1328,495.2309,96.8419,34.6537,-0.9443,A,relation-reasoning-agent-eval-v3.1
2026-08-24T03:20:00+09:00,CMP-S01-L05-01,S01,S01-L05,1,running,173.324,429.6792,98.5415,49.1032,1.4001,B,relation-reasoning-agent-eval-v3.1
2026-08-24T03:30:00+09:00,CMP-S01-L01-01,S01,S01-L01,1,running,195.2339,509.0698,90.8637,37.0056,-0.5233,A,relation-reasoning-agent-eval-v3.1
2026-08-24T03:30:00+09:00,CMP-S01-L02-01,S01,S01-L02,1,running,175.4931,459.3297,91.0559,43.8701,0.8874,A,relation-reasoning-agent-eval-v3.1
2026-08-24T03:30:00+09:00,CMP-S01-L03-01,S01,S01-L03,0,maintenance,181.2944,476.7661,109.2609,56.9761,3.0399,D,relation-reasoning-agent-eval-v3.1
2026-08-24T03:30:00+09:00,CMP-S01-L04-01,S01,S01-L04,1,running,150.568,438.6825,102.4491,30.9955,-1.6218,B,relation-reasoning-agent-eval-v3.1
2026-08-24T03:30:00+09:00,CMP-S01-L05-01,S01,S01-L05,1,running,189.6287,420.4041,96.3182,49.6399,1.4995,B,relation-reasoning-agent-eval-v3.1
2026-08-24T03:40:00+09:00,CMP-S01-L01-01,S01,S01-L01,1,running,196.0533,469.806,89.3205,41.7059,0.3472,A,relation-reasoning-agent-eval-v3.1
2026-08-24T03:40:00+09:00,CMP-S01-L02-01,S01,S01-L02,1,running,186.093,425.9552,93.0319,33.0501,-1.1163,B,relation-reasoning-agent-eval-v3.1
2026-08-24T03:40:00+09:00,CMP-S01-L03-01,S01,S01-L03,0,maintenance,178.5162,448.4567,102.5292,53.594,2.4136,C,relation-reasoning-agent-eval-v3.1
2026-08-24T03:40:00+09:00,CMP-S01-L04-01,S01,S01-L04,1,running,153.6245,461.7626,99.4376,32.5577,-1.3325,B,relation-reasoning-agent-eval-v3.1
2026-08-24T03:40:00+09:00,CMP-S01-L05-01,S01,S01-L05,1,running,176.6974,417.1188,95.945,46.6098,0.9384,A,relation-reasoning-agent-eval-v3.1
2026-08-24T03:50:00+09:00,CMP-S01-L01-01,S01,S01-L01,1,running,189.7324,444.7638,94.2924,41.7279,0.3512,A,relation-reasoning-agent-eval-v3.1
2026-08-24T03:50:00+09:00,CMP-S01-L02-01,S01,S01-L02,1,running,178.0626,417.8693,99.1497,37.0158,-0.3819,A,relation-reasoning-agent-eval-v3.1
2026-08-24T03:50:00+09:00,CMP-S01-L03-01,S01,S01-L03,0,maintenance,177.8015,396.7189,104.1987,46.1262,1.0307,B,relation-reasoning-agent-eval-v3.1
2026-08-24T03:50:00+09:00,CMP-S01-L04-01,S01,S01-L04,1,running,152.6188,461.6028,102.8397,34.7821,-0.9205,A,relation-reasoning-agent-eval-v3.1
2026-08-24T03:50:00+09:00,CMP-S01-L05-01,S01,S01-L05,1,running,181.6888,426.4474,90.3244,43.4562,0.3544,A,relation-reasoning-agent-eval-v3.1
2026-08-24T04:00:00+09:00,CMP-S01-L01-01,S01,S01-L01,1,running,195.2645,455.0628,95.5925,36.4292,-0.63,A,relation-reasoning-agent-eval-v3.1
2026-08-24T04:00:00+09:00,CMP-S01-L02-01,S01,S01-L02,1,running,169.3102,426.8331,97.2116,39.8585,0.1445,A,relation-reasoning-agent-eval-v3.1
2026-08-24T04:00:00+09:00,CMP-S01-L03-01,S01,S01-L03,0,maintenance,157.4326,422.3156,105.6563,48.1811,1.4112,B,relation-reasoning-agent-eval-v3.1
2026-08-24T04:00:00+09:00,CMP-S01-L04-01,S01,S01-L04,1,running,174.1744,441.4503,104.0216,35.2065,-0.842,A,relation-reasoning-agent-eval-v3.1
2026-08-24T04:00:00+09:00,CMP-S01-L05-01,S01,S01-L05,1,running,166.7764,418.0054,92.6902,48.9732,1.376,B,relation-reasoning-agent-eval-v3.1
2026-08-24T04:10:00+09:00,CMP-S01-L01-01,S01,S01-L01,1,running,192.9359,430.7571,104.7775,43.0859,0.6027,A,relation-reasoning-agent-eval-v3.1
2026-08-24T04:10:00+09:00,CMP-S01-L02-01,S01,S01-L02,1,running,161.7549,445.1351,95.5847,39.1493,0.0132,A,relation-reasoning-agent-eval-v3.1
2026-08-24T04:10:00+09:00,CMP-S01-L03-01,S01,S01-L03,0,maintenance,162.3991,391.275,112.9896,48.8932,1.5431,B,relation-reasoning-agent-eval-v3.1
2026-08-24T04:10:00+09:00,CMP-S01-L04-01,S01,S01-L04,1,running,150.5748,422.317,107.9116,44.0982,0.8047,A,relation-reasoning-agent-eval-v3.1
2026-08-24T04:10:00+09:00,CMP-S01-L05-01,S01,S01-L05,1,running,178.5861,433.1745,96.3924,52.2883,1.9899,B,relation-reasoning-agent-eval-v3.1
2026-08-24T04:20:00+09:00,CMP-S01-L01-01,S01,S01-L01,1,running,181.62,443.3341,101.6536,40.9741,0.2117,A,relation-reasoning-agent-eval-v3.1
2026-08-24T04:20:00+09:00,CMP-S01-L02-01,S01,S01-L02,1,running,176.5211,470.7173,101.7908,44.4331,0.9916,A,relation-reasoning-agent-eval-v3.1
2026-08-24T04:20:00+09:00,CMP-S01-L03-01,S01,S01-L03,0,maintenance,157.2889,376.1688,121.2617,48.8486,1.5348,B,relation-reasoning-agent-eval-v3.1
2026-08-24T04:20:00+09:00,CMP-S01-L04-01,S01,S01-L04,1,running,154.1488,422.6671,103.4516,41.5931,0.3407,A,relation-reasoning-agent-eval-v3.1
2026-08-24T04:20:00+09:00,CMP-S01-L05-01,S01,S01-L05,1,running,164.873,441.7573,102.7714,48.7908,1.3422,B,relation-reasoning-agent-eval-v3.1
2026-08-24T04:30:00+09:00,CMP-S01-L01-01,S01,S01-L01,1,running,163.9865,452.9839,102.7182,43.5525,0.6891,A,relation-reasoning-agent-eval-v3.1
2026-08-24T04:30:00+09:00,CMP-S01-L02-01,S01,S01-L02,1,running,181.7178,437.5748,97.6133,44.8257,1.0643,B,relation-reasoning-agent-eval-v3.1
2026-08-24T04:30:00+09:00,CMP-S01-L03-01,S01,S01-L03,0,maintenance,151.5184,356.376,120.3257,45.6166,0.9363,A,relation-reasoning-agent-eval-v3.1
2026-08-24T04:30:00+09:00,CMP-S01-L04-01,S01,S01-L04,1,running,156.1826,442.0274,106.5822,37.4286,-0.4305,A,relation-reasoning-agent-eval-v3.1
2026-08-24T04:30:00+09:00,CMP-S01-L05-01,S01,S01-L05,1,running,166.6466,379.3819,105.3836,41.7731,0.0427,A,relation-reasoning-agent-eval-v3.1
2026-08-24T04:40:00+09:00,CMP-S01-L01-01,S01,S01-L01,1,running,146.7318,451.6779,103.0011,40.188,0.0661,A,relation-reasoning-agent-eval-v3.1
2026-08-24T04:40:00+09:00,CMP-S01-L02-01,S01,S01-L02,1,running,185.1351,409.7666,99.6545,41.2445,0.4011,A,relation-reasoning-agent-eval-v3.1
2026-08-24T04:40:00+09:00,CMP-S01-L03-01,S01,S01-L03,0,maintenance,150.661,353.236,116.2789,49.9132,1.732,B,relation-reasoning-agent-eval-v3.1
2026-08-24T04:40:00+09:00,CMP-S01-L04-01,S01,S01-L04,1,running,170.8245,449.0217,103.9912,39.6595,-0.0173,A,relation-reasoning-agent-eval-v3.1
2026-08-24T04:40:00+09:00,CMP-S01-L05-01,S01,S01-L05,1,running,175.2186,396.6579,101.985,43.5209,0.3664,A,relation-reasoning-agent-eval-v3.1
2026-08-24T04:50:00+09:00,CMP-S01-L01-01,S01,S01-L01,1,running,160.3243,458.0004,104.9163,38.8496,-0.1818,A,relation-reasoning-agent-eval-v3.1
2026-08-24T04:50:00+09:00,CMP-S01-L02-01,S01,S01-L02,1,running,187.7332,366.7266,102.6345,43.6763,0.8515,A,relation-reasoning-agent-eval-v3.1
2026-08-24T04:50:00+09:00,CMP-S01-L03-01,S01,S01-L03,0,maintenance,149.9618,394.0715,113.992,50.6841,1.8747,B,relation-reasoning-agent-eval-v3.1
2026-08-24T04:50:00+09:00,CMP-S01-L04-01,S01,S01-L04,1,running,175.9048,425.3264,107.8634,38.2268,-0.2826,A,relation-reasoning-agent-eval-v3.1
2026-08-24T04:50:00+09:00,CMP-S01-L05-01,S01,S01-L05,1,running,180.4524,417.7103,99.2246,44.2207,0.4959,A,relation-reasoning-agent-eval-v3.1
2026-08-24T05:00:00+09:00,CMP-S01-L01-01,S01,S01-L01,1,running,154.1584,504.6344,98.1679,32.2541,-1.4032,B,relation-reasoning-agent-eval-v3.1
2026-08-24T05:00:00+09:00,CMP-S01-L02-01,S01,S01-L02,1,running,161.0203,379.2518,99.0582,44.8325,1.0656,B,relation-reasoning-agent-eval-v3.1
2026-08-24T05:00:00+09:00,CMP-S01-L03-01,S01,S01-L03,0,maintenance,160.8149,433.9743,107.8898,53.016,2.3066,C,relation-reasoning-agent-eval-v3.1
2026-08-24T05:00:00+09:00,CMP-S01-L04-01,S01,S01-L04,1,running,161.0894,426.9835,109.7721,33.1328,-1.226,B,relation-reasoning-agent-eval-v3.1
2026-08-24T05:00:00+09:00,CMP-S01-L05-01,S01,S01-L05,1,running,187.8105,407.3266,99.4023,39.7486,-0.3322,A,relation-reasoning-agent-eval-v3.1
2026-08-24T05:10:00+09:00,CMP-S01-L01-01,S01,S01-L01,1,running,132.0935,534.4708,98.0492,29.8102,-1.8557,B,relation-reasoning-agent-eval-v3.1
2026-08-24T05:10:00+09:00,CMP-S01-L02-01,S01,S01-L02,1,running,175.0981,413.2519,102.42,42.6178,0.6555,A,relation-reasoning-agent-eval-v3.1
2026-08-24T05:10:00+09:00,CMP-S01-L03-01,S01,S01-L03,0,maintenance,160.688,415.4121,108.4389,55.9398,2.848,C,relation-reasoning-agent-eval-v3.1
2026-08-24T05:10:00+09:00,CMP-S01-L04-01,S01,S01-L04,1,running,162.9604,395.0095,107.2619,43.2017,0.6386,A,relation-reasoning-agent-eval-v3.1
2026-08-24T05:10:00+09:00,CMP-S01-L05-01,S01,S01-L05,1,running,171.4758,380.7257,97.3547,42.3824,0.1555,A,relation-reasoning-agent-eval-v3.1
2026-08-24T05:20:00+09:00,CMP-S01-L01-01,S01,S01-L01,1,running,145.2357,512.0163,97.6255,33.6014,-1.1537,B,relation-reasoning-agent-eval-v3.1
2026-08-24T05:20:00+09:00,CMP-S01-L02-01,S01,S01-L02,1,running,165.2289,407.488,104.8294,37.6936,-0.2564,A,relation-reasoning-agent-eval-v3.1
2026-08-24T05:20:00+09:00,CMP-S01-L03-01,S01,S01-L03,0,maintenance,177.574,423.5549,106.1248,51.0983,1.9515,B,relation-reasoning-agent-eval-v3.1
2026-08-24T05:20:00+09:00,CMP-S01-L04-01,S01,S01-L04,1,running,152.7671,442.0491,101.965,38.7939,-0.1776,A,relation-reasoning-agent-eval-v3.1
2026-08-24T05:20:00+09:00,CMP-S01-L05-01,S01,S01-L05,1,running,155.0124,361.0439,88.2967,45.0085,0.6418,A,relation-reasoning-agent-eval-v3.1
2026-08-24T05:30:00+09:00,CMP-S01-L01-01,S01,S01-L01,1,running,153.1068,517.7754,97.3386,33.6759,-1.1399,B,relation-reasoning-agent-eval-v3.1
2026-08-24T05:30:00+09:00,CMP-S01-L02-01,S01,S01-L02,1,running,168.6124,384.6788,101.9657,34.9713,-0.7606,A,relation-reasoning-agent-eval-v3.1
2026-08-24T05:30:00+09:00,CMP-S01-L03-01,S01,S01-L03,0,maintenance,171.6526,428.4161,107.1347,47.0659,1.2047,B,relation-reasoning-agent-eval-v3.1
2026-08-24T05:30:00+09:00,CMP-S01-L04-01,S01,S01-L04,1,running,171.3351,395.8399,100.5621,30.9711,-1.6263,B,relation-reasoning-agent-eval-v3.1
2026-08-24T05:30:00+09:00,CMP-S01-L05-01,S01,S01-L05,1,running,155.8766,363.5676,87.0533,38.5734,-0.5499,A,relation-reasoning-agent-eval-v3.1
2026-08-24T05:40:00+09:00,CMP-S01-L01-01,S01,S01-L01,1,running,137.7978,489.2109,94.4576,33.7796,-1.1207,B,relation-reasoning-agent-eval-v3.1
2026-08-24T05:40:00+09:00,CMP-S01-L02-01,S01,S01-L02,1,running,167.1842,454.639,104.8335,29.9373,-1.6928,B,relation-reasoning-agent-eval-v3.1
2026-08-24T05:40:00+09:00,CMP-S01-L03-01,S01,S01-L03,0,maintenance,182.7515,427.7559,110.3675,44.3797,0.7073,A,relation-reasoning-agent-eval-v3.1
2026-08-24T05:40:00+09:00,CMP-S01-L04-01,S01,S01-L04,1,running,163.2368,415.6949,103.131,35.0978,-0.8621,A,relation-reasoning-agent-eval-v3.1
2026-08-24T05:40:00+09:00,CMP-S01-L05-01,S01,S01-L05,1,running,175.3429,390.1825,86.6501,46.3195,0.8846,A,relation-reasoning-agent-eval-v3.1
2026-08-24T05:50:00+09:00,CMP-S01-L01-01,S01,S01-L01,1,running,143.8106,442.5092,92.642,37.4907,-0.4334,A,relation-reasoning-agent-eval-v3.1
2026-08-24T05:50:00+09:00,CMP-S01-L02-01,S01,S01-L02,1,running,158.1697,509.5274,105.3758,32.65,-1.1904,B,relation-reasoning-agent-eval-v3.1
2026-08-24T05:50:00+09:00,CMP-S01-L03-01,S01,S01-L03,0,maintenance,168.8163,416.4858,108.4836,46.799,1.1553,B,relation-reasoning-agent-eval-v3.1
2026-08-24T05:50:00+09:00,CMP-S01-L04-01,S01,S01-L04,1,running,173.6454,416.0369,105.6291,29.8502,-1.8339,B,relation-reasoning-agent-eval-v3.1
2026-08-24T05:50:00+09:00,CMP-S01-L05-01,S01,S01-L05,1,running,176.4226,418.7358,87.0811,40.3165,-0.2271,A,relation-reasoning-agent-eval-v3.1
2026-08-24T06:00:00+09:00,CMP-S01-L01-01,S01,S01-L01,1,running,160.2967,394.137,92.9788,41.0357,0.223,A,relation-reasoning-agent-eval-v3.1
2026-08-24T06:00:00+09:00,CMP-S01-L02-01,S01,S01-L02,1,running,147.6484,508.2453,107.1788,33.0144,-1.1229,B,relation-reasoning-agent-eval-v3.1
2026-08-24T06:00:00+09:00,CMP-S01-L03-01,S01,S01-L03,0,maintenance,155.2405,374.6488,103.3833,47.0917,1.2095,B,relation-reasoning-agent-eval-v3.1
2026-08-24T06:00:00+09:00,CMP-S01-L04-01,S01,S01-L04,1,running,168.2996,415.6646,104.2315,29.3209,-1.9319,B,relation-reasoning-agent-eval-v3.1
2026-08-24T06:00:00+09:00,CMP-S01-L05-01,S01,S01-L05,1,running,186.5562,403.6371,87.3297,37.1632,-0.811,A,relation-reasoning-agent-eval-v3.1
2026-08-24T06:10:00+09:00,CMP-S01-L01-01,S01,S01-L01,1,running,148.1015,410.0313,95.449,43.8469,0.7436,A,relation-reasoning-agent-eval-v3.1
2026-08-24T06:10:00+09:00,CMP-S01-L02-01,S01,S01-L02,1,running,167.588,493.9858,110.2603,25.4955,-2.5153,C,relation-reasoning-agent-eval-v3.1
2026-08-24T06:10:00+09:00,CMP-S01-L03-01,S01,S01-L03,0,maintenance,158.3213,417.7269,101.9594,41.4292,0.1609,A,relation-reasoning-agent-eval-v3.1
2026-08-24T06:10:00+09:00,CMP-S01-L04-01,S01,S01-L04,1,running,177.304,369.6368,96.5994,29.1154,-1.9699,B,relation-reasoning-agent-eval-v3.1
2026-08-24T06:10:00+09:00,CMP-S01-L05-01,S01,S01-L05,1,running,181.2697,427.0942,98.1227,47.0817,1.0258,B,relation-reasoning-agent-eval-v3.1
2026-08-24T06:20:00+09:00,CMP-S01-L01-01,S01,S01-L01,1,running,159.9579,400.0233,97.964,44.7087,0.9032,A,relation-reasoning-agent-eval-v3.1
2026-08-24T06:20:00+09:00,CMP-S01-L02-01,S01,S01-L02,1,running,171.1575,463.7589,115.5855,27.0961,-2.2189,C,relation-reasoning-agent-eval-v3.1
2026-08-24T06:20:00+09:00,CMP-S01-L03-01,S01,S01-L03,0,maintenance,145.9523,431.7967,99.4609,43.6895,0.5795,A,relation-reasoning-agent-eval-v3.1
2026-08-24T06:20:00+09:00,CMP-S01-L04-01,S01,S01-L04,1,running,161.667,383.148,94.3743,36.6255,-0.5792,A,relation-reasoning-agent-eval-v3.1
2026-08-24T06:20:00+09:00,CMP-S01-L05-01,S01,S01-L05,1,running,170.3,401.8921,98.2555,48.6835,1.3224,B,relation-reasoning-agent-eval-v3.1
2026-08-24T06:30:00+09:00,CMP-S01-L01-01,S01,S01-L01,1,running,159.0649,364.466,103.9003,43.7111,0.7185,A,relation-reasoning-agent-eval-v3.1
2026-08-24T06:30:00+09:00,CMP-S01-L02-01,S01,S01-L02,1,running,177.0185,455.2234,111.4474,26.5938,-2.3119,C,relation-reasoning-agent-eval-v3.1
2026-08-24T06:30:00+09:00,CMP-S01-L03-01,S01,S01-L03,0,maintenance,162.1035,418.0999,97.1244,39.4304,-0.2093,A,relation-reasoning-agent-eval-v3.1
2026-08-24T06:30:00+09:00,CMP-S01-L04-01,S01,S01-L04,1,running,152.3606,361.8036,92.9691,41.2411,0.2756,A,relation-reasoning-agent-eval-v3.1
2026-08-24T06:30:00+09:00,CMP-S01-L05-01,S01,S01-L05,1,running,186.1293,452.3845,107.3846,48.059,1.2067,B,relation-reasoning-agent-eval-v3.1
2026-08-24T06:40:00+09:00,CMP-S01-L01-01,S01,S01-L01,1,running,159.4065,299.5839,105.8155,46.3138,1.2005,B,relation-reasoning-agent-eval-v3.1
2026-08-24T06:40:00+09:00,CMP-S01-L02-01,S01,S01-L02,1,running,185.9411,503.6684,104.9801,29.4304,-1.7867,B,relation-reasoning-agent-eval-v3.1
2026-08-24T06:40:00+09:00,CMP-S01-L03-01,S01,S01-L03,0,maintenance,167.7564,459.3989,102.992,37.2155,-0.6194,A,relation-reasoning-agent-eval-v3.1
2026-08-24T06:40:00+09:00,CMP-S01-L04-01,S01,S01-L04,1,running,161.3293,394.4061,99.0367,48.9821,1.7091,B,relation-reasoning-agent-eval-v3.1
2026-08-24T06:40:00+09:00,CMP-S01-L05-01,S01,S01-L05,1,running,165.6626,434.8192,100.7911,47.3349,1.0726,B,relation-reasoning-agent-eval-v3.1
2026-08-24T06:50:00+09:00,CMP-S01-L01-01,S01,S01-L01,1,running,178.0984,316.6858,109.292,41.0626,0.228,A,relation-reasoning-agent-eval-v3.1
2026-08-24T06:50:00+09:00,CMP-S01-L02-01,S01,S01-L02,1,running,180.6086,485.4218,111.0473,27.7036,-2.1064,C,relation-reasoning-agent-eval-v3.1
2026-08-24T06:50:00+09:00,CMP-S01-L03-01,S01,S01-L03,0,maintenance,164.5841,464.5878,105.0385,41.9302,0.2537,A,relation-reasoning-agent-eval-v3.1
2026-08-24T06:50:00+09:00,CMP-S01-L04-01,S01,S01-L04,1,running,175.3925,431.785,97.4331,50.2245,1.9392,B,relation-reasoning-agent-eval-v3.1
2026-08-24T06:50:00+09:00,CMP-S01-L05-01,S01,S01-L05,1,running,181.1527,423.7618,101.1172,44.9125,0.6241,A,relation-reasoning-agent-eval-v3.1
2026-08-24T07:00:00+09:00,CMP-S01-L01-01,S01,S01-L01,1,running,149.0122,372.0775,104.8828,36.0884,-0.6931,A,relation-reasoning-agent-eval-v3.1
2026-08-24T07:00:00+09:00,CMP-S01-L02-01,S01,S01-L02,1,running,207.0741,510.9737,115.358,28.4587,-1.9666,B,relation-reasoning-agent-eval-v3.1
2026-08-24T07:00:00+09:00,CMP-S01-L03-01,S01,S01-L03,0,maintenance,161.009,474.4661,100.7675,43.3418,0.5151,A,relation-reasoning-agent-eval-v3.1
2026-08-24T07:00:00+09:00,CMP-S01-L04-01,S01,S01-L04,1,running,168.3841,451.7765,99.0813,47.3944,1.4151,B,relation-reasoning-agent-eval-v3.1
2026-08-24T07:00:00+09:00,CMP-S01-L05-01,S01,S01-L05,1,running,183.3274,449.8048,100.0747,47.2952,1.0653,B,relation-reasoning-agent-eval-v3.1
2026-08-24T07:10:00+09:00,CMP-S01-L01-01,S01,S01-L01,1,running,172.0607,398.6746,96.2346,31.8778,-1.4729,B,relation-reasoning-agent-eval-v3.1
2026-08-24T07:10:00+09:00,CMP-S01-L02-01,S01,S01-L02,1,running,198.0838,523.4481,117.1466,33.0556,-1.1153,B,relation-reasoning-agent-eval-v3.1
2026-08-24T07:10:00+09:00,CMP-S01-L03-01,S01,S01-L03,0,maintenance,157.7151,549.2763,97.5877,41.6974,0.2105,A,relation-reasoning-agent-eval-v3.1
2026-08-24T07:10:00+09:00,CMP-S01-L04-01,S01,S01-L04,1,running,178.8069,427.891,96.0018,44.783,0.9315,A,relation-reasoning-agent-eval-v3.1
2026-08-24T07:10:00+09:00,CMP-S01-L05-01,S01,S01-L05,1,running,196.3398,480.7678,102.2889,48.1497,1.2235,B,relation-reasoning-agent-eval-v3.1
2026-08-24T07:20:00+09:00,CMP-S01-L01-01,S01,S01-L01,1,running,173.2054,435.4775,99.5246,37.8225,-0.372,A,relation-reasoning-agent-eval-v3.1
2026-08-24T07:20:00+09:00,CMP-S01-L02-01,S01,S01-L02,1,running,181.7712,536.4741,112.6495,33.7102,-0.9941,A,relation-reasoning-agent-eval-v3.1
2026-08-24T07:20:00+09:00,CMP-S01-L03-01,S01,S01-L03,0,maintenance,175.6699,526.5978,96.5225,37.1647,-0.6288,A,relation-reasoning-agent-eval-v3.1
2026-08-24T07:20:00+09:00,CMP-S01-L04-01,S01,S01-L04,1,running,181.5311,439.8568,104.273,41.5,0.3235,A,relation-reasoning-agent-eval-v3.1
2026-08-24T07:20:00+09:00,CMP-S01-L05-01,S01,S01-L05,1,running,200.1045,435.3355,96.5453,47.2002,1.0477,B,relation-reasoning-agent-eval-v3.1
2026-08-24T07:30:00+09:00,CMP-S01-L01-01,S01,S01-L01,1,running,160.092,422.5073,100.1332,35.7438,-0.7569,A,relation-reasoning-agent-eval-v3.1
2026-08-24T07:30:00+09:00,CMP-S01-L02-01,S01,S01-L02,1,running,187.2227,498.265,109.4864,37.3682,-0.3167,A,relation-reasoning-agent-eval-v3.1
2026-08-24T07:30:00+09:00,CMP-S01-L03-01,S01,S01-L03,0,maintenance,161.5613,496.5337,100.0561,38.7152,-0.3417,A,relation-reasoning-agent-eval-v3.1
2026-08-24T07:30:00+09:00,CMP-S01-L04-01,S01,S01-L04,1,running,191.2136,468.4751,108.4062,42.4133,0.4926,A,relation-reasoning-agent-eval-v3.1
2026-08-24T07:30:00+09:00,CMP-S01-L05-01,S01,S01-L05,1,running,185.4236,417.1164,93.2174,44.2728,0.5056,A,relation-reasoning-agent-eval-v3.1
2026-08-24T07:40:00+09:00,CMP-S01-L01-01,S01,S01-L01,1,running,159.6191,437.7633,99.3734,38.0698,-0.3262,A,relation-reasoning-agent-eval-v3.1
2026-08-24T07:40:00+09:00,CMP-S01-L02-01,S01,S01-L02,1,running,183.3945,458.1854,112.8276,41.2851,0.4087,A,relation-reasoning-agent-eval-v3.1
2026-08-24T07:40:00+09:00,CMP-S01-L03-01,S01,S01-L03,0,maintenance,177.4919,491.3369,93.9811,43.0116,0.4539,A,relation-reasoning-agent-eval-v3.1
2026-08-24T07:40:00+09:00,CMP-S01-L04-01,S01,S01-L04,1,running,176.6705,503.1276,104.3352,41.0182,0.2343,A,relation-reasoning-agent-eval-v3.1
2026-08-24T07:40:00+09:00,CMP-S01-L05-01,S01,S01-L05,1,running,186.5993,373.0477,97.8044,43.3543,0.3355,A,relation-reasoning-agent-eval-v3.1
2026-08-24T07:50:00+09:00,CMP-S01-L01-01,S01,S01-L01,1,running,154.1029,453.5358,94.9039,37.373,-0.4552,A,relation-reasoning-agent-eval-v3.1
2026-08-24T07:50:00+09:00,CMP-S01-L02-01,S01,S01-L02,1,running,164.5605,411.0989,113.7871,37.7455,-0.2468,A,relation-reasoning-agent-eval-v3.1
2026-08-24T07:50:00+09:00,CMP-S01-L03-01,S01,S01-L03,0,maintenance,173.0246,483.4027,95.2044,42.2773,0.3179,A,relation-reasoning-agent-eval-v3.1
2026-08-24T07:50:00+09:00,CMP-S01-L04-01,S01,S01-L04,1,running,166.1925,426.2315,110.5073,44.2741,0.8372,A,relation-reasoning-agent-eval-v3.1
2026-08-24T07:50:00+09:00,CMP-S01-L05-01,S01,S01-L05,1,running,179.996,364.4703,100.0669,44.0617,0.4665,A,relation-reasoning-agent-eval-v3.1
2026-08-24T08:00:00+09:00,CMP-S01-L01-01,S01,S01-L01,1,running,156.1158,523.6419,91.858,30.9148,-1.6512,B,relation-reasoning-agent-eval-v3.1
2026-08-24T08:00:00+09:00,CMP-S01-L02-01,S01,S01-L02,1,running,178.2735,399.7041,108.662,30.8911,-1.5161,B,relation-reasoning-agent-eval-v3.1
2026-08-24T08:00:00+09:00,CMP-S01-L03-01,S01,S01-L03,0,maintenance,162.4955,453.5659,92.7693,37.4441,-0.5771,A,relation-reasoning-agent-eval-v3.1
2026-08-24T08:00:00+09:00,CMP-S01-L04-01,S01,S01-L04,1,running,177.0605,491.2731,107.6369,45.343,1.0352,B,relation-reasoning-agent-eval-v3.1
2026-08-24T08:00:00+09:00,CMP-S01-L05-01,S01,S01-L05,1,running,175.7605,389.6402,102.953,36.722,-0.8927,A,relation-reasoning-agent-eval-v3.1
2026-08-24T08:10:00+09:00,CMP-S01-L01-01,S01,S01-L01,1,running,162.0276,502.9168,102.0549,27.7774,-2.2322,C,relation-reasoning-agent-eval-v3.1
2026-08-24T08:10:00+09:00,CMP-S01-L02-01,S01,S01-L02,1,running,169.9222,445.3146,112.3646,40.9073,0.3387,A,relation-reasoning-agent-eval-v3.1
2026-08-24T08:10:00+09:00,CMP-S01-L03-01,S01,S01-L03,0,maintenance,183.1149,434.6395,99.4077,38.0507,-0.4648,A,relation-reasoning-agent-eval-v3.1
2026-08-24T08:10:00+09:00,CMP-S01-L04-01,S01,S01-L04,1,running,187.7608,485.6263,106.0629,46.563,1.2611,B,relation-reasoning-agent-eval-v3.1
2026-08-24T08:10:00+09:00,CMP-S01-L05-01,S01,S01-L05,1,running,166.8403,350.1496,107.8046,37.8693,-0.6802,A,relation-reasoning-agent-eval-v3.1
2026-08-24T08:20:00+09:00,CMP-S01-L01-01,S01,S01-L01,1,running,155.2676,453.2097,92.4833,27.7843,-2.2309,C,relation-reasoning-agent-eval-v3.1
2026-08-24T08:20:00+09:00,CMP-S01-L02-01,S01,S01-L02,1,running,167.7411,471.2697,109.0129,42.7961,0.6885,A,relation-reasoning-agent-eval-v3.1
2026-08-24T08:20:00+09:00,CMP-S01-L03-01,S01,S01-L03,0,maintenance,177.9809,461.9442,102.2712,39.8969,-0.1229,A,relation-reasoning-agent-eval-v3.1
2026-08-24T08:20:00+09:00,CMP-S01-L04-01,S01,S01-L04,1,running,188.8173,533.6338,108.309,49.7554,1.8523,B,relation-reasoning-agent-eval-v3.1
2026-08-24T08:20:00+09:00,CMP-S01-L05-01,S01,S01-L05,1,running,173.8341,432.4961,109.1408,45.5396,0.7402,A,relation-reasoning-agent-eval-v3.1
2026-08-24T08:30:00+09:00,CMP-S01-L01-01,S01,S01-L01,1,running,166.8686,471.6113,93.0106,27.8801,-2.2132,C,relation-reasoning-agent-eval-v3.1
2026-08-24T08:30:00+09:00,CMP-S01-L02-01,S01,S01-L02,1,running,170.9627,479.3989,109.1351,34.2971,-0.8854,A,relation-reasoning-agent-eval-v3.1
2026-08-24T08:30:00+09:00,CMP-S01-L03-01,S01,S01-L03,0,maintenance,156.4245,389.289,99.5402,39.6841,-0.1623,A,relation-reasoning-agent-eval-v3.1
2026-08-24T08:30:00+09:00,CMP-S01-L04-01,S01,S01-L04,1,running,173.6947,488.6391,102.8974,46.4808,1.2459,B,relation-reasoning-agent-eval-v3.1
2026-08-24T08:30:00+09:00,CMP-S01-L05-01,S01,S01-L05,1,running,165.3565,449.7573,100.2005,42.0197,0.0883,A,relation-reasoning-agent-eval-v3.1
2026-08-24T08:40:00+09:00,CMP-S01-L01-01,S01,S01-L01,1,running,157.542,456.3449,98.7589,24.0498,-2.9225,C,relation-reasoning-agent-eval-v3.1
2026-08-24T08:40:00+09:00,CMP-S01-L02-01,S01,S01-L02,1,running,179.7278,397.5449,110.379,46.8886,1.4464,B,relation-reasoning-agent-eval-v3.1
2026-08-24T08:40:00+09:00,CMP-S01-L03-01,S01,S01-L03,0,maintenance,154.7737,375.755,97.7836,42.5363,0.3659,A,relation-reasoning-agent-eval-v3.1
2026-08-24T08:40:00+09:00,CMP-S01-L04-01,S01,S01-L04,1,running,191.2694,505.3654,93.8083,44.5356,0.8856,A,relation-reasoning-agent-eval-v3.1
2026-08-24T08:40:00+09:00,CMP-S01-L05-01,S01,S01-L05,1,running,167.6772,380.5541,103.2436,44.5282,0.5529,A,relation-reasoning-agent-eval-v3.1
2026-08-24T08:50:00+09:00,CMP-S01-L01-01,S01,S01-L01,1,running,166.6059,450.8251,95.8716,26.3812,-2.4907,C,relation-reasoning-agent-eval-v3.1
2026-08-24T08:50:00+09:00,CMP-S01-L02-01,S01,S01-L02,1,running,168.9323,406.4591,103.5426,42.5389,0.6409,A,relation-reasoning-agent-eval-v3.1
2026-08-24T08:50:00+09:00,CMP-S01-L03-01,S01,S01-L03,0,maintenance,168.6229,391.7121,104.3938,40.7919,0.0429,A,relation-reasoning-agent-eval-v3.1
2026-08-24T08:50:00+09:00,CMP-S01-L04-01,S01,S01-L04,1,running,199.2635,487.3922,91.8502,45.0985,0.9899,A,relation-reasoning-agent-eval-v3.1
2026-08-24T08:50:00+09:00,CMP-S01-L05-01,S01,S01-L05,1,running,164.4021,343.4983,108.5548,43.4629,0.3556,A,relation-reasoning-agent-eval-v3.1
2026-08-24T09:00:00+09:00,CMP-S01-L01-01,S01,S01-L01,1,running,167.0633,475.3452,100.7326,26.605,-2.4493,C,relation-reasoning-agent-eval-v3.1
2026-08-24T09:00:00+09:00,CMP-S01-L02-01,S01,S01-L02,1,running,155.4116,410.6359,103.2657,46.9447,1.4567,B,relation-reasoning-agent-eval-v3.1
2026-08-24T09:00:00+09:00,CMP-S01-L03-01,S01,S01-L03,0,maintenance,165.0029,379.7251,109.3118,40.7587,0.0367,A,relation-reasoning-agent-eval-v3.1
2026-08-24T09:00:00+09:00,CMP-S01-L04-01,S01,S01-L04,1,running,187.4107,433.3916,97.5536,40.9188,0.2159,A,relation-reasoning-agent-eval-v3.1
2026-08-24T09:00:00+09:00,CMP-S01-L05-01,S01,S01-L05,1,running,161.9305,367.8011,108.2203,46.6789,0.9512,A,relation-reasoning-agent-eval-v3.1
2026-08-24T09:10:00+09:00,CMP-S01-L01-01,S01,S01-L01,1,running,171.7123,465.4664,93.0827,41.9593,0.3941,A,relation-reasoning-agent-eval-v3.1
2026-08-24T09:10:00+09:00,CMP-S01-L02-01,S01,S01-L02,1,running,174.3953,383.2583,114.1662,47.0322,1.4729,B,relation-reasoning-agent-eval-v3.1
2026-08-24T09:10:00+09:00,CMP-S01-L03-01,S01,S01-L03,0,maintenance,167.8331,373.1146,105.7198,37.8556,-0.5009,A,relation-reasoning-agent-eval-v3.1
2026-08-24T09:10:00+09:00,CMP-S01-L04-01,S01,S01-L04,1,running,190.9077,441.8571,105.281,33.0115,-1.2484,B,relation-reasoning-agent-eval-v3.1
2026-08-24T09:10:00+09:00,CMP-S01-L05-01,S01,S01-L05,1,running,156.4432,365.7188,105.0841,41.6467,0.0193,A,relation-reasoning-agent-eval-v3.1
2026-08-24T09:20:00+09:00,CMP-S01-L01-01,S01,S01-L01,1,running,179.9161,472.8916,98.9907,46.2305,1.185,B,relation-reasoning-agent-eval-v3.1
2026-08-24T09:20:00+09:00,CMP-S01-L02-01,S01,S01-L02,1,running,171.4613,391.0413,102.3698,42.9068,0.709,A,relation-reasoning-agent-eval-v3.1
2026-08-24T09:20:00+09:00,CMP-S01-L03-01,S01,S01-L03,0,maintenance,152.2466,384.3701,106.0971,40.4977,-0.0116,A,relation-reasoning-agent-eval-v3.1
2026-08-24T09:20:00+09:00,CMP-S01-L04-01,S01,S01-L04,1,running,183.0898,452.8801,105.9721,34.398,-0.9917,A,relation-reasoning-agent-eval-v3.1
2026-08-24T09:20:00+09:00,CMP-S01-L05-01,S01,S01-L05,1,running,170.7522,395.7341,105.401,45.9995,0.8253,A,relation-reasoning-agent-eval-v3.1
2026-08-24T09:30:00+09:00,CMP-S01-L01-01,S01,S01-L01,1,running,190.6895,445.0841,105.5599,41.5753,0.323,A,relation-reasoning-agent-eval-v3.1
2026-08-24T09:30:00+09:00,CMP-S01-L02-01,S01,S01-L02,1,running,177.4404,378.1542,107.903,36.7634,-0.4287,A,relation-reasoning-agent-eval-v3.1
2026-08-24T09:30:00+09:00,CMP-S01-L03-01,S01,S01-L03,0,maintenance,154.8493,341.1256,106.4571,41.9303,0.2537,A,relation-reasoning-agent-eval-v3.1
2026-08-24T09:30:00+09:00,CMP-S01-L04-01,S01,S01-L04,1,running,176.6037,456.6132,111.9107,31.7196,-1.4877,B,relation-reasoning-agent-eval-v3.1
2026-08-24T09:30:00+09:00,CMP-S01-L05-01,S01,S01-L05,1,running,183.5631,366.6951,99.8266,42.0958,0.1024,A,relation-reasoning-agent-eval-v3.1
2026-08-24T09:40:00+09:00,CMP-S01-L01-01,S01,S01-L01,1,running,214.6077,455.8674,105.6037,45.6668,1.0807,B,relation-reasoning-agent-eval-v3.1
2026-08-24T09:40:00+09:00,CMP-S01-L02-01,S01,S01-L02,1,running,166.1109,352.858,104.0376,47.3368,1.5294,B,relation-reasoning-agent-eval-v3.1
2026-08-24T09:40:00+09:00,CMP-S01-L03-01,S01,S01-L03,0,maintenance,172.5662,420.4993,96.0663,46.7563,1.1474,B,relation-reasoning-agent-eval-v3.1
2026-08-24T09:40:00+09:00,CMP-S01-L04-01,S01,S01-L04,1,running,174.9729,443.4835,112.5059,35.7149,-0.7478,A,relation-reasoning-agent-eval-v3.1
2026-08-24T09:40:00+09:00,CMP-S01-L05-01,S01,S01-L05,1,running,173.3858,392.7274,97.9256,41.9937,0.0835,A,relation-reasoning-agent-eval-v3.1
2026-08-24T09:50:00+09:00,CMP-S01-L01-01,S01,S01-L01,1,running,191.6818,453.5839,109.3074,49.7008,1.8277,B,relation-reasoning-agent-eval-v3.1
2026-08-24T09:50:00+09:00,CMP-S01-L02-01,S01,S01-L02,1,running,168.8616,420.9613,106.916,45.9589,1.2742,B,relation-reasoning-agent-eval-v3.1
2026-08-24T09:50:00+09:00,CMP-S01-L03-01,S01,S01-L03,0,maintenance,163.7639,466.4339,103.7077,38.9861,-0.2916,A,relation-reasoning-agent-eval-v3.1
2026-08-24T09:50:00+09:00,CMP-S01-L04-01,S01,S01-L04,1,running,183.4818,420.4851,110.4761,31.3143,-1.5627,B,relation-reasoning-agent-eval-v3.1
2026-08-24T09:50:00+09:00,CMP-S01-L05-01,S01,S01-L05,1,running,176.5379,436.9738,99.9767,42.6047,0.1967,A,relation-reasoning-agent-eval-v3.1
2026-08-24T10:00:00+09:00,CMP-S01-L01-01,S01,S01-L01,1,running,185.8484,420.2562,108.3029,51.9123,2.2372,C,relation-reasoning-agent-eval-v3.1
2026-08-24T10:00:00+09:00,CMP-S01-L02-01,S01,S01-L02,1,running,189.1349,369.7631,109.4643,46.0646,1.2938,B,relation-reasoning-agent-eval-v3.1
2026-08-24T10:00:00+09:00,CMP-S01-L03-01,S01,S01-L03,0,maintenance,163.6385,449.0998,99.0474,39.4551,-0.2047,A,relation-reasoning-agent-eval-v3.1
2026-08-24T10:00:00+09:00,CMP-S01-L04-01,S01,S01-L04,1,running,173.0117,408.1661,107.7831,34.3845,-0.9942,A,relation-reasoning-agent-eval-v3.1
2026-08-24T10:00:00+09:00,CMP-S01-L05-01,S01,S01-L05,1,running,183.9442,431.246,99.2492,43.7941,0.4169,A,relation-reasoning-agent-eval-v3.1
2026-08-24T10:10:00+09:00,CMP-S01-L01-01,S01,S01-L01,1,running,173.7103,467.1668,106.5972,54.5578,2.7271,C,relation-reasoning-agent-eval-v3.1
2026-08-24T10:10:00+09:00,CMP-S01-L02-01,S01,S01-L02,1,running,195.3026,367.0585,110.9493,40.4096,0.2465,A,relation-reasoning-agent-eval-v3.1
2026-08-24T10:10:00+09:00,CMP-S01-L03-01,S01,S01-L03,0,maintenance,167.9662,473.339,100.2072,39.5123,-0.1941,A,relation-reasoning-agent-eval-v3.1
2026-08-24T10:10:00+09:00,CMP-S01-L04-01,S01,S01-L04,1,running,186.7069,443.7438,100.3533,35.6628,-0.7574,A,relation-reasoning-agent-eval-v3.1
2026-08-24T10:10:00+09:00,CMP-S01-L05-01,S01,S01-L05,1,running,173.2029,480.5469,105.6323,39.9358,-0.2976,A,relation-reasoning-agent-eval-v3.1
2026-08-24T10:20:00+09:00,CMP-S01-L01-01,S01,S01-L01,1,running,169.6231,419.4721,102.6344,48.3444,1.5765,B,relation-reasoning-agent-eval-v3.1
2026-08-24T10:20:00+09:00,CMP-S01-L02-01,S01,S01-L02,1,running,190.2869,390.5437,102.4239,42.3139,0.5992,A,relation-reasoning-agent-eval-v3.1
2026-08-24T10:20:00+09:00,CMP-S01-L03-01,S01,S01-L03,0,maintenance,157.4524,514.9171,104.0642,39.751,-0.1499,A,relation-reasoning-agent-eval-v3.1
2026-08-24T10:20:00+09:00,CMP-S01-L04-01,S01,S01-L04,1,running,186.0525,448.3098,102.8134,34.8339,-0.911,A,relation-reasoning-agent-eval-v3.1
2026-08-24T10:20:00+09:00,CMP-S01-L05-01,S01,S01-L05,1,running,168.296,498.5511,97.338,37.6014,-0.7299,A,relation-reasoning-agent-eval-v3.1
2026-08-24T10:30:00+09:00,CMP-S01-L01-01,S01,S01-L01,1,running,171.2667,408.0407,106.5764,42.4635,0.4875,A,relation-reasoning-agent-eval-v3.1
2026-08-24T10:30:00+09:00,CMP-S01-L02-01,S01,S01-L02,1,running,185.9114,410.4012,108.8293,34.0121,-0.9382,A,relation-reasoning-agent-eval-v3.1
2026-08-24T10:30:00+09:00,CMP-S01-L03-01,S01,S01-L03,0,maintenance,169.7665,489.2397,106.7876,36.3908,-0.7722,A,relation-reasoning-agent-eval-v3.1
2026-08-24T10:30:00+09:00,CMP-S01-L04-01,S01,S01-L04,1,running,196.4954,465.7447,98.8701,25.6731,-2.6074,C,relation-reasoning-agent-eval-v3.1
2026-08-24T10:30:00+09:00,CMP-S01-L05-01,S01,S01-L05,1,running,165.6202,509.6347,98.3021,38.6806,-0.53,A,relation-reasoning-agent-eval-v3.1
2026-08-24T10:40:00+09:00,CMP-S01-L01-01,S01,S01-L01,1,running,175.7605,435.8095,110.132,40.8542,0.1894,A,relation-reasoning-agent-eval-v3.1
2026-08-24T10:40:00+09:00,CMP-S01-L02-01,S01,S01-L02,1,running,197.7236,406.0453,103.1589,39.3612,0.0524,A,relation-reasoning-agent-eval-v3.1
2026-08-24T10:40:00+09:00,CMP-S01-L03-01,S01,S01-L03,0,maintenance,168.3473,456.1587,111.9909,38.2308,-0.4314,A,relation-reasoning-agent-eval-v3.1
2026-08-24T10:40:00+09:00,CMP-S01-L04-01,S01,S01-L04,1,running,175.3337,466.8327,102.267,29.2178,-1.951,B,relation-reasoning-agent-eval-v3.1
2026-08-24T10:40:00+09:00,CMP-S01-L05-01,S01,S01-L05,1,running,169.1747,490.6118,96.7341,39.9886,-0.2878,A,relation-reasoning-agent-eval-v3.1
2026-08-24T10:50:00+09:00,CMP-S01-L01-01,S01,S01-L01,1,running,181.1345,427.6195,103.0095,41.1168,0.2381,A,relation-reasoning-agent-eval-v3.1
2026-08-24T10:50:00+09:00,CMP-S01-L02-01,S01,S01-L02,1,running,201.9315,408.1054,104.1903,41.0889,0.3723,A,relation-reasoning-agent-eval-v3.1
2026-08-24T10:50:00+09:00,CMP-S01-L03-01,S01,S01-L03,0,maintenance,166.9935,450.8001,110.6829,31.123,-1.7477,B,relation-reasoning-agent-eval-v3.1
2026-08-24T10:50:00+09:00,CMP-S01-L04-01,S01,S01-L04,1,running,187.3019,456.0947,104.981,32.8753,-1.2737,B,relation-reasoning-agent-eval-v3.1
2026-08-24T10:50:00+09:00,CMP-S01-L05-01,S01,S01-L05,1,running,173.9924,441.3277,103.9509,44.4642,0.541,A,relation-reasoning-agent-eval-v3.1
2026-08-24T11:00:00+09:00,CMP-S01-L01-01,S01,S01-L01,1,running,191.5611,464.5815,100.7697,34.1698,-1.0484,B,relation-reasoning-agent-eval-v3.1
2026-08-24T11:00:00+09:00,CMP-S01-L02-01,S01,S01-L02,1,running,190.2474,412.0736,101.5296,38.7166,-0.067,A,relation-reasoning-agent-eval-v3.1
2026-08-24T11:00:00+09:00,CMP-S01-L03-01,S01,S01-L03,0,maintenance,171.1694,431.7448,104.1568,31.1941,-1.7345,B,relation-reasoning-agent-eval-v3.1
2026-08-24T11:00:00+09:00,CMP-S01-L04-01,S01,S01-L04,1,running,191.762,443.5133,102.4513,32.8373,-1.2807,B,relation-reasoning-agent-eval-v3.1
2026-08-24T11:00:00+09:00,CMP-S01-L05-01,S01,S01-L05,1,running,180.0233,445.9502,96.7057,41.8407,0.0552,A,relation-reasoning-agent-eval-v3.1
2026-08-24T11:10:00+09:00,CMP-S01-L01-01,S01,S01-L01,1,running,180.3677,430.4916,106.4455,36.1727,-0.6775,A,relation-reasoning-agent-eval-v3.1
2026-08-24T11:10:00+09:00,CMP-S01-L02-01,S01,S01-L02,1,running,170.1003,404.14,96.1328,25.8416,-2.4512,C,relation-reasoning-agent-eval-v3.1
2026-08-24T11:10:00+09:00,CMP-S01-L03-01,S01,S01-L03,0,maintenance,157.4606,431.1734,109.6378,29.9161,-1.9712,B,relation-reasoning-agent-eval-v3.1
2026-08-24T11:10:00+09:00,CMP-S01-L04-01,S01,S01-L04,1,running,188.3353,438.204,101.509,36.6573,-0.5733,A,relation-reasoning-agent-eval-v3.1
2026-08-24T11:10:00+09:00,CMP-S01-L05-01,S01,S01-L05,1,running,188.5989,442.1973,101.755,45.2069,0.6786,A,relation-reasoning-agent-eval-v3.1
2026-08-24T11:20:00+09:00,CMP-S01-L01-01,S01,S01-L01,1,running,196.2783,408.0072,115.3452,39.3491,-0.0893,A,relation-reasoning-agent-eval-v3.1
2026-08-24T11:20:00+09:00,CMP-S01-L02-01,S01,S01-L02,1,running,158.1668,421.6527,94.5966,35.4005,-0.6811,A,relation-reasoning-agent-eval-v3.1
2026-08-24T11:20:00+09:00,CMP-S01-L03-01,S01,S01-L03,0,maintenance,168.6501,359.6772,103.3777,34.1535,-1.1865,B,relation-reasoning-agent-eval-v3.1
2026-08-24T11:20:00+09:00,CMP-S01-L04-01,S01,S01-L04,1,running,196.6309,441.847,102.9628,46.2358,1.2005,B,relation-reasoning-agent-eval-v3.1
2026-08-24T11:20:00+09:00,CMP-S01-L05-01,S01,S01-L05,1,running,177.7341,405.784,99.41,42.3497,0.1495,A,relation-reasoning-agent-eval-v3.1
2026-08-24T11:30:00+09:00,CMP-S01-L01-01,S01,S01-L01,1,running,165.9168,470.6343,111.0221,39.5141,-0.0587,A,relation-reasoning-agent-eval-v3.1
2026-08-24T11:30:00+09:00,CMP-S01-L02-01,S01,S01-L02,1,running,160.6148,428.628,104.4128,40.2573,0.2183,A,relation-reasoning-agent-eval-v3.1
2026-08-24T11:30:00+09:00,CMP-S01-L03-01,S01,S01-L03,0,maintenance,183.6851,410.68,99.9736,34.9836,-1.0328,B,relation-reasoning-agent-eval-v3.1
2026-08-24T11:30:00+09:00,CMP-S01-L04-01,S01,S01-L04,1,running,191.5012,387.707,101.3358,34.7678,-0.9232,A,relation-reasoning-agent-eval-v3.1
2026-08-24T11:30:00+09:00,CMP-S01-L05-01,S01,S01-L05,1,running,173.1431,410.4306,104.7632,43.3551,0.3356,A,relation-reasoning-agent-eval-v3.1
2026-08-24T11:40:00+09:00,CMP-S01-L01-01,S01,S01-L01,1,running,163.6454,463.9983,105.5553,39.3477,-0.0895,A,relation-reasoning-agent-eval-v3.1
2026-08-24T11:40:00+09:00,CMP-S01-L02-01,S01,S01-L02,1,running,171.5711,457.8302,110.9349,38.7468,-0.0614,A,relation-reasoning-agent-eval-v3.1
2026-08-24T11:40:00+09:00,CMP-S01-L03-01,S01,S01-L03,0,maintenance,187.9718,408.6028,95.4662,32.6984,-1.4559,B,relation-reasoning-agent-eval-v3.1
2026-08-24T11:40:00+09:00,CMP-S01-L04-01,S01,S01-L04,1,running,191.4917,476.6676,101.3386,37.0698,-0.4969,A,relation-reasoning-agent-eval-v3.1
2026-08-24T11:40:00+09:00,CMP-S01-L05-01,S01,S01-L05,1,running,181.1854,416.9644,97.6555,39.0277,-0.4657,A,relation-reasoning-agent-eval-v3.1
2026-08-24T11:50:00+09:00,CMP-S01-L01-01,S01,S01-L01,1,running,182.5011,423.2641,105.2527,34.6922,-0.9517,A,relation-reasoning-agent-eval-v3.1
2026-08-24T11:50:00+09:00,CMP-S01-L02-01,S01,S01-L02,1,running,186.1327,435.0489,109.5499,41.9174,0.5258,A,relation-reasoning-agent-eval-v3.1
2026-08-24T11:50:00+09:00,CMP-S01-L03-01,S01,S01-L03,0,maintenance,184.4701,411.4857,92.5139,26.1752,-2.6639,C,relation-reasoning-agent-eval-v3.1
2026-08-24T11:50:00+09:00,CMP-S01-L04-01,S01,S01-L04,1,running,177.8071,493.5555,97.6939,37.9143,-0.3405,A,relation-reasoning-agent-eval-v3.1
2026-08-24T11:50:00+09:00,CMP-S01-L05-01,S01,S01-L05,1,running,183.7634,388.7899,86.9225,43.6618,0.3924,A,relation-reasoning-agent-eval-v3.1
2026-08-24T12:00:00+09:00,CMP-S01-L01-01,S01,S01-L01,1,running,175.0437,430.082,103.5107,37.5103,-0.4298,A,relation-reasoning-agent-eval-v3.1
2026-08-24T12:00:00+09:00,CMP-S01-L02-01,S01,S01-L02,1,running,185.845,391.9168,122.4184,41.6311,0.4727,A,relation-reasoning-agent-eval-v3.1
2026-08-24T12:00:00+09:00,CMP-S01-L03-01,S01,S01-L03,0,maintenance,201.7542,381.9616,95.5082,28.416,-2.249,C,relation-reasoning-agent-eval-v3.1
2026-08-24T12:00:00+09:00,CMP-S01-L04-01,S01,S01-L04,1,running,194.5495,493.4397,100.3717,36.2853,-0.6422,A,relation-reasoning-agent-eval-v3.1
2026-08-24T12:00:00+09:00,CMP-S01-L05-01,S01,S01-L05,1,running,159.5772,447.5146,81.5877,40.8123,-0.1353,A,relation-reasoning-agent-eval-v3.1
2026-08-24T12:10:00+09:00,CMP-S01-L01-01,S01,S01-L01,1,running,176.9466,415.093,98.0526,39.6786,-0.0283,A,relation-reasoning-agent-eval-v3.1
2026-08-24T12:10:00+09:00,CMP-S01-L02-01,S01,S01-L02,1,running,186.9464,429.3603,112.9174,39.0433,-0.0065,A,relation-reasoning-agent-eval-v3.1
2026-08-24T12:10:00+09:00,CMP-S01-L03-01,S01,S01-L03,0,maintenance,189.0153,371.0274,96.4266,26.3347,-2.6344,C,relation-reasoning-agent-eval-v3.1
2026-08-24T12:10:00+09:00,CMP-S01-L04-01,S01,S01-L04,1,running,204.4929,502.9778,93.4427,37.7456,-0.3717,A,relation-reasoning-agent-eval-v3.1
2026-08-24T12:10:00+09:00,CMP-S01-L05-01,S01,S01-L05,1,running,164.1353,425.8718,82.1405,44.9767,0.6359,A,relation-reasoning-agent-eval-v3.1
2026-08-24T12:20:00+09:00,CMP-S01-L01-01,S01,S01-L01,1,running,175.7259,386.6971,101.7551,36.3141,-0.6513,A,relation-reasoning-agent-eval-v3.1
2026-08-24T12:20:00+09:00,CMP-S01-L02-01,S01,S01-L02,1,running,194.0505,433.3912,112.0995,38.8249,-0.0469,A,relation-reasoning-agent-eval-v3.1
2026-08-24T12:20:00+09:00,CMP-S01-L03-01,S01,S01-L03,0,maintenance,182.9969,388.3524,99.1663,25.0792,-2.8669,C,relation-reasoning-agent-eval-v3.1
2026-08-24T12:20:00+09:00,CMP-S01-L04-01,S01,S01-L04,1,running,194.1476,535.6744,89.3044,39.9848,0.0429,A,relation-reasoning-agent-eval-v3.1
2026-08-24T12:20:00+09:00,CMP-S01-L05-01,S01,S01-L05,1,running,145.6223,428.9539,86.8279,42.7329,0.2204,A,relation-reasoning-agent-eval-v3.1
2026-08-24T12:30:00+09:00,CMP-S01-L01-01,S01,S01-L01,1,running,177.5375,396.5577,98.29,40.9108,0.1999,A,relation-reasoning-agent-eval-v3.1
2026-08-24T12:30:00+09:00,CMP-S01-L02-01,S01,S01-L02,1,running,199.1965,468.7081,111.9108,39.83,0.1392,A,relation-reasoning-agent-eval-v3.1
2026-08-24T12:30:00+09:00,CMP-S01-L03-01,S01,S01-L03,0,maintenance,172.4317,384.6862,98.036,36.6628,-0.7218,A,relation-reasoning-agent-eval-v3.1
2026-08-24T12:30:00+09:00,CMP-S01-L04-01,S01,S01-L04,1,running,192.9481,557.6612,84.2837,40.4264,0.1247,A,relation-reasoning-agent-eval-v3.1
2026-08-24T12:30:00+09:00,CMP-S01-L05-01,S01,S01-L05,1,running,146.7579,426.0123,91.8875,42.3284,0.1455,A,relation-reasoning-agent-eval-v3.1
2026-08-24T12:40:00+09:00,CMP-S01-L01-01,S01,S01-L01,1,running,180.2305,419.4849,102.4113,37.1996,-0.4873,A,relation-reasoning-agent-eval-v3.1
2026-08-24T12:40:00+09:00,CMP-S01-L02-01,S01,S01-L02,1,running,195.3684,438.9698,100.486,36.3344,-0.5081,A,relation-reasoning-agent-eval-v3.1
2026-08-24T12:40:00+09:00,CMP-S01-L03-01,S01,S01-L03,0,maintenance,167.6297,348.2525,101.9295,29.314,-2.0827,C,relation-reasoning-agent-eval-v3.1
2026-08-24T12:40:00+09:00,CMP-S01-L04-01,S01,S01-L04,1,running,169.8042,536.9127,88.8696,37.7549,-0.37,A,relation-reasoning-agent-eval-v3.1
2026-08-24T12:40:00+09:00,CMP-S01-L05-01,S01,S01-L05,1,running,172.4868,396.9026,90.8757,37.1891,-0.8062,A,relation-reasoning-agent-eval-v3.1
2026-08-24T12:50:00+09:00,CMP-S01-L01-01,S01,S01-L01,1,running,182.9381,422.985,104.441,37.7713,-0.3815,A,relation-reasoning-agent-eval-v3.1
2026-08-24T12:50:00+09:00,CMP-S01-L02-01,S01,S01-L02,1,running,194.7982,448.6375,101.6251,32.959,-1.1332,B,relation-reasoning-agent-eval-v3.1
2026-08-24T12:50:00+09:00,CMP-S01-L03-01,S01,S01-L03,0,maintenance,155.1607,380.8545,102.2405,33.2199,-1.3594,B,relation-reasoning-agent-eval-v3.1
2026-08-24T12:50:00+09:00,CMP-S01-L04-01,S01,S01-L04,1,running,176.2206,458.658,98.0685,37.1922,-0.4742,A,relation-reasoning-agent-eval-v3.1
2026-08-24T12:50:00+09:00,CMP-S01-L05-01,S01,S01-L05,1,running,160.1131,369.7686,99.5865,39.797,-0.3233,A,relation-reasoning-agent-eval-v3.1
2026-08-24T13:00:00+09:00,CMP-S01-L01-01,S01,S01-L01,1,running,177.4447,409.4086,99.9024,38.4996,-0.2466,A,relation-reasoning-agent-eval-v3.1
2026-08-24T13:00:00+09:00,CMP-S01-L02-01,S01,S01-L02,1,running,174.2677,446.9292,99.2887,31.0999,-1.4775,B,relation-reasoning-agent-eval-v3.1
2026-08-24T13:00:00+09:00,CMP-S01-L03-01,S01,S01-L03,1,running,170.4537,390.6824,99.835,38.0413,-0.4665,A,relation-reasoning-agent-eval-v3.1
2026-08-24T13:00:00+09:00,CMP-S01-L04-01,S01,S01-L04,1,running,173.9571,451.1124,95.6674,42.8029,0.5648,A,relation-reasoning-agent-eval-v3.1
2026-08-24T13:00:00+09:00,CMP-S01-L05-01,S01,S01-L05,1,running,170.3905,352.1343,98.2358,39.0241,-0.4664,A,relation-reasoning-agent-eval-v3.1
2026-08-24T13:10:00+09:00,CMP-S01-L01-01,S01,S01-L01,1,running,175.6369,438.0282,102.5245,35.3721,-0.8258,A,relation-reasoning-agent-eval-v3.1
2026-08-24T13:10:00+09:00,CMP-S01-L02-01,S01,S01-L02,1,running,173.4417,444.382,100.7191,30.0953,-1.6635,B,relation-reasoning-agent-eval-v3.1
2026-08-24T13:10:00+09:00,CMP-S01-L03-01,S01,S01-L03,1,running,195.4658,421.4292,97.1538,35.6933,-0.9013,A,relation-reasoning-agent-eval-v3.1
2026-08-24T13:10:00+09:00,CMP-S01-L04-01,S01,S01-L04,1,running,182.259,443.6089,97.4991,42.3937,0.489,A,relation-reasoning-agent-eval-v3.1
2026-08-24T13:10:00+09:00,CMP-S01-L05-01,S01,S01-L05,1,running,181.0623,352.2321,97.4702,35.9767,-1.0307,B,relation-reasoning-agent-eval-v3.1
2026-08-24T13:20:00+09:00,CMP-S01-L01-01,S01,S01-L01,1,running,162.8848,450.1812,95.7813,42.4764,0.4899,A,relation-reasoning-agent-eval-v3.1
2026-08-24T13:20:00+09:00,CMP-S01-L02-01,S01,S01-L02,1,running,166.3398,451.8844,96.9189,33.7344,-0.9896,A,relation-reasoning-agent-eval-v3.1
2026-08-24T13:20:00+09:00,CMP-S01-L03-01,S01,S01-L03,1,running,193.691,414.355,100.9327,35.635,-0.9121,A,relation-reasoning-agent-eval-v3.1
2026-08-24T13:20:00+09:00,CMP-S01-L04-01,S01,S01-L04,1,running,182.9291,386.2452,92.2549,40.3292,0.1067,A,relation-reasoning-agent-eval-v3.1
2026-08-24T13:20:00+09:00,CMP-S01-L05-01,S01,S01-L05,1,running,167.1894,396.6977,100.9267,36.693,-0.8981,A,relation-reasoning-agent-eval-v3.1
2026-08-24T13:30:00+09:00,CMP-S01-L01-01,S01,S01-L01,1,running,168.4083,435.9127,100.5029,45.8927,1.1225,B,relation-reasoning-agent-eval-v3.1
2026-08-24T13:30:00+09:00,CMP-S01-L02-01,S01,S01-L02,1,running,154.7918,490.1549,101.6473,27.8512,-2.0791,C,relation-reasoning-agent-eval-v3.1
2026-08-24T13:30:00+09:00,CMP-S01-L03-01,S01,S01-L03,1,running,187.176,403.6365,105.5753,36.8132,-0.6939,A,relation-reasoning-agent-eval-v3.1
2026-08-24T13:30:00+09:00,CMP-S01-L04-01,S01,S01-L04,1,running,174.3966,373.5985,93.9185,41.4012,0.3052,A,relation-reasoning-agent-eval-v3.1
2026-08-24T13:30:00+09:00,CMP-S01-L05-01,S01,S01-L05,1,running,178.1797,394.7538,96.6037,33.8052,-1.4329,B,relation-reasoning-agent-eval-v3.1
2026-08-24T13:40:00+09:00,CMP-S01-L01-01,S01,S01-L01,1,running,174.4391,451.3599,102.2676,46.3314,1.2037,B,relation-reasoning-agent-eval-v3.1
2026-08-24T13:40:00+09:00,CMP-S01-L02-01,S01,S01-L02,1,running,171.7821,432.0966,106.4386,32.703,-1.1806,B,relation-reasoning-agent-eval-v3.1
2026-08-24T13:40:00+09:00,CMP-S01-L03-01,S01,S01-L03,1,running,177.8669,450.4923,102.1491,32.2462,-1.5397,B,relation-reasoning-agent-eval-v3.1
2026-08-24T13:40:00+09:00,CMP-S01-L04-01,S01,S01-L04,1,running,181.4213,388.0217,93.2046,41.4981,0.3232,A,relation-reasoning-agent-eval-v3.1
2026-08-24T13:40:00+09:00,CMP-S01-L05-01,S01,S01-L05,1,running,170.7232,422.6907,96.5233,31.1198,-1.9302,B,relation-reasoning-agent-eval-v3.1
2026-08-24T13:50:00+09:00,CMP-S01-L01-01,S01,S01-L01,1,running,173.9295,441.0313,102.9182,42.1761,0.4342,A,relation-reasoning-agent-eval-v3.1
2026-08-24T13:50:00+09:00,CMP-S01-L02-01,S01,S01-L02,1,running,178.7148,450.5817,110.5258,31.0517,-1.4864,B,relation-reasoning-agent-eval-v3.1
2026-08-24T13:50:00+09:00,CMP-S01-L03-01,S01,S01-L03,1,running,183.5549,442.3462,106.2725,34.9791,-1.0336,B,relation-reasoning-agent-eval-v3.1
2026-08-24T13:50:00+09:00,CMP-S01-L04-01,S01,S01-L04,1,running,186.6684,411.9332,94.1691,45.7764,1.1154,B,relation-reasoning-agent-eval-v3.1
2026-08-24T13:50:00+09:00,CMP-S01-L05-01,S01,S01-L05,1,running,179.8164,424.414,100.9183,35.0933,-1.1943,B,relation-reasoning-agent-eval-v3.1
2026-08-24T14:00:00+09:00,CMP-S01-L01-01,S01,S01-L01,1,running,179.4804,447.5451,104.8744,40.8455,0.1878,A,relation-reasoning-agent-eval-v3.1
2026-08-24T14:00:00+09:00,CMP-S01-L02-01,S01,S01-L02,1,running,160.6338,400.1113,108.0434,29.2167,-1.8262,B,relation-reasoning-agent-eval-v3.1
2026-08-24T14:00:00+09:00,CMP-S01-L03-01,S01,S01-L03,1,running,178.7929,469.6006,109.2117,37.0784,-0.6448,A,relation-reasoning-agent-eval-v3.1
2026-08-24T14:00:00+09:00,CMP-S01-L04-01,S01,S01-L04,1,running,180.6594,373.9259,95.1134,39.9088,0.0288,A,relation-reasoning-agent-eval-v3.1
2026-08-24T14:00:00+09:00,CMP-S01-L05-01,S01,S01-L05,1,running,166.9934,428.0949,99.5215,37.0691,-0.8284,A,relation-reasoning-agent-eval-v3.1
2026-08-24T14:10:00+09:00,CMP-S01-L01-01,S01,S01-L01,1,running,182.8447,439.1442,108.8375,42.9603,0.5795,A,relation-reasoning-agent-eval-v3.1
2026-08-24T14:10:00+09:00,CMP-S01-L02-01,S01,S01-L02,1,running,167.2328,385.4177,107.7215,24.6141,-2.6786,C,relation-reasoning-agent-eval-v3.1
2026-08-24T14:10:00+09:00,CMP-S01-L03-01,S01,S01-L03,1,running,166.307,458.0806,110.1988,36.754,-0.7049,A,relation-reasoning-agent-eval-v3.1
2026-08-24T14:10:00+09:00,CMP-S01-L04-01,S01,S01-L04,1,running,177.3989,354.6456,103.7261,40.7684,0.188,A,relation-reasoning-agent-eval-v3.1
2026-08-24T14:10:00+09:00,CMP-S01-L05-01,S01,S01-L05,1,running,161.2595,423.3169,99.9998,34.6116,-1.2835,B,relation-reasoning-agent-eval-v3.1
2026-08-24T14:20:00+09:00,CMP-S01-L01-01,S01,S01-L01,1,running,190.1734,439.5773,101.5129,41.8725,0.378,A,relation-reasoning-agent-eval-v3.1
2026-08-24T14:20:00+09:00,CMP-S01-L02-01,S01,S01-L02,1,running,175.3844,398.3157,115.138,30.5473,-1.5798,B,relation-reasoning-agent-eval-v3.1
2026-08-24T14:20:00+09:00,CMP-S01-L03-01,S01,S01-L03,1,running,170.7892,430.2869,120.1716,44.6866,0.7641,A,relation-reasoning-agent-eval-v3.1
2026-08-24T14:20:00+09:00,CMP-S01-L04-01,S01,S01-L04,1,running,164.9803,402.1071,108.1493,39.3334,-0.0777,A,relation-reasoning-agent-eval-v3.1
2026-08-24T14:20:00+09:00,CMP-S01-L05-01,S01,S01-L05,1,running,189.1391,457.1709,100.316,34.975,-1.2162,B,relation-reasoning-agent-eval-v3.1
2026-08-24T14:30:00+09:00,CMP-S01-L01-01,S01,S01-L01,1,running,198.9796,444.2158,104.3439,38.594,-0.2291,A,relation-reasoning-agent-eval-v3.1
2026-08-24T14:30:00+09:00,CMP-S01-L02-01,S01,S01-L02,1,running,166.9848,389.9813,109.4601,35.6807,-0.6292,A,relation-reasoning-agent-eval-v3.1
2026-08-24T14:30:00+09:00,CMP-S01-L03-01,S01,S01-L03,1,running,179.5719,441.8041,120.2731,42.1034,0.2857,A,relation-reasoning-agent-eval-v3.1
2026-08-24T14:30:00+09:00,CMP-S01-L04-01,S01,S01-L04,1,running,135.3609,377.3634,105.8914,34.8577,-0.9066,A,relation-reasoning-agent-eval-v3.1
2026-08-24T14:30:00+09:00,CMP-S01-L05-01,S01,S01-L05,1,running,180.4376,423.1501,96.2001,46.7383,0.9622,A,relation-reasoning-agent-eval-v3.1
2026-08-24T14:40:00+09:00,CMP-S01-L01-01,S01,S01-L01,1,running,169.4091,426.363,100.3054,42.0253,0.4063,A,relation-reasoning-agent-eval-v3.1
2026-08-24T14:40:00+09:00,CMP-S01-L02-01,S01,S01-L02,1,running,174.4309,400.3627,116.8519,37.6808,-0.2588,A,relation-reasoning-agent-eval-v3.1
2026-08-24T14:40:00+09:00,CMP-S01-L03-01,S01,S01-L03,1,running,189.7597,441.3799,113.1487,46.2393,1.0516,B,relation-reasoning-agent-eval-v3.1
2026-08-24T14:40:00+09:00,CMP-S01-L04-01,S01,S01-L04,1,running,144.3786,387.2213,105.142,37.3102,-0.4524,A,relation-reasoning-agent-eval-v3.1
2026-08-24T14:40:00+09:00,CMP-S01-L05-01,S01,S01-L05,1,running,174.2681,432.4074,101.0971,46.43,0.9051,A,relation-reasoning-agent-eval-v3.1
2026-08-24T14:50:00+09:00,CMP-S01-L01-01,S01,S01-L01,1,running,181.6847,433.4318,106.4314,41.6184,0.331,A,relation-reasoning-agent-eval-v3.1
2026-08-24T14:50:00+09:00,CMP-S01-L02-01,S01,S01-L02,1,running,170.2464,393.1599,115.5519,35.387,-0.6836,A,relation-reasoning-agent-eval-v3.1
2026-08-24T14:50:00+09:00,CMP-S01-L03-01,S01,S01-L03,1,running,177.1443,478.4733,111.4838,40.0909,-0.087,A,relation-reasoning-agent-eval-v3.1
2026-08-24T14:50:00+09:00,CMP-S01-L04-01,S01,S01-L04,1,running,156.2809,401.5151,97.7491,41.0036,0.2316,A,relation-reasoning-agent-eval-v3.1
2026-08-24T14:50:00+09:00,CMP-S01-L05-01,S01,S01-L05,1,running,181.6181,377.8792,106.527,50.3883,1.6381,B,relation-reasoning-agent-eval-v3.1
2026-08-24T15:00:00+09:00,CMP-S01-L01-01,S01,S01-L01,1,running,170.8288,416.4002,113.7225,36.2801,-0.6576,A,relation-reasoning-agent-eval-v3.1
2026-08-24T15:00:00+09:00,CMP-S01-L02-01,S01,S01-L02,1,running,178.2572,447.6753,109.2826,39.5882,0.0944,A,relation-reasoning-agent-eval-v3.1
2026-08-24T15:00:00+09:00,CMP-S01-L03-01,S01,S01-L03,1,running,161.8096,452.033,110.0539,30.4057,-1.8805,B,relation-reasoning-agent-eval-v3.1
2026-08-24T15:00:00+09:00,CMP-S01-L04-01,S01,S01-L04,1,running,152.3552,407.3491,88.0663,40.4686,0.1325,A,relation-reasoning-agent-eval-v3.1
2026-08-24T15:00:00+09:00,CMP-S01-L05-01,S01,S01-L05,1,running,189.6764,416.6169,95.3073,50.9704,1.7459,B,relation-reasoning-agent-eval-v3.1
2026-08-24T15:10:00+09:00,CMP-S01-L01-01,S01,S01-L01,1,running,159.402,438.668,106.6677,43.6945,0.7154,A,relation-reasoning-agent-eval-v3.1
2026-08-24T15:10:00+09:00,CMP-S01-L02-01,S01,S01-L02,1,running,168.3411,434.4308,113.8792,39.6645,0.1086,A,relation-reasoning-agent-eval-v3.1
2026-08-24T15:10:00+09:00,CMP-S01-L03-01,S01,S01-L03,1,running,164.4424,437.6302,109.3963,34.6554,-1.0935,B,relation-reasoning-agent-eval-v3.1
2026-08-24T15:10:00+09:00,CMP-S01-L04-01,S01,S01-L04,1,running,159.9212,423.1739,97.5398,44.294,0.8409,A,relation-reasoning-agent-eval-v3.1
2026-08-24T15:10:00+09:00,CMP-S01-L05-01,S01,S01-L05,1,running,183.0212,455.503,94.4383,45.2848,0.693,A,relation-reasoning-agent-eval-v3.1
2026-08-24T15:20:00+09:00,CMP-S01-L01-01,S01,S01-L01,1,running,179.7298,478.922,109.0309,39.7744,-0.0105,A,relation-reasoning-agent-eval-v3.1
2026-08-24T15:20:00+09:00,CMP-S01-L02-01,S01,S01-L02,1,running,167.6702,420.7998,108.3159,45.4621,1.1822,B,relation-reasoning-agent-eval-v3.1
2026-08-24T15:20:00+09:00,CMP-S01-L03-01,S01,S01-L03,1,running,172.0863,408.9782,103.4921,35.7941,-0.8827,A,relation-reasoning-agent-eval-v3.1
2026-08-24T15:20:00+09:00,CMP-S01-L04-01,S01,S01-L04,1,running,179.3248,428.1625,98.4288,49.0957,1.7301,B,relation-reasoning-agent-eval-v3.1
2026-08-24T15:20:00+09:00,CMP-S01-L05-01,S01,S01-L05,1,running,200.0488,446.0567,101.5452,46.2744,0.8763,A,relation-reasoning-agent-eval-v3.1
2026-08-24T15:30:00+09:00,CMP-S01-L01-01,S01,S01-L01,1,running,193.9569,502.2119,114.5117,33.9714,-1.0851,B,relation-reasoning-agent-eval-v3.1
2026-08-24T15:30:00+09:00,CMP-S01-L02-01,S01,S01-L02,1,running,165.7458,426.6564,101.0268,39.2356,0.0291,A,relation-reasoning-agent-eval-v3.1
2026-08-24T15:30:00+09:00,CMP-S01-L03-01,S01,S01-L03,1,running,155.636,395.2357,96.1291,38.8005,-0.3259,A,relation-reasoning-agent-eval-v3.1
2026-08-24T15:30:00+09:00,CMP-S01-L04-01,S01,S01-L04,1,running,166.5657,390.1215,97.6748,44.0993,0.8048,A,relation-reasoning-agent-eval-v3.1
2026-08-24T15:30:00+09:00,CMP-S01-L05-01,S01,S01-L05,1,running,192.0439,428.2783,88.4179,43.8354,0.4246,A,relation-reasoning-agent-eval-v3.1
2026-08-24T15:40:00+09:00,CMP-S01-L01-01,S01,S01-L01,1,running,187.5092,486.4186,116.8989,32.2303,-1.4076,B,relation-reasoning-agent-eval-v3.1
2026-08-24T15:40:00+09:00,CMP-S01-L02-01,S01,S01-L02,1,running,174.8426,456.8487,98.5158,33.4879,-1.0353,B,relation-reasoning-agent-eval-v3.1
2026-08-24T15:40:00+09:00,CMP-S01-L03-01,S01,S01-L03,1,running,166.1036,384.3335,96.7274,40.3389,-0.041,A,relation-reasoning-agent-eval-v3.1
2026-08-24T15:40:00+09:00,CMP-S01-L04-01,S01,S01-L04,1,running,168.4369,407.1211,100.2243,42.1583,0.4454,A,relation-reasoning-agent-eval-v3.1
2026-08-24T15:40:00+09:00,CMP-S01-L05-01,S01,S01-L05,1,running,172.8508,425.1981,88.0192,50.513,1.6612,B,relation-reasoning-agent-eval-v3.1
2026-08-24T15:50:00+09:00,CMP-S01-L01-01,S01,S01-L01,1,running,194.0262,524.9313,121.6356,39.2351,-0.1104,A,relation-reasoning-agent-eval-v3.1
2026-08-24T15:50:00+09:00,CMP-S01-L02-01,S01,S01-L02,1,running,158.8154,461.7515,102.7198,37.7398,-0.2479,A,relation-reasoning-agent-eval-v3.1
2026-08-24T15:50:00+09:00,CMP-S01-L03-01,S01,S01-L03,1,running,166.8115,372.4859,101.7802,37.7366,-0.5229,A,relation-reasoning-agent-eval-v3.1
2026-08-24T15:50:00+09:00,CMP-S01-L04-01,S01,S01-L04,1,running,150.4072,425.99,103.4362,45.7119,1.1035,B,relation-reasoning-agent-eval-v3.1
2026-08-24T15:50:00+09:00,CMP-S01-L05-01,S01,S01-L05,1,running,160.8161,411.2092,88.1878,45.2193,0.6809,A,relation-reasoning-agent-eval-v3.1
2026-08-24T16:00:00+09:00,CMP-S01-L01-01,S01,S01-L01,1,running,191.9772,515.369,108.8766,37.2682,-0.4746,A,relation-reasoning-agent-eval-v3.1
2026-08-24T16:00:00+09:00,CMP-S01-L02-01,S01,S01-L02,1,running,162.9096,487.2068,109.8055,38.7808,-0.0551,A,relation-reasoning-agent-eval-v3.1
2026-08-24T16:00:00+09:00,CMP-S01-L03-01,S01,S01-L03,1,running,165.0914,387.4683,101.5771,35.4892,-0.9391,A,relation-reasoning-agent-eval-v3.1
2026-08-24T16:00:00+09:00,CMP-S01-L04-01,S01,S01-L04,1,running,161.6412,432.4907,101.1436,45.617,1.0859,B,relation-reasoning-agent-eval-v3.1
2026-08-24T16:00:00+09:00,CMP-S01-L05-01,S01,S01-L05,1,running,158.7117,395.6143,88.816,42.5636,0.1891,A,relation-reasoning-agent-eval-v3.1
2026-08-24T16:10:00+09:00,CMP-S01-L01-01,S01,S01-L01,1,running,189.5586,511.2302,106.5113,32.8802,-1.2872,B,relation-reasoning-agent-eval-v3.1
2026-08-24T16:10:00+09:00,CMP-S01-L02-01,S01,S01-L02,1,running,181.4062,458.9301,115.423,41.2339,0.3992,A,relation-reasoning-agent-eval-v3.1
2026-08-24T16:10:00+09:00,CMP-S01-L03-01,S01,S01-L03,1,running,160.8727,421.7448,101.431,31.2118,-1.7312,B,relation-reasoning-agent-eval-v3.1
2026-08-24T16:10:00+09:00,CMP-S01-L04-01,S01,S01-L04,1,running,155.6236,447.0229,99.5401,41.6228,0.3462,A,relation-reasoning-agent-eval-v3.1
2026-08-24T16:10:00+09:00,CMP-S01-L05-01,S01,S01-L05,1,running,172.0921,422.0673,85.3895,49.2382,1.4251,B,relation-reasoning-agent-eval-v3.1
2026-08-24T16:20:00+09:00,CMP-S01-L01-01,S01,S01-L01,1,running,178.8234,497.1264,103.1295,32.8915,-1.2851,B,relation-reasoning-agent-eval-v3.1
2026-08-24T16:20:00+09:00,CMP-S01-L02-01,S01,S01-L02,1,running,190.843,478.2386,114.4788,44.9808,1.0931,B,relation-reasoning-agent-eval-v3.1
2026-08-24T16:20:00+09:00,CMP-S01-L03-01,S01,S01-L03,1,running,168.842,445.7971,99.4425,27.4421,-2.4293,C,relation-reasoning-agent-eval-v3.1
2026-08-24T16:20:00+09:00,CMP-S01-L04-01,S01,S01-L04,1,running,172.5416,454.3307,97.9051,39.7996,0.0086,A,relation-reasoning-agent-eval-v3.1
2026-08-24T16:20:00+09:00,CMP-S01-L05-01,S01,S01-L05,1,running,174.5486,386.4514,85.7662,44.9635,0.6335,A,relation-reasoning-agent-eval-v3.1
2026-08-24T16:30:00+09:00,CMP-S01-L01-01,S01,S01-L01,1,running,188.5696,468.5678,101.8543,40.7304,0.1665,A,relation-reasoning-agent-eval-v3.1
2026-08-24T16:30:00+09:00,CMP-S01-L02-01,S01,S01-L02,1,running,184.5778,475.7517,110.5486,47.4438,1.5492,B,relation-reasoning-agent-eval-v3.1
2026-08-24T16:30:00+09:00,CMP-S01-L03-01,S01,S01-L03,1,running,167.9364,444.7891,104.1829,33.1005,-1.3815,B,relation-reasoning-agent-eval-v3.1
2026-08-24T16:30:00+09:00,CMP-S01-L04-01,S01,S01-L04,1,running,161.8504,473.756,97.9557,44.8894,0.9512,A,relation-reasoning-agent-eval-v3.1
2026-08-24T16:30:00+09:00,CMP-S01-L05-01,S01,S01-L05,1,running,168.2296,389.5665,84.6437,47.284,1.0632,B,relation-reasoning-agent-eval-v3.1
2026-08-24T16:40:00+09:00,CMP-S01-L01-01,S01,S01-L01,1,running,170.7716,451.966,102.8274,38.6069,-0.2267,A,relation-reasoning-agent-eval-v3.1
2026-08-24T16:40:00+09:00,CMP-S01-L02-01,S01,S01-L02,1,running,174.9055,435.4703,99.3741,44.8146,1.0623,B,relation-reasoning-agent-eval-v3.1
2026-08-24T16:40:00+09:00,CMP-S01-L03-01,S01,S01-L03,1,running,149.0728,418.2657,108.1444,31.2066,-1.7322,B,relation-reasoning-agent-eval-v3.1
2026-08-24T16:40:00+09:00,CMP-S01-L04-01,S01,S01-L04,1,running,172.5984,523.797,100.1106,46.8514,1.3145,B,relation-reasoning-agent-eval-v3.1
2026-08-24T16:40:00+09:00,CMP-S01-L05-01,S01,S01-L05,1,running,157.2461,394.1484,88.5204,42.9056,0.2524,A,relation-reasoning-agent-eval-v3.1
2026-08-24T16:50:00+09:00,CMP-S01-L01-01,S01,S01-L01,1,running,161.2823,498.8793,102.2224,40.2319,0.0742,A,relation-reasoning-agent-eval-v3.1
2026-08-24T16:50:00+09:00,CMP-S01-L02-01,S01,S01-L02,1,running,163.3117,404.7792,100.9564,43.4146,0.803,A,relation-reasoning-agent-eval-v3.1
2026-08-24T16:50:00+09:00,CMP-S01-L03-01,S01,S01-L03,1,running,137.2357,421.2943,104.1355,34.0538,-1.2049,B,relation-reasoning-agent-eval-v3.1
2026-08-24T16:50:00+09:00,CMP-S01-L04-01,S01,S01-L04,1,running,163.3258,521.5304,99.4681,43.0591,0.6122,A,relation-reasoning-agent-eval-v3.1
2026-08-24T16:50:00+09:00,CMP-S01-L05-01,S01,S01-L05,1,running,158.5253,347.4043,87.5158,48.2532,1.2427,B,relation-reasoning-agent-eval-v3.1
2026-08-24T17:00:00+09:00,CMP-S01-L01-01,S01,S01-L01,1,running,164.1931,421.2943,98.689,37.7412,-0.387,A,relation-reasoning-agent-eval-v3.1
2026-08-24T17:00:00+09:00,CMP-S01-L02-01,S01,S01-L02,1,running,154.5132,468.806,100.1993,43.7397,0.8632,A,relation-reasoning-agent-eval-v3.1
2026-08-24T17:00:00+09:00,CMP-S01-L03-01,S01,S01-L03,1,running,152.5298,422.047,104.9163,36.9837,-0.6624,A,relation-reasoning-agent-eval-v3.1
2026-08-24T17:00:00+09:00,CMP-S01-L04-01,S01,S01-L04,1,running,152.5176,485.6323,105.0261,42.7508,0.5551,A,relation-reasoning-agent-eval-v3.1
2026-08-24T17:00:00+09:00,CMP-S01-L05-01,S01,S01-L05,1,running,156.8986,355.513,95.2797,49.1646,1.4115,B,relation-reasoning-agent-eval-v3.1
2026-08-24T17:10:00+09:00,CMP-S01-L01-01,S01,S01-L01,1,running,164.0217,468.0319,96.5758,37.7677,-0.3821,A,relation-reasoning-agent-eval-v3.1
2026-08-24T17:10:00+09:00,CMP-S01-L02-01,S01,S01-L02,1,running,172.5594,449.3938,103.1057,45.9179,1.2666,B,relation-reasoning-agent-eval-v3.1
2026-08-24T17:10:00+09:00,CMP-S01-L03-01,S01,S01-L03,1,running,162.5301,452.3743,105.0346,38.0339,-0.4679,A,relation-reasoning-agent-eval-v3.1
2026-08-24T17:10:00+09:00,CMP-S01-L04-01,S01,S01-L04,1,running,154.2807,464.3308,101.8335,45.4882,1.0621,B,relation-reasoning-agent-eval-v3.1
2026-08-24T17:10:00+09:00,CMP-S01-L05-01,S01,S01-L05,1,running,161.7773,360.5003,91.0256,45.0834,0.6557,A,relation-reasoning-agent-eval-v3.1
2026-08-24T17:20:00+09:00,CMP-S01-L01-01,S01,S01-L01,1,running,161.4726,492.9454,102.3113,34.7996,-0.9318,A,relation-reasoning-agent-eval-v3.1
2026-08-24T17:20:00+09:00,CMP-S01-L02-01,S01,S01-L02,1,running,163.4221,457.0139,108.6998,45.9553,1.2735,B,relation-reasoning-agent-eval-v3.1
2026-08-24T17:20:00+09:00,CMP-S01-L03-01,S01,S01-L03,1,running,166.8009,458.1215,110.104,40.402,-0.0294,A,relation-reasoning-agent-eval-v3.1
2026-08-24T17:20:00+09:00,CMP-S01-L04-01,S01,S01-L04,1,running,155.8193,469.14,100.2862,46.6639,1.2798,B,relation-reasoning-agent-eval-v3.1
2026-08-24T17:20:00+09:00,CMP-S01-L05-01,S01,S01-L05,1,running,156.7952,326.3514,94.0479,48.9444,1.3707,B,relation-reasoning-agent-eval-v3.1
2026-08-24T17:30:00+09:00,CMP-S01-L01-01,S01,S01-L01,1,running,154.6871,466.0349,107.646,36.7223,-0.5757,A,relation-reasoning-agent-eval-v3.1
2026-08-24T17:30:00+09:00,CMP-S01-L02-01,S01,S01-L02,1,running,174.784,456.4965,106.8175,39.0022,-0.0141,A,relation-reasoning-agent-eval-v3.1
2026-08-24T17:30:00+09:00,CMP-S01-L03-01,S01,S01-L03,1,running,156.4263,469.2283,111.2086,39.7741,-0.1456,A,relation-reasoning-agent-eval-v3.1
2026-08-24T17:30:00+09:00,CMP-S01-L04-01,S01,S01-L04,1,running,158.1197,499.1352,101.2432,45.5788,1.0788,B,relation-reasoning-agent-eval-v3.1
2026-08-24T17:30:00+09:00,CMP-S01-L05-01,S01,S01-L05,1,running,156.0258,386.5321,95.8855,46.0564,0.8359,A,relation-reasoning-agent-eval-v3.1
2026-08-24T17:40:00+09:00,CMP-S01-L01-01,S01,S01-L01,1,running,160.5283,456.7349,100.0487,34.7712,-0.937,A,relation-reasoning-agent-eval-v3.1
2026-08-24T17:40:00+09:00,CMP-S01-L02-01,S01,S01-L02,1,running,166.9688,422.8153,109.8352,39.2269,0.0275,A,relation-reasoning-agent-eval-v3.1
2026-08-24T17:40:00+09:00,CMP-S01-L03-01,S01,S01-L03,1,running,171.0795,439.8844,110.4416,36.987,-0.6618,A,relation-reasoning-agent-eval-v3.1
2026-08-24T17:40:00+09:00,CMP-S01-L04-01,S01,S01-L04,1,running,158.0451,501.2196,99.7509,52.092,2.285,C,relation-reasoning-agent-eval-v3.1
2026-08-24T17:40:00+09:00,CMP-S01-L05-01,S01,S01-L05,1,running,154.034,340.6936,90.6662,50.8961,1.7321,B,relation-reasoning-agent-eval-v3.1
2026-08-24T17:50:00+09:00,CMP-S01-L01-01,S01,S01-L01,1,running,164.4238,448.6221,95.6632,40.3656,0.099,A,relation-reasoning-agent-eval-v3.1
2026-08-24T17:50:00+09:00,CMP-S01-L02-01,S01,S01-L02,1,running,166.3807,449.7311,107.9641,35.1038,-0.736,A,relation-reasoning-agent-eval-v3.1
2026-08-24T17:50:00+09:00,CMP-S01-L03-01,S01,S01-L03,1,running,168.8792,439.7837,105.7621,41.3773,0.1513,A,relation-reasoning-agent-eval-v3.1
2026-08-24T17:50:00+09:00,CMP-S01-L04-01,S01,S01-L04,1,running,150.1725,481.0973,99.0906,38.7497,-0.1858,A,relation-reasoning-agent-eval-v3.1
2026-08-24T17:50:00+09:00,CMP-S01-L05-01,S01,S01-L05,1,running,137.7475,323.5862,93.7831,47.8727,1.1722,B,relation-reasoning-agent-eval-v3.1
2026-08-24T18:00:00+09:00,CMP-S01-L01-01,S01,S01-L01,1,running,183.4195,401.0902,92.4206,34.6054,-0.9677,A,relation-reasoning-agent-eval-v3.1
2026-08-24T18:00:00+09:00,CMP-S01-L02-01,S01,S01-L02,1,running,179.0476,502.9311,110.8273,37.1302,-0.3608,A,relation-reasoning-agent-eval-v3.1
2026-08-24T18:00:00+09:00,CMP-S01-L03-01,S01,S01-L03,1,running,175.2215,490.5036,109.8609,46.001,1.0075,B,relation-reasoning-agent-eval-v3.1
2026-08-24T18:00:00+09:00,CMP-S01-L04-01,S01,S01-L04,1,running,148.5121,403.5662,94.583,32.9496,-1.2599,B,relation-reasoning-agent-eval-v3.1
2026-08-24T18:00:00+09:00,CMP-S01-L05-01,S01,S01-L05,1,running,166.3278,340.196,96.884,45.7826,0.7852,A,relation-reasoning-agent-eval-v3.1
2026-08-24T18:10:00+09:00,CMP-S01-L01-01,S01,S01-L01,1,running,192.5005,396.6992,88.3549,44.2341,0.8153,A,relation-reasoning-agent-eval-v3.1
2026-08-24T18:10:00+09:00,CMP-S01-L02-01,S01,S01-L02,1,running,189.8351,478.9688,104.5967,38.892,-0.0345,A,relation-reasoning-agent-eval-v3.1
2026-08-24T18:10:00+09:00,CMP-S01-L03-01,S01,S01-L03,1,running,154.1297,492.4233,109.6587,39.7393,-0.1521,A,relation-reasoning-agent-eval-v3.1
2026-08-24T18:10:00+09:00,CMP-S01-L04-01,S01,S01-L04,1,running,162.6169,421.0277,86.4507,39.248,-0.0935,A,relation-reasoning-agent-eval-v3.1
2026-08-24T18:10:00+09:00,CMP-S01-L05-01,S01,S01-L05,1,running,146.6128,340.9598,96.4252,46.5301,0.9236,A,relation-reasoning-agent-eval-v3.1
2026-08-24T18:20:00+09:00,CMP-S01-L01-01,S01,S01-L01,1,running,183.1668,417.0323,87.8236,46.9392,1.3163,B,relation-reasoning-agent-eval-v3.1
2026-08-24T18:20:00+09:00,CMP-S01-L02-01,S01,S01-L02,1,running,175.9966,496.5106,103.7031,33.9877,-0.9427,A,relation-reasoning-agent-eval-v3.1
2026-08-24T18:20:00+09:00,CMP-S01-L03-01,S01,S01-L03,1,running,157.8148,464.0183,109.0227,45.7273,0.9568,A,relation-reasoning-agent-eval-v3.1
2026-08-24T18:20:00+09:00,CMP-S01-L04-01,S01,S01-L04,1,running,157.617,419.5875,87.2624,40.797,0.1933,A,relation-reasoning-agent-eval-v3.1
2026-08-24T18:20:00+09:00,CMP-S01-L05-01,S01,S01-L05,1,running,163.9361,309.5771,98.4874,47.8769,1.173,B,relation-reasoning-agent-eval-v3.1
2026-08-24T18:30:00+09:00,CMP-S01-L01-01,S01,S01-L01,1,running,201.435,419.9942,83.477,48.633,1.63,B,relation-reasoning-agent-eval-v3.1
2026-08-24T18:30:00+09:00,CMP-S01-L02-01,S01,S01-L02,1,running,159.7029,483.6998,101.7791,39.0997,0.004,A,relation-reasoning-agent-eval-v3.1
2026-08-24T18:30:00+09:00,CMP-S01-L03-01,S01,S01-L03,1,running,168.0474,458.4129,114.0996,46.4138,1.084,B,relation-reasoning-agent-eval-v3.1
2026-08-24T18:30:00+09:00,CMP-S01-L04-01,S01,S01-L04,1,running,177.7486,441.3258,99.5151,36.4874,-0.6048,A,relation-reasoning-agent-eval-v3.1
2026-08-24T18:30:00+09:00,CMP-S01-L05-01,S01,S01-L05,1,running,172.4601,340.1408,104.3288,44.3974,0.5287,A,relation-reasoning-agent-eval-v3.1
2026-08-24T18:40:00+09:00,CMP-S01-L01-01,S01,S01-L01,1,running,200.4632,413.2184,88.1641,45.6963,1.0861,B,relation-reasoning-agent-eval-v3.1
2026-08-24T18:40:00+09:00,CMP-S01-L02-01,S01,S01-L02,1,running,156.3723,509.8292,97.2355,36.003,-0.5695,A,relation-reasoning-agent-eval-v3.1
2026-08-24T18:40:00+09:00,CMP-S01-L03-01,S01,S01-L03,1,running,168.7663,469.3432,117.7402,46.4256,1.0861,B,relation-reasoning-agent-eval-v3.1
2026-08-24T18:40:00+09:00,CMP-S01-L04-01,S01,S01-L04,1,running,165.2863,461.8425,97.9612,38.6485,-0.2045,A,relation-reasoning-agent-eval-v3.1
2026-08-24T18:40:00+09:00,CMP-S01-L05-01,S01,S01-L05,1,running,174.7171,406.5223,94.5519,45.303,0.6964,A,relation-reasoning-agent-eval-v3.1
2026-08-24T18:50:00+09:00,CMP-S01-L01-01,S01,S01-L01,1,running,202.9519,461.6487,97.3873,44.494,0.8635,A,relation-reasoning-agent-eval-v3.1
2026-08-24T18:50:00+09:00,CMP-S01-L02-01,S01,S01-L02,1,running,175.4105,435.8571,98.6771,32.247,-1.2651,B,relation-reasoning-agent-eval-v3.1
2026-08-24T18:50:00+09:00,CMP-S01-L03-01,S01,S01-L03,1,running,178.1091,452.4978,113.0611,53.2792,2.3553,C,relation-reasoning-agent-eval-v3.1
2026-08-24T18:50:00+09:00,CMP-S01-L04-01,S01,S01-L04,1,running,168.1943,445.0803,92.0067,44.7245,0.9206,A,relation-reasoning-agent-eval-v3.1
2026-08-24T18:50:00+09:00,CMP-S01-L05-01,S01,S01-L05,1,running,168.8798,419.8443,92.8357,37.2253,-0.7995,A,relation-reasoning-agent-eval-v3.1
2026-08-24T19:00:00+09:00,CMP-S01-L01-01,S01,S01-L01,1,running,185.4922,471.35,95.2045,41.6328,0.3336,A,relation-reasoning-agent-eval-v3.1
2026-08-24T19:00:00+09:00,CMP-S01-L02-01,S01,S01-L02,1,running,163.323,410.2852,106.3614,35.1834,-0.7213,A,relation-reasoning-agent-eval-v3.1
2026-08-24T19:00:00+09:00,CMP-S01-L03-01,S01,S01-L03,1,running,179.1683,450.0786,113.7254,46.299,1.0627,B,relation-reasoning-agent-eval-v3.1
2026-08-24T19:00:00+09:00,CMP-S01-L04-01,S01,S01-L04,1,running,181.3224,461.5935,93.6957,42.0583,0.4269,A,relation-reasoning-agent-eval-v3.1
2026-08-24T19:00:00+09:00,CMP-S01-L05-01,S01,S01-L05,1,running,166.3835,452.0445,87.1284,41.2344,-0.0571,A,relation-reasoning-agent-eval-v3.1
2026-08-24T19:10:00+09:00,CMP-S01-L01-01,S01,S01-L01,1,running,187.4096,470.8002,96.2057,41.7115,0.3482,A,relation-reasoning-agent-eval-v3.1
2026-08-24T19:10:00+09:00,CMP-S01-L02-01,S01,S01-L02,1,running,139.0367,445.4936,108.0323,31.4891,-1.4054,B,relation-reasoning-agent-eval-v3.1
2026-08-24T19:10:00+09:00,CMP-S01-L03-01,S01,S01-L03,1,running,174.1325,431.3871,115.1316,52.3735,2.1876,C,relation-reasoning-agent-eval-v3.1
2026-08-24T19:10:00+09:00,CMP-S01-L04-01,S01,S01-L04,1,running,178.5505,432.331,86.2411,37.4888,-0.4193,A,relation-reasoning-agent-eval-v3.1
2026-08-24T19:10:00+09:00,CMP-S01-L05-01,S01,S01-L05,1,running,178.6333,396.7654,89.9287,40.9898,-0.1024,A,relation-reasoning-agent-eval-v3.1
2026-08-24T19:20:00+09:00,CMP-S01-L01-01,S01,S01-L01,1,running,173.6593,512.3553,95.7628,43.669,0.7107,A,relation-reasoning-agent-eval-v3.1
2026-08-24T19:20:00+09:00,CMP-S01-L02-01,S01,S01-L02,1,running,157.2814,424.0284,112.449,34.083,-0.925,A,relation-reasoning-agent-eval-v3.1
2026-08-24T19:20:00+09:00,CMP-S01-L03-01,S01,S01-L03,1,running,157.1526,415.3824,110.3905,49.7083,1.6941,B,relation-reasoning-agent-eval-v3.1
2026-08-24T19:20:00+09:00,CMP-S01-L04-01,S01,S01-L04,1,running,167.2678,479.1943,95.4811,31.3546,-1.5553,B,relation-reasoning-agent-eval-v3.1
2026-08-24T19:20:00+09:00,CMP-S01-L05-01,S01,S01-L05,1,running,193.9745,396.6882,94.9181,42.5341,0.1836,A,relation-reasoning-agent-eval-v3.1
2026-08-24T19:30:00+09:00,CMP-S01-L01-01,S01,S01-L01,1,running,160.8515,488.5833,95.7706,36.3446,-0.6457,A,relation-reasoning-agent-eval-v3.1
2026-08-24T19:30:00+09:00,CMP-S01-L02-01,S01,S01-L02,1,running,146.0826,400.3112,107.7804,30.5394,-1.5813,B,relation-reasoning-agent-eval-v3.1
2026-08-24T19:30:00+09:00,CMP-S01-L03-01,S01,S01-L03,1,running,148.5211,413.4153,107.7397,44.691,0.7649,A,relation-reasoning-agent-eval-v3.1
2026-08-24T19:30:00+09:00,CMP-S01-L04-01,S01,S01-L04,1,running,164.8803,492.8187,103.1084,34.367,-0.9974,A,relation-reasoning-agent-eval-v3.1
2026-08-24T19:30:00+09:00,CMP-S01-L05-01,S01,S01-L05,1,running,194.5634,397.6092,93.7339,38.5481,-0.5545,A,relation-reasoning-agent-eval-v3.1
2026-08-24T19:40:00+09:00,CMP-S01-L01-01,S01,S01-L01,1,running,164.2019,492.5092,98.2228,41.2426,0.2614,A,relation-reasoning-agent-eval-v3.1
2026-08-24T19:40:00+09:00,CMP-S01-L02-01,S01,S01-L02,1,running,156.1834,448.3932,96.7495,34.997,-0.7558,A,relation-reasoning-agent-eval-v3.1
2026-08-24T19:40:00+09:00,CMP-S01-L03-01,S01,S01-L03,1,running,155.7338,437.716,109.8701,44.2475,0.6828,A,relation-reasoning-agent-eval-v3.1
2026-08-24T19:40:00+09:00,CMP-S01-L04-01,S01,S01-L04,1,running,179.3278,526.1498,105.589,38.9423,-0.1501,A,relation-reasoning-agent-eval-v3.1
2026-08-24T19:40:00+09:00,CMP-S01-L05-01,S01,S01-L05,1,running,199.4948,385.0659,95.07,41.1215,-0.078,A,relation-reasoning-agent-eval-v3.1
2026-08-24T19:50:00+09:00,CMP-S01-L01-01,S01,S01-L01,1,running,176.4533,464.19,98.7707,38.636,-0.2213,A,relation-reasoning-agent-eval-v3.1
2026-08-24T19:50:00+09:00,CMP-S01-L02-01,S01,S01-L02,1,running,154.2069,468.9426,104.3254,37.1059,-0.3653,A,relation-reasoning-agent-eval-v3.1
2026-08-24T19:50:00+09:00,CMP-S01-L03-01,S01,S01-L03,1,running,171.2606,393.2144,109.0268,50.7335,1.8839,B,relation-reasoning-agent-eval-v3.1
2026-08-24T19:50:00+09:00,CMP-S01-L04-01,S01,S01-L04,1,running,181.8936,502.1606,106.9784,45.7456,1.1097,B,relation-reasoning-agent-eval-v3.1
2026-08-24T19:50:00+09:00,CMP-S01-L05-01,S01,S01-L05,1,running,175.693,360.5302,98.5197,38.3493,-0.5914,A,relation-reasoning-agent-eval-v3.1
2026-08-24T20:00:00+09:00,CMP-S01-L01-01,S01,S01-L01,1,running,157.2478,484.5522,96.6966,35.4417,-0.8129,A,relation-reasoning-agent-eval-v3.1
2026-08-24T20:00:00+09:00,CMP-S01-L02-01,S01,S01-L02,1,running,162.9683,423.1846,102.2442,33.4315,-1.0457,B,relation-reasoning-agent-eval-v3.1
2026-08-24T20:00:00+09:00,CMP-S01-L03-01,S01,S01-L03,1,running,160.2593,438.8078,106.3147,46.1843,1.0414,B,relation-reasoning-agent-eval-v3.1
2026-08-24T20:00:00+09:00,CMP-S01-L04-01,S01,S01-L04,1,running,192.8304,491.8117,108.2368,38.9284,-0.1527,A,relation-reasoning-agent-eval-v3.1
2026-08-24T20:00:00+09:00,CMP-S01-L05-01,S01,S01-L05,0,maintenance,191.9233,382.3367,102.7527,46.5873,0.9342,A,relation-reasoning-agent-eval-v3.1
2026-08-24T20:10:00+09:00,CMP-S01-L01-01,S01,S01-L01,1,running,174.3737,479.1099,95.3496,36.4396,-0.6281,A,relation-reasoning-agent-eval-v3.1
2026-08-24T20:10:00+09:00,CMP-S01-L02-01,S01,S01-L02,1,running,165.9577,380.8296,97.2375,34.632,-0.8234,A,relation-reasoning-agent-eval-v3.1
2026-08-24T20:10:00+09:00,CMP-S01-L03-01,S01,S01-L03,1,running,179.203,469.0832,104.167,43.7794,0.5961,A,relation-reasoning-agent-eval-v3.1
2026-08-24T20:10:00+09:00,CMP-S01-L04-01,S01,S01-L04,1,running,180.707,472.3294,105.5245,46.9174,1.3267,B,relation-reasoning-agent-eval-v3.1
2026-08-24T20:10:00+09:00,CMP-S01-L05-01,S01,S01-L05,0,maintenance,182.9289,398.2922,100.0611,40.8321,-0.1316,A,relation-reasoning-agent-eval-v3.1
2026-08-24T20:20:00+09:00,CMP-S01-L01-01,S01,S01-L01,1,running,174.7225,442.7768,93.1402,36.427,-0.6304,A,relation-reasoning-agent-eval-v3.1
2026-08-24T20:20:00+09:00,CMP-S01-L02-01,S01,S01-L02,1,running,171.0815,357.3989,98.9133,29.6027,-1.7547,B,relation-reasoning-agent-eval-v3.1
2026-08-24T20:20:00+09:00,CMP-S01-L03-01,S01,S01-L03,1,running,168.5475,510.6367,108.768,45.9433,0.9968,A,relation-reasoning-agent-eval-v3.1
2026-08-24T20:20:00+09:00,CMP-S01-L04-01,S01,S01-L04,1,running,175.373,496.4067,98.9624,45.2643,1.0206,B,relation-reasoning-agent-eval-v3.1
2026-08-24T20:20:00+09:00,CMP-S01-L05-01,S01,S01-L05,0,maintenance,181.7971,391.9537,104.4638,37.0162,-0.8382,A,relation-reasoning-agent-eval-v3.1
2026-08-24T20:30:00+09:00,CMP-S01-L01-01,S01,S01-L01,1,running,167.4368,438.9611,93.3793,34.4557,-0.9955,A,relation-reasoning-agent-eval-v3.1
2026-08-24T20:30:00+09:00,CMP-S01-L02-01,S01,S01-L02,1,running,170.0392,349.5845,96.7801,32.37,-1.2423,B,relation-reasoning-agent-eval-v3.1
2026-08-24T20:30:00+09:00,CMP-S01-L03-01,S01,S01-L03,1,running,181.7413,472.0609,107.301,43.0994,0.4702,A,relation-reasoning-agent-eval-v3.1
2026-08-24T20:30:00+09:00,CMP-S01-L04-01,S01,S01-L04,1,running,184.9023,455.2436,102.642,40.9426,0.2203,A,relation-reasoning-agent-eval-v3.1
2026-08-24T20:30:00+09:00,CMP-S01-L05-01,S01,S01-L05,0,maintenance,183.2507,395.9723,99.8681,39.1054,-0.4513,A,relation-reasoning-agent-eval-v3.1
2026-08-24T20:40:00+09:00,CMP-S01-L01-01,S01,S01-L01,1,running,175.0359,501.2234,96.5446,31.8788,-1.4727,B,relation-reasoning-agent-eval-v3.1
2026-08-24T20:40:00+09:00,CMP-S01-L02-01,S01,S01-L02,1,running,162.8078,379.3745,99.336,33.6397,-1.0071,B,relation-reasoning-agent-eval-v3.1
2026-08-24T20:40:00+09:00,CMP-S01-L03-01,S01,S01-L03,1,running,176.6528,430.5974,102.2342,39.0762,-0.2749,A,relation-reasoning-agent-eval-v3.1
2026-08-24T20:40:00+09:00,CMP-S01-L04-01,S01,S01-L04,1,running,181.1464,504.6745,107.0498,46.5688,1.2622,B,relation-reasoning-agent-eval-v3.1
2026-08-24T20:40:00+09:00,CMP-S01-L05-01,S01,S01-L05,0,maintenance,192.8451,427.4736,98.3907,45.5329,0.7389,A,relation-reasoning-agent-eval-v3.1
2026-08-24T20:50:00+09:00,CMP-S01-L01-01,S01,S01-L01,1,running,146.3534,506.909,105.1331,35.5939,-0.7847,A,relation-reasoning-agent-eval-v3.1
2026-08-24T20:50:00+09:00,CMP-S01-L02-01,S01,S01-L02,1,running,157.6323,341.5468,101.2716,27.9424,-2.0622,C,relation-reasoning-agent-eval-v3.1
2026-08-24T20:50:00+09:00,CMP-S01-L03-01,S01,S01-L03,1,running,184.7901,435.8468,107.3233,40.7365,0.0326,A,relation-reasoning-agent-eval-v3.1
2026-08-24T20:50:00+09:00,CMP-S01-L04-01,S01,S01-L04,1,running,162.9237,471.0582,100.3657,46.9509,1.3329,B,relation-reasoning-agent-eval-v3.1
2026-08-24T20:50:00+09:00,CMP-S01-L05-01,S01,S01-L05,0,maintenance,160.052,436.7339,99.9012,44.0922,0.4721,A,relation-reasoning-agent-eval-v3.1
2026-08-24T21:00:00+09:00,CMP-S01-L01-01,S01,S01-L01,1,running,155.9407,514.6276,99.8667,38.3374,-0.2766,A,relation-reasoning-agent-eval-v3.1
2026-08-24T21:00:00+09:00,CMP-S01-L02-01,S01,S01-L02,1,running,153.7592,378.951,96.2225,27.5042,-2.1434,C,relation-reasoning-agent-eval-v3.1
2026-08-24T21:00:00+09:00,CMP-S01-L03-01,S01,S01-L03,1,running,181.7391,397.6401,107.3872,40.2239,-0.0623,A,relation-reasoning-agent-eval-v3.1
2026-08-24T21:00:00+09:00,CMP-S01-L04-01,S01,S01-L04,1,running,161.7112,461.6211,93.0828,48.8227,1.6796,B,relation-reasoning-agent-eval-v3.1
2026-08-24T21:00:00+09:00,CMP-S01-L05-01,S01,S01-L05,0,maintenance,183.5214,459.9663,103.1935,40.0447,-0.2774,A,relation-reasoning-agent-eval-v3.1
2026-08-24T21:10:00+09:00,CMP-S01-L01-01,S01,S01-L01,1,running,166.3182,513.4154,95.0529,40.1806,0.0647,A,relation-reasoning-agent-eval-v3.1
2026-08-24T21:10:00+09:00,CMP-S01-L02-01,S01,S01-L02,1,running,158.0436,397.9355,102.6565,31.6524,-1.3752,B,relation-reasoning-agent-eval-v3.1
2026-08-24T21:10:00+09:00,CMP-S01-L03-01,S01,S01-L03,1,running,199.9017,438.6295,104.1314,39.3076,-0.232,A,relation-reasoning-agent-eval-v3.1
2026-08-24T21:10:00+09:00,CMP-S01-L04-01,S01,S01-L04,1,running,160.9193,496.3236,91.8758,46.0623,1.1684,B,relation-reasoning-agent-eval-v3.1
2026-08-24T21:10:00+09:00,CMP-S01-L05-01,S01,S01-L05,0,maintenance,186.1698,410.5281,102.4568,39.5557,-0.368,A,relation-reasoning-agent-eval-v3.1
2026-08-24T21:20:00+09:00,CMP-S01-L01-01,S01,S01-L01,1,running,173.1916,547.2981,97.211,44.1125,0.7928,A,relation-reasoning-agent-eval-v3.1
2026-08-24T21:20:00+09:00,CMP-S01-L02-01,S01,S01-L02,1,running,160.6193,411.2418,100.7441,34.8238,-0.7879,A,relation-reasoning-agent-eval-v3.1
2026-08-24T21:20:00+09:00,CMP-S01-L03-01,S01,S01-L03,1,running,189.1111,427.4948,107.2147,39.5165,-0.1933,A,relation-reasoning-agent-eval-v3.1
2026-08-24T21:20:00+09:00,CMP-S01-L04-01,S01,S01-L04,1,running,158.9342,505.2729,97.4122,46.582,1.2646,B,relation-reasoning-agent-eval-v3.1
2026-08-24T21:20:00+09:00,CMP-S01-L05-01,S01,S01-L05,0,maintenance,176.0603,477.3394,93.2187,43.6225,0.3852,A,relation-reasoning-agent-eval-v3.1
2026-08-24T21:30:00+09:00,CMP-S01-L01-01,S01,S01-L01,1,running,163.9171,509.9354,99.7289,42.9465,0.5769,A,relation-reasoning-agent-eval-v3.1
2026-08-24T21:30:00+09:00,CMP-S01-L02-01,S01,S01-L02,1,running,161.9038,418.3484,106.8021,31.3854,-1.4246,B,relation-reasoning-agent-eval-v3.1
2026-08-24T21:30:00+09:00,CMP-S01-L03-01,S01,S01-L03,1,running,180.6508,430.5086,109.8316,38.857,-0.3155,A,relation-reasoning-agent-eval-v3.1
2026-08-24T21:30:00+09:00,CMP-S01-L04-01,S01,S01-L04,1,running,158.0575,514.7158,94.5301,40.0115,0.0479,A,relation-reasoning-agent-eval-v3.1
2026-08-24T21:30:00+09:00,CMP-S01-L05-01,S01,S01-L05,0,maintenance,161.8108,493.8317,88.4313,42.614,0.1984,A,relation-reasoning-agent-eval-v3.1
2026-08-24T21:40:00+09:00,CMP-S01-L01-01,S01,S01-L01,1,running,146.9055,497.4898,96.6286,48.103,1.5318,B,relation-reasoning-agent-eval-v3.1
2026-08-24T21:40:00+09:00,CMP-S01-L02-01,S01,S01-L02,1,running,155.3253,417.6776,109.82,33.2369,-1.0817,B,relation-reasoning-agent-eval-v3.1
2026-08-24T21:40:00+09:00,CMP-S01-L03-01,S01,S01-L03,1,running,176.3178,437.5174,105.564,36.6265,-0.7285,A,relation-reasoning-agent-eval-v3.1
2026-08-24T21:40:00+09:00,CMP-S01-L04-01,S01,S01-L04,1,running,162.4583,438.2006,100.7445,39.8316,0.0145,A,relation-reasoning-agent-eval-v3.1
2026-08-24T21:40:00+09:00,CMP-S01-L05-01,S01,S01-L05,0,maintenance,173.6236,504.2209,91.337,43.4676,0.3565,A,relation-reasoning-agent-eval-v3.1
2026-08-24T21:50:00+09:00,CMP-S01-L01-01,S01,S01-L01,1,running,163.5058,500.9289,93.308,51.9884,2.2513,C,relation-reasoning-agent-eval-v3.1
2026-08-24T21:50:00+09:00,CMP-S01-L02-01,S01,S01-L02,1,running,158.6049,450.492,113.1846,43.8396,0.8817,A,relation-reasoning-agent-eval-v3.1
2026-08-24T21:50:00+09:00,CMP-S01-L03-01,S01,S01-L03,1,running,160.7573,451.2249,105.7207,43.1288,0.4756,A,relation-reasoning-agent-eval-v3.1
2026-08-24T21:50:00+09:00,CMP-S01-L04-01,S01,S01-L04,1,running,151.0171,432.6043,104.7919,41.5136,0.326,A,relation-reasoning-agent-eval-v3.1
2026-08-24T21:50:00+09:00,CMP-S01-L05-01,S01,S01-L05,0,maintenance,166.1426,450.5109,89.6606,42.0254,0.0894,A,relation-reasoning-agent-eval-v3.1
2026-08-24T22:00:00+09:00,CMP-S01-L01-01,S01,S01-L01,1,running,145.6898,521.2585,95.6212,47.7223,1.4613,B,relation-reasoning-agent-eval-v3.1
2026-08-24T22:00:00+09:00,CMP-S01-L02-01,S01,S01-L02,1,running,170.8679,444.1742,108.5717,39.5304,0.0837,A,relation-reasoning-agent-eval-v3.1
2026-08-24T22:00:00+09:00,CMP-S01-L03-01,S01,S01-L03,1,running,175.6345,469.8648,109.5158,42.9456,0.4417,A,relation-reasoning-agent-eval-v3.1
2026-08-24T22:00:00+09:00,CMP-S01-L04-01,S01,S01-L04,1,running,145.0754,456.163,103.6888,44.2669,0.8359,A,relation-reasoning-agent-eval-v3.1
2026-08-24T22:00:00+09:00,CMP-S01-L05-01,S01,S01-L05,0,maintenance,168.2917,396.7818,100.6277,43.7879,0.4158,A,relation-reasoning-agent-eval-v3.1
2026-08-24T22:10:00+09:00,CMP-S01-L01-01,S01,S01-L01,1,running,157.5468,485.5594,94.7969,48.2555,1.5601,B,relation-reasoning-agent-eval-v3.1
2026-08-24T22:10:00+09:00,CMP-S01-L02-01,S01,S01-L02,1,running,182.7902,474.615,105.1561,43.9486,0.9019,A,relation-reasoning-agent-eval-v3.1
2026-08-24T22:10:00+09:00,CMP-S01-L03-01,S01,S01-L03,1,running,168.2207,497.0319,107.5259,43.4662,0.5381,A,relation-reasoning-agent-eval-v3.1
2026-08-24T22:10:00+09:00,CMP-S01-L04-01,S01,S01-L04,1,running,151.0618,491.8274,103.0664,41.5409,0.3311,A,relation-reasoning-agent-eval-v3.1
2026-08-24T22:10:00+09:00,CMP-S01-L05-01,S01,S01-L05,0,maintenance,159.6528,409.4929,100.9375,34.9524,-1.2204,B,relation-reasoning-agent-eval-v3.1
2026-08-24T22:20:00+09:00,CMP-S01-L01-01,S01,S01-L01,1,running,166.3617,447.8468,97.887,49.5537,1.8005,B,relation-reasoning-agent-eval-v3.1
2026-08-24T22:20:00+09:00,CMP-S01-L02-01,S01,S01-L02,1,running,159.0353,471.8534,111.8231,37.3395,-0.322,A,relation-reasoning-agent-eval-v3.1
2026-08-24T22:20:00+09:00,CMP-S01-L03-01,S01,S01-L03,1,running,179.2975,505.3898,107.2645,40.2282,-0.0615,A,relation-reasoning-agent-eval-v3.1
2026-08-24T22:20:00+09:00,CMP-S01-L04-01,S01,S01-L04,1,running,165.9898,441.3983,110.2537,44.3046,0.8429,A,relation-reasoning-agent-eval-v3.1
2026-08-24T22:20:00+09:00,CMP-S01-L05-01,S01,S01-L05,0,maintenance,168.6856,430.1841,100.278,35.4516,-1.128,B,relation-reasoning-agent-eval-v3.1
2026-08-24T22:30:00+09:00,CMP-S01-L01-01,S01,S01-L01,1,running,169.9763,466.1229,101.3277,49.162,1.7279,B,relation-reasoning-agent-eval-v3.1
2026-08-24T22:30:00+09:00,CMP-S01-L02-01,S01,S01-L02,1,running,154.7143,470.5762,113.822,39.3277,0.0462,A,relation-reasoning-agent-eval-v3.1
2026-08-24T22:30:00+09:00,CMP-S01-L03-01,S01,S01-L03,1,running,171.689,515.5735,107.6165,41.3898,0.1536,A,relation-reasoning-agent-eval-v3.1
2026-08-24T22:30:00+09:00,CMP-S01-L04-01,S01,S01-L04,1,running,176.2053,413.1719,109.0765,36.6122,-0.5817,A,relation-reasoning-agent-eval-v3.1
2026-08-24T22:30:00+09:00,CMP-S01-L05-01,S01,S01-L05,0,maintenance,161.4062,407.2309,105.5525,30.4197,-2.0598,C,relation-reasoning-agent-eval-v3.1
2026-08-24T22:40:00+09:00,CMP-S01-L01-01,S01,S01-L01,1,running,185.2139,440.9264,100.5348,49.411,1.774,B,relation-reasoning-agent-eval-v3.1
2026-08-24T22:40:00+09:00,CMP-S01-L02-01,S01,S01-L02,1,running,163.149,443.4193,109.5146,47.7275,1.6017,B,relation-reasoning-agent-eval-v3.1
2026-08-24T22:40:00+09:00,CMP-S01-L03-01,S01,S01-L03,1,running,166.5369,547.8024,108.9692,40.1387,-0.0781,A,relation-reasoning-agent-eval-v3.1
2026-08-24T22:40:00+09:00,CMP-S01-L04-01,S01,S01-L04,1,running,178.1597,422.3397,110.825,40.163,0.0759,A,relation-reasoning-agent-eval-v3.1
2026-08-24T22:40:00+09:00,CMP-S01-L05-01,S01,S01-L05,0,maintenance,159.2523,389.7982,99.829,33.912,-1.4131,B,relation-reasoning-agent-eval-v3.1
2026-08-24T22:50:00+09:00,CMP-S01-L01-01,S01,S01-L01,1,running,187.154,446.8602,105.4887,53.0521,2.4483,C,relation-reasoning-agent-eval-v3.1
2026-08-24T22:50:00+09:00,CMP-S01-L02-01,S01,S01-L02,1,running,154.1616,440.5903,109.6139,47.7287,1.6019,B,relation-reasoning-agent-eval-v3.1
2026-08-24T22:50:00+09:00,CMP-S01-L03-01,S01,S01-L03,1,running,164.1124,549.3236,107.8184,40.1414,-0.0776,A,relation-reasoning-agent-eval-v3.1
2026-08-24T22:50:00+09:00,CMP-S01-L04-01,S01,S01-L04,1,running,170.6035,403.1423,118.6096,41.549,0.3326,A,relation-reasoning-agent-eval-v3.1
2026-08-24T22:50:00+09:00,CMP-S01-L05-01,S01,S01-L05,0,maintenance,169.39,376.6995,94.1258,33.5725,-1.476,B,relation-reasoning-agent-eval-v3.1
2026-08-24T23:00:00+09:00,CMP-S01-L01-01,S01,S01-L01,1,running,174.7582,399.9101,105.6552,45.2143,0.9969,A,relation-reasoning-agent-eval-v3.1
2026-08-24T23:00:00+09:00,CMP-S01-L02-01,S01,S01-L02,1,running,159.5347,427.9206,107.0619,51.4946,2.2993,C,relation-reasoning-agent-eval-v3.1
2026-08-24T23:00:00+09:00,CMP-S01-L03-01,S01,S01-L03,1,running,158.7654,575.6353,110.6468,37.1903,-0.6241,A,relation-reasoning-agent-eval-v3.1
2026-08-24T23:00:00+09:00,CMP-S01-L04-01,S01,S01-L04,1,running,160.7039,415.3819,117.2292,33.5035,-1.1573,B,relation-reasoning-agent-eval-v3.1
2026-08-24T23:00:00+09:00,CMP-S01-L05-01,S01,S01-L05,0,maintenance,176.4501,453.4536,98.2431,32.1724,-1.7352,B,relation-reasoning-agent-eval-v3.1
2026-08-24T23:10:00+09:00,CMP-S01-L01-01,S01,S01-L01,1,running,184.8764,417.8144,102.6416,46.8104,1.2924,B,relation-reasoning-agent-eval-v3.1
2026-08-24T23:10:00+09:00,CMP-S01-L02-01,S01,S01-L02,1,running,167.7367,410.3944,103.5796,51.3791,2.2779,C,relation-reasoning-agent-eval-v3.1
2026-08-24T23:10:00+09:00,CMP-S01-L03-01,S01,S01-L03,1,running,162.7566,568.612,105.1234,35.2944,-0.9752,A,relation-reasoning-agent-eval-v3.1
2026-08-24T23:10:00+09:00,CMP-S01-L04-01,S01,S01-L04,1,running,168.9548,407.7547,112.4678,38.0033,-0.324,A,relation-reasoning-agent-eval-v3.1
2026-08-24T23:10:00+09:00,CMP-S01-L05-01,S01,S01-L05,0,maintenance,163.7547,380.6582,103.7365,25.8208,-2.9115,C,relation-reasoning-agent-eval-v3.1
2026-08-24T23:20:00+09:00,CMP-S01-L01-01,S01,S01-L01,1,running,181.0323,395.8634,87.1008,41.0398,0.2238,A,relation-reasoning-agent-eval-v3.1
2026-08-24T23:20:00+09:00,CMP-S01-L02-01,S01,S01-L02,1,running,165.2413,438.0112,102.4723,49.403,1.912,B,relation-reasoning-agent-eval-v3.1
2026-08-24T23:20:00+09:00,CMP-S01-L03-01,S01,S01-L03,1,running,154.4898,546.2423,107.8144,40.1414,-0.0776,A,relation-reasoning-agent-eval-v3.1
2026-08-24T23:20:00+09:00,CMP-S01-L04-01,S01,S01-L04,1,running,165.2096,412.4402,116.0052,38.7739,-0.1813,A,relation-reasoning-agent-eval-v3.1
2026-08-24T23:20:00+09:00,CMP-S01-L05-01,S01,S01-L05,0,maintenance,182.5689,353.1832,98.296,26.7197,-2.745,C,relation-reasoning-agent-eval-v3.1
2026-08-24T23:30:00+09:00,CMP-S01-L01-01,S01,S01-L01,1,running,171.7154,436.7581,95.754,39.7186,-0.0209,A,relation-reasoning-agent-eval-v3.1
2026-08-24T23:30:00+09:00,CMP-S01-L02-01,S01,S01-L02,1,running,182.9525,463.5061,97.438,43.8313,0.8802,A,relation-reasoning-agent-eval-v3.1
2026-08-24T23:30:00+09:00,CMP-S01-L03-01,S01,S01-L03,1,running,140.0749,498.1105,101.2264,37.488,-0.569,A,relation-reasoning-agent-eval-v3.1
2026-08-24T23:30:00+09:00,CMP-S01-L04-01,S01,S01-L04,1,running,179.2155,435.0706,106.9038,35.7535,-0.7407,A,relation-reasoning-agent-eval-v3.1
2026-08-24T23:30:00+09:00,CMP-S01-L05-01,S01,S01-L05,0,maintenance,170.9691,366.0529,96.2849,37.1873,-0.8065,A,relation-reasoning-agent-eval-v3.1
2026-08-24T23:40:00+09:00,CMP-S01-L01-01,S01,S01-L01,1,running,180.3044,421.8824,98.0756,36.655,-0.5882,A,relation-reasoning-agent-eval-v3.1
2026-08-24T23:40:00+09:00,CMP-S01-L02-01,S01,S01-L02,1,running,169.6883,463.0068,108.5446,41.3476,0.4202,A,relation-reasoning-agent-eval-v3.1
2026-08-24T23:40:00+09:00,CMP-S01-L03-01,S01,S01-L03,1,running,154.1441,479.2117,100.0672,40.3927,-0.0311,A,relation-reasoning-agent-eval-v3.1
2026-08-24T23:40:00+09:00,CMP-S01-L04-01,S01,S01-L04,1,running,165.6799,493.3191,101.4651,37.837,-0.3548,A,relation-reasoning-agent-eval-v3.1
2026-08-24T23:40:00+09:00,CMP-S01-L05-01,S01,S01-L05,0,maintenance,189.7271,428.6951,91.4871,29.9812,-2.141,C,relation-reasoning-agent-eval-v3.1
2026-08-24T23:50:00+09:00,CMP-S01-L01-01,S01,S01-L01,1,running,181.0859,438.7109,102.66,37.6053,-0.4122,A,relation-reasoning-agent-eval-v3.1
2026-08-24T23:50:00+09:00,CMP-S01-L02-01,S01,S01-L02,1,running,162.9939,445.402,95.3963,47.6476,1.5869,B,relation-reasoning-agent-eval-v3.1
2026-08-24T23:50:00+09:00,CMP-S01-L03-01,S01,S01-L03,1,running,150.7455,487.7203,100.1226,38.9893,-0.291,A,relation-reasoning-agent-eval-v3.1
2026-08-24T23:50:00+09:00,CMP-S01-L04-01,S01,S01-L04,1,running,178.6666,507.6155,98.4543,36.8735,-0.5333,A,relation-reasoning-agent-eval-v3.1
2026-08-24T23:50:00+09:00,CMP-S01-L05-01,S01,S01-L05,0,maintenance,167.2247,391.9006,95.2149,31.6891,-1.8247,B,relation-reasoning-agent-eval-v3.1
2026-08-25T00:00:00+09:00,CMP-S01-L01-01,S01,S01-L01,1,running,185.2597,495.5415,94.9727,36.4599,-0.6243,A,relation-reasoning-agent-eval-v3.1
2026-08-25T00:00:00+09:00,CMP-S01-L02-01,S01,S01-L02,1,running,167.5883,443.7658,100.0339,49.6145,1.9512,B,relation-reasoning-agent-eval-v3.1
2026-08-25T00:00:00+09:00,CMP-S01-L03-01,S01,S01-L03,1,running,155.7374,474.0035,105.3232,34.7941,-1.0678,B,relation-reasoning-agent-eval-v3.1
2026-08-25T00:00:00+09:00,CMP-S01-L04-01,S01,S01-L04,1,running,187.9808,475.0292,97.7537,37.8535,-0.3518,A,relation-reasoning-agent-eval-v3.1
2026-08-25T00:00:00+09:00,CMP-S01-L05-01,S01,S01-L05,0,maintenance,176.7111,398.9809,92.7883,34.4531,-1.3129,B,relation-reasoning-agent-eval-v3.1
2026-08-25T00:10:00+09:00,CMP-S01-L01-01,S01,S01-L01,1,running,195.2868,524.0661,92.4632,41.7385,0.3532,A,relation-reasoning-agent-eval-v3.1
2026-08-25T00:10:00+09:00,CMP-S01-L02-01,S01,S01-L02,1,running,188.3295,443.872,106.9692,46.6334,1.3991,B,relation-reasoning-agent-eval-v3.1
2026-08-25T00:10:00+09:00,CMP-S01-L03-01,S01,S01-L03,1,running,166.2007,497.2937,94.6413,38.8947,-0.3085,A,relation-reasoning-agent-eval-v3.1
2026-08-25T00:10:00+09:00,CMP-S01-L04-01,S01,S01-L04,1,running,163.235,486.9828,99.4703,38.1668,-0.2938,A,relation-reasoning-agent-eval-v3.1
2026-08-25T00:10:00+09:00,CMP-S01-L05-01,S01,S01-L05,0,maintenance,174.1578,393.92,95.6948,36.5141,-0.9312,A,relation-reasoning-agent-eval-v3.1
2026-08-25T00:20:00+09:00,CMP-S01-L01-01,S01,S01-L01,1,running,180.0069,525.3735,96.4171,46.5331,1.2411,B,relation-reasoning-agent-eval-v3.1
2026-08-25T00:20:00+09:00,CMP-S01-L02-01,S01,S01-L02,1,running,172.883,379.9927,104.682,45.2531,1.1435,B,relation-reasoning-agent-eval-v3.1
2026-08-25T00:20:00+09:00,CMP-S01-L03-01,S01,S01-L03,1,running,161.4668,495.961,104.141,37.2358,-0.6157,A,relation-reasoning-agent-eval-v3.1
2026-08-25T00:20:00+09:00,CMP-S01-L04-01,S01,S01-L04,1,running,169.2934,470.2193,102.0055,38.6478,-0.2047,A,relation-reasoning-agent-eval-v3.1
2026-08-25T00:20:00+09:00,CMP-S01-L05-01,S01,S01-L05,0,maintenance,169.8703,421.7984,100.6998,47.9618,1.1887,B,relation-reasoning-agent-eval-v3.1
2026-08-25T00:30:00+09:00,CMP-S01-L01-01,S01,S01-L01,1,running,167.3109,513.823,95.0896,50.5151,1.9785,B,relation-reasoning-agent-eval-v3.1
2026-08-25T00:30:00+09:00,CMP-S01-L02-01,S01,S01-L02,1,running,147.8038,382.101,103.728,52.1169,2.4146,C,relation-reasoning-agent-eval-v3.1
2026-08-25T00:30:00+09:00,CMP-S01-L03-01,S01,S01-L03,1,running,160.0227,506.4389,101.826,30.0161,-1.9527,B,relation-reasoning-agent-eval-v3.1
2026-08-25T00:30:00+09:00,CMP-S01-L04-01,S01,S01-L04,1,running,168.6465,482.3697,103.2884,41.7016,0.3608,A,relation-reasoning-agent-eval-v3.1
2026-08-25T00:30:00+09:00,CMP-S01-L05-01,S01,S01-L05,0,maintenance,163.2705,449.3009,99.579,39.1649,-0.4403,A,relation-reasoning-agent-eval-v3.1
2026-08-25T00:40:00+09:00,CMP-S01-L01-01,S01,S01-L01,1,running,173.689,461.7297,96.1212,43.8091,0.7366,A,relation-reasoning-agent-eval-v3.1
2026-08-25T00:40:00+09:00,CMP-S01-L02-01,S01,S01-L02,1,running,139.8026,361.5637,105.9854,51.4692,2.2946,C,relation-reasoning-agent-eval-v3.1
2026-08-25T00:40:00+09:00,CMP-S01-L03-01,S01,S01-L03,1,running,150.9268,463.661,100.6304,32.8415,-1.4294,B,relation-reasoning-agent-eval-v3.1
2026-08-25T00:40:00+09:00,CMP-S01-L04-01,S01,S01-L04,1,running,146.9227,439.1446,111.5027,43.4107,0.6773,A,relation-reasoning-agent-eval-v3.1
2026-08-25T00:40:00+09:00,CMP-S01-L05-01,S01,S01-L05,0,maintenance,182.6436,463.1071,99.6915,37.4892,-0.7506,A,relation-reasoning-agent-eval-v3.1
2026-08-25T00:50:00+09:00,CMP-S01-L01-01,S01,S01-L01,1,running,171.8877,447.1626,101.0166,47.4435,1.4097,B,relation-reasoning-agent-eval-v3.1
2026-08-25T00:50:00+09:00,CMP-S01-L02-01,S01,S01-L02,1,running,142.5937,350.4164,101.0712,48.147,1.6794,B,relation-reasoning-agent-eval-v3.1
2026-08-25T00:50:00+09:00,CMP-S01-L03-01,S01,S01-L03,1,running,161.7212,411.4978,100.8295,36.1182,-0.8226,A,relation-reasoning-agent-eval-v3.1
2026-08-25T00:50:00+09:00,CMP-S01-L04-01,S01,S01-L04,1,running,147.0018,450.4806,114.3334,38.269,-0.2748,A,relation-reasoning-agent-eval-v3.1
2026-08-25T00:50:00+09:00,CMP-S01-L05-01,S01,S01-L05,0,maintenance,180.5719,462.4568,102.9841,37.4861,-0.7512,A,relation-reasoning-agent-eval-v3.1
2026-08-25T01:00:00+09:00,CMP-S01-L01-01,S01,S01-L01,1,running,185.7902,404.9148,104.0666,49.8446,1.8543,B,relation-reasoning-agent-eval-v3.1
2026-08-25T01:00:00+09:00,CMP-S01-L02-01,S01,S01-L02,1,running,137.2163,405.5869,102.0786,47.6768,1.5923,B,relation-reasoning-agent-eval-v3.1
2026-08-25T01:00:00+09:00,CMP-S01-L03-01,S01,S01-L03,1,running,157.0945,417.5754,104.1883,34.8378,-1.0597,B,relation-reasoning-agent-eval-v3.1
2026-08-25T01:00:00+09:00,CMP-S01-L04-01,S01,S01-L04,1,running,141.3536,470.8413,107.2391,39.156,-0.1106,A,relation-reasoning-agent-eval-v3.1
2026-08-25T01:00:00+09:00,CMP-S01-L05-01,S01,S01-L05,0,maintenance,169.6583,473.9998,100.4854,43.21,0.3088,A,relation-reasoning-agent-eval-v3.1
2026-08-25T01:10:00+09:00,CMP-S01-L01-01,S01,S01-L01,1,running,186.583,421.141,102.5909,45.3254,1.0174,B,relation-reasoning-agent-eval-v3.1
2026-08-25T01:10:00+09:00,CMP-S01-L02-01,S01,S01-L02,1,running,144.4302,421.1285,102.4051,48.1698,1.6836,B,relation-reasoning-agent-eval-v3.1
2026-08-25T01:10:00+09:00,CMP-S01-L03-01,S01,S01-L03,1,running,157.694,435.7323,100.7381,38.7281,-0.3393,A,relation-reasoning-agent-eval-v3.1
2026-08-25T01:10:00+09:00,CMP-S01-L04-01,S01,S01-L04,1,running,166.0562,489.9042,108.1725,38.5435,-0.224,A,relation-reasoning-agent-eval-v3.1
2026-08-25T01:10:00+09:00,CMP-S01-L05-01,S01,S01-L05,0,maintenance,178.2076,480.3304,109.1973,43.3865,0.3415,A,relation-reasoning-agent-eval-v3.1
2026-08-25T01:20:00+09:00,CMP-S01-L01-01,S01,S01-L01,1,running,175.7354,409.2038,98.3821,44.8497,0.9293,A,relation-reasoning-agent-eval-v3.1
2026-08-25T01:20:00+09:00,CMP-S01-L02-01,S01,S01-L02,1,running,134.0697,469.4206,103.4861,43.8764,0.8885,A,relation-reasoning-agent-eval-v3.1
2026-08-25T01:20:00+09:00,CMP-S01-L03-01,S01,S01-L03,1,running,149.7752,429.2833,99.4932,39.4885,-0.1985,A,relation-reasoning-agent-eval-v3.1
2026-08-25T01:20:00+09:00,CMP-S01-L04-01,S01,S01-L04,1,running,170.8135,481.9092,108.296,37.1248,-0.4867,A,relation-reasoning-agent-eval-v3.1
2026-08-25T01:20:00+09:00,CMP-S01-L05-01,S01,S01-L05,0,maintenance,165.3736,429.4791,102.5931,42.1644,0.1151,A,relation-reasoning-agent-eval-v3.1
2026-08-25T01:30:00+09:00,CMP-S01-L01-01,S01,S01-L01,1,running,197.0762,439.81,97.1574,44.4025,0.8465,A,relation-reasoning-agent-eval-v3.1
2026-08-25T01:30:00+09:00,CMP-S01-L02-01,S01,S01-L02,1,running,162.105,443.1487,110.4156,33.8568,-0.9669,A,relation-reasoning-agent-eval-v3.1
2026-08-25T01:30:00+09:00,CMP-S01-L03-01,S01,S01-L03,1,running,144.6611,458.568,101.9271,42.9742,0.447,A,relation-reasoning-agent-eval-v3.1
2026-08-25T01:30:00+09:00,CMP-S01-L04-01,S01,S01-L04,1,running,190.8429,468.043,100.4026,32.9257,-1.2643,B,relation-reasoning-agent-eval-v3.1
2026-08-25T01:30:00+09:00,CMP-S01-L05-01,S01,S01-L05,0,maintenance,154.2011,430.4375,104.9693,46.6874,0.9527,A,relation-reasoning-agent-eval-v3.1
2026-08-25T01:40:00+09:00,CMP-S01-L01-01,S01,S01-L01,1,running,186.5404,489.4278,94.5949,41.7271,0.3511,A,relation-reasoning-agent-eval-v3.1
2026-08-25T01:40:00+09:00,CMP-S01-L02-01,S01,S01-L02,1,running,150.7528,423.3544,111.6717,37.7471,-0.2465,A,relation-reasoning-agent-eval-v3.1
2026-08-25T01:40:00+09:00,CMP-S01-L03-01,S01,S01-L03,1,running,140.1999,465.6869,99.7416,40.693,0.0245,A,relation-reasoning-agent-eval-v3.1
2026-08-25T01:40:00+09:00,CMP-S01-L04-01,S01,S01-L04,1,running,183.6553,515.6541,103.6125,27.1633,-2.3314,C,relation-reasoning-agent-eval-v3.1
2026-08-25T01:40:00+09:00,CMP-S01-L05-01,S01,S01-L05,0,maintenance,149.422,428.5342,107.6196,48.5352,1.2949,B,relation-reasoning-agent-eval-v3.1
2026-08-25T01:50:00+09:00,CMP-S01-L01-01,S01,S01-L01,1,running,191.987,434.5409,95.0206,36.8405,-0.5538,A,relation-reasoning-agent-eval-v3.1
2026-08-25T01:50:00+09:00,CMP-S01-L02-01,S01,S01-L02,1,running,175.5837,424.3741,110.3692,37.7402,-0.2478,A,relation-reasoning-agent-eval-v3.1
2026-08-25T01:50:00+09:00,CMP-S01-L03-01,S01,S01-L03,1,running,129.2962,473.1235,99.0072,44.1003,0.6555,A,relation-reasoning-agent-eval-v3.1
2026-08-25T01:50:00+09:00,CMP-S01-L04-01,S01,S01-L04,1,running,168.3821,462.867,103.769,34.6578,-0.9436,A,relation-reasoning-agent-eval-v3.1
2026-08-25T01:50:00+09:00,CMP-S01-L05-01,S01,S01-L05,0,maintenance,167.5485,396.0672,107.5571,48.1469,1.223,B,relation-reasoning-agent-eval-v3.1
2026-08-25T02:00:00+09:00,CMP-S01-L01-01,S01,S01-L01,1,running,171.0953,429.1801,99.2142,35.3146,-0.8364,A,relation-reasoning-agent-eval-v3.1
2026-08-25T02:00:00+09:00,CMP-S01-L02-01,S01,S01-L02,1,running,172.753,406.6974,111.9969,41.1703,0.3874,A,relation-reasoning-agent-eval-v3.1
2026-08-25T02:00:00+09:00,CMP-S01-L03-01,S01,S01-L03,1,running,114.7486,453.8241,100.3363,44.3759,0.7066,A,relation-reasoning-agent-eval-v3.1
2026-08-25T02:00:00+09:00,CMP-S01-L04-01,S01,S01-L04,1,running,177.893,445.7782,108.0544,35.9951,-0.6959,A,relation-reasoning-agent-eval-v3.1
2026-08-25T02:00:00+09:00,CMP-S01-L05-01,S01,S01-L05,0,maintenance,179.2049,392.7765,97.819,50.8522,1.724,B,relation-reasoning-agent-eval-v3.1
2026-08-25T02:10:00+09:00,CMP-S01-L01-01,S01,S01-L01,1,running,172.463,445.4013,104.8127,40.5766,0.138,A,relation-reasoning-agent-eval-v3.1
2026-08-25T02:10:00+09:00,CMP-S01-L02-01,S01,S01-L02,1,running,166.9091,408.4975,112.9207,38.1789,-0.1666,A,relation-reasoning-agent-eval-v3.1
2026-08-25T02:10:00+09:00,CMP-S01-L03-01,S01,S01-L03,1,running,139.6425,413.6152,103.3102,44.9821,0.8188,A,relation-reasoning-agent-eval-v3.1
2026-08-25T02:10:00+09:00,CMP-S01-L04-01,S01,S01-L04,1,running,161.7013,433.5762,106.9914,39.4391,-0.0581,A,relation-reasoning-agent-eval-v3.1
2026-08-25T02:10:00+09:00,CMP-S01-L05-01,S01,S01-L05,0,maintenance,173.093,411.3766,99.2503,54.4462,2.3896,C,relation-reasoning-agent-eval-v3.1
2026-08-25T02:20:00+09:00,CMP-S01-L01-01,S01,S01-L01,1,running,169.5817,435.6791,101.564,38.208,-0.3006,A,relation-reasoning-agent-eval-v3.1
2026-08-25T02:20:00+09:00,CMP-S01-L02-01,S01,S01-L02,1,running,174.8283,381.3731,107.8994,35.4804,-0.6663,A,relation-reasoning-agent-eval-v3.1
2026-08-25T02:20:00+09:00,CMP-S01-L03-01,S01,S01-L03,1,running,132.9061,468.9068,100.6443,50.1902,1.7833,B,relation-reasoning-agent-eval-v3.1
2026-08-25T02:20:00+09:00,CMP-S01-L04-01,S01,S01-L04,1,running,167.0048,426.6086,99.1643,36.034,-0.6887,A,relation-reasoning-agent-eval-v3.1
2026-08-25T02:20:00+09:00,CMP-S01-L05-01,S01,S01-L05,0,maintenance,158.9142,417.8639,97.0627,52.4845,2.0263,C,relation-reasoning-agent-eval-v3.1
2026-08-25T02:30:00+09:00,CMP-S01-L01-01,S01,S01-L01,1,running,149.9555,430.6768,111.5638,39.5048,-0.0605,A,relation-reasoning-agent-eval-v3.1
2026-08-25T02:30:00+09:00,CMP-S01-L02-01,S01,S01-L02,1,running,171.7053,380.0394,110.6636,39.2667,0.0349,A,relation-reasoning-agent-eval-v3.1
2026-08-25T02:30:00+09:00,CMP-S01-L03-01,S01,S01-L03,1,running,144.3275,460.6383,100.2021,46.7227,1.1412,B,relation-reasoning-agent-eval-v3.1
2026-08-25T02:30:00+09:00,CMP-S01-L04-01,S01,S01-L04,1,running,150.8433,429.2889,100.1784,35.3289,-0.8193,A,relation-reasoning-agent-eval-v3.1
2026-08-25T02:30:00+09:00,CMP-S01-L05-01,S01,S01-L05,0,maintenance,154.7563,436.6553,92.06,51.3134,1.8094,B,relation-reasoning-agent-eval-v3.1
2026-08-25T02:40:00+09:00,CMP-S01-L01-01,S01,S01-L01,1,running,146.1914,424.0096,107.5476,40.3114,0.0889,A,relation-reasoning-agent-eval-v3.1
2026-08-25T02:40:00+09:00,CMP-S01-L02-01,S01,S01-L02,1,running,158.5668,418.2567,110.3078,37.5463,-0.2837,A,relation-reasoning-agent-eval-v3.1
2026-08-25T02:40:00+09:00,CMP-S01-L03-01,S01,S01-L03,1,running,151.7639,400.9306,111.4875,46.7946,1.1545,B,relation-reasoning-agent-eval-v3.1
2026-08-25T02:40:00+09:00,CMP-S01-L04-01,S01,S01-L04,1,running,186.3495,468.0579,98.1192,33.7648,-1.1089,B,relation-reasoning-agent-eval-v3.1
2026-08-25T02:40:00+09:00,CMP-S01-L05-01,S01,S01-L05,0,maintenance,163.5535,437.3475,88.9585,45.7332,0.776,A,relation-reasoning-agent-eval-v3.1
2026-08-25T02:50:00+09:00,CMP-S01-L01-01,S01,S01-L01,1,running,155.3407,393.6047,104.1261,36.5078,-0.6155,A,relation-reasoning-agent-eval-v3.1
2026-08-25T02:50:00+09:00,CMP-S01-L02-01,S01,S01-L02,1,running,155.3035,442.2839,108.8536,41.5155,0.4513,A,relation-reasoning-agent-eval-v3.1
2026-08-25T02:50:00+09:00,CMP-S01-L03-01,S01,S01-L03,1,running,141.7168,445.703,116.1452,46.2867,1.0604,B,relation-reasoning-agent-eval-v3.1
2026-08-25T02:50:00+09:00,CMP-S01-L04-01,S01,S01-L04,1,running,202.4369,497.0034,97.4387,37.9801,-0.3283,A,relation-reasoning-agent-eval-v3.1
2026-08-25T02:50:00+09:00,CMP-S01-L05-01,S01,S01-L05,0,maintenance,165.2058,443.0249,87.5749,43.2313,0.3127,A,relation-reasoning-agent-eval-v3.1
2026-08-25T03:00:00+09:00,CMP-S01-L01-01,S01,S01-L01,1,running,178.5264,464.552,100.3238,41.6995,0.346,A,relation-reasoning-agent-eval-v3.1
2026-08-25T03:00:00+09:00,CMP-S01-L02-01,S01,S01-L02,1,running,163.6715,460.8542,111.2666,39.5433,0.0861,A,relation-reasoning-agent-eval-v3.1
2026-08-25T03:00:00+09:00,CMP-S01-L03-01,S01,S01-L03,1,running,153.3343,473.0828,114.8024,46.1248,1.0304,B,relation-reasoning-agent-eval-v3.1
2026-08-25T03:00:00+09:00,CMP-S01-L04-01,S01,S01-L04,1,running,182.8606,499.6025,98.871,44.0412,0.7941,A,relation-reasoning-agent-eval-v3.1
2026-08-25T03:00:00+09:00,CMP-S01-L05-01,S01,S01-L05,0,maintenance,162.478,426.8584,92.616,45.1821,0.674,A,relation-reasoning-agent-eval-v3.1
2026-08-25T03:10:00+09:00,CMP-S01-L01-01,S01,S01-L01,1,running,186.431,470.6828,95.4828,33.2158,-1.2251,B,relation-reasoning-agent-eval-v3.1
2026-08-25T03:10:00+09:00,CMP-S01-L02-01,S01,S01-L02,1,running,163.228,446.88,112.5751,37.6907,-0.257,A,relation-reasoning-agent-eval-v3.1
2026-08-25T03:10:00+09:00,CMP-S01-L03-01,S01,S01-L03,1,running,167.9775,472.8862,114.5274,45.4081,0.8977,A,relation-reasoning-agent-eval-v3.1
2026-08-25T03:10:00+09:00,CMP-S01-L04-01,S01,S01-L04,1,running,184.7825,540.1185,104.2931,48.2762,1.5784,B,relation-reasoning-agent-eval-v3.1
2026-08-25T03:10:00+09:00,CMP-S01-L05-01,S01,S01-L05,0,maintenance,162.245,434.4467,98.6268,39.8622,-0.3112,A,relation-reasoning-agent-eval-v3.1
2026-08-25T03:20:00+09:00,CMP-S01-L01-01,S01,S01-L01,1,running,183.6123,424.5902,103.593,34.5105,-0.9853,A,relation-reasoning-agent-eval-v3.1
2026-08-25T03:20:00+09:00,CMP-S01-L02-01,S01,S01-L02,1,running,153.8758,477.3666,112.14,39.6274,0.1017,A,relation-reasoning-agent-eval-v3.1
2026-08-25T03:20:00+09:00,CMP-S01-L03-01,S01,S01-L03,1,running,149.2789,506.5976,107.3892,45.079,0.8368,A,relation-reasoning-agent-eval-v3.1
2026-08-25T03:20:00+09:00,CMP-S01-L04-01,S01,S01-L04,1,running,187.438,493.0127,102.8246,50.4737,1.9853,B,relation-reasoning-agent-eval-v3.1
2026-08-25T03:20:00+09:00,CMP-S01-L05-01,S01,S01-L05,0,maintenance,164.5335,464.935,107.2583,35.2805,-1.1597,B,relation-reasoning-agent-eval-v3.1
2026-08-25T03:30:00+09:00,CMP-S01-L01-01,S01,S01-L01,1,running,199.0051,471.6184,106.0026,35.2275,-0.8525,A,relation-reasoning-agent-eval-v3.1
2026-08-25T03:30:00+09:00,CMP-S01-L02-01,S01,S01-L02,1,running,161.0804,428.5131,105.5124,38.8605,-0.0403,A,relation-reasoning-agent-eval-v3.1
2026-08-25T03:30:00+09:00,CMP-S01-L03-01,S01,S01-L03,1,running,160.9894,463.1986,112.922,45.7687,0.9645,A,relation-reasoning-agent-eval-v3.1
2026-08-25T03:30:00+09:00,CMP-S01-L04-01,S01,S01-L04,1,running,168.6481,477.6019,107.0694,39.3564,-0.0735,A,relation-reasoning-agent-eval-v3.1
2026-08-25T03:30:00+09:00,CMP-S01-L05-01,S01,S01-L05,0,maintenance,165.6177,476.9194,108.1231,35.3957,-1.1383,B,relation-reasoning-agent-eval-v3.1
2026-08-25T03:40:00+09:00,CMP-S01-L01-01,S01,S01-L01,1,running,192.3532,428.6822,110.0145,42.7105,0.5332,A,relation-reasoning-agent-eval-v3.1
2026-08-25T03:40:00+09:00,CMP-S01-L02-01,S01,S01-L02,1,running,169.676,460.6185,109.9934,37.8411,-0.2291,A,relation-reasoning-agent-eval-v3.1
2026-08-25T03:40:00+09:00,CMP-S01-L03-01,S01,S01-L03,1,running,146.3455,470.6663,112.1558,46.8186,1.1589,B,relation-reasoning-agent-eval-v3.1
2026-08-25T03:40:00+09:00,CMP-S01-L04-01,S01,S01-L04,1,running,182.843,492.2296,111.3928,42.5883,0.525,A,relation-reasoning-agent-eval-v3.1
2026-08-25T03:40:00+09:00,CMP-S01-L05-01,S01,S01-L05,0,maintenance,187.9203,450.5375,109.0185,38.4129,-0.5796,A,relation-reasoning-agent-eval-v3.1
2026-08-25T03:50:00+09:00,CMP-S01-L01-01,S01,S01-L01,1,running,173.03,473.6477,101.4449,44.2268,0.814,A,relation-reasoning-agent-eval-v3.1
2026-08-25T03:50:00+09:00,CMP-S01-L02-01,S01,S01-L02,1,running,165.7591,431.0018,107.2781,36.5708,-0.4643,A,relation-reasoning-agent-eval-v3.1
2026-08-25T03:50:00+09:00,CMP-S01-L03-01,S01,S01-L03,1,running,137.5684,493.4785,107.1157,50.8773,1.9105,B,relation-reasoning-agent-eval-v3.1
2026-08-25T03:50:00+09:00,CMP-S01-L04-01,S01,S01-L04,1,running,188.7583,409.5269,116.4231,43.1065,0.621,A,relation-reasoning-agent-eval-v3.1
2026-08-25T03:50:00+09:00,CMP-S01-L05-01,S01,S01-L05,0,maintenance,179.4697,425.147,105.5667,39.8914,-0.3058,A,relation-reasoning-agent-eval-v3.1
2026-08-25T04:00:00+09:00,CMP-S01-L01-01,S01,S01-L01,1,running,182.1049,489.1057,96.942,43.5545,0.6895,A,relation-reasoning-agent-eval-v3.1
2026-08-25T04:00:00+09:00,CMP-S01-L02-01,S01,S01-L02,1,running,177.2675,391.8929,107.9448,33.3186,-1.0666,B,relation-reasoning-agent-eval-v3.1
2026-08-25T04:00:00+09:00,CMP-S01-L03-01,S01,S01-L03,1,running,159.5897,463.0467,99.387,38.4691,-0.3873,A,relation-reasoning-agent-eval-v3.1
2026-08-25T04:00:00+09:00,CMP-S01-L04-01,S01,S01-L04,1,running,180.1289,445.7374,115.5731,44.8657,0.9468,A,relation-reasoning-agent-eval-v3.1
2026-08-25T04:00:00+09:00,CMP-S01-L05-01,S01,S01-L05,0,maintenance,180.8902,438.3738,106.8116,41.5603,0.0033,A,relation-reasoning-agent-eval-v3.1
2026-08-25T04:10:00+09:00,CMP-S01-L01-01,S01,S01-L01,1,running,175.962,524.0829,101.9534,40.8854,0.1952,A,relation-reasoning-agent-eval-v3.1
2026-08-25T04:10:00+09:00,CMP-S01-L02-01,S01,S01-L02,1,running,183.9151,463.5674,105.63,39.607,0.0979,A,relation-reasoning-agent-eval-v3.1
2026-08-25T04:10:00+09:00,CMP-S01-L03-01,S01,S01-L03,1,running,160.5509,440.3822,100.2727,40.5133,-0.0087,A,relation-reasoning-agent-eval-v3.1
2026-08-25T04:10:00+09:00,CMP-S01-L04-01,S01,S01-L04,1,running,172.6349,401.7423,110.4283,39.0583,-0.1287,A,relation-reasoning-agent-eval-v3.1
2026-08-25T04:10:00+09:00,CMP-S01-L05-01,S01,S01-L05,0,maintenance,202.272,409.3479,104.9405,50.5087,1.6604,B,relation-reasoning-agent-eval-v3.1
2026-08-25T04:20:00+09:00,CMP-S01-L01-01,S01,S01-L01,1,running,191.7853,519.6382,101.2787,38.8832,-0.1756,A,relation-reasoning-agent-eval-v3.1
2026-08-25T04:20:00+09:00,CMP-S01-L02-01,S01,S01-L02,1,running,166.7223,445.5312,112.0859,38.5425,-0.0992,A,relation-reasoning-agent-eval-v3.1
2026-08-25T04:20:00+09:00,CMP-S01-L03-01,S01,S01-L03,1,running,165.9384,460.0422,101.5171,40.74,0.0332,A,relation-reasoning-agent-eval-v3.1
2026-08-25T04:20:00+09:00,CMP-S01-L04-01,S01,S01-L04,1,running,170.621,455.7454,115.93,43.6985,0.7306,A,relation-reasoning-agent-eval-v3.1
2026-08-25T04:20:00+09:00,CMP-S01-L05-01,S01,S01-L05,0,maintenance,211.9725,370.4549,99.266,44.9171,0.6249,A,relation-reasoning-agent-eval-v3.1
2026-08-25T04:30:00+09:00,CMP-S01-L01-01,S01,S01-L01,1,running,177.1733,467.6057,90.1625,42.1252,0.4248,A,relation-reasoning-agent-eval-v3.1
2026-08-25T04:30:00+09:00,CMP-S01-L02-01,S01,S01-L02,1,running,155.5776,414.4325,107.941,44.6618,1.034,B,relation-reasoning-agent-eval-v3.1
2026-08-25T04:30:00+09:00,CMP-S01-L03-01,S01,S01-L03,1,running,168.7939,523.7145,106.9784,39.8396,-0.1335,A,relation-reasoning-agent-eval-v3.1
2026-08-25T04:30:00+09:00,CMP-S01-L04-01,S01,S01-L04,1,running,189.4513,480.9826,105.0488,48.7138,1.6594,B,relation-reasoning-agent-eval-v3.1
2026-08-25T04:30:00+09:00,CMP-S01-L05-01,S01,S01-L05,0,maintenance,211.6869,427.0008,101.6377,47.0617,1.0221,B,relation-reasoning-agent-eval-v3.1
2026-08-25T04:40:00+09:00,CMP-S01-L01-01,S01,S01-L01,1,running,169.4546,542.9538,97.4633,41.7013,0.3463,A,relation-reasoning-agent-eval-v3.1
2026-08-25T04:40:00+09:00,CMP-S01-L02-01,S01,S01-L02,1,running,156.2982,374.29,108.0872,41.6851,0.4827,A,relation-reasoning-agent-eval-v3.1
2026-08-25T04:40:00+09:00,CMP-S01-L03-01,S01,S01-L03,1,running,166.6562,475.8596,109.3071,43.9767,0.6326,A,relation-reasoning-agent-eval-v3.1
2026-08-25T04:40:00+09:00,CMP-S01-L04-01,S01,S01-L04,1,running,193.9574,484.1283,110.1682,48.7157,1.6597,B,relation-reasoning-agent-eval-v3.1
2026-08-25T04:40:00+09:00,CMP-S01-L05-01,S01,S01-L05,0,maintenance,214.445,454.5515,101.0335,49.3217,1.4406,B,relation-reasoning-agent-eval-v3.1
2026-08-25T04:50:00+09:00,CMP-S01-L01-01,S01,S01-L01,1,running,156.2585,563.4545,92.3579,39.2335,-0.1107,A,relation-reasoning-agent-eval-v3.1
2026-08-25T04:50:00+09:00,CMP-S01-L02-01,S01,S01-L02,1,running,151.7419,374.4256,111.2267,43.8369,0.8812,A,relation-reasoning-agent-eval-v3.1
2026-08-25T04:50:00+09:00,CMP-S01-L03-01,S01,S01-L03,1,running,174.3217,440.9131,108.011,43.411,0.5279,A,relation-reasoning-agent-eval-v3.1
2026-08-25T04:50:00+09:00,CMP-S01-L04-01,S01,S01-L04,1,running,186.8057,490.1181,106.8519,41.8574,0.3897,A,relation-reasoning-agent-eval-v3.1
2026-08-25T04:50:00+09:00,CMP-S01-L05-01,S01,S01-L05,0,maintenance,185.2544,486.1581,96.1391,48.6896,1.3235,B,relation-reasoning-agent-eval-v3.1
2026-08-25T05:00:00+09:00,CMP-S01-L01-01,S01,S01-L01,1,running,165.9592,504.0553,98.0089,43.0022,0.5872,A,relation-reasoning-agent-eval-v3.1
2026-08-25T05:00:00+09:00,CMP-S01-L02-01,S01,S01-L02,1,running,153.2807,323.8024,110.3345,42.8462,0.6978,A,relation-reasoning-agent-eval-v3.1
2026-08-25T05:00:00+09:00,CMP-S01-L03-01,S01,S01-L03,1,running,165.2425,432.3693,110.7505,38.1383,-0.4486,A,relation-reasoning-agent-eval-v3.1
2026-08-25T05:00:00+09:00,CMP-S01-L04-01,S01,S01-L04,1,running,194.8765,491.6807,105.9027,43.7016,0.7312,A,relation-reasoning-agent-eval-v3.1
2026-08-25T05:00:00+09:00,CMP-S01-L05-01,S01,S01-L05,0,maintenance,185.6755,495.7024,90.9663,44.6072,0.5675,A,relation-reasoning-agent-eval-v3.1
2026-08-25T05:10:00+09:00,CMP-S01-L01-01,S01,S01-L01,1,running,175.2171,469.2275,107.2949,41.3402,0.2794,A,relation-reasoning-agent-eval-v3.1
2026-08-25T05:10:00+09:00,CMP-S01-L02-01,S01,S01-L02,1,running,156.144,420.2805,110.4333,40.2303,0.2133,A,relation-reasoning-agent-eval-v3.1
2026-08-25T05:10:00+09:00,CMP-S01-L03-01,S01,S01-L03,1,running,166.1605,476.7549,102.9603,29.4179,-2.0634,C,relation-reasoning-agent-eval-v3.1
2026-08-25T05:10:00+09:00,CMP-S01-L04-01,S01,S01-L04,1,running,178.103,501.1343,104.8986,42.6689,0.54,A,relation-reasoning-agent-eval-v3.1
2026-08-25T05:10:00+09:00,CMP-S01-L05-01,S01,S01-L05,0,maintenance,182.7048,477.4288,98.1542,39.6652,-0.3477,A,relation-reasoning-agent-eval-v3.1
2026-08-25T05:20:00+09:00,CMP-S01-L01-01,S01,S01-L01,1,running,164.9179,486.3149,105.4303,38.7917,-0.1925,A,relation-reasoning-agent-eval-v3.1
2026-08-25T05:20:00+09:00,CMP-S01-L02-01,S01,S01-L02,1,running,166.3313,454.6992,112.9538,38.947,-0.0243,A,relation-reasoning-agent-eval-v3.1
2026-08-25T05:20:00+09:00,CMP-S01-L03-01,S01,S01-L03,1,running,161.1879,536.5252,112.6574,33.4892,-1.3095,B,relation-reasoning-agent-eval-v3.1
2026-08-25T05:20:00+09:00,CMP-S01-L04-01,S01,S01-L04,1,running,180.6801,583.3911,99.7239,39.2967,-0.0845,A,relation-reasoning-agent-eval-v3.1
2026-08-25T05:20:00+09:00,CMP-S01-L05-01,S01,S01-L05,0,maintenance,176.7889,430.833,93.0048,37.0287,-0.8359,A,relation-reasoning-agent-eval-v3.1
2026-08-25T05:30:00+09:00,CMP-S01-L01-01,S01,S01-L01,1,running,200.8142,427.9153,109.5024,41.7741,0.3598,A,relation-reasoning-agent-eval-v3.1
2026-08-25T05:30:00+09:00,CMP-S01-L02-01,S01,S01-L02,1,running,183.2728,476.5327,102.7741,37.2018,-0.3475,A,relation-reasoning-agent-eval-v3.1
2026-08-25T05:30:00+09:00,CMP-S01-L03-01,S01,S01-L03,1,running,156.3945,527.4019,108.9081,37.3106,-0.6018,A,relation-reasoning-agent-eval-v3.1
2026-08-25T05:30:00+09:00,CMP-S01-L04-01,S01,S01-L04,1,running,182.6888,576.6397,101.1409,45.19,1.0068,B,relation-reasoning-agent-eval-v3.1
2026-08-25T05:30:00+09:00,CMP-S01-L05-01,S01,S01-L05,0,maintenance,171.8323,416.4761,94.8817,42.5573,0.1879,A,relation-reasoning-agent-eval-v3.1
2026-08-25T05:40:00+09:00,CMP-S01-L01-01,S01,S01-L01,1,running,193.0315,456.0019,111.6582,38.9769,-0.1582,A,relation-reasoning-agent-eval-v3.1
2026-08-25T05:40:00+09:00,CMP-S01-L02-01,S01,S01-L02,1,running,187.9884,452.7266,105.3132,37.7637,-0.2434,A,relation-reasoning-agent-eval-v3.1
2026-08-25T05:40:00+09:00,CMP-S01-L03-01,S01,S01-L03,1,running,144.6399,530.7225,104.1632,42.8432,0.4227,A,relation-reasoning-agent-eval-v3.1
2026-08-25T05:40:00+09:00,CMP-S01-L04-01,S01,S01-L04,1,running,179.1127,562.4618,98.4872,41.6782,0.3565,A,relation-reasoning-agent-eval-v3.1
2026-08-25T05:40:00+09:00,CMP-S01-L05-01,S01,S01-L05,0,maintenance,178.4251,373.0461,89.7612,39.4975,-0.3787,A,relation-reasoning-agent-eval-v3.1
2026-08-25T05:50:00+09:00,CMP-S01-L01-01,S01,S01-L01,1,running,182.3015,493.0839,111.4493,39.5724,-0.0479,A,relation-reasoning-agent-eval-v3.1
2026-08-25T05:50:00+09:00,CMP-S01-L02-01,S01,S01-L02,1,running,195.7113,504.3796,99.9718,33.3149,-1.0673,B,relation-reasoning-agent-eval-v3.1
2026-08-25T05:50:00+09:00,CMP-S01-L03-01,S01,S01-L03,1,running,142.3,557.1139,106.276,46.8455,1.1639,B,relation-reasoning-agent-eval-v3.1
2026-08-25T05:50:00+09:00,CMP-S01-L04-01,S01,S01-L04,1,running,190.6262,520.9775,99.2755,43.8656,0.7616,A,relation-reasoning-agent-eval-v3.1
2026-08-25T05:50:00+09:00,CMP-S01-L05-01,S01,S01-L05,0,maintenance,187.8813,405.4596,88.6659,46.2532,0.8723,A,relation-reasoning-agent-eval-v3.1
2026-08-25T06:00:00+09:00,CMP-S01-L01-01,S01,S01-L01,1,running,181.9556,495.884,101.8498,36.9102,-0.5409,A,relation-reasoning-agent-eval-v3.1
2026-08-25T06:00:00+09:00,CMP-S01-L02-01,S01,S01-L02,1,running,190.5027,516.9209,110.4754,28.7982,-1.9037,B,relation-reasoning-agent-eval-v3.1
2026-08-25T06:00:00+09:00,CMP-S01-L03-01,S01,S01-L03,1,running,149.5316,555.4271,102.0197,39.8426,-0.1329,A,relation-reasoning-agent-eval-v3.1
2026-08-25T06:00:00+09:00,CMP-S01-L04-01,S01,S01-L04,1,running,209.8201,514.4593,103.1421,44.0918,0.8035,A,relation-reasoning-agent-eval-v3.1
2026-08-25T06:00:00+09:00,CMP-S01-L05-01,S01,S01-L05,1,running,164.9178,421.6179,92.1865,47.1876,1.0454,B,relation-reasoning-agent-eval-v3.1
2026-08-25T06:10:00+09:00,CMP-S01-L01-01,S01,S01-L01,1,running,178.254,488.7932,102.977,37.472,-0.4369,A,relation-reasoning-agent-eval-v3.1
2026-08-25T06:10:00+09:00,CMP-S01-L02-01,S01,S01-L02,1,running,197.8397,496.3676,114.0596,32.2648,-1.2618,B,relation-reasoning-agent-eval-v3.1
2026-08-25T06:10:00+09:00,CMP-S01-L03-01,S01,S01-L03,1,running,145.8723,559.674,96.3786,34.5743,-1.1086,B,relation-reasoning-agent-eval-v3.1
2026-08-25T06:10:00+09:00,CMP-S01-L04-01,S01,S01-L04,1,running,198.628,485.2531,106.0852,50.2091,1.9363,B,relation-reasoning-agent-eval-v3.1
2026-08-25T06:10:00+09:00,CMP-S01-L05-01,S01,S01-L05,1,running,164.1819,384.6769,86.2631,46.5116,0.9202,A,relation-reasoning-agent-eval-v3.1
2026-08-25T06:20:00+09:00,CMP-S01-L01-01,S01,S01-L01,1,running,167.82,493.8636,114.11,35.8396,-0.7392,A,relation-reasoning-agent-eval-v3.1
2026-08-25T06:20:00+09:00,CMP-S01-L02-01,S01,S01-L02,1,running,194.6271,492.4656,108.8825,34.5971,-0.8299,A,relation-reasoning-agent-eval-v3.1
2026-08-25T06:20:00+09:00,CMP-S01-L03-01,S01,S01-L03,1,running,137.8084,492.1502,108.502,44.1664,0.6678,A,relation-reasoning-agent-eval-v3.1
2026-08-25T06:20:00+09:00,CMP-S01-L04-01,S01,S01-L04,1,running,183.825,525.778,103.2944,44.5361,0.8857,A,relation-reasoning-agent-eval-v3.1
2026-08-25T06:20:00+09:00,CMP-S01-L05-01,S01,S01-L05,1,running,164.2986,408.1982,96.1505,43.8992,0.4364,A,relation-reasoning-agent-eval-v3.1
2026-08-25T06:30:00+09:00,CMP-S01-L01-01,S01,S01-L01,1,running,169.8983,472.4572,112.048,37.7462,-0.3861,A,relation-reasoning-agent-eval-v3.1
2026-08-25T06:30:00+09:00,CMP-S01-L02-01,S01,S01-L02,1,running,169.7787,448.2604,104.0962,42.4032,0.6157,A,relation-reasoning-agent-eval-v3.1
2026-08-25T06:30:00+09:00,CMP-S01-L03-01,S01,S01-L03,1,running,147.3186,439.2427,106.4548,42.2044,0.3044,A,relation-reasoning-agent-eval-v3.1
2026-08-25T06:30:00+09:00,CMP-S01-L04-01,S01,S01-L04,1,running,171.7981,484.914,103.923,47.8147,1.4929,B,relation-reasoning-agent-eval-v3.1
2026-08-25T06:30:00+09:00,CMP-S01-L05-01,S01,S01-L05,1,running,177.2178,375.3017,93.2682,40.0971,-0.2677,A,relation-reasoning-agent-eval-v3.1
2026-08-25T06:40:00+09:00,CMP-S01-L01-01,S01,S01-L01,1,running,183.8003,485.1205,111.9119,40.9534,0.2078,A,relation-reasoning-agent-eval-v3.1
2026-08-25T06:40:00+09:00,CMP-S01-L02-01,S01,S01-L02,1,running,173.8909,459.6381,104.8273,44.3643,0.9789,A,relation-reasoning-agent-eval-v3.1
2026-08-25T06:40:00+09:00,CMP-S01-L03-01,S01,S01-L03,1,running,147.4351,429.4579,105.8866,34.2875,-1.1617,B,relation-reasoning-agent-eval-v3.1
2026-08-25T06:40:00+09:00,CMP-S01-L04-01,S01,S01-L04,1,running,162.9177,464.391,102.6225,46.6885,1.2843,B,relation-reasoning-agent-eval-v3.1
2026-08-25T06:40:00+09:00,CMP-S01-L05-01,S01,S01-L05,1,running,179.8303,441.8993,89.6169,38.2133,-0.6165,A,relation-reasoning-agent-eval-v3.1
2026-08-25T06:50:00+09:00,CMP-S01-L01-01,S01,S01-L01,1,running,179.3732,440.0023,111.679,39.2722,-0.1035,A,relation-reasoning-agent-eval-v3.1
2026-08-25T06:50:00+09:00,CMP-S01-L02-01,S01,S01-L02,1,running,170.2185,491.8418,103.1964,44.7567,1.0516,B,relation-reasoning-agent-eval-v3.1
2026-08-25T06:50:00+09:00,CMP-S01-L03-01,S01,S01-L03,1,running,154.9591,430.3723,106.7588,45.3988,0.896,A,relation-reasoning-agent-eval-v3.1
2026-08-25T06:50:00+09:00,CMP-S01-L04-01,S01,S01-L04,1,running,168.2131,463.0395,101.6416,45.7794,1.116,B,relation-reasoning-agent-eval-v3.1
2026-08-25T06:50:00+09:00,CMP-S01-L05-01,S01,S01-L05,1,running,167.1173,395.1762,95.1099,34.0406,-1.3893,B,relation-reasoning-agent-eval-v3.1
2026-08-25T07:00:00+09:00,CMP-S01-L01-01,S01,S01-L01,1,running,182.082,462.7459,106.9578,35.2584,-0.8468,A,relation-reasoning-agent-eval-v3.1
2026-08-25T07:00:00+09:00,CMP-S01-L02-01,S01,S01-L02,1,running,158.8553,451.4559,109.7886,40.9841,0.3529,A,relation-reasoning-agent-eval-v3.1
2026-08-25T07:00:00+09:00,CMP-S01-L03-01,S01,S01-L03,1,running,166.2541,415.1338,108.1641,43.6819,0.578,A,relation-reasoning-agent-eval-v3.1
2026-08-25T07:00:00+09:00,CMP-S01-L04-01,S01,S01-L04,1,running,186.294,395.5859,106.9033,43.036,0.608,A,relation-reasoning-agent-eval-v3.1
2026-08-25T07:00:00+09:00,CMP-S01-L05-01,S01,S01-L05,1,running,171.5469,433.1263,101.3923,33.4649,-1.4959,B,relation-reasoning-agent-eval-v3.1
2026-08-25T07:10:00+09:00,CMP-S01-L01-01,S01,S01-L01,1,running,177.8203,442.7913,108.7319,38.4449,-0.2567,A,relation-reasoning-agent-eval-v3.1
2026-08-25T07:10:00+09:00,CMP-S01-L02-01,S01,S01-L02,1,running,168.9058,454.5942,109.2155,40.3987,0.2445,A,relation-reasoning-agent-eval-v3.1
2026-08-25T07:10:00+09:00,CMP-S01-L03-01,S01,S01-L03,1,running,162.8673,469.6378,111.8314,45.1082,0.8422,A,relation-reasoning-agent-eval-v3.1
2026-08-25T07:10:00+09:00,CMP-S01-L04-01,S01,S01-L04,1,running,185.2012,422.811,108.1616,41.6661,0.3543,A,relation-reasoning-agent-eval-v3.1
2026-08-25T07:10:00+09:00,CMP-S01-L05-01,S01,S01-L05,1,running,163.3811,383.4394,105.1995,41.934,0.0725,A,relation-reasoning-agent-eval-v3.1
2026-08-25T07:20:00+09:00,CMP-S01-L01-01,S01,S01-L01,1,running,176.8712,433.3943,108.8336,38.2711,-0.2889,A,relation-reasoning-agent-eval-v3.1
2026-08-25T07:20:00+09:00,CMP-S01-L02-01,S01,S01-L02,1,running,179.4405,457.9368,112.6169,36.9906,-0.3866,A,relation-reasoning-agent-eval-v3.1
2026-08-25T07:20:00+09:00,CMP-S01-L03-01,S01,S01-L03,1,running,162.2113,457.6151,105.2387,42.6414,0.3854,A,relation-reasoning-agent-eval-v3.1
2026-08-25T07:20:00+09:00,CMP-S01-L04-01,S01,S01-L04,1,running,167.7272,423.4815,104.5041,29.9212,-1.8207,B,relation-reasoning-agent-eval-v3.1
2026-08-25T07:20:00+09:00,CMP-S01-L05-01,S01,S01-L05,1,running,162.7099,415.0276,103.7374,38.8035,-0.5072,A,relation-reasoning-agent-eval-v3.1
2026-08-25T07:30:00+09:00,CMP-S01-L01-01,S01,S01-L01,1,running,170.1874,447.7756,106.6896,33.1807,-1.2316,B,relation-reasoning-agent-eval-v3.1
2026-08-25T07:30:00+09:00,CMP-S01-L02-01,S01,S01-L02,1,running,178.3548,452.1271,105.94,41.5325,0.4545,A,relation-reasoning-agent-eval-v3.1
2026-08-25T07:30:00+09:00,CMP-S01-L03-01,S01,S01-L03,1,running,178.945,448.9083,107.8196,37.919,-0.4892,A,relation-reasoning-agent-eval-v3.1
2026-08-25T07:30:00+09:00,CMP-S01-L04-01,S01,S01-L04,1,running,169.4049,398.559,110.5736,40.6929,0.174,A,relation-reasoning-agent-eval-v3.1
2026-08-25T07:30:00+09:00,CMP-S01-L05-01,S01,S01-L05,1,running,137.2324,433.4655,93.2586,43.738,0.4066,A,relation-reasoning-agent-eval-v3.1
2026-08-25T07:40:00+09:00,CMP-S01-L01-01,S01,S01-L01,1,running,187.9288,486.2372,111.1169,31.9856,-1.4529,B,relation-reasoning-agent-eval-v3.1
2026-08-25T07:40:00+09:00,CMP-S01-L02-01,S01,S01-L02,1,running,169.6321,444.3996,102.4304,40.6797,0.2966,A,relation-reasoning-agent-eval-v3.1
2026-08-25T07:40:00+09:00,CMP-S01-L03-01,S01,S01-L03,1,running,188.6525,417.4054,105.9542,36.0536,-0.8346,A,relation-reasoning-agent-eval-v3.1
2026-08-25T07:40:00+09:00,CMP-S01-L04-01,S01,S01-L04,1,running,189.1532,458.8463,109.2238,38.4924,-0.2335,A,relation-reasoning-agent-eval-v3.1
2026-08-25T07:40:00+09:00,CMP-S01-L05-01,S01,S01-L05,1,running,150.7801,441.2528,94.5446,40.7584,-0.1452,A,relation-reasoning-agent-eval-v3.1
2026-08-25T07:50:00+09:00,CMP-S01-L01-01,S01,S01-L01,1,running,191.3077,444.9385,107.1419,34.4797,-0.991,A,relation-reasoning-agent-eval-v3.1
2026-08-25T07:50:00+09:00,CMP-S01-L02-01,S01,S01-L02,1,running,161.497,453.4604,99.4196,35.0763,-0.7411,A,relation-reasoning-agent-eval-v3.1
2026-08-25T07:50:00+09:00,CMP-S01-L03-01,S01,S01-L03,1,running,179.3701,411.6913,104.1581,38.7695,-0.3317,A,relation-reasoning-agent-eval-v3.1
2026-08-25T07:50:00+09:00,CMP-S01-L04-01,S01,S01-L04,1,running,209.4383,457.1873,109.8044,40.9668,0.2248,A,relation-reasoning-agent-eval-v3.1
2026-08-25T07:50:00+09:00,CMP-S01-L05-01,S01,S01-L05,1,running,150.0734,462.0024,93.3519,39.0038,-0.4702,A,relation-reasoning-agent-eval-v3.1
2026-08-25T08:00:00+09:00,CMP-S01-L01-01,S01,S01-L01,1,running,197.9514,430.0967,109.0426,31.5409,-1.5352,B,relation-reasoning-agent-eval-v3.1
2026-08-25T08:00:00+09:00,CMP-S01-L02-01,S01,S01-L02,1,running,159.8776,409.8592,101.7956,34.3844,-0.8692,A,relation-reasoning-agent-eval-v3.1
2026-08-25T08:00:00+09:00,CMP-S01-L03-01,S01,S01-L03,1,running,187.4788,409.3758,106.1495,40.5557,-0.0009,A,relation-reasoning-agent-eval-v3.1
2026-08-25T08:00:00+09:00,CMP-S01-L04-01,S01,S01-L04,1,running,188.3016,424.3203,105.8061,43.4907,0.6921,A,relation-reasoning-agent-eval-v3.1
2026-08-25T08:00:00+09:00,CMP-S01-L05-01,S01,S01-L05,1,running,166.0355,546.6072,96.7386,35.4872,-1.1214,B,relation-reasoning-agent-eval-v3.1
2026-08-25T08:10:00+09:00,CMP-S01-L01-01,S01,S01-L01,1,running,188.6009,397.3366,110.6164,32.1154,-1.4289,B,relation-reasoning-agent-eval-v3.1
2026-08-25T08:10:00+09:00,CMP-S01-L02-01,S01,S01-L02,1,running,170.9678,419.4132,103.2597,35.1447,-0.7284,A,relation-reasoning-agent-eval-v3.1
2026-08-25T08:10:00+09:00,CMP-S01-L03-01,S01,S01-L03,1,running,192.1273,425.6582,111.8504,43.9098,0.6203,A,relation-reasoning-agent-eval-v3.1
2026-08-25T08:10:00+09:00,CMP-S01-L04-01,S01,S01-L04,1,running,179.4434,399.8059,108.0985,41.6802,0.3569,A,relation-reasoning-agent-eval-v3.1
2026-08-25T08:10:00+09:00,CMP-S01-L05-01,S01,S01-L05,1,running,173.7394,474.2816,95.1637,37.8296,-0.6876,A,relation-reasoning-agent-eval-v3.1
2026-08-25T08:20:00+09:00,CMP-S01-L01-01,S01,S01-L01,1,running,183.493,411.1889,108.8549,31.9117,-1.4666,B,relation-reasoning-agent-eval-v3.1
2026-08-25T08:20:00+09:00,CMP-S01-L02-01,S01,S01-L02,1,running,150.9716,455.9058,101.0301,34.8066,-0.7911,A,relation-reasoning-agent-eval-v3.1
2026-08-25T08:20:00+09:00,CMP-S01-L03-01,S01,S01-L03,1,running,192.6793,436.8292,109.3955,45.4871,0.9123,A,relation-reasoning-agent-eval-v3.1
2026-08-25T08:20:00+09:00,CMP-S01-L04-01,S01,S01-L04,1,running,176.567,397.0785,103.5392,40.4404,0.1273,A,relation-reasoning-agent-eval-v3.1
2026-08-25T08:20:00+09:00,CMP-S01-L05-01,S01,S01-L05,1,running,169.2334,432.1626,95.1763,45.8779,0.8028,A,relation-reasoning-agent-eval-v3.1
2026-08-25T08:30:00+09:00,CMP-S01-L01-01,S01,S01-L01,1,running,169.6622,423.5491,100.4727,35.2308,-0.8519,A,relation-reasoning-agent-eval-v3.1
2026-08-25T08:30:00+09:00,CMP-S01-L02-01,S01,S01-L02,1,running,166.7541,438.7264,93.9615,25.5703,-2.5015,C,relation-reasoning-agent-eval-v3.1
2026-08-25T08:30:00+09:00,CMP-S01-L03-01,S01,S01-L03,1,running,188.719,443.3698,111.6696,35.7303,-0.8945,A,relation-reasoning-agent-eval-v3.1
2026-08-25T08:30:00+09:00,CMP-S01-L04-01,S01,S01-L04,1,running,171.7445,420.9932,109.7077,43.2266,0.6433,A,relation-reasoning-agent-eval-v3.1
2026-08-25T08:30:00+09:00,CMP-S01-L05-01,S01,S01-L05,1,running,177.3585,397.1972,100.2835,41.966,0.0784,A,relation-reasoning-agent-eval-v3.1
2026-08-25T08:40:00+09:00,CMP-S01-L01-01,S01,S01-L01,1,running,166.3349,474.4648,104.7929,34.8165,-0.9287,A,relation-reasoning-agent-eval-v3.1
2026-08-25T08:40:00+09:00,CMP-S01-L02-01,S01,S01-L02,1,running,181.0403,435.5696,94.6807,33.8217,-0.9734,A,relation-reasoning-agent-eval-v3.1
2026-08-25T08:40:00+09:00,CMP-S01-L03-01,S01,S01-L03,1,running,178.9111,479.2755,107.8315,33.3143,-1.3419,B,relation-reasoning-agent-eval-v3.1
2026-08-25T08:40:00+09:00,CMP-S01-L04-01,S01,S01-L04,1,running,146.7527,492.0245,108.2439,40.9116,0.2145,A,relation-reasoning-agent-eval-v3.1
2026-08-25T08:40:00+09:00,CMP-S01-L05-01,S01,S01-L05,1,running,162.1655,460.4163,96.1692,35.8374,-1.0565,B,relation-reasoning-agent-eval-v3.1
2026-08-25T08:50:00+09:00,CMP-S01-L01-01,S01,S01-L01,1,running,163.0673,491.0372,101.4949,46.4747,1.2303,B,relation-reasoning-agent-eval-v3.1
2026-08-25T08:50:00+09:00,CMP-S01-L02-01,S01,S01-L02,1,running,176.8861,394.5386,95.758,35.677,-0.6299,A,relation-reasoning-agent-eval-v3.1
2026-08-25T08:50:00+09:00,CMP-S01-L03-01,S01,S01-L03,1,running,176.3696,440.1484,103.3323,30.2469,-1.9099,B,relation-reasoning-agent-eval-v3.1
2026-08-25T08:50:00+09:00,CMP-S01-L04-01,S01,S01-L04,1,running,159.5769,467.9673,100.6038,44.1063,0.8061,A,relation-reasoning-agent-eval-v3.1
2026-08-25T08:50:00+09:00,CMP-S01-L05-01,S01,S01-L05,1,running,188.6353,459.5955,91.0044,34.9379,-1.2231,B,relation-reasoning-agent-eval-v3.1
2026-08-25T09:00:00+09:00,CMP-S01-L01-01,S01,S01-L01,1,running,163.434,453.7656,105.1869,47.9584,1.505,B,relation-reasoning-agent-eval-v3.1
2026-08-25T09:00:00+09:00,CMP-S01-L02-01,S01,S01-L02,1,running,175.8059,363.8981,100.7499,30.8198,-1.5293,B,relation-reasoning-agent-eval-v3.1
2026-08-25T09:00:00+09:00,CMP-S01-L03-01,S01,S01-L03,1,running,190.3103,429.3792,101.9373,34.7845,-1.0696,B,relation-reasoning-agent-eval-v3.1
2026-08-25T09:00:00+09:00,CMP-S01-L04-01,S01,S01-L04,1,running,177.6422,404.8626,93.112,49.2579,1.7601,B,relation-reasoning-agent-eval-v3.1
2026-08-25T09:00:00+09:00,CMP-S01-L05-01,S01,S01-L05,1,running,203.4193,446.8642,91.9213,37.1714,-0.8095,A,relation-reasoning-agent-eval-v3.1
2026-08-25T09:10:00+09:00,CMP-S01-L01-01,S01,S01-L01,1,running,169.8369,440.3189,96.6062,46.947,1.3177,B,relation-reasoning-agent-eval-v3.1
2026-08-25T09:10:00+09:00,CMP-S01-L02-01,S01,S01-L02,1,running,174.5494,405.7555,105.8585,30.2434,-1.6361,B,relation-reasoning-agent-eval-v3.1
2026-08-25T09:10:00+09:00,CMP-S01-L03-01,S01,S01-L03,1,running,196.1036,385.2269,100.0384,37.7981,-0.5116,A,relation-reasoning-agent-eval-v3.1
2026-08-25T09:10:00+09:00,CMP-S01-L04-01,S01,S01-L04,1,running,178.4144,403.3014,91.6082,43.5773,0.7082,A,relation-reasoning-agent-eval-v3.1
2026-08-25T09:10:00+09:00,CMP-S01-L05-01,S01,S01-L05,1,running,201.6271,468.1944,98.2773,40.4799,-0.1968,A,relation-reasoning-agent-eval-v3.1
2026-08-25T09:20:00+09:00,CMP-S01-L01-01,S01,S01-L01,1,running,165.2209,382.7483,104.287,44.9856,0.9545,A,relation-reasoning-agent-eval-v3.1
2026-08-25T09:20:00+09:00,CMP-S01-L02-01,S01,S01-L02,1,running,178.6994,398.8862,103.3548,33.79,-0.9793,A,relation-reasoning-agent-eval-v3.1
2026-08-25T09:20:00+09:00,CMP-S01-L03-01,S01,S01-L03,1,running,179.2752,429.6461,100.5405,31.5917,-1.6609,B,relation-reasoning-agent-eval-v3.1
2026-08-25T09:20:00+09:00,CMP-S01-L04-01,S01,S01-L04,1,running,171.0585,383.3847,87.7469,48.4537,1.6112,B,relation-reasoning-agent-eval-v3.1
2026-08-25T09:20:00+09:00,CMP-S01-L05-01,S01,S01-L05,1,running,206.2609,427.6886,86.4438,47.3205,1.07,B,relation-reasoning-agent-eval-v3.1
2026-08-25T09:30:00+09:00,CMP-S01-L01-01,S01,S01-L01,1,running,182.8627,406.428,102.5549,50.7169,2.0159,C,relation-reasoning-agent-eval-v3.1
2026-08-25T09:30:00+09:00,CMP-S01-L02-01,S01,S01-L02,1,running,185.0963,440.7379,107.6397,37.8216,-0.2327,A,relation-reasoning-agent-eval-v3.1
2026-08-25T09:30:00+09:00,CMP-S01-L03-01,S01,S01-L03,1,running,173.3779,451.5005,103.3508,36.742,-0.7071,A,relation-reasoning-agent-eval-v3.1
2026-08-25T09:30:00+09:00,CMP-S01-L04-01,S01,S01-L04,1,running,174.367,386.2416,93.2376,39.7088,-0.0082,A,relation-reasoning-agent-eval-v3.1
2026-08-25T09:30:00+09:00,CMP-S01-L05-01,S01,S01-L05,1,running,189.6862,410.6061,90.2781,46.1596,0.855,A,relation-reasoning-agent-eval-v3.1
2026-08-25T09:40:00+09:00,CMP-S01-L01-01,S01,S01-L01,1,running,181.7283,405.4535,107.7683,54.3955,2.6971,C,relation-reasoning-agent-eval-v3.1
2026-08-25T09:40:00+09:00,CMP-S01-L02-01,S01,S01-L02,1,running,188.1867,416.3692,113.7084,38.5504,-0.0978,A,relation-reasoning-agent-eval-v3.1
2026-08-25T09:40:00+09:00,CMP-S01-L03-01,S01,S01-L03,1,running,158.9294,477.9855,103.254,37.7723,-0.5163,A,relation-reasoning-agent-eval-v3.1
2026-08-25T09:40:00+09:00,CMP-S01-L04-01,S01,S01-L04,1,running,188.7027,436.0407,90.6893,41.966,0.4098,A,relation-reasoning-agent-eval-v3.1
2026-08-25T09:40:00+09:00,CMP-S01-L05-01,S01,S01-L05,1,running,166.2637,402.2178,91.6856,46.8612,0.9849,A,relation-reasoning-agent-eval-v3.1
2026-08-25T09:50:00+09:00,CMP-S01-L01-01,S01,S01-L01,1,running,177.0453,413.7071,104.2033,53.4378,2.5197,C,relation-reasoning-agent-eval-v3.1
2026-08-25T09:50:00+09:00,CMP-S01-L02-01,S01,S01-L02,1,running,176.7433,364.2003,114.3589,38.825,-0.0469,A,relation-reasoning-agent-eval-v3.1
2026-08-25T09:50:00+09:00,CMP-S01-L03-01,S01,S01-L03,1,running,178.6387,482.0355,109.8406,32.331,-1.524,B,relation-reasoning-agent-eval-v3.1
2026-08-25T09:50:00+09:00,CMP-S01-L04-01,S01,S01-L04,1,running,170.9538,414.9295,98.2869,44.2678,0.8361,A,relation-reasoning-agent-eval-v3.1
2026-08-25T09:50:00+09:00,CMP-S01-L05-01,S01,S01-L05,1,running,189.9939,439.6689,93.7747,40.5047,-0.1922,A,relation-reasoning-agent-eval-v3.1
2026-08-25T10:00:00+09:00,CMP-S01-L01-01,S01,S01-L01,1,running,162.7453,445.0134,103.6043,49.3008,1.7536,B,relation-reasoning-agent-eval-v3.1
2026-08-25T10:00:00+09:00,CMP-S01-L02-01,S01,S01-L02,1,running,160.4607,387.5736,113.3912,30.9294,-1.5091,B,relation-reasoning-agent-eval-v3.1
2026-08-25T10:00:00+09:00,CMP-S01-L03-01,S01,S01-L03,1,running,178.0454,438.0676,114.2035,37.3911,-0.5869,A,relation-reasoning-agent-eval-v3.1
2026-08-25T10:00:00+09:00,CMP-S01-L04-01,S01,S01-L04,1,running,180.327,423.7384,98.5123,41.2759,0.282,A,relation-reasoning-agent-eval-v3.1
2026-08-25T10:00:00+09:00,CMP-S01-L05-01,S01,S01-L05,1,running,191.2071,422.3464,86.839,38.1694,-0.6247,A,relation-reasoning-agent-eval-v3.1
2026-08-25T10:10:00+09:00,CMP-S01-L01-01,S01,S01-L01,1,running,151.4633,416.1434,108.1099,55.1806,2.8425,C,relation-reasoning-agent-eval-v3.1
2026-08-25T10:10:00+09:00,CMP-S01-L02-01,S01,S01-L02,1,running,162.293,426.271,108.5409,25.1355,-2.582,C,relation-reasoning-agent-eval-v3.1
2026-08-25T10:10:00+09:00,CMP-S01-L03-01,S01,S01-L03,1,running,182.0713,492.3481,102.7738,42.163,0.2968,A,relation-reasoning-agent-eval-v3.1
2026-08-25T10:10:00+09:00,CMP-S01-L04-01,S01,S01-L04,1,running,153.0045,472.2633,96.7489,46.0441,1.165,B,relation-reasoning-agent-eval-v3.1
2026-08-25T10:10:00+09:00,CMP-S01-L05-01,S01,S01-L05,1,running,184.4981,429.8088,89.5339,40.4934,-0.1943,A,relation-reasoning-agent-eval-v3.1
2026-08-25T10:20:00+09:00,CMP-S01-L01-01,S01,S01-L01,1,running,166.0248,391.6897,101.1521,56.2913,3.0482,D,relation-reasoning-agent-eval-v3.1
2026-08-25T10:20:00+09:00,CMP-S01-L02-01,S01,S01-L02,1,running,171.4567,421.8858,113.9522,29.8883,-1.7018,B,relation-reasoning-agent-eval-v3.1
2026-08-25T10:20:00+09:00,CMP-S01-L03-01,S01,S01-L03,1,running,181.8591,488.4554,100.7393,43.0221,0.4559,A,relation-reasoning-agent-eval-v3.1
2026-08-25T10:20:00+09:00,CMP-S01-L04-01,S01,S01-L04,1,running,135.6947,452.3198,98.7573,45.5736,1.0779,B,relation-reasoning-agent-eval-v3.1
2026-08-25T10:20:00+09:00,CMP-S01-L05-01,S01,S01-L05,1,running,189.0842,392.8547,94.954,42.6969,0.2138,A,relation-reasoning-agent-eval-v3.1
2026-08-25T10:30:00+09:00,CMP-S01-L01-01,S01,S01-L01,1,running,171.7557,415.9487,95.6209,45.3852,1.0285,B,relation-reasoning-agent-eval-v3.1
2026-08-25T10:30:00+09:00,CMP-S01-L02-01,S01,S01-L02,1,running,155.7443,443.8083,118.1534,30.3491,-1.6165,B,relation-reasoning-agent-eval-v3.1
2026-08-25T10:30:00+09:00,CMP-S01-L03-01,S01,S01-L03,1,running,167.582,452.3834,102.4894,36.9218,-0.6738,A,relation-reasoning-agent-eval-v3.1
2026-08-25T10:30:00+09:00,CMP-S01-L04-01,S01,S01-L04,1,running,148.563,423.5324,100.3579,45.0123,0.9739,A,relation-reasoning-agent-eval-v3.1
2026-08-25T10:30:00+09:00,CMP-S01-L05-01,S01,S01-L05,1,running,181.0884,411.3919,92.3513,48.3544,1.2614,B,relation-reasoning-agent-eval-v3.1
2026-08-25T10:40:00+09:00,CMP-S01-L01-01,S01,S01-L01,1,running,177.218,463.5412,98.4415,48.1003,1.5313,B,relation-reasoning-agent-eval-v3.1
2026-08-25T10:40:00+09:00,CMP-S01-L02-01,S01,S01-L02,1,running,162.7258,432.2862,113.4255,28.6677,-1.9279,B,relation-reasoning-agent-eval-v3.1
2026-08-25T10:40:00+09:00,CMP-S01-L03-01,S01,S01-L03,1,running,153.2198,474.0728,113.1055,33.6254,-1.2843,B,relation-reasoning-agent-eval-v3.1
2026-08-25T10:40:00+09:00,CMP-S01-L04-01,S01,S01-L04,1,running,143.1108,444.656,90.3585,50.6956,2.0264,C,relation-reasoning-agent-eval-v3.1
2026-08-25T10:40:00+09:00,CMP-S01-L05-01,S01,S01-L05,1,running,178.7933,403.5618,95.438,51.9913,1.9349,B,relation-reasoning-agent-eval-v3.1
2026-08-25T10:50:00+09:00,CMP-S01-L01-01,S01,S01-L01,1,running,180.1973,487.4752,111.0259,42.2672,0.4511,A,relation-reasoning-agent-eval-v3.1
2026-08-25T10:50:00+09:00,CMP-S01-L02-01,S01,S01-L02,1,running,175.6909,411.2621,111.9739,28.0405,-2.044,C,relation-reasoning-agent-eval-v3.1
2026-08-25T10:50:00+09:00,CMP-S01-L03-01,S01,S01-L03,1,running,150.5531,461.1197,106.8415,31.9886,-1.5874,B,relation-reasoning-agent-eval-v3.1
2026-08-25T10:50:00+09:00,CMP-S01-L04-01,S01,S01-L04,1,running,133.0604,465.348,96.6403,41.1874,0.2656,A,relation-reasoning-agent-eval-v3.1
2026-08-25T10:50:00+09:00,CMP-S01-L05-01,S01,S01-L05,1,running,165.6175,390.8913,92.481,48.6955,1.3246,B,relation-reasoning-agent-eval-v3.1
2026-08-25T11:00:00+09:00,CMP-S01-L01-01,S01,S01-L01,1,running,197.1351,439.9476,112.0788,40.2609,0.0796,A,relation-reasoning-agent-eval-v3.1
2026-08-25T11:00:00+09:00,CMP-S01-L02-01,S01,S01-L02,1,running,183.1263,458.6702,113.0718,32.5241,-1.2137,B,relation-reasoning-agent-eval-v3.1
2026-08-25T11:00:00+09:00,CMP-S01-L03-01,S01,S01-L03,1,running,161.5834,415.8525,100.8049,30.4972,-1.8636,B,relation-reasoning-agent-eval-v3.1
2026-08-25T11:00:00+09:00,CMP-S01-L04-01,S01,S01-L04,1,running,120.0098,523.2309,100.6491,42.9889,0.5992,A,relation-reasoning-agent-eval-v3.1
2026-08-25T11:00:00+09:00,CMP-S01-L05-01,S01,S01-L05,1,running,169.5646,405.7446,98.184,48.1538,1.2243,B,relation-reasoning-agent-eval-v3.1
2026-08-25T11:10:00+09:00,CMP-S01-L01-01,S01,S01-L01,1,running,178.1191,483.1552,100.7982,33.9101,-1.0965,B,relation-reasoning-agent-eval-v3.1
2026-08-25T11:10:00+09:00,CMP-S01-L02-01,S01,S01-L02,1,running,192.5258,483.9152,105.2254,26.6107,-2.3088,C,relation-reasoning-agent-eval-v3.1
2026-08-25T11:10:00+09:00,CMP-S01-L03-01,S01,S01-L03,1,running,175.1662,363.6578,103.4498,31.0159,-1.7675,B,relation-reasoning-agent-eval-v3.1
2026-08-25T11:10:00+09:00,CMP-S01-L04-01,S01,S01-L04,1,running,136.1033,536.4813,103.5213,37.1665,-0.479,A,relation-reasoning-agent-eval-v3.1
2026-08-25T11:10:00+09:00,CMP-S01-L05-01,S01,S01-L05,1,running,180.4406,424.2902,101.3244,48.9354,1.369,B,relation-reasoning-agent-eval-v3.1
2026-08-25T11:20:00+09:00,CMP-S01-L01-01,S01,S01-L01,1,running,182.6014,449.9219,99.2691,37.4096,-0.4485,A,relation-reasoning-agent-eval-v3.1
2026-08-25T11:20:00+09:00,CMP-S01-L02-01,S01,S01-L02,1,running,175.0533,456.9603,108.371,30.8775,-1.5187,B,relation-reasoning-agent-eval-v3.1
2026-08-25T11:20:00+09:00,CMP-S01-L03-01,S01,S01-L03,1,running,172.2242,410.0383,105.8948,32.2457,-1.5398,B,relation-reasoning-agent-eval-v3.1
2026-08-25T11:20:00+09:00,CMP-S01-L04-01,S01,S01-L04,1,running,140.1924,505.2286,106.2188,28.577,-2.0696,C,relation-reasoning-agent-eval-v3.1
2026-08-25T11:20:00+09:00,CMP-S01-L05-01,S01,S01-L05,1,running,162.7442,422.035,102.6422,45.7766,0.7841,A,relation-reasoning-agent-eval-v3.1
2026-08-25T11:30:00+09:00,CMP-S01-L01-01,S01,S01-L01,1,running,172.2918,482.6146,95.0969,37.2653,-0.4752,A,relation-reasoning-agent-eval-v3.1
2026-08-25T11:30:00+09:00,CMP-S01-L02-01,S01,S01-L02,1,running,174.1032,423.147,106.7125,37.1671,-0.3539,A,relation-reasoning-agent-eval-v3.1
2026-08-25T11:30:00+09:00,CMP-S01-L03-01,S01,S01-L03,1,running,185.3139,425.4896,112.0426,34.1004,-1.1963,B,relation-reasoning-agent-eval-v3.1
2026-08-25T11:30:00+09:00,CMP-S01-L04-01,S01,S01-L04,1,running,171.5185,434.7736,106.1303,32.5646,-1.3312,B,relation-reasoning-agent-eval-v3.1
2026-08-25T11:30:00+09:00,CMP-S01-L05-01,S01,S01-L05,1,running,166.4931,373.4527,100.8438,44.2262,0.4969,A,relation-reasoning-agent-eval-v3.1
2026-08-25T11:40:00+09:00,CMP-S01-L01-01,S01,S01-L01,1,running,181.634,473.0383,97.0385,42.7348,0.5377,A,relation-reasoning-agent-eval-v3.1
2026-08-25T11:40:00+09:00,CMP-S01-L02-01,S01,S01-L02,1,running,173.1395,430.7382,107.74,34.3017,-0.8846,A,relation-reasoning-agent-eval-v3.1
2026-08-25T11:40:00+09:00,CMP-S01-L03-01,S01,S01-L03,1,running,176.6676,434.6938,116.5735,33.4878,-1.3098,B,relation-reasoning-agent-eval-v3.1
2026-08-25T11:40:00+09:00,CMP-S01-L04-01,S01,S01-L04,1,running,163.5191,435.7689,112.5534,33.4734,-1.1629,B,relation-reasoning-agent-eval-v3.1
2026-08-25T11:40:00+09:00,CMP-S01-L05-01,S01,S01-L05,1,running,171.4902,381.2467,109.9857,50.153,1.5945,B,relation-reasoning-agent-eval-v3.1
2026-08-25T11:50:00+09:00,CMP-S01-L01-01,S01,S01-L01,1,running,184.9448,440.2757,97.8227,37.3429,-0.4608,A,relation-reasoning-agent-eval-v3.1
2026-08-25T11:50:00+09:00,CMP-S01-L02-01,S01,S01-L02,1,running,175.3766,466.0824,109.0179,44.6551,1.0327,B,relation-reasoning-agent-eval-v3.1
2026-08-25T11:50:00+09:00,CMP-S01-L03-01,S01,S01-L03,1,running,168.6056,428.7862,110.8391,41.1966,0.1178,A,relation-reasoning-agent-eval-v3.1
2026-08-25T11:50:00+09:00,CMP-S01-L04-01,S01,S01-L04,1,running,163.0045,472.6661,109.0316,31.1707,-1.5893,B,relation-reasoning-agent-eval-v3.1
2026-08-25T11:50:00+09:00,CMP-S01-L05-01,S01,S01-L05,1,running,169.1768,409.088,108.8608,50.4248,1.6449,B,relation-reasoning-agent-eval-v3.1
2026-08-25T12:00:00+09:00,CMP-S01-L01-01,S01,S01-L01,1,running,198.2357,463.6032,96.6792,37.0451,-0.5159,A,relation-reasoning-agent-eval-v3.1
2026-08-25T12:00:00+09:00,CMP-S01-L02-01,S01,S01-L02,1,running,180.8544,450.4851,106.1144,45.7676,1.2388,B,relation-reasoning-agent-eval-v3.1
2026-08-25T12:00:00+09:00,CMP-S01-L03-01,S01,S01-L03,1,running,153.0991,450.5528,107.3486,45.6418,0.941,A,relation-reasoning-agent-eval-v3.1
2026-08-25T12:00:00+09:00,CMP-S01-L04-01,S01,S01-L04,1,running,171.6325,520.3187,104.832,30.5871,-1.6974,B,relation-reasoning-agent-eval-v3.1
2026-08-25T12:00:00+09:00,CMP-S01-L05-01,S01,S01-L05,1,running,184.9172,452.0212,109.5216,48.5442,1.2966,B,relation-reasoning-agent-eval-v3.1
2026-08-25T12:10:00+09:00,CMP-S01-L01-01,S01,S01-L01,1,running,179.4744,457.0859,91.2585,33.0058,-1.264,B,relation-reasoning-agent-eval-v3.1
2026-08-25T12:10:00+09:00,CMP-S01-L02-01,S01,S01-L02,1,running,190.0223,395.6867,103.2308,46.725,1.4161,B,relation-reasoning-agent-eval-v3.1
2026-08-25T12:10:00+09:00,CMP-S01-L03-01,S01,S01-L03,1,running,156.3908,471.8981,108.7135,47.104,1.2118,B,relation-reasoning-agent-eval-v3.1
2026-08-25T12:10:00+09:00,CMP-S01-L04-01,S01,S01-L04,1,running,178.3279,495.4554,102.6297,28.1579,-2.1473,C,relation-reasoning-agent-eval-v3.1
2026-08-25T12:10:00+09:00,CMP-S01-L05-01,S01,S01-L05,1,running,189.3493,464.9292,112.8695,40.3278,-0.225,A,relation-reasoning-agent-eval-v3.1
2026-08-25T12:20:00+09:00,CMP-S01-L01-01,S01,S01-L01,1,running,183.9683,481.5597,90.5881,35.1103,-0.8742,A,relation-reasoning-agent-eval-v3.1
2026-08-25T12:20:00+09:00,CMP-S01-L02-01,S01,S01-L02,1,running,172.1311,393.9527,103.7254,41.8898,0.5207,A,relation-reasoning-agent-eval-v3.1
2026-08-25T12:20:00+09:00,CMP-S01-L03-01,S01,S01-L03,1,running,163.4643,447.8467,105.221,38.5371,-0.3747,A,relation-reasoning-agent-eval-v3.1
2026-08-25T12:20:00+09:00,CMP-S01-L04-01,S01,S01-L04,1,running,175.8495,489.8722,103.774,28.5515,-2.0744,C,relation-reasoning-agent-eval-v3.1
2026-08-25T12:20:00+09:00,CMP-S01-L05-01,S01,S01-L05,1,running,168.0009,457.5241,113.9044,46.7835,0.9705,A,relation-reasoning-agent-eval-v3.1
2026-08-25T12:30:00+09:00,CMP-S01-L01-01,S01,S01-L01,1,running,185.9109,496.4235,95.8957,35.3455,-0.8307,A,relation-reasoning-agent-eval-v3.1
2026-08-25T12:30:00+09:00,CMP-S01-L02-01,S01,S01-L02,1,running,171.0463,414.8605,104.8988,42.4223,0.6193,A,relation-reasoning-agent-eval-v3.1
2026-08-25T12:30:00+09:00,CMP-S01-L03-01,S01,S01-L03,1,running,177.6434,461.0223,102.1195,41.4575,0.1661,A,relation-reasoning-agent-eval-v3.1
2026-08-25T12:30:00+09:00,CMP-S01-L04-01,S01,S01-L04,1,running,163.6544,461.7645,99.7745,29.1446,-1.9645,B,relation-reasoning-agent-eval-v3.1
2026-08-25T12:30:00+09:00,CMP-S01-L05-01,S01,S01-L05,1,running,170.77,500.401,109.2407,50.1842,1.6003,B,relation-reasoning-agent-eval-v3.1
2026-08-25T12:40:00+09:00,CMP-S01-L01-01,S01,S01-L01,1,running,185.7391,471.9209,97.2723,41.3498,0.2812,A,relation-reasoning-agent-eval-v3.1
2026-08-25T12:40:00+09:00,CMP-S01-L02-01,S01,S01-L02,1,running,173.5795,423.0657,97.1438,44.9587,1.089,B,relation-reasoning-agent-eval-v3.1
2026-08-25T12:40:00+09:00,CMP-S01-L03-01,S01,S01-L03,1,running,191.4236,478.0736,99.8293,45.5267,0.9197,A,relation-reasoning-agent-eval-v3.1
2026-08-25T12:40:00+09:00,CMP-S01-L04-01,S01,S01-L04,1,running,181.9745,493.402,101.3311,30.93,-1.6339,B,relation-reasoning-agent-eval-v3.1
2026-08-25T12:40:00+09:00,CMP-S01-L05-01,S01,S01-L05,1,running,161.8353,410.5858,99.5337,44.5843,0.5633,A,relation-reasoning-agent-eval-v3.1
2026-08-25T12:50:00+09:00,CMP-S01-L01-01,S01,S01-L01,1,running,185.7464,447.1468,91.7464,40.7112,0.163,A,relation-reasoning-agent-eval-v3.1
2026-08-25T12:50:00+09:00,CMP-S01-L02-01,S01,S01-L02,1,running,150.4075,474.6912,98.4045,41.0119,0.3581,A,relation-reasoning-agent-eval-v3.1
2026-08-25T12:50:00+09:00,CMP-S01-L03-01,S01,S01-L03,1,running,195.6318,516.6192,107.9156,45.7372,0.9587,A,relation-reasoning-agent-eval-v3.1
2026-08-25T12:50:00+09:00,CMP-S01-L04-01,S01,S01-L04,1,running,192.8142,487.1415,103.2031,34.7862,-0.9198,A,relation-reasoning-agent-eval-v3.1
2026-08-25T12:50:00+09:00,CMP-S01-L05-01,S01,S01-L05,1,running,169.4652,400.4835,104.293,40.6515,-0.165,A,relation-reasoning-agent-eval-v3.1
2026-08-25T13:00:00+09:00,CMP-S01-L01-01,S01,S01-L01,1,running,165.801,427.6767,91.5338,41.1457,0.2434,A,relation-reasoning-agent-eval-v3.1
2026-08-25T13:00:00+09:00,CMP-S01-L02-01,S01,S01-L02,1,running,147.4326,464.4291,96.7996,42.7332,0.6768,A,relation-reasoning-agent-eval-v3.1
2026-08-25T13:00:00+09:00,CMP-S01-L03-01,S01,S01-L03,1,running,197.165,535.758,108.4813,44.0409,0.6445,A,relation-reasoning-agent-eval-v3.1
2026-08-25T13:00:00+09:00,CMP-S01-L04-01,S01,S01-L04,1,running,185.3622,474.0525,104.6477,25.6426,-2.6131,C,relation-reasoning-agent-eval-v3.1
2026-08-25T13:00:00+09:00,CMP-S01-L05-01,S01,S01-L05,1,running,177.7941,414.7067,104.6271,44.4292,0.5346,A,relation-reasoning-agent-eval-v3.1
2026-08-25T13:10:00+09:00,CMP-S01-L01-01,S01,S01-L01,1,running,178.0214,459.7502,83.8798,37.138,-0.4987,A,relation-reasoning-agent-eval-v3.1
2026-08-25T13:10:00+09:00,CMP-S01-L02-01,S01,S01-L02,1,running,156.5631,437.0484,90.9593,37.6881,-0.2574,A,relation-reasoning-agent-eval-v3.1
2026-08-25T13:10:00+09:00,CMP-S01-L03-01,S01,S01-L03,1,running,205.1756,499.1511,107.0008,49.1088,1.583,B,relation-reasoning-agent-eval-v3.1
2026-08-25T13:10:00+09:00,CMP-S01-L04-01,S01,S01-L04,1,running,164.156,464.4139,104.2526,28.5759,-2.0699,C,relation-reasoning-agent-eval-v3.1
2026-08-25T13:10:00+09:00,CMP-S01-L05-01,S01,S01-L05,1,running,158.0734,457.421,113.4025,39.9235,-0.2998,A,relation-reasoning-agent-eval-v3.1
2026-08-25T13:20:00+09:00,CMP-S01-L01-01,S01,S01-L01,1,running,180.7714,409.8801,91.5723,38.0695,-0.3262,A,relation-reasoning-agent-eval-v3.1
2026-08-25T13:20:00+09:00,CMP-S01-L02-01,S01,S01-L02,1,running,173.0997,432.1184,94.74,34.4879,-0.8501,A,relation-reasoning-agent-eval-v3.1
2026-08-25T13:20:00+09:00,CMP-S01-L03-01,S01,S01-L03,1,running,185.3407,463.7565,102.8225,46.4271,1.0864,B,relation-reasoning-agent-eval-v3.1
2026-08-25T13:20:00+09:00,CMP-S01-L04-01,S01,S01-L04,1,running,164.2556,467.2564,105.541,31.1997,-1.5839,B,relation-reasoning-agent-eval-v3.1
2026-08-25T13:20:00+09:00,CMP-S01-L05-01,S01,S01-L05,1,running,177.9378,462.1982,112.0675,38.9279,-0.4842,A,relation-reasoning-agent-eval-v3.1
2026-08-25T13:30:00+09:00,CMP-S01-L01-01,S01,S01-L01,1,running,182.3761,445.9341,92.5092,41.5231,0.3133,A,relation-reasoning-agent-eval-v3.1
2026-08-25T13:30:00+09:00,CMP-S01-L02-01,S01,S01-L02,1,running,192.0312,439.84,102.714,33.2698,-1.0757,B,relation-reasoning-agent-eval-v3.1
2026-08-25T13:30:00+09:00,CMP-S01-L03-01,S01,S01-L03,1,running,183.649,444.8712,96.2419,48.3892,1.4498,B,relation-reasoning-agent-eval-v3.1
2026-08-25T13:30:00+09:00,CMP-S01-L04-01,S01,S01-L04,1,running,167.576,499.2413,106.7622,35.7088,-0.7489,A,relation-reasoning-agent-eval-v3.1
2026-08-25T13:30:00+09:00,CMP-S01-L05-01,S01,S01-L05,1,running,170.7191,409.2158,107.0124,41.2109,-0.0614,A,relation-reasoning-agent-eval-v3.1
2026-08-25T13:40:00+09:00,CMP-S01-L01-01,S01,S01-L01,1,running,176.6324,468.3079,92.8701,35.0993,-0.8763,A,relation-reasoning-agent-eval-v3.1
2026-08-25T13:40:00+09:00,CMP-S01-L02-01,S01,S01-L02,1,running,196.1987,442.9742,102.3208,35.7316,-0.6198,A,relation-reasoning-agent-eval-v3.1
2026-08-25T13:40:00+09:00,CMP-S01-L03-01,S01,S01-L03,1,running,174.4901,449.715,103.2359,47.5811,1.3001,B,relation-reasoning-agent-eval-v3.1
2026-08-25T13:40:00+09:00,CMP-S01-L04-01,S01,S01-L04,1,running,173.0937,500.2111,107.0527,39.8444,0.0169,A,relation-reasoning-agent-eval-v3.1
2026-08-25T13:40:00+09:00,CMP-S01-L05-01,S01,S01-L05,1,running,186.4213,396.6898,103.8543,41.3262,-0.0401,A,relation-reasoning-agent-eval-v3.1
2026-08-25T13:50:00+09:00,CMP-S01-L01-01,S01,S01-L01,1,running,183.493,496.0929,93.9723,35.2215,-0.8537,A,relation-reasoning-agent-eval-v3.1
2026-08-25T13:50:00+09:00,CMP-S01-L02-01,S01,S01-L02,1,running,199.4355,410.7949,103.675,37.4744,-0.297,A,relation-reasoning-agent-eval-v3.1
2026-08-25T13:50:00+09:00,CMP-S01-L03-01,S01,S01-L03,1,running,185.3844,452.8406,103.2732,48.305,1.4342,B,relation-reasoning-agent-eval-v3.1
2026-08-25T13:50:00+09:00,CMP-S01-L04-01,S01,S01-L04,1,running,164.3781,482.2764,112.5763,34.8034,-0.9166,A,relation-reasoning-agent-eval-v3.1
2026-08-25T13:50:00+09:00,CMP-S01-L05-01,S01,S01-L05,1,running,202.1424,394.9753,99.3596,44.9843,0.6373,A,relation-reasoning-agent-eval-v3.1
2026-08-25T14:00:00+09:00,CMP-S01-L01-01,S01,S01-L01,1,running,158.7329,479.0901,89.8485,41.4515,0.3,A,relation-reasoning-agent-eval-v3.1
2026-08-25T14:00:00+09:00,CMP-S01-L02-01,S01,S01-L02,1,running,186.1279,436.2295,100.0504,41.7552,0.4957,A,relation-reasoning-agent-eval-v3.1
2026-08-25T14:00:00+09:00,CMP-S01-L03-01,S01,S01-L03,1,running,189.9881,463.5529,96.8996,46.7277,1.1421,B,relation-reasoning-agent-eval-v3.1
2026-08-25T14:00:00+09:00,CMP-S01-L04-01,S01,S01-L04,1,running,179.5031,460.2325,107.1926,31.537,-1.5215,B,relation-reasoning-agent-eval-v3.1
2026-08-25T14:00:00+09:00,CMP-S01-L05-01,S01,S01-L05,1,running,192.5125,421.5648,101.0945,47.9416,1.185,B,relation-reasoning-agent-eval-v3.1
2026-08-25T14:10:00+09:00,CMP-S01-L01-01,S01,S01-L01,1,running,155.2128,464.0637,94.6532,46.3575,1.2086,B,relation-reasoning-agent-eval-v3.1
2026-08-25T14:10:00+09:00,CMP-S01-L02-01,S01,S01-L02,1,running,187.0648,453.5304,101.3995,42.7672,0.6831,A,relation-reasoning-agent-eval-v3.1
2026-08-25T14:10:00+09:00,CMP-S01-L03-01,S01,S01-L03,1,running,167.6695,448.6017,101.4152,44.0154,0.6398,A,relation-reasoning-agent-eval-v3.1
2026-08-25T14:10:00+09:00,CMP-S01-L04-01,S01,S01-L04,1,running,181.8293,450.8927,108.8096,32.9525,-1.2594,B,relation-reasoning-agent-eval-v3.1
2026-08-25T14:10:00+09:00,CMP-S01-L05-01,S01,S01-L05,1,running,179.0265,369.1116,99.3248,39.594,-0.3609,A,relation-reasoning-agent-eval-v3.1
2026-08-25T14:20:00+09:00,CMP-S01-L01-01,S01,S01-L01,1,running,159.0597,451.3036,98.2444,48.2783,1.5643,B,relation-reasoning-agent-eval-v3.1
2026-08-25T14:20:00+09:00,CMP-S01-L02-01,S01,S01-L02,1,running,179.9595,485.7358,104.8629,38.6322,-0.0826,A,relation-reasoning-agent-eval-v3.1
2026-08-25T14:20:00+09:00,CMP-S01-L03-01,S01,S01-L03,1,running,164.1403,466.2356,109.9892,40.1514,-0.0758,A,relation-reasoning-agent-eval-v3.1
2026-08-25T14:20:00+09:00,CMP-S01-L04-01,S01,S01-L04,1,running,169.0276,478.2467,103.3972,38.1229,-0.3019,A,relation-reasoning-agent-eval-v3.1
2026-08-25T14:20:00+09:00,CMP-S01-L05-01,S01,S01-L05,1,running,180.608,352.0715,91.7131,35.0923,-1.1945,B,relation-reasoning-agent-eval-v3.1
2026-08-25T14:30:00+09:00,CMP-S01-L01-01,S01,S01-L01,1,running,167.3557,434.9301,95.3657,48.8145,1.6636,B,relation-reasoning-agent-eval-v3.1
2026-08-25T14:30:00+09:00,CMP-S01-L02-01,S01,S01-L02,1,running,167.3829,470.484,95.5163,39.5757,0.0921,A,relation-reasoning-agent-eval-v3.1
2026-08-25T14:30:00+09:00,CMP-S01-L03-01,S01,S01-L03,1,running,147.9672,464.6733,106.7893,37.1863,-0.6249,A,relation-reasoning-agent-eval-v3.1
2026-08-25T14:30:00+09:00,CMP-S01-L04-01,S01,S01-L04,1,running,154.6669,453.4771,100.8774,41.7999,0.379,A,relation-reasoning-agent-eval-v3.1
2026-08-25T14:30:00+09:00,CMP-S01-L05-01,S01,S01-L05,1,running,175.3083,354.0715,91.3314,43.8012,0.4182,A,relation-reasoning-agent-eval-v3.1
2026-08-25T14:40:00+09:00,CMP-S01-L01-01,S01,S01-L01,1,running,175.4543,441.1611,90.9143,41.2513,0.263,A,relation-reasoning-agent-eval-v3.1
2026-08-25T14:40:00+09:00,CMP-S01-L02-01,S01,S01-L02,1,running,183.6063,497.911,96.1425,31.856,-1.3375,B,relation-reasoning-agent-eval-v3.1
2026-08-25T14:40:00+09:00,CMP-S01-L03-01,S01,S01-L03,1,running,163.9752,452.0563,108.5537,37.6569,-0.5377,A,relation-reasoning-agent-eval-v3.1
2026-08-25T14:40:00+09:00,CMP-S01-L04-01,S01,S01-L04,1,running,151.7538,461.903,108.4117,43.8634,0.7612,A,relation-reasoning-agent-eval-v3.1
2026-08-25T14:40:00+09:00,CMP-S01-L05-01,S01,S01-L05,1,running,170.2922,371.0877,89.9264,42.2167,0.1248,A,relation-reasoning-agent-eval-v3.1
2026-08-25T14:50:00+09:00,CMP-S01-L01-01,S01,S01-L01,1,running,173.0887,404.8366,92.8119,43.3862,0.6583,A,relation-reasoning-agent-eval-v3.1
2026-08-25T14:50:00+09:00,CMP-S01-L02-01,S01,S01-L02,1,running,187.6773,486.1884,93.7665,34.9541,-0.7637,A,relation-reasoning-agent-eval-v3.1
2026-08-25T14:50:00+09:00,CMP-S01-L03-01,S01,S01-L03,1,running,163.7277,386.8307,102.0419,35.4979,-0.9375,A,relation-reasoning-agent-eval-v3.1
2026-08-25T14:50:00+09:00,CMP-S01-L04-01,S01,S01-L04,1,running,155.1435,441.433,114.5603,38.793,-0.1778,A,relation-reasoning-agent-eval-v3.1
2026-08-25T14:50:00+09:00,CMP-S01-L05-01,S01,S01-L05,1,running,173.8956,355.9372,88.6648,38.8279,-0.5027,A,relation-reasoning-agent-eval-v3.1
2026-08-25T15:00:00+09:00,CMP-S01-L01-01,S01,S01-L01,1,running,178.7938,402.0976,98.6353,42.2119,0.4409,A,relation-reasoning-agent-eval-v3.1
2026-08-25T15:00:00+09:00,CMP-S01-L02-01,S01,S01-L02,1,running,198.8646,442.1737,85.1874,35.4435,-0.6731,A,relation-reasoning-agent-eval-v3.1
2026-08-25T15:00:00+09:00,CMP-S01-L03-01,S01,S01-L03,1,running,154.4531,396.9721,97.7786,40.8823,0.0596,A,relation-reasoning-agent-eval-v3.1
2026-08-25T15:00:00+09:00,CMP-S01-L04-01,S01,S01-L04,1,running,178.2425,481.2551,113.2971,33.106,-1.2309,B,relation-reasoning-agent-eval-v3.1
2026-08-25T15:00:00+09:00,CMP-S01-L05-01,S01,S01-L05,1,running,170.737,315.8712,90.923,37.3366,-0.7789,A,relation-reasoning-agent-eval-v3.1
2026-08-25T15:10:00+09:00,CMP-S01-L01-01,S01,S01-L01,1,running,172.9284,389.2701,91.4159,43.1299,0.6109,A,relation-reasoning-agent-eval-v3.1
2026-08-25T15:10:00+09:00,CMP-S01-L02-01,S01,S01-L02,1,running,187.5096,467.8461,94.698,35.7911,-0.6087,A,relation-reasoning-agent-eval-v3.1
2026-08-25T15:10:00+09:00,CMP-S01-L03-01,S01,S01-L03,1,running,176.8186,381.5345,100.3481,46.9677,1.1865,B,relation-reasoning-agent-eval-v3.1
2026-08-25T15:10:00+09:00,CMP-S01-L04-01,S01,S01-L04,1,running,178.6789,535.1172,111.8979,31.5179,-1.525,B,relation-reasoning-agent-eval-v3.1
2026-08-25T15:10:00+09:00,CMP-S01-L05-01,S01,S01-L05,1,running,172.5411,346.7535,90.2048,36.5039,-0.9331,A,relation-reasoning-agent-eval-v3.1
2026-08-25T15:20:00+09:00,CMP-S01-L01-01,S01,S01-L01,1,running,161.6231,411.7033,91.1819,44.4955,0.8638,A,relation-reasoning-agent-eval-v3.1
2026-08-25T15:20:00+09:00,CMP-S01-L02-01,S01,S01-L02,1,running,186.5234,429.989,101.0163,35.0975,-0.7372,A,relation-reasoning-agent-eval-v3.1
2026-08-25T15:20:00+09:00,CMP-S01-L03-01,S01,S01-L03,1,running,170.4619,413.953,99.8503,39.034,-0.2827,A,relation-reasoning-agent-eval-v3.1
2026-08-25T15:20:00+09:00,CMP-S01-L04-01,S01,S01-L04,1,running,184.5519,498.7553,118.5899,30.204,-1.7683,B,relation-reasoning-agent-eval-v3.1
2026-08-25T15:20:00+09:00,CMP-S01-L05-01,S01,S01-L05,1,running,178.1763,395.9016,92.2924,34.2855,-1.3439,B,relation-reasoning-agent-eval-v3.1
2026-08-25T15:30:00+09:00,CMP-S01-L01-01,S01,S01-L01,1,running,152.7204,430.2509,91.7675,39.7888,-0.0079,A,relation-reasoning-agent-eval-v3.1
2026-08-25T15:30:00+09:00,CMP-S01-L02-01,S01,S01-L02,1,running,181.423,401.5549,101.5254,37.0816,-0.3698,A,relation-reasoning-agent-eval-v3.1
2026-08-25T15:30:00+09:00,CMP-S01-L03-01,S01,S01-L03,1,running,169.7451,387.815,102.0061,36.9224,-0.6737,A,relation-reasoning-agent-eval-v3.1
2026-08-25T15:30:00+09:00,CMP-S01-L04-01,S01,S01-L04,1,running,162.4979,458.5687,120.6824,31.864,-1.4609,B,relation-reasoning-agent-eval-v3.1
2026-08-25T15:30:00+09:00,CMP-S01-L05-01,S01,S01-L05,1,running,196.8572,379.2654,93.3441,31.3466,-1.8882,B,relation-reasoning-agent-eval-v3.1
2026-08-25T15:40:00+09:00,CMP-S01-L01-01,S01,S01-L01,1,running,160.0472,434.9574,92.3601,39.6059,-0.0417,A,relation-reasoning-agent-eval-v3.1
2026-08-25T15:40:00+09:00,CMP-S01-L02-01,S01,S01-L02,1,running,180.9776,367.9679,106.9922,34.3078,-0.8834,A,relation-reasoning-agent-eval-v3.1
2026-08-25T15:40:00+09:00,CMP-S01-L03-01,S01,S01-L03,1,running,178.8255,396.8387,106.2961,36.1359,-0.8194,A,relation-reasoning-agent-eval-v3.1
2026-08-25T15:40:00+09:00,CMP-S01-L04-01,S01,S01-L04,1,running,152.2797,382.9536,118.6043,37.8715,-0.3484,A,relation-reasoning-agent-eval-v3.1
2026-08-25T15:40:00+09:00,CMP-S01-L05-01,S01,S01-L05,1,running,205.9153,428.2689,89.5782,37.8507,-0.6837,A,relation-reasoning-agent-eval-v3.1
2026-08-25T15:50:00+09:00,CMP-S01-L01-01,S01,S01-L01,1,running,162.853,449.841,97.1877,39.2126,-0.1146,A,relation-reasoning-agent-eval-v3.1
2026-08-25T15:50:00+09:00,CMP-S01-L02-01,S01,S01-L02,1,running,168.0366,374.7225,106.0724,35.642,-0.6364,A,relation-reasoning-agent-eval-v3.1
2026-08-25T15:50:00+09:00,CMP-S01-L03-01,S01,S01-L03,1,running,175.7964,391.0385,105.9142,40.5539,-0.0012,A,relation-reasoning-agent-eval-v3.1
2026-08-25T15:50:00+09:00,CMP-S01-L04-01,S01,S01-L04,1,running,146.5581,380.3722,106.9513,35.3463,-0.8161,A,relation-reasoning-agent-eval-v3.1
2026-08-25T15:50:00+09:00,CMP-S01-L05-01,S01,S01-L05,1,running,193.6256,453.6486,90.9185,37.7762,-0.6975,A,relation-reasoning-agent-eval-v3.1
2026-08-25T16:00:00+09:00,CMP-S01-L01-01,S01,S01-L01,1,running,169.2662,436.6949,101.4246,40.5562,0.1343,A,relation-reasoning-agent-eval-v3.1
2026-08-25T16:00:00+09:00,CMP-S01-L02-01,S01,S01-L02,1,running,174.8983,377.2978,108.9424,35.3803,-0.6848,A,relation-reasoning-agent-eval-v3.1
2026-08-25T16:00:00+09:00,CMP-S01-L03-01,S01,S01-L03,1,running,164.1987,393.8476,101.6707,46.3383,1.07,B,relation-reasoning-agent-eval-v3.1
2026-08-25T16:00:00+09:00,CMP-S01-L04-01,S01,S01-L04,1,running,144.9796,408.0832,101.0265,36.5249,-0.5978,A,relation-reasoning-agent-eval-v3.1
2026-08-25T16:00:00+09:00,CMP-S01-L05-01,S01,S01-L05,1,running,171.7802,375.3026,90.51,40.0484,-0.2767,A,relation-reasoning-agent-eval-v3.1
2026-08-25T16:10:00+09:00,CMP-S01-L01-01,S01,S01-L01,1,running,180.8739,419.6893,101.3296,46.2057,1.1805,B,relation-reasoning-agent-eval-v3.1
2026-08-25T16:10:00+09:00,CMP-S01-L02-01,S01,S01-L02,1,running,173.0205,425.859,111.7038,42.3753,0.6106,A,relation-reasoning-agent-eval-v3.1
2026-08-25T16:10:00+09:00,CMP-S01-L03-01,S01,S01-L03,1,running,169.2004,435.1258,102.676,40.3272,-0.0432,A,relation-reasoning-agent-eval-v3.1
2026-08-25T16:10:00+09:00,CMP-S01-L04-01,S01,S01-L04,1,running,157.0781,466.0246,104.0187,37.798,-0.362,A,relation-reasoning-agent-eval-v3.1
2026-08-25T16:10:00+09:00,CMP-S01-L05-01,S01,S01-L05,1,running,190.1999,410.6292,88.3486,37.2463,-0.7956,A,relation-reasoning-agent-eval-v3.1
2026-08-25T16:20:00+09:00,CMP-S01-L01-01,S01,S01-L01,1,running,190.6652,447.9785,104.4421,42.2766,0.4528,A,relation-reasoning-agent-eval-v3.1
2026-08-25T16:20:00+09:00,CMP-S01-L02-01,S01,S01-L02,1,running,165.1082,436.553,103.5535,46.2075,1.3202,B,relation-reasoning-agent-eval-v3.1
2026-08-25T16:20:00+09:00,CMP-S01-L03-01,S01,S01-L03,1,running,166.283,464.5702,109.0159,46.5262,1.1048,B,relation-reasoning-agent-eval-v3.1
2026-08-25T16:20:00+09:00,CMP-S01-L04-01,S01,S01-L04,1,running,167.5489,476.7339,102.0919,36.2953,-0.6403,A,relation-reasoning-agent-eval-v3.1
2026-08-25T16:20:00+09:00,CMP-S01-L05-01,S01,S01-L05,1,running,203.8109,403.5242,93.3877,40.7329,-0.1499,A,relation-reasoning-agent-eval-v3.1
2026-08-25T16:30:00+09:00,CMP-S01-L01-01,S01,S01-L01,1,running,176.3534,449.1134,99.191,45.2951,1.0118,B,relation-reasoning-agent-eval-v3.1
2026-08-25T16:30:00+09:00,CMP-S01-L02-01,S01,S01-L02,1,running,167.454,439.9705,101.2811,47.2279,1.5092,B,relation-reasoning-agent-eval-v3.1
2026-08-25T16:30:00+09:00,CMP-S01-L03-01,S01,S01-L03,1,running,164.6753,455.5886,108.2432,43.237,0.4957,A,relation-reasoning-agent-eval-v3.1
2026-08-25T16:30:00+09:00,CMP-S01-L04-01,S01,S01-L04,1,running,172.1778,430.7663,99.0819,36.743,-0.5574,A,relation-reasoning-agent-eval-v3.1
2026-08-25T16:30:00+09:00,CMP-S01-L05-01,S01,S01-L05,1,running,190.5505,373.5673,93.6089,42.7323,0.2203,A,relation-reasoning-agent-eval-v3.1
2026-08-25T16:40:00+09:00,CMP-S01-L01-01,S01,S01-L01,1,running,176.0678,500.0709,101.564,44.4616,0.8575,A,relation-reasoning-agent-eval-v3.1
2026-08-25T16:40:00+09:00,CMP-S01-L02-01,S01,S01-L02,1,running,165.1886,483.8915,102.4564,45.4042,1.1715,B,relation-reasoning-agent-eval-v3.1
2026-08-25T16:40:00+09:00,CMP-S01-L03-01,S01,S01-L03,1,running,153.8807,489.4528,103.9681,43.2385,0.4959,A,relation-reasoning-agent-eval-v3.1
2026-08-25T16:40:00+09:00,CMP-S01-L04-01,S01,S01-L04,1,running,151.892,442.1308,104.1863,34.7131,-0.9333,A,relation-reasoning-agent-eval-v3.1
2026-08-25T16:40:00+09:00,CMP-S01-L05-01,S01,S01-L05,1,running,180.2914,375.5793,87.7767,46.3845,0.8966,A,relation-reasoning-agent-eval-v3.1
2026-08-25T16:50:00+09:00,CMP-S01-L01-01,S01,S01-L01,1,running,198.6252,540.0679,107.7363,46.7544,1.2821,B,relation-reasoning-agent-eval-v3.1
2026-08-25T16:50:00+09:00,CMP-S01-L02-01,S01,S01-L02,1,running,161.9134,478.0306,97.7833,42.7662,0.683,A,relation-reasoning-agent-eval-v3.1
2026-08-25T16:50:00+09:00,CMP-S01-L03-01,S01,S01-L03,1,running,149.3359,449.4662,105.3333,45.1575,0.8513,A,relation-reasoning-agent-eval-v3.1
2026-08-25T16:50:00+09:00,CMP-S01-L04-01,S01,S01-L04,1,running,166.2091,413.5293,106.5599,42.7024,0.5462,A,relation-reasoning-agent-eval-v3.1
2026-08-25T16:50:00+09:00,CMP-S01-L05-01,S01,S01-L05,1,running,170.7157,329.89,101.7385,42.1923,0.1203,A,relation-reasoning-agent-eval-v3.1
2026-08-25T17:00:00+09:00,CMP-S01-L01-01,S01,S01-L01,1,running,181.9745,540.7753,101.3035,40.1927,0.0669,A,relation-reasoning-agent-eval-v3.1
2026-08-25T17:00:00+09:00,CMP-S01-L02-01,S01,S01-L02,1,running,157.6246,468.1964,98.9806,41.0842,0.3715,A,relation-reasoning-agent-eval-v3.1
2026-08-25T17:00:00+09:00,CMP-S01-L03-01,S01,S01-L03,1,running,164.9225,454.9553,103.3373,41.6053,0.1935,A,relation-reasoning-agent-eval-v3.1
2026-08-25T17:00:00+09:00,CMP-S01-L04-01,S01,S01-L04,1,running,148.4176,447.4977,101.1216,49.24,1.7568,B,relation-reasoning-agent-eval-v3.1
2026-08-25T17:00:00+09:00,CMP-S01-L05-01,S01,S01-L05,1,running,173.6592,364.2302,96.6478,44.3028,0.5111,A,relation-reasoning-agent-eval-v3.1
2026-08-25T17:10:00+09:00,CMP-S01-L01-01,S01,S01-L01,1,running,181.5781,533.0209,96.8191,36.7866,-0.5638,A,relation-reasoning-agent-eval-v3.1
2026-08-25T17:10:00+09:00,CMP-S01-L02-01,S01,S01-L02,1,running,159.7151,467.7123,103.8468,48.3656,1.7199,B,relation-reasoning-agent-eval-v3.1
2026-08-25T17:10:00+09:00,CMP-S01-L03-01,S01,S01-L03,1,running,151.7132,409.6324,100.0301,43.7837,0.5969,A,relation-reasoning-agent-eval-v3.1
2026-08-25T17:10:00+09:00,CMP-S01-L04-01,S01,S01-L04,1,running,169.5446,457.459,99.549,39.4872,-0.0492,A,relation-reasoning-agent-eval-v3.1
2026-08-25T17:10:00+09:00,CMP-S01-L05-01,S01,S01-L05,1,running,184.1016,385.1181,92.8369,43.0167,0.273,A,relation-reasoning-agent-eval-v3.1
2026-08-25T17:20:00+09:00,CMP-S01-L01-01,S01,S01-L01,1,running,167.8371,521.7281,106.4717,38.9901,-0.1558,A,relation-reasoning-agent-eval-v3.1
2026-08-25T17:20:00+09:00,CMP-S01-L02-01,S01,S01-L02,1,running,165.1694,447.837,101.04,46.5991,1.3927,B,relation-reasoning-agent-eval-v3.1
2026-08-25T17:20:00+09:00,CMP-S01-L03-01,S01,S01-L03,1,running,141.7357,449.2035,108.1748,52.3625,2.1856,C,relation-reasoning-agent-eval-v3.1
2026-08-25T17:20:00+09:00,CMP-S01-L04-01,S01,S01-L04,1,running,165.1338,478.4211,102.6894,38.7499,-0.1858,A,relation-reasoning-agent-eval-v3.1
2026-08-25T17:20:00+09:00,CMP-S01-L05-01,S01,S01-L05,1,running,187.0917,348.097,99.6736,47.3921,1.0832,B,relation-reasoning-agent-eval-v3.1
2026-08-25T17:30:00+09:00,CMP-S01-L01-01,S01,S01-L01,1,running,151.1332,515.0399,105.3948,35.5028,-0.8016,A,relation-reasoning-agent-eval-v3.1
2026-08-25T17:30:00+09:00,CMP-S01-L02-01,S01,S01-L02,1,running,175.5743,453.2622,104.9607,42.8209,0.6931,A,relation-reasoning-agent-eval-v3.1
2026-08-25T17:30:00+09:00,CMP-S01-L03-01,S01,S01-L03,1,running,156.1617,475.325,98.8263,49.5789,1.6701,B,relation-reasoning-agent-eval-v3.1
2026-08-25T17:30:00+09:00,CMP-S01-L04-01,S01,S01-L04,1,running,155.388,491.1515,94.4662,39.835,0.0152,A,relation-reasoning-agent-eval-v3.1
2026-08-25T17:30:00+09:00,CMP-S01-L05-01,S01,S01-L05,1,running,207.577,378.3097,93.2843,43.1212,0.2923,A,relation-reasoning-agent-eval-v3.1
2026-08-25T17:40:00+09:00,CMP-S01-L01-01,S01,S01-L01,1,running,158.6297,462.8885,101.8929,34.8618,-0.9203,A,relation-reasoning-agent-eval-v3.1
2026-08-25T17:40:00+09:00,CMP-S01-L02-01,S01,S01-L02,1,running,178.7355,436.7791,105.4146,44.4362,0.9922,A,relation-reasoning-agent-eval-v3.1
2026-08-25T17:40:00+09:00,CMP-S01-L03-01,S01,S01-L03,1,running,157.25,469.3043,94.7279,51.8837,2.0969,C,relation-reasoning-agent-eval-v3.1
2026-08-25T17:40:00+09:00,CMP-S01-L04-01,S01,S01-L04,1,running,158.5548,473.9121,100.9362,42.307,0.4729,A,relation-reasoning-agent-eval-v3.1
2026-08-25T17:40:00+09:00,CMP-S01-L05-01,S01,S01-L05,1,running,223.2541,460.2719,97.267,38.5494,-0.5543,A,relation-reasoning-agent-eval-v3.1
2026-08-25T17:50:00+09:00,CMP-S01-L01-01,S01,S01-L01,1,running,153.3356,474.5449,107.8669,34.2884,-1.0265,B,relation-reasoning-agent-eval-v3.1
2026-08-25T17:50:00+09:00,CMP-S01-L02-01,S01,S01-L02,1,running,171.7062,398.1813,110.3274,47.5969,1.5775,B,relation-reasoning-agent-eval-v3.1
2026-08-25T17:50:00+09:00,CMP-S01-L03-01,S01,S01-L03,1,running,167.1336,459.9139,99.0757,45.6873,0.9494,A,relation-reasoning-agent-eval-v3.1
2026-08-25T17:50:00+09:00,CMP-S01-L04-01,S01,S01-L04,1,running,171.9183,468.3095,92.7366,41.5335,0.3297,A,relation-reasoning-agent-eval-v3.1
2026-08-25T17:50:00+09:00,CMP-S01-L05-01,S01,S01-L05,1,running,212.0931,437.7067,97.579,35.6977,-1.0824,B,relation-reasoning-agent-eval-v3.1
2026-08-25T18:00:00+09:00,CMP-S01-L01-01,S01,S01-L01,1,running,134.8749,492.6217,103.897,37.3358,-0.4621,A,relation-reasoning-agent-eval-v3.1
2026-08-25T18:00:00+09:00,CMP-S01-L02-01,S01,S01-L02,1,running,181.6293,433.4675,101.8715,38.2727,-0.1492,A,relation-reasoning-agent-eval-v3.1
2026-08-25T18:00:00+09:00,CMP-S01-L03-01,S01,S01-L03,1,running,167.6916,431.767,101.5347,47.0327,1.1986,B,relation-reasoning-agent-eval-v3.1
2026-08-25T18:00:00+09:00,CMP-S01-L04-01,S01,S01-L04,1,running,186.6895,468.3375,96.5366,36.064,-0.6832,A,relation-reasoning-agent-eval-v3.1
2026-08-25T18:00:00+09:00,CMP-S01-L05-01,S01,S01-L05,1,running,195.7046,428.397,90.2702,35.7255,-1.0772,B,relation-reasoning-agent-eval-v3.1
2026-08-25T18:10:00+09:00,CMP-S01-L01-01,S01,S01-L01,1,running,121.4159,510.4869,110.2704,45.7253,1.0915,B,relation-reasoning-agent-eval-v3.1
2026-08-25T18:10:00+09:00,CMP-S01-L02-01,S01,S01-L02,1,running,192.2433,458.1739,99.8741,43.0194,0.7298,A,relation-reasoning-agent-eval-v3.1
2026-08-25T18:10:00+09:00,CMP-S01-L03-01,S01,S01-L03,1,running,179.8592,393.0823,101.2395,40.3333,-0.0421,A,relation-reasoning-agent-eval-v3.1
2026-08-25T18:10:00+09:00,CMP-S01-L04-01,S01,S01-L04,1,running,168.6616,454.0159,101.1759,37.8947,-0.3442,A,relation-reasoning-agent-eval-v3.1
2026-08-25T18:10:00+09:00,CMP-S01-L05-01,S01,S01-L05,1,running,219.53,459.9028,85.313,32.4665,-1.6808,B,relation-reasoning-agent-eval-v3.1
2026-08-25T18:20:00+09:00,CMP-S01-L01-01,S01,S01-L01,1,running,138.1336,487.3597,106.759,49.0181,1.7013,B,relation-reasoning-agent-eval-v3.1
2026-08-25T18:20:00+09:00,CMP-S01-L02-01,S01,S01-L02,1,running,197.0662,462.2207,98.156,37.1481,-0.3574,A,relation-reasoning-agent-eval-v3.1
2026-08-25T18:20:00+09:00,CMP-S01-L03-01,S01,S01-L03,1,running,166.0108,357.855,103.1086,42.0199,0.2703,A,relation-reasoning-agent-eval-v3.1
2026-08-25T18:20:00+09:00,CMP-S01-L04-01,S01,S01-L04,1,running,160.8126,485.92,101.0142,41.3112,0.2885,A,relation-reasoning-agent-eval-v3.1
2026-08-25T18:20:00+09:00,CMP-S01-L05-01,S01,S01-L05,1,running,215.3927,450.284,84.2575,30.9412,-1.9632,B,relation-reasoning-agent-eval-v3.1
2026-08-25T18:30:00+09:00,CMP-S01-L01-01,S01,S01-L01,1,running,149.257,511.876,110.4619,46.7516,1.2816,B,relation-reasoning-agent-eval-v3.1
2026-08-25T18:30:00+09:00,CMP-S01-L02-01,S01,S01-L02,1,running,189.5453,463.293,101.7117,37.2597,-0.3368,A,relation-reasoning-agent-eval-v3.1
2026-08-25T18:30:00+09:00,CMP-S01-L03-01,S01,S01-L03,1,running,169.7453,362.214,101.8612,37.3868,-0.5877,A,relation-reasoning-agent-eval-v3.1
2026-08-25T18:30:00+09:00,CMP-S01-L04-01,S01,S01-L04,1,running,159.3433,501.5614,96.2831,42.4401,0.4976,A,relation-reasoning-agent-eval-v3.1
2026-08-25T18:30:00+09:00,CMP-S01-L05-01,S01,S01-L05,1,running,199.5644,453.4011,84.5325,33.5413,-1.4817,B,relation-reasoning-agent-eval-v3.1
2026-08-25T18:40:00+09:00,CMP-S01-L01-01,S01,S01-L01,1,running,169.8438,471.6294,101.302,42.9972,0.5863,A,relation-reasoning-agent-eval-v3.1
2026-08-25T18:40:00+09:00,CMP-S01-L02-01,S01,S01-L02,1,running,184.8532,467.3029,100.4542,38.2717,-0.1494,A,relation-reasoning-agent-eval-v3.1
2026-08-25T18:40:00+09:00,CMP-S01-L03-01,S01,S01-L03,1,running,159.3908,366.9669,99.7991,36.2381,-0.8004,A,relation-reasoning-agent-eval-v3.1
2026-08-25T18:40:00+09:00,CMP-S01-L04-01,S01,S01-L04,1,running,164.369,480.8858,101.4257,42.0739,0.4298,A,relation-reasoning-agent-eval-v3.1
2026-08-25T18:40:00+09:00,CMP-S01-L05-01,S01,S01-L05,1,running,186.7999,455.8324,82.6635,39.9537,-0.2943,A,relation-reasoning-agent-eval-v3.1
2026-08-25T18:50:00+09:00,CMP-S01-L01-01,S01,S01-L01,1,running,181.9518,438.7575,97.4824,35.1442,-0.868,A,relation-reasoning-agent-eval-v3.1
2026-08-25T18:50:00+09:00,CMP-S01-L02-01,S01,S01-L02,1,running,195.7766,431.9872,101.2044,38.0793,-0.185,A,relation-reasoning-agent-eval-v3.1
2026-08-25T18:50:00+09:00,CMP-S01-L03-01,S01,S01-L03,1,running,141.3555,416.8905,98.9284,41.553,0.1838,A,relation-reasoning-agent-eval-v3.1
2026-08-25T18:50:00+09:00,CMP-S01-L04-01,S01,S01-L04,1,running,157.4616,490.2294,106.7391,45.0758,0.9857,A,relation-reasoning-agent-eval-v3.1
2026-08-25T18:50:00+09:00,CMP-S01-L05-01,S01,S01-L05,1,running,168.397,499.637,91.1976,40.982,-0.1038,A,relation-reasoning-agent-eval-v3.1
2026-08-25T19:00:00+09:00,CMP-S01-L01-01,S01,S01-L01,1,running,203.5575,434.3657,101.6509,40.8648,0.1914,A,relation-reasoning-agent-eval-v3.1
2026-08-25T19:00:00+09:00,CMP-S01-L02-01,S01,S01-L02,1,running,184.9563,406.4435,95.2772,33.8898,-0.9608,A,relation-reasoning-agent-eval-v3.1
2026-08-25T19:00:00+09:00,CMP-S01-L03-01,S01,S01-L03,1,running,162.0174,406.1258,98.1807,48.2079,1.4162,B,relation-reasoning-agent-eval-v3.1
2026-08-25T19:00:00+09:00,CMP-S01-L04-01,S01,S01-L04,1,running,172.2654,470.181,107.7222,48.3048,1.5836,B,relation-reasoning-agent-eval-v3.1
2026-08-25T19:00:00+09:00,CMP-S01-L05-01,S01,S01-L05,1,running,181.935,474.9125,87.5369,40.3393,-0.2228,A,relation-reasoning-agent-eval-v3.1
2026-08-25T19:10:00+09:00,CMP-S01-L01-01,S01,S01-L01,1,running,213.2752,441.8288,104.9552,41.0874,0.2326,A,relation-reasoning-agent-eval-v3.1
2026-08-25T19:10:00+09:00,CMP-S01-L02-01,S01,S01-L02,1,running,186.8794,419.8887,98.2441,32.8152,-1.1598,B,relation-reasoning-agent-eval-v3.1
2026-08-25T19:10:00+09:00,CMP-S01-L03-01,S01,S01-L03,1,running,166.4891,429.8534,99.4506,49.2187,1.6034,B,relation-reasoning-agent-eval-v3.1
2026-08-25T19:10:00+09:00,CMP-S01-L04-01,S01,S01-L04,1,running,186.9673,434.719,99.2056,50.7119,2.0294,C,relation-reasoning-agent-eval-v3.1
2026-08-25T19:10:00+09:00,CMP-S01-L05-01,S01,S01-L05,1,running,196.5324,464.3203,89.249,39.6925,-0.3426,A,relation-reasoning-agent-eval-v3.1
2026-08-25T19:20:00+09:00,CMP-S01-L01-01,S01,S01-L01,1,running,215.2765,440.5259,107.2253,39.6148,-0.0401,A,relation-reasoning-agent-eval-v3.1
2026-08-25T19:20:00+09:00,CMP-S01-L02-01,S01,S01-L02,1,running,186.0572,432.8836,102.1402,30.1128,-1.6603,B,relation-reasoning-agent-eval-v3.1
2026-08-25T19:20:00+09:00,CMP-S01-L03-01,S01,S01-L03,1,running,154.5417,428.0146,107.2367,43.8621,0.6114,A,relation-reasoning-agent-eval-v3.1
2026-08-25T19:20:00+09:00,CMP-S01-L04-01,S01,S01-L04,1,running,189.5581,450.7693,98.3279,49.2415,1.7571,B,relation-reasoning-agent-eval-v3.1
2026-08-25T19:20:00+09:00,CMP-S01-L05-01,S01,S01-L05,1,running,187.2234,452.7015,94.7279,47.2537,1.0576,B,relation-reasoning-agent-eval-v3.1
2026-08-25T19:30:00+09:00,CMP-S01-L01-01,S01,S01-L01,1,running,219.2115,445.4694,103.9227,35.6315,-0.7777,A,relation-reasoning-agent-eval-v3.1
2026-08-25T19:30:00+09:00,CMP-S01-L02-01,S01,S01-L02,1,running,180.9608,437.6338,100.8241,30.631,-1.5643,B,relation-reasoning-agent-eval-v3.1
2026-08-25T19:30:00+09:00,CMP-S01-L03-01,S01,S01-L03,1,running,144.5458,406.0776,99.1096,37.7725,-0.5163,A,relation-reasoning-agent-eval-v3.1
2026-08-25T19:30:00+09:00,CMP-S01-L04-01,S01,S01-L04,1,running,192.2586,438.0547,106.5566,49.2465,1.758,B,relation-reasoning-agent-eval-v3.1
2026-08-25T19:30:00+09:00,CMP-S01-L05-01,S01,S01-L05,1,running,180.7547,437.7731,90.918,44.6981,0.5844,A,relation-reasoning-agent-eval-v3.1
2026-08-25T19:40:00+09:00,CMP-S01-L01-01,S01,S01-L01,1,running,220.6287,407.3956,99.9143,37.2242,-0.4828,A,relation-reasoning-agent-eval-v3.1
2026-08-25T19:40:00+09:00,CMP-S01-L02-01,S01,S01-L02,1,running,168.2304,461.3212,96.3302,34.4676,-0.8538,A,relation-reasoning-agent-eval-v3.1
2026-08-25T19:40:00+09:00,CMP-S01-L03-01,S01,S01-L03,1,running,159.001,427.9477,104.9417,36.1255,-0.8213,A,relation-reasoning-agent-eval-v3.1
2026-08-25T19:40:00+09:00,CMP-S01-L04-01,S01,S01-L04,1,running,192.2855,464.0727,97.6862,46.7928,1.3036,B,relation-reasoning-agent-eval-v3.1
2026-08-25T19:40:00+09:00,CMP-S01-L05-01,S01,S01-L05,1,running,177.1753,409.2864,99.7964,42.8245,0.2374,A,relation-reasoning-agent-eval-v3.1
2026-08-25T19:50:00+09:00,CMP-S01-L01-01,S01,S01-L01,1,running,216.658,437.2978,100.7868,32.4907,-1.3594,B,relation-reasoning-agent-eval-v3.1
2026-08-25T19:50:00+09:00,CMP-S01-L02-01,S01,S01-L02,1,running,155.3406,430.0438,99.8361,36.577,-0.4632,A,relation-reasoning-agent-eval-v3.1
2026-08-25T19:50:00+09:00,CMP-S01-L03-01,S01,S01-L03,1,running,146.9605,464.9045,111.0845,32.8479,-1.4282,B,relation-reasoning-agent-eval-v3.1
2026-08-25T19:50:00+09:00,CMP-S01-L04-01,S01,S01-L04,1,running,182.303,430.7212,105.3395,49.9225,1.8832,B,relation-reasoning-agent-eval-v3.1
2026-08-25T19:50:00+09:00,CMP-S01-L05-01,S01,S01-L05,1,running,184.9494,406.4502,98.7876,46.6016,0.9368,A,relation-reasoning-agent-eval-v3.1
2026-08-25T20:00:00+09:00,CMP-S01-L01-01,S01,S01-L01,1,running,201.9381,465.9257,100.5689,30.4905,-1.7298,B,relation-reasoning-agent-eval-v3.1
2026-08-25T20:00:00+09:00,CMP-S01-L02-01,S01,S01-L02,1,running,160.8023,480.1639,102.2123,45.4253,1.1754,B,relation-reasoning-agent-eval-v3.1
2026-08-25T20:00:00+09:00,CMP-S01-L03-01,S01,S01-L03,1,running,134.4913,445.5472,111.8714,32.0511,-1.5758,B,relation-reasoning-agent-eval-v3.1
2026-08-25T20:00:00+09:00,CMP-S01-L04-01,S01,S01-L04,1,running,185.9021,429.3612,109.0607,49.6148,1.8262,B,relation-reasoning-agent-eval-v3.1
2026-08-25T20:00:00+09:00,CMP-S01-L05-01,S01,S01-L05,1,running,166.6267,337.1074,89.2189,48.9068,1.3637,B,relation-reasoning-agent-eval-v3.1
2026-08-25T20:10:00+09:00,CMP-S01-L01-01,S01,S01-L01,1,running,188.344,463.7145,105.0855,31.9084,-1.4672,B,relation-reasoning-agent-eval-v3.1
2026-08-25T20:10:00+09:00,CMP-S01-L02-01,S01,S01-L02,1,running,164.33,424.7412,102.838,43.2645,0.7752,A,relation-reasoning-agent-eval-v3.1
2026-08-25T20:10:00+09:00,CMP-S01-L03-01,S01,S01-L03,1,running,139.9703,480.3869,112.6106,29.1799,-2.1075,C,relation-reasoning-agent-eval-v3.1
2026-08-25T20:10:00+09:00,CMP-S01-L04-01,S01,S01-L04,1,running,186.2395,424.5128,110.3464,46.6405,1.2754,B,relation-reasoning-agent-eval-v3.1
2026-08-25T20:10:00+09:00,CMP-S01-L05-01,S01,S01-L05,1,running,156.4698,388.6862,89.152,52.2403,1.9811,B,relation-reasoning-agent-eval-v3.1
2026-08-25T20:20:00+09:00,CMP-S01-L01-01,S01,S01-L01,1,running,168.875,460.8973,105.1986,35.3287,-0.8338,A,relation-reasoning-agent-eval-v3.1
2026-08-25T20:20:00+09:00,CMP-S01-L02-01,S01,S01-L02,1,running,164.3909,425.408,108.8374,42.9064,0.7089,A,relation-reasoning-agent-eval-v3.1
2026-08-25T20:20:00+09:00,CMP-S01-L03-01,S01,S01-L03,1,running,151.2015,446.727,110.4058,35.5382,-0.9301,A,relation-reasoning-agent-eval-v3.1
2026-08-25T20:20:00+09:00,CMP-S01-L04-01,S01,S01-L04,1,running,174.2317,450.0158,107.5229,47.1349,1.367,B,relation-reasoning-agent-eval-v3.1
2026-08-25T20:20:00+09:00,CMP-S01-L05-01,S01,S01-L05,1,running,158.5916,404.7142,94.3822,44.533,0.5538,A,relation-reasoning-agent-eval-v3.1
2026-08-25T20:30:00+09:00,CMP-S01-L01-01,S01,S01-L01,1,running,161.6362,444.7659,104.6181,38.2195,-0.2985,A,relation-reasoning-agent-eval-v3.1
2026-08-25T20:30:00+09:00,CMP-S01-L02-01,S01,S01-L02,1,running,167.9383,430.5753,105.5976,42.7097,0.6725,A,relation-reasoning-agent-eval-v3.1
2026-08-25T20:30:00+09:00,CMP-S01-L03-01,S01,S01-L03,1,running,172.7495,455.2011,108.7265,31.952,-1.5942,B,relation-reasoning-agent-eval-v3.1
2026-08-25T20:30:00+09:00,CMP-S01-L04-01,S01,S01-L04,1,running,165.6556,422.5753,111.7929,46.5168,1.2525,B,relation-reasoning-agent-eval-v3.1
2026-08-25T20:30:00+09:00,CMP-S01-L05-01,S01,S01-L05,1,running,155.0645,398.7532,99.6647,39.3788,-0.4007,A,relation-reasoning-agent-eval-v3.1
2026-08-25T20:40:00+09:00,CMP-S01-L01-01,S01,S01-L01,1,running,168.5438,513.2199,93.4959,39.8937,0.0116,A,relation-reasoning-agent-eval-v3.1
2026-08-25T20:40:00+09:00,CMP-S01-L02-01,S01,S01-L02,1,running,145.3476,433.9986,107.2959,37.9366,-0.2114,A,relation-reasoning-agent-eval-v3.1
2026-08-25T20:40:00+09:00,CMP-S01-L03-01,S01,S01-L03,1,running,177.9466,474.5241,112.9992,36.078,-0.8301,A,relation-reasoning-agent-eval-v3.1
2026-08-25T20:40:00+09:00,CMP-S01-L04-01,S01,S01-L04,1,running,176.3242,485.8433,103.7767,43.9779,0.7824,A,relation-reasoning-agent-eval-v3.1
2026-08-25T20:40:00+09:00,CMP-S01-L05-01,S01,S01-L05,1,running,151.1372,426.4497,102.3525,40.8184,-0.1341,A,relation-reasoning-agent-eval-v3.1
2026-08-25T20:50:00+09:00,CMP-S01-L01-01,S01,S01-L01,1,running,163.3589,496.0961,96.9157,37.8947,-0.3586,A,relation-reasoning-agent-eval-v3.1
2026-08-25T20:50:00+09:00,CMP-S01-L02-01,S01,S01-L02,1,running,160.3509,411.3529,104.2126,30.5215,-1.5846,B,relation-reasoning-agent-eval-v3.1
2026-08-25T20:50:00+09:00,CMP-S01-L03-01,S01,S01-L03,1,running,176.6332,422.7496,106.2405,36.4192,-0.7669,A,relation-reasoning-agent-eval-v3.1
2026-08-25T20:50:00+09:00,CMP-S01-L04-01,S01,S01-L04,1,running,198.9703,441.8338,102.9937,36.1142,-0.6739,A,relation-reasoning-agent-eval-v3.1
2026-08-25T20:50:00+09:00,CMP-S01-L05-01,S01,S01-L05,1,running,154.6465,426.421,106.6407,37.0586,-0.8304,A,relation-reasoning-agent-eval-v3.1
2026-08-25T21:00:00+09:00,CMP-S01-L01-01,S01,S01-L01,1,running,184.6263,494.6053,102.3145,39.6618,-0.0314,A,relation-reasoning-agent-eval-v3.1
2026-08-25T21:00:00+09:00,CMP-S01-L02-01,S01,S01-L02,1,running,159.4086,420.9035,98.5852,32.5317,-1.2123,B,relation-reasoning-agent-eval-v3.1
2026-08-25T21:00:00+09:00,CMP-S01-L03-01,S01,S01-L03,1,running,176.8433,406.1606,109.3138,37.6161,-0.5453,A,relation-reasoning-agent-eval-v3.1
2026-08-25T21:00:00+09:00,CMP-S01-L04-01,S01,S01-L04,1,running,191.3599,478.1714,105.1137,40.17,0.0772,A,relation-reasoning-agent-eval-v3.1
2026-08-25T21:00:00+09:00,CMP-S01-L05-01,S01,S01-L05,1,running,141.2746,435.519,102.6307,42.099,0.103,A,relation-reasoning-agent-eval-v3.1
2026-08-25T21:10:00+09:00,CMP-S01-L01-01,S01,S01-L01,1,running,195.4998,474.3631,105.5664,39.4859,-0.064,A,relation-reasoning-agent-eval-v3.1
2026-08-25T21:10:00+09:00,CMP-S01-L02-01,S01,S01-L02,1,running,149.6299,438.0374,93.7767,34.484,-0.8508,A,relation-reasoning-agent-eval-v3.1
2026-08-25T21:10:00+09:00,CMP-S01-L03-01,S01,S01-L03,1,running,158.1093,370.099,104.546,38.9468,-0.2988,A,relation-reasoning-agent-eval-v3.1
2026-08-25T21:10:00+09:00,CMP-S01-L04-01,S01,S01-L04,1,running,195.6102,447.1026,105.5332,42.2266,0.4581,A,relation-reasoning-agent-eval-v3.1
2026-08-25T21:10:00+09:00,CMP-S01-L05-01,S01,S01-L05,1,running,134.2681,457.0781,96.7369,38.7283,-0.5212,A,relation-reasoning-agent-eval-v3.1
2026-08-25T21:20:00+09:00,CMP-S01-L01-01,S01,S01-L01,1,running,157.5466,523.4053,105.9399,41.6281,0.3328,A,relation-reasoning-agent-eval-v3.1
2026-08-25T21:20:00+09:00,CMP-S01-L02-01,S01,S01-L02,1,running,164.3555,433.4141,91.4455,30.639,-1.5628,B,relation-reasoning-agent-eval-v3.1
2026-08-25T21:20:00+09:00,CMP-S01-L03-01,S01,S01-L03,1,running,174.0923,420.7363,103.4718,39.1165,-0.2674,A,relation-reasoning-agent-eval-v3.1
2026-08-25T21:20:00+09:00,CMP-S01-L04-01,S01,S01-L04,1,running,194.2911,448.4334,101.3157,42.8512,0.5737,A,relation-reasoning-agent-eval-v3.1
2026-08-25T21:20:00+09:00,CMP-S01-L05-01,S01,S01-L05,1,running,138.7593,469.8544,90.5038,40.3151,-0.2273,A,relation-reasoning-agent-eval-v3.1
2026-08-25T21:30:00+09:00,CMP-S01-L01-01,S01,S01-L01,1,running,169.258,469.7924,102.0469,39.8528,0.004,A,relation-reasoning-agent-eval-v3.1
2026-08-25T21:30:00+09:00,CMP-S01-L02-01,S01,S01-L02,1,running,175.9185,422.0809,103.6864,28.4397,-1.9701,B,relation-reasoning-agent-eval-v3.1
2026-08-25T21:30:00+09:00,CMP-S01-L03-01,S01,S01-L03,1,running,170.5957,424.4512,106.3585,44.7185,0.77,A,relation-reasoning-agent-eval-v3.1
2026-08-25T21:30:00+09:00,CMP-S01-L04-01,S01,S01-L04,1,running,184.6615,480.528,97.7296,38.4961,-0.2328,A,relation-reasoning-agent-eval-v3.1
2026-08-25T21:30:00+09:00,CMP-S01-L05-01,S01,S01-L05,1,running,149.361,509.8743,97.5324,39.9573,-0.2936,A,relation-reasoning-agent-eval-v3.1
2026-08-25T21:40:00+09:00,CMP-S01-L01-01,S01,S01-L01,1,running,172.8459,467.9254,96.5116,36.7149,-0.5771,A,relation-reasoning-agent-eval-v3.1
2026-08-25T21:40:00+09:00,CMP-S01-L02-01,S01,S01-L02,1,running,180.032,455.9248,109.0591,30.4088,-1.6055,B,relation-reasoning-agent-eval-v3.1
2026-08-25T21:40:00+09:00,CMP-S01-L03-01,S01,S01-L03,1,running,163.3131,451.2207,108.2118,36.5156,-0.749,A,relation-reasoning-agent-eval-v3.1
2026-08-25T21:40:00+09:00,CMP-S01-L04-01,S01,S01-L04,1,running,178.2345,468.2868,100.0327,37.3316,-0.4484,A,relation-reasoning-agent-eval-v3.1
2026-08-25T21:40:00+09:00,CMP-S01-L05-01,S01,S01-L05,1,running,144.2665,479.1481,98.2343,42.6014,0.1961,A,relation-reasoning-agent-eval-v3.1
2026-08-25T21:50:00+09:00,CMP-S01-L01-01,S01,S01-L01,1,running,173.5285,455.0464,99.7125,34.5693,-0.9744,A,relation-reasoning-agent-eval-v3.1
2026-08-25T21:50:00+09:00,CMP-S01-L02-01,S01,S01-L02,1,running,177.8482,427.2172,111.6546,30.2706,-1.631,B,relation-reasoning-agent-eval-v3.1
2026-08-25T21:50:00+09:00,CMP-S01-L03-01,S01,S01-L03,1,running,154.9762,466.2349,113.8404,44.3878,0.7088,A,relation-reasoning-agent-eval-v3.1
2026-08-25T21:50:00+09:00,CMP-S01-L04-01,S01,S01-L04,1,running,161.2135,456.1077,101.1719,38.3525,-0.2594,A,relation-reasoning-agent-eval-v3.1
2026-08-25T21:50:00+09:00,CMP-S01-L05-01,S01,S01-L05,1,running,165.0508,471.352,97.5205,44.3428,0.5185,A,relation-reasoning-agent-eval-v3.1
2026-08-25T22:00:00+09:00,CMP-S01-L01-01,S01,S01-L01,1,running,184.2986,447.7532,100.1271,39.5688,-0.0486,A,relation-reasoning-agent-eval-v3.1
2026-08-25T22:00:00+09:00,CMP-S01-L02-01,S01,S01-L02,1,running,174.6458,468.5796,105.9793,28.2429,-2.0065,C,relation-reasoning-agent-eval-v3.1
2026-08-25T22:00:00+09:00,CMP-S01-L03-01,S01,S01-L03,1,running,153.0595,474.7979,109.4183,47.4069,1.2679,B,relation-reasoning-agent-eval-v3.1
2026-08-25T22:00:00+09:00,CMP-S01-L04-01,S01,S01-L04,1,running,145.3587,460.6706,107.8697,30.3407,-1.743,B,relation-reasoning-agent-eval-v3.1
2026-08-25T22:00:00+09:00,CMP-S01-L05-01,S01,S01-L05,1,running,168.3775,473.016,94.9827,42.6603,0.207,A,relation-reasoning-agent-eval-v3.1
2026-08-25T22:10:00+09:00,CMP-S01-L01-01,S01,S01-L01,1,running,166.9446,451.1551,103.93,38.6772,-0.2137,A,relation-reasoning-agent-eval-v3.1
2026-08-25T22:10:00+09:00,CMP-S01-L02-01,S01,S01-L02,1,running,176.1679,454.7837,105.0606,30.8231,-1.5287,B,relation-reasoning-agent-eval-v3.1
2026-08-25T22:10:00+09:00,CMP-S01-L03-01,S01,S01-L03,1,running,168.8151,485.3662,113.2921,52.3192,2.1775,C,relation-reasoning-agent-eval-v3.1
2026-08-25T22:10:00+09:00,CMP-S01-L04-01,S01,S01-L04,1,running,157.5954,457.1095,104.1597,29.9633,-1.8129,B,relation-reasoning-agent-eval-v3.1
2026-08-25T22:10:00+09:00,CMP-S01-L05-01,S01,S01-L05,1,running,179.0621,453.3518,96.8991,41.5842,0.0077,A,relation-reasoning-agent-eval-v3.1
2026-08-25T22:20:00+09:00,CMP-S01-L01-01,S01,S01-L01,1,running,164.9123,476.4601,99.5462,40.1775,0.0641,A,relation-reasoning-agent-eval-v3.1
2026-08-25T22:20:00+09:00,CMP-S01-L02-01,S01,S01-L02,1,running,174.5204,447.8524,108.0372,29.3423,-1.803,B,relation-reasoning-agent-eval-v3.1
2026-08-25T22:20:00+09:00,CMP-S01-L03-01,S01,S01-L03,1,running,162.1445,494.9168,112.4642,49.9077,1.731,B,relation-reasoning-agent-eval-v3.1
2026-08-25T22:20:00+09:00,CMP-S01-L04-01,S01,S01-L04,1,running,162.5916,490.5432,108.3921,32.7969,-1.2882,B,relation-reasoning-agent-eval-v3.1
2026-08-25T22:20:00+09:00,CMP-S01-L05-01,S01,S01-L05,1,running,175.9439,446.2991,86.8447,45.87,0.8014,A,relation-reasoning-agent-eval-v3.1
2026-08-25T22:30:00+09:00,CMP-S01-L01-01,S01,S01-L01,1,running,164.9187,468.039,97.5193,40.1431,0.0578,A,relation-reasoning-agent-eval-v3.1
2026-08-25T22:30:00+09:00,CMP-S01-L02-01,S01,S01-L02,1,running,179.7046,470.8662,99.3875,28.5747,-1.9451,B,relation-reasoning-agent-eval-v3.1
2026-08-25T22:30:00+09:00,CMP-S01-L03-01,S01,S01-L03,1,running,162.4907,486.7841,111.1606,47.0519,1.2021,B,relation-reasoning-agent-eval-v3.1
2026-08-25T22:30:00+09:00,CMP-S01-L04-01,S01,S01-L04,1,running,164.0673,451.2714,101.3427,39.639,-0.0211,A,relation-reasoning-agent-eval-v3.1
2026-08-25T22:30:00+09:00,CMP-S01-L05-01,S01,S01-L05,1,running,166.8778,485.0369,90.2377,41.8268,0.0526,A,relation-reasoning-agent-eval-v3.1
2026-08-25T22:40:00+09:00,CMP-S01-L01-01,S01,S01-L01,1,running,161.7875,417.1265,106.2459,42.5463,0.5028,A,relation-reasoning-agent-eval-v3.1
2026-08-25T22:40:00+09:00,CMP-S01-L02-01,S01,S01-L02,1,running,197.3505,482.4716,101.4988,34.7737,-0.7971,A,relation-reasoning-agent-eval-v3.1
2026-08-25T22:40:00+09:00,CMP-S01-L03-01,S01,S01-L03,1,running,155.6373,488.6832,112.0667,42.2615,0.315,A,relation-reasoning-agent-eval-v3.1
2026-08-25T22:40:00+09:00,CMP-S01-L04-01,S01,S01-L04,1,running,161.1677,479.5627,99.8105,38.8136,-0.174,A,relation-reasoning-agent-eval-v3.1
2026-08-25T22:40:00+09:00,CMP-S01-L05-01,S01,S01-L05,1,running,154.8088,483.4709,91.8571,40.9178,-0.1157,A,relation-reasoning-agent-eval-v3.1
2026-08-25T22:50:00+09:00,CMP-S01-L01-01,S01,S01-L01,1,running,158.2402,446.0848,98.6448,37.8348,-0.3697,A,relation-reasoning-agent-eval-v3.1
2026-08-25T22:50:00+09:00,CMP-S01-L02-01,S01,S01-L02,1,running,183.4141,531.0031,105.0116,33.82,-0.9738,A,relation-reasoning-agent-eval-v3.1
2026-08-25T22:50:00+09:00,CMP-S01-L03-01,S01,S01-L03,1,running,144.2719,535.3503,106.1291,42.8492,0.4238,A,relation-reasoning-agent-eval-v3.1
2026-08-25T22:50:00+09:00,CMP-S01-L04-01,S01,S01-L04,1,running,167.9456,499.1016,112.6377,44.2386,0.8307,A,relation-reasoning-agent-eval-v3.1
2026-08-25T22:50:00+09:00,CMP-S01-L05-01,S01,S01-L05,1,running,183.555,471.0298,96.859,34.5931,-1.287,B,relation-reasoning-agent-eval-v3.1
2026-08-25T23:00:00+09:00,CMP-S01-L01-01,S01,S01-L01,1,running,167.8528,442.5623,101.0797,32.9122,-1.2813,B,relation-reasoning-agent-eval-v3.1
2026-08-25T23:00:00+09:00,CMP-S01-L02-01,S01,S01-L02,1,running,193.5259,543.0583,104.1976,37.6197,-0.2701,A,relation-reasoning-agent-eval-v3.1
2026-08-25T23:00:00+09:00,CMP-S01-L03-01,S01,S01-L03,1,running,147.304,592.0155,101.3485,38.5453,-0.3732,A,relation-reasoning-agent-eval-v3.1
2026-08-25T23:00:00+09:00,CMP-S01-L04-01,S01,S01-L04,1,running,149.8265,533.9545,115.6156,46.6606,1.2792,B,relation-reasoning-agent-eval-v3.1
2026-08-25T23:00:00+09:00,CMP-S01-L05-01,S01,S01-L05,1,running,193.4503,439.1221,92.7761,29.5422,-2.2223,C,relation-reasoning-agent-eval-v3.1
2026-08-25T23:10:00+09:00,CMP-S01-L01-01,S01,S01-L01,1,running,157.9982,430.4477,94.7594,33.7526,-1.1257,B,relation-reasoning-agent-eval-v3.1
2026-08-25T23:10:00+09:00,CMP-S01-L02-01,S01,S01-L02,1,running,185.2287,531.3127,103.1641,37.1426,-0.3585,A,relation-reasoning-agent-eval-v3.1
2026-08-25T23:10:00+09:00,CMP-S01-L03-01,S01,S01-L03,1,running,159.2864,588.9675,101.5837,38.2841,-0.4215,A,relation-reasoning-agent-eval-v3.1
2026-08-25T23:10:00+09:00,CMP-S01-L04-01,S01,S01-L04,1,running,180.728,510.2835,109.8678,46.3724,1.2258,B,relation-reasoning-agent-eval-v3.1
2026-08-25T23:10:00+09:00,CMP-S01-L05-01,S01,S01-L05,1,running,176.4385,437.0033,93.0482,27.6126,-2.5796,C,relation-reasoning-agent-eval-v3.1
2026-08-25T23:20:00+09:00,CMP-S01-L01-01,S01,S01-L01,1,running,161.8083,452.1369,94.9901,33.7782,-1.1209,B,relation-reasoning-agent-eval-v3.1
2026-08-25T23:20:00+09:00,CMP-S01-L02-01,S01,S01-L02,1,running,172.6404,508.9819,102.9789,35.82,-0.6034,A,relation-reasoning-agent-eval-v3.1
2026-08-25T23:20:00+09:00,CMP-S01-L03-01,S01,S01-L03,1,running,157.2334,542.3275,102.5011,35.1057,-1.0101,B,relation-reasoning-agent-eval-v3.1
2026-08-25T23:20:00+09:00,CMP-S01-L04-01,S01,S01-L04,1,running,165.3235,506.9609,114.5511,40.1283,0.0695,A,relation-reasoning-agent-eval-v3.1
2026-08-25T23:20:00+09:00,CMP-S01-L05-01,S01,S01-L05,1,running,179.9443,436.5191,97.6565,27.4946,-2.6015,C,relation-reasoning-agent-eval-v3.1
2026-08-25T23:30:00+09:00,CMP-S01-L01-01,S01,S01-L01,1,running,173.4996,425.3232,93.1362,35.25,-0.8484,A,relation-reasoning-agent-eval-v3.1
2026-08-25T23:30:00+09:00,CMP-S01-L02-01,S01,S01-L02,1,running,171.7794,499.7215,111.692,40.0662,0.1829,A,relation-reasoning-agent-eval-v3.1
2026-08-25T23:30:00+09:00,CMP-S01-L03-01,S01,S01-L03,1,running,163.8097,510.5055,111.0869,33.3513,-1.335,B,relation-reasoning-agent-eval-v3.1
2026-08-25T23:30:00+09:00,CMP-S01-L04-01,S01,S01-L04,1,running,157.2207,521.2426,105.6181,43.1996,0.6383,A,relation-reasoning-agent-eval-v3.1
2026-08-25T23:30:00+09:00,CMP-S01-L05-01,S01,S01-L05,1,running,169.375,434.0105,98.8423,26.8228,-2.7259,C,relation-reasoning-agent-eval-v3.1
2026-08-25T23:40:00+09:00,CMP-S01-L01-01,S01,S01-L01,1,running,190.5502,428.5728,87.0805,40.1663,0.062,A,relation-reasoning-agent-eval-v3.1
2026-08-25T23:40:00+09:00,CMP-S01-L02-01,S01,S01-L02,1,running,192.3886,446.6959,111.0175,41.317,0.4146,A,relation-reasoning-agent-eval-v3.1
2026-08-25T23:40:00+09:00,CMP-S01-L03-01,S01,S01-L03,1,running,163.0788,487.7905,105.9598,29.1124,-2.12,C,relation-reasoning-agent-eval-v3.1
2026-08-25T23:40:00+09:00,CMP-S01-L04-01,S01,S01-L04,1,running,151.9819,492.7766,103.3551,46.1599,1.1865,B,relation-reasoning-agent-eval-v3.1
2026-08-25T23:40:00+09:00,CMP-S01-L05-01,S01,S01-L05,1,running,165.4713,459.3673,92.9205,34.288,-1.3434,B,relation-reasoning-agent-eval-v3.1
2026-08-25T23:50:00+09:00,CMP-S01-L01-01,S01,S01-L01,1,running,157.4805,438.8232,90.6291,41.6201,0.3313,A,relation-reasoning-agent-eval-v3.1
2026-08-25T23:50:00+09:00,CMP-S01-L02-01,S01,S01-L02,1,running,190.6129,433.5834,110.4828,38.6028,-0.088,A,relation-reasoning-agent-eval-v3.1
2026-08-25T23:50:00+09:00,CMP-S01-L03-01,S01,S01-L03,1,running,171.5116,452.8209,104.6613,29.2498,-2.0946,C,relation-reasoning-agent-eval-v3.1
2026-08-25T23:50:00+09:00,CMP-S01-L04-01,S01,S01-L04,1,running,160.1786,499.1431,100.233,52.3808,2.3385,C,relation-reasoning-agent-eval-v3.1
2026-08-25T23:50:00+09:00,CMP-S01-L05-01,S01,S01-L05,1,running,189.1489,469.4766,98.9006,34.6245,-1.2811,B,relation-reasoning-agent-eval-v3.1
2026-08-26T00:00:00+09:00,CMP-S01-L01-01,S01,S01-L01,1,running,152.3392,455.8285,84.0519,43.7381,0.7235,A,relation-reasoning-agent-eval-v3.1
2026-08-26T00:00:00+09:00,CMP-S01-L02-01,S01,S01-L02,1,running,186.0847,469.581,109.3548,36.4196,-0.4923,A,relation-reasoning-agent-eval-v3.1
2026-08-26T00:00:00+09:00,CMP-S01-L03-01,S01,S01-L03,1,running,152.5118,430.1675,106.6231,33.983,-1.218,B,relation-reasoning-agent-eval-v3.1
2026-08-26T00:00:00+09:00,CMP-S01-L04-01,S01,S01-L04,1,running,151.3587,475.7183,108.8602,45.9409,1.1459,B,relation-reasoning-agent-eval-v3.1
2026-08-26T00:00:00+09:00,CMP-S01-L05-01,S01,S01-L05,1,running,184.605,484.4207,104.1778,37.776,-0.6975,A,relation-reasoning-agent-eval-v3.1
2026-08-26T00:10:00+09:00,CMP-S01-L01-01,S01,S01-L01,1,running,160.5958,482.6565,85.7783,47.6069,1.4399,B,relation-reasoning-agent-eval-v3.1
2026-08-26T00:10:00+09:00,CMP-S01-L02-01,S01,S01-L02,1,running,198.0842,430.6526,110.354,39.8992,0.152,A,relation-reasoning-agent-eval-v3.1
2026-08-26T00:10:00+09:00,CMP-S01-L03-01,S01,S01-L03,1,running,154.3948,422.1727,105.0771,37.0972,-0.6413,A,relation-reasoning-agent-eval-v3.1
2026-08-26T00:10:00+09:00,CMP-S01-L04-01,S01,S01-L04,1,running,142.1328,481.9436,104.2653,44.7348,0.9225,A,relation-reasoning-agent-eval-v3.1
2026-08-26T00:10:00+09:00,CMP-S01-L05-01,S01,S01-L05,1,running,182.9717,465.3199,108.6303,35.1475,-1.1843,B,relation-reasoning-agent-eval-v3.1
2026-08-26T00:20:00+09:00,CMP-S01-L01-01,S01,S01-L01,1,running,157.4503,494.7991,87.9511,50.8915,2.0482,C,relation-reasoning-agent-eval-v3.1
2026-08-26T00:20:00+09:00,CMP-S01-L02-01,S01,S01-L02,1,running,166.0628,370.3784,108.7465,40.1011,0.1894,A,relation-reasoning-agent-eval-v3.1
2026-08-26T00:20:00+09:00,CMP-S01-L03-01,S01,S01-L03,1,running,143.556,429.6039,107.151,37.4246,-0.5807,A,relation-reasoning-agent-eval-v3.1
2026-08-26T00:20:00+09:00,CMP-S01-L04-01,S01,S01-L04,1,running,170.9519,474.3278,108.0511,51.7808,2.2274,C,relation-reasoning-agent-eval-v3.1
2026-08-26T00:20:00+09:00,CMP-S01-L05-01,S01,S01-L05,1,running,176.8997,407.7947,100.616,40.5683,-0.1804,A,relation-reasoning-agent-eval-v3.1
2026-08-26T00:30:00+09:00,CMP-S01-L01-01,S01,S01-L01,1,running,170.3518,466.595,91.7451,49.4101,1.7739,B,relation-reasoning-agent-eval-v3.1
2026-08-26T00:30:00+09:00,CMP-S01-L02-01,S01,S01-L02,1,running,163.0498,431.4101,107.4532,39.1068,0.0053,A,relation-reasoning-agent-eval-v3.1
2026-08-26T00:30:00+09:00,CMP-S01-L03-01,S01,S01-L03,1,running,137.0696,429.4931,104.8254,34.5566,-1.1118,B,relation-reasoning-agent-eval-v3.1
2026-08-26T00:30:00+09:00,CMP-S01-L04-01,S01,S01-L04,1,running,182.8175,454.9005,108.2493,48.8369,1.6822,B,relation-reasoning-agent-eval-v3.1
2026-08-26T00:30:00+09:00,CMP-S01-L05-01,S01,S01-L05,1,running,165.1028,435.1736,85.2276,49.0135,1.3835,B,relation-reasoning-agent-eval-v3.1
2026-08-26T00:40:00+09:00,CMP-S01-L01-01,S01,S01-L01,1,running,175.8753,490.4782,93.0982,46.3972,1.2159,B,relation-reasoning-agent-eval-v3.1
2026-08-26T00:40:00+09:00,CMP-S01-L02-01,S01,S01-L02,1,running,162.9032,416.7468,103.0778,33.3091,-1.0684,B,relation-reasoning-agent-eval-v3.1
2026-08-26T00:40:00+09:00,CMP-S01-L03-01,S01,S01-L03,1,running,160.6591,415.2104,105.5534,33.4525,-1.3163,B,relation-reasoning-agent-eval-v3.1
2026-08-26T00:40:00+09:00,CMP-S01-L04-01,S01,S01-L04,1,running,161.1891,473.3731,110.2458,46.9592,1.3345,B,relation-reasoning-agent-eval-v3.1
2026-08-26T00:40:00+09:00,CMP-S01-L05-01,S01,S01-L05,1,running,155.1214,402.7634,89.0133,35.863,-1.0518,B,relation-reasoning-agent-eval-v3.1
2026-08-26T00:50:00+09:00,CMP-S01-L01-01,S01,S01-L01,1,running,176.4227,476.0526,98.7498,39.4623,-0.0683,A,relation-reasoning-agent-eval-v3.1
2026-08-26T00:50:00+09:00,CMP-S01-L02-01,S01,S01-L02,1,running,195.4706,449.3483,98.7578,30.1104,-1.6607,B,relation-reasoning-agent-eval-v3.1
2026-08-26T00:50:00+09:00,CMP-S01-L03-01,S01,S01-L03,1,running,166.2647,404.7059,103.6196,35.9831,-0.8477,A,relation-reasoning-agent-eval-v3.1
2026-08-26T00:50:00+09:00,CMP-S01-L04-01,S01,S01-L04,1,running,158.9503,459.6511,105.65,42.5854,0.5245,A,relation-reasoning-agent-eval-v3.1
2026-08-26T00:50:00+09:00,CMP-S01-L05-01,S01,S01-L05,1,running,151.0074,399.9501,93.2452,44.1288,0.4789,A,relation-reasoning-agent-eval-v3.1
2026-08-26T01:00:00+09:00,CMP-S01-L01-01,S01,S01-L01,1,running,179.1493,482.933,93.0393,42.2943,0.4561,A,relation-reasoning-agent-eval-v3.1
2026-08-26T01:00:00+09:00,CMP-S01-L02-01,S01,S01-L02,1,running,184.8393,449.4794,99.7899,31.4186,-1.4185,B,relation-reasoning-agent-eval-v3.1
2026-08-26T01:00:00+09:00,CMP-S01-L03-01,S01,S01-L03,1,running,172.2646,480.8278,104.2972,36.3813,-0.7739,A,relation-reasoning-agent-eval-v3.1
2026-08-26T01:00:00+09:00,CMP-S01-L04-01,S01,S01-L04,1,running,157.0556,465.801,110.7027,38.28,-0.2728,A,relation-reasoning-agent-eval-v3.1
2026-08-26T01:00:00+09:00,CMP-S01-L05-01,S01,S01-L05,1,running,135.404,450.3092,94.7869,39.3914,-0.3984,A,relation-reasoning-agent-eval-v3.1
2026-08-26T01:10:00+09:00,CMP-S01-L01-01,S01,S01-L01,1,running,165.4699,487.1733,100.4734,40.9342,0.2042,A,relation-reasoning-agent-eval-v3.1
2026-08-26T01:10:00+09:00,CMP-S01-L02-01,S01,S01-L02,1,running,192.0501,382.4124,101.1284,31.6047,-1.384,B,relation-reasoning-agent-eval-v3.1
2026-08-26T01:10:00+09:00,CMP-S01-L03-01,S01,S01-L03,1,running,167.875,468.4675,106.4517,36.498,-0.7523,A,relation-reasoning-agent-eval-v3.1
2026-08-26T01:10:00+09:00,CMP-S01-L04-01,S01,S01-L04,1,running,170.5032,481.562,101.0871,35.2553,-0.8329,A,relation-reasoning-agent-eval-v3.1
2026-08-26T01:10:00+09:00,CMP-S01-L05-01,S01,S01-L05,1,running,142.0008,485.7056,97.2326,33.3244,-1.5219,B,relation-reasoning-agent-eval-v3.1
2026-08-26T01:20:00+09:00,CMP-S01-L01-01,S01,S01-L01,1,running,155.6422,484.0472,93.3048,35.8322,-0.7406,A,relation-reasoning-agent-eval-v3.1
2026-08-26T01:20:00+09:00,CMP-S01-L02-01,S01,S01-L02,1,running,170.8521,411.6311,107.4043,31.2771,-1.4447,B,relation-reasoning-agent-eval-v3.1
2026-08-26T01:20:00+09:00,CMP-S01-L03-01,S01,S01-L03,1,running,167.6739,511.1863,104.3933,37.5297,-0.5613,A,relation-reasoning-agent-eval-v3.1
2026-08-26T01:20:00+09:00,CMP-S01-L04-01,S01,S01-L04,1,running,165.1064,483.9595,104.9654,38.4197,-0.2469,A,relation-reasoning-agent-eval-v3.1
2026-08-26T01:20:00+09:00,CMP-S01-L05-01,S01,S01-L05,1,running,128.1384,495.8717,98.3442,37.0704,-0.8282,A,relation-reasoning-agent-eval-v3.1
2026-08-26T01:30:00+09:00,CMP-S01-L01-01,S01,S01-L01,1,running,153.3236,502.5503,89.0485,41.0737,0.2301,A,relation-reasoning-agent-eval-v3.1
2026-08-26T01:30:00+09:00,CMP-S01-L02-01,S01,S01-L02,1,running,183.734,408.9041,104.5467,31.5843,-1.3878,B,relation-reasoning-agent-eval-v3.1
2026-08-26T01:30:00+09:00,CMP-S01-L03-01,S01,S01-L03,1,running,189.6967,480.8948,100.9258,41.3411,0.1446,A,relation-reasoning-agent-eval-v3.1
2026-08-26T01:30:00+09:00,CMP-S01-L04-01,S01,S01-L04,1,running,147.3921,471.9472,115.1224,40.0468,0.0544,A,relation-reasoning-agent-eval-v3.1
2026-08-26T01:30:00+09:00,CMP-S01-L05-01,S01,S01-L05,1,running,148.7461,443.646,93.2776,32.6734,-1.6425,B,relation-reasoning-agent-eval-v3.1
2026-08-26T01:40:00+09:00,CMP-S01-L01-01,S01,S01-L01,1,running,166.6839,472.8198,96.1133,42.0575,0.4123,A,relation-reasoning-agent-eval-v3.1
2026-08-26T01:40:00+09:00,CMP-S01-L02-01,S01,S01-L02,1,running,177.794,413.2305,103.4861,29.7211,-1.7328,B,relation-reasoning-agent-eval-v3.1
2026-08-26T01:40:00+09:00,CMP-S01-L03-01,S01,S01-L03,1,running,180.242,513.7316,100.08,39.833,-0.1347,A,relation-reasoning-agent-eval-v3.1
2026-08-26T01:40:00+09:00,CMP-S01-L04-01,S01,S01-L04,1,running,144.2939,466.4121,110.875,46.7537,1.2964,B,relation-reasoning-agent-eval-v3.1
2026-08-26T01:40:00+09:00,CMP-S01-L05-01,S01,S01-L05,1,running,171.789,420.3311,92.967,28.9734,-2.3276,C,relation-reasoning-agent-eval-v3.1
2026-08-26T01:50:00+09:00,CMP-S01-L01-01,S01,S01-L01,1,running,165.0571,504.2459,98.7482,36.6415,-0.5907,A,relation-reasoning-agent-eval-v3.1
2026-08-26T01:50:00+09:00,CMP-S01-L02-01,S01,S01-L02,1,running,173.3224,398.0366,97.6082,37.3522,-0.3196,A,relation-reasoning-agent-eval-v3.1
2026-08-26T01:50:00+09:00,CMP-S01-L03-01,S01,S01-L03,1,running,178.0906,419.3108,106.5975,44.9456,0.8121,A,relation-reasoning-agent-eval-v3.1
2026-08-26T01:50:00+09:00,CMP-S01-L04-01,S01,S01-L04,1,running,148.2033,454.6026,106.6768,41.9584,0.4084,A,relation-reasoning-agent-eval-v3.1
2026-08-26T01:50:00+09:00,CMP-S01-L05-01,S01,S01-L05,1,running,174.5055,412.2396,95.0932,34.8383,-1.2416,B,relation-reasoning-agent-eval-v3.1
2026-08-26T02:00:00+09:00,CMP-S01-L01-01,S01,S01-L01,1,running,178.5819,512.1775,100.3702,34.7316,-0.9444,A,relation-reasoning-agent-eval-v3.1
2026-08-26T02:00:00+09:00,CMP-S01-L02-01,S01,S01-L02,1,running,175.2244,436.2071,103.3313,39.1678,0.0166,A,relation-reasoning-agent-eval-v3.1
2026-08-26T02:00:00+09:00,CMP-S01-L03-01,S01,S01-L03,1,running,167.018,418.0365,109.5145,41.1269,0.1049,A,relation-reasoning-agent-eval-v3.1
2026-08-26T02:00:00+09:00,CMP-S01-L04-01,S01,S01-L04,1,running,157.6748,393.4418,105.4974,40.4901,0.1365,A,relation-reasoning-agent-eval-v3.1
2026-08-26T02:00:00+09:00,CMP-S01-L05-01,S01,S01-L05,1,running,154.175,427.5787,91.9964,38.3797,-0.5857,A,relation-reasoning-agent-eval-v3.1
2026-08-26T02:10:00+09:00,CMP-S01-L01-01,S01,S01-L01,1,running,175.5886,462.3702,102.294,46.4713,1.2296,B,relation-reasoning-agent-eval-v3.1
2026-08-26T02:10:00+09:00,CMP-S01-L02-01,S01,S01-L02,1,running,163.113,399.279,97.7756,39.7371,0.122,A,relation-reasoning-agent-eval-v3.1
2026-08-26T02:10:00+09:00,CMP-S01-L03-01,S01,S01-L03,1,running,170.8495,391.2256,109.2205,39.9207,-0.1185,A,relation-reasoning-agent-eval-v3.1
2026-08-26T02:10:00+09:00,CMP-S01-L04-01,S01,S01-L04,1,running,164.6455,435.4423,100.6357,45.4815,1.0608,B,relation-reasoning-agent-eval-v3.1
2026-08-26T02:10:00+09:00,CMP-S01-L05-01,S01,S01-L05,1,running,175.8022,426.3577,91.0734,35.7305,-1.0763,B,relation-reasoning-agent-eval-v3.1
2026-08-26T02:20:00+09:00,CMP-S01-L01-01,S01,S01-L01,1,running,192.5519,466.274,102.294,49.5495,1.7997,B,relation-reasoning-agent-eval-v3.1
2026-08-26T02:20:00+09:00,CMP-S01-L02-01,S01,S01-L02,1,running,158.0102,404.4519,97.6336,37.1806,-0.3514,A,relation-reasoning-agent-eval-v3.1
2026-08-26T02:20:00+09:00,CMP-S01-L03-01,S01,S01-L03,1,running,163.0936,384.5415,109.4946,33.1077,-1.3801,B,relation-reasoning-agent-eval-v3.1
2026-08-26T02:20:00+09:00,CMP-S01-L04-01,S01,S01-L04,1,running,168.5845,435.8514,95.5384,47.7476,1.4805,B,relation-reasoning-agent-eval-v3.1
2026-08-26T02:20:00+09:00,CMP-S01-L05-01,S01,S01-L05,1,running,188.8246,463.2183,97.1557,38.4151,-0.5792,A,relation-reasoning-agent-eval-v3.1
2026-08-26T02:30:00+09:00,CMP-S01-L01-01,S01,S01-L01,1,running,181.1076,491.0877,104.9696,43.5449,0.6877,A,relation-reasoning-agent-eval-v3.1
2026-08-26T02:30:00+09:00,CMP-S01-L02-01,S01,S01-L02,1,running,160.2876,374.8378,100.8863,39.497,0.0775,A,relation-reasoning-agent-eval-v3.1
2026-08-26T02:30:00+09:00,CMP-S01-L03-01,S01,S01-L03,1,running,161.8356,390.9957,118.0174,29.6441,-2.0216,C,relation-reasoning-agent-eval-v3.1
2026-08-26T02:30:00+09:00,CMP-S01-L04-01,S01,S01-L04,1,running,154.6191,478.8708,94.6221,52.4437,2.3501,C,relation-reasoning-agent-eval-v3.1
2026-08-26T02:30:00+09:00,CMP-S01-L05-01,S01,S01-L05,1,running,188.8591,474.1176,93.6277,44.1472,0.4823,A,relation-reasoning-agent-eval-v3.1
2026-08-26T02:40:00+09:00,CMP-S01-L01-01,S01,S01-L01,1,running,189.8574,493.3043,105.4869,49.1953,1.7341,B,relation-reasoning-agent-eval-v3.1
2026-08-26T02:40:00+09:00,CMP-S01-L02-01,S01,S01-L02,1,running,174.8929,401.6006,96.7472,37.7842,-0.2397,A,relation-reasoning-agent-eval-v3.1
2026-08-26T02:40:00+09:00,CMP-S01-L03-01,S01,S01-L03,1,running,160.7374,436.0276,110.4635,35.9227,-0.8588,A,relation-reasoning-agent-eval-v3.1
2026-08-26T02:40:00+09:00,CMP-S01-L04-01,S01,S01-L04,1,running,158.558,520.633,99.7405,47.9817,1.5238,B,relation-reasoning-agent-eval-v3.1
2026-08-26T02:40:00+09:00,CMP-S01-L05-01,S01,S01-L05,1,running,170.7374,451.9699,95.3077,45.1967,0.6767,A,relation-reasoning-agent-eval-v3.1
2026-08-26T02:50:00+09:00,CMP-S01-L01-01,S01,S01-L01,1,running,192.5389,506.638,99.4856,47.7634,1.4689,B,relation-reasoning-agent-eval-v3.1
2026-08-26T02:50:00+09:00,CMP-S01-L02-01,S01,S01-L02,1,running,160.5556,433.1019,100.5344,42.7271,0.6757,A,relation-reasoning-agent-eval-v3.1
2026-08-26T02:50:00+09:00,CMP-S01-L03-01,S01,S01-L03,1,running,159.3365,461.3319,102.4382,38.1807,-0.4407,A,relation-reasoning-agent-eval-v3.1
2026-08-26T02:50:00+09:00,CMP-S01-L04-01,S01,S01-L04,1,running,160.0712,488.3455,94.3782,43.6051,0.7133,A,relation-reasoning-agent-eval-v3.1
2026-08-26T02:50:00+09:00,CMP-S01-L05-01,S01,S01-L05,1,running,155.3636,460.9009,95.3286,47.1172,1.0323,B,relation-reasoning-agent-eval-v3.1
2026-08-26T03:00:00+09:00,CMP-S01-L01-01,S01,S01-L01,1,running,180.8391,480.3422,102.7314,46.9876,1.3253,B,relation-reasoning-agent-eval-v3.1
2026-08-26T03:00:00+09:00,CMP-S01-L02-01,S01,S01-L02,1,running,170.5833,405.6585,108.0377,43.9882,0.9092,A,relation-reasoning-agent-eval-v3.1
2026-08-26T03:00:00+09:00,CMP-S01-L03-01,S01,S01-L03,1,running,189.0859,453.42,104.7628,34.1113,-1.1943,B,relation-reasoning-agent-eval-v3.1
2026-08-26T03:00:00+09:00,CMP-S01-L04-01,S01,S01-L04,1,running,162.3801,497.5758,96.166,36.8614,-0.5355,A,relation-reasoning-agent-eval-v3.1
2026-08-26T03:00:00+09:00,CMP-S01-L05-01,S01,S01-L05,1,running,160.4073,471.136,91.5321,45.2073,0.6786,A,relation-reasoning-agent-eval-v3.1
2026-08-26T03:10:00+09:00,CMP-S01-L01-01,S01,S01-L01,1,running,197.2613,502.4411,99.4433,52.1744,2.2858,C,relation-reasoning-agent-eval-v3.1
2026-08-26T03:10:00+09:00,CMP-S01-L02-01,S01,S01-L02,1,running,173.0382,427.1632,112.9974,47.2207,1.5079,B,relation-reasoning-agent-eval-v3.1
2026-08-26T03:10:00+09:00,CMP-S01-L03-01,S01,S01-L03,1,running,179.5622,467.0173,99.7115,40.4976,-0.0116,A,relation-reasoning-agent-eval-v3.1
2026-08-26T03:10:00+09:00,CMP-S01-L04-01,S01,S01-L04,1,running,175.2916,479.3016,99.5078,37.1183,-0.4879,A,relation-reasoning-agent-eval-v3.1
2026-08-26T03:10:00+09:00,CMP-S01-L05-01,S01,S01-L05,1,running,172.9344,500.2058,99.123,40.5441,-0.1849,A,relation-reasoning-agent-eval-v3.1
2026-08-26T03:20:00+09:00,CMP-S01-L01-01,S01,S01-L01,1,running,189.6133,478.2235,102.3233,48.315,1.5711,B,relation-reasoning-agent-eval-v3.1
2026-08-26T03:20:00+09:00,CMP-S01-L02-01,S01,S01-L02,1,running,179.864,434.0228,109.8345,42.9154,0.7106,A,relation-reasoning-agent-eval-v3.1
2026-08-26T03:20:00+09:00,CMP-S01-L03-01,S01,S01-L03,1,running,148.593,440.0354,99.1804,35.1604,-1.0,B,relation-reasoning-agent-eval-v3.1
2026-08-26T03:20:00+09:00,CMP-S01-L04-01,S01,S01-L04,1,running,170.5477,438.4114,102.7302,37.8659,-0.3495,A,relation-reasoning-agent-eval-v3.1
2026-08-26T03:20:00+09:00,CMP-S01-L05-01,S01,S01-L05,1,running,176.981,521.1537,102.0825,36.6108,-0.9133,A,relation-reasoning-agent-eval-v3.1
2026-08-26T03:30:00+09:00,CMP-S01-L01-01,S01,S01-L01,1,running,182.8114,481.5003,105.9891,46.821,1.2944,B,relation-reasoning-agent-eval-v3.1
2026-08-26T03:30:00+09:00,CMP-S01-L02-01,S01,S01-L02,1,running,169.9379,411.7459,111.2681,39.7822,0.1304,A,relation-reasoning-agent-eval-v3.1
2026-08-26T03:30:00+09:00,CMP-S01-L03-01,S01,S01-L03,1,running,148.2714,449.3752,96.2259,37.4878,-0.569,A,relation-reasoning-agent-eval-v3.1
2026-08-26T03:30:00+09:00,CMP-S01-L04-01,S01,S01-L04,1,running,159.2287,457.6543,104.5036,41.963,0.4092,A,relation-reasoning-agent-eval-v3.1
2026-08-26T03:30:00+09:00,CMP-S01-L05-01,S01,S01-L05,1,running,189.6309,532.8798,102.63,38.361,-0.5892,A,relation-reasoning-agent-eval-v3.1
2026-08-26T03:40:00+09:00,CMP-S01-L01-01,S01,S01-L01,1,running,160.9467,509.2078,96.396,41.4323,0.2965,A,relation-reasoning-agent-eval-v3.1
2026-08-26T03:40:00+09:00,CMP-S01-L02-01,S01,S01-L02,1,running,144.3469,408.1148,104.8912,30.4257,-1.6023,B,relation-reasoning-agent-eval-v3.1
2026-08-26T03:40:00+09:00,CMP-S01-L03-01,S01,S01-L03,1,running,143.7023,433.4002,99.4975,37.5835,-0.5513,A,relation-reasoning-agent-eval-v3.1
2026-08-26T03:40:00+09:00,CMP-S01-L04-01,S01,S01-L04,1,running,143.1044,447.7353,100.064,45.3198,1.0309,B,relation-reasoning-agent-eval-v3.1
2026-08-26T03:40:00+09:00,CMP-S01-L05-01,S01,S01-L05,1,running,191.7214,527.9693,106.3999,42.5271,0.1823,A,relation-reasoning-agent-eval-v3.1
2026-08-26T03:50:00+09:00,CMP-S01-L01-01,S01,S01-L01,1,running,161.4071,504.5845,87.6454,41.5378,0.316,A,relation-reasoning-agent-eval-v3.1
2026-08-26T03:50:00+09:00,CMP-S01-L02-01,S01,S01-L02,1,running,144.4668,415.1058,107.3287,36.1417,-0.5438,A,relation-reasoning-agent-eval-v3.1
2026-08-26T03:50:00+09:00,CMP-S01-L03-01,S01,S01-L03,1,running,157.5343,445.2022,96.6874,39.0643,-0.2771,A,relation-reasoning-agent-eval-v3.1
2026-08-26T03:50:00+09:00,CMP-S01-L04-01,S01,S01-L04,1,running,137.7176,473.845,101.5345,40.6752,0.1708,A,relation-reasoning-agent-eval-v3.1
2026-08-26T03:50:00+09:00,CMP-S01-L05-01,S01,S01-L05,1,running,192.1776,498.757,107.661,36.8332,-0.8721,A,relation-reasoning-agent-eval-v3.1
2026-08-26T04:00:00+09:00,CMP-S01-L01-01,S01,S01-L01,1,running,148.1511,488.009,92.2689,39.6431,-0.0348,A,relation-reasoning-agent-eval-v3.1
2026-08-26T04:00:00+09:00,CMP-S01-L02-01,S01,S01-L02,1,running,152.8581,457.7076,107.2811,37.1446,-0.3581,A,relation-reasoning-agent-eval-v3.1
2026-08-26T04:00:00+09:00,CMP-S01-L03-01,S01,S01-L03,1,running,169.7967,471.7066,104.7937,39.038,-0.2819,A,relation-reasoning-agent-eval-v3.1
2026-08-26T04:00:00+09:00,CMP-S01-L04-01,S01,S01-L04,1,running,142.4069,506.358,100.8186,33.8125,-1.1001,B,relation-reasoning-agent-eval-v3.1
2026-08-26T04:00:00+09:00,CMP-S01-L05-01,S01,S01-L05,1,running,191.2023,449.147,97.0,36.6027,-0.9148,A,relation-reasoning-agent-eval-v3.1
2026-08-26T04:10:00+09:00,CMP-S01-L01-01,S01,S01-L01,1,running,162.9025,468.5999,92.8102,38.821,-0.1871,A,relation-reasoning-agent-eval-v3.1
2026-08-26T04:10:00+09:00,CMP-S01-L02-01,S01,S01-L02,1,running,164.0155,443.9764,103.006,37.6922,-0.2567,A,relation-reasoning-agent-eval-v3.1
2026-08-26T04:10:00+09:00,CMP-S01-L03-01,S01,S01-L03,1,running,153.0922,465.5772,107.6671,42.8303,0.4203,A,relation-reasoning-agent-eval-v3.1
2026-08-26T04:10:00+09:00,CMP-S01-L04-01,S01,S01-L04,1,running,140.3089,521.7092,98.5514,35.4795,-0.7914,A,relation-reasoning-agent-eval-v3.1
2026-08-26T04:10:00+09:00,CMP-S01-L05-01,S01,S01-L05,1,running,185.2503,473.2215,94.5333,36.3605,-0.9597,A,relation-reasoning-agent-eval-v3.1
2026-08-26T04:20:00+09:00,CMP-S01-L01-01,S01,S01-L01,1,running,188.4548,496.3849,98.626,36.7532,-0.57,A,relation-reasoning-agent-eval-v3.1
2026-08-26T04:20:00+09:00,CMP-S01-L02-01,S01,S01-L02,1,running,146.7338,433.734,100.4957,35.7597,-0.6145,A,relation-reasoning-agent-eval-v3.1
2026-08-26T04:20:00+09:00,CMP-S01-L03-01,S01,S01-L03,1,running,153.4191,493.8466,111.6277,40.7309,0.0316,A,relation-reasoning-agent-eval-v3.1
2026-08-26T04:20:00+09:00,CMP-S01-L04-01,S01,S01-L04,1,running,144.6003,516.212,104.9385,37.3904,-0.4375,A,relation-reasoning-agent-eval-v3.1
2026-08-26T04:20:00+09:00,CMP-S01-L05-01,S01,S01-L05,1,running,176.657,409.3932,99.3,42.0569,0.0952,A,relation-reasoning-agent-eval-v3.1
2026-08-26T04:30:00+09:00,CMP-S01-L01-01,S01,S01-L01,1,running,178.8583,476.1559,93.8908,39.6409,-0.0353,A,relation-reasoning-agent-eval-v3.1
2026-08-26T04:30:00+09:00,CMP-S01-L02-01,S01,S01-L02,1,running,163.2704,426.5507,105.5047,33.5808,-1.0181,B,relation-reasoning-agent-eval-v3.1
2026-08-26T04:30:00+09:00,CMP-S01-L03-01,S01,S01-L03,1,running,163.372,462.8204,120.0421,42.9409,0.4408,A,relation-reasoning-agent-eval-v3.1
2026-08-26T04:30:00+09:00,CMP-S01-L04-01,S01,S01-L04,1,running,160.8704,487.2448,100.2341,37.1756,-0.4773,A,relation-reasoning-agent-eval-v3.1
2026-08-26T04:30:00+09:00,CMP-S01-L05-01,S01,S01-L05,1,running,175.7237,418.9094,98.8646,35.0491,-1.2025,B,relation-reasoning-agent-eval-v3.1
2026-08-26T04:40:00+09:00,CMP-S01-L01-01,S01,S01-L01,1,running,173.5076,488.6108,100.2996,36.6009,-0.5982,A,relation-reasoning-agent-eval-v3.1
2026-08-26T04:40:00+09:00,CMP-S01-L02-01,S01,S01-L02,1,running,176.5118,423.9456,105.6417,35.6051,-0.6432,A,relation-reasoning-agent-eval-v3.1
2026-08-26T04:40:00+09:00,CMP-S01-L03-01,S01,S01-L03,1,running,177.4354,476.2378,120.655,37.8073,-0.5098,A,relation-reasoning-agent-eval-v3.1
2026-08-26T04:40:00+09:00,CMP-S01-L04-01,S01,S01-L04,1,running,165.7976,480.215,102.2789,37.5101,-0.4154,A,relation-reasoning-agent-eval-v3.1
2026-08-26T04:40:00+09:00,CMP-S01-L05-01,S01,S01-L05,1,running,151.2877,412.5869,97.0987,37.3283,-0.7804,A,relation-reasoning-agent-eval-v3.1
2026-08-26T04:50:00+09:00,CMP-S01-L01-01,S01,S01-L01,1,running,162.1685,456.4704,97.9288,38.5097,-0.2447,A,relation-reasoning-agent-eval-v3.1
2026-08-26T04:50:00+09:00,CMP-S01-L02-01,S01,S01-L02,1,running,177.6063,449.0356,110.1854,34.7907,-0.794,A,relation-reasoning-agent-eval-v3.1
2026-08-26T04:50:00+09:00,CMP-S01-L03-01,S01,S01-L03,1,running,174.8704,447.5401,112.8681,34.7293,-1.0798,B,relation-reasoning-agent-eval-v3.1
2026-08-26T04:50:00+09:00,CMP-S01-L04-01,S01,S01-L04,1,running,161.0235,472.1441,104.6809,43.1352,0.6263,A,relation-reasoning-agent-eval-v3.1
2026-08-26T04:50:00+09:00,CMP-S01-L05-01,S01,S01-L05,1,running,155.595,421.6639,98.5003,39.181,-0.4373,A,relation-reasoning-agent-eval-v3.1
2026-08-26T05:00:00+09:00,CMP-S01-L01-01,S01,S01-L01,1,running,152.9621,463.8026,98.3993,39.4706,-0.0668,A,relation-reasoning-agent-eval-v3.1
2026-08-26T05:00:00+09:00,CMP-S01-L02-01,S01,S01-L02,1,running,157.9314,454.5196,113.1317,28.3829,-1.9806,B,relation-reasoning-agent-eval-v3.1
2026-08-26T05:00:00+09:00,CMP-S01-L03-01,S01,S01-L03,1,running,175.4825,497.2212,113.4344,35.4904,-0.9389,A,relation-reasoning-agent-eval-v3.1
2026-08-26T05:00:00+09:00,CMP-S01-L04-01,S01,S01-L04,1,running,162.0293,456.9306,106.7131,30.7119,-1.6743,B,relation-reasoning-agent-eval-v3.1
2026-08-26T05:00:00+09:00,CMP-S01-L05-01,S01,S01-L05,1,running,153.8967,413.771,104.274,36.6996,-0.8969,A,relation-reasoning-agent-eval-v3.1
2026-08-26T05:10:00+09:00,CMP-S01-L01-01,S01,S01-L01,1,running,153.5893,438.7286,99.3152,46.2874,1.1956,B,relation-reasoning-agent-eval-v3.1
2026-08-26T05:10:00+09:00,CMP-S01-L02-01,S01,S01-L02,1,running,175.3598,442.2484,112.8254,35.8363,-0.6004,A,relation-reasoning-agent-eval-v3.1
2026-08-26T05:10:00+09:00,CMP-S01-L03-01,S01,S01-L03,1,running,187.7743,460.0242,107.9019,33.9973,-1.2154,B,relation-reasoning-agent-eval-v3.1
2026-08-26T05:10:00+09:00,CMP-S01-L04-01,S01,S01-L04,1,running,145.6883,419.1065,104.9692,30.8571,-1.6474,B,relation-reasoning-agent-eval-v3.1
2026-08-26T05:10:00+09:00,CMP-S01-L05-01,S01,S01-L05,1,running,152.9511,419.3818,102.8999,35.2651,-1.1625,B,relation-reasoning-agent-eval-v3.1
2026-08-26T05:20:00+09:00,CMP-S01-L01-01,S01,S01-L01,1,running,166.8865,457.5878,99.9861,38.9639,-0.1606,A,relation-reasoning-agent-eval-v3.1
2026-08-26T05:20:00+09:00,CMP-S01-L02-01,S01,S01-L02,1,running,169.7127,476.1384,107.4587,35.1652,-0.7247,A,relation-reasoning-agent-eval-v3.1
2026-08-26T05:20:00+09:00,CMP-S01-L03-01,S01,S01-L03,1,running,181.5165,477.3921,111.9782,35.9092,-0.8613,A,relation-reasoning-agent-eval-v3.1
2026-08-26T05:20:00+09:00,CMP-S01-L04-01,S01,S01-L04,1,running,156.341,464.6753,97.5617,26.7117,-2.4151,C,relation-reasoning-agent-eval-v3.1
2026-08-26T05:20:00+09:00,CMP-S01-L05-01,S01,S01-L05,1,running,162.3871,448.9788,109.4916,34.0773,-1.3825,B,relation-reasoning-agent-eval-v3.1
2026-08-26T05:30:00+09:00,CMP-S01-L01-01,S01,S01-L01,1,running,179.1404,495.6718,94.0867,46.2261,1.1842,B,relation-reasoning-agent-eval-v3.1
2026-08-26T05:30:00+09:00,CMP-S01-L02-01,S01,S01-L02,1,running,185.4453,430.398,100.5717,43.0248,0.7308,A,relation-reasoning-agent-eval-v3.1
2026-08-26T05:30:00+09:00,CMP-S01-L03-01,S01,S01-L03,1,running,176.0468,473.6076,106.1642,39.0247,-0.2844,A,relation-reasoning-agent-eval-v3.1
2026-08-26T05:30:00+09:00,CMP-S01-L04-01,S01,S01-L04,1,running,160.4755,437.629,100.6,31.7514,-1.4818,B,relation-reasoning-agent-eval-v3.1
2026-08-26T05:30:00+09:00,CMP-S01-L05-01,S01,S01-L05,1,running,145.4579,481.2011,110.7791,33.9473,-1.4066,B,relation-reasoning-agent-eval-v3.1
2026-08-26T05:40:00+09:00,CMP-S01-L01-01,S01,S01-L01,1,running,182.3475,513.3177,96.501,42.6668,0.5251,A,relation-reasoning-agent-eval-v3.1
2026-08-26T05:40:00+09:00,CMP-S01-L02-01,S01,S01-L02,1,running,173.7576,429.412,101.0286,42.0617,0.5525,A,relation-reasoning-agent-eval-v3.1
2026-08-26T05:40:00+09:00,CMP-S01-L03-01,S01,S01-L03,1,running,180.9317,459.9655,94.8165,39.5787,-0.1818,A,relation-reasoning-agent-eval-v3.1
2026-08-26T05:40:00+09:00,CMP-S01-L04-01,S01,S01-L04,1,running,154.5484,442.6664,113.2078,25.6604,-2.6098,C,relation-reasoning-agent-eval-v3.1
2026-08-26T05:40:00+09:00,CMP-S01-L05-01,S01,S01-L05,1,running,158.9219,419.3352,106.7704,27.0299,-2.6875,C,relation-reasoning-agent-eval-v3.1
2026-08-26T05:50:00+09:00,CMP-S01-L01-01,S01,S01-L01,1,running,208.5907,502.7396,98.4042,34.781,-0.9352,A,relation-reasoning-agent-eval-v3.1
2026-08-26T05:50:00+09:00,CMP-S01-L02-01,S01,S01-L02,1,running,165.7283,454.4993,108.4474,38.6946,-0.071,A,relation-reasoning-agent-eval-v3.1
2026-08-26T05:50:00+09:00,CMP-S01-L03-01,S01,S01-L03,1,running,151.6587,484.1501,98.4563,35.7885,-0.8837,A,relation-reasoning-agent-eval-v3.1
2026-08-26T05:50:00+09:00,CMP-S01-L04-01,S01,S01-L04,1,running,162.7711,428.4256,108.8492,26.1155,-2.5255,C,relation-reasoning-agent-eval-v3.1
2026-08-26T05:50:00+09:00,CMP-S01-L05-01,S01,S01-L05,1,running,160.3364,381.551,102.3218,32.4164,-1.69,B,relation-reasoning-agent-eval-v3.1
2026-08-26T06:00:00+09:00,CMP-S01-L01-01,S01,S01-L01,1,running,197.5672,489.7709,97.7199,35.0049,-0.8938,A,relation-reasoning-agent-eval-v3.1
2026-08-26T06:00:00+09:00,CMP-S01-L02-01,S01,S01-L02,1,running,174.8294,436.3008,103.8413,43.5709,0.832,A,relation-reasoning-agent-eval-v3.1
2026-08-26T06:00:00+09:00,CMP-S01-L03-01,S01,S01-L03,1,running,154.9436,459.717,103.6337,38.0727,-0.4607,A,relation-reasoning-agent-eval-v3.1
2026-08-26T06:00:00+09:00,CMP-S01-L04-01,S01,S01-L04,1,running,174.5743,466.558,109.0664,33.392,-1.178,B,relation-reasoning-agent-eval-v3.1
2026-08-26T06:00:00+09:00,CMP-S01-L05-01,S01,S01-L05,1,running,145.0723,425.657,104.452,28.9379,-2.3342,C,relation-reasoning-agent-eval-v3.1
2026-08-26T06:10:00+09:00,CMP-S01-L01-01,S01,S01-L01,1,running,184.1829,490.6098,102.0257,32.5654,-1.3455,B,relation-reasoning-agent-eval-v3.1
2026-08-26T06:10:00+09:00,CMP-S01-L02-01,S01,S01-L02,1,running,178.627,425.7437,110.057,46.3729,1.3508,B,relation-reasoning-agent-eval-v3.1
2026-08-26T06:10:00+09:00,CMP-S01-L03-01,S01,S01-L03,1,running,153.1306,449.3606,109.7979,38.4165,-0.397,A,relation-reasoning-agent-eval-v3.1
2026-08-26T06:10:00+09:00,CMP-S01-L04-01,S01,S01-L04,1,running,164.3637,471.262,108.3007,36.7346,-0.559,A,relation-reasoning-agent-eval-v3.1
2026-08-26T06:10:00+09:00,CMP-S01-L05-01,S01,S01-L05,1,running,137.2753,382.6659,101.8345,28.1012,-2.4892,C,relation-reasoning-agent-eval-v3.1
2026-08-26T06:20:00+09:00,CMP-S01-L01-01,S01,S01-L01,1,running,190.6416,471.3188,104.3551,36.2671,-0.66,A,relation-reasoning-agent-eval-v3.1
2026-08-26T06:20:00+09:00,CMP-S01-L02-01,S01,S01-L02,1,running,179.6374,430.7171,112.4585,44.5846,1.0197,B,relation-reasoning-agent-eval-v3.1
2026-08-26T06:20:00+09:00,CMP-S01-L03-01,S01,S01-L03,1,running,164.9785,467.6423,109.4133,39.5694,-0.1835,A,relation-reasoning-agent-eval-v3.1
2026-08-26T06:20:00+09:00,CMP-S01-L04-01,S01,S01-L04,1,running,159.6409,413.3456,103.3581,45.5133,1.0667,B,relation-reasoning-agent-eval-v3.1
2026-08-26T06:20:00+09:00,CMP-S01-L05-01,S01,S01-L05,1,running,152.9622,360.6224,94.2225,36.2163,-0.9864,A,relation-reasoning-agent-eval-v3.1
2026-08-26T06:30:00+09:00,CMP-S01-L01-01,S01,S01-L01,1,running,182.4217,453.9421,99.0096,34.8973,-0.9137,A,relation-reasoning-agent-eval-v3.1
2026-08-26T06:30:00+09:00,CMP-S01-L02-01,S01,S01-L02,1,running,176.1413,447.1934,108.9297,45.2892,1.1502,B,relation-reasoning-agent-eval-v3.1
2026-08-26T06:30:00+09:00,CMP-S01-L03-01,S01,S01-L03,1,running,168.8539,490.8848,107.2207,44.9371,0.8105,A,relation-reasoning-agent-eval-v3.1
2026-08-26T06:30:00+09:00,CMP-S01-L04-01,S01,S01-L04,1,running,158.8179,406.4885,115.6086,50.2885,1.951,B,relation-reasoning-agent-eval-v3.1
2026-08-26T06:30:00+09:00,CMP-S01-L05-01,S01,S01-L05,1,running,157.2748,374.7005,94.0275,34.4937,-1.3054,B,relation-reasoning-agent-eval-v3.1
2026-08-26T06:40:00+09:00,CMP-S01-L01-01,S01,S01-L01,1,running,166.4362,487.5014,94.0519,37.3406,-0.4612,A,relation-reasoning-agent-eval-v3.1
2026-08-26T06:40:00+09:00,CMP-S01-L02-01,S01,S01-L02,1,running,172.7167,458.7485,110.6502,48.9582,1.8296,B,relation-reasoning-agent-eval-v3.1
2026-08-26T06:40:00+09:00,CMP-S01-L03-01,S01,S01-L03,1,running,171.0554,475.9317,111.0933,43.0734,0.4654,A,relation-reasoning-agent-eval-v3.1
2026-08-26T06:40:00+09:00,CMP-S01-L04-01,S01,S01-L04,1,running,145.5449,414.653,114.8196,46.7917,1.3035,B,relation-reasoning-agent-eval-v3.1
2026-08-26T06:40:00+09:00,CMP-S01-L05-01,S01,S01-L05,1,running,169.5829,385.9725,97.035,36.1377,-1.0009,B,relation-reasoning-agent-eval-v3.1
2026-08-26T06:50:00+09:00,CMP-S01-L01-01,S01,S01-L01,1,running,157.2274,504.4322,95.5742,37.2939,-0.4699,A,relation-reasoning-agent-eval-v3.1
2026-08-26T06:50:00+09:00,CMP-S01-L02-01,S01,S01-L02,1,running,156.0212,444.8585,109.2848,45.857,1.2553,B,relation-reasoning-agent-eval-v3.1
2026-08-26T06:50:00+09:00,CMP-S01-L03-01,S01,S01-L03,1,running,168.0397,470.9947,105.7682,41.6496,0.2017,A,relation-reasoning-agent-eval-v3.1
2026-08-26T06:50:00+09:00,CMP-S01-L04-01,S01,S01-L04,1,running,153.5524,453.3893,114.9239,49.0515,1.7219,B,relation-reasoning-agent-eval-v3.1
2026-08-26T06:50:00+09:00,CMP-S01-L05-01,S01,S01-L05,1,running,164.4827,477.0325,93.3566,37.5774,-0.7343,A,relation-reasoning-agent-eval-v3.1
2026-08-26T07:00:00+09:00,CMP-S01-L01-01,S01,S01-L01,1,running,164.1395,487.1107,99.3769,39.0353,-0.1474,A,relation-reasoning-agent-eval-v3.1
2026-08-26T07:00:00+09:00,CMP-S01-L02-01,S01,S01-L02,1,running,167.0588,425.5435,102.4927,46.2143,1.3215,B,relation-reasoning-agent-eval-v3.1
2026-08-26T07:00:00+09:00,CMP-S01-L03-01,S01,S01-L03,1,running,178.5481,518.8176,117.0506,42.4319,0.3466,A,relation-reasoning-agent-eval-v3.1
2026-08-26T07:00:00+09:00,CMP-S01-L04-01,S01,S01-L04,1,running,165.9584,445.0621,121.4722,52.3489,2.3326,C,relation-reasoning-agent-eval-v3.1
2026-08-26T07:00:00+09:00,CMP-S01-L05-01,S01,S01-L05,1,running,178.4113,478.505,98.7135,37.6461,-0.7216,A,relation-reasoning-agent-eval-v3.1
2026-08-26T07:10:00+09:00,CMP-S01-L01-01,S01,S01-L01,1,running,163.4103,518.267,96.7145,34.1396,-1.054,B,relation-reasoning-agent-eval-v3.1
2026-08-26T07:10:00+09:00,CMP-S01-L02-01,S01,S01-L02,1,running,165.0591,435.09,93.9892,44.7816,1.0562,B,relation-reasoning-agent-eval-v3.1
2026-08-26T07:10:00+09:00,CMP-S01-L03-01,S01,S01-L03,1,running,170.661,503.1284,115.0488,40.652,0.0169,A,relation-reasoning-agent-eval-v3.1
2026-08-26T07:10:00+09:00,CMP-S01-L04-01,S01,S01-L04,1,running,159.6885,497.1849,114.9854,45.8074,1.1212,B,relation-reasoning-agent-eval-v3.1
2026-08-26T07:10:00+09:00,CMP-S01-L05-01,S01,S01-L05,1,running,187.7809,446.6235,97.702,45.0913,0.6572,A,relation-reasoning-agent-eval-v3.1
2026-08-26T07:20:00+09:00,CMP-S01-L01-01,S01,S01-L01,1,running,155.6134,498.4624,104.5825,41.8824,0.3798,A,relation-reasoning-agent-eval-v3.1
2026-08-26T07:20:00+09:00,CMP-S01-L02-01,S01,S01-L02,1,running,161.4102,460.897,100.9909,47.6881,1.5944,B,relation-reasoning-agent-eval-v3.1
2026-08-26T07:20:00+09:00,CMP-S01-L03-01,S01,S01-L03,1,running,143.0004,474.7554,116.2993,34.694,-1.0864,B,relation-reasoning-agent-eval-v3.1
2026-08-26T07:20:00+09:00,CMP-S01-L04-01,S01,S01-L04,1,running,173.9157,445.7433,108.9888,47.3861,1.4135,B,relation-reasoning-agent-eval-v3.1
2026-08-26T07:20:00+09:00,CMP-S01-L05-01,S01,S01-L05,1,running,155.9855,448.1757,91.745,43.4695,0.3568,A,relation-reasoning-agent-eval-v3.1
2026-08-26T07:30:00+09:00,CMP-S01-L01-01,S01,S01-L01,1,running,164.0172,462.6811,111.0413,41.526,0.3138,A,relation-reasoning-agent-eval-v3.1
2026-08-26T07:30:00+09:00,CMP-S01-L02-01,S01,S01-L02,1,running,153.7174,467.7407,105.6247,43.7264,0.8608,A,relation-reasoning-agent-eval-v3.1
2026-08-26T07:30:00+09:00,CMP-S01-L03-01,S01,S01-L03,1,running,144.3942,427.4722,109.7483,35.1735,-0.9976,A,relation-reasoning-agent-eval-v3.1
2026-08-26T07:30:00+09:00,CMP-S01-L04-01,S01,S01-L04,1,running,180.6223,448.2472,110.0972,45.4686,1.0584,B,relation-reasoning-agent-eval-v3.1
2026-08-26T07:30:00+09:00,CMP-S01-L05-01,S01,S01-L05,1,running,168.1804,467.4873,95.6334,42.654,0.2058,A,relation-reasoning-agent-eval-v3.1
2026-08-26T07:40:00+09:00,CMP-S01-L01-01,S01,S01-L01,1,running,157.1753,491.5424,108.3784,39.3915,-0.0814,A,relation-reasoning-agent-eval-v3.1
2026-08-26T07:40:00+09:00,CMP-S01-L02-01,S01,S01-L02,1,running,138.1158,512.9098,110.5455,41.8868,0.5201,A,relation-reasoning-agent-eval-v3.1
2026-08-26T07:40:00+09:00,CMP-S01-L03-01,S01,S01-L03,1,running,141.1795,425.3695,111.4395,31.2387,-1.7262,B,relation-reasoning-agent-eval-v3.1
2026-08-26T07:40:00+09:00,CMP-S01-L04-01,S01,S01-L04,1,running,193.0117,478.7116,115.3634,48.0578,1.5379,B,relation-reasoning-agent-eval-v3.1
2026-08-26T07:40:00+09:00,CMP-S01-L05-01,S01,S01-L05,1,running,181.2939,434.0772,84.0144,40.6144,-0.1719,A,relation-reasoning-agent-eval-v3.1
2026-08-26T07:50:00+09:00,CMP-S01-L01-01,S01,S01-L01,1,running,158.3781,516.1243,97.6593,41.5653,0.3211,A,relation-reasoning-agent-eval-v3.1
2026-08-26T07:50:00+09:00,CMP-S01-L02-01,S01,S01-L02,1,running,142.3054,460.2979,110.1474,44.337,0.9738,A,relation-reasoning-agent-eval-v3.1
2026-08-26T07:50:00+09:00,CMP-S01-L03-01,S01,S01-L03,1,running,133.4692,384.0926,116.0603,31.5931,-1.6606,B,relation-reasoning-agent-eval-v3.1
2026-08-26T07:50:00+09:00,CMP-S01-L04-01,S01,S01-L04,1,running,189.731,489.0154,108.3607,48.6763,1.6525,B,relation-reasoning-agent-eval-v3.1
2026-08-26T07:50:00+09:00,CMP-S01-L05-01,S01,S01-L05,1,running,178.6115,460.0657,89.6519,36.1557,-0.9976,A,relation-reasoning-agent-eval-v3.1
2026-08-26T08:00:00+09:00,CMP-S01-L01-01,S01,S01-L01,1,running,164.2281,495.987,97.1539,39.6238,-0.0384,A,relation-reasoning-agent-eval-v3.1
2026-08-26T08:00:00+09:00,CMP-S01-L02-01,S01,S01-L02,1,running,150.5099,466.044,104.9682,40.0058,0.1718,A,relation-reasoning-agent-eval-v3.1
2026-08-26T08:00:00+09:00,CMP-S01-L03-01,S01,S01-L03,1,running,142.4222,438.7512,111.0685,35.6149,-0.9158,A,relation-reasoning-agent-eval-v3.1
2026-08-26T08:00:00+09:00,CMP-S01-L04-01,S01,S01-L04,1,running,164.232,459.2115,108.2053,47.9977,1.5268,B,relation-reasoning-agent-eval-v3.1
2026-08-26T08:00:00+09:00,CMP-S01-L05-01,S01,S01-L05,1,running,169.4057,395.4121,89.8165,42.322,0.1443,A,relation-reasoning-agent-eval-v3.1
2026-08-26T08:10:00+09:00,CMP-S01-L01-01,S01,S01-L01,1,running,163.214,442.8638,101.0982,36.3809,-0.6389,A,relation-reasoning-agent-eval-v3.1
2026-08-26T08:10:00+09:00,CMP-S01-L02-01,S01,S01-L02,1,running,135.4571,461.2415,104.3279,43.6195,0.841,A,relation-reasoning-agent-eval-v3.1
2026-08-26T08:10:00+09:00,CMP-S01-L03-01,S01,S01-L03,1,running,152.924,447.7631,107.7701,33.1653,-1.3695,B,relation-reasoning-agent-eval-v3.1
2026-08-26T08:10:00+09:00,CMP-S01-L04-01,S01,S01-L04,1,running,158.4141,493.6129,108.1254,49.4957,1.8042,B,relation-reasoning-agent-eval-v3.1
2026-08-26T08:10:00+09:00,CMP-S01-L05-01,S01,S01-L05,1,running,161.1397,421.2182,91.2164,41.3203,-0.0412,A,relation-reasoning-agent-eval-v3.1
2026-08-26T08:20:00+09:00,CMP-S01-L01-01,S01,S01-L01,1,running,169.4512,475.4862,103.3722,39.4767,-0.0656,A,relation-reasoning-agent-eval-v3.1
2026-08-26T08:20:00+09:00,CMP-S01-L02-01,S01,S01-L02,1,running,143.095,503.7198,110.2251,52.4011,2.4672,C,relation-reasoning-agent-eval-v3.1
2026-08-26T08:20:00+09:00,CMP-S01-L03-01,S01,S01-L03,1,running,160.2299,432.4953,104.4962,41.1869,0.116,A,relation-reasoning-agent-eval-v3.1
2026-08-26T08:20:00+09:00,CMP-S01-L04-01,S01,S01-L04,1,running,156.3142,467.2523,109.0084,48.509,1.6215,B,relation-reasoning-agent-eval-v3.1
2026-08-26T08:20:00+09:00,CMP-S01-L05-01,S01,S01-L05,1,running,168.3758,445.403,96.9381,44.144,0.4817,A,relation-reasoning-agent-eval-v3.1
2026-08-26T08:30:00+09:00,CMP-S01-L01-01,S01,S01-L01,1,running,169.7528,486.6628,100.8536,37.0854,-0.5085,A,relation-reasoning-agent-eval-v3.1
2026-08-26T08:30:00+09:00,CMP-S01-L02-01,S01,S01-L02,1,running,141.4922,527.7727,111.0917,49.73,1.9725,B,relation-reasoning-agent-eval-v3.1
2026-08-26T08:30:00+09:00,CMP-S01-L03-01,S01,S01-L03,1,running,162.9767,393.5531,101.4967,32.8835,-1.4217,B,relation-reasoning-agent-eval-v3.1
2026-08-26T08:30:00+09:00,CMP-S01-L04-01,S01,S01-L04,1,running,163.0708,470.3528,108.1766,48.3357,1.5894,B,relation-reasoning-agent-eval-v3.1
2026-08-26T08:30:00+09:00,CMP-S01-L05-01,S01,S01-L05,1,running,168.1037,477.5841,95.9825,37.5711,-0.7355,A,relation-reasoning-agent-eval-v3.1
2026-08-26T08:40:00+09:00,CMP-S01-L01-01,S01,S01-L01,1,running,185.2037,485.1655,100.9277,37.7012,-0.3945,A,relation-reasoning-agent-eval-v3.1
2026-08-26T08:40:00+09:00,CMP-S01-L02-01,S01,S01-L02,1,running,149.9605,520.9047,110.424,50.6811,2.1487,C,relation-reasoning-agent-eval-v3.1
2026-08-26T08:40:00+09:00,CMP-S01-L03-01,S01,S01-L03,1,running,167.1542,408.8527,106.0056,34.3746,-1.1455,B,relation-reasoning-agent-eval-v3.1
2026-08-26T08:40:00+09:00,CMP-S01-L04-01,S01,S01-L04,1,running,151.0022,482.1656,103.7256,43.5127,0.6962,A,relation-reasoning-agent-eval-v3.1
2026-08-26T08:40:00+09:00,CMP-S01-L05-01,S01,S01-L05,1,running,163.1935,446.0709,99.6394,44.7118,0.5869,A,relation-reasoning-agent-eval-v3.1
2026-08-26T08:50:00+09:00,CMP-S01-L01-01,S01,S01-L01,1,running,181.1479,476.8605,97.8381,39.784,-0.0087,A,relation-reasoning-agent-eval-v3.1
2026-08-26T08:50:00+09:00,CMP-S01-L02-01,S01,S01-L02,1,running,145.0938,488.2512,112.3085,48.1483,1.6796,B,relation-reasoning-agent-eval-v3.1
2026-08-26T08:50:00+09:00,CMP-S01-L03-01,S01,S01-L03,1,running,162.1283,425.0616,97.2817,40.9941,0.0803,A,relation-reasoning-agent-eval-v3.1
2026-08-26T08:50:00+09:00,CMP-S01-L04-01,S01,S01-L04,1,running,148.395,457.5604,99.7026,42.4809,0.5052,A,relation-reasoning-agent-eval-v3.1
2026-08-26T08:50:00+09:00,CMP-S01-L05-01,S01,S01-L05,1,running,169.6929,441.4881,104.3556,45.8766,0.8026,A,relation-reasoning-agent-eval-v3.1
2026-08-26T09:00:00+09:00,CMP-S01-L01-01,S01,S01-L01,1,running,167.1916,456.3802,98.2233,37.5465,-0.4231,A,relation-reasoning-agent-eval-v3.1
2026-08-26T09:00:00+09:00,CMP-S01-L02-01,S01,S01-L02,1,running,153.7939,467.7678,108.779,49.2198,1.8781,B,relation-reasoning-agent-eval-v3.1
2026-08-26T09:00:00+09:00,CMP-S01-L03-01,S01,S01-L03,1,running,159.086,407.2113,91.6648,39.5428,-0.1884,A,relation-reasoning-agent-eval-v3.1
2026-08-26T09:00:00+09:00,CMP-S01-L04-01,S01,S01-L04,1,running,149.9008,440.5722,101.8958,40.9898,0.229,A,relation-reasoning-agent-eval-v3.1
2026-08-26T09:00:00+09:00,CMP-S01-L05-01,S01,S01-L05,1,running,139.3626,459.4215,107.7733,42.0799,0.0995,A,relation-reasoning-agent-eval-v3.1
2026-08-26T09:10:00+09:00,CMP-S01-L01-01,S01,S01-L01,1,running,174.7936,477.004,93.2026,39.7997,-0.0058,A,relation-reasoning-agent-eval-v3.1
2026-08-26T09:10:00+09:00,CMP-S01-L02-01,S01,S01-L02,1,running,154.2385,423.2534,103.7093,42.8673,0.7017,A,relation-reasoning-agent-eval-v3.1
2026-08-26T09:10:00+09:00,CMP-S01-L03-01,S01,S01-L03,1,running,166.1093,428.8012,95.0293,37.9276,-0.4876,A,relation-reasoning-agent-eval-v3.1
2026-08-26T09:10:00+09:00,CMP-S01-L04-01,S01,S01-L04,1,running,137.1736,474.4692,98.091,44.8579,0.9453,A,relation-reasoning-agent-eval-v3.1
2026-08-26T09:10:00+09:00,CMP-S01-L05-01,S01,S01-L05,1,running,162.6242,430.3299,94.627,43.0725,0.2833,A,relation-reasoning-agent-eval-v3.1
2026-08-26T09:20:00+09:00,CMP-S01-L01-01,S01,S01-L01,1,running,167.0495,476.0041,93.5008,37.8968,-0.3582,A,relation-reasoning-agent-eval-v3.1
2026-08-26T09:20:00+09:00,CMP-S01-L02-01,S01,S01-L02,1,running,179.4062,453.8125,98.0296,41.7952,0.5031,A,relation-reasoning-agent-eval-v3.1
2026-08-26T09:20:00+09:00,CMP-S01-L03-01,S01,S01-L03,1,running,166.2326,437.062,99.9613,39.74,-0.1519,A,relation-reasoning-agent-eval-v3.1
2026-08-26T09:20:00+09:00,CMP-S01-L04-01,S01,S01-L04,1,running,157.6132,529.5541,108.2353,42.4205,0.494,A,relation-reasoning-agent-eval-v3.1
2026-08-26T09:20:00+09:00,CMP-S01-L05-01,S01,S01-L05,1,running,166.5172,436.2135,94.0727,45.7633,0.7816,A,relation-reasoning-agent-eval-v3.1
2026-08-26T09:30:00+09:00,CMP-S01-L01-01,S01,S01-L01,1,running,185.0194,510.9988,91.9139,37.8347,-0.3697,A,relation-reasoning-agent-eval-v3.1
2026-08-26T09:30:00+09:00,CMP-S01-L02-01,S01,S01-L02,1,running,165.5374,446.6938,88.1677,47.1854,1.5013,B,relation-reasoning-agent-eval-v3.1
2026-08-26T09:30:00+09:00,CMP-S01-L03-01,S01,S01-L03,1,running,158.4147,408.8057,105.7166,46.2538,1.0543,B,relation-reasoning-agent-eval-v3.1
2026-08-26T09:30:00+09:00,CMP-S01-L04-01,S01,S01-L04,1,running,163.7632,495.2123,103.6434,48.9213,1.6978,B,relation-reasoning-agent-eval-v3.1
2026-08-26T09:30:00+09:00,CMP-S01-L05-01,S01,S01-L05,1,running,164.4011,434.7871,96.2986,40.4461,-0.2031,A,relation-reasoning-agent-eval-v3.1
2026-08-26T09:40:00+09:00,CMP-S01-L01-01,S01,S01-L01,1,running,173.3826,453.1001,99.3809,42.0016,0.4019,A,relation-reasoning-agent-eval-v3.1
2026-08-26T09:40:00+09:00,CMP-S01-L02-01,S01,S01-L02,1,running,158.1717,417.4292,95.677,45.335,1.1587,B,relation-reasoning-agent-eval-v3.1
2026-08-26T09:40:00+09:00,CMP-S01-L03-01,S01,S01-L03,1,running,171.3426,448.692,109.5702,47.03,1.1981,B,relation-reasoning-agent-eval-v3.1
2026-08-26T09:40:00+09:00,CMP-S01-L04-01,S01,S01-L04,1,running,167.7069,508.3427,98.6304,38.5532,-0.2222,A,relation-reasoning-agent-eval-v3.1
2026-08-26T09:40:00+09:00,CMP-S01-L05-01,S01,S01-L05,1,running,162.6302,459.9212,100.7007,42.1313,0.109,A,relation-reasoning-agent-eval-v3.1
2026-08-26T09:50:00+09:00,CMP-S01-L01-01,S01,S01-L01,1,running,173.3931,443.9138,101.6366,34.8779,-0.9173,A,relation-reasoning-agent-eval-v3.1
2026-08-26T09:50:00+09:00,CMP-S01-L02-01,S01,S01-L02,1,running,157.8701,409.7418,97.5017,39.8501,0.1429,A,relation-reasoning-agent-eval-v3.1
2026-08-26T09:50:00+09:00,CMP-S01-L03-01,S01,S01-L03,1,running,165.4595,453.4779,110.0465,48.5008,1.4704,B,relation-reasoning-agent-eval-v3.1
2026-08-26T09:50:00+09:00,CMP-S01-L04-01,S01,S01-L04,1,running,170.4339,518.3954,94.756,41.5553,0.3338,A,relation-reasoning-agent-eval-v3.1
2026-08-26T09:50:00+09:00,CMP-S01-L05-01,S01,S01-L05,1,running,157.8757,418.9588,101.0811,42.1131,0.1056,A,relation-reasoning-agent-eval-v3.1
2026-08-26T10:00:00+09:00,CMP-S01-L01-01,S01,S01-L01,1,running,182.4126,456.1235,100.4464,31.9903,-1.452,B,relation-reasoning-agent-eval-v3.1
2026-08-26T10:00:00+09:00,CMP-S01-L02-01,S01,S01-L02,1,running,170.9158,445.5393,106.3142,38.9658,-0.0208,A,relation-reasoning-agent-eval-v3.1
2026-08-26T10:00:00+09:00,CMP-S01-L03-01,S01,S01-L03,1,running,159.9026,469.1749,108.4881,49.809,1.7127,B,relation-reasoning-agent-eval-v3.1
2026-08-26T10:00:00+09:00,CMP-S01-L04-01,S01,S01-L04,1,running,174.7597,544.4747,95.7921,38.0889,-0.3082,A,relation-reasoning-agent-eval-v3.1
2026-08-26T10:00:00+09:00,CMP-S01-L05-01,S01,S01-L05,1,running,159.079,401.3509,103.0836,41.6303,0.0162,A,relation-reasoning-agent-eval-v3.1
2026-08-26T10:10:00+09:00,CMP-S01-L01-01,S01,S01-L01,1,running,173.3525,426.3996,102.2677,34.091,-1.063,B,relation-reasoning-agent-eval-v3.1
2026-08-26T10:10:00+09:00,CMP-S01-L02-01,S01,S01-L02,1,running,181.3704,458.1941,106.6523,33.274,-1.0749,B,relation-reasoning-agent-eval-v3.1
2026-08-26T10:10:00+09:00,CMP-S01-L03-01,S01,S01-L03,1,running,167.0163,443.977,112.5382,45.8452,0.9787,A,relation-reasoning-agent-eval-v3.1
2026-08-26T10:10:00+09:00,CMP-S01-L04-01,S01,S01-L04,1,running,161.3002,536.8703,102.1897,36.4533,-0.6111,A,relation-reasoning-agent-eval-v3.1
2026-08-26T10:10:00+09:00,CMP-S01-L05-01,S01,S01-L05,1,running,163.3321,401.928,105.4928,34.7681,-1.2545,B,relation-reasoning-agent-eval-v3.1
2026-08-26T10:20:00+09:00,CMP-S01-L01-01,S01,S01-L01,1,running,174.5511,468.8888,107.3667,26.8514,-2.4037,C,relation-reasoning-agent-eval-v3.1
2026-08-26T10:20:00+09:00,CMP-S01-L02-01,S01,S01-L02,1,running,193.9989,443.2502,102.0489,32.4288,-1.2314,B,relation-reasoning-agent-eval-v3.1
2026-08-26T10:20:00+09:00,CMP-S01-L03-01,S01,S01-L03,1,running,167.4589,418.2589,114.6115,42.6145,0.3804,A,relation-reasoning-agent-eval-v3.1
2026-08-26T10:20:00+09:00,CMP-S01-L04-01,S01,S01-L04,1,running,155.5634,491.6271,102.6555,43.3822,0.6721,A,relation-reasoning-agent-eval-v3.1
2026-08-26T10:20:00+09:00,CMP-S01-L05-01,S01,S01-L05,1,running,162.4805,393.9822,106.9094,32.2895,-1.7135,B,relation-reasoning-agent-eval-v3.1
2026-08-26T10:30:00+09:00,CMP-S01-L01-01,S01,S01-L01,1,running,187.3638,490.0912,101.9796,31.0514,-1.6259,B,relation-reasoning-agent-eval-v3.1
2026-08-26T10:30:00+09:00,CMP-S01-L02-01,S01,S01-L02,1,running,199.4379,437.5994,99.046,28.1791,-2.0184,C,relation-reasoning-agent-eval-v3.1
2026-08-26T10:30:00+09:00,CMP-S01-L03-01,S01,S01-L03,1,running,172.5335,434.2242,106.7892,39.1742,-0.2567,A,relation-reasoning-agent-eval-v3.1
2026-08-26T10:30:00+09:00,CMP-S01-L04-01,S01,S01-L04,1,running,161.2052,491.2794,108.0995,40.8024,0.1943,A,relation-reasoning-agent-eval-v3.1
2026-08-26T10:30:00+09:00,CMP-S01-L05-01,S01,S01-L05,1,running,155.5585,424.3522,102.0512,29.9426,-2.1481,C,relation-reasoning-agent-eval-v3.1
2026-08-26T10:40:00+09:00,CMP-S01-L01-01,S01,S01-L01,1,running,165.4107,492.6534,102.7103,34.3666,-1.012,B,relation-reasoning-agent-eval-v3.1
2026-08-26T10:40:00+09:00,CMP-S01-L02-01,S01,S01-L02,1,running,195.4234,416.7266,99.5096,27.1795,-2.2035,C,relation-reasoning-agent-eval-v3.1
2026-08-26T10:40:00+09:00,CMP-S01-L03-01,S01,S01-L03,1,running,184.2501,370.419,96.1665,39.2711,-0.2388,A,relation-reasoning-agent-eval-v3.1
2026-08-26T10:40:00+09:00,CMP-S01-L04-01,S01,S01-L04,1,running,163.5478,481.1787,107.0232,41.148,0.2583,A,relation-reasoning-agent-eval-v3.1
2026-08-26T10:40:00+09:00,CMP-S01-L05-01,S01,S01-L05,1,running,164.1395,397.7698,106.7663,28.676,-2.3827,C,relation-reasoning-agent-eval-v3.1
2026-08-26T10:50:00+09:00,CMP-S01-L01-01,S01,S01-L01,1,running,171.3827,519.9936,105.811,38.3626,-0.272,A,relation-reasoning-agent-eval-v3.1
2026-08-26T10:50:00+09:00,CMP-S01-L02-01,S01,S01-L02,1,running,190.8575,419.3601,110.5154,28.6723,-1.927,B,relation-reasoning-agent-eval-v3.1
2026-08-26T10:50:00+09:00,CMP-S01-L03-01,S01,S01-L03,1,running,166.7909,364.9204,95.6304,42.9725,0.4467,A,relation-reasoning-agent-eval-v3.1
2026-08-26T10:50:00+09:00,CMP-S01-L04-01,S01,S01-L04,1,running,152.0176,473.8261,109.1331,37.0078,-0.5084,A,relation-reasoning-agent-eval-v3.1
2026-08-26T10:50:00+09:00,CMP-S01-L05-01,S01,S01-L05,1,running,164.2345,401.7433,100.0715,34.7745,-1.2533,B,relation-reasoning-agent-eval-v3.1
2026-08-26T11:00:00+09:00,CMP-S01-L01-01,S01,S01-L01,1,running,166.7341,500.0272,108.4037,41.851,0.374,A,relation-reasoning-agent-eval-v3.1
2026-08-26T11:00:00+09:00,CMP-S01-L02-01,S01,S01-L02,1,running,191.8168,408.1456,110.4147,32.9504,-1.1348,B,relation-reasoning-agent-eval-v3.1
2026-08-26T11:00:00+09:00,CMP-S01-L03-01,S01,S01-L03,1,running,164.5102,383.209,101.6014,44.4146,0.7137,A,relation-reasoning-agent-eval-v3.1
2026-08-26T11:00:00+09:00,CMP-S01-L04-01,S01,S01-L04,1,running,171.7283,495.3582,113.858,38.827,-0.1715,A,relation-reasoning-agent-eval-v3.1
2026-08-26T11:00:00+09:00,CMP-S01-L05-01,S01,S01-L05,1,running,163.9699,403.1065,101.4124,40.9982,-0.1008,A,relation-reasoning-agent-eval-v3.1
2026-08-26T11:10:00+09:00,CMP-S01-L01-01,S01,S01-L01,1,running,162.5066,493.0606,100.6022,45.4416,1.039,B,relation-reasoning-agent-eval-v3.1
2026-08-26T11:10:00+09:00,CMP-S01-L02-01,S01,S01-L02,1,running,186.5295,377.5362,110.1814,38.1036,-0.1805,A,relation-reasoning-agent-eval-v3.1
2026-08-26T11:10:00+09:00,CMP-S01-L03-01,S01,S01-L03,1,running,173.3666,396.7898,103.5168,46.4305,1.087,B,relation-reasoning-agent-eval-v3.1
2026-08-26T11:10:00+09:00,CMP-S01-L04-01,S01,S01-L04,1,running,175.553,489.7448,110.1367,40.1216,0.0682,A,relation-reasoning-agent-eval-v3.1
2026-08-26T11:10:00+09:00,CMP-S01-L05-01,S01,S01-L05,1,running,181.0876,418.2947,106.0749,41.3356,-0.0383,A,relation-reasoning-agent-eval-v3.1
2026-08-26T11:20:00+09:00,CMP-S01-L01-01,S01,S01-L01,1,running,186.5389,508.732,101.6439,47.7941,1.4746,B,relation-reasoning-agent-eval-v3.1
2026-08-26T11:20:00+09:00,CMP-S01-L02-01,S01,S01-L02,1,running,179.7059,369.769,107.2857,34.8454,-0.7839,A,relation-reasoning-agent-eval-v3.1
2026-08-26T11:20:00+09:00,CMP-S01-L03-01,S01,S01-L03,1,running,166.2167,421.2427,106.8672,44.8955,0.8028,A,relation-reasoning-agent-eval-v3.1
2026-08-26T11:20:00+09:00,CMP-S01-L04-01,S01,S01-L04,1,running,178.4286,499.6174,114.2162,42.0142,0.4187,A,relation-reasoning-agent-eval-v3.1
2026-08-26T11:20:00+09:00,CMP-S01-L05-01,S01,S01-L05,1,running,178.0684,416.2907,108.1864,38.3458,-0.592,A,relation-reasoning-agent-eval-v3.1
2026-08-26T11:30:00+09:00,CMP-S01-L01-01,S01,S01-L01,1,running,171.512,465.0079,98.79,43.298,0.642,A,relation-reasoning-agent-eval-v3.1
2026-08-26T11:30:00+09:00,CMP-S01-L02-01,S01,S01-L02,1,running,190.576,446.7352,103.6355,30.4403,-1.5996,B,relation-reasoning-agent-eval-v3.1
2026-08-26T11:30:00+09:00,CMP-S01-L03-01,S01,S01-L03,1,running,159.9113,418.7052,106.0363,48.2659,1.4269,B,relation-reasoning-agent-eval-v3.1
2026-08-26T11:30:00+09:00,CMP-S01-L04-01,S01,S01-L04,1,running,174.4428,470.3585,105.9772,38.5079,-0.2306,A,relation-reasoning-agent-eval-v3.1
2026-08-26T11:30:00+09:00,CMP-S01-L05-01,S01,S01-L05,1,running,169.1593,458.646,108.6862,35.3705,-1.143,B,relation-reasoning-agent-eval-v3.1
2026-08-26T11:40:00+09:00,CMP-S01-L01-01,S01,S01-L01,1,running,179.5727,484.7618,96.2684,50.5858,1.9916,B,relation-reasoning-agent-eval-v3.1
2026-08-26T11:40:00+09:00,CMP-S01-L02-01,S01,S01-L02,1,running,177.9193,455.9066,98.482,31.7211,-1.3624,B,relation-reasoning-agent-eval-v3.1
2026-08-26T11:40:00+09:00,CMP-S01-L03-01,S01,S01-L03,1,running,135.7815,420.7997,110.5547,46.1585,1.0367,B,relation-reasoning-agent-eval-v3.1
2026-08-26T11:40:00+09:00,CMP-S01-L04-01,S01,S01-L04,1,running,185.6974,452.1913,106.1698,40.5259,0.1431,A,relation-reasoning-agent-eval-v3.1
2026-08-26T11:40:00+09:00,CMP-S01-L05-01,S01,S01-L05,1,running,171.9212,426.0141,102.0931,34.2978,-1.3416,B,relation-reasoning-agent-eval-v3.1
2026-08-26T11:50:00+09:00,CMP-S01-L01-01,S01,S01-L01,1,running,187.8561,478.0464,91.416,51.9406,2.2425,C,relation-reasoning-agent-eval-v3.1
2026-08-26T11:50:00+09:00,CMP-S01-L02-01,S01,S01-L02,1,running,189.2716,464.9642,104.5552,32.7945,-1.1637,B,relation-reasoning-agent-eval-v3.1
2026-08-26T11:50:00+09:00,CMP-S01-L03-01,S01,S01-L03,1,running,152.0417,389.1923,108.6043,49.1606,1.5926,B,relation-reasoning-agent-eval-v3.1
2026-08-26T11:50:00+09:00,CMP-S01-L04-01,S01,S01-L04,1,running,186.0773,417.3949,108.6146,41.4136,0.3075,A,relation-reasoning-agent-eval-v3.1
2026-08-26T11:50:00+09:00,CMP-S01-L05-01,S01,S01-L05,1,running,181.3108,435.3561,99.8162,31.3611,-1.8855,B,relation-reasoning-agent-eval-v3.1
2026-08-26T12:00:00+09:00,CMP-S01-L01-01,S01,S01-L01,1,running,189.9643,505.6684,97.1543,50.7589,2.0236,C,relation-reasoning-agent-eval-v3.1
2026-08-26T12:00:00+09:00,CMP-S01-L02-01,S01,S01-L02,1,running,178.5971,488.9861,105.0656,35.6508,-0.6347,A,relation-reasoning-agent-eval-v3.1
2026-08-26T12:00:00+09:00,CMP-S01-L03-01,S01,S01-L03,1,running,151.2511,438.0627,103.1562,44.9779,0.818,A,relation-reasoning-agent-eval-v3.1
2026-08-26T12:00:00+09:00,CMP-S01-L04-01,S01,S01-L04,1,running,190.9457,442.3754,104.0564,42.9346,0.5892,A,relation-reasoning-agent-eval-v3.1
2026-08-26T12:00:00+09:00,CMP-S01-L05-01,S01,S01-L05,1,running,169.9048,438.1904,101.9312,32.3098,-1.7098,B,relation-reasoning-agent-eval-v3.1
2026-08-26T12:10:00+09:00,CMP-S01-L01-01,S01,S01-L01,1,running,214.2805,522.8662,106.1016,48.2462,1.5583,B,relation-reasoning-agent-eval-v3.1
2026-08-26T12:10:00+09:00,CMP-S01-L02-01,S01,S01-L02,1,running,184.789,456.0862,105.6156,40.6131,0.2842,A,relation-reasoning-agent-eval-v3.1
2026-08-26T12:10:00+09:00,CMP-S01-L03-01,S01,S01-L03,1,running,146.6848,429.411,100.7472,37.5544,-0.5567,A,relation-reasoning-agent-eval-v3.1
2026-08-26T12:10:00+09:00,CMP-S01-L04-01,S01,S01-L04,1,running,173.8395,477.7604,103.851,46.0202,1.1606,B,relation-reasoning-agent-eval-v3.1
2026-08-26T12:10:00+09:00,CMP-S01-L05-01,S01,S01-L05,1,running,174.9355,420.6997,102.7768,30.1399,-2.1116,C,relation-reasoning-agent-eval-v3.1
2026-08-26T12:20:00+09:00,CMP-S01-L01-01,S01,S01-L01,1,running,214.9073,465.1056,103.3782,52.6555,2.3749,C,relation-reasoning-agent-eval-v3.1
2026-08-26T12:20:00+09:00,CMP-S01-L02-01,S01,S01-L02,1,running,193.1677,424.4365,104.6266,38.718,-0.0667,A,relation-reasoning-agent-eval-v3.1
2026-08-26T12:20:00+09:00,CMP-S01-L03-01,S01,S01-L03,1,running,167.0906,450.1042,103.9478,38.8038,-0.3253,A,relation-reasoning-agent-eval-v3.1
2026-08-26T12:20:00+09:00,CMP-S01-L04-01,S01,S01-L04,1,running,178.3369,470.1276,103.0677,44.5983,0.8973,A,relation-reasoning-agent-eval-v3.1
2026-08-26T12:20:00+09:00,CMP-S01-L05-01,S01,S01-L05,1,running,185.7267,449.0314,102.1004,35.6402,-1.093,B,relation-reasoning-agent-eval-v3.1
2026-08-26T12:30:00+09:00,CMP-S01-L01-01,S01,S01-L01,1,running,225.9273,469.7378,108.4496,49.0716,1.7112,B,relation-reasoning-agent-eval-v3.1
2026-08-26T12:30:00+09:00,CMP-S01-L02-01,S01,S01-L02,1,running,184.886,417.1711,110.0916,40.8325,0.3249,A,relation-reasoning-agent-eval-v3.1
2026-08-26T12:30:00+09:00,CMP-S01-L03-01,S01,S01-L03,1,running,182.3032,489.0985,97.0463,40.1165,-0.0822,A,relation-reasoning-agent-eval-v3.1
2026-08-26T12:30:00+09:00,CMP-S01-L04-01,S01,S01-L04,1,running,163.9579,481.7347,101.5746,46.7051,1.2874,B,relation-reasoning-agent-eval-v3.1
2026-08-26T12:30:00+09:00,CMP-S01-L05-01,S01,S01-L05,1,running,167.4669,451.7143,95.914,32.7772,-1.6232,B,relation-reasoning-agent-eval-v3.1
2026-08-26T12:40:00+09:00,CMP-S01-L01-01,S01,S01-L01,1,running,199.3496,522.9105,109.3937,44.9032,0.9393,A,relation-reasoning-agent-eval-v3.1
2026-08-26T12:40:00+09:00,CMP-S01-L02-01,S01,S01-L02,1,running,168.928,387.0825,106.0121,43.3286,0.7871,A,relation-reasoning-agent-eval-v3.1
2026-08-26T12:40:00+09:00,CMP-S01-L03-01,S01,S01-L03,1,running,198.8584,471.6528,97.9924,38.7841,-0.329,A,relation-reasoning-agent-eval-v3.1
2026-08-26T12:40:00+09:00,CMP-S01-L04-01,S01,S01-L04,1,running,179.2347,461.8871,101.3246,50.794,2.0446,C,relation-reasoning-agent-eval-v3.1
2026-08-26T12:40:00+09:00,CMP-S01-L05-01,S01,S01-L05,1,running,176.97,410.0165,95.3227,37.9585,-0.6637,A,relation-reasoning-agent-eval-v3.1
2026-08-26T12:50:00+09:00,CMP-S01-L01-01,S01,S01-L01,1,running,182.9036,544.7936,107.7235,40.8491,0.1885,A,relation-reasoning-agent-eval-v3.1
2026-08-26T12:50:00+09:00,CMP-S01-L02-01,S01,S01-L02,1,running,177.9299,416.0355,104.5201,43.3875,0.798,A,relation-reasoning-agent-eval-v3.1
2026-08-26T12:50:00+09:00,CMP-S01-L03-01,S01,S01-L03,1,running,198.8948,438.3012,99.6308,39.35,-0.2242,A,relation-reasoning-agent-eval-v3.1
2026-08-26T12:50:00+09:00,CMP-S01-L04-01,S01,S01-L04,1,running,193.2069,495.7864,97.8725,49.9629,1.8907,B,relation-reasoning-agent-eval-v3.1
2026-08-26T12:50:00+09:00,CMP-S01-L05-01,S01,S01-L05,1,running,192.9264,403.8022,98.1385,42.113,0.1056,A,relation-reasoning-agent-eval-v3.1
2026-08-26T13:00:00+09:00,CMP-S01-L01-01,S01,S01-L01,1,running,204.4124,539.5392,104.1691,35.7909,-0.7482,A,relation-reasoning-agent-eval-v3.1
2026-08-26T13:00:00+09:00,CMP-S01-L02-01,S01,S01-L02,1,running,202.0568,448.1423,100.6511,35.1703,-0.7237,A,relation-reasoning-agent-eval-v3.1
2026-08-26T13:00:00+09:00,CMP-S01-L03-01,S01,S01-L03,1,running,197.1569,418.6117,99.3995,41.3622,0.1485,A,relation-reasoning-agent-eval-v3.1
2026-08-26T13:00:00+09:00,CMP-S01-L04-01,S01,S01-L04,1,running,182.9354,458.7878,95.3603,47.5771,1.4489,B,relation-reasoning-agent-eval-v3.1
2026-08-26T13:00:00+09:00,CMP-S01-L05-01,S01,S01-L05,1,running,197.3238,394.8673,110.6284,39.0371,-0.464,A,relation-reasoning-agent-eval-v3.1
2026-08-26T13:10:00+09:00,CMP-S01-L01-01,S01,S01-L01,1,running,173.4109,517.2113,97.1553,41.2071,0.2548,A,relation-reasoning-agent-eval-v3.1
2026-08-26T13:10:00+09:00,CMP-S01-L02-01,S01,S01-L02,1,running,180.3337,499.8882,105.9002,36.1907,-0.5347,A,relation-reasoning-agent-eval-v3.1
2026-08-26T13:10:00+09:00,CMP-S01-L03-01,S01,S01-L03,1,running,185.7973,422.2946,103.4065,45.0228,0.8264,A,relation-reasoning-agent-eval-v3.1
2026-08-26T13:10:00+09:00,CMP-S01-L04-01,S01,S01-L04,1,running,182.0043,486.5028,106.1141,46.2839,1.2094,B,relation-reasoning-agent-eval-v3.1
2026-08-26T13:10:00+09:00,CMP-S01-L05-01,S01,S01-L05,1,running,192.8292,405.2132,107.116,42.7622,0.2259,A,relation-reasoning-agent-eval-v3.1
2026-08-26T13:20:00+09:00,CMP-S01-L01-01,S01,S01-L01,1,running,171.4223,481.32,88.2442,42.1131,0.4226,A,relation-reasoning-agent-eval-v3.1
2026-08-26T13:20:00+09:00,CMP-S01-L02-01,S01,S01-L02,1,running,170.9763,493.0074,103.6415,31.2888,-1.4425,B,relation-reasoning-agent-eval-v3.1
2026-08-26T13:20:00+09:00,CMP-S01-L03-01,S01,S01-L03,1,running,172.5467,457.3563,102.7018,50.2921,1.8022,B,relation-reasoning-agent-eval-v3.1
2026-08-26T13:20:00+09:00,CMP-S01-L04-01,S01,S01-L04,1,running,182.7001,493.2168,106.698,40.2079,0.0842,A,relation-reasoning-agent-eval-v3.1
2026-08-26T13:20:00+09:00,CMP-S01-L05-01,S01,S01-L05,1,running,173.1364,405.3136,102.7151,38.7987,-0.5081,A,relation-reasoning-agent-eval-v3.1
2026-08-26T13:30:00+09:00,CMP-S01-L01-01,S01,S01-L01,1,running,171.8571,523.0026,98.3114,43.8302,0.7405,A,relation-reasoning-agent-eval-v3.1
2026-08-26T13:30:00+09:00,CMP-S01-L02-01,S01,S01-L02,1,running,165.5833,435.338,100.4734,33.8572,-0.9669,A,relation-reasoning-agent-eval-v3.1
2026-08-26T13:30:00+09:00,CMP-S01-L03-01,S01,S01-L03,1,running,157.1276,409.7455,109.5605,47.5183,1.2885,B,relation-reasoning-agent-eval-v3.1
2026-08-26T13:30:00+09:00,CMP-S01-L04-01,S01,S01-L04,1,running,178.0237,525.5727,107.7746,34.2675,-1.0158,B,relation-reasoning-agent-eval-v3.1
2026-08-26T13:30:00+09:00,CMP-S01-L05-01,S01,S01-L05,1,running,175.8512,388.5303,99.4263,42.243,0.1297,A,relation-reasoning-agent-eval-v3.1
2026-08-26T13:40:00+09:00,CMP-S01-L01-01,S01,S01-L01,1,running,182.048,470.4718,93.2853,47.0701,1.3405,B,relation-reasoning-agent-eval-v3.1
2026-08-26T13:40:00+09:00,CMP-S01-L02-01,S01,S01-L02,1,running,158.516,444.748,90.986,37.6302,-0.2682,A,relation-reasoning-agent-eval-v3.1
2026-08-26T13:40:00+09:00,CMP-S01-L03-01,S01,S01-L03,1,running,148.4784,408.7342,106.9884,48.5151,1.4731,B,relation-reasoning-agent-eval-v3.1
2026-08-26T13:40:00+09:00,CMP-S01-L04-01,S01,S01-L04,1,running,158.3154,545.1627,115.328,39.9576,0.0379,A,relation-reasoning-agent-eval-v3.1
2026-08-26T13:40:00+09:00,CMP-S01-L05-01,S01,S01-L05,1,running,174.7863,407.7346,101.3291,37.173,-0.8092,A,relation-reasoning-agent-eval-v3.1
2026-08-26T13:50:00+09:00,CMP-S01-L01-01,S01,S01-L01,1,running,174.9288,489.7432,100.7083,40.0513,0.0408,A,relation-reasoning-agent-eval-v3.1
2026-08-26T13:50:00+09:00,CMP-S01-L02-01,S01,S01-L02,1,running,164.103,431.1704,101.0256,41.098,0.374,A,relation-reasoning-agent-eval-v3.1
2026-08-26T13:50:00+09:00,CMP-S01-L03-01,S01,S01-L03,1,running,171.7342,443.9721,105.3088,44.4133,0.7135,A,relation-reasoning-agent-eval-v3.1
2026-08-26T13:50:00+09:00,CMP-S01-L04-01,S01,S01-L04,1,running,161.8205,553.8905,112.0007,35.6036,-0.7684,A,relation-reasoning-agent-eval-v3.1
2026-08-26T13:50:00+09:00,CMP-S01-L05-01,S01,S01-L05,1,running,171.1794,401.9736,103.8353,38.3761,-0.5864,A,relation-reasoning-agent-eval-v3.1
2026-08-26T14:00:00+09:00,CMP-S01-L01-01,S01,S01-L01,1,running,174.5289,492.9675,97.3631,45.0372,0.9641,A,relation-reasoning-agent-eval-v3.1
2026-08-26T14:00:00+09:00,CMP-S01-L02-01,S01,S01-L02,1,running,149.8609,439.5303,101.7973,38.8957,-0.0338,A,relation-reasoning-agent-eval-v3.1
2026-08-26T14:00:00+09:00,CMP-S01-L03-01,S01,S01-L03,1,running,161.4349,477.6121,107.4743,39.551,-0.1869,A,relation-reasoning-agent-eval-v3.1
2026-08-26T14:00:00+09:00,CMP-S01-L04-01,S01,S01-L04,1,running,153.2786,544.2375,109.3378,43.7891,0.7474,A,relation-reasoning-agent-eval-v3.1
2026-08-26T14:00:00+09:00,CMP-S01-L05-01,S01,S01-L05,1,running,184.6909,416.9418,104.6934,32.5409,-1.667,B,relation-reasoning-agent-eval-v3.1
2026-08-26T14:10:00+09:00,CMP-S01-L01-01,S01,S01-L01,1,running,187.4255,506.9903,101.3891,43.7422,0.7243,A,relation-reasoning-agent-eval-v3.1
2026-08-26T14:10:00+09:00,CMP-S01-L02-01,S01,S01-L02,1,running,156.8455,411.0997,102.8139,35.7572,-0.615,A,relation-reasoning-agent-eval-v3.1
2026-08-26T14:10:00+09:00,CMP-S01-L03-01,S01,S01-L03,1,running,154.7455,456.891,111.296,41.7252,0.2157,A,relation-reasoning-agent-eval-v3.1
2026-08-26T14:10:00+09:00,CMP-S01-L04-01,S01,S01-L04,1,running,174.9983,524.5527,103.115,44.8242,0.9391,A,relation-reasoning-agent-eval-v3.1
2026-08-26T14:10:00+09:00,CMP-S01-L05-01,S01,S01-L05,1,running,178.0454,427.8862,98.2669,35.1933,-1.1758,B,relation-reasoning-agent-eval-v3.1
2026-08-26T14:20:00+09:00,CMP-S01-L01-01,S01,S01-L01,1,running,183.5364,522.069,102.8403,37.8048,-0.3753,A,relation-reasoning-agent-eval-v3.1
2026-08-26T14:20:00+09:00,CMP-S01-L02-01,S01,S01-L02,1,running,164.4111,370.5447,110.9396,33.5813,-1.018,B,relation-reasoning-agent-eval-v3.1
2026-08-26T14:20:00+09:00,CMP-S01-L03-01,S01,S01-L03,1,running,166.7965,435.7089,109.2393,44.3767,0.7067,A,relation-reasoning-agent-eval-v3.1
2026-08-26T14:20:00+09:00,CMP-S01-L04-01,S01,S01-L04,1,running,191.0121,465.5586,107.5084,51.2125,2.1221,C,relation-reasoning-agent-eval-v3.1
2026-08-26T14:20:00+09:00,CMP-S01-L05-01,S01,S01-L05,1,running,159.25,400.2986,97.837,31.3748,-1.8829,B,relation-reasoning-agent-eval-v3.1
2026-08-26T14:30:00+09:00,CMP-S01-L01-01,S01,S01-L01,1,running,185.6821,518.385,109.2425,39.1799,-0.1206,A,relation-reasoning-agent-eval-v3.1
2026-08-26T14:30:00+09:00,CMP-S01-L02-01,S01,S01-L02,1,running,177.5751,413.9871,106.344,34.8495,-0.7831,A,relation-reasoning-agent-eval-v3.1
2026-08-26T14:30:00+09:00,CMP-S01-L03-01,S01,S01-L03,1,running,148.168,412.2502,107.0675,43.7123,0.5837,A,relation-reasoning-agent-eval-v3.1
2026-08-26T14:30:00+09:00,CMP-S01-L04-01,S01,S01-L04,1,running,165.2651,431.5613,104.5543,46.2237,1.1983,B,relation-reasoning-agent-eval-v3.1
2026-08-26T14:30:00+09:00,CMP-S01-L05-01,S01,S01-L05,1,running,154.6635,342.5442,99.3423,34.19,-1.3616,B,relation-reasoning-agent-eval-v3.1
2026-08-26T14:40:00+09:00,CMP-S01-L01-01,S01,S01-L01,1,running,199.7333,508.0857,105.5043,36.8773,-0.547,A,relation-reasoning-agent-eval-v3.1
2026-08-26T14:40:00+09:00,CMP-S01-L02-01,S01,S01-L02,1,running,171.838,403.361,105.1658,34.788,-0.7945,A,relation-reasoning-agent-eval-v3.1
2026-08-26T14:40:00+09:00,CMP-S01-L03-01,S01,S01-L03,1,running,150.6058,393.4383,111.1257,46.6032,1.119,B,relation-reasoning-agent-eval-v3.1
2026-08-26T14:40:00+09:00,CMP-S01-L04-01,S01,S01-L04,1,running,164.0611,453.129,109.4004,46.4466,1.2396,B,relation-reasoning-agent-eval-v3.1
2026-08-26T14:40:00+09:00,CMP-S01-L05-01,S01,S01-L05,1,running,147.2385,346.737,100.0211,36.3008,-0.9707,A,relation-reasoning-agent-eval-v3.1
2026-08-26T14:50:00+09:00,CMP-S01-L01-01,S01,S01-L01,1,running,196.3304,488.5415,113.4483,37.0632,-0.5126,A,relation-reasoning-agent-eval-v3.1
2026-08-26T14:50:00+09:00,CMP-S01-L02-01,S01,S01-L02,1,running,188.8724,457.1315,99.5675,36.9233,-0.3991,A,relation-reasoning-agent-eval-v3.1
2026-08-26T14:50:00+09:00,CMP-S01-L03-01,S01,S01-L03,1,running,152.6122,373.0504,113.4851,47.2351,1.2361,B,relation-reasoning-agent-eval-v3.1
2026-08-26T14:50:00+09:00,CMP-S01-L04-01,S01,S01-L04,1,running,160.6694,430.4006,116.4559,41.0568,0.2414,A,relation-reasoning-agent-eval-v3.1
2026-08-26T14:50:00+09:00,CMP-S01-L05-01,S01,S01-L05,1,running,168.8789,471.3369,109.244,38.3333,-0.5943,A,relation-reasoning-agent-eval-v3.1
2026-08-26T15:00:00+09:00,CMP-S01-L01-01,S01,S01-L01,1,running,195.868,488.0044,104.7197,35.6781,-0.7691,A,relation-reasoning-agent-eval-v3.1
2026-08-26T15:00:00+09:00,CMP-S01-L02-01,S01,S01-L02,1,running,190.3352,409.7695,99.9254,25.1519,-2.579,C,relation-reasoning-agent-eval-v3.1
2026-08-26T15:00:00+09:00,CMP-S01-L03-01,S01,S01-L03,1,running,150.8501,411.3866,109.535,53.0564,2.3141,C,relation-reasoning-agent-eval-v3.1
2026-08-26T15:00:00+09:00,CMP-S01-L04-01,S01,S01-L04,1,running,175.6632,382.9373,110.9379,38.1238,-0.3017,A,relation-reasoning-agent-eval-v3.1
2026-08-26T15:00:00+09:00,CMP-S01-L05-01,S01,S01-L05,1,running,159.8114,450.2591,108.0225,33.6179,-1.4675,B,relation-reasoning-agent-eval-v3.1
2026-08-26T15:10:00+09:00,CMP-S01-L01-01,S01,S01-L01,1,running,183.5913,455.6996,98.2274,32.848,-1.2932,B,relation-reasoning-agent-eval-v3.1
2026-08-26T15:10:00+09:00,CMP-S01-L02-01,S01,S01-L02,1,running,198.0908,431.4154,97.658,28.5864,-1.9429,B,relation-reasoning-agent-eval-v3.1
2026-08-26T15:10:00+09:00,CMP-S01-L03-01,S01,S01-L03,1,running,144.2695,439.059,103.9254,47.2991,1.2479,B,relation-reasoning-agent-eval-v3.1
2026-08-26T15:10:00+09:00,CMP-S01-L04-01,S01,S01-L04,1,running,158.4721,391.4259,114.7282,40.4093,0.1215,A,relation-reasoning-agent-eval-v3.1
2026-08-26T15:10:00+09:00,CMP-S01-L05-01,S01,S01-L05,1,running,145.1931,422.352,101.0089,34.1629,-1.3666,B,relation-reasoning-agent-eval-v3.1
2026-08-26T15:20:00+09:00,CMP-S01-L01-01,S01,S01-L01,1,running,173.6059,454.5997,104.7383,38.7275,-0.2044,A,relation-reasoning-agent-eval-v3.1
2026-08-26T15:20:00+09:00,CMP-S01-L02-01,S01,S01-L02,1,running,201.2915,447.3394,98.0969,28.2662,-2.0022,C,relation-reasoning-agent-eval-v3.1
2026-08-26T15:20:00+09:00,CMP-S01-L03-01,S01,S01-L03,1,running,160.9913,401.8605,102.2574,44.8417,0.7928,A,relation-reasoning-agent-eval-v3.1
2026-08-26T15:20:00+09:00,CMP-S01-L04-01,S01,S01-L04,1,running,168.5965,403.8982,115.2272,33.6992,-1.1211,B,relation-reasoning-agent-eval-v3.1
2026-08-26T15:20:00+09:00,CMP-S01-L05-01,S01,S01-L05,1,running,156.8851,425.7475,98.8705,39.9254,-0.2995,A,relation-reasoning-agent-eval-v3.1
2026-08-26T15:30:00+09:00,CMP-S01-L01-01,S01,S01-L01,1,running,172.6397,449.0447,104.5358,36.3589,-0.643,A,relation-reasoning-agent-eval-v3.1
2026-08-26T15:30:00+09:00,CMP-S01-L02-01,S01,S01-L02,1,running,198.5318,442.1433,98.9407,37.4172,-0.3076,A,relation-reasoning-agent-eval-v3.1
2026-08-26T15:30:00+09:00,CMP-S01-L03-01,S01,S01-L03,1,running,154.5031,431.2823,106.0439,40.6988,0.0256,A,relation-reasoning-agent-eval-v3.1
2026-08-26T15:30:00+09:00,CMP-S01-L04-01,S01,S01-L04,1,running,189.2543,396.1377,115.3172,35.3752,-0.8107,A,relation-reasoning-agent-eval-v3.1
2026-08-26T15:30:00+09:00,CMP-S01-L05-01,S01,S01-L05,1,running,159.2699,413.4909,104.5309,37.4256,-0.7624,A,relation-reasoning-agent-eval-v3.1
2026-08-26T15:40:00+09:00,CMP-S01-L01-01,S01,S01-L01,1,running,187.4778,458.0668,100.1512,38.6942,-0.2106,A,relation-reasoning-agent-eval-v3.1
2026-08-26T15:40:00+09:00,CMP-S01-L02-01,S01,S01-L02,1,running,199.3488,458.4949,101.2549,35.9587,-0.5777,A,relation-reasoning-agent-eval-v3.1
2026-08-26T15:40:00+09:00,CMP-S01-L03-01,S01,S01-L03,1,running,159.7373,449.4431,106.1204,41.5308,0.1797,A,relation-reasoning-agent-eval-v3.1
2026-08-26T15:40:00+09:00,CMP-S01-L04-01,S01,S01-L04,1,running,179.3459,408.8595,108.2827,34.4851,-0.9756,A,relation-reasoning-agent-eval-v3.1
2026-08-26T15:40:00+09:00,CMP-S01-L05-01,S01,S01-L05,1,running,138.4611,423.0287,102.3753,36.4489,-0.9433,A,relation-reasoning-agent-eval-v3.1
2026-08-26T15:50:00+09:00,CMP-S01-L01-01,S01,S01-L01,1,running,188.5912,444.335,96.6851,37.6862,-0.3972,A,relation-reasoning-agent-eval-v3.1
2026-08-26T15:50:00+09:00,CMP-S01-L02-01,S01,S01-L02,1,running,189.325,450.4009,104.7274,42.3492,0.6057,A,relation-reasoning-agent-eval-v3.1
2026-08-26T15:50:00+09:00,CMP-S01-L03-01,S01,S01-L03,1,running,154.9494,432.7196,104.7095,38.2812,-0.4221,A,relation-reasoning-agent-eval-v3.1
2026-08-26T15:50:00+09:00,CMP-S01-L04-01,S01,S01-L04,1,running,181.3603,417.4422,104.6321,43.7308,0.7366,A,relation-reasoning-agent-eval-v3.1
2026-08-26T15:50:00+09:00,CMP-S01-L05-01,S01,S01-L05,1,running,147.9767,373.7926,98.4268,33.3625,-1.5148,B,relation-reasoning-agent-eval-v3.1
2026-08-26T16:00:00+09:00,CMP-S01-L01-01,S01,S01-L01,1,running,189.1902,442.2779,100.0895,38.7746,-0.1957,A,relation-reasoning-agent-eval-v3.1
2026-08-26T16:00:00+09:00,CMP-S01-L02-01,S01,S01-L02,1,running,186.9959,445.0365,101.0084,40.7632,0.312,A,relation-reasoning-agent-eval-v3.1
2026-08-26T16:00:00+09:00,CMP-S01-L03-01,S01,S01-L03,1,running,144.8152,432.6826,100.5709,45.0338,0.8284,A,relation-reasoning-agent-eval-v3.1
2026-08-26T16:00:00+09:00,CMP-S01-L04-01,S01,S01-L04,1,running,183.5153,470.6229,110.9765,38.5351,-0.2255,A,relation-reasoning-agent-eval-v3.1
2026-08-26T16:00:00+09:00,CMP-S01-L05-01,S01,S01-L05,1,running,141.8246,362.8251,94.5361,34.7208,-1.2633,B,relation-reasoning-agent-eval-v3.1
2026-08-26T16:10:00+09:00,CMP-S01-L01-01,S01,S01-L01,1,running,198.4379,440.1793,98.7902,39.2404,-0.1094,A,relation-reasoning-agent-eval-v3.1
2026-08-26T16:10:00+09:00,CMP-S01-L02-01,S01,S01-L02,1,running,165.2484,414.03,102.7892,42.6818,0.6673,A,relation-reasoning-agent-eval-v3.1
2026-08-26T16:10:00+09:00,CMP-S01-L03-01,S01,S01-L03,1,running,149.7198,407.6788,94.0423,41.0967,0.0993,A,relation-reasoning-agent-eval-v3.1
2026-08-26T16:10:00+09:00,CMP-S01-L04-01,S01,S01-L04,1,running,172.2344,415.2577,107.9584,38.9181,-0.1546,A,relation-reasoning-agent-eval-v3.1
2026-08-26T16:10:00+09:00,CMP-S01-L05-01,S01,S01-L05,1,running,156.8753,414.0031,93.0889,43.1915,0.3053,A,relation-reasoning-agent-eval-v3.1
2026-08-26T16:20:00+09:00,CMP-S01-L01-01,S01,S01-L01,1,running,187.0539,403.1206,107.8333,36.1167,-0.6879,A,relation-reasoning-agent-eval-v3.1
2026-08-26T16:20:00+09:00,CMP-S01-L02-01,S01,S01-L02,1,running,160.4547,394.4053,107.7914,40.793,0.3175,A,relation-reasoning-agent-eval-v3.1
2026-08-26T16:20:00+09:00,CMP-S01-L03-01,S01,S01-L03,1,running,150.8765,434.8761,93.6838,38.5391,-0.3743,A,relation-reasoning-agent-eval-v3.1
2026-08-26T16:20:00+09:00,CMP-S01-L04-01,S01,S01-L04,1,running,185.1159,428.363,102.911,36.4861,-0.605,A,relation-reasoning-agent-eval-v3.1
2026-08-26T16:20:00+09:00,CMP-S01-L05-01,S01,S01-L05,1,running,148.8176,454.2154,90.6707,45.2091,0.679,A,relation-reasoning-agent-eval-v3.1
2026-08-26T16:30:00+09:00,CMP-S01-L01-01,S01,S01-L01,1,running,176.2901,402.6718,106.4323,41.7134,0.3486,A,relation-reasoning-agent-eval-v3.1
2026-08-26T16:30:00+09:00,CMP-S01-L02-01,S01,S01-L02,1,running,151.0783,405.8667,102.2905,35.6978,-0.626,A,relation-reasoning-agent-eval-v3.1
2026-08-26T16:30:00+09:00,CMP-S01-L03-01,S01,S01-L03,1,running,150.1969,496.3071,95.0644,40.6397,0.0147,A,relation-reasoning-agent-eval-v3.1
2026-08-26T16:30:00+09:00,CMP-S01-L04-01,S01,S01-L04,1,running,196.4587,478.8304,102.3031,34.778,-0.9213,A,relation-reasoning-agent-eval-v3.1
2026-08-26T16:30:00+09:00,CMP-S01-L05-01,S01,S01-L05,1,running,157.4188,448.061,91.1495,43.1138,0.2909,A,relation-reasoning-agent-eval-v3.1
2026-08-26T16:40:00+09:00,CMP-S01-L01-01,S01,S01-L01,1,running,190.2414,458.5453,96.3418,43.2594,0.6348,A,relation-reasoning-agent-eval-v3.1
2026-08-26T16:40:00+09:00,CMP-S01-L02-01,S01,S01-L02,1,running,155.556,435.8104,98.7726,32.7168,-1.1781,B,relation-reasoning-agent-eval-v3.1
2026-08-26T16:40:00+09:00,CMP-S01-L03-01,S01,S01-L03,1,running,145.0899,458.9226,95.4206,42.2832,0.319,A,relation-reasoning-agent-eval-v3.1
2026-08-26T16:40:00+09:00,CMP-S01-L04-01,S01,S01-L04,1,running,185.4926,470.8835,99.1066,33.0998,-1.2321,B,relation-reasoning-agent-eval-v3.1
2026-08-26T16:40:00+09:00,CMP-S01-L05-01,S01,S01-L05,1,running,165.2964,420.7747,84.5307,40.4859,-0.1957,A,relation-reasoning-agent-eval-v3.1
2026-08-26T16:50:00+09:00,CMP-S01-L01-01,S01,S01-L01,1,running,203.6895,498.6963,93.2158,39.0025,-0.1535,A,relation-reasoning-agent-eval-v3.1
2026-08-26T16:50:00+09:00,CMP-S01-L02-01,S01,S01-L02,1,running,151.7074,470.764,100.6855,36.0384,-0.5629,A,relation-reasoning-agent-eval-v3.1
2026-08-26T16:50:00+09:00,CMP-S01-L03-01,S01,S01-L03,1,running,153.0194,397.2298,101.0661,39.3225,-0.2293,A,relation-reasoning-agent-eval-v3.1
2026-08-26T16:50:00+09:00,CMP-S01-L04-01,S01,S01-L04,1,running,186.6933,475.5653,103.8161,34.2001,-1.0283,B,relation-reasoning-agent-eval-v3.1
2026-08-26T16:50:00+09:00,CMP-S01-L05-01,S01,S01-L05,1,running,170.8136,416.0383,89.9839,42.0823,0.0999,A,relation-reasoning-agent-eval-v3.1
2026-08-26T17:00:00+09:00,CMP-S01-L01-01,S01,S01-L01,1,running,178.7952,473.361,94.0862,35.9282,-0.7228,A,relation-reasoning-agent-eval-v3.1
2026-08-26T17:00:00+09:00,CMP-S01-L02-01,S01,S01-L02,1,running,145.4716,436.9882,104.3002,29.3361,-1.8041,B,relation-reasoning-agent-eval-v3.1
2026-08-26T17:00:00+09:00,CMP-S01-L03-01,S01,S01-L03,1,running,153.2141,447.2243,104.6613,37.8752,-0.4973,A,relation-reasoning-agent-eval-v3.1
2026-08-26T17:00:00+09:00,CMP-S01-L04-01,S01,S01-L04,1,running,194.4276,501.7509,107.236,35.37,-0.8117,A,relation-reasoning-agent-eval-v3.1
2026-08-26T17:00:00+09:00,CMP-S01-L05-01,S01,S01-L05,1,running,197.3216,386.991,94.8564,40.6397,-0.1672,A,relation-reasoning-agent-eval-v3.1
2026-08-26T17:10:00+09:00,CMP-S01-L01-01,S01,S01-L01,1,running,159.146,507.4081,95.9518,36.473,-0.6219,A,relation-reasoning-agent-eval-v3.1
2026-08-26T17:10:00+09:00,CMP-S01-L02-01,S01,S01-L02,1,running,166.6713,442.4167,104.4732,31.6036,-1.3842,B,relation-reasoning-agent-eval-v3.1
2026-08-26T17:10:00+09:00,CMP-S01-L03-01,S01,S01-L03,1,running,159.4388,469.6197,106.453,43.1393,0.4776,A,relation-reasoning-agent-eval-v3.1
2026-08-26T17:10:00+09:00,CMP-S01-L04-01,S01,S01-L04,1,running,181.8697,544.2571,108.5101,38.7637,-0.1832,A,relation-reasoning-agent-eval-v3.1
2026-08-26T17:10:00+09:00,CMP-S01-L05-01,S01,S01-L05,1,running,207.0619,417.7832,97.2832,43.4484,0.3529,A,relation-reasoning-agent-eval-v3.1
2026-08-26T17:20:00+09:00,CMP-S01-L01-01,S01,S01-L01,1,running,161.2613,536.2619,94.9273,36.4997,-0.6169,A,relation-reasoning-agent-eval-v3.1
2026-08-26T17:20:00+09:00,CMP-S01-L02-01,S01,S01-L02,1,running,151.3248,430.9761,103.8014,28.4021,-1.9771,B,relation-reasoning-agent-eval-v3.1
2026-08-26T17:20:00+09:00,CMP-S01-L03-01,S01,S01-L03,1,running,174.6446,430.0446,105.1739,43.9233,0.6228,A,relation-reasoning-agent-eval-v3.1
2026-08-26T17:20:00+09:00,CMP-S01-L04-01,S01,S01-L04,1,running,171.0883,489.2875,101.2025,34.8865,-0.9012,A,relation-reasoning-agent-eval-v3.1
2026-08-26T17:20:00+09:00,CMP-S01-L05-01,S01,S01-L05,1,running,196.0613,362.1785,94.6698,48.214,1.2354,B,relation-reasoning-agent-eval-v3.1
2026-08-26T17:30:00+09:00,CMP-S01-L01-01,S01,S01-L01,1,running,177.3903,518.5868,96.3861,46.6982,1.2717,B,relation-reasoning-agent-eval-v3.1
2026-08-26T17:30:00+09:00,CMP-S01-L02-01,S01,S01-L02,1,running,150.4982,413.6039,108.9157,31.7091,-1.3647,B,relation-reasoning-agent-eval-v3.1
2026-08-26T17:30:00+09:00,CMP-S01-L03-01,S01,S01-L03,1,running,179.9772,407.5771,101.9242,48.1922,1.4133,B,relation-reasoning-agent-eval-v3.1
2026-08-26T17:30:00+09:00,CMP-S01-L04-01,S01,S01-L04,1,running,183.4278,525.5819,94.2233,37.5732,-0.4037,A,relation-reasoning-agent-eval-v3.1
2026-08-26T17:30:00+09:00,CMP-S01-L05-01,S01,S01-L05,1,running,192.7133,334.7282,94.1012,46.5372,0.9249,A,relation-reasoning-agent-eval-v3.1
2026-08-26T17:40:00+09:00,CMP-S01-L01-01,S01,S01-L01,1,running,164.5635,517.9807,94.9891,48.1113,1.5334,B,relation-reasoning-agent-eval-v3.1
2026-08-26T17:40:00+09:00,CMP-S01-L02-01,S01,S01-L02,1,running,128.7141,443.5034,112.597,28.5942,-1.9415,B,relation-reasoning-agent-eval-v3.1
2026-08-26T17:40:00+09:00,CMP-S01-L03-01,S01,S01-L03,1,running,186.1049,395.9564,100.6186,49.1302,1.587,B,relation-reasoning-agent-eval-v3.1
2026-08-26T17:40:00+09:00,CMP-S01-L04-01,S01,S01-L04,1,running,176.9601,512.7887,86.3652,32.6716,-1.3114,B,relation-reasoning-agent-eval-v3.1
2026-08-26T17:40:00+09:00,CMP-S01-L05-01,S01,S01-L05,1,running,169.9591,386.0525,93.026,50.4806,1.6552,B,relation-reasoning-agent-eval-v3.1
2026-08-26T17:50:00+09:00,CMP-S01-L01-01,S01,S01-L01,1,running,158.9899,486.3264,97.3604,42.3155,0.4601,A,relation-reasoning-agent-eval-v3.1
2026-08-26T17:50:00+09:00,CMP-S01-L02-01,S01,S01-L02,1,running,142.7548,438.9876,109.2671,37.2159,-0.3449,A,relation-reasoning-agent-eval-v3.1
2026-08-26T17:50:00+09:00,CMP-S01-L03-01,S01,S01-L03,1,running,194.8066,419.2665,98.7726,47.3573,1.2587,B,relation-reasoning-agent-eval-v3.1
2026-08-26T17:50:00+09:00,CMP-S01-L04-01,S01,S01-L04,1,running,179.9543,516.7427,93.981,34.6396,-0.9469,A,relation-reasoning-agent-eval-v3.1
2026-08-26T17:50:00+09:00,CMP-S01-L05-01,S01,S01-L05,1,running,164.5893,423.4938,86.6302,52.6212,2.0516,C,relation-reasoning-agent-eval-v3.1
2026-08-26T18:00:00+09:00,CMP-S01-L01-01,S01,S01-L01,1,running,162.9034,451.98,98.8721,38.8926,-0.1738,A,relation-reasoning-agent-eval-v3.1
2026-08-26T18:00:00+09:00,CMP-S01-L02-01,S01,S01-L02,1,running,149.1197,431.4545,103.9801,31.2116,-1.4568,B,relation-reasoning-agent-eval-v3.1
2026-08-26T18:00:00+09:00,CMP-S01-L03-01,S01,S01-L03,1,running,185.6252,405.8275,103.4395,48.6295,1.4943,B,relation-reasoning-agent-eval-v3.1
2026-08-26T18:00:00+09:00,CMP-S01-L04-01,S01,S01-L04,1,running,179.8156,483.2397,87.883,36.5945,-0.5849,A,relation-reasoning-agent-eval-v3.1
2026-08-26T18:00:00+09:00,CMP-S01-L05-01,S01,S01-L05,1,running,150.1128,462.1006,79.7708,49.3345,1.4429,B,relation-reasoning-agent-eval-v3.1
2026-08-26T18:10:00+09:00,CMP-S01-L01-01,S01,S01-L01,1,running,170.4902,457.3573,101.0466,37.0532,-0.5145,A,relation-reasoning-agent-eval-v3.1
2026-08-26T18:10:00+09:00,CMP-S01-L02-01,S01,S01-L02,1,running,154.9675,419.4175,100.6427,27.8136,-2.086,C,relation-reasoning-agent-eval-v3.1
2026-08-26T18:10:00+09:00,CMP-S01-L03-01,S01,S01-L03,1,running,166.943,433.8191,95.3883,51.9889,2.1164,C,relation-reasoning-agent-eval-v3.1
2026-08-26T18:10:00+09:00,CMP-S01-L04-01,S01,S01-L04,1,running,175.8402,421.2428,95.5646,41.892,0.3961,A,relation-reasoning-agent-eval-v3.1
2026-08-26T18:10:00+09:00,CMP-S01-L05-01,S01,S01-L05,1,running,184.0845,479.8218,84.6778,44.348,0.5195,A,relation-reasoning-agent-eval-v3.1
2026-08-26T18:20:00+09:00,CMP-S01-L01-01,S01,S01-L01,1,running,164.2693,476.8583,102.0376,37.7376,-0.3877,A,relation-reasoning-agent-eval-v3.1
2026-08-26T18:20:00+09:00,CMP-S01-L02-01,S01,S01-L02,1,running,157.178,402.5222,106.6609,27.9241,-2.0656,C,relation-reasoning-agent-eval-v3.1
2026-08-26T18:20:00+09:00,CMP-S01-L03-01,S01,S01-L03,1,running,162.0723,452.5089,101.7065,50.6111,1.8612,B,relation-reasoning-agent-eval-v3.1
2026-08-26T18:20:00+09:00,CMP-S01-L04-01,S01,S01-L04,1,running,169.1149,413.7998,93.2718,41.2069,0.2692,A,relation-reasoning-agent-eval-v3.1
2026-08-26T18:20:00+09:00,CMP-S01-L05-01,S01,S01-L05,1,running,192.5504,463.9412,86.6184,44.9755,0.6357,A,relation-reasoning-agent-eval-v3.1
2026-08-26T18:30:00+09:00,CMP-S01-L01-01,S01,S01-L01,1,running,185.0197,446.867,105.4378,39.2646,-0.1049,A,relation-reasoning-agent-eval-v3.1
2026-08-26T18:30:00+09:00,CMP-S01-L02-01,S01,S01-L02,1,running,156.3272,404.4088,107.3703,31.1907,-1.4607,B,relation-reasoning-agent-eval-v3.1
2026-08-26T18:30:00+09:00,CMP-S01-L03-01,S01,S01-L03,1,running,170.527,479.1582,102.3275,46.815,1.1582,B,relation-reasoning-agent-eval-v3.1
2026-08-26T18:30:00+09:00,CMP-S01-L04-01,S01,S01-L04,1,running,157.9035,425.8611,98.94,39.8587,0.0196,A,relation-reasoning-agent-eval-v3.1
2026-08-26T18:30:00+09:00,CMP-S01-L05-01,S01,S01-L05,1,running,176.0184,456.9209,86.7474,42.8575,0.2435,A,relation-reasoning-agent-eval-v3.1
2026-08-26T18:40:00+09:00,CMP-S01-L01-01,S01,S01-L01,1,running,192.7512,437.7662,114.9773,34.576,-0.9732,A,relation-reasoning-agent-eval-v3.1
2026-08-26T18:40:00+09:00,CMP-S01-L02-01,S01,S01-L02,1,running,150.7358,395.5011,111.0695,28.5217,-1.9549,B,relation-reasoning-agent-eval-v3.1
2026-08-26T18:40:00+09:00,CMP-S01-L03-01,S01,S01-L03,1,running,173.4259,420.698,108.4492,40.1598,-0.0742,A,relation-reasoning-agent-eval-v3.1
2026-08-26T18:40:00+09:00,CMP-S01-L04-01,S01,S01-L04,1,running,171.5146,496.3459,94.1534,43.7369,0.7377,A,relation-reasoning-agent-eval-v3.1
2026-08-26T18:40:00+09:00,CMP-S01-L05-01,S01,S01-L05,1,running,179.0677,470.2368,90.0109,37.3049,-0.7848,A,relation-reasoning-agent-eval-v3.1
2026-08-26T18:50:00+09:00,CMP-S01-L01-01,S01,S01-L01,1,running,182.7608,429.9993,109.022,31.2196,-1.5947,B,relation-reasoning-agent-eval-v3.1
2026-08-26T18:50:00+09:00,CMP-S01-L02-01,S01,S01-L02,1,running,180.081,390.8838,116.1738,38.8048,-0.0506,A,relation-reasoning-agent-eval-v3.1
2026-08-26T18:50:00+09:00,CMP-S01-L03-01,S01,S01-L03,1,running,154.7415,453.8326,107.4466,36.9037,-0.6772,A,relation-reasoning-agent-eval-v3.1
2026-08-26T18:50:00+09:00,CMP-S01-L04-01,S01,S01-L04,1,running,171.7826,502.9077,95.4378,40.0783,0.0602,A,relation-reasoning-agent-eval-v3.1
2026-08-26T18:50:00+09:00,CMP-S01-L05-01,S01,S01-L05,1,running,162.072,528.137,91.2761,38.7006,-0.5263,A,relation-reasoning-agent-eval-v3.1
2026-08-26T19:00:00+09:00,CMP-S01-L01-01,S01,S01-L01,1,running,173.6713,464.0033,108.3692,25.5134,-2.6515,C,relation-reasoning-agent-eval-v3.1
2026-08-26T19:00:00+09:00,CMP-S01-L02-01,S01,S01-L02,1,running,179.1873,402.2862,111.5658,38.5498,-0.0979,A,relation-reasoning-agent-eval-v3.1
2026-08-26T19:00:00+09:00,CMP-S01-L03-01,S01,S01-L03,1,running,159.3475,447.5357,108.9123,32.8015,-1.4368,B,relation-reasoning-agent-eval-v3.1
2026-08-26T19:00:00+09:00,CMP-S01-L04-01,S01,S01-L04,1,running,184.5833,480.9186,96.7866,37.2924,-0.4557,A,relation-reasoning-agent-eval-v3.1
2026-08-26T19:00:00+09:00,CMP-S01-L05-01,S01,S01-L05,1,running,159.9708,499.5973,90.3439,35.765,-1.0699,B,relation-reasoning-agent-eval-v3.1
2026-08-26T19:10:00+09:00,CMP-S01-L01-01,S01,S01-L01,1,running,188.069,446.6138,105.5924,30.9458,-1.6454,B,relation-reasoning-agent-eval-v3.1
2026-08-26T19:10:00+09:00,CMP-S01-L02-01,S01,S01-L02,1,running,175.1716,401.2633,108.2355,33.3604,-1.0589,B,relation-reasoning-agent-eval-v3.1
2026-08-26T19:10:00+09:00,CMP-S01-L03-01,S01,S01-L03,1,running,158.0618,415.1875,107.0281,32.4073,-1.5098,B,relation-reasoning-agent-eval-v3.1
2026-08-26T19:10:00+09:00,CMP-S01-L04-01,S01,S01-L04,1,running,164.0433,450.8457,97.2752,33.7625,-1.1094,B,relation-reasoning-agent-eval-v3.1
2026-08-26T19:10:00+09:00,CMP-S01-L05-01,S01,S01-L05,1,running,143.7691,452.5886,93.3522,37.1885,-0.8063,A,relation-reasoning-agent-eval-v3.1
2026-08-26T19:20:00+09:00,CMP-S01-L01-01,S01,S01-L01,1,running,193.483,433.6076,101.3144,38.7436,-0.2014,A,relation-reasoning-agent-eval-v3.1
2026-08-26T19:20:00+09:00,CMP-S01-L02-01,S01,S01-L02,1,running,161.4277,448.4602,110.261,35.6608,-0.6329,A,relation-reasoning-agent-eval-v3.1
2026-08-26T19:20:00+09:00,CMP-S01-L03-01,S01,S01-L03,1,running,173.3642,461.2449,106.4169,36.4481,-0.7615,A,relation-reasoning-agent-eval-v3.1
2026-08-26T19:20:00+09:00,CMP-S01-L04-01,S01,S01-L04,1,running,171.7876,468.4253,98.1386,35.2154,-0.8403,A,relation-reasoning-agent-eval-v3.1
2026-08-26T19:20:00+09:00,CMP-S01-L05-01,S01,S01-L05,1,running,148.386,455.5914,90.4024,38.2074,-0.6176,A,relation-reasoning-agent-eval-v3.1
2026-08-26T19:30:00+09:00,CMP-S01-L01-01,S01,S01-L01,1,running,181.6849,446.6286,100.953,45.6444,1.0765,B,relation-reasoning-agent-eval-v3.1
2026-08-26T19:30:00+09:00,CMP-S01-L02-01,S01,S01-L02,1,running,164.4327,466.7844,103.6522,35.6301,-0.6385,A,relation-reasoning-agent-eval-v3.1
2026-08-26T19:30:00+09:00,CMP-S01-L03-01,S01,S01-L03,1,running,178.5963,447.0351,108.8748,34.872,-1.0534,B,relation-reasoning-agent-eval-v3.1
2026-08-26T19:30:00+09:00,CMP-S01-L04-01,S01,S01-L04,1,running,183.7697,457.2374,106.431,39.61,-0.0265,A,relation-reasoning-agent-eval-v3.1
2026-08-26T19:30:00+09:00,CMP-S01-L05-01,S01,S01-L05,1,running,165.9184,388.4972,100.9222,40.4998,-0.1931,A,relation-reasoning-agent-eval-v3.1
2026-08-26T19:40:00+09:00,CMP-S01-L01-01,S01,S01-L01,1,running,179.4304,440.3296,96.2217,45.669,1.0811,B,relation-reasoning-agent-eval-v3.1
2026-08-26T19:40:00+09:00,CMP-S01-L02-01,S01,S01-L02,1,running,160.269,402.3872,106.4539,38.8551,-0.0413,A,relation-reasoning-agent-eval-v3.1
2026-08-26T19:40:00+09:00,CMP-S01-L03-01,S01,S01-L03,1,running,184.4347,447.8548,106.0833,37.5329,-0.5607,A,relation-reasoning-agent-eval-v3.1
2026-08-26T19:40:00+09:00,CMP-S01-L04-01,S01,S01-L04,1,running,166.2909,467.7378,110.766,41.547,0.3322,A,relation-reasoning-agent-eval-v3.1
2026-08-26T19:40:00+09:00,CMP-S01-L05-01,S01,S01-L05,1,running,174.1458,359.9883,100.2596,41.0356,-0.0939,A,relation-reasoning-agent-eval-v3.1
2026-08-26T19:50:00+09:00,CMP-S01-L01-01,S01,S01-L01,1,running,161.5975,409.0477,99.0977,42.8788,0.5644,A,relation-reasoning-agent-eval-v3.1
2026-08-26T19:50:00+09:00,CMP-S01-L02-01,S01,S01-L02,1,running,159.9356,463.9972,104.1284,40.9643,0.3493,A,relation-reasoning-agent-eval-v3.1
2026-08-26T19:50:00+09:00,CMP-S01-L03-01,S01,S01-L03,1,running,207.4867,465.812,106.4064,37.3015,-0.6035,A,relation-reasoning-agent-eval-v3.1
2026-08-26T19:50:00+09:00,CMP-S01-L04-01,S01,S01-L04,1,running,176.306,450.6598,114.721,40.7942,0.1928,A,relation-reasoning-agent-eval-v3.1
2026-08-26T19:50:00+09:00,CMP-S01-L05-01,S01,S01-L05,1,running,163.5463,356.2122,97.4136,37.9878,-0.6583,A,relation-reasoning-agent-eval-v3.1
2026-08-26T20:00:00+09:00,CMP-S01-L01-01,S01,S01-L01,1,running,174.0073,420.1775,101.8463,41.1877,0.2512,A,relation-reasoning-agent-eval-v3.1
2026-08-26T20:00:00+09:00,CMP-S01-L02-01,S01,S01-L02,1,running,156.5885,463.6114,109.4184,38.7261,-0.0652,A,relation-reasoning-agent-eval-v3.1
2026-08-26T20:00:00+09:00,CMP-S01-L03-01,S01,S01-L03,1,running,200.845,458.0252,98.2777,44.3788,0.7071,A,relation-reasoning-agent-eval-v3.1
2026-08-26T20:00:00+09:00,CMP-S01-L04-01,S01,S01-L04,1,running,176.1003,407.4011,118.1181,43.8941,0.7669,A,relation-reasoning-agent-eval-v3.1
2026-08-26T20:00:00+09:00,CMP-S01-L05-01,S01,S01-L05,1,running,179.2911,327.1274,98.3563,43.1249,0.293,A,relation-reasoning-agent-eval-v3.1
2026-08-26T20:10:00+09:00,CMP-S01-L01-01,S01,S01-L01,1,running,156.2409,487.0871,103.5992,39.4517,-0.0703,A,relation-reasoning-agent-eval-v3.1
2026-08-26T20:10:00+09:00,CMP-S01-L02-01,S01,S01-L02,1,running,160.6708,469.6821,104.5005,35.6308,-0.6384,A,relation-reasoning-agent-eval-v3.1
2026-08-26T20:10:00+09:00,CMP-S01-L03-01,S01,S01-L03,1,running,199.0432,455.3415,100.2364,38.4876,-0.3839,A,relation-reasoning-agent-eval-v3.1
2026-08-26T20:10:00+09:00,CMP-S01-L04-01,S01,S01-L04,1,running,184.9804,376.7343,111.0989,42.3771,0.4859,A,relation-reasoning-agent-eval-v3.1
2026-08-26T20:10:00+09:00,CMP-S01-L05-01,S01,S01-L05,1,running,183.3836,309.069,96.937,45.392,0.7128,A,relation-reasoning-agent-eval-v3.1
2026-08-26T20:20:00+09:00,CMP-S01-L01-01,S01,S01-L01,1,running,170.0181,507.0774,102.0722,37.224,-0.4828,A,relation-reasoning-agent-eval-v3.1
2026-08-26T20:20:00+09:00,CMP-S01-L02-01,S01,S01-L02,1,running,155.5736,513.1469,108.6414,39.2776,0.0369,A,relation-reasoning-agent-eval-v3.1
2026-08-26T20:20:00+09:00,CMP-S01-L03-01,S01,S01-L03,1,running,180.2357,418.6543,99.7116,39.4299,-0.2094,A,relation-reasoning-agent-eval-v3.1
2026-08-26T20:20:00+09:00,CMP-S01-L04-01,S01,S01-L04,1,running,177.9241,428.5613,109.5333,42.6219,0.5313,A,relation-reasoning-agent-eval-v3.1
2026-08-26T20:20:00+09:00,CMP-S01-L05-01,S01,S01-L05,1,running,182.1422,354.3147,101.0798,47.2611,1.059,B,relation-reasoning-agent-eval-v3.1
2026-08-26T20:30:00+09:00,CMP-S01-L01-01,S01,S01-L01,1,running,166.8151,475.3258,97.6932,32.8166,-1.299,B,relation-reasoning-agent-eval-v3.1
2026-08-26T20:30:00+09:00,CMP-S01-L02-01,S01,S01-L02,1,running,163.0665,458.9491,104.0696,44.641,1.0301,B,relation-reasoning-agent-eval-v3.1
2026-08-26T20:30:00+09:00,CMP-S01-L03-01,S01,S01-L03,1,running,171.0897,366.0045,104.0712,37.8248,-0.5066,A,relation-reasoning-agent-eval-v3.1
2026-08-26T20:30:00+09:00,CMP-S01-L04-01,S01,S01-L04,1,running,196.1345,449.1013,105.2804,38.7953,-0.1774,A,relation-reasoning-agent-eval-v3.1
2026-08-26T20:30:00+09:00,CMP-S01-L05-01,S01,S01-L05,1,running,188.8881,394.4748,96.8931,41.9986,0.0844,A,relation-reasoning-agent-eval-v3.1
2026-08-26T20:40:00+09:00,CMP-S01-L01-01,S01,S01-L01,1,running,154.7302,496.6131,99.606,36.9699,-0.5299,A,relation-reasoning-agent-eval-v3.1
2026-08-26T20:40:00+09:00,CMP-S01-L02-01,S01,S01-L02,1,running,188.7273,469.1457,98.2912,47.4896,1.5576,B,relation-reasoning-agent-eval-v3.1
2026-08-26T20:40:00+09:00,CMP-S01-L03-01,S01,S01-L03,1,running,165.4513,379.4247,107.5999,39.5843,-0.1808,A,relation-reasoning-agent-eval-v3.1
2026-08-26T20:40:00+09:00,CMP-S01-L04-01,S01,S01-L04,1,running,177.0747,468.6259,105.6038,42.7362,0.5524,A,relation-reasoning-agent-eval-v3.1
2026-08-26T20:40:00+09:00,CMP-S01-L05-01,S01,S01-L05,1,running,202.0842,363.065,93.9369,48.9167,1.3656,B,relation-reasoning-agent-eval-v3.1
2026-08-26T20:50:00+09:00,CMP-S01-L01-01,S01,S01-L01,1,running,168.5836,487.3443,97.9237,36.6684,-0.5857,A,relation-reasoning-agent-eval-v3.1
2026-08-26T20:50:00+09:00,CMP-S01-L02-01,S01,S01-L02,1,running,191.3579,436.2443,94.4488,50.1521,2.0507,C,relation-reasoning-agent-eval-v3.1
2026-08-26T20:50:00+09:00,CMP-S01-L03-01,S01,S01-L03,1,running,163.4076,467.5869,111.3541,38.5768,-0.3673,A,relation-reasoning-agent-eval-v3.1
2026-08-26T20:50:00+09:00,CMP-S01-L04-01,S01,S01-L04,1,running,178.8628,468.511,102.4914,43.9637,0.7798,A,relation-reasoning-agent-eval-v3.1
2026-08-26T20:50:00+09:00,CMP-S01-L05-01,S01,S01-L05,1,running,191.8645,372.511,97.5743,50.5147,1.6615,B,relation-reasoning-agent-eval-v3.1
2026-08-26T21:00:00+09:00,CMP-S01-L01-01,S01,S01-L01,1,running,169.4669,511.2328,94.2499,30.9121,-1.6517,B,relation-reasoning-agent-eval-v3.1
2026-08-26T21:00:00+09:00,CMP-S01-L02-01,S01,S01-L02,1,running,192.2249,435.4058,94.3533,45.6359,1.2144,B,relation-reasoning-agent-eval-v3.1
2026-08-26T21:00:00+09:00,CMP-S01-L03-01,S01,S01-L03,1,running,153.9316,438.4055,110.3236,38.9692,-0.2947,A,relation-reasoning-agent-eval-v3.1
2026-08-26T21:00:00+09:00,CMP-S01-L04-01,S01,S01-L04,1,running,186.6417,467.2927,100.5987,49.2669,1.7618,B,relation-reasoning-agent-eval-v3.1
2026-08-26T21:00:00+09:00,CMP-S01-L05-01,S01,S01-L05,1,running,190.2862,362.5591,94.2873,51.3426,1.8148,B,relation-reasoning-agent-eval-v3.1
2026-08-26T21:10:00+09:00,CMP-S01-L01-01,S01,S01-L01,1,running,187.7619,509.353,96.894,33.9861,-1.0824,B,relation-reasoning-agent-eval-v3.1
2026-08-26T21:10:00+09:00,CMP-S01-L02-01,S01,S01-L02,1,running,199.0425,414.998,104.0848,47.3259,1.5273,B,relation-reasoning-agent-eval-v3.1
2026-08-26T21:10:00+09:00,CMP-S01-L03-01,S01,S01-L03,1,running,155.9935,425.2137,109.2528,42.246,0.3121,A,relation-reasoning-agent-eval-v3.1
2026-08-26T21:10:00+09:00,CMP-S01-L04-01,S01,S01-L04,1,running,161.4345,485.8818,105.4875,47.5572,1.4452,B,relation-reasoning-agent-eval-v3.1
2026-08-26T21:10:00+09:00,CMP-S01-L05-01,S01,S01-L05,1,running,185.6153,341.253,85.6448,46.8979,0.9917,A,relation-reasoning-agent-eval-v3.1
2026-08-26T21:20:00+09:00,CMP-S01-L01-01,S01,S01-L01,1,running,202.5058,483.4188,94.2253,31.7938,-1.4884,B,relation-reasoning-agent-eval-v3.1
2026-08-26T21:20:00+09:00,CMP-S01-L02-01,S01,S01-L02,1,running,182.0088,405.2967,108.6599,40.639,0.289,A,relation-reasoning-agent-eval-v3.1
2026-08-26T21:20:00+09:00,CMP-S01-L03-01,S01,S01-L03,1,running,153.7031,429.435,104.5193,41.0006,0.0815,A,relation-reasoning-agent-eval-v3.1
2026-08-26T21:20:00+09:00,CMP-S01-L04-01,S01,S01-L04,1,running,155.3585,448.8743,93.8962,44.817,0.9378,A,relation-reasoning-agent-eval-v3.1
2026-08-26T21:20:00+09:00,CMP-S01-L05-01,S01,S01-L05,1,running,190.3823,345.4556,86.6023,48.3394,1.2587,B,relation-reasoning-agent-eval-v3.1
2026-08-26T21:30:00+09:00,CMP-S01-L01-01,S01,S01-L01,1,running,209.1135,544.4592,92.2064,30.1214,-1.7981,B,relation-reasoning-agent-eval-v3.1
2026-08-26T21:30:00+09:00,CMP-S01-L02-01,S01,S01-L02,1,running,199.0231,422.7665,113.326,38.4523,-0.1159,A,relation-reasoning-agent-eval-v3.1
2026-08-26T21:30:00+09:00,CMP-S01-L03-01,S01,S01-L03,1,running,149.4037,427.2154,94.4565,48.8402,1.5333,B,relation-reasoning-agent-eval-v3.1
2026-08-26T21:30:00+09:00,CMP-S01-L04-01,S01,S01-L04,1,running,159.2808,458.4759,90.4644,40.9057,0.2134,A,relation-reasoning-agent-eval-v3.1
2026-08-26T21:30:00+09:00,CMP-S01-L05-01,S01,S01-L05,1,running,182.3531,354.4603,86.6113,51.6361,1.8692,B,relation-reasoning-agent-eval-v3.1
2026-08-26T21:40:00+09:00,CMP-S01-L01-01,S01,S01-L01,1,running,195.86,524.8401,92.0681,39.0208,-0.1501,A,relation-reasoning-agent-eval-v3.1
2026-08-26T21:40:00+09:00,CMP-S01-L02-01,S01,S01-L02,1,running,183.178,423.7598,120.9784,37.7063,-0.2541,A,relation-reasoning-agent-eval-v3.1
2026-08-26T21:40:00+09:00,CMP-S01-L03-01,S01,S01-L03,1,running,164.8345,371.34,95.39,45.3243,0.8822,A,relation-reasoning-agent-eval-v3.1
2026-08-26T21:40:00+09:00,CMP-S01-L04-01,S01,S01-L04,1,running,162.5418,454.023,90.9485,40.2904,0.0995,A,relation-reasoning-agent-eval-v3.1
2026-08-26T21:40:00+09:00,CMP-S01-L05-01,S01,S01-L05,1,running,168.6467,365.1961,83.5518,44.7387,0.5919,A,relation-reasoning-agent-eval-v3.1
2026-08-26T21:50:00+09:00,CMP-S01-L01-01,S01,S01-L01,1,running,188.4066,490.6289,86.5426,43.0294,0.5923,A,relation-reasoning-agent-eval-v3.1
2026-08-26T21:50:00+09:00,CMP-S01-L02-01,S01,S01-L02,1,running,186.964,404.2022,120.6722,36.2592,-0.5221,A,relation-reasoning-agent-eval-v3.1
2026-08-26T21:50:00+09:00,CMP-S01-L03-01,S01,S01-L03,1,running,155.9351,396.6444,105.122,47.1228,1.2152,B,relation-reasoning-agent-eval-v3.1
2026-08-26T21:50:00+09:00,CMP-S01-L04-01,S01,S01-L04,1,running,170.2335,453.4512,90.6197,41.5682,0.3361,A,relation-reasoning-agent-eval-v3.1
2026-08-26T21:50:00+09:00,CMP-S01-L05-01,S01,S01-L05,1,running,194.1937,361.7279,86.892,45.4743,0.7281,A,relation-reasoning-agent-eval-v3.1
2026-08-26T22:00:00+09:00,CMP-S01-L01-01,S01,S01-L01,1,running,175.8193,425.8413,75.639,41.6941,0.345,A,relation-reasoning-agent-eval-v3.1
2026-08-26T22:00:00+09:00,CMP-S01-L02-01,S01,S01-L02,1,running,172.7332,400.029,116.4677,33.8452,-0.9691,A,relation-reasoning-agent-eval-v3.1
2026-08-26T22:00:00+09:00,CMP-S01-L03-01,S01,S01-L03,1,running,148.1003,396.3528,97.6116,50.2595,1.7961,B,relation-reasoning-agent-eval-v3.1
2026-08-26T22:00:00+09:00,CMP-S01-L04-01,S01,S01-L04,1,running,155.8563,470.4692,89.0562,41.5093,0.3252,A,relation-reasoning-agent-eval-v3.1
2026-08-26T22:00:00+09:00,CMP-S01-L05-01,S01,S01-L05,1,running,205.3137,377.7269,98.4199,44.7631,0.5964,A,relation-reasoning-agent-eval-v3.1
2026-08-26T22:10:00+09:00,CMP-S01-L01-01,S01,S01-L01,1,running,169.413,421.2649,80.8182,35.5426,-0.7942,A,relation-reasoning-agent-eval-v3.1
2026-08-26T22:10:00+09:00,CMP-S01-L02-01,S01,S01-L02,1,running,159.1229,367.0819,105.7499,33.9452,-0.9506,A,relation-reasoning-agent-eval-v3.1
2026-08-26T22:10:00+09:00,CMP-S01-L03-01,S01,S01-L03,1,running,157.6339,380.7314,95.6835,52.2475,2.1643,C,relation-reasoning-agent-eval-v3.1
2026-08-26T22:10:00+09:00,CMP-S01-L04-01,S01,S01-L04,1,running,149.0653,481.6314,92.3317,42.9423,0.5906,A,relation-reasoning-agent-eval-v3.1
2026-08-26T22:10:00+09:00,CMP-S01-L05-01,S01,S01-L05,1,running,218.4104,433.6565,95.9896,38.4624,-0.5704,A,relation-reasoning-agent-eval-v3.1
2026-08-26T22:20:00+09:00,CMP-S01-L01-01,S01,S01-L01,1,running,166.1217,449.4995,83.9231,32.0716,-1.437,B,relation-reasoning-agent-eval-v3.1
2026-08-26T22:20:00+09:00,CMP-S01-L02-01,S01,S01-L02,1,running,155.8287,348.8206,109.4631,39.445,0.0679,A,relation-reasoning-agent-eval-v3.1
2026-08-26T22:20:00+09:00,CMP-S01-L03-01,S01,S01-L03,1,running,174.1966,442.8213,96.3815,51.4557,2.0176,C,relation-reasoning-agent-eval-v3.1
2026-08-26T22:20:00+09:00,CMP-S01-L04-01,S01,S01-L04,1,running,159.7786,463.7042,92.8883,39.8556,0.019,A,relation-reasoning-agent-eval-v3.1
2026-08-26T22:20:00+09:00,CMP-S01-L05-01,S01,S01-L05,1,running,191.905,411.5719,91.4505,41.0446,-0.0922,A,relation-reasoning-agent-eval-v3.1
2026-08-26T22:30:00+09:00,CMP-S01-L01-01,S01,S01-L01,1,running,179.8543,439.9723,91.6966,30.2991,-1.7652,B,relation-reasoning-agent-eval-v3.1
2026-08-26T22:30:00+09:00,CMP-S01-L02-01,S01,S01-L02,1,running,161.0316,387.1463,108.0454,40.4392,0.252,A,relation-reasoning-agent-eval-v3.1
2026-08-26T22:30:00+09:00,CMP-S01-L03-01,S01,S01-L03,1,running,176.7433,437.625,91.2878,41.6775,0.2069,A,relation-reasoning-agent-eval-v3.1
2026-08-26T22:30:00+09:00,CMP-S01-L04-01,S01,S01-L04,1,running,170.4321,514.0544,99.9957,39.6629,-0.0167,A,relation-reasoning-agent-eval-v3.1
2026-08-26T22:30:00+09:00,CMP-S01-L05-01,S01,S01-L05,1,running,200.5153,427.693,90.7363,37.5566,-0.7382,A,relation-reasoning-agent-eval-v3.1
2026-08-26T22:40:00+09:00,CMP-S01-L01-01,S01,S01-L01,1,running,181.6981,420.9464,95.861,34.7542,-0.9402,A,relation-reasoning-agent-eval-v3.1
2026-08-26T22:40:00+09:00,CMP-S01-L02-01,S01,S01-L02,1,running,161.5446,364.0708,104.0014,45.3445,1.1604,B,relation-reasoning-agent-eval-v3.1
2026-08-26T22:40:00+09:00,CMP-S01-L03-01,S01,S01-L03,1,running,168.0025,461.4702,97.6091,39.2807,-0.237,A,relation-reasoning-agent-eval-v3.1
2026-08-26T22:40:00+09:00,CMP-S01-L04-01,S01,S01-L04,1,running,177.188,495.7598,97.1755,42.7484,0.5547,A,relation-reasoning-agent-eval-v3.1
2026-08-26T22:40:00+09:00,CMP-S01-L05-01,S01,S01-L05,1,running,187.9594,428.1935,94.7265,45.0186,0.6437,A,relation-reasoning-agent-eval-v3.1
2026-08-26T22:50:00+09:00,CMP-S01-L01-01,S01,S01-L01,1,running,191.3875,429.4106,92.3975,46.4215,1.2204,B,relation-reasoning-agent-eval-v3.1
2026-08-26T22:50:00+09:00,CMP-S01-L02-01,S01,S01-L02,1,running,150.6941,376.5477,101.1788,50.2723,2.073,C,relation-reasoning-agent-eval-v3.1
2026-08-26T22:50:00+09:00,CMP-S01-L03-01,S01,S01-L03,1,running,199.8711,463.9265,102.8389,39.2596,-0.2409,A,relation-reasoning-agent-eval-v3.1
2026-08-26T22:50:00+09:00,CMP-S01-L04-01,S01,S01-L04,1,running,172.7132,499.137,101.5371,39.7399,-0.0024,A,relation-reasoning-agent-eval-v3.1
2026-08-26T22:50:00+09:00,CMP-S01-L05-01,S01,S01-L05,1,running,167.5437,426.9469,90.0778,50.101,1.5849,B,relation-reasoning-agent-eval-v3.1
2026-08-26T23:00:00+09:00,CMP-S01-L01-01,S01,S01-L01,1,running,164.0113,481.3118,99.7654,39.2878,-0.1006,A,relation-reasoning-agent-eval-v3.1
2026-08-26T23:00:00+09:00,CMP-S01-L02-01,S01,S01-L02,1,running,155.4269,373.8744,99.6943,41.4565,0.4404,A,relation-reasoning-agent-eval-v3.1
2026-08-26T23:00:00+09:00,CMP-S01-L03-01,S01,S01-L03,1,running,185.5713,492.9527,102.7184,42.2896,0.3202,A,relation-reasoning-agent-eval-v3.1
2026-08-26T23:00:00+09:00,CMP-S01-L04-01,S01,S01-L04,1,running,185.9307,513.2602,96.8599,39.3932,-0.0666,A,relation-reasoning-agent-eval-v3.1
2026-08-26T23:00:00+09:00,CMP-S01-L05-01,S01,S01-L05,1,running,186.9434,460.3111,91.0766,47.3288,1.0715,B,relation-reasoning-agent-eval-v3.1
