observed_at,asset_id,site_id,cell_id,is_operating,operating_state,voltage_raw,rotation_raw,pressure_raw,vibration_raw,relative_vibration_z,relative_vibration_zone,generator_version
2026-08-17T04:00:00+09:00,CMP-S01-L01-01,S01,S01-L01,1,running,166.5201,463.6238,91.3144,37.2497,-0.4781,A,relation-reasoning-agent-eval-v3.1
2026-08-17T04:00:00+09:00,CMP-S01-L02-01,S01,S01-L02,1,running,172.0194,356.1676,110.2103,39.5286,0.0834,A,relation-reasoning-agent-eval-v3.1
2026-08-17T04:00:00+09:00,CMP-S01-L03-01,S01,S01-L03,1,running,168.4079,484.1311,108.9149,41.4546,0.1656,A,relation-reasoning-agent-eval-v3.1
2026-08-17T04:00:00+09:00,CMP-S01-L04-01,S01,S01-L04,1,running,158.1249,490.7436,107.0946,34.6546,-0.9442,A,relation-reasoning-agent-eval-v3.1
2026-08-17T04:00:00+09:00,CMP-S01-L05-01,S01,S01-L05,1,running,200.1291,447.7497,102.8359,29.3916,-2.2502,C,relation-reasoning-agent-eval-v3.1
2026-08-17T04:10:00+09:00,CMP-S01-L01-01,S01,S01-L01,1,running,172.0875,496.9532,88.1808,36.436,-0.6287,A,relation-reasoning-agent-eval-v3.1
2026-08-17T04:10:00+09:00,CMP-S01-L02-01,S01,S01-L02,1,running,164.7634,348.9163,109.0472,45.6867,1.2238,B,relation-reasoning-agent-eval-v3.1
2026-08-17T04:10:00+09:00,CMP-S01-L03-01,S01,S01-L03,1,running,169.1186,488.3341,104.2757,42.688,0.394,A,relation-reasoning-agent-eval-v3.1
2026-08-17T04:10:00+09:00,CMP-S01-L04-01,S01,S01-L04,1,running,165.1295,433.471,110.0493,29.3477,-1.9269,B,relation-reasoning-agent-eval-v3.1
2026-08-17T04:10:00+09:00,CMP-S01-L05-01,S01,S01-L05,1,running,186.5821,398.043,101.5698,33.4748,-1.494,B,relation-reasoning-agent-eval-v3.1
2026-08-17T04:20:00+09:00,CMP-S01-L01-01,S01,S01-L01,1,running,175.7391,457.19,86.1788,35.4091,-0.8189,A,relation-reasoning-agent-eval-v3.1
2026-08-17T04:20:00+09:00,CMP-S01-L02-01,S01,S01-L02,1,running,175.4568,367.8211,109.2341,44.878,1.074,B,relation-reasoning-agent-eval-v3.1
2026-08-17T04:20:00+09:00,CMP-S01-L03-01,S01,S01-L03,1,running,176.0707,502.8775,100.8096,43.7391,0.5886,A,relation-reasoning-agent-eval-v3.1
2026-08-17T04:20:00+09:00,CMP-S01-L04-01,S01,S01-L04,1,running,142.4678,422.4877,110.3609,36.4997,-0.6025,A,relation-reasoning-agent-eval-v3.1
2026-08-17T04:20:00+09:00,CMP-S01-L05-01,S01,S01-L05,1,running,171.6924,401.8608,97.7817,34.3136,-1.3387,B,relation-reasoning-agent-eval-v3.1
2026-08-17T04:30:00+09:00,CMP-S01-L01-01,S01,S01-L01,1,running,177.9867,492.4571,90.191,39.9929,0.0299,A,relation-reasoning-agent-eval-v3.1
2026-08-17T04:30:00+09:00,CMP-S01-L02-01,S01,S01-L02,1,running,194.1454,435.8626,108.7736,49.997,2.022,C,relation-reasoning-agent-eval-v3.1
2026-08-17T04:30:00+09:00,CMP-S01-L03-01,S01,S01-L03,1,running,173.7272,497.398,103.886,37.7719,-0.5164,A,relation-reasoning-agent-eval-v3.1
2026-08-17T04:30:00+09:00,CMP-S01-L04-01,S01,S01-L04,1,running,141.7579,446.0581,105.0095,41.5249,0.3281,A,relation-reasoning-agent-eval-v3.1
2026-08-17T04:30:00+09:00,CMP-S01-L05-01,S01,S01-L05,1,running,168.3474,372.765,94.0306,33.5814,-1.4743,B,relation-reasoning-agent-eval-v3.1
2026-08-17T04:40:00+09:00,CMP-S01-L01-01,S01,S01-L01,1,running,170.0936,493.9914,90.5569,33.9963,-1.0805,B,relation-reasoning-agent-eval-v3.1
2026-08-17T04:40:00+09:00,CMP-S01-L02-01,S01,S01-L02,1,running,186.9002,461.3523,95.1987,49.0296,1.8428,B,relation-reasoning-agent-eval-v3.1
2026-08-17T04:40:00+09:00,CMP-S01-L03-01,S01,S01-L03,1,running,194.4773,447.1797,104.3376,39.2629,-0.2403,A,relation-reasoning-agent-eval-v3.1
2026-08-17T04:40:00+09:00,CMP-S01-L04-01,S01,S01-L04,1,running,145.523,487.5739,100.3424,46.2589,1.2048,B,relation-reasoning-agent-eval-v3.1
2026-08-17T04:40:00+09:00,CMP-S01-L05-01,S01,S01-L05,1,running,186.364,378.9911,95.102,41.294,-0.046,A,relation-reasoning-agent-eval-v3.1
2026-08-17T04:50:00+09:00,CMP-S01-L01-01,S01,S01-L01,1,running,186.7117,454.1257,93.2825,39.1749,-0.1215,A,relation-reasoning-agent-eval-v3.1
2026-08-17T04:50:00+09:00,CMP-S01-L02-01,S01,S01-L02,1,running,196.8074,451.8933,103.3902,50.9643,2.2011,C,relation-reasoning-agent-eval-v3.1
2026-08-17T04:50:00+09:00,CMP-S01-L03-01,S01,S01-L03,1,running,202.4796,455.8845,107.9361,35.7258,-0.8953,A,relation-reasoning-agent-eval-v3.1
2026-08-17T04:50:00+09:00,CMP-S01-L04-01,S01,S01-L04,1,running,145.3227,445.8514,105.7681,39.6869,-0.0123,A,relation-reasoning-agent-eval-v3.1
2026-08-17T04:50:00+09:00,CMP-S01-L05-01,S01,S01-L05,1,running,200.1262,398.3305,100.0377,42.1125,0.1055,A,relation-reasoning-agent-eval-v3.1
2026-08-17T05:00:00+09:00,CMP-S01-L01-01,S01,S01-L01,1,running,194.3075,412.0821,94.2143,39.0545,-0.1438,A,relation-reasoning-agent-eval-v3.1
2026-08-17T05:00:00+09:00,CMP-S01-L02-01,S01,S01-L02,1,running,196.5528,474.5709,113.0768,42.188,0.5759,A,relation-reasoning-agent-eval-v3.1
2026-08-17T05:00:00+09:00,CMP-S01-L03-01,S01,S01-L03,1,running,196.5492,487.6924,102.2639,39.9962,-0.1045,A,relation-reasoning-agent-eval-v3.1
2026-08-17T05:00:00+09:00,CMP-S01-L04-01,S01,S01-L04,1,running,138.9936,416.0621,103.8245,42.7129,0.5481,A,relation-reasoning-agent-eval-v3.1
2026-08-17T05:00:00+09:00,CMP-S01-L05-01,S01,S01-L05,1,running,180.0017,378.9034,104.2694,44.4295,0.5346,A,relation-reasoning-agent-eval-v3.1
2026-08-17T05:10:00+09:00,CMP-S01-L01-01,S01,S01-L01,1,running,186.0467,391.1194,91.9096,39.7253,-0.0196,A,relation-reasoning-agent-eval-v3.1
2026-08-17T05:10:00+09:00,CMP-S01-L02-01,S01,S01-L02,1,running,193.5659,471.9282,107.5017,34.4211,-0.8624,A,relation-reasoning-agent-eval-v3.1
2026-08-17T05:10:00+09:00,CMP-S01-L03-01,S01,S01-L03,1,running,180.1186,490.8098,109.4567,35.8989,-0.8633,A,relation-reasoning-agent-eval-v3.1
2026-08-17T05:10:00+09:00,CMP-S01-L04-01,S01,S01-L04,1,running,154.6202,406.9836,108.5129,43.5279,0.699,A,relation-reasoning-agent-eval-v3.1
2026-08-17T05:10:00+09:00,CMP-S01-L05-01,S01,S01-L05,1,running,176.9625,438.9352,108.2688,42.956,0.2617,A,relation-reasoning-agent-eval-v3.1
2026-08-17T05:20:00+09:00,CMP-S01-L01-01,S01,S01-L01,1,running,170.9793,453.7567,95.5659,38.8111,-0.1889,A,relation-reasoning-agent-eval-v3.1
2026-08-17T05:20:00+09:00,CMP-S01-L02-01,S01,S01-L02,1,running,190.6452,449.753,107.3034,38.0573,-0.1891,A,relation-reasoning-agent-eval-v3.1
2026-08-17T05:20:00+09:00,CMP-S01-L03-01,S01,S01-L03,1,running,165.347,475.6635,104.7988,36.2113,-0.8054,A,relation-reasoning-agent-eval-v3.1
2026-08-17T05:20:00+09:00,CMP-S01-L04-01,S01,S01-L04,1,running,149.1604,431.9446,106.6406,37.3503,-0.445,A,relation-reasoning-agent-eval-v3.1
2026-08-17T05:20:00+09:00,CMP-S01-L05-01,S01,S01-L05,1,running,172.4091,410.6475,103.8391,38.5804,-0.5486,A,relation-reasoning-agent-eval-v3.1
2026-08-17T05:30:00+09:00,CMP-S01-L01-01,S01,S01-L01,1,running,182.8046,436.2006,93.7064,33.3572,-1.1989,B,relation-reasoning-agent-eval-v3.1
2026-08-17T05:30:00+09:00,CMP-S01-L02-01,S01,S01-L02,1,running,203.3316,418.2313,108.7217,40.6461,0.2903,A,relation-reasoning-agent-eval-v3.1
2026-08-17T05:30:00+09:00,CMP-S01-L03-01,S01,S01-L03,1,running,161.1499,424.8088,100.2095,33.9567,-1.2229,B,relation-reasoning-agent-eval-v3.1
2026-08-17T05:30:00+09:00,CMP-S01-L04-01,S01,S01-L04,1,running,164.9487,430.9579,103.7456,32.7501,-1.2968,B,relation-reasoning-agent-eval-v3.1
2026-08-17T05:30:00+09:00,CMP-S01-L05-01,S01,S01-L05,1,running,169.3099,462.9721,96.264,37.2126,-0.8019,A,relation-reasoning-agent-eval-v3.1
2026-08-17T05:40:00+09:00,CMP-S01-L01-01,S01,S01-L01,1,running,167.6315,504.6393,96.0472,35.3038,-0.8384,A,relation-reasoning-agent-eval-v3.1
2026-08-17T05:40:00+09:00,CMP-S01-L02-01,S01,S01-L02,1,running,187.2785,409.2467,107.2312,42.9705,0.7208,A,relation-reasoning-agent-eval-v3.1
2026-08-17T05:40:00+09:00,CMP-S01-L03-01,S01,S01-L03,1,running,158.5196,372.1933,95.7357,37.7139,-0.5271,A,relation-reasoning-agent-eval-v3.1
2026-08-17T05:40:00+09:00,CMP-S01-L04-01,S01,S01-L04,1,running,166.4806,390.6221,102.6597,38.0739,-0.311,A,relation-reasoning-agent-eval-v3.1
2026-08-17T05:40:00+09:00,CMP-S01-L05-01,S01,S01-L05,1,running,170.8682,439.7339,93.5727,35.1417,-1.1854,B,relation-reasoning-agent-eval-v3.1
2026-08-17T05:50:00+09:00,CMP-S01-L01-01,S01,S01-L01,1,running,181.0675,460.5659,94.4847,36.9166,-0.5397,A,relation-reasoning-agent-eval-v3.1
2026-08-17T05:50:00+09:00,CMP-S01-L02-01,S01,S01-L02,1,running,188.9382,442.5258,109.1129,41.4904,0.4467,A,relation-reasoning-agent-eval-v3.1
2026-08-17T05:50:00+09:00,CMP-S01-L03-01,S01,S01-L03,1,running,160.1671,389.1256,96.0587,41.0917,0.0984,A,relation-reasoning-agent-eval-v3.1
2026-08-17T05:50:00+09:00,CMP-S01-L04-01,S01,S01-L04,1,running,168.2928,416.0929,111.6217,39.5896,-0.0303,A,relation-reasoning-agent-eval-v3.1
2026-08-17T05:50:00+09:00,CMP-S01-L05-01,S01,S01-L05,1,running,190.254,437.2132,93.3727,38.4982,-0.5638,A,relation-reasoning-agent-eval-v3.1
2026-08-17T06:00:00+09:00,CMP-S01-L01-01,S01,S01-L01,1,running,175.5766,470.5487,93.6847,42.5496,0.5034,A,relation-reasoning-agent-eval-v3.1
2026-08-17T06:00:00+09:00,CMP-S01-L02-01,S01,S01-L02,1,running,167.9644,448.6984,114.6621,38.8911,-0.0347,A,relation-reasoning-agent-eval-v3.1
2026-08-17T06:00:00+09:00,CMP-S01-L03-01,S01,S01-L03,1,running,170.5141,450.3597,101.2953,36.4221,-0.7664,A,relation-reasoning-agent-eval-v3.1
2026-08-17T06:00:00+09:00,CMP-S01-L04-01,S01,S01-L04,1,running,165.8297,458.1941,108.2778,37.3454,-0.4459,A,relation-reasoning-agent-eval-v3.1
2026-08-17T06:00:00+09:00,CMP-S01-L05-01,S01,S01-L05,1,running,169.6292,485.1391,85.46,41.548,0.001,A,relation-reasoning-agent-eval-v3.1
2026-08-17T06:10:00+09:00,CMP-S01-L01-01,S01,S01-L01,1,running,195.5186,405.29,93.8982,43.6436,0.706,A,relation-reasoning-agent-eval-v3.1
2026-08-17T06:10:00+09:00,CMP-S01-L02-01,S01,S01-L02,1,running,179.9366,485.8798,114.4278,39.6264,0.1015,A,relation-reasoning-agent-eval-v3.1
2026-08-17T06:10:00+09:00,CMP-S01-L03-01,S01,S01-L03,1,running,183.1701,479.6451,102.5574,38.8965,-0.3081,A,relation-reasoning-agent-eval-v3.1
2026-08-17T06:10:00+09:00,CMP-S01-L04-01,S01,S01-L04,1,running,161.5965,446.3684,107.3355,36.9244,-0.5238,A,relation-reasoning-agent-eval-v3.1
2026-08-17T06:10:00+09:00,CMP-S01-L05-01,S01,S01-L05,1,running,172.0847,436.2074,96.1807,38.3361,-0.5938,A,relation-reasoning-agent-eval-v3.1
2026-08-17T06:20:00+09:00,CMP-S01-L01-01,S01,S01-L01,1,running,179.928,459.32,90.7178,35.7784,-0.7505,A,relation-reasoning-agent-eval-v3.1
2026-08-17T06:20:00+09:00,CMP-S01-L02-01,S01,S01-L02,1,running,185.6716,401.2361,115.8199,45.5415,1.1969,B,relation-reasoning-agent-eval-v3.1
2026-08-17T06:20:00+09:00,CMP-S01-L03-01,S01,S01-L03,1,running,169.0118,469.8586,102.2244,42.1003,0.2852,A,relation-reasoning-agent-eval-v3.1
2026-08-17T06:20:00+09:00,CMP-S01-L04-01,S01,S01-L04,1,running,161.9503,458.3354,105.5626,39.0665,-0.1272,A,relation-reasoning-agent-eval-v3.1
2026-08-17T06:20:00+09:00,CMP-S01-L05-01,S01,S01-L05,1,running,186.3276,499.1872,89.6068,39.8322,-0.3167,A,relation-reasoning-agent-eval-v3.1
2026-08-17T06:30:00+09:00,CMP-S01-L01-01,S01,S01-L01,1,running,165.3883,423.4837,94.892,34.8726,-0.9183,A,relation-reasoning-agent-eval-v3.1
2026-08-17T06:30:00+09:00,CMP-S01-L02-01,S01,S01-L02,1,running,179.5651,414.4923,107.8412,51.8732,2.3694,C,relation-reasoning-agent-eval-v3.1
2026-08-17T06:30:00+09:00,CMP-S01-L03-01,S01,S01-L03,1,running,174.8993,424.3895,106.5008,45.9278,0.994,A,relation-reasoning-agent-eval-v3.1
2026-08-17T06:30:00+09:00,CMP-S01-L04-01,S01,S01-L04,1,running,175.705,412.268,104.0301,36.9167,-0.5253,A,relation-reasoning-agent-eval-v3.1
2026-08-17T06:30:00+09:00,CMP-S01-L05-01,S01,S01-L05,1,running,165.1324,481.1605,94.2055,32.7058,-1.6365,B,relation-reasoning-agent-eval-v3.1
2026-08-17T06:40:00+09:00,CMP-S01-L01-01,S01,S01-L01,1,running,176.9193,450.4592,95.7238,40.3893,0.1034,A,relation-reasoning-agent-eval-v3.1
2026-08-17T06:40:00+09:00,CMP-S01-L02-01,S01,S01-L02,1,running,188.8866,394.124,98.8938,53.9319,2.7507,C,relation-reasoning-agent-eval-v3.1
2026-08-17T06:40:00+09:00,CMP-S01-L03-01,S01,S01-L03,1,running,177.1149,449.9919,106.7505,51.1182,1.9551,B,relation-reasoning-agent-eval-v3.1
2026-08-17T06:40:00+09:00,CMP-S01-L04-01,S01,S01-L04,1,running,187.6675,439.017,106.8692,41.616,0.345,A,relation-reasoning-agent-eval-v3.1
2026-08-17T06:40:00+09:00,CMP-S01-L05-01,S01,S01-L05,1,running,171.4195,466.7222,93.9741,37.1169,-0.8196,A,relation-reasoning-agent-eval-v3.1
2026-08-17T06:50:00+09:00,CMP-S01-L01-01,S01,S01-L01,1,running,189.0759,477.1853,83.8101,35.5558,-0.7917,A,relation-reasoning-agent-eval-v3.1
2026-08-17T06:50:00+09:00,CMP-S01-L02-01,S01,S01-L02,1,running,186.4953,396.5259,101.4499,50.2523,2.0693,C,relation-reasoning-agent-eval-v3.1
2026-08-17T06:50:00+09:00,CMP-S01-L03-01,S01,S01-L03,1,running,162.2707,397.6847,91.2884,46.9068,1.1753,B,relation-reasoning-agent-eval-v3.1
2026-08-17T06:50:00+09:00,CMP-S01-L04-01,S01,S01-L04,1,running,169.6626,423.089,104.2808,40.9897,0.229,A,relation-reasoning-agent-eval-v3.1
2026-08-17T06:50:00+09:00,CMP-S01-L05-01,S01,S01-L05,1,running,202.198,411.6217,94.8652,39.176,-0.4383,A,relation-reasoning-agent-eval-v3.1
2026-08-17T07:00:00+09:00,CMP-S01-L01-01,S01,S01-L01,1,running,192.8536,505.5053,88.7631,43.0764,0.6009,A,relation-reasoning-agent-eval-v3.1
2026-08-17T07:00:00+09:00,CMP-S01-L02-01,S01,S01-L02,1,running,169.9213,378.7445,99.5965,46.8896,1.4465,B,relation-reasoning-agent-eval-v3.1
2026-08-17T07:00:00+09:00,CMP-S01-L03-01,S01,S01-L03,1,running,182.1636,434.675,97.0843,48.6586,1.4997,B,relation-reasoning-agent-eval-v3.1
2026-08-17T07:00:00+09:00,CMP-S01-L04-01,S01,S01-L04,1,running,152.6872,482.9836,102.4913,35.1945,-0.8442,A,relation-reasoning-agent-eval-v3.1
2026-08-17T07:00:00+09:00,CMP-S01-L05-01,S01,S01-L05,1,running,190.9296,427.5175,106.0367,44.4728,0.5426,A,relation-reasoning-agent-eval-v3.1
2026-08-17T07:10:00+09:00,CMP-S01-L01-01,S01,S01-L01,1,running,197.7495,426.7931,87.8644,43.9002,0.7535,A,relation-reasoning-agent-eval-v3.1
2026-08-17T07:10:00+09:00,CMP-S01-L02-01,S01,S01-L02,1,running,166.7076,394.4041,101.476,44.4329,0.9916,A,relation-reasoning-agent-eval-v3.1
2026-08-17T07:10:00+09:00,CMP-S01-L03-01,S01,S01-L03,1,running,171.3936,528.1127,102.8075,43.5947,0.5619,A,relation-reasoning-agent-eval-v3.1
2026-08-17T07:10:00+09:00,CMP-S01-L04-01,S01,S01-L04,1,running,142.8959,511.4354,97.47,31.7545,-1.4812,B,relation-reasoning-agent-eval-v3.1
2026-08-17T07:10:00+09:00,CMP-S01-L05-01,S01,S01-L05,1,running,199.9835,446.7761,106.5048,49.6586,1.503,B,relation-reasoning-agent-eval-v3.1
2026-08-17T07:20:00+09:00,CMP-S01-L01-01,S01,S01-L01,1,running,196.2447,434.4012,92.7721,49.6309,1.8148,B,relation-reasoning-agent-eval-v3.1
2026-08-17T07:20:00+09:00,CMP-S01-L02-01,S01,S01-L02,1,running,171.8817,435.9917,104.2369,40.0073,0.172,A,relation-reasoning-agent-eval-v3.1
2026-08-17T07:20:00+09:00,CMP-S01-L03-01,S01,S01-L03,1,running,176.8372,520.443,102.747,41.3783,0.1514,A,relation-reasoning-agent-eval-v3.1
2026-08-17T07:20:00+09:00,CMP-S01-L04-01,S01,S01-L04,1,running,151.9955,534.6151,100.5568,29.9049,-1.8237,B,relation-reasoning-agent-eval-v3.1
2026-08-17T07:20:00+09:00,CMP-S01-L05-01,S01,S01-L05,1,running,193.5663,403.5525,101.6322,57.4888,2.953,C,relation-reasoning-agent-eval-v3.1
2026-08-17T07:30:00+09:00,CMP-S01-L01-01,S01,S01-L01,1,running,213.3445,417.7152,99.0998,44.517,0.8677,A,relation-reasoning-agent-eval-v3.1
2026-08-17T07:30:00+09:00,CMP-S01-L02-01,S01,S01-L02,1,running,171.4471,427.1022,107.3143,43.245,0.7716,A,relation-reasoning-agent-eval-v3.1
2026-08-17T07:30:00+09:00,CMP-S01-L03-01,S01,S01-L03,1,running,173.679,446.2259,95.6871,37.724,-0.5253,A,relation-reasoning-agent-eval-v3.1
2026-08-17T07:30:00+09:00,CMP-S01-L04-01,S01,S01-L04,1,running,166.4434,500.6034,99.7276,27.4648,-2.2756,C,relation-reasoning-agent-eval-v3.1
2026-08-17T07:30:00+09:00,CMP-S01-L05-01,S01,S01-L05,1,running,184.3254,387.5963,98.1747,59.8901,3.3977,D,relation-reasoning-agent-eval-v3.1
2026-08-17T07:40:00+09:00,CMP-S01-L01-01,S01,S01-L01,1,running,191.6159,423.7774,94.3157,41.9009,0.3833,A,relation-reasoning-agent-eval-v3.1
2026-08-17T07:40:00+09:00,CMP-S01-L02-01,S01,S01-L02,1,running,180.7285,454.1474,106.8053,36.4511,-0.4865,A,relation-reasoning-agent-eval-v3.1
2026-08-17T07:40:00+09:00,CMP-S01-L03-01,S01,S01-L03,1,running,158.3966,444.9794,97.5258,42.398,0.3403,A,relation-reasoning-agent-eval-v3.1
2026-08-17T07:40:00+09:00,CMP-S01-L04-01,S01,S01-L04,1,running,147.0514,496.4843,104.0364,29.589,-1.8822,B,relation-reasoning-agent-eval-v3.1
2026-08-17T07:40:00+09:00,CMP-S01-L05-01,S01,S01-L05,1,running,189.054,427.7643,91.9703,54.8518,2.4647,C,relation-reasoning-agent-eval-v3.1
2026-08-17T07:50:00+09:00,CMP-S01-L01-01,S01,S01-L01,1,running,193.7831,415.2616,93.2232,41.6639,0.3394,A,relation-reasoning-agent-eval-v3.1
2026-08-17T07:50:00+09:00,CMP-S01-L02-01,S01,S01-L02,1,running,197.6108,475.8219,103.6341,33.7899,-0.9793,A,relation-reasoning-agent-eval-v3.1
2026-08-17T07:50:00+09:00,CMP-S01-L03-01,S01,S01-L03,1,running,151.8523,440.9643,94.6577,48.8161,1.5288,B,relation-reasoning-agent-eval-v3.1
2026-08-17T07:50:00+09:00,CMP-S01-L04-01,S01,S01-L04,1,running,159.6567,416.7646,102.3005,32.0837,-1.4203,B,relation-reasoning-agent-eval-v3.1
2026-08-17T07:50:00+09:00,CMP-S01-L05-01,S01,S01-L05,1,running,175.5027,404.9918,98.5341,50.0434,1.5742,B,relation-reasoning-agent-eval-v3.1
2026-08-17T08:00:00+09:00,CMP-S01-L01-01,S01,S01-L01,1,running,188.422,406.281,94.7901,38.6052,-0.227,A,relation-reasoning-agent-eval-v3.1
2026-08-17T08:00:00+09:00,CMP-S01-L02-01,S01,S01-L02,1,running,182.0268,474.5283,101.457,35.3237,-0.6953,A,relation-reasoning-agent-eval-v3.1
2026-08-17T08:00:00+09:00,CMP-S01-L03-01,S01,S01-L03,1,running,158.9494,458.4277,98.4905,48.0091,1.3794,B,relation-reasoning-agent-eval-v3.1
2026-08-17T08:00:00+09:00,CMP-S01-L04-01,S01,S01-L04,1,running,151.1461,385.5023,103.1511,36.7913,-0.5485,A,relation-reasoning-agent-eval-v3.1
2026-08-17T08:00:00+09:00,CMP-S01-L05-01,S01,S01-L05,1,running,182.119,438.0152,100.0547,47.9993,1.1957,B,relation-reasoning-agent-eval-v3.1
2026-08-17T08:10:00+09:00,CMP-S01-L01-01,S01,S01-L01,1,running,166.3514,414.9754,99.1436,36.9219,-0.5388,A,relation-reasoning-agent-eval-v3.1
2026-08-17T08:10:00+09:00,CMP-S01-L02-01,S01,S01-L02,1,running,174.2329,488.3117,106.5576,32.7147,-1.1784,B,relation-reasoning-agent-eval-v3.1
2026-08-17T08:10:00+09:00,CMP-S01-L03-01,S01,S01-L03,1,running,160.3309,427.0061,99.3354,47.7699,1.3351,B,relation-reasoning-agent-eval-v3.1
2026-08-17T08:10:00+09:00,CMP-S01-L04-01,S01,S01-L04,1,running,163.5604,425.5055,106.8626,38.7139,-0.1924,A,relation-reasoning-agent-eval-v3.1
2026-08-17T08:10:00+09:00,CMP-S01-L05-01,S01,S01-L05,1,running,193.274,415.711,96.2821,42.4778,0.1732,A,relation-reasoning-agent-eval-v3.1
2026-08-17T08:20:00+09:00,CMP-S01-L01-01,S01,S01-L01,1,running,169.1986,455.4426,100.3497,37.3173,-0.4655,A,relation-reasoning-agent-eval-v3.1
2026-08-17T08:20:00+09:00,CMP-S01-L02-01,S01,S01-L02,1,running,169.5757,412.5324,97.3681,31.4196,-1.4183,B,relation-reasoning-agent-eval-v3.1
2026-08-17T08:20:00+09:00,CMP-S01-L03-01,S01,S01-L03,1,running,167.2539,360.2771,88.4555,46.4303,1.087,B,relation-reasoning-agent-eval-v3.1
2026-08-17T08:20:00+09:00,CMP-S01-L04-01,S01,S01-L04,1,running,169.7899,465.975,113.3999,36.0337,-0.6888,A,relation-reasoning-agent-eval-v3.1
2026-08-17T08:20:00+09:00,CMP-S01-L05-01,S01,S01-L05,1,running,193.8012,425.4634,93.737,43.2561,0.3173,A,relation-reasoning-agent-eval-v3.1
2026-08-17T08:30:00+09:00,CMP-S01-L01-01,S01,S01-L01,1,running,180.794,430.2835,95.1738,33.026,-1.2602,B,relation-reasoning-agent-eval-v3.1
2026-08-17T08:30:00+09:00,CMP-S01-L02-01,S01,S01-L02,1,running,167.4134,426.94,94.6373,35.5379,-0.6556,A,relation-reasoning-agent-eval-v3.1
2026-08-17T08:30:00+09:00,CMP-S01-L03-01,S01,S01-L03,1,running,164.2058,401.0666,95.6169,44.844,0.7932,A,relation-reasoning-agent-eval-v3.1
2026-08-17T08:30:00+09:00,CMP-S01-L04-01,S01,S01-L04,1,running,186.1734,493.5555,113.7034,36.9379,-0.5213,A,relation-reasoning-agent-eval-v3.1
2026-08-17T08:30:00+09:00,CMP-S01-L05-01,S01,S01-L05,1,running,179.4718,452.819,93.1438,39.6983,-0.3415,A,relation-reasoning-agent-eval-v3.1
2026-08-17T08:40:00+09:00,CMP-S01-L01-01,S01,S01-L01,1,running,171.2668,444.4614,96.3733,39.741,-0.0167,A,relation-reasoning-agent-eval-v3.1
2026-08-17T08:40:00+09:00,CMP-S01-L02-01,S01,S01-L02,1,running,173.3173,445.9612,101.5849,32.7136,-1.1786,B,relation-reasoning-agent-eval-v3.1
2026-08-17T08:40:00+09:00,CMP-S01-L03-01,S01,S01-L03,1,running,144.1151,452.4371,97.85,43.6418,0.5706,A,relation-reasoning-agent-eval-v3.1
2026-08-17T08:40:00+09:00,CMP-S01-L04-01,S01,S01-L04,1,running,193.0962,493.6155,108.0187,37.9971,-0.3252,A,relation-reasoning-agent-eval-v3.1
2026-08-17T08:40:00+09:00,CMP-S01-L05-01,S01,S01-L05,1,running,202.0146,465.8625,99.1466,36.0705,-1.0134,B,relation-reasoning-agent-eval-v3.1
2026-08-17T08:50:00+09:00,CMP-S01-L01-01,S01,S01-L01,1,running,163.8507,472.5033,92.5015,37.5692,-0.4189,A,relation-reasoning-agent-eval-v3.1
2026-08-17T08:50:00+09:00,CMP-S01-L02-01,S01,S01-L02,1,running,172.1204,458.1127,99.6571,38.8596,-0.0405,A,relation-reasoning-agent-eval-v3.1
2026-08-17T08:50:00+09:00,CMP-S01-L03-01,S01,S01-L03,1,running,144.6084,442.4172,92.9274,44.5174,0.7328,A,relation-reasoning-agent-eval-v3.1
2026-08-17T08:50:00+09:00,CMP-S01-L04-01,S01,S01-L04,1,running,189.1832,473.9098,111.4599,44.9089,0.9548,A,relation-reasoning-agent-eval-v3.1
2026-08-17T08:50:00+09:00,CMP-S01-L05-01,S01,S01-L05,1,running,174.4248,434.9003,103.5382,32.0678,-1.7546,B,relation-reasoning-agent-eval-v3.1
2026-08-17T09:00:00+09:00,CMP-S01-L01-01,S01,S01-L01,1,running,150.9313,538.1275,98.0319,29.1596,-1.9762,B,relation-reasoning-agent-eval-v3.1
2026-08-17T09:00:00+09:00,CMP-S01-L02-01,S01,S01-L02,1,running,176.1647,460.4129,104.1143,34.83,-0.7867,A,relation-reasoning-agent-eval-v3.1
2026-08-17T09:00:00+09:00,CMP-S01-L03-01,S01,S01-L03,1,running,132.7874,368.7332,95.493,43.6479,0.5717,A,relation-reasoning-agent-eval-v3.1
2026-08-17T09:00:00+09:00,CMP-S01-L04-01,S01,S01-L04,1,running,184.5593,488.9876,107.9553,45.3387,1.0344,B,relation-reasoning-agent-eval-v3.1
2026-08-17T09:00:00+09:00,CMP-S01-L05-01,S01,S01-L05,1,running,176.4735,389.4812,96.2316,31.5785,-1.8452,B,relation-reasoning-agent-eval-v3.1
2026-08-17T09:10:00+09:00,CMP-S01-L01-01,S01,S01-L01,1,running,174.6467,518.7939,96.2802,31.5675,-1.5303,B,relation-reasoning-agent-eval-v3.1
2026-08-17T09:10:00+09:00,CMP-S01-L02-01,S01,S01-L02,1,running,175.7636,418.2705,107.3884,36.6005,-0.4589,A,relation-reasoning-agent-eval-v3.1
2026-08-17T09:10:00+09:00,CMP-S01-L03-01,S01,S01-L03,1,running,150.3958,395.9332,94.7549,42.7069,0.3975,A,relation-reasoning-agent-eval-v3.1
2026-08-17T09:10:00+09:00,CMP-S01-L04-01,S01,S01-L04,1,running,180.3784,419.0944,105.3782,45.0404,0.9791,A,relation-reasoning-agent-eval-v3.1
2026-08-17T09:10:00+09:00,CMP-S01-L05-01,S01,S01-L05,1,running,170.1873,360.4746,97.0809,35.4573,-1.1269,B,relation-reasoning-agent-eval-v3.1
2026-08-17T09:20:00+09:00,CMP-S01-L01-01,S01,S01-L01,1,running,169.2907,495.1744,97.0636,36.7532,-0.57,A,relation-reasoning-agent-eval-v3.1
2026-08-17T09:20:00+09:00,CMP-S01-L02-01,S01,S01-L02,1,running,173.479,451.6847,110.999,43.1625,0.7563,A,relation-reasoning-agent-eval-v3.1
2026-08-17T09:20:00+09:00,CMP-S01-L03-01,S01,S01-L03,1,running,156.6143,409.3148,102.4464,40.3561,-0.0378,A,relation-reasoning-agent-eval-v3.1
2026-08-17T09:20:00+09:00,CMP-S01-L04-01,S01,S01-L04,1,running,191.6735,412.0584,100.3676,42.3655,0.4838,A,relation-reasoning-agent-eval-v3.1
2026-08-17T09:20:00+09:00,CMP-S01-L05-01,S01,S01-L05,1,running,155.3055,458.8684,104.9132,37.7472,-0.7029,A,relation-reasoning-agent-eval-v3.1
2026-08-17T09:30:00+09:00,CMP-S01-L01-01,S01,S01-L01,1,running,144.5365,521.3796,106.2672,38.2864,-0.2861,A,relation-reasoning-agent-eval-v3.1
2026-08-17T09:30:00+09:00,CMP-S01-L02-01,S01,S01-L02,1,running,173.8584,433.1617,104.276,40.0412,0.1783,A,relation-reasoning-agent-eval-v3.1
2026-08-17T09:30:00+09:00,CMP-S01-L03-01,S01,S01-L03,1,running,162.4915,426.0447,98.1516,30.1001,-1.9371,B,relation-reasoning-agent-eval-v3.1
2026-08-17T09:30:00+09:00,CMP-S01-L04-01,S01,S01-L04,1,running,179.8499,463.0266,98.9126,45.2515,1.0182,B,relation-reasoning-agent-eval-v3.1
2026-08-17T09:30:00+09:00,CMP-S01-L05-01,S01,S01-L05,1,running,166.9749,475.4608,112.5055,37.44,-0.7597,A,relation-reasoning-agent-eval-v3.1
2026-08-17T09:40:00+09:00,CMP-S01-L01-01,S01,S01-L01,1,running,164.416,563.2657,99.1782,38.6718,-0.2147,A,relation-reasoning-agent-eval-v3.1
2026-08-17T09:40:00+09:00,CMP-S01-L02-01,S01,S01-L02,1,running,153.078,413.7172,106.5306,42.7103,0.6726,A,relation-reasoning-agent-eval-v3.1
2026-08-17T09:40:00+09:00,CMP-S01-L03-01,S01,S01-L03,1,running,167.5079,424.5558,97.1636,37.0787,-0.6448,A,relation-reasoning-agent-eval-v3.1
2026-08-17T09:40:00+09:00,CMP-S01-L04-01,S01,S01-L04,1,running,158.4677,422.1282,96.1293,41.6465,0.3506,A,relation-reasoning-agent-eval-v3.1
2026-08-17T09:40:00+09:00,CMP-S01-L05-01,S01,S01-L05,1,running,162.1914,456.789,105.2951,41.4546,-0.0163,A,relation-reasoning-agent-eval-v3.1
2026-08-17T09:50:00+09:00,CMP-S01-L01-01,S01,S01-L01,1,running,154.3209,581.2543,97.8302,40.7879,0.1772,A,relation-reasoning-agent-eval-v3.1
2026-08-17T09:50:00+09:00,CMP-S01-L02-01,S01,S01-L02,1,running,150.4075,396.4531,109.1063,45.6345,1.2141,B,relation-reasoning-agent-eval-v3.1
2026-08-17T09:50:00+09:00,CMP-S01-L03-01,S01,S01-L03,1,running,176.8847,394.6597,103.9258,36.4617,-0.759,A,relation-reasoning-agent-eval-v3.1
2026-08-17T09:50:00+09:00,CMP-S01-L04-01,S01,S01-L04,1,running,151.3758,431.1189,96.8639,36.2428,-0.6501,A,relation-reasoning-agent-eval-v3.1
2026-08-17T09:50:00+09:00,CMP-S01-L05-01,S01,S01-L05,1,running,165.742,451.3227,102.5566,43.2983,0.3251,A,relation-reasoning-agent-eval-v3.1
2026-08-17T10:00:00+09:00,CMP-S01-L01-01,S01,S01-L01,1,running,155.5015,560.7701,96.1279,48.724,1.6468,B,relation-reasoning-agent-eval-v3.1
2026-08-17T10:00:00+09:00,CMP-S01-L02-01,S01,S01-L02,1,running,146.248,465.7395,111.3754,49.0849,1.8531,B,relation-reasoning-agent-eval-v3.1
2026-08-17T10:00:00+09:00,CMP-S01-L03-01,S01,S01-L03,1,running,177.7863,415.8116,94.549,33.4912,-1.3091,B,relation-reasoning-agent-eval-v3.1
2026-08-17T10:00:00+09:00,CMP-S01-L04-01,S01,S01-L04,1,running,151.396,454.5825,105.0516,40.4425,0.1277,A,relation-reasoning-agent-eval-v3.1
2026-08-17T10:00:00+09:00,CMP-S01-L05-01,S01,S01-L05,1,running,165.1851,493.9332,102.6554,44.2302,0.4977,A,relation-reasoning-agent-eval-v3.1
2026-08-17T10:10:00+09:00,CMP-S01-L01-01,S01,S01-L01,1,running,158.7835,510.1402,99.1909,44.0689,0.7848,A,relation-reasoning-agent-eval-v3.1
2026-08-17T10:10:00+09:00,CMP-S01-L02-01,S01,S01-L02,1,running,161.5764,440.755,107.6423,48.7042,1.7826,B,relation-reasoning-agent-eval-v3.1
2026-08-17T10:10:00+09:00,CMP-S01-L03-01,S01,S01-L03,1,running,171.6512,429.4858,99.3868,35.6578,-0.9079,A,relation-reasoning-agent-eval-v3.1
2026-08-17T10:10:00+09:00,CMP-S01-L04-01,S01,S01-L04,1,running,159.5172,477.2849,103.7202,35.6608,-0.7578,A,relation-reasoning-agent-eval-v3.1
2026-08-17T10:10:00+09:00,CMP-S01-L05-01,S01,S01-L05,1,running,164.3771,461.5099,100.6613,43.4367,0.3508,A,relation-reasoning-agent-eval-v3.1
2026-08-17T10:20:00+09:00,CMP-S01-L01-01,S01,S01-L01,1,running,153.8811,475.97,99.4967,42.7825,0.5465,A,relation-reasoning-agent-eval-v3.1
2026-08-17T10:20:00+09:00,CMP-S01-L02-01,S01,S01-L02,1,running,153.6185,502.7928,107.1791,37.8715,-0.2235,A,relation-reasoning-agent-eval-v3.1
2026-08-17T10:20:00+09:00,CMP-S01-L03-01,S01,S01-L03,1,running,173.1797,458.5136,103.325,34.0535,-1.205,B,relation-reasoning-agent-eval-v3.1
2026-08-17T10:20:00+09:00,CMP-S01-L04-01,S01,S01-L04,1,running,186.8597,493.9952,108.9965,30.7362,-1.6698,B,relation-reasoning-agent-eval-v3.1
2026-08-17T10:20:00+09:00,CMP-S01-L05-01,S01,S01-L05,1,running,146.7865,446.2636,94.1954,35.6782,-1.086,B,relation-reasoning-agent-eval-v3.1
2026-08-17T10:30:00+09:00,CMP-S01-L01-01,S01,S01-L01,1,running,159.7526,498.0346,99.0919,38.457,-0.2545,A,relation-reasoning-agent-eval-v3.1
2026-08-17T10:30:00+09:00,CMP-S01-L02-01,S01,S01-L02,1,running,152.4994,485.5237,114.3774,40.032,0.1766,A,relation-reasoning-agent-eval-v3.1
2026-08-17T10:30:00+09:00,CMP-S01-L03-01,S01,S01-L03,1,running,184.3894,434.6622,103.3927,35.781,-0.8851,A,relation-reasoning-agent-eval-v3.1
2026-08-17T10:30:00+09:00,CMP-S01-L04-01,S01,S01-L04,1,running,196.7123,468.017,102.2025,30.0236,-1.8017,B,relation-reasoning-agent-eval-v3.1
2026-08-17T10:30:00+09:00,CMP-S01-L05-01,S01,S01-L05,1,running,152.8384,431.3798,90.2173,37.0919,-0.8242,A,relation-reasoning-agent-eval-v3.1
2026-08-17T10:40:00+09:00,CMP-S01-L01-01,S01,S01-L01,1,running,160.8541,536.6564,101.4811,42.5591,0.5052,A,relation-reasoning-agent-eval-v3.1
2026-08-17T10:40:00+09:00,CMP-S01-L02-01,S01,S01-L02,1,running,177.9272,444.3713,110.5449,45.6682,1.2204,B,relation-reasoning-agent-eval-v3.1
2026-08-17T10:40:00+09:00,CMP-S01-L03-01,S01,S01-L03,1,running,197.8217,458.2444,106.6762,43.2849,0.5045,A,relation-reasoning-agent-eval-v3.1
2026-08-17T10:40:00+09:00,CMP-S01-L04-01,S01,S01-L04,1,running,187.0781,473.0937,107.1666,35.0137,-0.8777,A,relation-reasoning-agent-eval-v3.1
2026-08-17T10:40:00+09:00,CMP-S01-L05-01,S01,S01-L05,1,running,165.8144,425.5763,91.0497,39.6814,-0.3447,A,relation-reasoning-agent-eval-v3.1
2026-08-17T10:50:00+09:00,CMP-S01-L01-01,S01,S01-L01,1,running,181.0902,478.8642,94.2511,36.9559,-0.5325,A,relation-reasoning-agent-eval-v3.1
2026-08-17T10:50:00+09:00,CMP-S01-L02-01,S01,S01-L02,1,running,171.8645,448.3773,106.2938,43.0528,0.736,A,relation-reasoning-agent-eval-v3.1
2026-08-17T10:50:00+09:00,CMP-S01-L03-01,S01,S01-L03,1,running,181.6612,461.14,109.4213,40.3358,-0.0416,A,relation-reasoning-agent-eval-v3.1
2026-08-17T10:50:00+09:00,CMP-S01-L04-01,S01,S01-L04,1,running,169.6958,469.8706,106.6298,31.2197,-1.5803,B,relation-reasoning-agent-eval-v3.1
2026-08-17T10:50:00+09:00,CMP-S01-L05-01,S01,S01-L05,1,running,161.8122,414.0635,95.655,32.6891,-1.6395,B,relation-reasoning-agent-eval-v3.1
2026-08-17T11:00:00+09:00,CMP-S01-L01-01,S01,S01-L01,1,running,189.6487,467.9986,101.9358,37.7698,-0.3817,A,relation-reasoning-agent-eval-v3.1
2026-08-17T11:00:00+09:00,CMP-S01-L02-01,S01,S01-L02,1,running,173.22,438.8861,106.7406,37.1579,-0.3556,A,relation-reasoning-agent-eval-v3.1
2026-08-17T11:00:00+09:00,CMP-S01-L03-01,S01,S01-L03,1,running,168.6433,456.3552,104.6933,41.3843,0.1526,A,relation-reasoning-agent-eval-v3.1
2026-08-17T11:00:00+09:00,CMP-S01-L04-01,S01,S01-L04,1,running,162.4325,426.908,101.5285,31.147,-1.5937,B,relation-reasoning-agent-eval-v3.1
2026-08-17T11:00:00+09:00,CMP-S01-L05-01,S01,S01-L05,1,running,169.4581,378.6904,94.9732,31.2011,-1.9151,B,relation-reasoning-agent-eval-v3.1
2026-08-17T11:10:00+09:00,CMP-S01-L01-01,S01,S01-L01,1,running,177.7606,482.6244,98.0408,28.2417,-2.1462,C,relation-reasoning-agent-eval-v3.1
2026-08-17T11:10:00+09:00,CMP-S01-L02-01,S01,S01-L02,1,running,171.1068,395.2857,113.0248,37.845,-0.2284,A,relation-reasoning-agent-eval-v3.1
2026-08-17T11:10:00+09:00,CMP-S01-L03-01,S01,S01-L03,1,running,172.5569,404.9337,99.0517,40.4052,-0.0288,A,relation-reasoning-agent-eval-v3.1
2026-08-17T11:10:00+09:00,CMP-S01-L04-01,S01,S01-L04,1,running,171.7023,441.7785,101.7013,37.3777,-0.4399,A,relation-reasoning-agent-eval-v3.1
2026-08-17T11:10:00+09:00,CMP-S01-L05-01,S01,S01-L05,1,running,167.8572,382.0723,98.1783,27.3641,-2.6257,C,relation-reasoning-agent-eval-v3.1
2026-08-17T11:20:00+09:00,CMP-S01-L01-01,S01,S01-L01,1,running,176.2503,482.3284,94.048,28.5819,-2.0832,C,relation-reasoning-agent-eval-v3.1
2026-08-17T11:20:00+09:00,CMP-S01-L02-01,S01,S01-L02,1,running,175.4765,398.4884,106.3104,40.7823,0.3155,A,relation-reasoning-agent-eval-v3.1
2026-08-17T11:20:00+09:00,CMP-S01-L03-01,S01,S01-L03,1,running,178.4174,427.5795,100.9693,42.4237,0.345,A,relation-reasoning-agent-eval-v3.1
2026-08-17T11:20:00+09:00,CMP-S01-L04-01,S01,S01-L04,1,running,145.1875,429.3828,99.269,38.8184,-0.1731,A,relation-reasoning-agent-eval-v3.1
2026-08-17T11:20:00+09:00,CMP-S01-L05-01,S01,S01-L05,1,running,174.8559,369.367,98.97,34.7171,-1.264,B,relation-reasoning-agent-eval-v3.1
2026-08-17T11:30:00+09:00,CMP-S01-L01-01,S01,S01-L01,1,running,181.7791,489.8476,103.1482,30.709,-1.6893,B,relation-reasoning-agent-eval-v3.1
2026-08-17T11:30:00+09:00,CMP-S01-L02-01,S01,S01-L02,1,running,187.065,351.3522,96.3182,44.5693,1.0168,B,relation-reasoning-agent-eval-v3.1
2026-08-17T11:30:00+09:00,CMP-S01-L03-01,S01,S01-L03,1,running,173.5415,409.782,105.1475,46.1629,1.0375,B,relation-reasoning-agent-eval-v3.1
2026-08-17T11:30:00+09:00,CMP-S01-L04-01,S01,S01-L04,1,running,163.6171,408.709,92.6152,39.1238,-0.1165,A,relation-reasoning-agent-eval-v3.1
2026-08-17T11:30:00+09:00,CMP-S01-L05-01,S01,S01-L05,1,running,169.538,370.2105,95.3714,40.1057,-0.2661,A,relation-reasoning-agent-eval-v3.1
2026-08-17T11:40:00+09:00,CMP-S01-L01-01,S01,S01-L01,1,running,184.3491,506.5509,106.0184,32.8284,-1.2968,B,relation-reasoning-agent-eval-v3.1
2026-08-17T11:40:00+09:00,CMP-S01-L02-01,S01,S01-L02,1,running,182.941,386.0237,92.3257,43.4596,0.8113,A,relation-reasoning-agent-eval-v3.1
2026-08-17T11:40:00+09:00,CMP-S01-L03-01,S01,S01-L03,1,running,167.9384,425.1949,108.025,51.9678,2.1125,C,relation-reasoning-agent-eval-v3.1
2026-08-17T11:40:00+09:00,CMP-S01-L04-01,S01,S01-L04,1,running,164.9248,476.19,97.182,38.6431,-0.2055,A,relation-reasoning-agent-eval-v3.1
2026-08-17T11:40:00+09:00,CMP-S01-L05-01,S01,S01-L05,1,running,174.0183,351.9889,96.9305,42.941,0.259,A,relation-reasoning-agent-eval-v3.1
2026-08-17T11:50:00+09:00,CMP-S01-L01-01,S01,S01-L01,1,running,183.6262,453.2338,106.0402,38.7796,-0.1947,A,relation-reasoning-agent-eval-v3.1
2026-08-17T11:50:00+09:00,CMP-S01-L02-01,S01,S01-L02,1,running,159.7008,384.4515,90.1074,37.2618,-0.3364,A,relation-reasoning-agent-eval-v3.1
2026-08-17T11:50:00+09:00,CMP-S01-L03-01,S01,S01-L03,1,running,179.8468,428.1816,108.2933,51.2383,1.9774,B,relation-reasoning-agent-eval-v3.1
2026-08-17T11:50:00+09:00,CMP-S01-L04-01,S01,S01-L04,1,running,168.2421,468.1578,101.456,43.3889,0.6733,A,relation-reasoning-agent-eval-v3.1
2026-08-17T11:50:00+09:00,CMP-S01-L05-01,S01,S01-L05,1,running,161.7032,396.6242,93.8556,41.1915,-0.065,A,relation-reasoning-agent-eval-v3.1
2026-08-17T12:00:00+09:00,CMP-S01-L01-01,S01,S01-L01,1,running,170.6719,483.0569,107.9155,37.2417,-0.4795,A,relation-reasoning-agent-eval-v3.1
2026-08-17T12:00:00+09:00,CMP-S01-L02-01,S01,S01-L02,1,running,176.481,391.9896,91.9857,32.6753,-1.1857,B,relation-reasoning-agent-eval-v3.1
2026-08-17T12:00:00+09:00,CMP-S01-L03-01,S01,S01-L03,1,running,176.6582,463.272,110.3531,46.7526,1.1467,B,relation-reasoning-agent-eval-v3.1
2026-08-17T12:00:00+09:00,CMP-S01-L04-01,S01,S01-L04,1,running,161.3429,480.2033,102.1309,42.8661,0.5765,A,relation-reasoning-agent-eval-v3.1
2026-08-17T12:00:00+09:00,CMP-S01-L05-01,S01,S01-L05,1,running,163.9808,448.1079,96.1189,40.2537,-0.2387,A,relation-reasoning-agent-eval-v3.1
2026-08-17T12:10:00+09:00,CMP-S01-L01-01,S01,S01-L01,1,running,166.6385,507.9108,108.1015,33.199,-1.2282,B,relation-reasoning-agent-eval-v3.1
2026-08-17T12:10:00+09:00,CMP-S01-L02-01,S01,S01-L02,1,running,179.9769,398.9928,97.1075,30.4607,-1.5959,B,relation-reasoning-agent-eval-v3.1
2026-08-17T12:10:00+09:00,CMP-S01-L03-01,S01,S01-L03,1,running,175.5314,474.6953,108.8038,36.5557,-0.7416,A,relation-reasoning-agent-eval-v3.1
2026-08-17T12:10:00+09:00,CMP-S01-L04-01,S01,S01-L04,1,running,172.3377,477.283,100.2227,40.7674,0.1878,A,relation-reasoning-agent-eval-v3.1
2026-08-17T12:10:00+09:00,CMP-S01-L05-01,S01,S01-L05,1,running,154.7137,478.8375,92.2862,48.2557,1.2432,B,relation-reasoning-agent-eval-v3.1
2026-08-17T12:20:00+09:00,CMP-S01-L01-01,S01,S01-L01,1,running,153.2272,488.3856,106.4279,23.8197,-2.9651,C,relation-reasoning-agent-eval-v3.1
2026-08-17T12:20:00+09:00,CMP-S01-L02-01,S01,S01-L02,1,running,175.3546,413.2662,93.2717,32.463,-1.2251,B,relation-reasoning-agent-eval-v3.1
2026-08-17T12:20:00+09:00,CMP-S01-L03-01,S01,S01-L03,1,running,177.0281,469.8277,106.2544,35.7944,-0.8826,A,relation-reasoning-agent-eval-v3.1
2026-08-17T12:20:00+09:00,CMP-S01-L04-01,S01,S01-L04,1,running,179.3017,559.2874,101.4691,41.8873,0.3952,A,relation-reasoning-agent-eval-v3.1
2026-08-17T12:20:00+09:00,CMP-S01-L05-01,S01,S01-L05,1,running,168.4932,449.1212,90.5951,47.9415,1.185,B,relation-reasoning-agent-eval-v3.1
2026-08-17T12:30:00+09:00,CMP-S01-L01-01,S01,S01-L01,1,running,166.4109,505.9182,108.3122,32.7449,-1.3123,B,relation-reasoning-agent-eval-v3.1
2026-08-17T12:30:00+09:00,CMP-S01-L02-01,S01,S01-L02,1,running,167.3135,423.1259,100.2399,37.8108,-0.2347,A,relation-reasoning-agent-eval-v3.1
2026-08-17T12:30:00+09:00,CMP-S01-L03-01,S01,S01-L03,1,running,172.7149,418.8624,98.7653,33.3911,-1.3277,B,relation-reasoning-agent-eval-v3.1
2026-08-17T12:30:00+09:00,CMP-S01-L04-01,S01,S01-L04,1,running,191.1541,551.007,100.4936,37.894,-0.3443,A,relation-reasoning-agent-eval-v3.1
2026-08-17T12:30:00+09:00,CMP-S01-L05-01,S01,S01-L05,1,running,165.8315,434.3913,91.3599,48.8322,1.3499,B,relation-reasoning-agent-eval-v3.1
2026-08-17T12:40:00+09:00,CMP-S01-L01-01,S01,S01-L01,1,running,168.3002,493.1304,107.1176,36.9609,-0.5315,A,relation-reasoning-agent-eval-v3.1
2026-08-17T12:40:00+09:00,CMP-S01-L02-01,S01,S01-L02,1,running,164.7717,434.8032,98.9237,35.5769,-0.6484,A,relation-reasoning-agent-eval-v3.1
2026-08-17T12:40:00+09:00,CMP-S01-L03-01,S01,S01-L03,1,running,157.3836,386.0085,98.6201,32.1061,-1.5656,B,relation-reasoning-agent-eval-v3.1
2026-08-17T12:40:00+09:00,CMP-S01-L04-01,S01,S01-L04,1,running,195.8362,511.4075,99.6171,37.9759,-0.3291,A,relation-reasoning-agent-eval-v3.1
2026-08-17T12:40:00+09:00,CMP-S01-L05-01,S01,S01-L05,1,running,173.5959,432.6293,91.3067,50.9598,1.7439,B,relation-reasoning-agent-eval-v3.1
2026-08-17T12:50:00+09:00,CMP-S01-L01-01,S01,S01-L01,1,running,179.391,515.6708,100.2737,35.3153,-0.8363,A,relation-reasoning-agent-eval-v3.1
2026-08-17T12:50:00+09:00,CMP-S01-L02-01,S01,S01-L02,1,running,175.6379,376.2478,101.5276,34.3053,-0.8839,A,relation-reasoning-agent-eval-v3.1
2026-08-17T12:50:00+09:00,CMP-S01-L03-01,S01,S01-L03,1,running,169.0029,406.9785,95.4504,46.0069,1.0086,B,relation-reasoning-agent-eval-v3.1
2026-08-17T12:50:00+09:00,CMP-S01-L04-01,S01,S01-L04,1,running,216.616,533.328,97.6281,43.9421,0.7757,A,relation-reasoning-agent-eval-v3.1
2026-08-17T12:50:00+09:00,CMP-S01-L05-01,S01,S01-L05,1,running,180.4599,393.6952,93.2862,49.9925,1.5648,B,relation-reasoning-agent-eval-v3.1
2026-08-17T13:00:00+09:00,CMP-S01-L01-01,S01,S01-L01,1,running,188.9893,500.2619,100.6223,37.2261,-0.4824,A,relation-reasoning-agent-eval-v3.1
2026-08-17T13:00:00+09:00,CMP-S01-L02-01,S01,S01-L02,1,running,186.6648,380.6538,104.5521,35.8374,-0.6002,A,relation-reasoning-agent-eval-v3.1
2026-08-17T13:00:00+09:00,CMP-S01-L03-01,S01,S01-L03,1,running,157.9879,383.9928,99.4079,35.8179,-0.8783,A,relation-reasoning-agent-eval-v3.1
2026-08-17T13:00:00+09:00,CMP-S01-L04-01,S01,S01-L04,1,running,218.7076,493.4178,96.5012,39.6531,-0.0185,A,relation-reasoning-agent-eval-v3.1
2026-08-17T13:00:00+09:00,CMP-S01-L05-01,S01,S01-L05,1,running,190.9481,432.1608,90.4083,44.9159,0.6247,A,relation-reasoning-agent-eval-v3.1
2026-08-17T13:10:00+09:00,CMP-S01-L01-01,S01,S01-L01,1,running,194.6189,456.3464,92.0202,43.336,0.649,A,relation-reasoning-agent-eval-v3.1
2026-08-17T13:10:00+09:00,CMP-S01-L02-01,S01,S01-L02,1,running,192.2203,357.4746,101.0081,32.7078,-1.1797,B,relation-reasoning-agent-eval-v3.1
2026-08-17T13:10:00+09:00,CMP-S01-L03-01,S01,S01-L03,1,running,161.8886,397.2411,104.143,29.5269,-2.0433,C,relation-reasoning-agent-eval-v3.1
2026-08-17T13:10:00+09:00,CMP-S01-L04-01,S01,S01-L04,1,running,225.23,467.4398,107.359,38.9516,-0.1484,A,relation-reasoning-agent-eval-v3.1
2026-08-17T13:10:00+09:00,CMP-S01-L05-01,S01,S01-L05,1,running,176.2414,454.0381,89.6176,44.9755,0.6357,A,relation-reasoning-agent-eval-v3.1
2026-08-17T13:20:00+09:00,CMP-S01-L01-01,S01,S01-L01,1,running,185.4859,476.7535,97.7234,41.8387,0.3718,A,relation-reasoning-agent-eval-v3.1
2026-08-17T13:20:00+09:00,CMP-S01-L02-01,S01,S01-L02,1,running,191.2076,407.7268,103.4695,32.327,-1.2502,B,relation-reasoning-agent-eval-v3.1
2026-08-17T13:20:00+09:00,CMP-S01-L03-01,S01,S01-L03,1,running,163.1601,391.4481,99.1208,35.1859,-0.9953,A,relation-reasoning-agent-eval-v3.1
2026-08-17T13:20:00+09:00,CMP-S01-L04-01,S01,S01-L04,1,running,203.257,452.3098,108.4486,41.3595,0.2975,A,relation-reasoning-agent-eval-v3.1
2026-08-17T13:20:00+09:00,CMP-S01-L05-01,S01,S01-L05,1,running,180.3952,494.3144,91.9448,46.3584,0.8918,A,relation-reasoning-agent-eval-v3.1
2026-08-17T13:30:00+09:00,CMP-S01-L01-01,S01,S01-L01,1,running,201.6328,501.5182,97.7505,36.4797,-0.6206,A,relation-reasoning-agent-eval-v3.1
2026-08-17T13:30:00+09:00,CMP-S01-L02-01,S01,S01-L02,1,running,194.3619,360.4171,99.9467,33.8765,-0.9633,A,relation-reasoning-agent-eval-v3.1
2026-08-17T13:30:00+09:00,CMP-S01-L03-01,S01,S01-L03,1,running,159.9328,406.3453,102.4583,44.1635,0.6672,A,relation-reasoning-agent-eval-v3.1
2026-08-17T13:30:00+09:00,CMP-S01-L04-01,S01,S01-L04,1,running,189.3768,484.3703,108.1469,34.9748,-0.8849,A,relation-reasoning-agent-eval-v3.1
2026-08-17T13:30:00+09:00,CMP-S01-L05-01,S01,S01-L05,1,running,173.4453,476.4646,89.9762,46.5032,0.9186,A,relation-reasoning-agent-eval-v3.1
2026-08-17T13:40:00+09:00,CMP-S01-L01-01,S01,S01-L01,1,running,202.5735,494.6018,96.1432,36.1103,-0.6891,A,relation-reasoning-agent-eval-v3.1
2026-08-17T13:40:00+09:00,CMP-S01-L02-01,S01,S01-L02,1,running,194.7106,369.1511,102.1145,36.9241,-0.3989,A,relation-reasoning-agent-eval-v3.1
2026-08-17T13:40:00+09:00,CMP-S01-L03-01,S01,S01-L03,1,running,164.1156,446.7815,107.3349,41.1934,0.1172,A,relation-reasoning-agent-eval-v3.1
2026-08-17T13:40:00+09:00,CMP-S01-L04-01,S01,S01-L04,1,running,195.2563,462.5125,104.4977,41.1123,0.2517,A,relation-reasoning-agent-eval-v3.1
2026-08-17T13:40:00+09:00,CMP-S01-L05-01,S01,S01-L05,1,running,165.9962,470.678,89.3537,45.1393,0.666,A,relation-reasoning-agent-eval-v3.1
2026-08-17T13:50:00+09:00,CMP-S01-L01-01,S01,S01-L01,1,running,181.1173,504.1868,101.6968,29.4328,-1.9256,B,relation-reasoning-agent-eval-v3.1
2026-08-17T13:50:00+09:00,CMP-S01-L02-01,S01,S01-L02,1,running,181.3681,361.0806,103.5958,40.1728,0.2027,A,relation-reasoning-agent-eval-v3.1
2026-08-17T13:50:00+09:00,CMP-S01-L03-01,S01,S01-L03,1,running,164.9753,472.637,103.2461,38.3839,-0.4031,A,relation-reasoning-agent-eval-v3.1
2026-08-17T13:50:00+09:00,CMP-S01-L04-01,S01,S01-L04,1,running,192.6982,478.9816,100.8507,30.4582,-1.7213,B,relation-reasoning-agent-eval-v3.1
2026-08-17T13:50:00+09:00,CMP-S01-L05-01,S01,S01-L05,1,running,180.5595,441.2421,90.3295,43.6122,0.3833,A,relation-reasoning-agent-eval-v3.1
2026-08-17T14:00:00+09:00,CMP-S01-L01-01,S01,S01-L01,1,running,195.6566,467.3944,98.2663,26.7709,-2.4186,C,relation-reasoning-agent-eval-v3.1
2026-08-17T14:00:00+09:00,CMP-S01-L02-01,S01,S01-L02,1,running,184.5085,339.3918,103.7473,37.1569,-0.3558,A,relation-reasoning-agent-eval-v3.1
2026-08-17T14:00:00+09:00,CMP-S01-L03-01,S01,S01-L03,1,running,163.4773,410.8714,98.1501,35.8677,-0.869,A,relation-reasoning-agent-eval-v3.1
2026-08-17T14:00:00+09:00,CMP-S01-L04-01,S01,S01-L04,1,running,177.3354,460.8044,100.074,31.9873,-1.4381,B,relation-reasoning-agent-eval-v3.1
2026-08-17T14:00:00+09:00,CMP-S01-L05-01,S01,S01-L05,1,running,172.7612,398.2183,95.3728,45.7379,0.7769,A,relation-reasoning-agent-eval-v3.1
2026-08-17T14:10:00+09:00,CMP-S01-L01-01,S01,S01-L01,1,running,201.4273,471.5753,93.9212,28.8835,-2.0274,C,relation-reasoning-agent-eval-v3.1
2026-08-17T14:10:00+09:00,CMP-S01-L02-01,S01,S01-L02,1,running,194.4774,397.1628,104.9288,32.9033,-1.1435,B,relation-reasoning-agent-eval-v3.1
2026-08-17T14:10:00+09:00,CMP-S01-L03-01,S01,S01-L03,1,running,168.3965,437.707,96.9674,36.9532,-0.668,A,relation-reasoning-agent-eval-v3.1
2026-08-17T14:10:00+09:00,CMP-S01-L04-01,S01,S01-L04,1,running,182.5095,429.9128,99.889,34.5411,-0.9652,A,relation-reasoning-agent-eval-v3.1
2026-08-17T14:10:00+09:00,CMP-S01-L05-01,S01,S01-L05,1,running,173.1956,409.1065,91.32,45.482,0.7295,A,relation-reasoning-agent-eval-v3.1
2026-08-17T14:20:00+09:00,CMP-S01-L01-01,S01,S01-L01,1,running,182.1119,470.7493,90.8278,25.3059,-2.6899,C,relation-reasoning-agent-eval-v3.1
2026-08-17T14:20:00+09:00,CMP-S01-L02-01,S01,S01-L02,1,running,195.1243,405.4878,102.3672,30.247,-1.6354,B,relation-reasoning-agent-eval-v3.1
2026-08-17T14:20:00+09:00,CMP-S01-L03-01,S01,S01-L03,1,running,144.6841,428.1136,97.7464,31.4552,-1.6862,B,relation-reasoning-agent-eval-v3.1
2026-08-17T14:20:00+09:00,CMP-S01-L04-01,S01,S01-L04,1,running,171.9298,451.1941,106.5368,41.2551,0.2782,A,relation-reasoning-agent-eval-v3.1
2026-08-17T14:20:00+09:00,CMP-S01-L05-01,S01,S01-L05,1,running,164.4935,443.6065,93.9749,42.6757,0.2098,A,relation-reasoning-agent-eval-v3.1
2026-08-17T14:30:00+09:00,CMP-S01-L01-01,S01,S01-L01,1,running,197.1485,491.301,101.672,31.1426,-1.609,B,relation-reasoning-agent-eval-v3.1
2026-08-17T14:30:00+09:00,CMP-S01-L02-01,S01,S01-L02,1,running,202.6609,409.223,103.8407,32.9298,-1.1386,B,relation-reasoning-agent-eval-v3.1
2026-08-17T14:30:00+09:00,CMP-S01-L03-01,S01,S01-L03,1,running,144.1392,431.4384,99.5029,29.874,-1.979,B,relation-reasoning-agent-eval-v3.1
2026-08-17T14:30:00+09:00,CMP-S01-L04-01,S01,S01-L04,1,running,167.0768,466.4625,104.9665,41.2351,0.2744,A,relation-reasoning-agent-eval-v3.1
2026-08-17T14:30:00+09:00,CMP-S01-L05-01,S01,S01-L05,1,running,165.3985,488.7317,89.7968,39.3988,-0.397,A,relation-reasoning-agent-eval-v3.1
2026-08-17T14:40:00+09:00,CMP-S01-L01-01,S01,S01-L01,1,running,175.4888,501.8282,96.3785,37.4654,-0.4381,A,relation-reasoning-agent-eval-v3.1
2026-08-17T14:40:00+09:00,CMP-S01-L02-01,S01,S01-L02,1,running,192.6199,421.6344,100.7009,34.2452,-0.895,A,relation-reasoning-agent-eval-v3.1
2026-08-17T14:40:00+09:00,CMP-S01-L03-01,S01,S01-L03,1,running,137.0403,398.1819,96.9953,36.3241,-0.7845,A,relation-reasoning-agent-eval-v3.1
2026-08-17T14:40:00+09:00,CMP-S01-L04-01,S01,S01-L04,1,running,172.3285,483.9506,104.6541,43.9551,0.7781,A,relation-reasoning-agent-eval-v3.1
2026-08-17T14:40:00+09:00,CMP-S01-L05-01,S01,S01-L05,1,running,163.5961,443.9944,94.4338,38.679,-0.5303,A,relation-reasoning-agent-eval-v3.1
2026-08-17T14:50:00+09:00,CMP-S01-L01-01,S01,S01-L01,1,running,168.2762,455.7047,96.5452,37.1294,-0.5003,A,relation-reasoning-agent-eval-v3.1
2026-08-17T14:50:00+09:00,CMP-S01-L02-01,S01,S01-L02,1,running,171.8963,421.9849,106.062,31.9507,-1.3199,B,relation-reasoning-agent-eval-v3.1
2026-08-17T14:50:00+09:00,CMP-S01-L03-01,S01,S01-L03,1,running,147.1311,384.2977,106.642,45.3924,0.8948,A,relation-reasoning-agent-eval-v3.1
2026-08-17T14:50:00+09:00,CMP-S01-L04-01,S01,S01-L04,1,running,186.4383,501.858,103.616,44.3625,0.8536,A,relation-reasoning-agent-eval-v3.1
2026-08-17T14:50:00+09:00,CMP-S01-L05-01,S01,S01-L05,1,running,171.9454,416.144,94.9369,44.3731,0.5242,A,relation-reasoning-agent-eval-v3.1
2026-08-17T15:00:00+09:00,CMP-S01-L01-01,S01,S01-L01,1,running,193.0624,451.3098,93.3048,40.1839,0.0653,A,relation-reasoning-agent-eval-v3.1
2026-08-17T15:00:00+09:00,CMP-S01-L02-01,S01,S01-L02,1,running,179.8168,436.2505,104.5844,27.9402,-2.0626,C,relation-reasoning-agent-eval-v3.1
2026-08-17T15:00:00+09:00,CMP-S01-L03-01,S01,S01-L03,1,running,148.9794,335.899,103.3943,43.8038,0.6006,A,relation-reasoning-agent-eval-v3.1
2026-08-17T15:00:00+09:00,CMP-S01-L04-01,S01,S01-L04,1,running,180.946,498.1922,109.6158,41.7826,0.3758,A,relation-reasoning-agent-eval-v3.1
2026-08-17T15:00:00+09:00,CMP-S01-L05-01,S01,S01-L05,1,running,185.584,437.8661,102.0721,47.3273,1.0712,B,relation-reasoning-agent-eval-v3.1
2026-08-17T15:10:00+09:00,CMP-S01-L01-01,S01,S01-L01,1,running,187.4842,500.6014,97.1932,34.9687,-0.9005,A,relation-reasoning-agent-eval-v3.1
2026-08-17T15:10:00+09:00,CMP-S01-L02-01,S01,S01-L02,1,running,176.658,446.9276,107.563,37.7475,-0.2464,A,relation-reasoning-agent-eval-v3.1
2026-08-17T15:10:00+09:00,CMP-S01-L03-01,S01,S01-L03,1,running,153.4523,394.7325,103.4619,47.8292,1.3461,B,relation-reasoning-agent-eval-v3.1
2026-08-17T15:10:00+09:00,CMP-S01-L04-01,S01,S01-L04,1,running,174.0787,454.2317,118.3734,46.5788,1.264,B,relation-reasoning-agent-eval-v3.1
2026-08-17T15:10:00+09:00,CMP-S01-L05-01,S01,S01-L05,1,running,174.2608,459.3558,93.6276,46.6082,0.9381,A,relation-reasoning-agent-eval-v3.1
2026-08-17T15:20:00+09:00,CMP-S01-L01-01,S01,S01-L01,1,running,213.4711,445.1091,89.4901,35.6934,-0.7663,A,relation-reasoning-agent-eval-v3.1
2026-08-17T15:20:00+09:00,CMP-S01-L02-01,S01,S01-L02,1,running,182.6252,423.5934,104.6984,35.8029,-0.6065,A,relation-reasoning-agent-eval-v3.1
2026-08-17T15:20:00+09:00,CMP-S01-L03-01,S01,S01-L03,1,running,166.1724,417.6586,110.9927,45.1297,0.8462,A,relation-reasoning-agent-eval-v3.1
2026-08-17T15:20:00+09:00,CMP-S01-L04-01,S01,S01-L04,1,running,172.9344,435.6995,112.9437,40.6232,0.1611,A,relation-reasoning-agent-eval-v3.1
2026-08-17T15:20:00+09:00,CMP-S01-L05-01,S01,S01-L05,1,running,177.2258,455.1587,92.4145,50.438,1.6473,B,relation-reasoning-agent-eval-v3.1
2026-08-17T15:30:00+09:00,CMP-S01-L01-01,S01,S01-L01,1,running,202.8186,404.0405,91.4187,37.0245,-0.5198,A,relation-reasoning-agent-eval-v3.1
2026-08-17T15:30:00+09:00,CMP-S01-L02-01,S01,S01-L02,1,running,181.4701,457.3758,107.7395,35.4495,-0.672,A,relation-reasoning-agent-eval-v3.1
2026-08-17T15:30:00+09:00,CMP-S01-L03-01,S01,S01-L03,1,running,165.1556,411.1036,101.9702,40.4372,-0.0228,A,relation-reasoning-agent-eval-v3.1
2026-08-17T15:30:00+09:00,CMP-S01-L04-01,S01,S01-L04,1,running,169.7685,422.6265,110.0055,35.6086,-0.7675,A,relation-reasoning-agent-eval-v3.1
2026-08-17T15:30:00+09:00,CMP-S01-L05-01,S01,S01-L05,1,running,179.8643,473.2478,90.5438,48.357,1.2619,B,relation-reasoning-agent-eval-v3.1
2026-08-17T15:40:00+09:00,CMP-S01-L01-01,S01,S01-L01,1,running,206.2049,377.5885,81.204,37.3751,-0.4548,A,relation-reasoning-agent-eval-v3.1
2026-08-17T15:40:00+09:00,CMP-S01-L02-01,S01,S01-L02,1,running,180.4349,449.8488,105.7287,33.3575,-1.0594,B,relation-reasoning-agent-eval-v3.1
2026-08-17T15:40:00+09:00,CMP-S01-L03-01,S01,S01-L03,1,running,160.1813,411.2925,99.7391,41.7462,0.2196,A,relation-reasoning-agent-eval-v3.1
2026-08-17T15:40:00+09:00,CMP-S01-L04-01,S01,S01-L04,1,running,183.1813,433.6144,105.3734,39.887,0.0248,A,relation-reasoning-agent-eval-v3.1
2026-08-17T15:40:00+09:00,CMP-S01-L05-01,S01,S01-L05,1,running,185.2586,461.4843,94.6629,45.2549,0.6875,A,relation-reasoning-agent-eval-v3.1
2026-08-17T15:50:00+09:00,CMP-S01-L01-01,S01,S01-L01,1,running,172.0806,357.8701,91.3029,31.8143,-1.4846,B,relation-reasoning-agent-eval-v3.1
2026-08-17T15:50:00+09:00,CMP-S01-L02-01,S01,S01-L02,1,running,166.5915,462.533,99.2737,37.7329,-0.2491,A,relation-reasoning-agent-eval-v3.1
2026-08-17T15:50:00+09:00,CMP-S01-L03-01,S01,S01-L03,1,running,170.5425,397.58,104.4779,41.3924,0.1541,A,relation-reasoning-agent-eval-v3.1
2026-08-17T15:50:00+09:00,CMP-S01-L04-01,S01,S01-L04,1,running,176.8957,456.9069,109.1914,35.0643,-0.8683,A,relation-reasoning-agent-eval-v3.1
2026-08-17T15:50:00+09:00,CMP-S01-L05-01,S01,S01-L05,1,running,185.5607,470.4049,92.1818,47.2287,1.053,B,relation-reasoning-agent-eval-v3.1
2026-08-17T16:00:00+09:00,CMP-S01-L01-01,S01,S01-L01,1,running,179.6354,339.7109,87.8225,30.8845,-1.6568,B,relation-reasoning-agent-eval-v3.1
2026-08-17T16:00:00+09:00,CMP-S01-L02-01,S01,S01-L02,1,running,162.0326,468.8153,101.6167,39.7908,0.132,A,relation-reasoning-agent-eval-v3.1
2026-08-17T16:00:00+09:00,CMP-S01-L03-01,S01,S01-L03,1,running,159.8731,430.6521,95.3101,42.1306,0.2908,A,relation-reasoning-agent-eval-v3.1
2026-08-17T16:00:00+09:00,CMP-S01-L04-01,S01,S01-L04,1,running,171.1848,507.7943,105.955,37.0449,-0.5015,A,relation-reasoning-agent-eval-v3.1
2026-08-17T16:00:00+09:00,CMP-S01-L05-01,S01,S01-L05,1,running,203.2967,470.8322,85.7195,42.0091,0.0864,A,relation-reasoning-agent-eval-v3.1
2026-08-17T16:10:00+09:00,CMP-S01-L01-01,S01,S01-L01,1,running,180.0078,354.4248,91.8983,30.4137,-1.744,B,relation-reasoning-agent-eval-v3.1
2026-08-17T16:10:00+09:00,CMP-S01-L02-01,S01,S01-L02,1,running,170.6743,461.9735,99.3497,42.0161,0.544,A,relation-reasoning-agent-eval-v3.1
2026-08-17T16:10:00+09:00,CMP-S01-L03-01,S01,S01-L03,1,running,164.0831,452.394,101.8531,45.3478,0.8865,A,relation-reasoning-agent-eval-v3.1
2026-08-17T16:10:00+09:00,CMP-S01-L04-01,S01,S01-L04,1,running,161.7224,478.1613,102.6903,41.1078,0.2509,A,relation-reasoning-agent-eval-v3.1
2026-08-17T16:10:00+09:00,CMP-S01-L05-01,S01,S01-L05,1,running,198.5465,448.8825,81.4756,39.2056,-0.4328,A,relation-reasoning-agent-eval-v3.1
2026-08-17T16:20:00+09:00,CMP-S01-L01-01,S01,S01-L01,1,running,178.4757,398.8158,95.5816,32.4441,-1.368,B,relation-reasoning-agent-eval-v3.1
2026-08-17T16:20:00+09:00,CMP-S01-L02-01,S01,S01-L02,1,running,170.8845,424.3538,98.0806,36.7368,-0.4336,A,relation-reasoning-agent-eval-v3.1
2026-08-17T16:20:00+09:00,CMP-S01-L03-01,S01,S01-L03,1,running,164.3834,446.034,102.0305,46.0629,1.019,B,relation-reasoning-agent-eval-v3.1
2026-08-17T16:20:00+09:00,CMP-S01-L04-01,S01,S01-L04,1,running,154.9189,474.3991,102.9587,35.5588,-0.7767,A,relation-reasoning-agent-eval-v3.1
2026-08-17T16:20:00+09:00,CMP-S01-L05-01,S01,S01-L05,1,running,189.6526,399.3572,87.0891,42.5877,0.1935,A,relation-reasoning-agent-eval-v3.1
2026-08-17T16:30:00+09:00,CMP-S01-L01-01,S01,S01-L01,1,running,167.7289,384.6427,92.3793,38.876,-0.1769,A,relation-reasoning-agent-eval-v3.1
2026-08-17T16:30:00+09:00,CMP-S01-L02-01,S01,S01-L02,1,running,168.2708,408.0244,101.7306,35.6909,-0.6273,A,relation-reasoning-agent-eval-v3.1
2026-08-17T16:30:00+09:00,CMP-S01-L03-01,S01,S01-L03,1,running,160.579,469.2101,93.027,47.6299,1.3092,B,relation-reasoning-agent-eval-v3.1
2026-08-17T16:30:00+09:00,CMP-S01-L04-01,S01,S01-L04,1,running,162.592,482.5779,100.006,34.8683,-0.9046,A,relation-reasoning-agent-eval-v3.1
2026-08-17T16:30:00+09:00,CMP-S01-L05-01,S01,S01-L05,1,running,192.5246,439.4964,89.5998,41.983,0.0815,A,relation-reasoning-agent-eval-v3.1
2026-08-17T16:40:00+09:00,CMP-S01-L01-01,S01,S01-L01,1,running,172.7065,428.1654,102.446,39.7133,-0.0218,A,relation-reasoning-agent-eval-v3.1
2026-08-17T16:40:00+09:00,CMP-S01-L02-01,S01,S01-L02,1,running,163.2953,376.1808,105.4395,36.0059,-0.569,A,relation-reasoning-agent-eval-v3.1
2026-08-17T16:40:00+09:00,CMP-S01-L03-01,S01,S01-L03,1,running,172.288,468.8363,98.2005,42.265,0.3157,A,relation-reasoning-agent-eval-v3.1
2026-08-17T16:40:00+09:00,CMP-S01-L04-01,S01,S01-L04,1,running,159.136,456.2073,98.4409,25.1057,-2.7125,C,relation-reasoning-agent-eval-v3.1
2026-08-17T16:40:00+09:00,CMP-S01-L05-01,S01,S01-L05,1,running,192.5608,467.8955,96.0082,39.225,-0.4292,A,relation-reasoning-agent-eval-v3.1
2026-08-17T16:50:00+09:00,CMP-S01-L01-01,S01,S01-L01,1,running,153.8744,477.9867,104.0048,32.1612,-1.4204,B,relation-reasoning-agent-eval-v3.1
2026-08-17T16:50:00+09:00,CMP-S01-L02-01,S01,S01-L02,1,running,185.1608,394.803,103.7062,43.062,0.7377,A,relation-reasoning-agent-eval-v3.1
2026-08-17T16:50:00+09:00,CMP-S01-L03-01,S01,S01-L03,1,running,162.8913,470.6092,104.8083,39.776,-0.1453,A,relation-reasoning-agent-eval-v3.1
2026-08-17T16:50:00+09:00,CMP-S01-L04-01,S01,S01-L04,1,running,169.185,431.1055,103.4481,34.7262,-0.9309,A,relation-reasoning-agent-eval-v3.1
2026-08-17T16:50:00+09:00,CMP-S01-L05-01,S01,S01-L05,1,running,176.3265,529.8098,94.2673,40.9165,-0.1159,A,relation-reasoning-agent-eval-v3.1
2026-08-17T17:00:00+09:00,CMP-S01-L01-01,S01,S01-L01,1,running,149.9038,487.5294,103.0505,30.2999,-1.7651,B,relation-reasoning-agent-eval-v3.1
2026-08-17T17:00:00+09:00,CMP-S01-L02-01,S01,S01-L02,1,running,173.932,424.1611,105.787,40.3393,0.2335,A,relation-reasoning-agent-eval-v3.1
2026-08-17T17:00:00+09:00,CMP-S01-L03-01,S01,S01-L03,1,running,162.3394,504.4009,107.2544,36.1242,-0.8215,A,relation-reasoning-agent-eval-v3.1
2026-08-17T17:00:00+09:00,CMP-S01-L04-01,S01,S01-L04,1,running,153.6624,451.5053,106.0716,27.5465,-2.2605,C,relation-reasoning-agent-eval-v3.1
2026-08-17T17:00:00+09:00,CMP-S01-L05-01,S01,S01-L05,1,running,180.2083,479.8182,97.9351,41.6224,0.0148,A,relation-reasoning-agent-eval-v3.1
2026-08-17T17:10:00+09:00,CMP-S01-L01-01,S01,S01-L01,1,running,167.6658,515.1829,104.7068,33.6891,-1.1374,B,relation-reasoning-agent-eval-v3.1
2026-08-17T17:10:00+09:00,CMP-S01-L02-01,S01,S01-L02,1,running,181.4254,463.8944,109.6599,41.885,0.5198,A,relation-reasoning-agent-eval-v3.1
2026-08-17T17:10:00+09:00,CMP-S01-L03-01,S01,S01-L03,1,running,182.0714,460.5866,103.7347,42.1181,0.2885,A,relation-reasoning-agent-eval-v3.1
2026-08-17T17:10:00+09:00,CMP-S01-L04-01,S01,S01-L04,1,running,168.202,413.9375,106.9506,37.9649,-0.3311,A,relation-reasoning-agent-eval-v3.1
2026-08-17T17:10:00+09:00,CMP-S01-L05-01,S01,S01-L05,1,running,185.7367,502.3898,88.5806,42.9646,0.2633,A,relation-reasoning-agent-eval-v3.1
2026-08-17T17:20:00+09:00,CMP-S01-L01-01,S01,S01-L01,1,running,163.1714,494.1318,107.7613,33.9051,-1.0974,B,relation-reasoning-agent-eval-v3.1
2026-08-17T17:20:00+09:00,CMP-S01-L02-01,S01,S01-L02,1,running,194.9122,447.2796,105.4985,42.2699,0.591,A,relation-reasoning-agent-eval-v3.1
2026-08-17T17:20:00+09:00,CMP-S01-L03-01,S01,S01-L03,1,running,181.0305,455.805,103.5961,36.797,-0.6969,A,relation-reasoning-agent-eval-v3.1
2026-08-17T17:20:00+09:00,CMP-S01-L04-01,S01,S01-L04,1,running,180.7372,460.9088,101.8304,28.2048,-2.1386,C,relation-reasoning-agent-eval-v3.1
2026-08-17T17:20:00+09:00,CMP-S01-L05-01,S01,S01-L05,1,running,188.7919,492.317,96.6518,49.4534,1.465,B,relation-reasoning-agent-eval-v3.1
2026-08-17T17:30:00+09:00,CMP-S01-L01-01,S01,S01-L01,1,running,168.2122,529.6958,111.3973,42.1486,0.4291,A,relation-reasoning-agent-eval-v3.1
2026-08-17T17:30:00+09:00,CMP-S01-L02-01,S01,S01-L02,1,running,201.6324,410.8573,105.8149,38.8289,-0.0462,A,relation-reasoning-agent-eval-v3.1
2026-08-17T17:30:00+09:00,CMP-S01-L03-01,S01,S01-L03,1,running,181.2346,451.6991,107.9887,38.4896,-0.3835,A,relation-reasoning-agent-eval-v3.1
2026-08-17T17:30:00+09:00,CMP-S01-L04-01,S01,S01-L04,1,running,175.1419,433.871,108.6461,31.5033,-1.5277,B,relation-reasoning-agent-eval-v3.1
2026-08-17T17:30:00+09:00,CMP-S01-L05-01,S01,S01-L05,1,running,183.1561,485.1341,96.9481,41.8711,0.0608,A,relation-reasoning-agent-eval-v3.1
2026-08-17T17:40:00+09:00,CMP-S01-L01-01,S01,S01-L01,1,running,172.5281,445.3711,103.9143,43.547,0.6881,A,relation-reasoning-agent-eval-v3.1
2026-08-17T17:40:00+09:00,CMP-S01-L02-01,S01,S01-L02,1,running,193.7519,438.3735,103.816,37.3516,-0.3197,A,relation-reasoning-agent-eval-v3.1
2026-08-17T17:40:00+09:00,CMP-S01-L03-01,S01,S01-L03,1,running,187.4374,474.5032,100.7814,36.3208,-0.7851,A,relation-reasoning-agent-eval-v3.1
2026-08-17T17:40:00+09:00,CMP-S01-L04-01,S01,S01-L04,1,running,186.8855,380.1725,105.69,33.2077,-1.2121,B,relation-reasoning-agent-eval-v3.1
2026-08-17T17:40:00+09:00,CMP-S01-L05-01,S01,S01-L05,1,running,169.7526,463.5616,100.5649,46.104,0.8447,A,relation-reasoning-agent-eval-v3.1
2026-08-17T17:50:00+09:00,CMP-S01-L01-01,S01,S01-L01,1,running,164.4446,486.5495,98.6064,37.8126,-0.3738,A,relation-reasoning-agent-eval-v3.1
2026-08-17T17:50:00+09:00,CMP-S01-L02-01,S01,S01-L02,1,running,194.8174,465.829,106.3435,36.2065,-0.5318,A,relation-reasoning-agent-eval-v3.1
2026-08-17T17:50:00+09:00,CMP-S01-L03-01,S01,S01-L03,1,running,183.5811,449.9421,100.802,35.1748,-0.9973,A,relation-reasoning-agent-eval-v3.1
2026-08-17T17:50:00+09:00,CMP-S01-L04-01,S01,S01-L04,1,running,193.6184,418.9816,99.5316,31.8624,-1.4612,B,relation-reasoning-agent-eval-v3.1
2026-08-17T17:50:00+09:00,CMP-S01-L05-01,S01,S01-L05,1,running,189.0988,463.9338,102.6158,44.3964,0.5285,A,relation-reasoning-agent-eval-v3.1
2026-08-17T18:00:00+09:00,CMP-S01-L01-01,S01,S01-L01,1,running,176.0532,504.019,99.1234,32.7351,-1.3141,B,relation-reasoning-agent-eval-v3.1
2026-08-17T18:00:00+09:00,CMP-S01-L02-01,S01,S01-L02,1,running,199.2363,434.7928,106.0887,36.2169,-0.5299,A,relation-reasoning-agent-eval-v3.1
2026-08-17T18:00:00+09:00,CMP-S01-L03-01,S01,S01-L03,1,running,174.9586,445.1298,98.1771,39.4684,-0.2022,A,relation-reasoning-agent-eval-v3.1
2026-08-17T18:00:00+09:00,CMP-S01-L04-01,S01,S01-L04,1,running,193.0247,439.0155,102.6822,30.9767,-1.6252,B,relation-reasoning-agent-eval-v3.1
2026-08-17T18:00:00+09:00,CMP-S01-L05-01,S01,S01-L05,1,running,184.0194,465.9468,96.4179,40.9848,-0.1033,A,relation-reasoning-agent-eval-v3.1
2026-08-17T18:10:00+09:00,CMP-S01-L01-01,S01,S01-L01,1,running,178.7383,466.282,99.6527,42.6475,0.5215,A,relation-reasoning-agent-eval-v3.1
2026-08-17T18:10:00+09:00,CMP-S01-L02-01,S01,S01-L02,1,running,175.2343,432.0722,105.1143,35.7663,-0.6133,A,relation-reasoning-agent-eval-v3.1
2026-08-17T18:10:00+09:00,CMP-S01-L03-01,S01,S01-L03,1,running,169.4788,467.9121,106.3056,42.2548,0.3138,A,relation-reasoning-agent-eval-v3.1
2026-08-17T18:10:00+09:00,CMP-S01-L04-01,S01,S01-L04,1,running,190.4454,475.9354,96.7709,36.3318,-0.6336,A,relation-reasoning-agent-eval-v3.1
2026-08-17T18:10:00+09:00,CMP-S01-L05-01,S01,S01-L05,1,running,171.1981,379.3367,97.368,39.2204,-0.43,A,relation-reasoning-agent-eval-v3.1
2026-08-17T18:20:00+09:00,CMP-S01-L01-01,S01,S01-L01,1,running,177.2293,501.4027,101.2344,37.9817,-0.3425,A,relation-reasoning-agent-eval-v3.1
2026-08-17T18:20:00+09:00,CMP-S01-L02-01,S01,S01-L02,1,running,158.947,462.0892,112.3527,36.8545,-0.4118,A,relation-reasoning-agent-eval-v3.1
2026-08-17T18:20:00+09:00,CMP-S01-L03-01,S01,S01-L03,1,running,183.933,471.4838,109.104,41.6089,0.1942,A,relation-reasoning-agent-eval-v3.1
2026-08-17T18:20:00+09:00,CMP-S01-L04-01,S01,S01-L04,1,running,159.093,505.8073,106.2234,40.4292,0.1252,A,relation-reasoning-agent-eval-v3.1
2026-08-17T18:20:00+09:00,CMP-S01-L05-01,S01,S01-L05,1,running,194.663,420.926,105.1048,40.1694,-0.2543,A,relation-reasoning-agent-eval-v3.1
2026-08-17T18:30:00+09:00,CMP-S01-L01-01,S01,S01-L01,1,running,176.0143,533.1463,94.4472,36.5165,-0.6138,A,relation-reasoning-agent-eval-v3.1
2026-08-17T18:30:00+09:00,CMP-S01-L02-01,S01,S01-L02,1,running,174.8653,471.4834,117.8177,37.8627,-0.2251,A,relation-reasoning-agent-eval-v3.1
2026-08-17T18:30:00+09:00,CMP-S01-L03-01,S01,S01-L03,1,running,149.5486,473.5255,105.4986,41.4639,0.1673,A,relation-reasoning-agent-eval-v3.1
2026-08-17T18:30:00+09:00,CMP-S01-L04-01,S01,S01-L04,1,running,146.4418,473.067,107.0823,42.161,0.4459,A,relation-reasoning-agent-eval-v3.1
2026-08-17T18:30:00+09:00,CMP-S01-L05-01,S01,S01-L05,1,running,182.4799,386.5439,106.7164,45.0021,0.6406,A,relation-reasoning-agent-eval-v3.1
2026-08-17T18:40:00+09:00,CMP-S01-L01-01,S01,S01-L01,1,running,191.7372,542.5157,102.9322,37.6258,-0.4084,A,relation-reasoning-agent-eval-v3.1
2026-08-17T18:40:00+09:00,CMP-S01-L02-01,S01,S01-L02,1,running,193.1451,494.5255,114.0564,37.5476,-0.2835,A,relation-reasoning-agent-eval-v3.1
2026-08-17T18:40:00+09:00,CMP-S01-L03-01,S01,S01-L03,1,running,153.3036,471.4078,109.0171,48.8104,1.5278,B,relation-reasoning-agent-eval-v3.1
2026-08-17T18:40:00+09:00,CMP-S01-L04-01,S01,S01-L04,1,running,152.0528,495.3921,103.3696,43.0148,0.604,A,relation-reasoning-agent-eval-v3.1
2026-08-17T18:40:00+09:00,CMP-S01-L05-01,S01,S01-L05,1,running,163.5324,405.2472,107.623,44.8608,0.6145,A,relation-reasoning-agent-eval-v3.1
2026-08-17T18:50:00+09:00,CMP-S01-L01-01,S01,S01-L01,1,running,198.688,558.8095,104.9073,36.6006,-0.5983,A,relation-reasoning-agent-eval-v3.1
2026-08-17T18:50:00+09:00,CMP-S01-L02-01,S01,S01-L02,1,running,179.9882,486.6365,116.0695,34.8006,-0.7922,A,relation-reasoning-agent-eval-v3.1
2026-08-17T18:50:00+09:00,CMP-S01-L03-01,S01,S01-L03,1,running,148.2226,457.9736,109.1802,46.9735,1.1876,B,relation-reasoning-agent-eval-v3.1
2026-08-17T18:50:00+09:00,CMP-S01-L04-01,S01,S01-L04,1,running,164.6422,515.0595,107.2808,44.7048,0.917,A,relation-reasoning-agent-eval-v3.1
2026-08-17T18:50:00+09:00,CMP-S01-L05-01,S01,S01-L05,1,running,179.0715,418.2163,100.3677,44.2491,0.5012,A,relation-reasoning-agent-eval-v3.1
2026-08-17T19:00:00+09:00,CMP-S01-L01-01,S01,S01-L01,1,running,196.9534,518.9293,100.1601,38.9477,-0.1636,A,relation-reasoning-agent-eval-v3.1
2026-08-17T19:00:00+09:00,CMP-S01-L02-01,S01,S01-L02,1,running,169.4458,503.1655,108.9692,35.0997,-0.7368,A,relation-reasoning-agent-eval-v3.1
2026-08-17T19:00:00+09:00,CMP-S01-L03-01,S01,S01-L03,1,running,118.7225,438.306,102.1419,49.0924,1.58,B,relation-reasoning-agent-eval-v3.1
2026-08-17T19:00:00+09:00,CMP-S01-L04-01,S01,S01-L04,1,running,172.8947,502.7862,104.7703,42.0768,0.4303,A,relation-reasoning-agent-eval-v3.1
2026-08-17T19:00:00+09:00,CMP-S01-L05-01,S01,S01-L05,1,running,183.4421,453.5018,98.321,46.5997,0.9365,A,relation-reasoning-agent-eval-v3.1
2026-08-17T19:10:00+09:00,CMP-S01-L01-01,S01,S01-L01,1,running,182.4273,534.1882,105.7885,38.9189,-0.1689,A,relation-reasoning-agent-eval-v3.1
2026-08-17T19:10:00+09:00,CMP-S01-L02-01,S01,S01-L02,1,running,172.0544,472.9705,118.2503,31.8638,-1.336,B,relation-reasoning-agent-eval-v3.1
2026-08-17T19:10:00+09:00,CMP-S01-L03-01,S01,S01-L03,1,running,136.4022,448.9882,103.6427,57.3173,3.1031,D,relation-reasoning-agent-eval-v3.1
2026-08-17T19:10:00+09:00,CMP-S01-L04-01,S01,S01-L04,1,running,170.7706,512.5399,104.2458,38.9798,-0.1432,A,relation-reasoning-agent-eval-v3.1
2026-08-17T19:10:00+09:00,CMP-S01-L05-01,S01,S01-L05,1,running,185.3051,467.4458,104.5977,45.4026,0.7148,A,relation-reasoning-agent-eval-v3.1
2026-08-17T19:20:00+09:00,CMP-S01-L01-01,S01,S01-L01,1,running,173.4708,496.2607,102.7669,47.9212,1.4981,B,relation-reasoning-agent-eval-v3.1
2026-08-17T19:20:00+09:00,CMP-S01-L02-01,S01,S01-L02,1,running,182.808,491.6666,118.9336,26.6053,-2.3098,C,relation-reasoning-agent-eval-v3.1
2026-08-17T19:20:00+09:00,CMP-S01-L03-01,S01,S01-L03,1,running,153.1296,457.0087,109.6863,55.6362,2.7918,C,relation-reasoning-agent-eval-v3.1
2026-08-17T19:20:00+09:00,CMP-S01-L04-01,S01,S01-L04,1,running,182.0785,462.8759,106.7956,36.0588,-0.6841,A,relation-reasoning-agent-eval-v3.1
2026-08-17T19:20:00+09:00,CMP-S01-L05-01,S01,S01-L05,1,running,166.4058,458.2288,100.8272,46.1504,0.8533,A,relation-reasoning-agent-eval-v3.1
2026-08-17T19:30:00+09:00,CMP-S01-L01-01,S01,S01-L01,1,running,165.2237,474.702,99.2229,50.9249,2.0544,C,relation-reasoning-agent-eval-v3.1
2026-08-17T19:30:00+09:00,CMP-S01-L02-01,S01,S01-L02,1,running,181.0609,502.5969,113.1828,33.7915,-0.979,A,relation-reasoning-agent-eval-v3.1
2026-08-17T19:30:00+09:00,CMP-S01-L03-01,S01,S01-L03,1,running,153.3283,478.0805,102.2692,49.7973,1.7105,B,relation-reasoning-agent-eval-v3.1
2026-08-17T19:30:00+09:00,CMP-S01-L04-01,S01,S01-L04,1,running,181.1644,485.784,111.7865,37.2011,-0.4726,A,relation-reasoning-agent-eval-v3.1
2026-08-17T19:30:00+09:00,CMP-S01-L05-01,S01,S01-L05,1,running,155.4482,451.7511,98.1124,47.2997,1.0661,B,relation-reasoning-agent-eval-v3.1
2026-08-17T19:40:00+09:00,CMP-S01-L01-01,S01,S01-L01,1,running,176.2238,469.0641,103.6818,45.8401,1.1128,B,relation-reasoning-agent-eval-v3.1
2026-08-17T19:40:00+09:00,CMP-S01-L02-01,S01,S01-L02,1,running,173.5498,515.9566,113.7524,34.8254,-0.7876,A,relation-reasoning-agent-eval-v3.1
2026-08-17T19:40:00+09:00,CMP-S01-L03-01,S01,S01-L03,1,running,155.5797,475.2072,98.9679,42.3958,0.3399,A,relation-reasoning-agent-eval-v3.1
2026-08-17T19:40:00+09:00,CMP-S01-L04-01,S01,S01-L04,1,running,167.7504,474.8562,112.5673,38.5793,-0.2174,A,relation-reasoning-agent-eval-v3.1
2026-08-17T19:40:00+09:00,CMP-S01-L05-01,S01,S01-L05,1,running,158.7522,480.6512,102.9806,44.4102,0.531,A,relation-reasoning-agent-eval-v3.1
2026-08-17T19:50:00+09:00,CMP-S01-L01-01,S01,S01-L01,1,running,169.6987,446.3509,95.4527,42.7276,0.5364,A,relation-reasoning-agent-eval-v3.1
2026-08-17T19:50:00+09:00,CMP-S01-L02-01,S01,S01-L02,1,running,184.6894,485.4927,118.7798,31.1993,-1.4591,B,relation-reasoning-agent-eval-v3.1
2026-08-17T19:50:00+09:00,CMP-S01-L03-01,S01,S01-L03,1,running,163.7105,470.6416,105.0248,37.3209,-0.5999,A,relation-reasoning-agent-eval-v3.1
2026-08-17T19:50:00+09:00,CMP-S01-L04-01,S01,S01-L04,1,running,171.9473,445.7894,112.3498,35.7761,-0.7365,A,relation-reasoning-agent-eval-v3.1
2026-08-17T19:50:00+09:00,CMP-S01-L05-01,S01,S01-L05,1,running,165.8703,485.383,98.3645,42.1741,0.1169,A,relation-reasoning-agent-eval-v3.1
2026-08-17T20:00:00+09:00,CMP-S01-L01-01,S01,S01-L01,1,running,163.0039,451.5371,97.2147,41.723,0.3503,A,relation-reasoning-agent-eval-v3.1
2026-08-17T20:00:00+09:00,CMP-S01-L02-01,S01,S01-L02,1,running,169.8681,426.8295,111.0121,34.3369,-0.878,A,relation-reasoning-agent-eval-v3.1
2026-08-17T20:00:00+09:00,CMP-S01-L03-01,S01,S01-L03,1,running,147.6761,466.7196,114.3664,36.469,-0.7577,A,relation-reasoning-agent-eval-v3.1
2026-08-17T20:00:00+09:00,CMP-S01-L04-01,S01,S01-L04,1,running,168.6179,451.4993,123.8299,41.9947,0.4151,A,relation-reasoning-agent-eval-v3.1
2026-08-17T20:00:00+09:00,CMP-S01-L05-01,S01,S01-L05,1,running,169.8061,487.2112,98.8468,41.2385,-0.0563,A,relation-reasoning-agent-eval-v3.1
2026-08-17T20:10:00+09:00,CMP-S01-L01-01,S01,S01-L01,1,running,163.7815,449.1728,101.2397,37.1954,-0.4881,A,relation-reasoning-agent-eval-v3.1
2026-08-17T20:10:00+09:00,CMP-S01-L02-01,S01,S01-L02,1,running,163.5447,429.6408,108.3778,42.2274,0.5832,A,relation-reasoning-agent-eval-v3.1
2026-08-17T20:10:00+09:00,CMP-S01-L03-01,S01,S01-L03,1,running,146.5204,485.4954,113.2897,36.9894,-0.6613,A,relation-reasoning-agent-eval-v3.1
2026-08-17T20:10:00+09:00,CMP-S01-L04-01,S01,S01-L04,1,running,163.9041,457.0468,121.8137,43.6198,0.7161,A,relation-reasoning-agent-eval-v3.1
2026-08-17T20:10:00+09:00,CMP-S01-L05-01,S01,S01-L05,1,running,180.8097,450.8122,97.9695,37.6089,-0.7285,A,relation-reasoning-agent-eval-v3.1
2026-08-17T20:20:00+09:00,CMP-S01-L01-01,S01,S01-L01,1,running,174.032,518.9171,106.9445,38.3194,-0.28,A,relation-reasoning-agent-eval-v3.1
2026-08-17T20:20:00+09:00,CMP-S01-L02-01,S01,S01-L02,1,running,155.2618,471.8245,106.2213,43.5957,0.8366,A,relation-reasoning-agent-eval-v3.1
2026-08-17T20:20:00+09:00,CMP-S01-L03-01,S01,S01-L03,1,running,163.3791,451.2498,114.8585,38.835,-0.3195,A,relation-reasoning-agent-eval-v3.1
2026-08-17T20:20:00+09:00,CMP-S01-L04-01,S01,S01-L04,1,running,160.6719,441.3616,118.4271,39.5568,-0.0363,A,relation-reasoning-agent-eval-v3.1
2026-08-17T20:20:00+09:00,CMP-S01-L05-01,S01,S01-L05,1,running,180.0062,430.7949,96.3335,44.3124,0.5129,A,relation-reasoning-agent-eval-v3.1
2026-08-17T20:30:00+09:00,CMP-S01-L01-01,S01,S01-L01,1,running,178.2678,511.3544,99.6228,34.8953,-0.9141,A,relation-reasoning-agent-eval-v3.1
2026-08-17T20:30:00+09:00,CMP-S01-L02-01,S01,S01-L02,1,running,166.5952,495.7018,97.0439,48.7059,1.7829,B,relation-reasoning-agent-eval-v3.1
2026-08-17T20:30:00+09:00,CMP-S01-L03-01,S01,S01-L03,1,running,175.3636,448.9805,112.0934,46.8023,1.1559,B,relation-reasoning-agent-eval-v3.1
2026-08-17T20:30:00+09:00,CMP-S01-L04-01,S01,S01-L04,1,running,158.8472,429.4402,111.2496,34.589,-0.9563,A,relation-reasoning-agent-eval-v3.1
2026-08-17T20:30:00+09:00,CMP-S01-L05-01,S01,S01-L05,1,running,185.1649,462.0123,94.1079,42.0906,0.1015,A,relation-reasoning-agent-eval-v3.1
2026-08-17T20:40:00+09:00,CMP-S01-L01-01,S01,S01-L01,1,running,166.8592,473.4626,101.0866,35.215,-0.8549,A,relation-reasoning-agent-eval-v3.1
2026-08-17T20:40:00+09:00,CMP-S01-L02-01,S01,S01-L02,1,running,157.5246,463.7466,99.753,42.7312,0.6765,A,relation-reasoning-agent-eval-v3.1
2026-08-17T20:40:00+09:00,CMP-S01-L03-01,S01,S01-L03,1,running,180.9944,473.461,115.92,46.2357,1.051,B,relation-reasoning-agent-eval-v3.1
2026-08-17T20:40:00+09:00,CMP-S01-L04-01,S01,S01-L04,1,running,175.3556,428.4492,107.226,32.9314,-1.2633,B,relation-reasoning-agent-eval-v3.1
2026-08-17T20:40:00+09:00,CMP-S01-L05-01,S01,S01-L05,1,running,190.7758,437.407,99.3055,45.2977,0.6954,A,relation-reasoning-agent-eval-v3.1
2026-08-17T20:50:00+09:00,CMP-S01-L01-01,S01,S01-L01,1,running,181.2197,472.8561,94.9451,30.9456,-1.6455,B,relation-reasoning-agent-eval-v3.1
2026-08-17T20:50:00+09:00,CMP-S01-L02-01,S01,S01-L02,1,running,155.0372,484.5696,101.2121,42.7314,0.6765,A,relation-reasoning-agent-eval-v3.1
2026-08-17T20:50:00+09:00,CMP-S01-L03-01,S01,S01-L03,1,running,169.8884,463.0082,113.6843,41.4757,0.1695,A,relation-reasoning-agent-eval-v3.1
2026-08-17T20:50:00+09:00,CMP-S01-L04-01,S01,S01-L04,1,running,170.2474,427.816,98.6526,36.3899,-0.6228,A,relation-reasoning-agent-eval-v3.1
2026-08-17T20:50:00+09:00,CMP-S01-L05-01,S01,S01-L05,1,running,197.635,439.8681,90.954,42.5484,0.1862,A,relation-reasoning-agent-eval-v3.1
2026-08-17T21:00:00+09:00,CMP-S01-L01-01,S01,S01-L01,1,running,187.0046,518.9814,92.7017,30.4568,-1.736,B,relation-reasoning-agent-eval-v3.1
2026-08-17T21:00:00+09:00,CMP-S01-L02-01,S01,S01-L02,1,running,143.9966,468.1848,98.0451,50.213,2.062,C,relation-reasoning-agent-eval-v3.1
2026-08-17T21:00:00+09:00,CMP-S01-L03-01,S01,S01-L03,1,running,173.2114,427.2885,112.6065,48.0854,1.3935,B,relation-reasoning-agent-eval-v3.1
2026-08-17T21:00:00+09:00,CMP-S01-L04-01,S01,S01-L04,1,running,192.8552,455.3242,98.4263,35.4126,-0.8038,A,relation-reasoning-agent-eval-v3.1
2026-08-17T21:00:00+09:00,CMP-S01-L05-01,S01,S01-L05,1,running,184.5171,431.2916,98.9096,46.0306,0.8311,A,relation-reasoning-agent-eval-v3.1
2026-08-17T21:10:00+09:00,CMP-S01-L01-01,S01,S01-L01,1,running,184.9865,526.9761,100.9116,30.2373,-1.7766,B,relation-reasoning-agent-eval-v3.1
2026-08-17T21:10:00+09:00,CMP-S01-L02-01,S01,S01-L02,1,running,133.1559,503.8065,104.3898,47.7318,1.6025,B,relation-reasoning-agent-eval-v3.1
2026-08-17T21:10:00+09:00,CMP-S01-L03-01,S01,S01-L03,1,running,178.2065,424.3086,109.805,45.0864,0.8381,A,relation-reasoning-agent-eval-v3.1
2026-08-17T21:10:00+09:00,CMP-S01-L04-01,S01,S01-L04,1,running,179.6983,493.6374,100.6402,40.9686,0.2251,A,relation-reasoning-agent-eval-v3.1
2026-08-17T21:10:00+09:00,CMP-S01-L05-01,S01,S01-L05,1,running,171.0375,407.2867,96.1709,40.1854,-0.2513,A,relation-reasoning-agent-eval-v3.1
2026-08-17T21:20:00+09:00,CMP-S01-L01-01,S01,S01-L01,1,running,181.8825,528.3006,97.7794,33.044,-1.2569,B,relation-reasoning-agent-eval-v3.1
2026-08-17T21:20:00+09:00,CMP-S01-L02-01,S01,S01-L02,1,running,148.7774,445.7425,101.0579,46.1789,1.3149,B,relation-reasoning-agent-eval-v3.1
2026-08-17T21:20:00+09:00,CMP-S01-L03-01,S01,S01-L03,1,running,190.0294,503.7808,110.3853,39.748,-0.1505,A,relation-reasoning-agent-eval-v3.1
2026-08-17T21:20:00+09:00,CMP-S01-L04-01,S01,S01-L04,1,running,197.8102,510.6708,110.505,40.3666,0.1136,A,relation-reasoning-agent-eval-v3.1
2026-08-17T21:20:00+09:00,CMP-S01-L05-01,S01,S01-L05,1,running,168.5051,367.2003,92.2518,47.7412,1.1479,B,relation-reasoning-agent-eval-v3.1
2026-08-17T21:30:00+09:00,CMP-S01-L01-01,S01,S01-L01,1,running,191.963,470.5031,104.921,36.5412,-0.6093,A,relation-reasoning-agent-eval-v3.1
2026-08-17T21:30:00+09:00,CMP-S01-L02-01,S01,S01-L02,1,running,168.0695,408.6059,101.5094,44.1959,0.9477,A,relation-reasoning-agent-eval-v3.1
2026-08-17T21:30:00+09:00,CMP-S01-L03-01,S01,S01-L03,1,running,180.6168,481.1364,96.7482,40.2144,-0.0641,A,relation-reasoning-agent-eval-v3.1
2026-08-17T21:30:00+09:00,CMP-S01-L04-01,S01,S01-L04,1,running,195.5966,522.3184,110.3749,42.9866,0.5988,A,relation-reasoning-agent-eval-v3.1
2026-08-17T21:30:00+09:00,CMP-S01-L05-01,S01,S01-L05,1,running,165.0121,428.3495,97.2444,44.5589,0.5586,A,relation-reasoning-agent-eval-v3.1
2026-08-17T21:40:00+09:00,CMP-S01-L01-01,S01,S01-L01,1,running,184.8624,471.8378,96.8992,35.4805,-0.8057,A,relation-reasoning-agent-eval-v3.1
2026-08-17T21:40:00+09:00,CMP-S01-L02-01,S01,S01-L02,1,running,156.902,426.4548,99.093,38.2872,-0.1465,A,relation-reasoning-agent-eval-v3.1
2026-08-17T21:40:00+09:00,CMP-S01-L03-01,S01,S01-L03,1,running,181.587,491.1791,98.4307,38.8036,-0.3253,A,relation-reasoning-agent-eval-v3.1
2026-08-17T21:40:00+09:00,CMP-S01-L04-01,S01,S01-L04,1,running,193.2921,480.1505,109.2369,40.322,0.1054,A,relation-reasoning-agent-eval-v3.1
2026-08-17T21:40:00+09:00,CMP-S01-L05-01,S01,S01-L05,1,running,173.6917,457.9709,100.2401,42.7754,0.2283,A,relation-reasoning-agent-eval-v3.1
2026-08-17T21:50:00+09:00,CMP-S01-L01-01,S01,S01-L01,1,running,166.2549,484.3653,99.1358,34.0796,-1.0651,B,relation-reasoning-agent-eval-v3.1
2026-08-17T21:50:00+09:00,CMP-S01-L02-01,S01,S01-L02,1,running,140.9893,450.3061,104.2773,38.1168,-0.178,A,relation-reasoning-agent-eval-v3.1
2026-08-17T21:50:00+09:00,CMP-S01-L03-01,S01,S01-L03,1,running,193.0524,446.7313,104.4824,37.9804,-0.4778,A,relation-reasoning-agent-eval-v3.1
2026-08-17T21:50:00+09:00,CMP-S01-L04-01,S01,S01-L04,1,running,187.4328,469.9622,108.3272,36.7861,-0.5494,A,relation-reasoning-agent-eval-v3.1
2026-08-17T21:50:00+09:00,CMP-S01-L05-01,S01,S01-L05,1,running,186.518,432.8048,108.4965,34.2145,-1.3571,B,relation-reasoning-agent-eval-v3.1
2026-08-17T22:00:00+09:00,CMP-S01-L01-01,S01,S01-L01,1,running,151.821,467.0424,98.8054,29.363,-1.9386,B,relation-reasoning-agent-eval-v3.1
2026-08-17T22:00:00+09:00,CMP-S01-L02-01,S01,S01-L02,1,running,149.0135,482.8001,99.5626,39.0773,-0.0002,A,relation-reasoning-agent-eval-v3.1
2026-08-17T22:00:00+09:00,CMP-S01-L03-01,S01,S01-L03,1,running,189.4652,412.02,112.8856,31.345,-1.7066,B,relation-reasoning-agent-eval-v3.1
2026-08-17T22:00:00+09:00,CMP-S01-L04-01,S01,S01-L04,1,running,180.8448,441.9877,113.6156,36.7248,-0.5608,A,relation-reasoning-agent-eval-v3.1
2026-08-17T22:00:00+09:00,CMP-S01-L05-01,S01,S01-L05,1,running,160.3985,442.2925,103.5336,37.2707,-0.7911,A,relation-reasoning-agent-eval-v3.1
2026-08-17T22:10:00+09:00,CMP-S01-L01-01,S01,S01-L01,1,running,165.4735,442.0071,104.0087,30.5706,-1.7149,B,relation-reasoning-agent-eval-v3.1
2026-08-17T22:10:00+09:00,CMP-S01-L02-01,S01,S01-L02,1,running,147.3323,474.4629,98.6167,35.3353,-0.6931,A,relation-reasoning-agent-eval-v3.1
2026-08-17T22:10:00+09:00,CMP-S01-L03-01,S01,S01-L03,1,running,178.6872,464.3322,121.0949,35.4012,-0.9554,A,relation-reasoning-agent-eval-v3.1
2026-08-17T22:10:00+09:00,CMP-S01-L04-01,S01,S01-L04,1,running,161.9601,439.2984,114.6985,38.7538,-0.185,A,relation-reasoning-agent-eval-v3.1
2026-08-17T22:10:00+09:00,CMP-S01-L05-01,S01,S01-L05,1,running,171.7386,434.4113,98.7066,39.2881,-0.4175,A,relation-reasoning-agent-eval-v3.1
2026-08-17T22:20:00+09:00,CMP-S01-L01-01,S01,S01-L01,1,running,161.3371,503.3448,103.7287,28.4556,-2.1066,C,relation-reasoning-agent-eval-v3.1
2026-08-17T22:20:00+09:00,CMP-S01-L02-01,S01,S01-L02,1,running,138.6104,490.5871,98.0239,26.0824,-2.4066,C,relation-reasoning-agent-eval-v3.1
2026-08-17T22:20:00+09:00,CMP-S01-L03-01,S01,S01-L03,1,running,166.5198,464.1866,118.2777,33.1421,-1.3738,B,relation-reasoning-agent-eval-v3.1
2026-08-17T22:20:00+09:00,CMP-S01-L04-01,S01,S01-L04,1,running,166.6061,500.9881,111.0132,43.0927,0.6184,A,relation-reasoning-agent-eval-v3.1
2026-08-17T22:20:00+09:00,CMP-S01-L05-01,S01,S01-L05,1,running,183.9007,462.0942,102.1056,44.351,0.5201,A,relation-reasoning-agent-eval-v3.1
2026-08-17T22:30:00+09:00,CMP-S01-L01-01,S01,S01-L01,1,running,166.1265,513.4887,91.8518,30.2948,-1.766,B,relation-reasoning-agent-eval-v3.1
2026-08-17T22:30:00+09:00,CMP-S01-L02-01,S01,S01-L02,1,running,156.5895,473.9224,101.1527,24.9382,-2.6185,C,relation-reasoning-agent-eval-v3.1
2026-08-17T22:30:00+09:00,CMP-S01-L03-01,S01,S01-L03,1,running,169.0754,400.3405,119.8823,36.6322,-0.7275,A,relation-reasoning-agent-eval-v3.1
2026-08-17T22:30:00+09:00,CMP-S01-L04-01,S01,S01-L04,1,running,176.0938,535.6242,111.057,44.893,0.9518,A,relation-reasoning-agent-eval-v3.1
2026-08-17T22:30:00+09:00,CMP-S01-L05-01,S01,S01-L05,1,running,197.2125,415.6653,106.0819,42.1815,0.1183,A,relation-reasoning-agent-eval-v3.1
2026-08-17T22:40:00+09:00,CMP-S01-L01-01,S01,S01-L01,1,running,159.575,476.4506,101.4004,28.8844,-2.0272,C,relation-reasoning-agent-eval-v3.1
2026-08-17T22:40:00+09:00,CMP-S01-L02-01,S01,S01-L02,1,running,169.8096,495.8814,98.5272,24.1928,-2.7566,C,relation-reasoning-agent-eval-v3.1
2026-08-17T22:40:00+09:00,CMP-S01-L03-01,S01,S01-L03,1,running,156.9714,381.0971,112.4952,40.6898,0.024,A,relation-reasoning-agent-eval-v3.1
2026-08-17T22:40:00+09:00,CMP-S01-L04-01,S01,S01-L04,1,running,180.8692,563.1609,113.6498,41.8346,0.3855,A,relation-reasoning-agent-eval-v3.1
2026-08-17T22:40:00+09:00,CMP-S01-L05-01,S01,S01-L05,1,running,193.5466,414.7057,105.3192,42.045,0.093,A,relation-reasoning-agent-eval-v3.1
2026-08-17T22:50:00+09:00,CMP-S01-L01-01,S01,S01-L01,1,running,159.1131,455.4174,85.224,22.6361,-3.1843,D,relation-reasoning-agent-eval-v3.1
2026-08-17T22:50:00+09:00,CMP-S01-L02-01,S01,S01-L02,1,running,167.2418,474.0177,103.2854,35.4449,-0.6728,A,relation-reasoning-agent-eval-v3.1
2026-08-17T22:50:00+09:00,CMP-S01-L03-01,S01,S01-L03,1,running,156.3684,393.0516,111.35,38.338,-0.4116,A,relation-reasoning-agent-eval-v3.1
2026-08-17T22:50:00+09:00,CMP-S01-L04-01,S01,S01-L04,1,running,171.9471,532.4007,110.9679,49.0125,1.7147,B,relation-reasoning-agent-eval-v3.1
2026-08-17T22:50:00+09:00,CMP-S01-L05-01,S01,S01-L05,1,running,177.8693,426.8573,109.2546,33.1302,-1.5579,B,relation-reasoning-agent-eval-v3.1
2026-08-17T23:00:00+09:00,CMP-S01-L01-01,S01,S01-L01,1,running,147.5797,449.2901,84.0462,26.8453,-2.4048,C,relation-reasoning-agent-eval-v3.1
2026-08-17T23:00:00+09:00,CMP-S01-L02-01,S01,S01-L02,1,running,166.8287,453.4854,104.4412,40.9951,0.355,A,relation-reasoning-agent-eval-v3.1
2026-08-17T23:00:00+09:00,CMP-S01-L03-01,S01,S01-L03,1,running,163.8872,355.3039,115.5291,38.3518,-0.409,A,relation-reasoning-agent-eval-v3.1
2026-08-17T23:00:00+09:00,CMP-S01-L04-01,S01,S01-L04,1,running,157.3617,542.6115,112.2064,45.9404,1.1458,B,relation-reasoning-agent-eval-v3.1
2026-08-17T23:00:00+09:00,CMP-S01-L05-01,S01,S01-L05,1,running,174.0415,415.0918,105.0697,36.2099,-0.9875,A,relation-reasoning-agent-eval-v3.1
2026-08-17T23:10:00+09:00,CMP-S01-L01-01,S01,S01-L01,1,running,142.632,414.463,93.8551,33.5894,-1.1559,B,relation-reasoning-agent-eval-v3.1
2026-08-17T23:10:00+09:00,CMP-S01-L02-01,S01,S01-L02,1,running,180.6156,508.3394,107.1991,37.7455,-0.2468,A,relation-reasoning-agent-eval-v3.1
2026-08-17T23:10:00+09:00,CMP-S01-L03-01,S01,S01-L03,1,running,169.2815,357.0979,120.2635,42.0046,0.2674,A,relation-reasoning-agent-eval-v3.1
2026-08-17T23:10:00+09:00,CMP-S01-L04-01,S01,S01-L04,1,running,163.4453,529.4105,105.8956,45.7306,1.1069,B,relation-reasoning-agent-eval-v3.1
2026-08-17T23:10:00+09:00,CMP-S01-L05-01,S01,S01-L05,1,running,179.5079,424.9925,99.3914,42.4215,0.1628,A,relation-reasoning-agent-eval-v3.1
2026-08-17T23:20:00+09:00,CMP-S01-L01-01,S01,S01-L01,1,running,146.9618,398.8138,90.9095,34.2632,-1.0311,B,relation-reasoning-agent-eval-v3.1
2026-08-17T23:20:00+09:00,CMP-S01-L02-01,S01,S01-L02,1,running,176.3493,510.5704,105.6018,42.5928,0.6508,A,relation-reasoning-agent-eval-v3.1
2026-08-17T23:20:00+09:00,CMP-S01-L03-01,S01,S01-L03,1,running,182.2118,318.9106,122.539,44.2883,0.6903,A,relation-reasoning-agent-eval-v3.1
2026-08-17T23:20:00+09:00,CMP-S01-L04-01,S01,S01-L04,1,running,170.4308,484.449,108.28,39.5134,-0.0444,A,relation-reasoning-agent-eval-v3.1
2026-08-17T23:20:00+09:00,CMP-S01-L05-01,S01,S01-L05,1,running,181.2679,452.7924,100.4754,44.584,0.5632,A,relation-reasoning-agent-eval-v3.1
2026-08-17T23:30:00+09:00,CMP-S01-L01-01,S01,S01-L01,1,running,165.6127,386.3462,93.5538,31.7349,-1.4993,B,relation-reasoning-agent-eval-v3.1
2026-08-17T23:30:00+09:00,CMP-S01-L02-01,S01,S01-L02,1,running,175.062,511.4759,99.7346,37.1556,-0.356,A,relation-reasoning-agent-eval-v3.1
2026-08-17T23:30:00+09:00,CMP-S01-L03-01,S01,S01-L03,1,running,175.7762,338.8475,110.1286,49.4162,1.64,B,relation-reasoning-agent-eval-v3.1
2026-08-17T23:30:00+09:00,CMP-S01-L04-01,S01,S01-L04,1,running,177.5097,512.379,97.8062,39.1103,-0.119,A,relation-reasoning-agent-eval-v3.1
2026-08-17T23:30:00+09:00,CMP-S01-L05-01,S01,S01-L05,1,running,168.3961,461.4064,97.5708,44.1943,0.491,A,relation-reasoning-agent-eval-v3.1
2026-08-17T23:40:00+09:00,CMP-S01-L01-01,S01,S01-L01,1,running,173.6836,381.186,86.9127,34.1922,-1.0443,B,relation-reasoning-agent-eval-v3.1
2026-08-17T23:40:00+09:00,CMP-S01-L02-01,S01,S01-L02,1,running,181.0104,461.9836,105.0482,35.6869,-0.628,A,relation-reasoning-agent-eval-v3.1
2026-08-17T23:40:00+09:00,CMP-S01-L03-01,S01,S01-L03,1,running,149.6198,369.2967,113.7006,52.4359,2.1992,C,relation-reasoning-agent-eval-v3.1
2026-08-17T23:40:00+09:00,CMP-S01-L04-01,S01,S01-L04,1,running,193.9934,534.9176,102.2732,41.2396,0.2753,A,relation-reasoning-agent-eval-v3.1
2026-08-17T23:40:00+09:00,CMP-S01-L05-01,S01,S01-L05,1,running,183.6466,450.3496,103.2227,41.0725,-0.0871,A,relation-reasoning-agent-eval-v3.1
2026-08-17T23:50:00+09:00,CMP-S01-L01-01,S01,S01-L01,1,running,164.6972,403.2804,88.774,35.5095,-0.8003,A,relation-reasoning-agent-eval-v3.1
2026-08-17T23:50:00+09:00,CMP-S01-L02-01,S01,S01-L02,1,running,175.398,467.6388,96.804,39.2092,0.0242,A,relation-reasoning-agent-eval-v3.1
2026-08-17T23:50:00+09:00,CMP-S01-L03-01,S01,S01-L03,1,running,162.5898,390.7005,115.7084,55.6985,2.8033,C,relation-reasoning-agent-eval-v3.1
2026-08-17T23:50:00+09:00,CMP-S01-L04-01,S01,S01-L04,1,running,180.4782,506.3737,99.4717,43.7307,0.7366,A,relation-reasoning-agent-eval-v3.1
2026-08-17T23:50:00+09:00,CMP-S01-L05-01,S01,S01-L05,1,running,203.949,471.8745,98.5937,40.7215,-0.1521,A,relation-reasoning-agent-eval-v3.1
2026-08-18T00:00:00+09:00,CMP-S01-L01-01,S01,S01-L01,1,running,170.9826,371.1923,90.8066,33.9414,-1.0907,B,relation-reasoning-agent-eval-v3.1
2026-08-18T00:00:00+09:00,CMP-S01-L02-01,S01,S01-L02,1,running,199.8624,435.9352,91.6943,44.1371,0.9368,A,relation-reasoning-agent-eval-v3.1
2026-08-18T00:00:00+09:00,CMP-S01-L03-01,S01,S01-L03,1,running,157.594,345.6534,118.8928,51.5412,2.0335,C,relation-reasoning-agent-eval-v3.1
2026-08-18T00:00:00+09:00,CMP-S01-L04-01,S01,S01-L04,1,running,174.3932,507.7979,93.7866,41.287,0.2841,A,relation-reasoning-agent-eval-v3.1
2026-08-18T00:00:00+09:00,CMP-S01-L05-01,S01,S01-L05,1,running,182.0825,516.8527,103.3363,42.0648,0.0967,A,relation-reasoning-agent-eval-v3.1
2026-08-18T00:10:00+09:00,CMP-S01-L01-01,S01,S01-L01,1,running,165.3684,365.6344,92.8369,36.3718,-0.6406,A,relation-reasoning-agent-eval-v3.1
2026-08-18T00:10:00+09:00,CMP-S01-L02-01,S01,S01-L02,1,running,181.5339,428.5352,96.9711,33.8561,-0.9671,A,relation-reasoning-agent-eval-v3.1
2026-08-18T00:10:00+09:00,CMP-S01-L03-01,S01,S01-L03,1,running,149.5229,372.0637,114.1428,46.2347,1.0508,B,relation-reasoning-agent-eval-v3.1
2026-08-18T00:10:00+09:00,CMP-S01-L04-01,S01,S01-L04,1,running,180.9299,502.7572,96.3736,43.7633,0.7426,A,relation-reasoning-agent-eval-v3.1
2026-08-18T00:10:00+09:00,CMP-S01-L05-01,S01,S01-L05,1,running,172.6368,518.3291,106.6277,38.4801,-0.5671,A,relation-reasoning-agent-eval-v3.1
2026-08-18T00:20:00+09:00,CMP-S01-L01-01,S01,S01-L01,1,running,167.342,403.073,95.6049,34.4642,-0.9939,A,relation-reasoning-agent-eval-v3.1
2026-08-18T00:20:00+09:00,CMP-S01-L02-01,S01,S01-L02,1,running,153.1231,440.3667,99.0593,41.1502,0.3837,A,relation-reasoning-agent-eval-v3.1
2026-08-18T00:20:00+09:00,CMP-S01-L03-01,S01,S01-L03,1,running,164.4735,388.7093,111.1924,50.6766,1.8734,B,relation-reasoning-agent-eval-v3.1
2026-08-18T00:20:00+09:00,CMP-S01-L04-01,S01,S01-L04,1,running,189.0493,517.2088,100.4112,45.1727,1.0036,B,relation-reasoning-agent-eval-v3.1
2026-08-18T00:20:00+09:00,CMP-S01-L05-01,S01,S01-L05,1,running,155.9429,488.4537,103.049,39.0738,-0.4572,A,relation-reasoning-agent-eval-v3.1
2026-08-18T00:30:00+09:00,CMP-S01-L01-01,S01,S01-L01,1,running,165.4553,429.8217,96.3328,41.5906,0.3258,A,relation-reasoning-agent-eval-v3.1
2026-08-18T00:30:00+09:00,CMP-S01-L02-01,S01,S01-L02,1,running,172.8964,475.7244,97.0169,39.7551,0.1253,A,relation-reasoning-agent-eval-v3.1
2026-08-18T00:30:00+09:00,CMP-S01-L03-01,S01,S01-L03,1,running,163.4966,375.2658,102.6987,50.1655,1.7787,B,relation-reasoning-agent-eval-v3.1
2026-08-18T00:30:00+09:00,CMP-S01-L04-01,S01,S01-L04,1,running,184.2271,492.486,98.054,40.6386,0.164,A,relation-reasoning-agent-eval-v3.1
2026-08-18T00:30:00+09:00,CMP-S01-L05-01,S01,S01-L05,1,running,159.0219,454.1713,94.0308,38.3695,-0.5876,A,relation-reasoning-agent-eval-v3.1
2026-08-18T00:40:00+09:00,CMP-S01-L01-01,S01,S01-L01,1,running,194.6146,445.7981,101.3824,45.0293,0.9626,A,relation-reasoning-agent-eval-v3.1
2026-08-18T00:40:00+09:00,CMP-S01-L02-01,S01,S01-L02,1,running,155.6942,462.5057,97.9669,39.2793,0.0372,A,relation-reasoning-agent-eval-v3.1
2026-08-18T00:40:00+09:00,CMP-S01-L03-01,S01,S01-L03,1,running,160.4498,352.8214,107.2877,51.0027,1.9338,B,relation-reasoning-agent-eval-v3.1
2026-08-18T00:40:00+09:00,CMP-S01-L04-01,S01,S01-L04,1,running,175.2863,488.4244,98.9419,41.8138,0.3816,A,relation-reasoning-agent-eval-v3.1
2026-08-18T00:40:00+09:00,CMP-S01-L05-01,S01,S01-L05,1,running,157.172,456.3965,93.3788,37.6832,-0.7147,A,relation-reasoning-agent-eval-v3.1
2026-08-18T00:50:00+09:00,CMP-S01-L01-01,S01,S01-L01,1,running,182.3415,460.8206,104.6037,46.0333,1.1485,B,relation-reasoning-agent-eval-v3.1
2026-08-18T00:50:00+09:00,CMP-S01-L02-01,S01,S01-L02,1,running,156.9368,488.5331,98.4784,30.9234,-1.5102,B,relation-reasoning-agent-eval-v3.1
2026-08-18T00:50:00+09:00,CMP-S01-L03-01,S01,S01-L03,1,running,159.9841,362.7775,94.0484,48.3373,1.4401,B,relation-reasoning-agent-eval-v3.1
2026-08-18T00:50:00+09:00,CMP-S01-L04-01,S01,S01-L04,1,running,186.3741,468.3041,106.2819,40.0031,0.0463,A,relation-reasoning-agent-eval-v3.1
2026-08-18T00:50:00+09:00,CMP-S01-L05-01,S01,S01-L05,1,running,175.3419,472.1507,94.8874,40.4398,-0.2042,A,relation-reasoning-agent-eval-v3.1
2026-08-18T01:00:00+09:00,CMP-S01-L01-01,S01,S01-L01,1,running,183.1987,399.3373,97.656,42.4102,0.4776,A,relation-reasoning-agent-eval-v3.1
2026-08-18T01:00:00+09:00,CMP-S01-L02-01,S01,S01-L02,1,running,182.5194,503.3152,105.2453,34.1199,-0.9182,A,relation-reasoning-agent-eval-v3.1
2026-08-18T01:00:00+09:00,CMP-S01-L03-01,S01,S01-L03,1,running,164.3643,341.3152,93.0978,51.3274,1.9939,B,relation-reasoning-agent-eval-v3.1
2026-08-18T01:00:00+09:00,CMP-S01-L04-01,S01,S01-L04,1,running,174.6364,441.3349,100.1702,41.4254,0.3097,A,relation-reasoning-agent-eval-v3.1
2026-08-18T01:00:00+09:00,CMP-S01-L05-01,S01,S01-L05,1,running,167.8082,446.4991,97.8538,49.1125,1.4018,B,relation-reasoning-agent-eval-v3.1
2026-08-18T01:10:00+09:00,CMP-S01-L01-01,S01,S01-L01,1,running,182.8435,443.6112,105.6656,45.6851,1.0841,B,relation-reasoning-agent-eval-v3.1
2026-08-18T01:10:00+09:00,CMP-S01-L02-01,S01,S01-L02,1,running,166.5803,464.31,111.7157,27.1315,-2.2124,C,relation-reasoning-agent-eval-v3.1
2026-08-18T01:10:00+09:00,CMP-S01-L03-01,S01,S01-L03,1,running,160.3892,357.8547,91.6391,45.5392,0.922,A,relation-reasoning-agent-eval-v3.1
2026-08-18T01:10:00+09:00,CMP-S01-L04-01,S01,S01-L04,1,running,197.5641,484.9058,101.6997,41.3711,0.2996,A,relation-reasoning-agent-eval-v3.1
2026-08-18T01:10:00+09:00,CMP-S01-L05-01,S01,S01-L05,1,running,141.5288,478.4495,96.3566,54.6104,2.42,C,relation-reasoning-agent-eval-v3.1
2026-08-18T01:20:00+09:00,CMP-S01-L01-01,S01,S01-L01,1,running,169.8386,431.7541,107.1978,45.9696,1.1367,B,relation-reasoning-agent-eval-v3.1
2026-08-18T01:20:00+09:00,CMP-S01-L02-01,S01,S01-L02,1,running,184.4424,445.3698,110.5313,32.239,-1.2665,B,relation-reasoning-agent-eval-v3.1
2026-08-18T01:20:00+09:00,CMP-S01-L03-01,S01,S01-L03,1,running,165.0734,397.1832,87.1302,50.4752,1.8361,B,relation-reasoning-agent-eval-v3.1
2026-08-18T01:20:00+09:00,CMP-S01-L04-01,S01,S01-L04,1,running,208.6703,497.0701,97.9334,39.3523,-0.0742,A,relation-reasoning-agent-eval-v3.1
2026-08-18T01:20:00+09:00,CMP-S01-L05-01,S01,S01-L05,1,running,140.5424,484.7088,98.6933,52.0008,1.9367,B,relation-reasoning-agent-eval-v3.1
2026-08-18T01:30:00+09:00,CMP-S01-L01-01,S01,S01-L01,1,running,150.5096,447.6381,104.4808,44.3095,0.8293,A,relation-reasoning-agent-eval-v3.1
2026-08-18T01:30:00+09:00,CMP-S01-L02-01,S01,S01-L02,1,running,177.3337,455.5613,99.454,27.1189,-2.2147,C,relation-reasoning-agent-eval-v3.1
2026-08-18T01:30:00+09:00,CMP-S01-L03-01,S01,S01-L03,1,running,162.019,438.517,83.6298,44.2332,0.6801,A,relation-reasoning-agent-eval-v3.1
2026-08-18T01:30:00+09:00,CMP-S01-L04-01,S01,S01-L04,1,running,199.8396,476.5323,98.4694,36.2357,-0.6514,A,relation-reasoning-agent-eval-v3.1
2026-08-18T01:30:00+09:00,CMP-S01-L05-01,S01,S01-L05,1,running,138.1802,460.5019,101.5575,48.9429,1.3704,B,relation-reasoning-agent-eval-v3.1
2026-08-18T01:40:00+09:00,CMP-S01-L01-01,S01,S01-L01,1,running,141.4291,472.0084,108.7423,42.784,0.5468,A,relation-reasoning-agent-eval-v3.1
2026-08-18T01:40:00+09:00,CMP-S01-L02-01,S01,S01-L02,1,running,178.6465,499.0157,100.7552,26.4249,-2.3432,C,relation-reasoning-agent-eval-v3.1
2026-08-18T01:40:00+09:00,CMP-S01-L03-01,S01,S01-L03,1,running,161.237,482.4139,89.5547,43.2227,0.493,A,relation-reasoning-agent-eval-v3.1
2026-08-18T01:40:00+09:00,CMP-S01-L04-01,S01,S01-L04,1,running,207.618,494.4804,94.13,33.2068,-1.2123,B,relation-reasoning-agent-eval-v3.1
2026-08-18T01:40:00+09:00,CMP-S01-L05-01,S01,S01-L05,1,running,148.3437,397.5593,98.5638,44.8426,0.6111,A,relation-reasoning-agent-eval-v3.1
2026-08-18T01:50:00+09:00,CMP-S01-L01-01,S01,S01-L01,1,running,155.2021,426.6436,103.4142,38.9995,-0.154,A,relation-reasoning-agent-eval-v3.1
2026-08-18T01:50:00+09:00,CMP-S01-L02-01,S01,S01-L02,1,running,184.7729,486.9431,94.5184,30.5239,-1.5841,B,relation-reasoning-agent-eval-v3.1
2026-08-18T01:50:00+09:00,CMP-S01-L03-01,S01,S01-L03,1,running,173.468,437.4147,93.9389,39.295,-0.2343,A,relation-reasoning-agent-eval-v3.1
2026-08-18T01:50:00+09:00,CMP-S01-L04-01,S01,S01-L04,1,running,206.8721,474.0423,99.3159,36.8983,-0.5287,A,relation-reasoning-agent-eval-v3.1
2026-08-18T01:50:00+09:00,CMP-S01-L05-01,S01,S01-L05,1,running,175.3065,402.6019,92.1947,46.8094,0.9753,A,relation-reasoning-agent-eval-v3.1
2026-08-18T02:00:00+09:00,CMP-S01-L01-01,S01,S01-L01,1,running,173.812,453.545,104.7892,39.1752,-0.1215,A,relation-reasoning-agent-eval-v3.1
2026-08-18T02:00:00+09:00,CMP-S01-L02-01,S01,S01-L02,1,running,188.1247,502.4084,104.8295,32.5527,-1.2085,B,relation-reasoning-agent-eval-v3.1
2026-08-18T02:00:00+09:00,CMP-S01-L03-01,S01,S01-L03,1,running,178.8858,419.2233,101.4538,45.5072,0.9161,A,relation-reasoning-agent-eval-v3.1
2026-08-18T02:00:00+09:00,CMP-S01-L04-01,S01,S01-L04,1,running,202.1308,451.2553,97.3719,39.6515,-0.0188,A,relation-reasoning-agent-eval-v3.1
2026-08-18T02:00:00+09:00,CMP-S01-L05-01,S01,S01-L05,1,running,174.9565,356.9124,89.6148,44.4991,0.5475,A,relation-reasoning-agent-eval-v3.1
2026-08-18T02:10:00+09:00,CMP-S01-L01-01,S01,S01-L01,1,running,175.5958,428.6807,103.0916,38.3852,-0.2678,A,relation-reasoning-agent-eval-v3.1
2026-08-18T02:10:00+09:00,CMP-S01-L02-01,S01,S01-L02,1,running,173.672,431.7948,107.6381,36.6707,-0.4458,A,relation-reasoning-agent-eval-v3.1
2026-08-18T02:10:00+09:00,CMP-S01-L03-01,S01,S01-L03,1,running,165.9848,425.8542,101.1866,45.3883,0.894,A,relation-reasoning-agent-eval-v3.1
2026-08-18T02:10:00+09:00,CMP-S01-L04-01,S01,S01-L04,1,running,190.6505,445.2286,109.6563,40.2929,0.1,A,relation-reasoning-agent-eval-v3.1
2026-08-18T02:10:00+09:00,CMP-S01-L05-01,S01,S01-L05,1,running,161.6666,419.8099,96.6365,39.9691,-0.2914,A,relation-reasoning-agent-eval-v3.1
2026-08-18T02:20:00+09:00,CMP-S01-L01-01,S01,S01-L01,1,running,167.6097,399.9504,103.9107,42.701,0.5314,A,relation-reasoning-agent-eval-v3.1
2026-08-18T02:20:00+09:00,CMP-S01-L02-01,S01,S01-L02,1,running,184.6255,450.7338,107.6551,34.012,-0.9382,A,relation-reasoning-agent-eval-v3.1
2026-08-18T02:20:00+09:00,CMP-S01-L03-01,S01,S01-L03,1,running,173.9123,467.2359,90.9916,42.0278,0.2717,A,relation-reasoning-agent-eval-v3.1
2026-08-18T02:20:00+09:00,CMP-S01-L04-01,S01,S01-L04,1,running,183.2863,452.3689,112.9071,43.9206,0.7718,A,relation-reasoning-agent-eval-v3.1
2026-08-18T02:20:00+09:00,CMP-S01-L05-01,S01,S01-L05,1,running,190.3591,408.3044,97.7106,48.1016,1.2146,B,relation-reasoning-agent-eval-v3.1
2026-08-18T02:30:00+09:00,CMP-S01-L01-01,S01,S01-L01,1,running,172.0627,456.0213,104.1991,34.7104,-0.9483,A,relation-reasoning-agent-eval-v3.1
2026-08-18T02:30:00+09:00,CMP-S01-L02-01,S01,S01-L02,1,running,189.6587,424.4019,107.8751,31.393,-1.4232,B,relation-reasoning-agent-eval-v3.1
2026-08-18T02:30:00+09:00,CMP-S01-L03-01,S01,S01-L03,1,running,162.7439,448.1523,90.102,42.7842,0.4118,A,relation-reasoning-agent-eval-v3.1
2026-08-18T02:30:00+09:00,CMP-S01-L04-01,S01,S01-L04,1,running,187.7649,451.3698,111.5498,40.0383,0.0528,A,relation-reasoning-agent-eval-v3.1
2026-08-18T02:30:00+09:00,CMP-S01-L05-01,S01,S01-L05,1,running,184.264,375.939,91.9297,50.7073,1.6972,B,relation-reasoning-agent-eval-v3.1
2026-08-18T02:40:00+09:00,CMP-S01-L01-01,S01,S01-L01,1,running,145.3775,451.6936,100.3457,38.8518,-0.1814,A,relation-reasoning-agent-eval-v3.1
2026-08-18T02:40:00+09:00,CMP-S01-L02-01,S01,S01-L02,1,running,185.0901,433.7825,104.0144,29.1988,-1.8295,B,relation-reasoning-agent-eval-v3.1
2026-08-18T02:40:00+09:00,CMP-S01-L03-01,S01,S01-L03,1,running,195.9914,414.6106,88.1737,44.2602,0.6851,A,relation-reasoning-agent-eval-v3.1
2026-08-18T02:40:00+09:00,CMP-S01-L04-01,S01,S01-L04,1,running,188.8194,451.3169,109.6011,41.3299,0.292,A,relation-reasoning-agent-eval-v3.1
2026-08-18T02:40:00+09:00,CMP-S01-L05-01,S01,S01-L05,1,running,203.919,355.163,94.5132,42.2195,0.1254,A,relation-reasoning-agent-eval-v3.1
2026-08-18T02:50:00+09:00,CMP-S01-L01-01,S01,S01-L01,1,running,148.7841,467.0209,103.7156,39.518,-0.058,A,relation-reasoning-agent-eval-v3.1
2026-08-18T02:50:00+09:00,CMP-S01-L02-01,S01,S01-L02,1,running,186.8203,431.8264,103.485,35.6867,-0.6281,A,relation-reasoning-agent-eval-v3.1
2026-08-18T02:50:00+09:00,CMP-S01-L03-01,S01,S01-L03,1,running,175.5724,379.1701,96.4986,46.9029,1.1745,B,relation-reasoning-agent-eval-v3.1
2026-08-18T02:50:00+09:00,CMP-S01-L04-01,S01,S01-L04,1,running,190.0283,433.1021,107.038,36.3873,-0.6233,A,relation-reasoning-agent-eval-v3.1
2026-08-18T02:50:00+09:00,CMP-S01-L05-01,S01,S01-L05,1,running,204.6883,342.9836,94.6065,41.4042,-0.0256,A,relation-reasoning-agent-eval-v3.1
2026-08-18T03:00:00+09:00,CMP-S01-L01-01,S01,S01-L01,1,running,170.4953,487.5583,99.0317,44.6291,0.8885,A,relation-reasoning-agent-eval-v3.1
2026-08-18T03:00:00+09:00,CMP-S01-L02-01,S01,S01-L02,1,running,184.8768,433.8592,94.9749,32.9631,-1.1324,B,relation-reasoning-agent-eval-v3.1
2026-08-18T03:00:00+09:00,CMP-S01-L03-01,S01,S01-L03,1,running,169.8666,374.2395,102.1483,44.3917,0.7095,A,relation-reasoning-agent-eval-v3.1
2026-08-18T03:00:00+09:00,CMP-S01-L04-01,S01,S01-L04,1,running,167.9502,430.4566,109.2949,33.1,-1.2321,B,relation-reasoning-agent-eval-v3.1
2026-08-18T03:00:00+09:00,CMP-S01-L05-01,S01,S01-L05,1,running,197.34,355.7254,90.7427,35.7567,-1.0715,B,relation-reasoning-agent-eval-v3.1
2026-08-18T03:10:00+09:00,CMP-S01-L01-01,S01,S01-L01,1,running,162.573,535.5577,98.1107,46.4036,1.2171,B,relation-reasoning-agent-eval-v3.1
2026-08-18T03:10:00+09:00,CMP-S01-L02-01,S01,S01-L02,1,running,186.1999,450.5507,104.3788,33.0636,-1.1138,B,relation-reasoning-agent-eval-v3.1
2026-08-18T03:10:00+09:00,CMP-S01-L03-01,S01,S01-L03,1,running,160.2822,386.6006,97.7482,36.5297,-0.7464,A,relation-reasoning-agent-eval-v3.1
2026-08-18T03:10:00+09:00,CMP-S01-L04-01,S01,S01-L04,1,running,168.765,457.5554,111.2229,37.3166,-0.4512,A,relation-reasoning-agent-eval-v3.1
2026-08-18T03:10:00+09:00,CMP-S01-L05-01,S01,S01-L05,1,running,186.3906,373.4371,93.9181,33.3292,-1.521,B,relation-reasoning-agent-eval-v3.1
2026-08-18T03:20:00+09:00,CMP-S01-L01-01,S01,S01-L01,1,running,177.3557,505.9164,99.8176,46.6327,1.2595,B,relation-reasoning-agent-eval-v3.1
2026-08-18T03:20:00+09:00,CMP-S01-L02-01,S01,S01-L02,1,running,178.6881,474.8783,105.4941,28.7027,-1.9214,B,relation-reasoning-agent-eval-v3.1
2026-08-18T03:20:00+09:00,CMP-S01-L03-01,S01,S01-L03,1,running,179.2258,365.3862,97.437,39.2275,-0.2468,A,relation-reasoning-agent-eval-v3.1
2026-08-18T03:20:00+09:00,CMP-S01-L04-01,S01,S01-L04,1,running,175.7655,464.252,113.0092,30.4914,-1.7151,B,relation-reasoning-agent-eval-v3.1
2026-08-18T03:20:00+09:00,CMP-S01-L05-01,S01,S01-L05,1,running,175.89,380.5753,97.1646,35.086,-1.1957,B,relation-reasoning-agent-eval-v3.1
2026-08-18T03:30:00+09:00,CMP-S01-L01-01,S01,S01-L01,1,running,176.0404,498.2627,103.7289,48.5449,1.6136,B,relation-reasoning-agent-eval-v3.1
2026-08-18T03:30:00+09:00,CMP-S01-L02-01,S01,S01-L02,1,running,165.0076,464.3088,106.6465,30.2714,-1.6309,B,relation-reasoning-agent-eval-v3.1
2026-08-18T03:30:00+09:00,CMP-S01-L03-01,S01,S01-L03,1,running,186.9999,324.198,94.17,39.8635,-0.1291,A,relation-reasoning-agent-eval-v3.1
2026-08-18T03:30:00+09:00,CMP-S01-L04-01,S01,S01-L04,1,running,165.9184,482.4162,111.4072,30.1134,-1.7851,B,relation-reasoning-agent-eval-v3.1
2026-08-18T03:30:00+09:00,CMP-S01-L05-01,S01,S01-L05,1,running,171.4028,339.104,99.7255,37.3339,-0.7794,A,relation-reasoning-agent-eval-v3.1
2026-08-18T03:40:00+09:00,CMP-S01-L01-01,S01,S01-L01,1,running,176.0804,498.3727,106.7508,48.242,1.5575,B,relation-reasoning-agent-eval-v3.1
2026-08-18T03:40:00+09:00,CMP-S01-L02-01,S01,S01-L02,1,running,151.7951,439.71,107.2568,32.9033,-1.1435,B,relation-reasoning-agent-eval-v3.1
2026-08-18T03:40:00+09:00,CMP-S01-L03-01,S01,S01-L03,1,running,170.2736,303.6885,100.8537,35.6782,-0.9041,A,relation-reasoning-agent-eval-v3.1
2026-08-18T03:40:00+09:00,CMP-S01-L04-01,S01,S01-L04,1,running,170.0793,500.946,105.7651,31.9789,-1.4397,B,relation-reasoning-agent-eval-v3.1
2026-08-18T03:40:00+09:00,CMP-S01-L05-01,S01,S01-L05,1,running,172.3782,365.3553,101.7521,33.6772,-1.4566,B,relation-reasoning-agent-eval-v3.1
2026-08-18T03:50:00+09:00,CMP-S01-L01-01,S01,S01-L01,1,running,189.3655,476.3739,99.3024,46.7292,1.2774,B,relation-reasoning-agent-eval-v3.1
2026-08-18T03:50:00+09:00,CMP-S01-L02-01,S01,S01-L02,1,running,137.1967,454.7932,101.2943,40.7738,0.314,A,relation-reasoning-agent-eval-v3.1
2026-08-18T03:50:00+09:00,CMP-S01-L03-01,S01,S01-L03,1,running,160.4376,365.9699,99.8774,36.5943,-0.7345,A,relation-reasoning-agent-eval-v3.1
2026-08-18T03:50:00+09:00,CMP-S01-L04-01,S01,S01-L04,1,running,157.6461,447.4577,102.2436,35.3002,-0.8246,A,relation-reasoning-agent-eval-v3.1
2026-08-18T03:50:00+09:00,CMP-S01-L05-01,S01,S01-L05,1,running,172.4268,375.661,98.6977,32.5022,-1.6741,B,relation-reasoning-agent-eval-v3.1
2026-08-18T04:00:00+09:00,CMP-S01-L01-01,S01,S01-L01,1,running,189.6999,496.9929,100.7056,39.7274,-0.0192,A,relation-reasoning-agent-eval-v3.1
2026-08-18T04:00:00+09:00,CMP-S01-L02-01,S01,S01-L02,1,running,157.477,442.9371,106.8332,40.4531,0.2546,A,relation-reasoning-agent-eval-v3.1
2026-08-18T04:00:00+09:00,CMP-S01-L03-01,S01,S01-L03,1,running,163.6466,364.6343,103.0358,38.4888,-0.3836,A,relation-reasoning-agent-eval-v3.1
2026-08-18T04:00:00+09:00,CMP-S01-L04-01,S01,S01-L04,1,running,161.9867,428.4221,100.8384,32.6438,-1.3165,B,relation-reasoning-agent-eval-v3.1
2026-08-18T04:00:00+09:00,CMP-S01-L05-01,S01,S01-L05,1,running,165.2183,392.9142,98.849,44.5058,0.5487,A,relation-reasoning-agent-eval-v3.1
2026-08-18T04:10:00+09:00,CMP-S01-L01-01,S01,S01-L01,1,running,209.1904,490.3069,100.6479,42.3159,0.4601,A,relation-reasoning-agent-eval-v3.1
2026-08-18T04:10:00+09:00,CMP-S01-L02-01,S01,S01-L02,1,running,160.2317,433.9029,104.3237,34.2911,-0.8865,A,relation-reasoning-agent-eval-v3.1
2026-08-18T04:10:00+09:00,CMP-S01-L03-01,S01,S01-L03,1,running,164.1587,351.9448,103.515,36.2784,-0.793,A,relation-reasoning-agent-eval-v3.1
2026-08-18T04:10:00+09:00,CMP-S01-L04-01,S01,S01-L04,1,running,161.6234,409.4334,104.4366,34.7463,-0.9272,A,relation-reasoning-agent-eval-v3.1
2026-08-18T04:10:00+09:00,CMP-S01-L05-01,S01,S01-L05,1,running,164.4334,362.5854,95.4167,42.346,0.1488,A,relation-reasoning-agent-eval-v3.1
2026-08-18T04:20:00+09:00,CMP-S01-L01-01,S01,S01-L01,1,running,218.9244,489.8586,100.0189,38.687,-0.2119,A,relation-reasoning-agent-eval-v3.1
2026-08-18T04:20:00+09:00,CMP-S01-L02-01,S01,S01-L02,1,running,168.622,450.143,97.2792,29.514,-1.7712,B,relation-reasoning-agent-eval-v3.1
2026-08-18T04:20:00+09:00,CMP-S01-L03-01,S01,S01-L03,1,running,161.4433,371.1601,98.1767,41.2575,0.1291,A,relation-reasoning-agent-eval-v3.1
2026-08-18T04:20:00+09:00,CMP-S01-L04-01,S01,S01-L04,1,running,157.5349,395.912,100.4482,41.7479,0.3694,A,relation-reasoning-agent-eval-v3.1
2026-08-18T04:20:00+09:00,CMP-S01-L05-01,S01,S01-L05,1,running,161.5516,357.0111,94.556,40.4126,-0.2093,A,relation-reasoning-agent-eval-v3.1
2026-08-18T04:30:00+09:00,CMP-S01-L01-01,S01,S01-L01,1,running,209.0286,464.2668,94.7785,34.1334,-1.0551,B,relation-reasoning-agent-eval-v3.1
2026-08-18T04:30:00+09:00,CMP-S01-L02-01,S01,S01-L02,1,running,177.9072,494.9248,98.3386,33.6796,-0.9998,A,relation-reasoning-agent-eval-v3.1
2026-08-18T04:30:00+09:00,CMP-S01-L03-01,S01,S01-L03,1,running,169.7196,373.242,96.4197,37.1692,-0.628,A,relation-reasoning-agent-eval-v3.1
2026-08-18T04:30:00+09:00,CMP-S01-L04-01,S01,S01-L04,1,running,169.8389,479.6848,98.4287,42.2561,0.4635,A,relation-reasoning-agent-eval-v3.1
2026-08-18T04:30:00+09:00,CMP-S01-L05-01,S01,S01-L05,1,running,173.8383,310.5736,94.3978,39.2603,-0.4227,A,relation-reasoning-agent-eval-v3.1
2026-08-18T04:40:00+09:00,CMP-S01-L01-01,S01,S01-L01,1,running,217.379,416.4546,96.0083,35.7361,-0.7583,A,relation-reasoning-agent-eval-v3.1
2026-08-18T04:40:00+09:00,CMP-S01-L02-01,S01,S01-L02,1,running,180.7951,503.1092,94.0182,38.0624,-0.1881,A,relation-reasoning-agent-eval-v3.1
2026-08-18T04:40:00+09:00,CMP-S01-L03-01,S01,S01-L03,1,running,160.0777,413.3786,103.1166,37.6842,-0.5326,A,relation-reasoning-agent-eval-v3.1
2026-08-18T04:40:00+09:00,CMP-S01-L04-01,S01,S01-L04,1,running,158.6156,426.8246,104.7187,39.9632,0.0389,A,relation-reasoning-agent-eval-v3.1
2026-08-18T04:40:00+09:00,CMP-S01-L05-01,S01,S01-L05,1,running,193.0687,378.2105,91.7417,34.2666,-1.3474,B,relation-reasoning-agent-eval-v3.1
2026-08-18T04:50:00+09:00,CMP-S01-L01-01,S01,S01-L01,1,running,204.4101,459.1146,98.8032,40.9421,0.2057,A,relation-reasoning-agent-eval-v3.1
2026-08-18T04:50:00+09:00,CMP-S01-L02-01,S01,S01-L02,1,running,196.8135,522.9148,90.2868,38.7236,-0.0657,A,relation-reasoning-agent-eval-v3.1
2026-08-18T04:50:00+09:00,CMP-S01-L03-01,S01,S01-L03,1,running,151.1791,395.8597,101.4047,38.418,-0.3968,A,relation-reasoning-agent-eval-v3.1
2026-08-18T04:50:00+09:00,CMP-S01-L04-01,S01,S01-L04,1,running,173.6823,396.3604,110.0802,39.1879,-0.1047,A,relation-reasoning-agent-eval-v3.1
2026-08-18T04:50:00+09:00,CMP-S01-L05-01,S01,S01-L05,1,running,177.9277,428.9638,98.9592,43.4023,0.3444,A,relation-reasoning-agent-eval-v3.1
2026-08-18T05:00:00+09:00,CMP-S01-L01-01,S01,S01-L01,1,running,178.4666,454.882,103.2567,40.7149,0.1636,A,relation-reasoning-agent-eval-v3.1
2026-08-18T05:00:00+09:00,CMP-S01-L02-01,S01,S01-L02,1,running,202.3023,533.3119,93.076,37.6578,-0.2631,A,relation-reasoning-agent-eval-v3.1
2026-08-18T05:00:00+09:00,CMP-S01-L03-01,S01,S01-L03,1,running,168.4329,424.9282,105.5968,30.816,-1.8045,B,relation-reasoning-agent-eval-v3.1
2026-08-18T05:00:00+09:00,CMP-S01-L04-01,S01,S01-L04,1,running,175.1002,365.9577,103.0234,38.3249,-0.2645,A,relation-reasoning-agent-eval-v3.1
2026-08-18T05:00:00+09:00,CMP-S01-L05-01,S01,S01-L05,1,running,184.1434,442.4134,92.5235,51.0821,1.7666,B,relation-reasoning-agent-eval-v3.1
2026-08-18T05:10:00+09:00,CMP-S01-L01-01,S01,S01-L01,1,running,173.7781,447.3723,97.0233,36.0508,-0.7001,A,relation-reasoning-agent-eval-v3.1
2026-08-18T05:10:00+09:00,CMP-S01-L02-01,S01,S01-L02,1,running,201.1463,480.333,98.8381,42.6257,0.6569,A,relation-reasoning-agent-eval-v3.1
2026-08-18T05:10:00+09:00,CMP-S01-L03-01,S01,S01-L03,1,running,171.0412,439.3331,113.443,40.738,0.0329,A,relation-reasoning-agent-eval-v3.1
2026-08-18T05:10:00+09:00,CMP-S01-L04-01,S01,S01-L04,1,running,185.3755,339.0439,101.4601,35.2383,-0.8361,A,relation-reasoning-agent-eval-v3.1
2026-08-18T05:10:00+09:00,CMP-S01-L05-01,S01,S01-L05,1,running,186.6838,437.7575,97.4418,46.5794,0.9327,A,relation-reasoning-agent-eval-v3.1
2026-08-18T05:20:00+09:00,CMP-S01-L01-01,S01,S01-L01,1,running,174.5607,505.9749,90.6567,32.9169,-1.2805,B,relation-reasoning-agent-eval-v3.1
2026-08-18T05:20:00+09:00,CMP-S01-L02-01,S01,S01-L02,1,running,197.9184,447.8315,104.104,41.2666,0.4053,A,relation-reasoning-agent-eval-v3.1
2026-08-18T05:20:00+09:00,CMP-S01-L03-01,S01,S01-L03,1,running,153.0675,448.138,115.4804,39.9082,-0.1208,A,relation-reasoning-agent-eval-v3.1
2026-08-18T05:20:00+09:00,CMP-S01-L04-01,S01,S01-L04,1,running,174.5938,380.8259,105.5051,32.7451,-1.2978,B,relation-reasoning-agent-eval-v3.1
2026-08-18T05:20:00+09:00,CMP-S01-L05-01,S01,S01-L05,1,running,195.3774,447.793,92.5524,48.2699,1.2458,B,relation-reasoning-agent-eval-v3.1
2026-08-18T05:30:00+09:00,CMP-S01-L01-01,S01,S01-L01,1,running,171.9226,491.3813,89.8992,38.2195,-0.2985,A,relation-reasoning-agent-eval-v3.1
2026-08-18T05:30:00+09:00,CMP-S01-L02-01,S01,S01-L02,1,running,200.679,426.6495,106.2996,43.8275,0.8795,A,relation-reasoning-agent-eval-v3.1
2026-08-18T05:30:00+09:00,CMP-S01-L03-01,S01,S01-L03,1,running,147.5235,398.2447,115.6605,32.5178,-1.4894,B,relation-reasoning-agent-eval-v3.1
2026-08-18T05:30:00+09:00,CMP-S01-L04-01,S01,S01-L04,1,running,172.1328,440.0649,103.6891,31.8861,-1.4568,B,relation-reasoning-agent-eval-v3.1
2026-08-18T05:30:00+09:00,CMP-S01-L05-01,S01,S01-L05,1,running,199.3364,443.3837,86.0837,48.5268,1.2934,B,relation-reasoning-agent-eval-v3.1
2026-08-18T05:40:00+09:00,CMP-S01-L01-01,S01,S01-L01,1,running,174.3442,451.3696,86.3231,36.2317,-0.6666,A,relation-reasoning-agent-eval-v3.1
2026-08-18T05:40:00+09:00,CMP-S01-L02-01,S01,S01-L02,1,running,190.936,450.0536,102.628,41.1213,0.3783,A,relation-reasoning-agent-eval-v3.1
2026-08-18T05:40:00+09:00,CMP-S01-L03-01,S01,S01-L03,1,running,150.1897,401.9405,112.0886,38.411,-0.398,A,relation-reasoning-agent-eval-v3.1
2026-08-18T05:40:00+09:00,CMP-S01-L04-01,S01,S01-L04,1,running,189.5764,450.6767,99.0564,35.8063,-0.7309,A,relation-reasoning-agent-eval-v3.1
2026-08-18T05:40:00+09:00,CMP-S01-L05-01,S01,S01-L05,1,running,180.7958,468.5356,91.2972,45.6738,0.765,A,relation-reasoning-agent-eval-v3.1
2026-08-18T05:50:00+09:00,CMP-S01-L01-01,S01,S01-L01,1,running,179.7081,454.2993,87.1487,37.3805,-0.4539,A,relation-reasoning-agent-eval-v3.1
2026-08-18T05:50:00+09:00,CMP-S01-L02-01,S01,S01-L02,1,running,179.8559,448.9009,99.8285,46.0018,1.2821,B,relation-reasoning-agent-eval-v3.1
2026-08-18T05:50:00+09:00,CMP-S01-L03-01,S01,S01-L03,1,running,156.7296,419.8001,108.2433,41.2591,0.1294,A,relation-reasoning-agent-eval-v3.1
2026-08-18T05:50:00+09:00,CMP-S01-L04-01,S01,S01-L04,1,running,200.8366,442.7165,100.913,43.3755,0.6708,A,relation-reasoning-agent-eval-v3.1
2026-08-18T05:50:00+09:00,CMP-S01-L05-01,S01,S01-L05,1,running,171.2289,446.9536,95.6015,45.4825,0.7296,A,relation-reasoning-agent-eval-v3.1
2026-08-18T06:00:00+09:00,CMP-S01-L01-01,S01,S01-L01,1,running,179.5794,463.2632,93.0498,37.4859,-0.4343,A,relation-reasoning-agent-eval-v3.1
2026-08-18T06:00:00+09:00,CMP-S01-L02-01,S01,S01-L02,1,running,186.2082,520.6452,98.7801,52.4003,2.467,C,relation-reasoning-agent-eval-v3.1
2026-08-18T06:00:00+09:00,CMP-S01-L03-01,S01,S01-L03,1,running,160.4682,429.7674,110.0335,41.8663,0.2418,A,relation-reasoning-agent-eval-v3.1
2026-08-18T06:00:00+09:00,CMP-S01-L04-01,S01,S01-L04,1,running,188.3937,471.1986,98.4906,46.6011,1.2682,B,relation-reasoning-agent-eval-v3.1
2026-08-18T06:00:00+09:00,CMP-S01-L05-01,S01,S01-L05,1,running,159.789,445.5372,99.5937,42.6214,0.1998,A,relation-reasoning-agent-eval-v3.1
2026-08-18T06:10:00+09:00,CMP-S01-L01-01,S01,S01-L01,1,running,180.1594,482.5568,91.9333,37.7955,-0.377,A,relation-reasoning-agent-eval-v3.1
2026-08-18T06:10:00+09:00,CMP-S01-L02-01,S01,S01-L02,1,running,163.8101,521.8108,97.7666,46.4933,1.3732,B,relation-reasoning-agent-eval-v3.1
2026-08-18T06:10:00+09:00,CMP-S01-L03-01,S01,S01-L03,1,running,142.7103,434.2223,109.1952,40.6312,0.0131,A,relation-reasoning-agent-eval-v3.1
2026-08-18T06:10:00+09:00,CMP-S01-L04-01,S01,S01-L04,1,running,184.285,466.0665,102.2225,44.0888,0.8029,A,relation-reasoning-agent-eval-v3.1
2026-08-18T06:10:00+09:00,CMP-S01-L05-01,S01,S01-L05,1,running,178.4527,400.257,99.2138,42.8597,0.2439,A,relation-reasoning-agent-eval-v3.1
2026-08-18T06:20:00+09:00,CMP-S01-L01-01,S01,S01-L01,1,running,176.954,507.5001,85.7109,34.2933,-1.0256,B,relation-reasoning-agent-eval-v3.1
2026-08-18T06:20:00+09:00,CMP-S01-L02-01,S01,S01-L02,1,running,174.9791,526.2428,97.8965,46.3868,1.3534,B,relation-reasoning-agent-eval-v3.1
2026-08-18T06:20:00+09:00,CMP-S01-L03-01,S01,S01-L03,1,running,150.5862,428.7819,102.2849,34.2991,-1.1595,B,relation-reasoning-agent-eval-v3.1
2026-08-18T06:20:00+09:00,CMP-S01-L04-01,S01,S01-L04,1,running,170.591,462.0741,101.1703,45.5281,1.0694,B,relation-reasoning-agent-eval-v3.1
2026-08-18T06:20:00+09:00,CMP-S01-L05-01,S01,S01-L05,1,running,177.0553,368.5329,93.3186,47.229,1.053,B,relation-reasoning-agent-eval-v3.1
2026-08-18T06:30:00+09:00,CMP-S01-L01-01,S01,S01-L01,1,running,166.9547,484.799,92.6845,29.1974,-1.9692,B,relation-reasoning-agent-eval-v3.1
2026-08-18T06:30:00+09:00,CMP-S01-L02-01,S01,S01-L02,1,running,190.967,548.5554,99.4918,45.2552,1.1439,B,relation-reasoning-agent-eval-v3.1
2026-08-18T06:30:00+09:00,CMP-S01-L03-01,S01,S01-L03,1,running,143.8139,406.5103,102.1793,37.1859,-0.6249,A,relation-reasoning-agent-eval-v3.1
2026-08-18T06:30:00+09:00,CMP-S01-L04-01,S01,S01-L04,1,running,169.3943,467.2031,103.5305,42.313,0.4741,A,relation-reasoning-agent-eval-v3.1
2026-08-18T06:30:00+09:00,CMP-S01-L05-01,S01,S01-L05,1,running,195.8117,384.9921,90.5868,46.0722,0.8388,A,relation-reasoning-agent-eval-v3.1
2026-08-18T06:40:00+09:00,CMP-S01-L01-01,S01,S01-L01,1,running,149.3052,546.3476,91.8002,37.1041,-0.505,A,relation-reasoning-agent-eval-v3.1
2026-08-18T06:40:00+09:00,CMP-S01-L02-01,S01,S01-L02,1,running,204.6168,537.6333,97.6245,44.3789,0.9816,A,relation-reasoning-agent-eval-v3.1
2026-08-18T06:40:00+09:00,CMP-S01-L03-01,S01,S01-L03,1,running,157.7482,407.2452,104.6803,36.953,-0.668,A,relation-reasoning-agent-eval-v3.1
2026-08-18T06:40:00+09:00,CMP-S01-L04-01,S01,S01-L04,1,running,162.0432,520.4159,103.1213,39.0865,-0.1234,A,relation-reasoning-agent-eval-v3.1
2026-08-18T06:40:00+09:00,CMP-S01-L05-01,S01,S01-L05,1,running,210.5562,340.0033,87.4389,45.4396,0.7217,A,relation-reasoning-agent-eval-v3.1
2026-08-18T06:50:00+09:00,CMP-S01-L01-01,S01,S01-L01,1,running,179.7246,537.542,92.5504,37.1585,-0.4949,A,relation-reasoning-agent-eval-v3.1
2026-08-18T06:50:00+09:00,CMP-S01-L02-01,S01,S01-L02,1,running,204.3749,508.9856,104.068,42.0231,0.5453,A,relation-reasoning-agent-eval-v3.1
2026-08-18T06:50:00+09:00,CMP-S01-L03-01,S01,S01-L03,1,running,149.9276,392.1179,107.4856,38.0185,-0.4707,A,relation-reasoning-agent-eval-v3.1
2026-08-18T06:50:00+09:00,CMP-S01-L04-01,S01,S01-L04,1,running,169.0203,494.8246,101.7115,39.0388,-0.1323,A,relation-reasoning-agent-eval-v3.1
2026-08-18T06:50:00+09:00,CMP-S01-L05-01,S01,S01-L05,1,running,197.4946,361.6617,86.8867,43.8792,0.4327,A,relation-reasoning-agent-eval-v3.1
2026-08-18T07:00:00+09:00,CMP-S01-L01-01,S01,S01-L01,1,running,173.234,531.3301,90.5631,35.0227,-0.8904,A,relation-reasoning-agent-eval-v3.1
2026-08-18T07:00:00+09:00,CMP-S01-L02-01,S01,S01-L02,1,running,198.1687,486.3117,96.7765,41.7659,0.4977,A,relation-reasoning-agent-eval-v3.1
2026-08-18T07:00:00+09:00,CMP-S01-L03-01,S01,S01-L03,1,running,153.8461,405.6784,104.2301,42.3083,0.3237,A,relation-reasoning-agent-eval-v3.1
2026-08-18T07:00:00+09:00,CMP-S01-L04-01,S01,S01-L04,1,running,161.1242,474.927,99.7859,35.6434,-0.7611,A,relation-reasoning-agent-eval-v3.1
2026-08-18T07:00:00+09:00,CMP-S01-L05-01,S01,S01-L05,1,running,182.2977,415.0277,89.7,41.0979,-0.0824,A,relation-reasoning-agent-eval-v3.1
2026-08-18T07:10:00+09:00,CMP-S01-L01-01,S01,S01-L01,1,running,168.1741,528.2056,86.5651,38.2747,-0.2882,A,relation-reasoning-agent-eval-v3.1
2026-08-18T07:10:00+09:00,CMP-S01-L02-01,S01,S01-L02,1,running,201.4817,468.0919,103.2873,51.7209,2.3412,C,relation-reasoning-agent-eval-v3.1
2026-08-18T07:10:00+09:00,CMP-S01-L03-01,S01,S01-L03,1,running,154.507,429.8695,98.6401,46.3857,1.0787,B,relation-reasoning-agent-eval-v3.1
2026-08-18T07:10:00+09:00,CMP-S01-L04-01,S01,S01-L04,1,running,144.543,446.0072,107.9481,34.9259,-0.8939,A,relation-reasoning-agent-eval-v3.1
2026-08-18T07:10:00+09:00,CMP-S01-L05-01,S01,S01-L05,1,running,185.79,445.4451,85.5833,42.9135,0.2539,A,relation-reasoning-agent-eval-v3.1
2026-08-18T07:20:00+09:00,CMP-S01-L01-01,S01,S01-L01,1,running,171.8445,471.0825,93.7185,42.3392,0.4644,A,relation-reasoning-agent-eval-v3.1
2026-08-18T07:20:00+09:00,CMP-S01-L02-01,S01,S01-L02,1,running,211.035,400.1921,102.7427,46.7148,1.4142,B,relation-reasoning-agent-eval-v3.1
2026-08-18T07:20:00+09:00,CMP-S01-L03-01,S01,S01-L03,1,running,161.1189,448.8435,102.015,47.4319,1.2725,B,relation-reasoning-agent-eval-v3.1
2026-08-18T07:20:00+09:00,CMP-S01-L04-01,S01,S01-L04,1,running,122.6028,473.5401,111.2007,34.3404,-1.0023,B,relation-reasoning-agent-eval-v3.1
2026-08-18T07:20:00+09:00,CMP-S01-L05-01,S01,S01-L05,1,running,189.2481,419.9171,92.9772,43.6135,0.3835,A,relation-reasoning-agent-eval-v3.1
2026-08-18T07:30:00+09:00,CMP-S01-L01-01,S01,S01-L01,1,running,169.9183,450.5191,88.7662,43.7016,0.7167,A,relation-reasoning-agent-eval-v3.1
2026-08-18T07:30:00+09:00,CMP-S01-L02-01,S01,S01-L02,1,running,201.0451,442.8712,106.4249,44.8428,1.0675,B,relation-reasoning-agent-eval-v3.1
2026-08-18T07:30:00+09:00,CMP-S01-L03-01,S01,S01-L03,1,running,160.2624,460.3106,102.6768,49.992,1.7466,B,relation-reasoning-agent-eval-v3.1
2026-08-18T07:30:00+09:00,CMP-S01-L04-01,S01,S01-L04,1,running,126.7616,459.2182,105.5383,37.7474,-0.3714,A,relation-reasoning-agent-eval-v3.1
2026-08-18T07:30:00+09:00,CMP-S01-L05-01,S01,S01-L05,1,running,195.166,439.3634,94.2664,42.5137,0.1798,A,relation-reasoning-agent-eval-v3.1
2026-08-18T07:40:00+09:00,CMP-S01-L01-01,S01,S01-L01,1,running,176.5386,425.9812,93.247,38.2794,-0.2874,A,relation-reasoning-agent-eval-v3.1
2026-08-18T07:40:00+09:00,CMP-S01-L02-01,S01,S01-L02,1,running,183.6902,457.4975,106.0306,38.9123,-0.0307,A,relation-reasoning-agent-eval-v3.1
2026-08-18T07:40:00+09:00,CMP-S01-L03-01,S01,S01-L03,1,running,154.1522,487.0177,109.1876,46.9324,1.18,B,relation-reasoning-agent-eval-v3.1
2026-08-18T07:40:00+09:00,CMP-S01-L04-01,S01,S01-L04,1,running,121.448,466.9763,106.5961,41.6603,0.3532,A,relation-reasoning-agent-eval-v3.1
2026-08-18T07:40:00+09:00,CMP-S01-L05-01,S01,S01-L05,1,running,199.1454,482.8006,91.7937,35.368,-1.1435,B,relation-reasoning-agent-eval-v3.1
2026-08-18T07:50:00+09:00,CMP-S01-L01-01,S01,S01-L01,1,running,169.7612,457.3252,99.1901,39.273,-0.1033,A,relation-reasoning-agent-eval-v3.1
2026-08-18T07:50:00+09:00,CMP-S01-L02-01,S01,S01-L02,1,running,190.1002,459.7144,106.5572,37.5367,-0.2855,A,relation-reasoning-agent-eval-v3.1
2026-08-18T07:50:00+09:00,CMP-S01-L03-01,S01,S01-L03,1,running,175.379,471.014,111.5188,43.1146,0.473,A,relation-reasoning-agent-eval-v3.1
2026-08-18T07:50:00+09:00,CMP-S01-L04-01,S01,S01-L04,1,running,161.0365,451.1241,107.0295,38.5459,-0.2236,A,relation-reasoning-agent-eval-v3.1
2026-08-18T07:50:00+09:00,CMP-S01-L05-01,S01,S01-L05,1,running,181.0933,416.688,89.3541,35.892,-1.0464,B,relation-reasoning-agent-eval-v3.1
2026-08-18T08:00:00+09:00,CMP-S01-L01-01,S01,S01-L01,1,running,167.7734,496.7452,92.3313,41.7343,0.3524,A,relation-reasoning-agent-eval-v3.1
2026-08-18T08:00:00+09:00,CMP-S01-L02-01,S01,S01-L02,1,running,215.8015,432.5818,102.6457,28.3369,-1.9892,B,relation-reasoning-agent-eval-v3.1
2026-08-18T08:00:00+09:00,CMP-S01-L03-01,S01,S01-L03,1,running,158.8786,456.4992,109.4783,42.5904,0.3759,A,relation-reasoning-agent-eval-v3.1
2026-08-18T08:00:00+09:00,CMP-S01-L04-01,S01,S01-L04,1,running,164.8026,417.6574,99.8755,41.5541,0.3335,A,relation-reasoning-agent-eval-v3.1
2026-08-18T08:00:00+09:00,CMP-S01-L05-01,S01,S01-L05,1,running,168.3853,481.9909,94.347,35.9703,-1.0319,B,relation-reasoning-agent-eval-v3.1
2026-08-18T08:10:00+09:00,CMP-S01-L01-01,S01,S01-L01,1,running,172.0222,542.1586,95.5191,45.1366,0.9825,A,relation-reasoning-agent-eval-v3.1
2026-08-18T08:10:00+09:00,CMP-S01-L02-01,S01,S01-L02,1,running,214.0813,423.9321,103.3442,28.8619,-1.8919,B,relation-reasoning-agent-eval-v3.1
2026-08-18T08:10:00+09:00,CMP-S01-L03-01,S01,S01-L03,1,running,159.9265,427.5724,104.984,46.1291,1.0312,B,relation-reasoning-agent-eval-v3.1
2026-08-18T08:10:00+09:00,CMP-S01-L04-01,S01,S01-L04,1,running,169.1355,428.6631,107.4622,36.7488,-0.5564,A,relation-reasoning-agent-eval-v3.1
2026-08-18T08:10:00+09:00,CMP-S01-L05-01,S01,S01-L05,1,running,177.7348,463.8911,101.8916,34.8639,-1.2368,B,relation-reasoning-agent-eval-v3.1
2026-08-18T08:20:00+09:00,CMP-S01-L01-01,S01,S01-L01,1,running,164.9424,501.1392,96.068,40.051,0.0407,A,relation-reasoning-agent-eval-v3.1
2026-08-18T08:20:00+09:00,CMP-S01-L02-01,S01,S01-L02,1,running,207.5994,388.5278,105.9735,34.6078,-0.8279,A,relation-reasoning-agent-eval-v3.1
2026-08-18T08:20:00+09:00,CMP-S01-L03-01,S01,S01-L03,1,running,175.3875,424.8351,101.3303,45.4995,0.9146,A,relation-reasoning-agent-eval-v3.1
2026-08-18T08:20:00+09:00,CMP-S01-L04-01,S01,S01-L04,1,running,167.7146,450.0579,106.7866,37.1104,-0.4894,A,relation-reasoning-agent-eval-v3.1
2026-08-18T08:20:00+09:00,CMP-S01-L05-01,S01,S01-L05,1,running,199.0094,480.3338,98.074,43.0205,0.2737,A,relation-reasoning-agent-eval-v3.1
2026-08-18T08:30:00+09:00,CMP-S01-L01-01,S01,S01-L01,1,running,172.9621,486.1769,91.6,39.6196,-0.0392,A,relation-reasoning-agent-eval-v3.1
2026-08-18T08:30:00+09:00,CMP-S01-L02-01,S01,S01-L02,1,running,185.1419,433.728,97.1747,36.3552,-0.5043,A,relation-reasoning-agent-eval-v3.1
2026-08-18T08:30:00+09:00,CMP-S01-L03-01,S01,S01-L03,1,running,165.8189,464.5004,104.1228,42.5205,0.363,A,relation-reasoning-agent-eval-v3.1
2026-08-18T08:30:00+09:00,CMP-S01-L04-01,S01,S01-L04,1,running,179.3822,428.1464,101.5842,36.1387,-0.6693,A,relation-reasoning-agent-eval-v3.1
2026-08-18T08:30:00+09:00,CMP-S01-L05-01,S01,S01-L05,1,running,196.0322,448.8475,90.2278,46.1591,0.8549,A,relation-reasoning-agent-eval-v3.1
2026-08-18T08:40:00+09:00,CMP-S01-L01-01,S01,S01-L01,1,running,183.5571,473.0185,92.3903,41.3733,0.2855,A,relation-reasoning-agent-eval-v3.1
2026-08-18T08:40:00+09:00,CMP-S01-L02-01,S01,S01-L02,1,running,193.1177,435.8366,106.2179,33.996,-0.9412,A,relation-reasoning-agent-eval-v3.1
2026-08-18T08:40:00+09:00,CMP-S01-L03-01,S01,S01-L03,1,running,193.0022,498.2748,108.7283,44.5833,0.745,A,relation-reasoning-agent-eval-v3.1
2026-08-18T08:40:00+09:00,CMP-S01-L04-01,S01,S01-L04,1,running,171.5546,416.9396,102.7617,39.7557,0.0005,A,relation-reasoning-agent-eval-v3.1
2026-08-18T08:40:00+09:00,CMP-S01-L05-01,S01,S01-L05,1,running,204.5701,463.3813,90.0066,51.1427,1.7778,B,relation-reasoning-agent-eval-v3.1
2026-08-18T08:50:00+09:00,CMP-S01-L01-01,S01,S01-L01,1,running,200.3979,438.5519,87.1775,40.2123,0.0705,A,relation-reasoning-agent-eval-v3.1
2026-08-18T08:50:00+09:00,CMP-S01-L02-01,S01,S01-L02,1,running,191.0796,443.0789,110.8647,40.177,0.2035,A,relation-reasoning-agent-eval-v3.1
2026-08-18T08:50:00+09:00,CMP-S01-L03-01,S01,S01-L03,1,running,173.9339,502.7941,110.3426,42.7378,0.4032,A,relation-reasoning-agent-eval-v3.1
2026-08-18T08:50:00+09:00,CMP-S01-L04-01,S01,S01-L04,1,running,163.3329,475.2289,106.1517,41.7131,0.363,A,relation-reasoning-agent-eval-v3.1
2026-08-18T08:50:00+09:00,CMP-S01-L05-01,S01,S01-L05,1,running,187.7252,466.0352,94.6622,46.3074,0.8824,A,relation-reasoning-agent-eval-v3.1
2026-08-18T09:00:00+09:00,CMP-S01-L01-01,S01,S01-L01,1,running,207.4246,494.3887,95.8097,43.3006,0.6425,A,relation-reasoning-agent-eval-v3.1
2026-08-18T09:00:00+09:00,CMP-S01-L02-01,S01,S01-L02,1,running,183.1676,455.2118,104.3967,43.5443,0.827,A,relation-reasoning-agent-eval-v3.1
2026-08-18T09:00:00+09:00,CMP-S01-L03-01,S01,S01-L03,1,running,159.7021,505.2198,107.9819,42.0021,0.267,A,relation-reasoning-agent-eval-v3.1
2026-08-18T09:00:00+09:00,CMP-S01-L04-01,S01,S01-L04,1,running,151.754,463.5531,106.2526,35.244,-0.835,A,relation-reasoning-agent-eval-v3.1
2026-08-18T09:00:00+09:00,CMP-S01-L05-01,S01,S01-L05,1,running,198.6324,384.2388,96.0567,51.3378,1.8139,B,relation-reasoning-agent-eval-v3.1
2026-08-18T09:10:00+09:00,CMP-S01-L01-01,S01,S01-L01,1,running,211.7576,462.2185,96.1055,44.5555,0.8749,A,relation-reasoning-agent-eval-v3.1
2026-08-18T09:10:00+09:00,CMP-S01-L02-01,S01,S01-L02,1,running,193.6533,491.5669,110.5115,42.7287,0.676,A,relation-reasoning-agent-eval-v3.1
2026-08-18T09:10:00+09:00,CMP-S01-L03-01,S01,S01-L03,1,running,151.632,497.0114,110.0517,43.0614,0.4631,A,relation-reasoning-agent-eval-v3.1
2026-08-18T09:10:00+09:00,CMP-S01-L04-01,S01,S01-L04,1,running,169.1897,459.7913,96.4399,36.1765,-0.6623,A,relation-reasoning-agent-eval-v3.1
2026-08-18T09:10:00+09:00,CMP-S01-L05-01,S01,S01-L05,1,running,183.5458,375.9822,96.6512,39.6746,-0.3459,A,relation-reasoning-agent-eval-v3.1
2026-08-18T09:20:00+09:00,CMP-S01-L01-01,S01,S01-L01,1,running,202.4601,456.1602,92.9947,46.2804,1.1943,B,relation-reasoning-agent-eval-v3.1
2026-08-18T09:20:00+09:00,CMP-S01-L02-01,S01,S01-L02,1,running,185.198,476.8468,104.8304,36.8268,-0.4169,A,relation-reasoning-agent-eval-v3.1
2026-08-18T09:20:00+09:00,CMP-S01-L03-01,S01,S01-L03,1,running,137.1835,496.4913,106.1978,44.2468,0.6827,A,relation-reasoning-agent-eval-v3.1
2026-08-18T09:20:00+09:00,CMP-S01-L04-01,S01,S01-L04,1,running,172.2565,479.767,94.8466,41.5227,0.3277,A,relation-reasoning-agent-eval-v3.1
2026-08-18T09:20:00+09:00,CMP-S01-L05-01,S01,S01-L05,1,running,189.8167,395.2701,94.2219,36.7851,-0.881,A,relation-reasoning-agent-eval-v3.1
2026-08-18T09:30:00+09:00,CMP-S01-L01-01,S01,S01-L01,1,running,185.5801,410.6783,98.0682,45.5661,1.062,B,relation-reasoning-agent-eval-v3.1
2026-08-18T09:30:00+09:00,CMP-S01-L02-01,S01,S01-L02,1,running,178.526,439.6381,109.8888,30.7197,-1.5479,B,relation-reasoning-agent-eval-v3.1
2026-08-18T09:30:00+09:00,CMP-S01-L03-01,S01,S01-L03,1,running,149.2762,509.114,100.7171,45.0991,0.8405,A,relation-reasoning-agent-eval-v3.1
2026-08-18T09:30:00+09:00,CMP-S01-L04-01,S01,S01-L04,1,running,172.8373,501.5866,102.1171,41.698,0.3602,A,relation-reasoning-agent-eval-v3.1
2026-08-18T09:30:00+09:00,CMP-S01-L05-01,S01,S01-L05,1,running,182.5943,424.4423,87.4779,36.8797,-0.8635,A,relation-reasoning-agent-eval-v3.1
2026-08-18T09:40:00+09:00,CMP-S01-L01-01,S01,S01-L01,1,running,193.1555,430.8519,89.5275,47.9396,1.5016,B,relation-reasoning-agent-eval-v3.1
2026-08-18T09:40:00+09:00,CMP-S01-L02-01,S01,S01-L02,1,running,181.0128,411.5659,108.393,37.0951,-0.3673,A,relation-reasoning-agent-eval-v3.1
2026-08-18T09:40:00+09:00,CMP-S01-L03-01,S01,S01-L03,1,running,140.0531,541.0714,94.7575,43.5131,0.5468,A,relation-reasoning-agent-eval-v3.1
2026-08-18T09:40:00+09:00,CMP-S01-L04-01,S01,S01-L04,1,running,167.2854,491.7935,100.942,36.0816,-0.6799,A,relation-reasoning-agent-eval-v3.1
2026-08-18T09:40:00+09:00,CMP-S01-L05-01,S01,S01-L05,1,running,185.839,402.0579,99.8328,30.8728,-1.9759,B,relation-reasoning-agent-eval-v3.1
2026-08-18T09:50:00+09:00,CMP-S01-L01-01,S01,S01-L01,1,running,191.4761,443.2628,92.7845,46.3404,1.2054,B,relation-reasoning-agent-eval-v3.1
2026-08-18T09:50:00+09:00,CMP-S01-L02-01,S01,S01-L02,1,running,185.7903,389.5832,101.9798,33.8854,-0.9616,A,relation-reasoning-agent-eval-v3.1
2026-08-18T09:50:00+09:00,CMP-S01-L03-01,S01,S01-L03,1,running,160.0087,506.6459,100.6729,37.2806,-0.6074,A,relation-reasoning-agent-eval-v3.1
2026-08-18T09:50:00+09:00,CMP-S01-L04-01,S01,S01-L04,1,running,179.4634,458.275,102.6564,43.5323,0.6999,A,relation-reasoning-agent-eval-v3.1
2026-08-18T09:50:00+09:00,CMP-S01-L05-01,S01,S01-L05,1,running,176.3219,391.2946,97.7664,42.3155,0.1431,A,relation-reasoning-agent-eval-v3.1
2026-08-18T10:00:00+09:00,CMP-S01-L01-01,S01,S01-L01,1,running,166.7091,419.9979,87.228,48.0422,1.5205,B,relation-reasoning-agent-eval-v3.1
2026-08-18T10:00:00+09:00,CMP-S01-L02-01,S01,S01-L02,1,running,163.9381,403.6415,103.409,34.7241,-0.8063,A,relation-reasoning-agent-eval-v3.1
2026-08-18T10:00:00+09:00,CMP-S01-L03-01,S01,S01-L03,1,running,165.6128,449.2274,101.0442,39.3033,-0.2328,A,relation-reasoning-agent-eval-v3.1
2026-08-18T10:00:00+09:00,CMP-S01-L04-01,S01,S01-L04,1,running,187.9182,446.8709,102.827,46.9346,1.3299,B,relation-reasoning-agent-eval-v3.1
2026-08-18T10:00:00+09:00,CMP-S01-L05-01,S01,S01-L05,1,running,169.814,429.5328,93.5397,38.6483,-0.536,A,relation-reasoning-agent-eval-v3.1
2026-08-18T10:10:00+09:00,CMP-S01-L01-01,S01,S01-L01,1,running,166.6954,442.7338,87.6052,43.4867,0.6769,A,relation-reasoning-agent-eval-v3.1
2026-08-18T10:10:00+09:00,CMP-S01-L02-01,S01,S01-L02,1,running,151.1317,403.0017,103.0716,34.3544,-0.8748,A,relation-reasoning-agent-eval-v3.1
2026-08-18T10:10:00+09:00,CMP-S01-L03-01,S01,S01-L03,1,running,141.6558,413.4441,103.7297,42.424,0.3451,A,relation-reasoning-agent-eval-v3.1
2026-08-18T10:10:00+09:00,CMP-S01-L04-01,S01,S01-L04,1,running,189.6226,458.0539,105.9012,47.6492,1.4623,B,relation-reasoning-agent-eval-v3.1
2026-08-18T10:10:00+09:00,CMP-S01-L05-01,S01,S01-L05,1,running,173.1207,431.3062,96.799,35.0683,-1.1989,B,relation-reasoning-agent-eval-v3.1
2026-08-18T10:20:00+09:00,CMP-S01-L01-01,S01,S01-L01,1,running,160.9495,457.4587,95.5971,44.9444,0.9469,A,relation-reasoning-agent-eval-v3.1
2026-08-18T10:20:00+09:00,CMP-S01-L02-01,S01,S01-L02,1,running,170.1857,441.9456,101.7752,31.3194,-1.4368,B,relation-reasoning-agent-eval-v3.1
2026-08-18T10:20:00+09:00,CMP-S01-L03-01,S01,S01-L03,1,running,159.5489,424.4986,104.9033,36.4592,-0.7595,A,relation-reasoning-agent-eval-v3.1
2026-08-18T10:20:00+09:00,CMP-S01-L04-01,S01,S01-L04,1,running,177.5005,429.6891,105.4159,42.3168,0.4748,A,relation-reasoning-agent-eval-v3.1
2026-08-18T10:20:00+09:00,CMP-S01-L05-01,S01,S01-L05,1,running,185.7067,450.7209,98.2201,44.8556,0.6135,A,relation-reasoning-agent-eval-v3.1
2026-08-18T10:30:00+09:00,CMP-S01-L01-01,S01,S01-L01,1,running,186.4809,430.9274,95.4464,39.5164,-0.0583,A,relation-reasoning-agent-eval-v3.1
2026-08-18T10:30:00+09:00,CMP-S01-L02-01,S01,S01-L02,1,running,182.3871,444.2498,102.9493,28.8914,-1.8865,B,relation-reasoning-agent-eval-v3.1
2026-08-18T10:30:00+09:00,CMP-S01-L03-01,S01,S01-L03,1,running,154.74,401.8817,94.4374,35.7319,-0.8942,A,relation-reasoning-agent-eval-v3.1
2026-08-18T10:30:00+09:00,CMP-S01-L04-01,S01,S01-L04,1,running,179.3662,426.9657,98.9594,42.7745,0.5595,A,relation-reasoning-agent-eval-v3.1
2026-08-18T10:30:00+09:00,CMP-S01-L05-01,S01,S01-L05,1,running,161.443,453.4581,97.965,42.0443,0.0929,A,relation-reasoning-agent-eval-v3.1
2026-08-18T10:40:00+09:00,CMP-S01-L01-01,S01,S01-L01,1,running,181.3036,437.8919,96.6146,43.9832,0.7688,A,relation-reasoning-agent-eval-v3.1
2026-08-18T10:40:00+09:00,CMP-S01-L02-01,S01,S01-L02,1,running,171.0428,421.1447,98.9616,29.6179,-1.7519,B,relation-reasoning-agent-eval-v3.1
2026-08-18T10:40:00+09:00,CMP-S01-L03-01,S01,S01-L03,1,running,166.2225,409.7864,98.2572,43.3039,0.508,A,relation-reasoning-agent-eval-v3.1
2026-08-18T10:40:00+09:00,CMP-S01-L04-01,S01,S01-L04,1,running,183.0134,455.6138,107.0814,46.5951,1.2671,B,relation-reasoning-agent-eval-v3.1
2026-08-18T10:40:00+09:00,CMP-S01-L05-01,S01,S01-L05,1,running,155.1574,459.8593,99.1657,39.4327,-0.3907,A,relation-reasoning-agent-eval-v3.1
2026-08-18T10:50:00+09:00,CMP-S01-L01-01,S01,S01-L01,1,running,165.8047,441.3253,95.1968,45.332,1.0186,B,relation-reasoning-agent-eval-v3.1
2026-08-18T10:50:00+09:00,CMP-S01-L02-01,S01,S01-L02,1,running,172.9143,403.6636,96.5836,31.3198,-1.4368,B,relation-reasoning-agent-eval-v3.1
2026-08-18T10:50:00+09:00,CMP-S01-L03-01,S01,S01-L03,1,running,183.0189,449.5448,102.7725,44.7778,0.781,A,relation-reasoning-agent-eval-v3.1
2026-08-18T10:50:00+09:00,CMP-S01-L04-01,S01,S01-L04,1,running,171.6393,405.5352,116.5907,39.8924,0.0258,A,relation-reasoning-agent-eval-v3.1
2026-08-18T10:50:00+09:00,CMP-S01-L05-01,S01,S01-L05,1,running,167.7112,472.0778,90.3933,38.8751,-0.494,A,relation-reasoning-agent-eval-v3.1
2026-08-18T11:00:00+09:00,CMP-S01-L01-01,S01,S01-L01,1,running,158.5031,437.2029,93.9481,44.081,0.7871,A,relation-reasoning-agent-eval-v3.1
2026-08-18T11:00:00+09:00,CMP-S01-L02-01,S01,S01-L02,1,running,156.9519,400.5056,98.9112,31.6208,-1.381,B,relation-reasoning-agent-eval-v3.1
2026-08-18T11:00:00+09:00,CMP-S01-L03-01,S01,S01-L03,1,running,177.5445,462.0839,105.4612,39.0248,-0.2844,A,relation-reasoning-agent-eval-v3.1
2026-08-18T11:00:00+09:00,CMP-S01-L04-01,S01,S01-L04,1,running,164.9812,385.6725,119.6096,42.0039,0.4168,A,relation-reasoning-agent-eval-v3.1
2026-08-18T11:00:00+09:00,CMP-S01-L05-01,S01,S01-L05,1,running,167.0179,484.7093,90.3465,33.3184,-1.523,B,relation-reasoning-agent-eval-v3.1
2026-08-18T11:10:00+09:00,CMP-S01-L01-01,S01,S01-L01,1,running,165.7894,462.5933,86.3839,37.9005,-0.3576,A,relation-reasoning-agent-eval-v3.1
2026-08-18T11:10:00+09:00,CMP-S01-L02-01,S01,S01-L02,1,running,154.1332,393.202,99.5123,30.6999,-1.5515,B,relation-reasoning-agent-eval-v3.1
2026-08-18T11:10:00+09:00,CMP-S01-L03-01,S01,S01-L03,1,running,189.3872,437.361,105.8728,37.8091,-0.5095,A,relation-reasoning-agent-eval-v3.1
2026-08-18T11:10:00+09:00,CMP-S01-L04-01,S01,S01-L04,1,running,188.2695,478.9095,107.2225,37.312,-0.4521,A,relation-reasoning-agent-eval-v3.1
2026-08-18T11:10:00+09:00,CMP-S01-L05-01,S01,S01-L05,1,running,142.3015,469.4899,86.6082,37.6025,-0.7296,A,relation-reasoning-agent-eval-v3.1
2026-08-18T11:20:00+09:00,CMP-S01-L01-01,S01,S01-L01,1,running,170.6651,480.3673,84.3798,43.9611,0.7648,A,relation-reasoning-agent-eval-v3.1
2026-08-18T11:20:00+09:00,CMP-S01-L02-01,S01,S01-L02,1,running,157.2147,385.5599,93.5213,32.7277,-1.176,B,relation-reasoning-agent-eval-v3.1
2026-08-18T11:20:00+09:00,CMP-S01-L03-01,S01,S01-L03,1,running,176.1516,403.2587,110.2374,38.1032,-0.4551,A,relation-reasoning-agent-eval-v3.1
2026-08-18T11:20:00+09:00,CMP-S01-L04-01,S01,S01-L04,1,running,191.163,446.8902,105.8517,39.5392,-0.0396,A,relation-reasoning-agent-eval-v3.1
2026-08-18T11:20:00+09:00,CMP-S01-L05-01,S01,S01-L05,1,running,139.851,451.0687,93.9279,38.2674,-0.6065,A,relation-reasoning-agent-eval-v3.1
2026-08-18T11:30:00+09:00,CMP-S01-L01-01,S01,S01-L01,1,running,173.1842,491.4036,88.7422,49.4945,1.7895,B,relation-reasoning-agent-eval-v3.1
2026-08-18T11:30:00+09:00,CMP-S01-L02-01,S01,S01-L02,1,running,158.9344,371.6838,102.342,31.1281,-1.4723,B,relation-reasoning-agent-eval-v3.1
2026-08-18T11:30:00+09:00,CMP-S01-L03-01,S01,S01-L03,1,running,177.7605,429.9995,107.0369,43.2728,0.5023,A,relation-reasoning-agent-eval-v3.1
2026-08-18T11:30:00+09:00,CMP-S01-L04-01,S01,S01-L04,1,running,187.31,438.986,104.7547,35.4138,-0.8036,A,relation-reasoning-agent-eval-v3.1
2026-08-18T11:30:00+09:00,CMP-S01-L05-01,S01,S01-L05,1,running,158.1091,438.9104,94.063,43.6299,0.3865,A,relation-reasoning-agent-eval-v3.1
2026-08-18T11:40:00+09:00,CMP-S01-L01-01,S01,S01-L01,1,running,159.5039,482.3848,90.901,52.4833,2.343,C,relation-reasoning-agent-eval-v3.1
2026-08-18T11:40:00+09:00,CMP-S01-L02-01,S01,S01-L02,1,running,181.45,366.9435,103.1771,31.2879,-1.4427,B,relation-reasoning-agent-eval-v3.1
2026-08-18T11:40:00+09:00,CMP-S01-L03-01,S01,S01-L03,1,running,157.4519,383.4808,101.5454,36.4792,-0.7558,A,relation-reasoning-agent-eval-v3.1
2026-08-18T11:40:00+09:00,CMP-S01-L04-01,S01,S01-L04,1,running,182.4165,419.3732,98.491,33.3652,-1.1829,B,relation-reasoning-agent-eval-v3.1
2026-08-18T11:40:00+09:00,CMP-S01-L05-01,S01,S01-L05,1,running,166.6676,466.082,95.466,39.3945,-0.3978,A,relation-reasoning-agent-eval-v3.1
2026-08-18T11:50:00+09:00,CMP-S01-L01-01,S01,S01-L01,1,running,163.7345,466.3251,88.231,41.3588,0.2829,A,relation-reasoning-agent-eval-v3.1
2026-08-18T11:50:00+09:00,CMP-S01-L02-01,S01,S01-L02,1,running,159.8587,355.6844,105.3876,31.6789,-1.3703,B,relation-reasoning-agent-eval-v3.1
2026-08-18T11:50:00+09:00,CMP-S01-L03-01,S01,S01-L03,1,running,155.7122,380.6267,99.3524,36.8238,-0.692,A,relation-reasoning-agent-eval-v3.1
2026-08-18T11:50:00+09:00,CMP-S01-L04-01,S01,S01-L04,1,running,172.2285,449.3748,104.791,32.2101,-1.3968,B,relation-reasoning-agent-eval-v3.1
2026-08-18T11:50:00+09:00,CMP-S01-L05-01,S01,S01-L05,1,running,162.076,435.8215,97.6448,37.1892,-0.8062,A,relation-reasoning-agent-eval-v3.1
2026-08-18T12:00:00+09:00,CMP-S01-L01-01,S01,S01-L01,1,running,170.5229,413.8495,82.2299,37.6386,-0.4061,A,relation-reasoning-agent-eval-v3.1
2026-08-18T12:00:00+09:00,CMP-S01-L02-01,S01,S01-L02,1,running,169.9367,338.1578,106.5881,37.4771,-0.2965,A,relation-reasoning-agent-eval-v3.1
2026-08-18T12:00:00+09:00,CMP-S01-L03-01,S01,S01-L03,1,running,161.7067,428.4974,97.9617,43.9609,0.6297,A,relation-reasoning-agent-eval-v3.1
2026-08-18T12:00:00+09:00,CMP-S01-L04-01,S01,S01-L04,1,running,161.5811,447.4515,111.5114,28.9696,-1.9969,B,relation-reasoning-agent-eval-v3.1
2026-08-18T12:00:00+09:00,CMP-S01-L05-01,S01,S01-L05,1,running,166.2711,465.2826,97.701,33.4749,-1.494,B,relation-reasoning-agent-eval-v3.1
2026-08-18T12:10:00+09:00,CMP-S01-L01-01,S01,S01-L01,1,running,157.6269,460.3143,88.2888,37.1602,-0.4947,A,relation-reasoning-agent-eval-v3.1
2026-08-18T12:10:00+09:00,CMP-S01-L02-01,S01,S01-L02,1,running,189.1712,391.745,110.0834,34.0983,-0.9222,A,relation-reasoning-agent-eval-v3.1
2026-08-18T12:10:00+09:00,CMP-S01-L03-01,S01,S01-L03,1,running,151.457,450.4388,104.7188,40.2217,-0.0627,A,relation-reasoning-agent-eval-v3.1
2026-08-18T12:10:00+09:00,CMP-S01-L04-01,S01,S01-L04,1,running,187.3558,463.803,101.5365,40.2244,0.0873,A,relation-reasoning-agent-eval-v3.1
2026-08-18T12:10:00+09:00,CMP-S01-L05-01,S01,S01-L05,1,running,161.1118,463.4213,95.495,34.6264,-1.2808,B,relation-reasoning-agent-eval-v3.1
2026-08-18T12:20:00+09:00,CMP-S01-L01-01,S01,S01-L01,1,running,147.7449,479.5927,88.5184,37.1352,-0.4993,A,relation-reasoning-agent-eval-v3.1
2026-08-18T12:20:00+09:00,CMP-S01-L02-01,S01,S01-L02,1,running,188.606,417.5494,107.1756,36.9923,-0.3863,A,relation-reasoning-agent-eval-v3.1
2026-08-18T12:20:00+09:00,CMP-S01-L03-01,S01,S01-L03,1,running,156.718,429.4311,112.5138,49.2723,1.6133,B,relation-reasoning-agent-eval-v3.1
2026-08-18T12:20:00+09:00,CMP-S01-L04-01,S01,S01-L04,1,running,184.0198,468.3881,101.2117,44.6361,0.9043,A,relation-reasoning-agent-eval-v3.1
2026-08-18T12:20:00+09:00,CMP-S01-L05-01,S01,S01-L05,1,running,176.0099,439.0005,98.6786,32.2183,-1.7267,B,relation-reasoning-agent-eval-v3.1
2026-08-18T12:30:00+09:00,CMP-S01-L01-01,S01,S01-L01,1,running,159.7415,474.0294,83.876,34.3252,-1.0197,B,relation-reasoning-agent-eval-v3.1
2026-08-18T12:30:00+09:00,CMP-S01-L02-01,S01,S01-L02,1,running,180.6012,430.2276,107.8782,36.7294,-0.435,A,relation-reasoning-agent-eval-v3.1
2026-08-18T12:30:00+09:00,CMP-S01-L03-01,S01,S01-L03,1,running,158.2884,428.0939,104.7055,47.9713,1.3724,B,relation-reasoning-agent-eval-v3.1
2026-08-18T12:30:00+09:00,CMP-S01-L04-01,S01,S01-L04,1,running,178.4606,451.5794,105.5748,40.316,0.1042,A,relation-reasoning-agent-eval-v3.1
2026-08-18T12:30:00+09:00,CMP-S01-L05-01,S01,S01-L05,1,running,177.5242,474.9037,99.231,37.2782,-0.7897,A,relation-reasoning-agent-eval-v3.1
2026-08-18T12:40:00+09:00,CMP-S01-L01-01,S01,S01-L01,1,running,173.2984,449.4167,83.944,30.6902,-1.6928,B,relation-reasoning-agent-eval-v3.1
2026-08-18T12:40:00+09:00,CMP-S01-L02-01,S01,S01-L02,1,running,185.7123,483.661,101.7298,37.614,-0.2712,A,relation-reasoning-agent-eval-v3.1
2026-08-18T12:40:00+09:00,CMP-S01-L03-01,S01,S01-L03,1,running,141.5315,433.4427,106.6632,42.0561,0.277,A,relation-reasoning-agent-eval-v3.1
2026-08-18T12:40:00+09:00,CMP-S01-L04-01,S01,S01-L04,1,running,174.5065,485.9205,99.6631,44.11,0.8068,A,relation-reasoning-agent-eval-v3.1
2026-08-18T12:40:00+09:00,CMP-S01-L05-01,S01,S01-L05,1,running,178.9033,414.5626,102.6471,38.1368,-0.6307,A,relation-reasoning-agent-eval-v3.1
2026-08-18T12:50:00+09:00,CMP-S01-L01-01,S01,S01-L01,1,running,176.8857,376.4712,80.9445,33.3832,-1.1941,B,relation-reasoning-agent-eval-v3.1
2026-08-18T12:50:00+09:00,CMP-S01-L02-01,S01,S01-L02,1,running,187.2516,450.2129,95.9187,43.8336,0.8806,A,relation-reasoning-agent-eval-v3.1
2026-08-18T12:50:00+09:00,CMP-S01-L03-01,S01,S01-L03,1,running,155.1596,434.1141,99.7385,46.0561,1.0177,B,relation-reasoning-agent-eval-v3.1
2026-08-18T12:50:00+09:00,CMP-S01-L04-01,S01,S01-L04,1,running,175.242,520.6103,95.0286,46.8251,1.3096,B,relation-reasoning-agent-eval-v3.1
2026-08-18T12:50:00+09:00,CMP-S01-L05-01,S01,S01-L05,1,running,178.7418,420.8532,96.8265,40.0035,-0.285,A,relation-reasoning-agent-eval-v3.1
2026-08-18T13:00:00+09:00,CMP-S01-L01-01,S01,S01-L01,1,running,161.3069,432.0091,80.5454,36.4882,-0.619,A,relation-reasoning-agent-eval-v3.1
2026-08-18T13:00:00+09:00,CMP-S01-L02-01,S01,S01-L02,1,running,170.4824,439.8526,97.9487,35.403,-0.6806,A,relation-reasoning-agent-eval-v3.1
2026-08-18T13:00:00+09:00,CMP-S01-L03-01,S01,S01-L03,1,running,168.7607,442.0348,98.9221,41.8827,0.2449,A,relation-reasoning-agent-eval-v3.1
2026-08-18T13:00:00+09:00,CMP-S01-L04-01,S01,S01-L04,1,running,188.5586,529.2086,100.4472,51.0452,2.0911,C,relation-reasoning-agent-eval-v3.1
2026-08-18T13:00:00+09:00,CMP-S01-L05-01,S01,S01-L05,1,running,174.148,418.2761,96.1154,37.2601,-0.7931,A,relation-reasoning-agent-eval-v3.1
2026-08-18T13:10:00+09:00,CMP-S01-L01-01,S01,S01-L01,1,running,178.9828,436.3117,85.8768,30.9324,-1.648,B,relation-reasoning-agent-eval-v3.1
2026-08-18T13:10:00+09:00,CMP-S01-L02-01,S01,S01-L02,1,running,172.2146,456.2656,97.1941,37.7765,-0.2411,A,relation-reasoning-agent-eval-v3.1
2026-08-18T13:10:00+09:00,CMP-S01-L03-01,S01,S01-L03,1,running,177.8397,381.3341,89.8959,35.239,-0.9855,A,relation-reasoning-agent-eval-v3.1
2026-08-18T13:10:00+09:00,CMP-S01-L04-01,S01,S01-L04,1,running,179.0287,470.8039,100.1562,42.5997,0.5272,A,relation-reasoning-agent-eval-v3.1
2026-08-18T13:10:00+09:00,CMP-S01-L05-01,S01,S01-L05,1,running,184.5864,444.4923,104.3022,33.2584,-1.5341,B,relation-reasoning-agent-eval-v3.1
2026-08-18T13:20:00+09:00,CMP-S01-L01-01,S01,S01-L01,1,running,158.5781,362.9219,83.5734,35.9959,-0.7103,A,relation-reasoning-agent-eval-v3.1
2026-08-18T13:20:00+09:00,CMP-S01-L02-01,S01,S01-L02,1,running,171.6911,429.7372,100.088,34.4043,-0.8656,A,relation-reasoning-agent-eval-v3.1
2026-08-18T13:20:00+09:00,CMP-S01-L03-01,S01,S01-L03,1,running,168.1535,415.2989,92.6877,30.9939,-1.7716,B,relation-reasoning-agent-eval-v3.1
2026-08-18T13:20:00+09:00,CMP-S01-L04-01,S01,S01-L04,1,running,188.327,474.125,100.2622,45.1057,0.9912,A,relation-reasoning-agent-eval-v3.1
2026-08-18T13:20:00+09:00,CMP-S01-L05-01,S01,S01-L05,1,running,150.7034,405.4458,104.9989,39.8578,-0.312,A,relation-reasoning-agent-eval-v3.1
2026-08-18T13:30:00+09:00,CMP-S01-L01-01,S01,S01-L01,1,running,176.7329,410.9034,80.3704,32.611,-1.3371,B,relation-reasoning-agent-eval-v3.1
2026-08-18T13:30:00+09:00,CMP-S01-L02-01,S01,S01-L02,1,running,177.803,477.1504,97.5042,37.0774,-0.3705,A,relation-reasoning-agent-eval-v3.1
2026-08-18T13:30:00+09:00,CMP-S01-L03-01,S01,S01-L03,1,running,154.1396,473.7256,95.4442,32.9336,-1.4124,B,relation-reasoning-agent-eval-v3.1
2026-08-18T13:30:00+09:00,CMP-S01-L04-01,S01,S01-L04,1,running,189.1443,476.3153,101.5929,51.4596,2.1679,C,relation-reasoning-agent-eval-v3.1
2026-08-18T13:30:00+09:00,CMP-S01-L05-01,S01,S01-L05,1,running,164.7081,417.4277,99.7213,39.5183,-0.3749,A,relation-reasoning-agent-eval-v3.1
2026-08-18T13:40:00+09:00,CMP-S01-L01-01,S01,S01-L01,1,running,186.2846,398.462,84.3606,32.7272,-1.3155,B,relation-reasoning-agent-eval-v3.1
2026-08-18T13:40:00+09:00,CMP-S01-L02-01,S01,S01-L02,1,running,190.8664,499.8184,98.261,37.4518,-0.3012,A,relation-reasoning-agent-eval-v3.1
2026-08-18T13:40:00+09:00,CMP-S01-L03-01,S01,S01-L03,1,running,162.6965,437.6843,97.1655,33.5352,-1.301,B,relation-reasoning-agent-eval-v3.1
2026-08-18T13:40:00+09:00,CMP-S01-L04-01,S01,S01-L04,1,running,182.2594,457.4868,101.2511,45.9653,1.1504,B,relation-reasoning-agent-eval-v3.1
2026-08-18T13:40:00+09:00,CMP-S01-L05-01,S01,S01-L05,1,running,177.7007,383.2906,100.7139,41.3388,-0.0377,A,relation-reasoning-agent-eval-v3.1
2026-08-18T13:50:00+09:00,CMP-S01-L01-01,S01,S01-L01,1,running,170.1348,411.7897,82.9929,30.4567,-1.736,B,relation-reasoning-agent-eval-v3.1
2026-08-18T13:50:00+09:00,CMP-S01-L02-01,S01,S01-L02,1,running,169.8962,506.2556,104.6616,41.1656,0.3865,A,relation-reasoning-agent-eval-v3.1
2026-08-18T13:50:00+09:00,CMP-S01-L03-01,S01,S01-L03,1,running,173.347,447.6476,107.4237,38.2638,-0.4253,A,relation-reasoning-agent-eval-v3.1
2026-08-18T13:50:00+09:00,CMP-S01-L04-01,S01,S01-L04,1,running,179.2679,444.6834,102.5362,42.8778,0.5787,A,relation-reasoning-agent-eval-v3.1
2026-08-18T13:50:00+09:00,CMP-S01-L05-01,S01,S01-L05,1,running,170.1802,377.2143,93.7782,42.9375,0.2583,A,relation-reasoning-agent-eval-v3.1
2026-08-18T14:00:00+09:00,CMP-S01-L01-01,S01,S01-L01,1,running,171.621,483.6681,77.2945,29.9678,-1.8266,B,relation-reasoning-agent-eval-v3.1
2026-08-18T14:00:00+09:00,CMP-S01-L02-01,S01,S01-L02,1,running,160.169,490.4777,104.256,47.311,1.5246,B,relation-reasoning-agent-eval-v3.1
2026-08-18T14:00:00+09:00,CMP-S01-L03-01,S01,S01-L03,1,running,165.983,466.6738,109.1097,37.9227,-0.4885,A,relation-reasoning-agent-eval-v3.1
2026-08-18T14:00:00+09:00,CMP-S01-L04-01,S01,S01-L04,1,running,171.823,413.938,105.3018,40.7448,0.1837,A,relation-reasoning-agent-eval-v3.1
2026-08-18T14:00:00+09:00,CMP-S01-L05-01,S01,S01-L05,1,running,157.3998,418.1561,98.3761,47.1043,1.0299,B,relation-reasoning-agent-eval-v3.1
2026-08-18T14:10:00+09:00,CMP-S01-L01-01,S01,S01-L01,1,running,156.7051,529.3912,80.4608,38.3014,-0.2833,A,relation-reasoning-agent-eval-v3.1
2026-08-18T14:10:00+09:00,CMP-S01-L02-01,S01,S01-L02,1,running,166.734,431.2428,106.5689,44.8239,1.064,B,relation-reasoning-agent-eval-v3.1
2026-08-18T14:10:00+09:00,CMP-S01-L03-01,S01,S01-L03,1,running,181.4095,429.5184,104.0511,35.1358,-1.0046,B,relation-reasoning-agent-eval-v3.1
2026-08-18T14:10:00+09:00,CMP-S01-L04-01,S01,S01-L04,1,running,167.4858,440.7586,104.4065,34.3921,-0.9928,A,relation-reasoning-agent-eval-v3.1
2026-08-18T14:10:00+09:00,CMP-S01-L05-01,S01,S01-L05,1,running,151.1323,425.6197,96.0179,43.0014,0.2701,A,relation-reasoning-agent-eval-v3.1
2026-08-18T14:20:00+09:00,CMP-S01-L01-01,S01,S01-L01,1,running,163.6473,489.1126,81.9418,35.5552,-0.7919,A,relation-reasoning-agent-eval-v3.1
2026-08-18T14:20:00+09:00,CMP-S01-L02-01,S01,S01-L02,1,running,171.2826,415.0333,112.6547,41.1911,0.3913,A,relation-reasoning-agent-eval-v3.1
2026-08-18T14:20:00+09:00,CMP-S01-L03-01,S01,S01-L03,1,running,193.3685,454.7309,103.1487,34.2348,-1.1714,B,relation-reasoning-agent-eval-v3.1
2026-08-18T14:20:00+09:00,CMP-S01-L04-01,S01,S01-L04,1,running,150.8463,465.8286,95.6843,29.9448,-1.8163,B,relation-reasoning-agent-eval-v3.1
2026-08-18T14:20:00+09:00,CMP-S01-L05-01,S01,S01-L05,1,running,151.9988,460.7784,98.9815,37.5425,-0.7408,A,relation-reasoning-agent-eval-v3.1
2026-08-18T14:30:00+09:00,CMP-S01-L01-01,S01,S01-L01,1,running,158.6174,477.6318,82.9076,39.0342,-0.1476,A,relation-reasoning-agent-eval-v3.1
2026-08-18T14:30:00+09:00,CMP-S01-L02-01,S01,S01-L02,1,running,174.6144,445.1088,107.3977,44.1644,0.9419,A,relation-reasoning-agent-eval-v3.1
2026-08-18T14:30:00+09:00,CMP-S01-L03-01,S01,S01-L03,1,running,179.8641,440.9996,99.5367,35.0796,-1.015,B,relation-reasoning-agent-eval-v3.1
2026-08-18T14:30:00+09:00,CMP-S01-L04-01,S01,S01-L04,1,running,159.6267,469.6118,96.809,35.9025,-0.7131,A,relation-reasoning-agent-eval-v3.1
2026-08-18T14:30:00+09:00,CMP-S01-L05-01,S01,S01-L05,1,running,169.4335,448.0258,91.6553,41.7756,0.0431,A,relation-reasoning-agent-eval-v3.1
2026-08-18T14:40:00+09:00,CMP-S01-L01-01,S01,S01-L01,1,running,145.1857,508.9985,81.4894,38.1635,-0.3088,A,relation-reasoning-agent-eval-v3.1
2026-08-18T14:40:00+09:00,CMP-S01-L02-01,S01,S01-L02,1,running,193.9016,459.1949,106.4778,47.1277,1.4906,B,relation-reasoning-agent-eval-v3.1
2026-08-18T14:40:00+09:00,CMP-S01-L03-01,S01,S01-L03,1,running,165.0268,465.0008,104.4805,36.0349,-0.8381,A,relation-reasoning-agent-eval-v3.1
2026-08-18T14:40:00+09:00,CMP-S01-L04-01,S01,S01-L04,1,running,144.1292,489.3223,95.5907,36.3348,-0.633,A,relation-reasoning-agent-eval-v3.1
2026-08-18T14:40:00+09:00,CMP-S01-L05-01,S01,S01-L05,1,running,158.229,451.9425,88.8337,41.1545,-0.0719,A,relation-reasoning-agent-eval-v3.1
2026-08-18T14:50:00+09:00,CMP-S01-L01-01,S01,S01-L01,1,running,143.6501,464.3779,79.294,39.6554,-0.0326,A,relation-reasoning-agent-eval-v3.1
2026-08-18T14:50:00+09:00,CMP-S01-L02-01,S01,S01-L02,1,running,191.9631,455.4692,105.3484,45.0026,1.0971,B,relation-reasoning-agent-eval-v3.1
2026-08-18T14:50:00+09:00,CMP-S01-L03-01,S01,S01-L03,1,running,159.6489,461.3016,108.3912,32.7731,-1.4421,B,relation-reasoning-agent-eval-v3.1
2026-08-18T14:50:00+09:00,CMP-S01-L04-01,S01,S01-L04,1,running,168.3659,483.6725,97.6053,34.6716,-0.941,A,relation-reasoning-agent-eval-v3.1
2026-08-18T14:50:00+09:00,CMP-S01-L05-01,S01,S01-L05,1,running,163.0797,473.576,93.4045,44.8045,0.604,A,relation-reasoning-agent-eval-v3.1
2026-08-18T15:00:00+09:00,CMP-S01-L01-01,S01,S01-L01,1,running,158.8515,440.3665,76.2368,44.3313,0.8334,A,relation-reasoning-agent-eval-v3.1
2026-08-18T15:00:00+09:00,CMP-S01-L02-01,S01,S01-L02,1,running,203.5161,423.6916,111.6686,37.78,-0.2404,A,relation-reasoning-agent-eval-v3.1
2026-08-18T15:00:00+09:00,CMP-S01-L03-01,S01,S01-L03,1,running,164.6199,448.4084,109.5888,38.6811,-0.348,A,relation-reasoning-agent-eval-v3.1
2026-08-18T15:00:00+09:00,CMP-S01-L04-01,S01,S01-L04,1,running,161.6008,487.8139,100.1283,35.513,-0.7852,A,relation-reasoning-agent-eval-v3.1
2026-08-18T15:00:00+09:00,CMP-S01-L05-01,S01,S01-L05,1,running,151.1301,469.7493,93.814,46.8475,0.9824,A,relation-reasoning-agent-eval-v3.1
2026-08-18T15:10:00+09:00,CMP-S01-L01-01,S01,S01-L01,1,running,149.4498,462.4338,74.811,42.3551,0.4674,A,relation-reasoning-agent-eval-v3.1
2026-08-18T15:10:00+09:00,CMP-S01-L02-01,S01,S01-L02,1,running,190.2555,464.7668,109.2458,38.823,-0.0473,A,relation-reasoning-agent-eval-v3.1
2026-08-18T15:10:00+09:00,CMP-S01-L03-01,S01,S01-L03,1,running,159.1462,450.0369,115.9076,33.7157,-1.2676,B,relation-reasoning-agent-eval-v3.1
2026-08-18T15:10:00+09:00,CMP-S01-L04-01,S01,S01-L04,1,running,156.9091,479.2736,94.2578,41.9474,0.4063,A,relation-reasoning-agent-eval-v3.1
2026-08-18T15:10:00+09:00,CMP-S01-L05-01,S01,S01-L05,1,running,140.6348,465.3109,94.7059,41.9188,0.0697,A,relation-reasoning-agent-eval-v3.1
2026-08-18T15:20:00+09:00,CMP-S01-L01-01,S01,S01-L01,1,running,133.8132,445.3615,80.1148,43.3599,0.6535,A,relation-reasoning-agent-eval-v3.1
2026-08-18T15:20:00+09:00,CMP-S01-L02-01,S01,S01-L02,1,running,176.1637,469.2985,100.6895,38.4974,-0.1076,A,relation-reasoning-agent-eval-v3.1
2026-08-18T15:20:00+09:00,CMP-S01-L03-01,S01,S01-L03,1,running,171.1492,446.0903,115.4906,36.2317,-0.8016,A,relation-reasoning-agent-eval-v3.1
2026-08-18T15:20:00+09:00,CMP-S01-L04-01,S01,S01-L04,1,running,150.2278,486.5835,97.3073,42.8263,0.5691,A,relation-reasoning-agent-eval-v3.1
2026-08-18T15:20:00+09:00,CMP-S01-L05-01,S01,S01-L05,1,running,157.8534,465.3755,94.4845,41.105,-0.081,A,relation-reasoning-agent-eval-v3.1
2026-08-18T15:30:00+09:00,CMP-S01-L01-01,S01,S01-L01,1,running,157.061,405.9723,75.0119,43.9562,0.7639,A,relation-reasoning-agent-eval-v3.1
2026-08-18T15:30:00+09:00,CMP-S01-L02-01,S01,S01-L02,1,running,174.7119,486.7118,105.7632,36.3089,-0.5128,A,relation-reasoning-agent-eval-v3.1
2026-08-18T15:30:00+09:00,CMP-S01-L03-01,S01,S01-L03,1,running,160.487,467.1262,112.4039,41.9065,0.2493,A,relation-reasoning-agent-eval-v3.1
2026-08-18T15:30:00+09:00,CMP-S01-L04-01,S01,S01-L04,1,running,141.1851,494.5362,95.5877,47.051,1.3515,B,relation-reasoning-agent-eval-v3.1
2026-08-18T15:30:00+09:00,CMP-S01-L05-01,S01,S01-L05,1,running,154.1758,493.4331,82.4167,42.3562,0.1507,A,relation-reasoning-agent-eval-v3.1
2026-08-18T15:40:00+09:00,CMP-S01-L01-01,S01,S01-L01,1,running,168.8286,412.2429,72.7074,40.1663,0.062,A,relation-reasoning-agent-eval-v3.1
2026-08-18T15:40:00+09:00,CMP-S01-L02-01,S01,S01-L02,1,running,187.5821,435.3494,99.3745,44.5781,1.0185,B,relation-reasoning-agent-eval-v3.1
2026-08-18T15:40:00+09:00,CMP-S01-L03-01,S01,S01-L03,1,running,164.9367,390.8257,103.9631,41.4049,0.1564,A,relation-reasoning-agent-eval-v3.1
2026-08-18T15:40:00+09:00,CMP-S01-L04-01,S01,S01-L04,1,running,159.8222,465.1621,95.5408,45.4611,1.057,B,relation-reasoning-agent-eval-v3.1
2026-08-18T15:40:00+09:00,CMP-S01-L05-01,S01,S01-L05,1,running,179.3363,445.2613,84.1511,41.4113,-0.0243,A,relation-reasoning-agent-eval-v3.1
2026-08-18T15:50:00+09:00,CMP-S01-L01-01,S01,S01-L01,1,running,156.0587,397.9566,71.2947,39.8408,0.0018,A,relation-reasoning-agent-eval-v3.1
2026-08-18T15:50:00+09:00,CMP-S01-L02-01,S01,S01-L02,1,running,181.5847,400.274,100.3101,45.5667,1.2016,B,relation-reasoning-agent-eval-v3.1
2026-08-18T15:50:00+09:00,CMP-S01-L03-01,S01,S01-L03,1,running,162.9225,376.3143,100.6574,42.9895,0.4498,A,relation-reasoning-agent-eval-v3.1
2026-08-18T15:50:00+09:00,CMP-S01-L04-01,S01,S01-L04,1,running,156.1425,479.365,96.4951,45.9292,1.1437,B,relation-reasoning-agent-eval-v3.1
2026-08-18T15:50:00+09:00,CMP-S01-L05-01,S01,S01-L05,1,running,175.4987,414.5139,93.4459,39.5287,-0.3729,A,relation-reasoning-agent-eval-v3.1
2026-08-18T16:00:00+09:00,CMP-S01-L01-01,S01,S01-L01,1,running,170.4029,421.0434,74.6548,40.2042,0.0691,A,relation-reasoning-agent-eval-v3.1
2026-08-18T16:00:00+09:00,CMP-S01-L02-01,S01,S01-L02,1,running,186.4143,391.0648,103.2862,41.8064,0.5052,A,relation-reasoning-agent-eval-v3.1
2026-08-18T16:00:00+09:00,CMP-S01-L03-01,S01,S01-L03,1,running,175.9866,354.6855,108.5313,45.3154,0.8805,A,relation-reasoning-agent-eval-v3.1
2026-08-18T16:00:00+09:00,CMP-S01-L04-01,S01,S01-L04,1,running,165.6237,452.706,102.2098,45.8962,1.1376,B,relation-reasoning-agent-eval-v3.1
2026-08-18T16:00:00+09:00,CMP-S01-L05-01,S01,S01-L05,1,running,175.0602,376.8612,97.7689,42.1266,0.1081,A,relation-reasoning-agent-eval-v3.1
2026-08-18T16:10:00+09:00,CMP-S01-L01-01,S01,S01-L01,1,running,165.7573,445.534,79.1565,37.2266,-0.4824,A,relation-reasoning-agent-eval-v3.1
2026-08-18T16:10:00+09:00,CMP-S01-L02-01,S01,S01-L02,1,running,186.7401,422.9698,97.2499,39.5691,0.0909,A,relation-reasoning-agent-eval-v3.1
2026-08-18T16:10:00+09:00,CMP-S01-L03-01,S01,S01-L03,1,running,172.8613,403.6549,104.8711,42.7036,0.3969,A,relation-reasoning-agent-eval-v3.1
2026-08-18T16:10:00+09:00,CMP-S01-L04-01,S01,S01-L04,1,running,145.4585,482.7045,104.6917,39.2284,-0.0972,A,relation-reasoning-agent-eval-v3.1
2026-08-18T16:10:00+09:00,CMP-S01-L05-01,S01,S01-L05,1,running,165.7512,390.3743,91.9121,42.9626,0.263,A,relation-reasoning-agent-eval-v3.1
2026-08-18T16:20:00+09:00,CMP-S01-L01-01,S01,S01-L01,1,running,170.0023,459.9659,79.9196,35.6837,-0.7681,A,relation-reasoning-agent-eval-v3.1
2026-08-18T16:20:00+09:00,CMP-S01-L02-01,S01,S01-L02,1,running,185.9649,369.8021,95.3328,38.9728,-0.0195,A,relation-reasoning-agent-eval-v3.1
2026-08-18T16:20:00+09:00,CMP-S01-L03-01,S01,S01-L03,1,running,165.8795,425.7074,104.7003,45.8309,0.976,A,relation-reasoning-agent-eval-v3.1
2026-08-18T16:20:00+09:00,CMP-S01-L04-01,S01,S01-L04,1,running,143.7993,502.0278,104.0137,37.9449,-0.3348,A,relation-reasoning-agent-eval-v3.1
2026-08-18T16:20:00+09:00,CMP-S01-L05-01,S01,S01-L05,1,running,183.7143,378.3701,90.7476,42.245,0.1301,A,relation-reasoning-agent-eval-v3.1
2026-08-18T16:30:00+09:00,CMP-S01-L01-01,S01,S01-L01,1,running,168.4584,475.1517,75.8348,39.477,-0.0656,A,relation-reasoning-agent-eval-v3.1
2026-08-18T16:30:00+09:00,CMP-S01-L02-01,S01,S01-L02,1,running,190.7238,360.0171,99.8862,37.6878,-0.2575,A,relation-reasoning-agent-eval-v3.1
2026-08-18T16:30:00+09:00,CMP-S01-L03-01,S01,S01-L03,1,running,174.7273,431.6298,104.6735,46.5817,1.115,B,relation-reasoning-agent-eval-v3.1
2026-08-18T16:30:00+09:00,CMP-S01-L04-01,S01,S01-L04,1,running,139.4438,534.0449,105.9126,45.1546,1.0003,B,relation-reasoning-agent-eval-v3.1
2026-08-18T16:30:00+09:00,CMP-S01-L05-01,S01,S01-L05,1,running,176.0433,357.3817,86.1161,43.7793,0.4142,A,relation-reasoning-agent-eval-v3.1
2026-08-18T16:40:00+09:00,CMP-S01-L01-01,S01,S01-L01,1,running,163.3838,495.3947,79.1053,38.9959,-0.1546,A,relation-reasoning-agent-eval-v3.1
2026-08-18T16:40:00+09:00,CMP-S01-L02-01,S01,S01-L02,1,running,205.5443,417.3186,103.5084,42.7126,0.673,A,relation-reasoning-agent-eval-v3.1
2026-08-18T16:40:00+09:00,CMP-S01-L03-01,S01,S01-L03,1,running,166.3259,465.4344,97.9073,51.8086,2.083,C,relation-reasoning-agent-eval-v3.1
2026-08-18T16:40:00+09:00,CMP-S01-L04-01,S01,S01-L04,1,running,154.3927,519.8675,102.6371,40.7072,0.1767,A,relation-reasoning-agent-eval-v3.1
2026-08-18T16:40:00+09:00,CMP-S01-L05-01,S01,S01-L05,1,running,165.2579,349.0689,90.4591,45.1778,0.6732,A,relation-reasoning-agent-eval-v3.1
2026-08-18T16:50:00+09:00,CMP-S01-L01-01,S01,S01-L01,1,running,160.763,506.5749,79.2502,38.4589,-0.2542,A,relation-reasoning-agent-eval-v3.1
2026-08-18T16:50:00+09:00,CMP-S01-L02-01,S01,S01-L02,1,running,192.6241,459.8411,104.4325,41.0939,0.3733,A,relation-reasoning-agent-eval-v3.1
2026-08-18T16:50:00+09:00,CMP-S01-L03-01,S01,S01-L03,1,running,153.1862,435.0662,96.1322,50.2891,1.8016,B,relation-reasoning-agent-eval-v3.1
2026-08-18T16:50:00+09:00,CMP-S01-L04-01,S01,S01-L04,1,running,175.3056,480.3641,106.2694,41.9523,0.4073,A,relation-reasoning-agent-eval-v3.1
2026-08-18T16:50:00+09:00,CMP-S01-L05-01,S01,S01-L05,1,running,159.7971,392.0516,96.3637,43.5374,0.3694,A,relation-reasoning-agent-eval-v3.1
2026-08-18T17:00:00+09:00,CMP-S01-L01-01,S01,S01-L01,1,running,173.2874,475.4919,83.0948,42.572,0.5075,A,relation-reasoning-agent-eval-v3.1
2026-08-18T17:00:00+09:00,CMP-S01-L02-01,S01,S01-L02,1,running,201.3306,421.7875,113.4311,40.1032,0.1898,A,relation-reasoning-agent-eval-v3.1
2026-08-18T17:00:00+09:00,CMP-S01-L03-01,S01,S01-L03,1,running,161.3833,409.8026,102.305,54.7837,2.6339,C,relation-reasoning-agent-eval-v3.1
2026-08-18T17:00:00+09:00,CMP-S01-L04-01,S01,S01-L04,1,running,194.2993,423.9958,105.2433,44.136,0.8117,A,relation-reasoning-agent-eval-v3.1
2026-08-18T17:00:00+09:00,CMP-S01-L05-01,S01,S01-L05,1,running,169.4719,379.178,100.2686,42.6463,0.2044,A,relation-reasoning-agent-eval-v3.1
2026-08-18T17:10:00+09:00,CMP-S01-L01-01,S01,S01-L01,1,running,174.2234,494.6549,81.8119,53.1147,2.4599,C,relation-reasoning-agent-eval-v3.1
2026-08-18T17:10:00+09:00,CMP-S01-L02-01,S01,S01-L02,1,running,189.231,410.8261,113.3512,35.0435,-0.7472,A,relation-reasoning-agent-eval-v3.1
2026-08-18T17:10:00+09:00,CMP-S01-L03-01,S01,S01-L03,1,running,154.9499,428.7446,100.8358,55.8132,2.8246,C,relation-reasoning-agent-eval-v3.1
2026-08-18T17:10:00+09:00,CMP-S01-L04-01,S01,S01-L04,1,running,191.1097,399.4345,99.5762,39.9894,0.0438,A,relation-reasoning-agent-eval-v3.1
2026-08-18T17:10:00+09:00,CMP-S01-L05-01,S01,S01-L05,1,running,174.5586,386.5376,100.6356,42.1702,0.1162,A,relation-reasoning-agent-eval-v3.1
2026-08-18T17:20:00+09:00,CMP-S01-L01-01,S01,S01-L01,1,running,184.8329,488.4574,77.7512,46.3735,1.2116,B,relation-reasoning-agent-eval-v3.1
2026-08-18T17:20:00+09:00,CMP-S01-L02-01,S01,S01-L02,1,running,173.8291,475.5177,107.1952,31.0602,-1.4848,B,relation-reasoning-agent-eval-v3.1
2026-08-18T17:20:00+09:00,CMP-S01-L03-01,S01,S01-L03,1,running,166.172,405.4314,99.6354,44.4865,0.727,A,relation-reasoning-agent-eval-v3.1
2026-08-18T17:20:00+09:00,CMP-S01-L04-01,S01,S01-L04,1,running,197.1407,418.9046,103.8662,40.1348,0.0707,A,relation-reasoning-agent-eval-v3.1
2026-08-18T17:20:00+09:00,CMP-S01-L05-01,S01,S01-L05,1,running,172.3997,407.6844,99.938,40.3789,-0.2155,A,relation-reasoning-agent-eval-v3.1
2026-08-18T17:30:00+09:00,CMP-S01-L01-01,S01,S01-L01,1,running,200.0098,437.7094,77.4169,44.6019,0.8835,A,relation-reasoning-agent-eval-v3.1
2026-08-18T17:30:00+09:00,CMP-S01-L02-01,S01,S01-L02,1,running,152.8272,486.8352,103.2521,33.1381,-1.1,B,relation-reasoning-agent-eval-v3.1
2026-08-18T17:30:00+09:00,CMP-S01-L03-01,S01,S01-L03,1,running,149.2368,458.3425,101.8524,33.0561,-1.3897,B,relation-reasoning-agent-eval-v3.1
2026-08-18T17:30:00+09:00,CMP-S01-L04-01,S01,S01-L04,1,running,196.012,420.6625,104.7795,42.0577,0.4268,A,relation-reasoning-agent-eval-v3.1
2026-08-18T17:30:00+09:00,CMP-S01-L05-01,S01,S01-L05,1,running,160.8192,382.1333,97.5843,38.3719,-0.5872,A,relation-reasoning-agent-eval-v3.1
2026-08-18T17:40:00+09:00,CMP-S01-L01-01,S01,S01-L01,1,running,201.641,413.7743,80.4255,44.1125,0.7928,A,relation-reasoning-agent-eval-v3.1
2026-08-18T17:40:00+09:00,CMP-S01-L02-01,S01,S01-L02,1,running,179.8503,502.7556,99.1238,30.9476,-1.5057,B,relation-reasoning-agent-eval-v3.1
2026-08-18T17:40:00+09:00,CMP-S01-L03-01,S01,S01-L03,1,running,144.4738,405.7479,102.4221,34.7845,-1.0696,B,relation-reasoning-agent-eval-v3.1
2026-08-18T17:40:00+09:00,CMP-S01-L04-01,S01,S01-L04,1,running,184.7838,408.4649,100.3296,44.5932,0.8963,A,relation-reasoning-agent-eval-v3.1
2026-08-18T17:40:00+09:00,CMP-S01-L05-01,S01,S01-L05,1,running,177.2921,400.8844,103.7481,38.7833,-0.511,A,relation-reasoning-agent-eval-v3.1
2026-08-18T17:50:00+09:00,CMP-S01-L01-01,S01,S01-L01,1,running,194.3952,419.8383,78.5357,43.0467,0.5955,A,relation-reasoning-agent-eval-v3.1
2026-08-18T17:50:00+09:00,CMP-S01-L02-01,S01,S01-L02,1,running,164.443,472.8801,100.8568,31.597,-1.3854,B,relation-reasoning-agent-eval-v3.1
2026-08-18T17:50:00+09:00,CMP-S01-L03-01,S01,S01-L03,1,running,143.0519,419.289,106.0166,39.7372,-0.1525,A,relation-reasoning-agent-eval-v3.1
2026-08-18T17:50:00+09:00,CMP-S01-L04-01,S01,S01-L04,1,running,156.0448,422.6933,95.1627,39.2808,-0.0875,A,relation-reasoning-agent-eval-v3.1
2026-08-18T17:50:00+09:00,CMP-S01-L05-01,S01,S01-L05,1,running,177.2312,378.4632,99.7063,37.3372,-0.7788,A,relation-reasoning-agent-eval-v3.1
2026-08-18T18:00:00+09:00,CMP-S01-L01-01,S01,S01-L01,1,running,178.8169,412.2877,84.6487,47.0268,1.3325,B,relation-reasoning-agent-eval-v3.1
2026-08-18T18:00:00+09:00,CMP-S01-L02-01,S01,S01-L02,1,running,165.4683,436.6066,100.6182,38.6161,-0.0856,A,relation-reasoning-agent-eval-v3.1
2026-08-18T18:00:00+09:00,CMP-S01-L03-01,S01,S01-L03,1,running,136.8001,434.7149,102.8953,41.4244,0.16,A,relation-reasoning-agent-eval-v3.1
2026-08-18T18:00:00+09:00,CMP-S01-L04-01,S01,S01-L04,1,running,165.4906,438.478,100.4199,42.7764,0.5599,A,relation-reasoning-agent-eval-v3.1
2026-08-18T18:00:00+09:00,CMP-S01-L05-01,S01,S01-L05,1,running,176.2029,420.3769,96.6671,38.3096,-0.5987,A,relation-reasoning-agent-eval-v3.1
2026-08-18T18:10:00+09:00,CMP-S01-L01-01,S01,S01-L01,1,running,190.0994,441.2787,87.0628,42.8704,0.5628,A,relation-reasoning-agent-eval-v3.1
2026-08-18T18:10:00+09:00,CMP-S01-L02-01,S01,S01-L02,1,running,165.998,432.5483,102.2284,31.2882,-1.4426,B,relation-reasoning-agent-eval-v3.1
2026-08-18T18:10:00+09:00,CMP-S01-L03-01,S01,S01-L03,1,running,149.8913,426.9386,104.6731,40.7611,0.0372,A,relation-reasoning-agent-eval-v3.1
2026-08-18T18:10:00+09:00,CMP-S01-L04-01,S01,S01-L04,1,running,177.6032,469.4783,100.7902,38.7876,-0.1788,A,relation-reasoning-agent-eval-v3.1
2026-08-18T18:10:00+09:00,CMP-S01-L05-01,S01,S01-L05,1,running,196.457,443.4768,97.8334,40.1997,-0.2487,A,relation-reasoning-agent-eval-v3.1
2026-08-18T18:20:00+09:00,CMP-S01-L01-01,S01,S01-L01,1,running,197.5438,470.8906,86.5597,45.6261,1.0731,B,relation-reasoning-agent-eval-v3.1
2026-08-18T18:20:00+09:00,CMP-S01-L02-01,S01,S01-L02,1,running,172.8961,400.7541,93.5626,31.2659,-1.4467,B,relation-reasoning-agent-eval-v3.1
2026-08-18T18:20:00+09:00,CMP-S01-L03-01,S01,S01-L03,1,running,145.0377,435.5023,111.1317,39.8306,-0.1352,A,relation-reasoning-agent-eval-v3.1
2026-08-18T18:20:00+09:00,CMP-S01-L04-01,S01,S01-L04,1,running,164.1566,434.9319,106.8887,43.0006,0.6014,A,relation-reasoning-agent-eval-v3.1
2026-08-18T18:20:00+09:00,CMP-S01-L05-01,S01,S01-L05,1,running,188.6746,383.0394,99.41,36.2967,-0.9715,A,relation-reasoning-agent-eval-v3.1
2026-08-18T18:30:00+09:00,CMP-S01-L01-01,S01,S01-L01,1,running,179.9028,527.086,92.8981,40.9356,0.2046,A,relation-reasoning-agent-eval-v3.1
2026-08-18T18:30:00+09:00,CMP-S01-L02-01,S01,S01-L02,1,running,170.5566,399.8801,99.371,29.6686,-1.7425,B,relation-reasoning-agent-eval-v3.1
2026-08-18T18:30:00+09:00,CMP-S01-L03-01,S01,S01-L03,1,running,145.0103,450.8884,106.9615,40.4953,-0.0121,A,relation-reasoning-agent-eval-v3.1
2026-08-18T18:30:00+09:00,CMP-S01-L04-01,S01,S01-L04,1,running,163.5939,407.3606,105.1996,38.2465,-0.279,A,relation-reasoning-agent-eval-v3.1
2026-08-18T18:30:00+09:00,CMP-S01-L05-01,S01,S01-L05,1,running,180.9927,432.4075,92.3917,31.8248,-1.7996,B,relation-reasoning-agent-eval-v3.1
2026-08-18T18:40:00+09:00,CMP-S01-L01-01,S01,S01-L01,1,running,196.4739,531.2867,94.095,32.2509,-1.4038,B,relation-reasoning-agent-eval-v3.1
2026-08-18T18:40:00+09:00,CMP-S01-L02-01,S01,S01-L02,1,running,170.0302,395.7378,100.2707,33.9246,-0.9544,A,relation-reasoning-agent-eval-v3.1
2026-08-18T18:40:00+09:00,CMP-S01-L03-01,S01,S01-L03,1,running,155.6496,447.5934,100.1481,39.0736,-0.2753,A,relation-reasoning-agent-eval-v3.1
2026-08-18T18:40:00+09:00,CMP-S01-L04-01,S01,S01-L04,1,running,147.8776,406.776,110.7953,39.1416,-0.1132,A,relation-reasoning-agent-eval-v3.1
2026-08-18T18:40:00+09:00,CMP-S01-L05-01,S01,S01-L05,1,running,173.1186,412.1762,90.8647,35.0431,-1.2036,B,relation-reasoning-agent-eval-v3.1
2026-08-18T18:50:00+09:00,CMP-S01-L01-01,S01,S01-L01,1,running,189.335,514.7106,90.7262,41.0244,0.221,A,relation-reasoning-agent-eval-v3.1
2026-08-18T18:50:00+09:00,CMP-S01-L02-01,S01,S01-L02,1,running,181.3205,426.0379,100.0198,32.3651,-1.2432,B,relation-reasoning-agent-eval-v3.1
2026-08-18T18:50:00+09:00,CMP-S01-L03-01,S01,S01-L03,1,running,184.167,460.7308,98.4139,44.7468,0.7753,A,relation-reasoning-agent-eval-v3.1
2026-08-18T18:50:00+09:00,CMP-S01-L04-01,S01,S01-L04,1,running,170.9975,455.7721,108.5642,36.258,-0.6472,A,relation-reasoning-agent-eval-v3.1
2026-08-18T18:50:00+09:00,CMP-S01-L05-01,S01,S01-L05,1,running,182.2249,402.9435,88.5353,30.7853,-1.9921,B,relation-reasoning-agent-eval-v3.1
2026-08-18T19:00:00+09:00,CMP-S01-L01-01,S01,S01-L01,1,running,195.4685,512.8296,90.3791,40.5638,0.1356,A,relation-reasoning-agent-eval-v3.1
2026-08-18T19:00:00+09:00,CMP-S01-L02-01,S01,S01-L02,1,running,161.6335,419.2631,100.5017,30.8759,-1.519,B,relation-reasoning-agent-eval-v3.1
2026-08-18T19:00:00+09:00,CMP-S01-L03-01,S01,S01-L03,1,running,175.8833,457.5193,100.8142,50.2888,1.8015,B,relation-reasoning-agent-eval-v3.1
2026-08-18T19:00:00+09:00,CMP-S01-L04-01,S01,S01-L04,1,running,182.2664,409.5382,100.5844,35.3003,-0.8246,A,relation-reasoning-agent-eval-v3.1
2026-08-18T19:00:00+09:00,CMP-S01-L05-01,S01,S01-L05,1,running,184.4004,434.4476,89.9061,35.8866,-1.0474,B,relation-reasoning-agent-eval-v3.1
2026-08-18T19:10:00+09:00,CMP-S01-L01-01,S01,S01-L01,1,running,175.9351,578.6828,94.229,44.69,0.8997,A,relation-reasoning-agent-eval-v3.1
2026-08-18T19:10:00+09:00,CMP-S01-L02-01,S01,S01-L02,1,running,154.4418,421.1687,110.9923,36.1653,-0.5394,A,relation-reasoning-agent-eval-v3.1
2026-08-18T19:10:00+09:00,CMP-S01-L03-01,S01,S01-L03,1,running,166.122,419.3451,100.638,47.3349,1.2545,B,relation-reasoning-agent-eval-v3.1
2026-08-18T19:10:00+09:00,CMP-S01-L04-01,S01,S01-L04,1,running,169.6095,403.3255,102.7103,37.6548,-0.3886,A,relation-reasoning-agent-eval-v3.1
2026-08-18T19:10:00+09:00,CMP-S01-L05-01,S01,S01-L05,1,running,185.2079,451.5103,96.149,40.5946,-0.1756,A,relation-reasoning-agent-eval-v3.1
2026-08-18T19:20:00+09:00,CMP-S01-L01-01,S01,S01-L01,1,running,168.6391,583.6707,94.2368,41.0211,0.2204,A,relation-reasoning-agent-eval-v3.1
2026-08-18T19:20:00+09:00,CMP-S01-L02-01,S01,S01-L02,1,running,163.9117,435.0945,109.1535,33.7237,-0.9916,A,relation-reasoning-agent-eval-v3.1
2026-08-18T19:20:00+09:00,CMP-S01-L03-01,S01,S01-L03,1,running,177.7502,410.9856,100.7131,46.2404,1.0518,B,relation-reasoning-agent-eval-v3.1
2026-08-18T19:20:00+09:00,CMP-S01-L04-01,S01,S01-L04,1,running,156.7614,421.4606,103.1494,36.3519,-0.6298,A,relation-reasoning-agent-eval-v3.1
2026-08-18T19:20:00+09:00,CMP-S01-L05-01,S01,S01-L05,1,running,181.6448,434.9564,104.8421,32.6363,-1.6493,B,relation-reasoning-agent-eval-v3.1
2026-08-18T19:30:00+09:00,CMP-S01-L01-01,S01,S01-L01,1,running,171.2548,531.1528,93.9642,49.7853,1.8434,B,relation-reasoning-agent-eval-v3.1
2026-08-18T19:30:00+09:00,CMP-S01-L02-01,S01,S01-L02,1,running,177.4564,444.2695,109.7133,32.152,-1.2826,B,relation-reasoning-agent-eval-v3.1
2026-08-18T19:30:00+09:00,CMP-S01-L03-01,S01,S01-L03,1,running,170.2837,438.2095,98.9293,44.8391,0.7923,A,relation-reasoning-agent-eval-v3.1
2026-08-18T19:30:00+09:00,CMP-S01-L04-01,S01,S01-L04,1,running,143.6938,410.6038,101.7151,32.5495,-1.334,B,relation-reasoning-agent-eval-v3.1
2026-08-18T19:30:00+09:00,CMP-S01-L05-01,S01,S01-L05,1,running,186.8465,425.0778,102.205,32.7392,-1.6303,B,relation-reasoning-agent-eval-v3.1
2026-08-18T19:40:00+09:00,CMP-S01-L01-01,S01,S01-L01,1,running,162.7656,440.0978,98.3916,42.1805,0.4351,A,relation-reasoning-agent-eval-v3.1
2026-08-18T19:40:00+09:00,CMP-S01-L02-01,S01,S01-L02,1,running,176.2095,475.9602,112.509,27.9686,-2.0574,C,relation-reasoning-agent-eval-v3.1
2026-08-18T19:40:00+09:00,CMP-S01-L03-01,S01,S01-L03,1,running,160.4463,467.3043,98.5698,44.5331,0.7357,A,relation-reasoning-agent-eval-v3.1
2026-08-18T19:40:00+09:00,CMP-S01-L04-01,S01,S01-L04,1,running,146.3038,347.2799,104.61,35.1185,-0.8583,A,relation-reasoning-agent-eval-v3.1
2026-08-18T19:40:00+09:00,CMP-S01-L05-01,S01,S01-L05,1,running,181.2051,412.261,106.2083,29.2064,-2.2845,C,relation-reasoning-agent-eval-v3.1
2026-08-18T19:50:00+09:00,CMP-S01-L01-01,S01,S01-L01,1,running,173.7146,371.1694,97.4526,36.2906,-0.6557,A,relation-reasoning-agent-eval-v3.1
2026-08-18T19:50:00+09:00,CMP-S01-L02-01,S01,S01-L02,1,running,186.607,460.5242,115.6887,34.73,-0.8052,A,relation-reasoning-agent-eval-v3.1
2026-08-18T19:50:00+09:00,CMP-S01-L03-01,S01,S01-L03,1,running,170.6379,490.8916,101.4057,47.2233,1.2339,B,relation-reasoning-agent-eval-v3.1
2026-08-18T19:50:00+09:00,CMP-S01-L04-01,S01,S01-L04,1,running,158.1185,367.1179,101.323,36.4199,-0.6173,A,relation-reasoning-agent-eval-v3.1
2026-08-18T19:50:00+09:00,CMP-S01-L05-01,S01,S01-L05,1,running,189.9389,369.5613,107.3867,34.7223,-1.263,B,relation-reasoning-agent-eval-v3.1
2026-08-18T20:00:00+09:00,CMP-S01-L01-01,S01,S01-L01,1,running,179.3811,386.5974,96.8596,38.0729,-0.3256,A,relation-reasoning-agent-eval-v3.1
2026-08-18T20:00:00+09:00,CMP-S01-L02-01,S01,S01-L02,1,running,164.1276,493.5474,107.0783,32.4401,-1.2293,B,relation-reasoning-agent-eval-v3.1
2026-08-18T20:00:00+09:00,CMP-S01-L03-01,S01,S01-L03,1,running,156.1038,467.8998,107.7348,41.9173,0.2513,A,relation-reasoning-agent-eval-v3.1
2026-08-18T20:00:00+09:00,CMP-S01-L04-01,S01,S01-L04,1,running,171.2636,379.4899,97.3247,36.3416,-0.6318,A,relation-reasoning-agent-eval-v3.1
2026-08-18T20:00:00+09:00,CMP-S01-L05-01,S01,S01-L05,1,running,180.6899,375.1969,100.9442,36.5707,-0.9207,A,relation-reasoning-agent-eval-v3.1
2026-08-18T20:10:00+09:00,CMP-S01-L01-01,S01,S01-L01,1,running,196.8082,458.0697,96.1847,45.5502,1.0591,B,relation-reasoning-agent-eval-v3.1
2026-08-18T20:10:00+09:00,CMP-S01-L02-01,S01,S01-L02,1,running,152.3332,519.2997,108.6055,32.745,-1.1728,B,relation-reasoning-agent-eval-v3.1
2026-08-18T20:10:00+09:00,CMP-S01-L03-01,S01,S01-L03,1,running,180.5342,475.4556,103.6064,39.0178,-0.2857,A,relation-reasoning-agent-eval-v3.1
2026-08-18T20:10:00+09:00,CMP-S01-L04-01,S01,S01-L04,1,running,178.8204,435.1842,97.759,33.4357,-1.1699,B,relation-reasoning-agent-eval-v3.1
2026-08-18T20:10:00+09:00,CMP-S01-L05-01,S01,S01-L05,1,running,166.1714,340.5546,108.5154,33.3964,-1.5086,B,relation-reasoning-agent-eval-v3.1
2026-08-18T20:20:00+09:00,CMP-S01-L01-01,S01,S01-L01,1,running,195.6243,405.9259,95.1286,41.0423,0.2243,A,relation-reasoning-agent-eval-v3.1
2026-08-18T20:20:00+09:00,CMP-S01-L02-01,S01,S01-L02,1,running,181.3883,529.1817,116.9968,31.4341,-1.4156,B,relation-reasoning-agent-eval-v3.1
2026-08-18T20:20:00+09:00,CMP-S01-L03-01,S01,S01-L03,1,running,174.9514,443.2967,105.4672,41.7314,0.2168,A,relation-reasoning-agent-eval-v3.1
2026-08-18T20:20:00+09:00,CMP-S01-L04-01,S01,S01-L04,1,running,192.0612,424.3806,102.2563,38.5077,-0.2306,A,relation-reasoning-agent-eval-v3.1
2026-08-18T20:20:00+09:00,CMP-S01-L05-01,S01,S01-L05,1,running,175.189,326.2044,103.9645,34.545,-1.2959,B,relation-reasoning-agent-eval-v3.1
2026-08-18T20:30:00+09:00,CMP-S01-L01-01,S01,S01-L01,1,running,195.6909,377.0666,96.1952,37.7175,-0.3914,A,relation-reasoning-agent-eval-v3.1
2026-08-18T20:30:00+09:00,CMP-S01-L02-01,S01,S01-L02,1,running,193.2201,488.2061,112.316,31.689,-1.3684,B,relation-reasoning-agent-eval-v3.1
2026-08-18T20:30:00+09:00,CMP-S01-L03-01,S01,S01-L03,1,running,173.7897,491.6403,105.6399,38.6124,-0.3608,A,relation-reasoning-agent-eval-v3.1
2026-08-18T20:30:00+09:00,CMP-S01-L04-01,S01,S01-L04,1,running,197.0304,456.4461,102.1134,39.956,0.0376,A,relation-reasoning-agent-eval-v3.1
2026-08-18T20:30:00+09:00,CMP-S01-L05-01,S01,S01-L05,1,running,160.2971,412.3959,100.0713,37.7598,-0.7005,A,relation-reasoning-agent-eval-v3.1
2026-08-18T20:40:00+09:00,CMP-S01-L01-01,S01,S01-L01,1,running,191.7938,394.3313,92.3696,48.4628,1.5985,B,relation-reasoning-agent-eval-v3.1
2026-08-18T20:40:00+09:00,CMP-S01-L02-01,S01,S01-L02,1,running,168.2335,472.837,109.2545,34.6454,-0.8209,A,relation-reasoning-agent-eval-v3.1
2026-08-18T20:40:00+09:00,CMP-S01-L03-01,S01,S01-L03,1,running,176.2174,497.8661,101.2169,35.5003,-0.9371,A,relation-reasoning-agent-eval-v3.1
2026-08-18T20:40:00+09:00,CMP-S01-L04-01,S01,S01-L04,1,running,184.0335,476.9739,98.1183,42.7234,0.5501,A,relation-reasoning-agent-eval-v3.1
2026-08-18T20:40:00+09:00,CMP-S01-L05-01,S01,S01-L05,1,running,186.7321,392.929,94.0426,32.4372,-1.6862,B,relation-reasoning-agent-eval-v3.1
2026-08-18T20:50:00+09:00,CMP-S01-L01-01,S01,S01-L01,1,running,175.4334,428.0788,97.219,44.2733,0.8226,A,relation-reasoning-agent-eval-v3.1
2026-08-18T20:50:00+09:00,CMP-S01-L02-01,S01,S01-L02,1,running,164.9334,481.7147,105.8372,36.6649,-0.4469,A,relation-reasoning-agent-eval-v3.1
2026-08-18T20:50:00+09:00,CMP-S01-L03-01,S01,S01-L03,1,running,191.064,453.941,99.9634,39.6098,-0.176,A,relation-reasoning-agent-eval-v3.1
2026-08-18T20:50:00+09:00,CMP-S01-L04-01,S01,S01-L04,1,running,172.9439,469.7948,90.8713,39.5233,-0.0425,A,relation-reasoning-agent-eval-v3.1
2026-08-18T20:50:00+09:00,CMP-S01-L05-01,S01,S01-L05,1,running,177.0756,398.8905,94.5582,37.3354,-0.7791,A,relation-reasoning-agent-eval-v3.1
2026-08-18T21:00:00+09:00,CMP-S01-L01-01,S01,S01-L01,1,running,168.772,441.7081,92.6517,48.1481,1.5402,B,relation-reasoning-agent-eval-v3.1
2026-08-18T21:00:00+09:00,CMP-S01-L02-01,S01,S01-L02,1,running,172.4111,459.3881,105.2273,39.8229,0.1379,A,relation-reasoning-agent-eval-v3.1
2026-08-18T21:00:00+09:00,CMP-S01-L03-01,S01,S01-L03,1,running,166.3781,405.5965,100.2109,42.7611,0.4075,A,relation-reasoning-agent-eval-v3.1
2026-08-18T21:00:00+09:00,CMP-S01-L04-01,S01,S01-L04,1,running,180.6157,473.3787,96.1649,41.3907,0.3033,A,relation-reasoning-agent-eval-v3.1
2026-08-18T21:00:00+09:00,CMP-S01-L05-01,S01,S01-L05,1,running,162.1051,401.3398,97.6556,40.7817,-0.1409,A,relation-reasoning-agent-eval-v3.1
2026-08-18T21:10:00+09:00,CMP-S01-L01-01,S01,S01-L01,1,running,168.7834,483.6172,96.5769,49.9362,1.8713,B,relation-reasoning-agent-eval-v3.1
2026-08-18T21:10:00+09:00,CMP-S01-L02-01,S01,S01-L02,1,running,163.245,490.2948,103.9224,38.8498,-0.0423,A,relation-reasoning-agent-eval-v3.1
2026-08-18T21:10:00+09:00,CMP-S01-L03-01,S01,S01-L03,1,running,166.9575,443.1958,101.7589,41.8117,0.2317,A,relation-reasoning-agent-eval-v3.1
2026-08-18T21:10:00+09:00,CMP-S01-L04-01,S01,S01-L04,1,running,185.4378,498.8425,97.9459,33.8547,-1.0923,B,relation-reasoning-agent-eval-v3.1
2026-08-18T21:10:00+09:00,CMP-S01-L05-01,S01,S01-L05,1,running,151.6679,399.2148,98.2222,42.4361,0.1655,A,relation-reasoning-agent-eval-v3.1
2026-08-18T21:20:00+09:00,CMP-S01-L01-01,S01,S01-L01,1,running,162.8201,423.1499,98.9119,43.7204,0.7202,A,relation-reasoning-agent-eval-v3.1
2026-08-18T21:20:00+09:00,CMP-S01-L02-01,S01,S01-L02,1,running,184.5362,421.7764,110.0297,39.8708,0.1468,A,relation-reasoning-agent-eval-v3.1
2026-08-18T21:20:00+09:00,CMP-S01-L03-01,S01,S01-L03,1,running,160.7112,477.9007,106.4956,38.1596,-0.4446,A,relation-reasoning-agent-eval-v3.1
2026-08-18T21:20:00+09:00,CMP-S01-L04-01,S01,S01-L04,1,running,167.5784,513.5363,102.5039,38.9042,-0.1572,A,relation-reasoning-agent-eval-v3.1
2026-08-18T21:20:00+09:00,CMP-S01-L05-01,S01,S01-L05,1,running,145.7341,406.1786,104.9694,44.7448,0.593,A,relation-reasoning-agent-eval-v3.1
2026-08-18T21:30:00+09:00,CMP-S01-L01-01,S01,S01-L01,1,running,185.1786,462.2499,98.6095,45.769,1.0996,B,relation-reasoning-agent-eval-v3.1
2026-08-18T21:30:00+09:00,CMP-S01-L02-01,S01,S01-L02,1,running,181.7592,418.5585,103.1035,43.2191,0.7668,A,relation-reasoning-agent-eval-v3.1
2026-08-18T21:30:00+09:00,CMP-S01-L03-01,S01,S01-L03,1,running,151.3977,475.2392,110.9694,37.4613,-0.5739,A,relation-reasoning-agent-eval-v3.1
2026-08-18T21:30:00+09:00,CMP-S01-L04-01,S01,S01-L04,1,running,155.6736,488.0593,100.995,38.8456,-0.1681,A,relation-reasoning-agent-eval-v3.1
2026-08-18T21:30:00+09:00,CMP-S01-L05-01,S01,S01-L05,1,running,170.8896,363.4284,102.5495,45.1481,0.6677,A,relation-reasoning-agent-eval-v3.1
2026-08-18T21:40:00+09:00,CMP-S01-L01-01,S01,S01-L01,1,running,174.2065,477.043,99.7969,46.5656,1.2471,B,relation-reasoning-agent-eval-v3.1
2026-08-18T21:40:00+09:00,CMP-S01-L02-01,S01,S01-L02,1,running,168.3285,381.4013,104.013,46.7723,1.4248,B,relation-reasoning-agent-eval-v3.1
2026-08-18T21:40:00+09:00,CMP-S01-L03-01,S01,S01-L03,1,running,152.6992,479.2094,111.919,41.4483,0.1644,A,relation-reasoning-agent-eval-v3.1
2026-08-18T21:40:00+09:00,CMP-S01-L04-01,S01,S01-L04,1,running,150.3307,515.915,112.085,38.7325,-0.189,A,relation-reasoning-agent-eval-v3.1
2026-08-18T21:40:00+09:00,CMP-S01-L05-01,S01,S01-L05,1,running,159.6338,447.9249,96.8491,42.9467,0.26,A,relation-reasoning-agent-eval-v3.1
2026-08-18T21:50:00+09:00,CMP-S01-L01-01,S01,S01-L01,1,running,154.1115,444.4493,95.7365,48.2085,1.5514,B,relation-reasoning-agent-eval-v3.1
2026-08-18T21:50:00+09:00,CMP-S01-L02-01,S01,S01-L02,1,running,166.937,451.5506,95.1503,45.5955,1.2069,B,relation-reasoning-agent-eval-v3.1
2026-08-18T21:50:00+09:00,CMP-S01-L03-01,S01,S01-L03,1,running,152.7807,464.6939,109.355,42.1733,0.2987,A,relation-reasoning-agent-eval-v3.1
2026-08-18T21:50:00+09:00,CMP-S01-L04-01,S01,S01-L04,1,running,152.0896,522.7909,110.2991,36.8907,-0.5301,A,relation-reasoning-agent-eval-v3.1
2026-08-18T21:50:00+09:00,CMP-S01-L05-01,S01,S01-L05,1,running,153.5309,459.3879,94.4082,43.9943,0.454,A,relation-reasoning-agent-eval-v3.1
2026-08-18T22:00:00+09:00,CMP-S01-L01-01,S01,S01-L01,1,running,147.5196,458.2637,89.9441,51.5005,2.161,C,relation-reasoning-agent-eval-v3.1
2026-08-18T22:00:00+09:00,CMP-S01-L02-01,S01,S01-L02,1,running,154.34,492.1058,91.7455,48.6958,1.781,B,relation-reasoning-agent-eval-v3.1
2026-08-18T22:00:00+09:00,CMP-S01-L03-01,S01,S01-L03,1,running,155.4726,416.2247,106.2696,43.4634,0.5376,A,relation-reasoning-agent-eval-v3.1
2026-08-18T22:00:00+09:00,CMP-S01-L04-01,S01,S01-L04,1,running,172.0835,491.1303,108.5733,36.5978,-0.5843,A,relation-reasoning-agent-eval-v3.1
2026-08-18T22:00:00+09:00,CMP-S01-L05-01,S01,S01-L05,1,running,143.9552,449.6656,95.8039,40.1549,-0.257,A,relation-reasoning-agent-eval-v3.1
2026-08-18T22:10:00+09:00,CMP-S01-L01-01,S01,S01-L01,1,running,153.3699,476.8355,93.3041,39.6745,-0.029,A,relation-reasoning-agent-eval-v3.1
2026-08-18T22:10:00+09:00,CMP-S01-L02-01,S01,S01-L02,1,running,161.2571,489.0258,98.0357,51.2827,2.2601,C,relation-reasoning-agent-eval-v3.1
2026-08-18T22:10:00+09:00,CMP-S01-L03-01,S01,S01-L03,1,running,144.941,421.0894,109.101,45.0711,0.8353,A,relation-reasoning-agent-eval-v3.1
2026-08-18T22:10:00+09:00,CMP-S01-L04-01,S01,S01-L04,1,running,169.2992,510.2937,111.1014,34.6122,-0.952,A,relation-reasoning-agent-eval-v3.1
2026-08-18T22:10:00+09:00,CMP-S01-L05-01,S01,S01-L05,1,running,145.9207,450.9921,85.7883,40.6173,-0.1714,A,relation-reasoning-agent-eval-v3.1
2026-08-18T22:20:00+09:00,CMP-S01-L01-01,S01,S01-L01,1,running,154.8685,519.1413,87.079,43.7842,0.732,A,relation-reasoning-agent-eval-v3.1
2026-08-18T22:20:00+09:00,CMP-S01-L02-01,S01,S01-L02,1,running,175.2354,481.872,98.7491,57.9896,3.5021,D,relation-reasoning-agent-eval-v3.1
2026-08-18T22:20:00+09:00,CMP-S01-L03-01,S01,S01-L03,1,running,152.8687,421.5325,109.1565,41.1016,0.1002,A,relation-reasoning-agent-eval-v3.1
2026-08-18T22:20:00+09:00,CMP-S01-L04-01,S01,S01-L04,1,running,160.8975,505.9634,110.8943,41.8041,0.3798,A,relation-reasoning-agent-eval-v3.1
2026-08-18T22:20:00+09:00,CMP-S01-L05-01,S01,S01-L05,1,running,145.904,421.8964,94.1703,46.1666,0.8563,A,relation-reasoning-agent-eval-v3.1
2026-08-18T22:30:00+09:00,CMP-S01-L01-01,S01,S01-L01,1,running,155.1362,507.0907,90.3817,37.1838,-0.4903,A,relation-reasoning-agent-eval-v3.1
2026-08-18T22:30:00+09:00,CMP-S01-L02-01,S01,S01-L02,1,running,169.432,466.2358,96.4679,52.4102,2.4689,C,relation-reasoning-agent-eval-v3.1
2026-08-18T22:30:00+09:00,CMP-S01-L03-01,S01,S01-L03,1,running,140.1332,411.1397,100.369,41.6512,0.202,A,relation-reasoning-agent-eval-v3.1
2026-08-18T22:30:00+09:00,CMP-S01-L04-01,S01,S01-L04,1,running,177.0671,463.1797,107.7277,43.6633,0.7241,A,relation-reasoning-agent-eval-v3.1
2026-08-18T22:30:00+09:00,CMP-S01-L05-01,S01,S01-L05,1,running,150.754,403.4708,93.0118,52.5293,2.0346,C,relation-reasoning-agent-eval-v3.1
2026-08-18T22:40:00+09:00,CMP-S01-L01-01,S01,S01-L01,1,running,171.8701,475.7875,86.9346,38.5887,-0.2301,A,relation-reasoning-agent-eval-v3.1
2026-08-18T22:40:00+09:00,CMP-S01-L02-01,S01,S01-L02,1,running,172.9658,474.7332,98.1012,57.2909,3.3727,D,relation-reasoning-agent-eval-v3.1
2026-08-18T22:40:00+09:00,CMP-S01-L03-01,S01,S01-L03,1,running,143.4809,390.7583,106.9789,38.3635,-0.4068,A,relation-reasoning-agent-eval-v3.1
2026-08-18T22:40:00+09:00,CMP-S01-L04-01,S01,S01-L04,1,running,183.7497,454.8532,106.4031,38.5429,-0.2241,A,relation-reasoning-agent-eval-v3.1
2026-08-18T22:40:00+09:00,CMP-S01-L05-01,S01,S01-L05,1,running,139.6829,452.0223,85.5812,47.9979,1.1954,B,relation-reasoning-agent-eval-v3.1
2026-08-18T22:50:00+09:00,CMP-S01-L01-01,S01,S01-L01,1,running,174.2466,501.3574,86.0185,40.4167,0.1084,A,relation-reasoning-agent-eval-v3.1
2026-08-18T22:50:00+09:00,CMP-S01-L02-01,S01,S01-L02,1,running,178.9057,466.4715,102.1628,46.1263,1.3052,B,relation-reasoning-agent-eval-v3.1
2026-08-18T22:50:00+09:00,CMP-S01-L03-01,S01,S01-L03,1,running,141.455,451.5545,110.2503,37.7654,-0.5176,A,relation-reasoning-agent-eval-v3.1
2026-08-18T22:50:00+09:00,CMP-S01-L04-01,S01,S01-L04,1,running,182.9253,415.4866,107.8086,37.8082,-0.3602,A,relation-reasoning-agent-eval-v3.1
2026-08-18T22:50:00+09:00,CMP-S01-L05-01,S01,S01-L05,1,running,136.1168,436.7167,90.5337,45.0396,0.6476,A,relation-reasoning-agent-eval-v3.1
2026-08-18T23:00:00+09:00,CMP-S01-L01-01,S01,S01-L01,1,running,173.1073,533.174,87.0918,47.4715,1.4149,B,relation-reasoning-agent-eval-v3.1
2026-08-18T23:00:00+09:00,CMP-S01-L02-01,S01,S01-L02,1,running,173.6919,440.3716,99.7334,44.6102,1.0244,B,relation-reasoning-agent-eval-v3.1
2026-08-18T23:00:00+09:00,CMP-S01-L03-01,S01,S01-L03,1,running,118.9905,435.3876,112.9269,40.8234,0.0487,A,relation-reasoning-agent-eval-v3.1
2026-08-18T23:00:00+09:00,CMP-S01-L04-01,S01,S01-L04,1,running,169.9062,412.115,102.8834,41.7228,0.3648,A,relation-reasoning-agent-eval-v3.1
2026-08-18T23:00:00+09:00,CMP-S01-L05-01,S01,S01-L05,1,running,140.2878,487.0472,91.1175,44.4172,0.5323,A,relation-reasoning-agent-eval-v3.1
2026-08-18T23:10:00+09:00,CMP-S01-L01-01,S01,S01-L01,1,running,172.2693,562.9751,89.882,43.5621,0.6909,A,relation-reasoning-agent-eval-v3.1
2026-08-18T23:10:00+09:00,CMP-S01-L02-01,S01,S01-L02,1,running,194.1204,371.0561,100.6486,46.5297,1.3799,B,relation-reasoning-agent-eval-v3.1
2026-08-18T23:10:00+09:00,CMP-S01-L03-01,S01,S01-L03,1,running,127.0933,410.5938,108.7108,43.3491,0.5164,A,relation-reasoning-agent-eval-v3.1
2026-08-18T23:10:00+09:00,CMP-S01-L04-01,S01,S01-L04,1,running,164.1602,435.8036,104.2655,42.2578,0.4638,A,relation-reasoning-agent-eval-v3.1
2026-08-18T23:10:00+09:00,CMP-S01-L05-01,S01,S01-L05,1,running,150.3288,488.519,93.9014,41.3979,-0.0268,A,relation-reasoning-agent-eval-v3.1
2026-08-18T23:20:00+09:00,CMP-S01-L01-01,S01,S01-L01,1,running,159.8427,547.3728,85.4252,45.2904,1.011,B,relation-reasoning-agent-eval-v3.1
2026-08-18T23:20:00+09:00,CMP-S01-L02-01,S01,S01-L02,1,running,194.4521,425.3694,101.6515,47.2176,1.5073,B,relation-reasoning-agent-eval-v3.1
2026-08-18T23:20:00+09:00,CMP-S01-L03-01,S01,S01-L03,1,running,143.1648,409.0596,101.8641,47.9367,1.366,B,relation-reasoning-agent-eval-v3.1
2026-08-18T23:20:00+09:00,CMP-S01-L04-01,S01,S01-L04,1,running,160.96,412.787,104.0054,38.6579,-0.2028,A,relation-reasoning-agent-eval-v3.1
2026-08-18T23:20:00+09:00,CMP-S01-L05-01,S01,S01-L05,1,running,181.4374,424.1432,99.1406,40.3925,-0.213,A,relation-reasoning-agent-eval-v3.1
2026-08-18T23:30:00+09:00,CMP-S01-L01-01,S01,S01-L01,1,running,147.8166,504.5823,91.2974,45.3743,1.0265,B,relation-reasoning-agent-eval-v3.1
2026-08-18T23:30:00+09:00,CMP-S01-L02-01,S01,S01-L02,1,running,191.0812,409.2375,102.9979,41.9085,0.5241,A,relation-reasoning-agent-eval-v3.1
2026-08-18T23:30:00+09:00,CMP-S01-L03-01,S01,S01-L03,1,running,138.0144,399.7337,99.463,42.0842,0.2822,A,relation-reasoning-agent-eval-v3.1
2026-08-18T23:30:00+09:00,CMP-S01-L04-01,S01,S01-L04,1,running,171.1048,410.3232,106.0465,35.7032,-0.75,A,relation-reasoning-agent-eval-v3.1
2026-08-18T23:30:00+09:00,CMP-S01-L05-01,S01,S01-L05,1,running,188.3911,421.3954,98.321,40.8513,-0.128,A,relation-reasoning-agent-eval-v3.1
2026-08-18T23:40:00+09:00,CMP-S01-L01-01,S01,S01-L01,1,running,163.0684,506.0394,92.3607,45.3064,1.0139,B,relation-reasoning-agent-eval-v3.1
2026-08-18T23:40:00+09:00,CMP-S01-L02-01,S01,S01-L02,1,running,183.5149,426.9826,106.4757,42.0384,0.5482,A,relation-reasoning-agent-eval-v3.1
2026-08-18T23:40:00+09:00,CMP-S01-L03-01,S01,S01-L03,1,running,134.5212,457.9071,99.8909,44.0498,0.6462,A,relation-reasoning-agent-eval-v3.1
2026-08-18T23:40:00+09:00,CMP-S01-L04-01,S01,S01-L04,1,running,173.762,420.373,107.7941,39.3203,-0.0801,A,relation-reasoning-agent-eval-v3.1
2026-08-18T23:40:00+09:00,CMP-S01-L05-01,S01,S01-L05,1,running,195.2921,453.5419,91.9464,40.3984,-0.2119,A,relation-reasoning-agent-eval-v3.1
2026-08-18T23:50:00+09:00,CMP-S01-L01-01,S01,S01-L01,1,running,176.5409,544.4341,98.1175,46.4806,1.2314,B,relation-reasoning-agent-eval-v3.1
2026-08-18T23:50:00+09:00,CMP-S01-L02-01,S01,S01-L02,1,running,169.1904,439.1055,103.7513,40.5401,0.2707,A,relation-reasoning-agent-eval-v3.1
2026-08-18T23:50:00+09:00,CMP-S01-L03-01,S01,S01-L03,1,running,152.275,457.4012,104.0769,42.5751,0.3731,A,relation-reasoning-agent-eval-v3.1
2026-08-18T23:50:00+09:00,CMP-S01-L04-01,S01,S01-L04,1,running,186.7958,400.6693,106.0902,44.5309,0.8848,A,relation-reasoning-agent-eval-v3.1
2026-08-18T23:50:00+09:00,CMP-S01-L05-01,S01,S01-L05,1,running,190.473,449.8342,91.4818,35.4509,-1.1281,B,relation-reasoning-agent-eval-v3.1
2026-08-19T00:00:00+09:00,CMP-S01-L01-01,S01,S01-L01,1,running,178.3536,513.8791,104.5411,43.7855,0.7322,A,relation-reasoning-agent-eval-v3.1
2026-08-19T00:00:00+09:00,CMP-S01-L02-01,S01,S01-L02,1,running,178.5375,427.3961,97.5429,47.4539,1.551,B,relation-reasoning-agent-eval-v3.1
2026-08-19T00:00:00+09:00,CMP-S01-L03-01,S01,S01-L03,1,running,154.9119,467.8096,104.8661,37.395,-0.5862,A,relation-reasoning-agent-eval-v3.1
2026-08-19T00:00:00+09:00,CMP-S01-L04-01,S01,S01-L04,1,running,198.581,423.7359,103.5087,48.2768,1.5785,B,relation-reasoning-agent-eval-v3.1
2026-08-19T00:00:00+09:00,CMP-S01-L05-01,S01,S01-L05,1,running,162.5097,434.6105,89.3203,37.3322,-0.7797,A,relation-reasoning-agent-eval-v3.1
2026-08-19T00:10:00+09:00,CMP-S01-L01-01,S01,S01-L01,1,running,173.5335,480.5173,95.3039,40.5341,0.1302,A,relation-reasoning-agent-eval-v3.1
2026-08-19T00:10:00+09:00,CMP-S01-L02-01,S01,S01-L02,1,running,168.3262,448.7798,103.793,41.8516,0.5136,A,relation-reasoning-agent-eval-v3.1
2026-08-19T00:10:00+09:00,CMP-S01-L03-01,S01,S01-L03,1,running,158.6749,410.1904,101.4037,42.6452,0.3861,A,relation-reasoning-agent-eval-v3.1
2026-08-19T00:10:00+09:00,CMP-S01-L04-01,S01,S01-L04,1,running,179.4906,467.7588,104.7775,45.0924,0.9888,A,relation-reasoning-agent-eval-v3.1
2026-08-19T00:10:00+09:00,CMP-S01-L05-01,S01,S01-L05,1,running,159.9801,437.3372,83.3124,37.8103,-0.6912,A,relation-reasoning-agent-eval-v3.1
2026-08-19T00:20:00+09:00,CMP-S01-L01-01,S01,S01-L01,1,running,163.8175,470.0388,100.0573,41.5412,0.3166,A,relation-reasoning-agent-eval-v3.1
2026-08-19T00:20:00+09:00,CMP-S01-L02-01,S01,S01-L02,1,running,183.1455,420.7449,104.8137,42.0443,0.5493,A,relation-reasoning-agent-eval-v3.1
2026-08-19T00:20:00+09:00,CMP-S01-L03-01,S01,S01-L03,1,running,170.7267,434.8892,108.0162,48.0745,1.3915,B,relation-reasoning-agent-eval-v3.1
2026-08-19T00:20:00+09:00,CMP-S01-L04-01,S01,S01-L04,1,running,171.0749,466.2562,112.5262,45.4022,1.0461,B,relation-reasoning-agent-eval-v3.1
2026-08-19T00:20:00+09:00,CMP-S01-L05-01,S01,S01-L05,1,running,148.2088,433.7663,84.0796,43.4301,0.3495,A,relation-reasoning-agent-eval-v3.1
2026-08-19T00:30:00+09:00,CMP-S01-L01-01,S01,S01-L01,1,running,182.3991,421.2678,100.8333,37.9761,-0.3436,A,relation-reasoning-agent-eval-v3.1
2026-08-19T00:30:00+09:00,CMP-S01-L02-01,S01,S01-L02,1,running,197.2987,453.512,105.1717,35.1926,-0.7196,A,relation-reasoning-agent-eval-v3.1
2026-08-19T00:30:00+09:00,CMP-S01-L03-01,S01,S01-L03,1,running,168.0988,458.9695,104.3177,49.0934,1.5802,B,relation-reasoning-agent-eval-v3.1
2026-08-19T00:30:00+09:00,CMP-S01-L04-01,S01,S01-L04,1,running,178.3988,390.4111,113.5698,40.4167,0.1229,A,relation-reasoning-agent-eval-v3.1
2026-08-19T00:30:00+09:00,CMP-S01-L05-01,S01,S01-L05,1,running,148.4215,369.0851,93.9272,39.8573,-0.3121,A,relation-reasoning-agent-eval-v3.1
2026-08-19T00:40:00+09:00,CMP-S01-L01-01,S01,S01-L01,1,running,195.8467,470.8182,96.9152,33.9857,-1.0825,B,relation-reasoning-agent-eval-v3.1
2026-08-19T00:40:00+09:00,CMP-S01-L02-01,S01,S01-L02,1,running,189.0067,469.082,103.9276,37.9287,-0.2129,A,relation-reasoning-agent-eval-v3.1
2026-08-19T00:40:00+09:00,CMP-S01-L03-01,S01,S01-L03,1,running,178.2683,498.7504,105.1952,42.8238,0.4191,A,relation-reasoning-agent-eval-v3.1
2026-08-19T00:40:00+09:00,CMP-S01-L04-01,S01,S01-L04,1,running,191.9425,435.2139,111.0785,40.57,0.1513,A,relation-reasoning-agent-eval-v3.1
2026-08-19T00:40:00+09:00,CMP-S01-L05-01,S01,S01-L05,1,running,147.5276,389.4012,90.9327,39.4298,-0.3913,A,relation-reasoning-agent-eval-v3.1
2026-08-19T00:50:00+09:00,CMP-S01-L01-01,S01,S01-L01,1,running,169.1243,441.4332,97.304,34.3533,-1.0145,B,relation-reasoning-agent-eval-v3.1
2026-08-19T00:50:00+09:00,CMP-S01-L02-01,S01,S01-L02,1,running,172.3676,441.0834,103.1944,32.884,-1.1471,B,relation-reasoning-agent-eval-v3.1
2026-08-19T00:50:00+09:00,CMP-S01-L03-01,S01,S01-L03,1,running,165.0523,508.3937,108.4636,39.1811,-0.2554,A,relation-reasoning-agent-eval-v3.1
2026-08-19T00:50:00+09:00,CMP-S01-L04-01,S01,S01-L04,1,running,184.1293,472.5692,115.1492,38.3834,-0.2537,A,relation-reasoning-agent-eval-v3.1
2026-08-19T00:50:00+09:00,CMP-S01-L05-01,S01,S01-L05,1,running,144.1299,386.8389,79.0208,37.6088,-0.7285,A,relation-reasoning-agent-eval-v3.1
2026-08-19T01:00:00+09:00,CMP-S01-L01-01,S01,S01-L01,1,running,158.5398,497.7178,93.6022,38.6275,-0.2229,A,relation-reasoning-agent-eval-v3.1
2026-08-19T01:00:00+09:00,CMP-S01-L02-01,S01,S01-L02,1,running,173.6479,486.2222,97.1394,37.4223,-0.3067,A,relation-reasoning-agent-eval-v3.1
2026-08-19T01:00:00+09:00,CMP-S01-L03-01,S01,S01-L03,1,running,166.7063,500.7015,102.9874,34.4926,-1.1237,B,relation-reasoning-agent-eval-v3.1
2026-08-19T01:00:00+09:00,CMP-S01-L04-01,S01,S01-L04,1,running,182.4686,429.3518,111.0809,35.5307,-0.7819,A,relation-reasoning-agent-eval-v3.1
2026-08-19T01:00:00+09:00,CMP-S01-L05-01,S01,S01-L05,1,running,148.2675,397.922,86.3498,35.8818,-1.0483,B,relation-reasoning-agent-eval-v3.1
2026-08-19T01:10:00+09:00,CMP-S01-L01-01,S01,S01-L01,1,running,151.3529,477.6514,98.9216,41.4914,0.3074,A,relation-reasoning-agent-eval-v3.1
2026-08-19T01:10:00+09:00,CMP-S01-L02-01,S01,S01-L02,1,running,176.5708,472.5241,93.1342,37.6987,-0.2555,A,relation-reasoning-agent-eval-v3.1
2026-08-19T01:10:00+09:00,CMP-S01-L03-01,S01,S01-L03,1,running,161.1706,528.6863,96.5732,35.7125,-0.8978,A,relation-reasoning-agent-eval-v3.1
2026-08-19T01:10:00+09:00,CMP-S01-L04-01,S01,S01-L04,1,running,170.0988,451.9827,111.793,36.1752,-0.6626,A,relation-reasoning-agent-eval-v3.1
2026-08-19T01:10:00+09:00,CMP-S01-L05-01,S01,S01-L05,1,running,158.9261,402.3944,87.3491,40.9624,-0.1074,A,relation-reasoning-agent-eval-v3.1
2026-08-19T01:20:00+09:00,CMP-S01-L01-01,S01,S01-L01,1,running,138.1301,495.4424,99.3074,44.8479,0.9291,A,relation-reasoning-agent-eval-v3.1
2026-08-19T01:20:00+09:00,CMP-S01-L02-01,S01,S01-L02,1,running,171.6038,422.1802,98.109,35.1727,-0.7233,A,relation-reasoning-agent-eval-v3.1
2026-08-19T01:20:00+09:00,CMP-S01-L03-01,S01,S01-L03,1,running,166.4716,544.6056,101.3834,40.606,0.0084,A,relation-reasoning-agent-eval-v3.1
2026-08-19T01:20:00+09:00,CMP-S01-L04-01,S01,S01-L04,1,running,181.361,423.4287,111.9621,38.493,-0.2333,A,relation-reasoning-agent-eval-v3.1
2026-08-19T01:20:00+09:00,CMP-S01-L05-01,S01,S01-L05,1,running,176.1148,437.1215,85.1624,38.5546,-0.5533,A,relation-reasoning-agent-eval-v3.1
2026-08-19T01:30:00+09:00,CMP-S01-L01-01,S01,S01-L01,1,running,168.0372,447.5592,97.2191,43.3558,0.6527,A,relation-reasoning-agent-eval-v3.1
2026-08-19T01:30:00+09:00,CMP-S01-L02-01,S01,S01-L02,1,running,177.8627,441.5803,107.6957,34.617,-0.8262,A,relation-reasoning-agent-eval-v3.1
2026-08-19T01:30:00+09:00,CMP-S01-L03-01,S01,S01-L03,1,running,158.5224,527.6235,102.1338,40.2297,-0.0612,A,relation-reasoning-agent-eval-v3.1
2026-08-19T01:30:00+09:00,CMP-S01-L04-01,S01,S01-L04,1,running,165.1585,397.9879,119.4922,43.9784,0.7825,A,relation-reasoning-agent-eval-v3.1
2026-08-19T01:30:00+09:00,CMP-S01-L05-01,S01,S01-L05,1,running,184.2765,418.4089,88.2559,40.3102,-0.2282,A,relation-reasoning-agent-eval-v3.1
2026-08-19T01:40:00+09:00,CMP-S01-L01-01,S01,S01-L01,1,running,188.6606,452.4898,99.0345,40.6764,0.1565,A,relation-reasoning-agent-eval-v3.1
2026-08-19T01:40:00+09:00,CMP-S01-L02-01,S01,S01-L02,1,running,189.8849,466.3575,102.0721,35.2594,-0.7072,A,relation-reasoning-agent-eval-v3.1
2026-08-19T01:40:00+09:00,CMP-S01-L03-01,S01,S01-L03,1,running,188.2896,450.9723,103.0997,37.7975,-0.5117,A,relation-reasoning-agent-eval-v3.1
2026-08-19T01:40:00+09:00,CMP-S01-L04-01,S01,S01-L04,1,running,179.0611,404.682,116.1529,40.0397,0.0531,A,relation-reasoning-agent-eval-v3.1
2026-08-19T01:40:00+09:00,CMP-S01-L05-01,S01,S01-L05,1,running,201.8942,433.9584,94.3964,41.5366,-0.0011,A,relation-reasoning-agent-eval-v3.1
2026-08-19T01:50:00+09:00,CMP-S01-L01-01,S01,S01-L01,1,running,180.9601,435.787,105.3591,42.9253,0.573,A,relation-reasoning-agent-eval-v3.1
2026-08-19T01:50:00+09:00,CMP-S01-L02-01,S01,S01-L02,1,running,202.0093,421.879,93.0745,34.4217,-0.8623,A,relation-reasoning-agent-eval-v3.1
2026-08-19T01:50:00+09:00,CMP-S01-L03-01,S01,S01-L03,1,running,172.2661,442.3623,109.5689,35.324,-0.9697,A,relation-reasoning-agent-eval-v3.1
2026-08-19T01:50:00+09:00,CMP-S01-L04-01,S01,S01-L04,1,running,168.0834,366.2331,109.0801,36.7786,-0.5508,A,relation-reasoning-agent-eval-v3.1
2026-08-19T01:50:00+09:00,CMP-S01-L05-01,S01,S01-L05,1,running,198.9796,445.8901,87.3579,38.3788,-0.5859,A,relation-reasoning-agent-eval-v3.1
2026-08-19T02:00:00+09:00,CMP-S01-L01-01,S01,S01-L01,1,running,165.091,463.6186,104.2822,41.1493,0.2441,A,relation-reasoning-agent-eval-v3.1
2026-08-19T02:00:00+09:00,CMP-S01-L02-01,S01,S01-L02,1,running,206.0204,464.1051,94.2755,27.8082,-2.0871,C,relation-reasoning-agent-eval-v3.1
2026-08-19T02:00:00+09:00,CMP-S01-L03-01,S01,S01-L03,1,running,175.7997,418.6342,108.5403,37.7077,-0.5283,A,relation-reasoning-agent-eval-v3.1
2026-08-19T02:00:00+09:00,CMP-S01-L04-01,S01,S01-L04,1,running,159.4919,369.4196,107.563,40.2762,0.0969,A,relation-reasoning-agent-eval-v3.1
2026-08-19T02:00:00+09:00,CMP-S01-L05-01,S01,S01-L05,1,running,188.5217,412.9968,85.3084,41.3181,-0.0416,A,relation-reasoning-agent-eval-v3.1
2026-08-19T02:10:00+09:00,CMP-S01-L01-01,S01,S01-L01,1,running,165.4161,414.0927,102.3943,46.7304,1.2776,B,relation-reasoning-agent-eval-v3.1
2026-08-19T02:10:00+09:00,CMP-S01-L02-01,S01,S01-L02,1,running,191.5863,466.1776,97.7049,32.1292,-1.2869,B,relation-reasoning-agent-eval-v3.1
2026-08-19T02:10:00+09:00,CMP-S01-L03-01,S01,S01-L03,1,running,154.5737,395.7994,107.3465,34.5676,-1.1098,B,relation-reasoning-agent-eval-v3.1
2026-08-19T02:10:00+09:00,CMP-S01-L04-01,S01,S01-L04,1,running,167.2742,373.4509,111.4058,36.1764,-0.6623,A,relation-reasoning-agent-eval-v3.1
2026-08-19T02:10:00+09:00,CMP-S01-L05-01,S01,S01-L05,1,running,185.9736,410.0731,94.1969,39.4906,-0.38,A,relation-reasoning-agent-eval-v3.1
2026-08-19T02:20:00+09:00,CMP-S01-L01-01,S01,S01-L01,1,running,152.3303,443.8208,103.98,44.4811,0.8611,A,relation-reasoning-agent-eval-v3.1
2026-08-19T02:20:00+09:00,CMP-S01-L02-01,S01,S01-L02,1,running,186.0933,429.6292,108.7322,27.2781,-2.1852,C,relation-reasoning-agent-eval-v3.1
2026-08-19T02:20:00+09:00,CMP-S01-L03-01,S01,S01-L03,1,running,150.1255,434.497,105.8363,30.0078,-1.9542,B,relation-reasoning-agent-eval-v3.1
2026-08-19T02:20:00+09:00,CMP-S01-L04-01,S01,S01-L04,1,running,169.5473,452.8191,112.5969,38.9721,-0.1446,A,relation-reasoning-agent-eval-v3.1
2026-08-19T02:20:00+09:00,CMP-S01-L05-01,S01,S01-L05,1,running,187.0651,381.3397,92.6667,39.5205,-0.3745,A,relation-reasoning-agent-eval-v3.1
2026-08-19T02:30:00+09:00,CMP-S01-L01-01,S01,S01-L01,1,running,160.4853,420.4968,101.4491,42.8083,0.5513,A,relation-reasoning-agent-eval-v3.1
2026-08-19T02:30:00+09:00,CMP-S01-L02-01,S01,S01-L02,1,running,177.2581,461.2729,108.723,31.4215,-1.4179,B,relation-reasoning-agent-eval-v3.1
2026-08-19T02:30:00+09:00,CMP-S01-L03-01,S01,S01-L03,1,running,139.1535,426.4427,97.6684,37.3521,-0.5941,A,relation-reasoning-agent-eval-v3.1
2026-08-19T02:30:00+09:00,CMP-S01-L04-01,S01,S01-L04,1,running,174.6742,462.0634,112.2355,40.7829,0.1907,A,relation-reasoning-agent-eval-v3.1
2026-08-19T02:30:00+09:00,CMP-S01-L05-01,S01,S01-L05,1,running,188.6134,377.9029,87.0699,48.1257,1.2191,B,relation-reasoning-agent-eval-v3.1
2026-08-19T02:40:00+09:00,CMP-S01-L01-01,S01,S01-L01,1,running,173.3479,411.4692,86.7071,46.9038,1.3097,B,relation-reasoning-agent-eval-v3.1
2026-08-19T02:40:00+09:00,CMP-S01-L02-01,S01,S01-L02,1,running,179.5051,418.8908,110.1618,34.8078,-0.7908,A,relation-reasoning-agent-eval-v3.1
2026-08-19T02:40:00+09:00,CMP-S01-L03-01,S01,S01-L03,1,running,136.244,470.3268,102.3489,40.4166,-0.0266,A,relation-reasoning-agent-eval-v3.1
2026-08-19T02:40:00+09:00,CMP-S01-L04-01,S01,S01-L04,1,running,181.4105,442.5027,110.3177,38.8615,-0.1651,A,relation-reasoning-agent-eval-v3.1
2026-08-19T02:40:00+09:00,CMP-S01-L05-01,S01,S01-L05,1,running,187.9298,401.1948,91.758,42.9246,0.2559,A,relation-reasoning-agent-eval-v3.1
2026-08-19T02:50:00+09:00,CMP-S01-L01-01,S01,S01-L01,1,running,163.1716,428.6896,89.6428,40.3187,0.0903,A,relation-reasoning-agent-eval-v3.1
2026-08-19T02:50:00+09:00,CMP-S01-L02-01,S01,S01-L02,1,running,186.2403,411.1008,105.7966,36.1123,-0.5493,A,relation-reasoning-agent-eval-v3.1
2026-08-19T02:50:00+09:00,CMP-S01-L03-01,S01,S01-L03,1,running,129.7635,493.485,102.5512,40.3345,-0.0418,A,relation-reasoning-agent-eval-v3.1
2026-08-19T02:50:00+09:00,CMP-S01-L04-01,S01,S01-L04,1,running,190.2134,449.0978,103.4048,37.5824,-0.402,A,relation-reasoning-agent-eval-v3.1
2026-08-19T02:50:00+09:00,CMP-S01-L05-01,S01,S01-L05,1,running,191.1378,405.7247,92.4553,38.7824,-0.5112,A,relation-reasoning-agent-eval-v3.1
2026-08-19T03:00:00+09:00,CMP-S01-L01-01,S01,S01-L01,1,running,152.7074,444.2141,88.2148,45.7298,1.0923,B,relation-reasoning-agent-eval-v3.1
2026-08-19T03:00:00+09:00,CMP-S01-L02-01,S01,S01-L02,1,running,189.3051,464.5891,104.4074,39.3921,0.0581,A,relation-reasoning-agent-eval-v3.1
2026-08-19T03:00:00+09:00,CMP-S01-L03-01,S01,S01-L03,1,running,132.6684,463.5093,103.4024,35.7527,-0.8903,A,relation-reasoning-agent-eval-v3.1
2026-08-19T03:00:00+09:00,CMP-S01-L04-01,S01,S01-L04,1,running,172.4311,477.0235,104.6255,38.5719,-0.2187,A,relation-reasoning-agent-eval-v3.1
2026-08-19T03:00:00+09:00,CMP-S01-L05-01,S01,S01-L05,1,running,167.4318,357.3943,88.1831,42.8732,0.2464,A,relation-reasoning-agent-eval-v3.1
2026-08-19T03:10:00+09:00,CMP-S01-L01-01,S01,S01-L01,1,running,157.8611,415.6847,95.1696,46.9627,1.3207,B,relation-reasoning-agent-eval-v3.1
2026-08-19T03:10:00+09:00,CMP-S01-L02-01,S01,S01-L02,1,running,176.7662,490.5313,101.8482,40.3277,0.2314,A,relation-reasoning-agent-eval-v3.1
2026-08-19T03:10:00+09:00,CMP-S01-L03-01,S01,S01-L03,1,running,156.9442,464.0511,105.844,33.9201,-1.2297,B,relation-reasoning-agent-eval-v3.1
2026-08-19T03:10:00+09:00,CMP-S01-L04-01,S01,S01-L04,1,running,176.7217,462.9656,108.167,36.6048,-0.583,A,relation-reasoning-agent-eval-v3.1
2026-08-19T03:10:00+09:00,CMP-S01-L05-01,S01,S01-L05,1,running,176.6151,400.7806,97.5583,45.758,0.7806,A,relation-reasoning-agent-eval-v3.1
2026-08-19T03:20:00+09:00,CMP-S01-L01-01,S01,S01-L01,1,running,143.9109,423.6983,94.6069,40.424,0.1098,A,relation-reasoning-agent-eval-v3.1
2026-08-19T03:20:00+09:00,CMP-S01-L02-01,S01,S01-L02,1,running,169.7517,436.7619,106.8345,39.5323,0.0841,A,relation-reasoning-agent-eval-v3.1
2026-08-19T03:20:00+09:00,CMP-S01-L03-01,S01,S01-L03,1,running,161.4858,449.1289,111.8392,32.8054,-1.4361,B,relation-reasoning-agent-eval-v3.1
2026-08-19T03:20:00+09:00,CMP-S01-L04-01,S01,S01-L04,1,running,186.343,452.9833,111.431,36.9877,-0.5121,A,relation-reasoning-agent-eval-v3.1
2026-08-19T03:20:00+09:00,CMP-S01-L05-01,S01,S01-L05,1,running,169.4268,435.6431,91.3389,45.5694,0.7457,A,relation-reasoning-agent-eval-v3.1
2026-08-19T03:30:00+09:00,CMP-S01-L01-01,S01,S01-L01,1,running,153.0295,456.1453,102.7246,38.2337,-0.2958,A,relation-reasoning-agent-eval-v3.1
2026-08-19T03:30:00+09:00,CMP-S01-L02-01,S01,S01-L02,1,running,176.5991,405.4798,104.8922,39.7326,0.1212,A,relation-reasoning-agent-eval-v3.1
2026-08-19T03:30:00+09:00,CMP-S01-L03-01,S01,S01-L03,1,running,173.2067,447.5508,108.7007,32.7821,-1.4404,B,relation-reasoning-agent-eval-v3.1
2026-08-19T03:30:00+09:00,CMP-S01-L04-01,S01,S01-L04,1,running,188.8367,440.8001,108.6356,38.2382,-0.2805,A,relation-reasoning-agent-eval-v3.1
2026-08-19T03:30:00+09:00,CMP-S01-L05-01,S01,S01-L05,1,running,160.9219,460.9852,96.0302,45.8891,0.8049,A,relation-reasoning-agent-eval-v3.1
2026-08-19T03:40:00+09:00,CMP-S01-L01-01,S01,S01-L01,1,running,151.4659,456.8471,103.7551,34.3156,-1.0214,B,relation-reasoning-agent-eval-v3.1
2026-08-19T03:40:00+09:00,CMP-S01-L02-01,S01,S01-L02,1,running,181.871,436.1433,106.8939,43.3797,0.7966,A,relation-reasoning-agent-eval-v3.1
2026-08-19T03:40:00+09:00,CMP-S01-L03-01,S01,S01-L03,1,running,160.0431,457.3746,105.1837,33.7881,-1.2541,B,relation-reasoning-agent-eval-v3.1
2026-08-19T03:40:00+09:00,CMP-S01-L04-01,S01,S01-L04,1,running,183.6028,446.1115,101.4276,41.4698,0.3179,A,relation-reasoning-agent-eval-v3.1
2026-08-19T03:40:00+09:00,CMP-S01-L05-01,S01,S01-L05,1,running,148.7917,481.3509,100.5451,44.8895,0.6198,A,relation-reasoning-agent-eval-v3.1
2026-08-19T03:50:00+09:00,CMP-S01-L01-01,S01,S01-L01,1,running,144.9155,479.3444,96.992,29.9608,-1.8279,B,relation-reasoning-agent-eval-v3.1
2026-08-19T03:50:00+09:00,CMP-S01-L02-01,S01,S01-L02,1,running,176.1996,426.4562,108.9845,43.5104,0.8208,A,relation-reasoning-agent-eval-v3.1
2026-08-19T03:50:00+09:00,CMP-S01-L03-01,S01,S01-L03,1,running,162.5717,455.6232,104.267,37.7572,-0.5191,A,relation-reasoning-agent-eval-v3.1
2026-08-19T03:50:00+09:00,CMP-S01-L04-01,S01,S01-L04,1,running,167.6887,431.773,101.3779,40.3288,0.1066,A,relation-reasoning-agent-eval-v3.1
2026-08-19T03:50:00+09:00,CMP-S01-L05-01,S01,S01-L05,1,running,156.9802,454.2085,92.8367,42.6523,0.2055,A,relation-reasoning-agent-eval-v3.1
2026-08-19T04:00:00+09:00,CMP-S01-L01-01,S01,S01-L01,1,running,143.7754,443.3393,101.0481,31.8715,-1.474,B,relation-reasoning-agent-eval-v3.1
2026-08-19T04:00:00+09:00,CMP-S01-L02-01,S01,S01-L02,1,running,178.1886,444.7283,110.1016,47.0062,1.4681,B,relation-reasoning-agent-eval-v3.1
2026-08-19T04:00:00+09:00,CMP-S01-L03-01,S01,S01-L03,1,running,162.7167,429.2021,108.8305,39.0332,-0.2828,A,relation-reasoning-agent-eval-v3.1
2026-08-19T04:00:00+09:00,CMP-S01-L04-01,S01,S01-L04,1,running,183.7626,453.0697,105.265,42.2701,0.4661,A,relation-reasoning-agent-eval-v3.1
2026-08-19T04:00:00+09:00,CMP-S01-L05-01,S01,S01-L05,1,running,147.1769,474.6274,98.426,44.6881,0.5825,A,relation-reasoning-agent-eval-v3.1
2026-08-19T04:10:00+09:00,CMP-S01-L01-01,S01,S01-L01,1,running,156.4597,458.1346,90.7543,29.7863,-1.8602,B,relation-reasoning-agent-eval-v3.1
2026-08-19T04:10:00+09:00,CMP-S01-L02-01,S01,S01-L02,1,running,180.3589,412.1206,102.0339,49.0085,1.8389,B,relation-reasoning-agent-eval-v3.1
2026-08-19T04:10:00+09:00,CMP-S01-L03-01,S01,S01-L03,1,running,153.6756,444.1432,110.4553,38.8118,-0.3238,A,relation-reasoning-agent-eval-v3.1
2026-08-19T04:10:00+09:00,CMP-S01-L04-01,S01,S01-L04,1,running,177.4929,511.2939,106.8776,45.5247,1.0688,B,relation-reasoning-agent-eval-v3.1
2026-08-19T04:10:00+09:00,CMP-S01-L05-01,S01,S01-L05,1,running,159.1609,486.1687,98.7827,40.1101,-0.2653,A,relation-reasoning-agent-eval-v3.1
2026-08-19T04:20:00+09:00,CMP-S01-L01-01,S01,S01-L01,1,running,151.9792,481.9932,92.5892,34.6005,-0.9687,A,relation-reasoning-agent-eval-v3.1
2026-08-19T04:20:00+09:00,CMP-S01-L02-01,S01,S01-L02,1,running,184.0688,384.3548,102.7147,45.1161,1.1181,B,relation-reasoning-agent-eval-v3.1
2026-08-19T04:20:00+09:00,CMP-S01-L03-01,S01,S01-L03,1,running,150.2036,470.5556,110.0278,43.2216,0.4928,A,relation-reasoning-agent-eval-v3.1
2026-08-19T04:20:00+09:00,CMP-S01-L04-01,S01,S01-L04,1,running,183.1443,558.767,109.0786,43.6493,0.7215,A,relation-reasoning-agent-eval-v3.1
2026-08-19T04:20:00+09:00,CMP-S01-L05-01,S01,S01-L05,1,running,160.6301,451.4769,103.0399,34.148,-1.3694,B,relation-reasoning-agent-eval-v3.1
2026-08-19T04:30:00+09:00,CMP-S01-L01-01,S01,S01-L01,1,running,169.6578,441.9088,89.4108,39.2886,-0.1005,A,relation-reasoning-agent-eval-v3.1
2026-08-19T04:30:00+09:00,CMP-S01-L02-01,S01,S01-L02,1,running,162.936,391.1893,106.1041,43.6236,0.8417,A,relation-reasoning-agent-eval-v3.1
2026-08-19T04:30:00+09:00,CMP-S01-L03-01,S01,S01-L03,1,running,157.7776,452.3057,110.1234,46.0742,1.0211,B,relation-reasoning-agent-eval-v3.1
2026-08-19T04:30:00+09:00,CMP-S01-L04-01,S01,S01-L04,1,running,187.882,542.5784,109.7239,39.9183,0.0306,A,relation-reasoning-agent-eval-v3.1
2026-08-19T04:30:00+09:00,CMP-S01-L05-01,S01,S01-L05,1,running,159.6944,473.0208,100.1965,38.4942,-0.5645,A,relation-reasoning-agent-eval-v3.1
2026-08-19T04:40:00+09:00,CMP-S01-L01-01,S01,S01-L01,1,running,168.5219,508.0117,93.827,49.4363,1.7787,B,relation-reasoning-agent-eval-v3.1
2026-08-19T04:40:00+09:00,CMP-S01-L02-01,S01,S01-L02,1,running,162.5908,463.8335,106.7589,44.5407,1.0116,B,relation-reasoning-agent-eval-v3.1
2026-08-19T04:40:00+09:00,CMP-S01-L03-01,S01,S01-L03,1,running,161.6489,419.1294,105.6652,45.7599,0.9629,A,relation-reasoning-agent-eval-v3.1
2026-08-19T04:40:00+09:00,CMP-S01-L04-01,S01,S01-L04,1,running,180.9626,557.8443,114.2243,39.8257,0.0134,A,relation-reasoning-agent-eval-v3.1
2026-08-19T04:40:00+09:00,CMP-S01-L05-01,S01,S01-L05,1,running,171.5882,480.7769,99.8587,41.3431,-0.0369,A,relation-reasoning-agent-eval-v3.1
2026-08-19T04:50:00+09:00,CMP-S01-L01-01,S01,S01-L01,1,running,157.3685,578.3175,98.4354,44.2116,0.8112,A,relation-reasoning-agent-eval-v3.1
2026-08-19T04:50:00+09:00,CMP-S01-L02-01,S01,S01-L02,1,running,147.8495,475.8713,102.2487,38.9326,-0.027,A,relation-reasoning-agent-eval-v3.1
2026-08-19T04:50:00+09:00,CMP-S01-L03-01,S01,S01-L03,1,running,156.8934,436.0519,109.7693,43.1894,0.4868,A,relation-reasoning-agent-eval-v3.1
2026-08-19T04:50:00+09:00,CMP-S01-L04-01,S01,S01-L04,1,running,193.6343,553.9913,107.2755,39.151,-0.1115,A,relation-reasoning-agent-eval-v3.1
2026-08-19T04:50:00+09:00,CMP-S01-L05-01,S01,S01-L05,1,running,177.4307,463.511,100.9863,42.6748,0.2097,A,relation-reasoning-agent-eval-v3.1
2026-08-19T05:00:00+09:00,CMP-S01-L01-01,S01,S01-L01,1,running,158.8493,561.5678,100.1021,39.4623,-0.0683,A,relation-reasoning-agent-eval-v3.1
2026-08-19T05:00:00+09:00,CMP-S01-L02-01,S01,S01-L02,1,running,138.1803,447.1642,98.6006,34.8754,-0.7783,A,relation-reasoning-agent-eval-v3.1
2026-08-19T05:00:00+09:00,CMP-S01-L03-01,S01,S01-L03,1,running,150.607,443.786,107.9058,42.6903,0.3944,A,relation-reasoning-agent-eval-v3.1
2026-08-19T05:00:00+09:00,CMP-S01-L04-01,S01,S01-L04,1,running,183.7847,554.9064,105.6458,42.474,0.5039,A,relation-reasoning-agent-eval-v3.1
2026-08-19T05:00:00+09:00,CMP-S01-L05-01,S01,S01-L05,1,running,173.9948,484.2843,96.5604,40.2271,-0.2436,A,relation-reasoning-agent-eval-v3.1
2026-08-19T05:10:00+09:00,CMP-S01-L01-01,S01,S01-L01,1,running,176.2623,566.1785,94.8611,40.7762,0.175,A,relation-reasoning-agent-eval-v3.1
2026-08-19T05:10:00+09:00,CMP-S01-L02-01,S01,S01-L02,1,running,147.7675,391.257,93.0257,36.0589,-0.5591,A,relation-reasoning-agent-eval-v3.1
2026-08-19T05:10:00+09:00,CMP-S01-L03-01,S01,S01-L03,1,running,145.906,441.9211,105.2135,40.1577,-0.0746,A,relation-reasoning-agent-eval-v3.1
2026-08-19T05:10:00+09:00,CMP-S01-L04-01,S01,S01-L04,1,running,182.1021,503.909,101.5563,43.3437,0.6649,A,relation-reasoning-agent-eval-v3.1
2026-08-19T05:10:00+09:00,CMP-S01-L05-01,S01,S01-L05,1,running,159.3466,481.5339,92.6827,47.2104,1.0496,B,relation-reasoning-agent-eval-v3.1
2026-08-19T05:20:00+09:00,CMP-S01-L01-01,S01,S01-L01,1,running,173.9951,566.5612,98.3896,43.9237,0.7579,A,relation-reasoning-agent-eval-v3.1
2026-08-19T05:20:00+09:00,CMP-S01-L02-01,S01,S01-L02,1,running,158.0442,462.1287,95.9634,38.7288,-0.0647,A,relation-reasoning-agent-eval-v3.1
2026-08-19T05:20:00+09:00,CMP-S01-L03-01,S01,S01-L03,1,running,145.8645,415.842,107.459,41.745,0.2194,A,relation-reasoning-agent-eval-v3.1
2026-08-19T05:20:00+09:00,CMP-S01-L04-01,S01,S01-L04,1,running,164.5319,485.41,100.2403,41.4528,0.3148,A,relation-reasoning-agent-eval-v3.1
2026-08-19T05:20:00+09:00,CMP-S01-L05-01,S01,S01-L05,1,running,155.6805,475.8442,91.8252,43.4396,0.3513,A,relation-reasoning-agent-eval-v3.1
2026-08-19T05:30:00+09:00,CMP-S01-L01-01,S01,S01-L01,1,running,184.9894,507.6344,101.3348,43.2103,0.6257,A,relation-reasoning-agent-eval-v3.1
2026-08-19T05:30:00+09:00,CMP-S01-L02-01,S01,S01-L02,1,running,169.1529,465.8182,100.6469,40.7976,0.3184,A,relation-reasoning-agent-eval-v3.1
2026-08-19T05:30:00+09:00,CMP-S01-L03-01,S01,S01-L03,1,running,136.6171,361.0173,107.5141,40.4994,-0.0113,A,relation-reasoning-agent-eval-v3.1
2026-08-19T05:30:00+09:00,CMP-S01-L04-01,S01,S01-L04,1,running,162.3227,449.2051,105.9575,40.7853,0.1912,A,relation-reasoning-agent-eval-v3.1
2026-08-19T05:30:00+09:00,CMP-S01-L05-01,S01,S01-L05,1,running,157.4544,453.5604,93.1335,42.1428,0.1112,A,relation-reasoning-agent-eval-v3.1
2026-08-19T05:40:00+09:00,CMP-S01-L01-01,S01,S01-L01,1,running,189.8259,558.1693,104.5738,37.5683,-0.4191,A,relation-reasoning-agent-eval-v3.1
2026-08-19T05:40:00+09:00,CMP-S01-L02-01,S01,S01-L02,1,running,185.67,491.4181,102.9845,40.9122,0.3396,A,relation-reasoning-agent-eval-v3.1
2026-08-19T05:40:00+09:00,CMP-S01-L03-01,S01,S01-L03,1,running,149.323,400.5065,102.2879,40.6055,0.0083,A,relation-reasoning-agent-eval-v3.1
2026-08-19T05:40:00+09:00,CMP-S01-L04-01,S01,S01-L04,1,running,166.4785,493.449,102.5393,36.2694,-0.6451,A,relation-reasoning-agent-eval-v3.1
2026-08-19T05:40:00+09:00,CMP-S01-L05-01,S01,S01-L05,1,running,171.2202,455.9289,91.8998,44.2741,0.5058,A,relation-reasoning-agent-eval-v3.1
2026-08-19T05:50:00+09:00,CMP-S01-L01-01,S01,S01-L01,1,running,201.6425,518.8731,105.4568,41.0711,0.2296,A,relation-reasoning-agent-eval-v3.1
2026-08-19T05:50:00+09:00,CMP-S01-L02-01,S01,S01-L02,1,running,177.421,513.0336,105.8399,39.8959,0.1514,A,relation-reasoning-agent-eval-v3.1
2026-08-19T05:50:00+09:00,CMP-S01-L03-01,S01,S01-L03,1,running,150.2049,420.9593,96.6236,37.4758,-0.5712,A,relation-reasoning-agent-eval-v3.1
2026-08-19T05:50:00+09:00,CMP-S01-L04-01,S01,S01-L04,1,running,179.01,480.2897,100.4739,45.3424,1.0351,B,relation-reasoning-agent-eval-v3.1
2026-08-19T05:50:00+09:00,CMP-S01-L05-01,S01,S01-L05,1,running,182.0493,446.1139,96.4718,40.5873,-0.1769,A,relation-reasoning-agent-eval-v3.1
2026-08-19T06:00:00+09:00,CMP-S01-L01-01,S01,S01-L01,1,running,191.1603,533.268,102.8964,44.6456,0.8916,A,relation-reasoning-agent-eval-v3.1
2026-08-19T06:00:00+09:00,CMP-S01-L02-01,S01,S01-L02,1,running,178.4614,477.6214,104.6602,37.5707,-0.2792,A,relation-reasoning-agent-eval-v3.1
2026-08-19T06:00:00+09:00,CMP-S01-L03-01,S01,S01-L03,1,running,153.1645,449.0333,106.27,30.9906,-1.7722,B,relation-reasoning-agent-eval-v3.1
2026-08-19T06:00:00+09:00,CMP-S01-L04-01,S01,S01-L04,1,running,158.6795,504.0014,100.5747,43.1464,0.6284,A,relation-reasoning-agent-eval-v3.1
2026-08-19T06:00:00+09:00,CMP-S01-L05-01,S01,S01-L05,1,running,192.032,418.0082,99.5585,43.828,0.4232,A,relation-reasoning-agent-eval-v3.1
2026-08-19T06:10:00+09:00,CMP-S01-L01-01,S01,S01-L01,1,running,205.188,505.8055,102.3131,42.4151,0.4785,A,relation-reasoning-agent-eval-v3.1
2026-08-19T06:10:00+09:00,CMP-S01-L02-01,S01,S01-L02,1,running,173.8027,478.6408,108.9315,37.5533,-0.2824,A,relation-reasoning-agent-eval-v3.1
2026-08-19T06:10:00+09:00,CMP-S01-L03-01,S01,S01-L03,1,running,164.4508,469.6779,110.6037,35.3944,-0.9567,A,relation-reasoning-agent-eval-v3.1
2026-08-19T06:10:00+09:00,CMP-S01-L04-01,S01,S01-L04,1,running,181.4411,486.797,97.2293,40.2265,0.0877,A,relation-reasoning-agent-eval-v3.1
2026-08-19T06:10:00+09:00,CMP-S01-L05-01,S01,S01-L05,1,running,180.7734,420.2566,100.9161,44.7328,0.5908,A,relation-reasoning-agent-eval-v3.1
2026-08-19T06:20:00+09:00,CMP-S01-L01-01,S01,S01-L01,1,running,198.6891,484.3683,93.9855,42.4782,0.4902,A,relation-reasoning-agent-eval-v3.1
2026-08-19T06:20:00+09:00,CMP-S01-L02-01,S01,S01-L02,1,running,155.6634,492.5828,104.9799,41.0684,0.3685,A,relation-reasoning-agent-eval-v3.1
2026-08-19T06:20:00+09:00,CMP-S01-L03-01,S01,S01-L03,1,running,171.0357,447.3205,112.3385,36.8103,-0.6945,A,relation-reasoning-agent-eval-v3.1
2026-08-19T06:20:00+09:00,CMP-S01-L04-01,S01,S01-L04,1,running,174.9685,552.5086,100.3435,41.1953,0.2671,A,relation-reasoning-agent-eval-v3.1
2026-08-19T06:20:00+09:00,CMP-S01-L05-01,S01,S01-L05,1,running,173.6608,451.9013,101.3356,37.5422,-0.7408,A,relation-reasoning-agent-eval-v3.1
2026-08-19T06:30:00+09:00,CMP-S01-L01-01,S01,S01-L01,1,running,181.8452,455.7304,90.4729,45.3205,1.0165,B,relation-reasoning-agent-eval-v3.1
2026-08-19T06:30:00+09:00,CMP-S01-L02-01,S01,S01-L02,1,running,153.3856,501.2099,113.5964,36.0987,-0.5518,A,relation-reasoning-agent-eval-v3.1
2026-08-19T06:30:00+09:00,CMP-S01-L03-01,S01,S01-L03,1,running,169.1149,437.5007,111.3095,37.0567,-0.6488,A,relation-reasoning-agent-eval-v3.1
2026-08-19T06:30:00+09:00,CMP-S01-L04-01,S01,S01-L04,1,running,171.831,563.7769,105.5785,37.0591,-0.4989,A,relation-reasoning-agent-eval-v3.1
2026-08-19T06:30:00+09:00,CMP-S01-L05-01,S01,S01-L05,1,running,177.5641,452.8495,96.5294,42.9775,0.2657,A,relation-reasoning-agent-eval-v3.1
2026-08-19T06:40:00+09:00,CMP-S01-L01-01,S01,S01-L01,1,running,181.5519,511.885,88.9623,43.3594,0.6534,A,relation-reasoning-agent-eval-v3.1
2026-08-19T06:40:00+09:00,CMP-S01-L02-01,S01,S01-L02,1,running,151.649,488.5607,119.628,39.3182,0.0444,A,relation-reasoning-agent-eval-v3.1
2026-08-19T06:40:00+09:00,CMP-S01-L03-01,S01,S01-L03,1,running,162.3638,440.3357,101.8161,37.4118,-0.5831,A,relation-reasoning-agent-eval-v3.1
2026-08-19T06:40:00+09:00,CMP-S01-L04-01,S01,S01-L04,1,running,176.7595,588.1147,110.8695,41.4477,0.3138,A,relation-reasoning-agent-eval-v3.1
2026-08-19T06:40:00+09:00,CMP-S01-L05-01,S01,S01-L05,1,running,166.5328,431.548,100.2584,43.4554,0.3542,A,relation-reasoning-agent-eval-v3.1
2026-08-19T06:50:00+09:00,CMP-S01-L01-01,S01,S01-L01,1,running,167.1257,470.2906,88.267,47.9074,1.4956,B,relation-reasoning-agent-eval-v3.1
2026-08-19T06:50:00+09:00,CMP-S01-L02-01,S01,S01-L02,1,running,178.0313,484.8128,113.1483,48.5893,1.7613,B,relation-reasoning-agent-eval-v3.1
2026-08-19T06:50:00+09:00,CMP-S01-L03-01,S01,S01-L03,1,running,169.9511,410.7631,101.9532,38.8217,-0.322,A,relation-reasoning-agent-eval-v3.1
2026-08-19T06:50:00+09:00,CMP-S01-L04-01,S01,S01-L04,1,running,162.1248,555.4268,107.2049,38.7674,-0.1825,A,relation-reasoning-agent-eval-v3.1
2026-08-19T06:50:00+09:00,CMP-S01-L05-01,S01,S01-L05,1,running,161.8117,435.3825,97.9013,35.955,-1.0347,B,relation-reasoning-agent-eval-v3.1
2026-08-19T07:00:00+09:00,CMP-S01-L01-01,S01,S01-L01,1,running,165.2051,425.9698,84.6641,43.5017,0.6797,A,relation-reasoning-agent-eval-v3.1
2026-08-19T07:00:00+09:00,CMP-S01-L02-01,S01,S01-L02,1,running,161.0277,475.715,113.5836,42.4085,0.6167,A,relation-reasoning-agent-eval-v3.1
2026-08-19T07:00:00+09:00,CMP-S01-L03-01,S01,S01-L03,1,running,175.3255,399.09,99.0079,30.289,-1.9021,B,relation-reasoning-agent-eval-v3.1
2026-08-19T07:00:00+09:00,CMP-S01-L04-01,S01,S01-L04,1,running,167.2606,543.335,101.7076,41.8775,0.3934,A,relation-reasoning-agent-eval-v3.1
2026-08-19T07:00:00+09:00,CMP-S01-L05-01,S01,S01-L05,1,running,166.5853,481.0949,92.957,32.0124,-1.7649,B,relation-reasoning-agent-eval-v3.1
2026-08-19T07:10:00+09:00,CMP-S01-L01-01,S01,S01-L01,1,running,180.4264,432.2433,88.5882,39.9801,0.0276,A,relation-reasoning-agent-eval-v3.1
2026-08-19T07:10:00+09:00,CMP-S01-L02-01,S01,S01-L02,1,running,165.3918,474.239,109.6854,44.9197,1.0817,B,relation-reasoning-agent-eval-v3.1
2026-08-19T07:10:00+09:00,CMP-S01-L03-01,S01,S01-L03,1,running,164.5366,371.5457,106.1076,35.6244,-0.9141,A,relation-reasoning-agent-eval-v3.1
2026-08-19T07:10:00+09:00,CMP-S01-L04-01,S01,S01-L04,1,running,164.1247,493.7436,102.1156,48.8397,1.6827,B,relation-reasoning-agent-eval-v3.1
2026-08-19T07:10:00+09:00,CMP-S01-L05-01,S01,S01-L05,1,running,165.8862,464.459,90.9861,32.5423,-1.6667,B,relation-reasoning-agent-eval-v3.1
2026-08-19T07:20:00+09:00,CMP-S01-L01-01,S01,S01-L01,1,running,203.9663,461.0742,87.3615,43.0297,0.5923,A,relation-reasoning-agent-eval-v3.1
2026-08-19T07:20:00+09:00,CMP-S01-L02-01,S01,S01-L02,1,running,166.1104,449.2494,108.72,45.9057,1.2643,B,relation-reasoning-agent-eval-v3.1
2026-08-19T07:20:00+09:00,CMP-S01-L03-01,S01,S01-L03,1,running,194.2914,363.5592,102.4895,37.7913,-0.5128,A,relation-reasoning-agent-eval-v3.1
2026-08-19T07:20:00+09:00,CMP-S01-L04-01,S01,S01-L04,1,running,192.3689,469.6501,106.0644,45.6482,1.0917,B,relation-reasoning-agent-eval-v3.1
2026-08-19T07:20:00+09:00,CMP-S01-L05-01,S01,S01-L05,1,running,183.0419,452.9809,85.9514,46.0332,0.8316,A,relation-reasoning-agent-eval-v3.1
2026-08-19T07:30:00+09:00,CMP-S01-L01-01,S01,S01-L01,1,running,194.0583,423.4345,88.8505,48.1645,1.5432,B,relation-reasoning-agent-eval-v3.1
2026-08-19T07:30:00+09:00,CMP-S01-L02-01,S01,S01-L02,1,running,173.5216,470.6838,107.0953,50.8275,2.1758,C,relation-reasoning-agent-eval-v3.1
2026-08-19T07:30:00+09:00,CMP-S01-L03-01,S01,S01-L03,1,running,180.5444,398.0666,106.1835,32.3882,-1.5134,B,relation-reasoning-agent-eval-v3.1
2026-08-19T07:30:00+09:00,CMP-S01-L04-01,S01,S01-L04,1,running,177.881,473.7813,106.7408,41.9559,0.4079,A,relation-reasoning-agent-eval-v3.1
2026-08-19T07:30:00+09:00,CMP-S01-L05-01,S01,S01-L05,1,running,187.6932,438.5189,90.4274,40.5876,-0.1769,A,relation-reasoning-agent-eval-v3.1
2026-08-19T07:40:00+09:00,CMP-S01-L01-01,S01,S01-L01,1,running,190.9151,410.4506,91.1937,46.9704,1.3221,B,relation-reasoning-agent-eval-v3.1
2026-08-19T07:40:00+09:00,CMP-S01-L02-01,S01,S01-L02,1,running,164.5391,436.6563,103.0502,45.6008,1.2079,B,relation-reasoning-agent-eval-v3.1
2026-08-19T07:40:00+09:00,CMP-S01-L03-01,S01,S01-L03,1,running,171.9772,420.4123,109.3365,39.1668,-0.2581,A,relation-reasoning-agent-eval-v3.1
2026-08-19T07:40:00+09:00,CMP-S01-L04-01,S01,S01-L04,1,running,192.6104,442.9002,107.9771,51.9328,2.2555,C,relation-reasoning-agent-eval-v3.1
2026-08-19T07:40:00+09:00,CMP-S01-L05-01,S01,S01-L05,1,running,198.2983,439.1807,87.4088,36.3626,-0.9593,A,relation-reasoning-agent-eval-v3.1
2026-08-19T07:50:00+09:00,CMP-S01-L01-01,S01,S01-L01,1,running,189.6167,401.9385,91.9479,43.0211,0.5907,A,relation-reasoning-agent-eval-v3.1
2026-08-19T07:50:00+09:00,CMP-S01-L02-01,S01,S01-L02,1,running,166.0979,442.4244,108.026,47.7307,1.6023,B,relation-reasoning-agent-eval-v3.1
2026-08-19T07:50:00+09:00,CMP-S01-L03-01,S01,S01-L03,1,running,176.1565,448.7577,108.7911,43.2489,0.4979,A,relation-reasoning-agent-eval-v3.1
2026-08-19T07:50:00+09:00,CMP-S01-L04-01,S01,S01-L04,1,running,181.2272,453.4932,109.0119,47.8526,1.4999,B,relation-reasoning-agent-eval-v3.1
2026-08-19T07:50:00+09:00,CMP-S01-L05-01,S01,S01-L05,1,running,197.228,441.4532,96.8848,38.1629,-0.6259,A,relation-reasoning-agent-eval-v3.1
2026-08-19T08:00:00+09:00,CMP-S01-L01-01,S01,S01-L01,1,running,173.9092,407.6879,94.4993,42.6503,0.522,A,relation-reasoning-agent-eval-v3.1
2026-08-19T08:00:00+09:00,CMP-S01-L02-01,S01,S01-L02,1,running,175.8962,336.746,97.8912,44.8681,1.0722,B,relation-reasoning-agent-eval-v3.1
2026-08-19T08:00:00+09:00,CMP-S01-L03-01,S01,S01-L03,1,running,178.9627,454.5711,112.5044,37.5115,-0.5646,A,relation-reasoning-agent-eval-v3.1
2026-08-19T08:00:00+09:00,CMP-S01-L04-01,S01,S01-L04,1,running,184.1414,485.0005,105.7361,42.1154,0.4375,A,relation-reasoning-agent-eval-v3.1
2026-08-19T08:00:00+09:00,CMP-S01-L05-01,S01,S01-L05,1,running,186.4194,494.5171,96.4034,38.5383,-0.5564,A,relation-reasoning-agent-eval-v3.1
2026-08-19T08:10:00+09:00,CMP-S01-L01-01,S01,S01-L01,1,running,191.1106,366.233,99.4077,42.7937,0.5486,A,relation-reasoning-agent-eval-v3.1
2026-08-19T08:10:00+09:00,CMP-S01-L02-01,S01,S01-L02,1,running,200.0745,367.6475,100.26,44.8202,1.0633,B,relation-reasoning-agent-eval-v3.1
2026-08-19T08:10:00+09:00,CMP-S01-L03-01,S01,S01-L03,1,running,166.2327,454.594,113.4442,37.3203,-0.6,A,relation-reasoning-agent-eval-v3.1
2026-08-19T08:10:00+09:00,CMP-S01-L04-01,S01,S01-L04,1,running,188.4877,458.4526,96.5886,42.2378,0.4601,A,relation-reasoning-agent-eval-v3.1
2026-08-19T08:10:00+09:00,CMP-S01-L05-01,S01,S01-L05,1,running,198.9014,490.8283,95.2828,41.5689,0.0049,A,relation-reasoning-agent-eval-v3.1
2026-08-19T08:20:00+09:00,CMP-S01-L01-01,S01,S01-L01,1,running,195.3126,389.789,93.7703,45.7128,1.0892,B,relation-reasoning-agent-eval-v3.1
2026-08-19T08:20:00+09:00,CMP-S01-L02-01,S01,S01-L02,1,running,174.9628,367.6438,106.0149,42.3013,0.5969,A,relation-reasoning-agent-eval-v3.1
2026-08-19T08:20:00+09:00,CMP-S01-L03-01,S01,S01-L03,1,running,170.0448,455.9966,112.5827,34.3025,-1.1589,B,relation-reasoning-agent-eval-v3.1
2026-08-19T08:20:00+09:00,CMP-S01-L04-01,S01,S01-L04,1,running,164.662,473.7083,101.2778,41.6738,0.3557,A,relation-reasoning-agent-eval-v3.1
2026-08-19T08:20:00+09:00,CMP-S01-L05-01,S01,S01-L05,1,running,192.365,498.1209,102.2626,41.1922,-0.0649,A,relation-reasoning-agent-eval-v3.1
2026-08-19T08:30:00+09:00,CMP-S01-L01-01,S01,S01-L01,1,running,195.0613,406.9728,97.4138,48.1512,1.5407,B,relation-reasoning-agent-eval-v3.1
2026-08-19T08:30:00+09:00,CMP-S01-L02-01,S01,S01-L02,1,running,185.4139,357.8296,108.6805,45.4177,1.174,B,relation-reasoning-agent-eval-v3.1
2026-08-19T08:30:00+09:00,CMP-S01-L03-01,S01,S01-L03,1,running,168.3713,415.7157,103.1872,32.1894,-1.5502,B,relation-reasoning-agent-eval-v3.1
2026-08-19T08:30:00+09:00,CMP-S01-L04-01,S01,S01-L04,1,running,171.1739,459.9171,105.4416,41.8553,0.3893,A,relation-reasoning-agent-eval-v3.1
2026-08-19T08:30:00+09:00,CMP-S01-L05-01,S01,S01-L05,1,running,182.3988,495.654,106.1942,38.6748,-0.5311,A,relation-reasoning-agent-eval-v3.1
2026-08-19T08:40:00+09:00,CMP-S01-L01-01,S01,S01-L01,1,running,180.7814,452.3233,92.678,45.4024,1.0317,B,relation-reasoning-agent-eval-v3.1
2026-08-19T08:40:00+09:00,CMP-S01-L02-01,S01,S01-L02,1,running,179.2682,420.1596,107.4873,49.2923,1.8915,B,relation-reasoning-agent-eval-v3.1
2026-08-19T08:40:00+09:00,CMP-S01-L03-01,S01,S01-L03,1,running,159.1532,378.4184,105.4699,33.0521,-1.3904,B,relation-reasoning-agent-eval-v3.1
2026-08-19T08:40:00+09:00,CMP-S01-L04-01,S01,S01-L04,1,running,179.9089,465.4921,102.8954,41.6629,0.3537,A,relation-reasoning-agent-eval-v3.1
2026-08-19T08:40:00+09:00,CMP-S01-L05-01,S01,S01-L05,1,running,177.8507,474.4691,104.5759,39.341,-0.4077,A,relation-reasoning-agent-eval-v3.1
2026-08-19T08:50:00+09:00,CMP-S01-L01-01,S01,S01-L01,1,running,177.476,477.7326,91.1004,40.4224,0.1095,A,relation-reasoning-agent-eval-v3.1
2026-08-19T08:50:00+09:00,CMP-S01-L02-01,S01,S01-L02,1,running,201.0287,350.6021,109.7971,46.1135,1.3028,B,relation-reasoning-agent-eval-v3.1
2026-08-19T08:50:00+09:00,CMP-S01-L03-01,S01,S01-L03,1,running,173.0916,381.4838,98.413,39.669,-0.1651,A,relation-reasoning-agent-eval-v3.1
2026-08-19T08:50:00+09:00,CMP-S01-L04-01,S01,S01-L04,1,running,184.7014,462.8676,102.2955,44.9025,0.9536,A,relation-reasoning-agent-eval-v3.1
2026-08-19T08:50:00+09:00,CMP-S01-L05-01,S01,S01-L05,1,running,186.8582,475.1007,97.1418,40.2064,-0.2474,A,relation-reasoning-agent-eval-v3.1
2026-08-19T09:00:00+09:00,CMP-S01-L01-01,S01,S01-L01,1,running,174.1492,485.7146,89.6374,41.367,0.2844,A,relation-reasoning-agent-eval-v3.1
2026-08-19T09:00:00+09:00,CMP-S01-L02-01,S01,S01-L02,1,running,192.5881,351.0266,110.377,46.0253,1.2865,B,relation-reasoning-agent-eval-v3.1
2026-08-19T09:00:00+09:00,CMP-S01-L03-01,S01,S01-L03,1,running,168.1397,397.4232,96.397,34.9431,-1.0403,B,relation-reasoning-agent-eval-v3.1
2026-08-19T09:00:00+09:00,CMP-S01-L04-01,S01,S01-L04,1,running,178.263,413.0925,101.2295,40.9044,0.2132,A,relation-reasoning-agent-eval-v3.1
2026-08-19T09:00:00+09:00,CMP-S01-L05-01,S01,S01-L05,1,running,206.4367,416.8951,97.7177,43.1294,0.2938,A,relation-reasoning-agent-eval-v3.1
2026-08-19T09:10:00+09:00,CMP-S01-L01-01,S01,S01-L01,1,running,174.1129,493.0084,92.0115,40.6622,0.1539,A,relation-reasoning-agent-eval-v3.1
2026-08-19T09:10:00+09:00,CMP-S01-L02-01,S01,S01-L02,1,running,169.1463,369.6982,106.6388,45.9828,1.2786,B,relation-reasoning-agent-eval-v3.1
2026-08-19T09:10:00+09:00,CMP-S01-L03-01,S01,S01-L03,1,running,151.1785,417.869,100.8864,39.3609,-0.2221,A,relation-reasoning-agent-eval-v3.1
2026-08-19T09:10:00+09:00,CMP-S01-L04-01,S01,S01-L04,1,running,172.0975,460.0835,97.8234,35.7771,-0.7363,A,relation-reasoning-agent-eval-v3.1
2026-08-19T09:10:00+09:00,CMP-S01-L05-01,S01,S01-L05,1,running,184.7882,458.0343,96.814,40.9688,-0.1063,A,relation-reasoning-agent-eval-v3.1
2026-08-19T09:20:00+09:00,CMP-S01-L01-01,S01,S01-L01,1,running,157.5771,507.7269,90.4345,42.9937,0.5856,A,relation-reasoning-agent-eval-v3.1
2026-08-19T09:20:00+09:00,CMP-S01-L02-01,S01,S01-L02,1,running,166.8003,362.016,115.7091,42.5599,0.6447,A,relation-reasoning-agent-eval-v3.1
2026-08-19T09:20:00+09:00,CMP-S01-L03-01,S01,S01-L03,1,running,148.7432,439.9468,101.4477,44.1683,0.6681,A,relation-reasoning-agent-eval-v3.1
2026-08-19T09:20:00+09:00,CMP-S01-L04-01,S01,S01-L04,1,running,188.3093,496.1711,103.4251,34.5472,-0.964,A,relation-reasoning-agent-eval-v3.1
2026-08-19T09:20:00+09:00,CMP-S01-L05-01,S01,S01-L05,1,running,198.2146,479.3968,95.1552,36.7501,-0.8875,A,relation-reasoning-agent-eval-v3.1
2026-08-19T09:30:00+09:00,CMP-S01-L01-01,S01,S01-L01,1,running,155.4394,533.8442,86.327,39.5209,-0.0575,A,relation-reasoning-agent-eval-v3.1
2026-08-19T09:30:00+09:00,CMP-S01-L02-01,S01,S01-L02,1,running,183.1493,403.6703,118.5861,42.0302,0.5466,A,relation-reasoning-agent-eval-v3.1
2026-08-19T09:30:00+09:00,CMP-S01-L03-01,S01,S01-L03,1,running,162.7365,452.4914,106.7326,42.6572,0.3883,A,relation-reasoning-agent-eval-v3.1
2026-08-19T09:30:00+09:00,CMP-S01-L04-01,S01,S01-L04,1,running,189.0129,452.7656,105.3704,36.6341,-0.5776,A,relation-reasoning-agent-eval-v3.1
2026-08-19T09:30:00+09:00,CMP-S01-L05-01,S01,S01-L05,1,running,212.3027,458.1402,100.1486,36.8146,-0.8756,A,relation-reasoning-agent-eval-v3.1
2026-08-19T09:40:00+09:00,CMP-S01-L01-01,S01,S01-L01,1,running,149.8353,490.8913,94.1301,42.8797,0.5645,A,relation-reasoning-agent-eval-v3.1
2026-08-19T09:40:00+09:00,CMP-S01-L02-01,S01,S01-L02,1,running,187.2813,409.6687,117.575,37.0967,-0.367,A,relation-reasoning-agent-eval-v3.1
2026-08-19T09:40:00+09:00,CMP-S01-L03-01,S01,S01-L03,1,running,155.52,434.5683,107.5937,38.5777,-0.3672,A,relation-reasoning-agent-eval-v3.1
2026-08-19T09:40:00+09:00,CMP-S01-L04-01,S01,S01-L04,1,running,175.8146,442.0479,102.681,39.5076,-0.0455,A,relation-reasoning-agent-eval-v3.1
2026-08-19T09:40:00+09:00,CMP-S01-L05-01,S01,S01-L05,1,running,200.9425,459.4274,97.9119,38.8587,-0.497,A,relation-reasoning-agent-eval-v3.1
2026-08-19T09:50:00+09:00,CMP-S01-L01-01,S01,S01-L01,1,running,134.0287,464.9859,90.8057,42.1318,0.426,A,relation-reasoning-agent-eval-v3.1
2026-08-19T09:50:00+09:00,CMP-S01-L02-01,S01,S01-L02,1,running,176.8101,417.0665,114.3063,38.262,-0.1512,A,relation-reasoning-agent-eval-v3.1
2026-08-19T09:50:00+09:00,CMP-S01-L03-01,S01,S01-L03,1,running,160.7962,401.7685,106.7731,46.6867,1.1345,B,relation-reasoning-agent-eval-v3.1
2026-08-19T09:50:00+09:00,CMP-S01-L04-01,S01,S01-L04,1,running,173.8611,436.7528,102.7867,37.6902,-0.382,A,relation-reasoning-agent-eval-v3.1
2026-08-19T09:50:00+09:00,CMP-S01-L05-01,S01,S01-L05,1,running,198.1229,436.0681,99.2801,40.2894,-0.2321,A,relation-reasoning-agent-eval-v3.1
2026-08-19T10:00:00+09:00,CMP-S01-L01-01,S01,S01-L01,1,running,148.6006,458.6006,99.5114,36.0865,-0.6935,A,relation-reasoning-agent-eval-v3.1
2026-08-19T10:00:00+09:00,CMP-S01-L02-01,S01,S01-L02,1,running,176.5453,354.9545,111.4548,39.0108,-0.0125,A,relation-reasoning-agent-eval-v3.1
2026-08-19T10:00:00+09:00,CMP-S01-L03-01,S01,S01-L03,1,running,145.3077,393.2917,107.3593,42.3256,0.3269,A,relation-reasoning-agent-eval-v3.1
2026-08-19T10:00:00+09:00,CMP-S01-L04-01,S01,S01-L04,1,running,195.2806,404.5797,101.2324,42.4069,0.4915,A,relation-reasoning-agent-eval-v3.1
2026-08-19T10:00:00+09:00,CMP-S01-L05-01,S01,S01-L05,1,running,193.3771,406.795,101.7062,37.3165,-0.7826,A,relation-reasoning-agent-eval-v3.1
2026-08-19T10:10:00+09:00,CMP-S01-L01-01,S01,S01-L01,1,running,131.1565,494.4834,95.1835,28.5503,-2.0891,C,relation-reasoning-agent-eval-v3.1
2026-08-19T10:10:00+09:00,CMP-S01-L02-01,S01,S01-L02,1,running,175.2815,376.1537,112.3938,33.2909,-1.0717,B,relation-reasoning-agent-eval-v3.1
2026-08-19T10:10:00+09:00,CMP-S01-L03-01,S01,S01-L03,1,running,155.932,447.0856,109.7926,42.2438,0.3117,A,relation-reasoning-agent-eval-v3.1
2026-08-19T10:10:00+09:00,CMP-S01-L04-01,S01,S01-L04,1,running,177.3832,435.216,113.7161,37.5252,-0.4126,A,relation-reasoning-agent-eval-v3.1
2026-08-19T10:10:00+09:00,CMP-S01-L05-01,S01,S01-L05,1,running,184.9517,431.9538,99.8857,38.3721,-0.5871,A,relation-reasoning-agent-eval-v3.1
2026-08-19T10:20:00+09:00,CMP-S01-L01-01,S01,S01-L01,1,running,151.9737,516.1811,95.4137,25.5057,-2.6529,C,relation-reasoning-agent-eval-v3.1
2026-08-19T10:20:00+09:00,CMP-S01-L02-01,S01,S01-L02,1,running,172.4249,371.7143,107.929,38.0298,-0.1942,A,relation-reasoning-agent-eval-v3.1
2026-08-19T10:20:00+09:00,CMP-S01-L03-01,S01,S01-L03,1,running,172.1521,434.0882,102.0108,41.6814,0.2076,A,relation-reasoning-agent-eval-v3.1
2026-08-19T10:20:00+09:00,CMP-S01-L04-01,S01,S01-L04,1,running,182.0314,482.0003,113.6841,35.0167,-0.8771,A,relation-reasoning-agent-eval-v3.1
2026-08-19T10:20:00+09:00,CMP-S01-L05-01,S01,S01-L05,1,running,178.3353,409.3812,95.9902,35.2178,-1.1713,B,relation-reasoning-agent-eval-v3.1
2026-08-19T10:30:00+09:00,CMP-S01-L01-01,S01,S01-L01,1,running,179.3146,486.4529,101.8993,24.722,-2.798,C,relation-reasoning-agent-eval-v3.1
2026-08-19T10:30:00+09:00,CMP-S01-L02-01,S01,S01-L02,1,running,156.6238,355.0561,108.1685,38.7996,-0.0516,A,relation-reasoning-agent-eval-v3.1
2026-08-19T10:30:00+09:00,CMP-S01-L03-01,S01,S01-L03,1,running,159.4671,378.8041,95.8526,40.6712,0.0205,A,relation-reasoning-agent-eval-v3.1
2026-08-19T10:30:00+09:00,CMP-S01-L04-01,S01,S01-L04,1,running,202.9047,459.2507,111.5421,35.6012,-0.7689,A,relation-reasoning-agent-eval-v3.1
2026-08-19T10:30:00+09:00,CMP-S01-L05-01,S01,S01-L05,1,running,184.6478,430.0538,94.4942,33.9565,-1.4048,B,relation-reasoning-agent-eval-v3.1
2026-08-19T10:40:00+09:00,CMP-S01-L01-01,S01,S01-L01,1,running,187.3882,504.8772,96.3255,28.4681,-2.1043,C,relation-reasoning-agent-eval-v3.1
2026-08-19T10:40:00+09:00,CMP-S01-L02-01,S01,S01-L02,1,running,160.7583,355.6887,116.7841,45.2545,1.1438,B,relation-reasoning-agent-eval-v3.1
2026-08-19T10:40:00+09:00,CMP-S01-L03-01,S01,S01-L03,1,running,182.0063,397.0354,94.6074,33.1236,-1.3772,B,relation-reasoning-agent-eval-v3.1
2026-08-19T10:40:00+09:00,CMP-S01-L04-01,S01,S01-L04,1,running,197.5964,469.9458,107.4764,40.6677,0.1694,A,relation-reasoning-agent-eval-v3.1
2026-08-19T10:40:00+09:00,CMP-S01-L05-01,S01,S01-L05,1,running,188.5978,414.9637,100.4378,36.5843,-0.9182,A,relation-reasoning-agent-eval-v3.1
2026-08-19T10:50:00+09:00,CMP-S01-L01-01,S01,S01-L01,1,running,188.0972,451.9662,107.5551,34.5428,-0.9793,A,relation-reasoning-agent-eval-v3.1
2026-08-19T10:50:00+09:00,CMP-S01-L02-01,S01,S01-L02,1,running,159.1729,375.8546,120.721,43.9019,0.8933,A,relation-reasoning-agent-eval-v3.1
2026-08-19T10:50:00+09:00,CMP-S01-L03-01,S01,S01-L03,1,running,197.323,394.3795,97.2705,32.3884,-1.5134,B,relation-reasoning-agent-eval-v3.1
2026-08-19T10:50:00+09:00,CMP-S01-L04-01,S01,S01-L04,1,running,186.7616,485.6599,106.8645,36.1927,-0.6593,A,relation-reasoning-agent-eval-v3.1
2026-08-19T10:50:00+09:00,CMP-S01-L05-01,S01,S01-L05,1,running,172.3144,407.0779,98.3898,31.15,-1.9246,B,relation-reasoning-agent-eval-v3.1
2026-08-19T11:00:00+09:00,CMP-S01-L01-01,S01,S01-L01,1,running,181.3685,430.0752,103.5586,45.7314,1.0926,B,relation-reasoning-agent-eval-v3.1
2026-08-19T11:00:00+09:00,CMP-S01-L02-01,S01,S01-L02,1,running,176.2973,407.5714,117.8057,45.7714,1.2395,B,relation-reasoning-agent-eval-v3.1
2026-08-19T11:00:00+09:00,CMP-S01-L03-01,S01,S01-L03,1,running,189.8698,412.2477,100.8694,39.075,-0.2751,A,relation-reasoning-agent-eval-v3.1
2026-08-19T11:00:00+09:00,CMP-S01-L04-01,S01,S01-L04,1,running,167.0307,438.2519,107.4446,37.4637,-0.424,A,relation-reasoning-agent-eval-v3.1
2026-08-19T11:00:00+09:00,CMP-S01-L05-01,S01,S01-L05,1,running,190.0422,426.43,97.1778,29.5107,-2.2281,C,relation-reasoning-agent-eval-v3.1
2026-08-19T11:10:00+09:00,CMP-S01-L01-01,S01,S01-L01,1,running,180.1996,420.8641,106.7981,41.5151,0.3118,A,relation-reasoning-agent-eval-v3.1
2026-08-19T11:10:00+09:00,CMP-S01-L02-01,S01,S01-L02,1,running,159.7295,443.7707,110.806,50.2395,2.0669,C,relation-reasoning-agent-eval-v3.1
2026-08-19T11:10:00+09:00,CMP-S01-L03-01,S01,S01-L03,1,running,189.6225,392.6761,101.946,37.6498,-0.539,A,relation-reasoning-agent-eval-v3.1
2026-08-19T11:10:00+09:00,CMP-S01-L04-01,S01,S01-L04,1,running,180.2931,373.7405,106.8352,41.0972,0.2489,A,relation-reasoning-agent-eval-v3.1
2026-08-19T11:10:00+09:00,CMP-S01-L05-01,S01,S01-L05,1,running,176.1933,415.8472,101.6135,31.0394,-1.945,B,relation-reasoning-agent-eval-v3.1
2026-08-19T11:20:00+09:00,CMP-S01-L01-01,S01,S01-L01,1,running,183.4448,463.5114,102.1732,48.3116,1.5704,B,relation-reasoning-agent-eval-v3.1
2026-08-19T11:20:00+09:00,CMP-S01-L02-01,S01,S01-L02,1,running,148.472,432.5431,116.6144,49.4171,1.9146,B,relation-reasoning-agent-eval-v3.1
2026-08-19T11:20:00+09:00,CMP-S01-L03-01,S01,S01-L03,1,running,184.1968,419.0067,101.7791,36.7238,-0.7105,A,relation-reasoning-agent-eval-v3.1
2026-08-19T11:20:00+09:00,CMP-S01-L04-01,S01,S01-L04,1,running,168.9584,368.723,112.414,35.4965,-0.7883,A,relation-reasoning-agent-eval-v3.1
2026-08-19T11:20:00+09:00,CMP-S01-L05-01,S01,S01-L05,1,running,179.5917,427.3894,99.6523,33.9211,-1.4114,B,relation-reasoning-agent-eval-v3.1
2026-08-19T11:30:00+09:00,CMP-S01-L01-01,S01,S01-L01,1,running,169.324,437.9827,106.2986,41.0417,0.2242,A,relation-reasoning-agent-eval-v3.1
2026-08-19T11:30:00+09:00,CMP-S01-L02-01,S01,S01-L02,1,running,148.7464,390.5017,118.8006,42.3913,0.6135,A,relation-reasoning-agent-eval-v3.1
2026-08-19T11:30:00+09:00,CMP-S01-L03-01,S01,S01-L03,1,running,182.4937,358.8704,104.7179,36.9207,-0.674,A,relation-reasoning-agent-eval-v3.1
2026-08-19T11:30:00+09:00,CMP-S01-L04-01,S01,S01-L04,1,running,182.755,427.9995,103.3566,35.6745,-0.7553,A,relation-reasoning-agent-eval-v3.1
2026-08-19T11:30:00+09:00,CMP-S01-L05-01,S01,S01-L05,1,running,170.1004,441.3461,102.4661,36.3377,-0.9639,A,relation-reasoning-agent-eval-v3.1
2026-08-19T11:40:00+09:00,CMP-S01-L01-01,S01,S01-L01,1,running,166.0303,416.0055,108.0741,44.3555,0.8378,A,relation-reasoning-agent-eval-v3.1
2026-08-19T11:40:00+09:00,CMP-S01-L02-01,S01,S01-L02,1,running,150.3805,398.3496,116.8903,40.8204,0.3226,A,relation-reasoning-agent-eval-v3.1
2026-08-19T11:40:00+09:00,CMP-S01-L03-01,S01,S01-L03,1,running,157.7088,382.179,105.1589,42.1621,0.2966,A,relation-reasoning-agent-eval-v3.1
2026-08-19T11:40:00+09:00,CMP-S01-L04-01,S01,S01-L04,1,running,168.6859,486.6444,101.966,42.3874,0.4878,A,relation-reasoning-agent-eval-v3.1
2026-08-19T11:40:00+09:00,CMP-S01-L05-01,S01,S01-L05,1,running,178.6695,476.3474,101.0402,32.6781,-1.6416,B,relation-reasoning-agent-eval-v3.1
2026-08-19T11:50:00+09:00,CMP-S01-L01-01,S01,S01-L01,1,running,163.3192,487.1185,106.502,40.601,0.1425,A,relation-reasoning-agent-eval-v3.1
2026-08-19T11:50:00+09:00,CMP-S01-L02-01,S01,S01-L02,1,running,147.5516,402.7466,112.5215,36.4941,-0.4786,A,relation-reasoning-agent-eval-v3.1
2026-08-19T11:50:00+09:00,CMP-S01-L03-01,S01,S01-L03,1,running,149.797,433.3089,102.2591,42.0237,0.271,A,relation-reasoning-agent-eval-v3.1
2026-08-19T11:50:00+09:00,CMP-S01-L04-01,S01,S01-L04,1,running,169.9521,470.4791,97.9436,41.7374,0.3675,A,relation-reasoning-agent-eval-v3.1
2026-08-19T11:50:00+09:00,CMP-S01-L05-01,S01,S01-L05,1,running,194.7733,444.1528,96.7922,35.0346,-1.2052,B,relation-reasoning-agent-eval-v3.1
2026-08-19T12:00:00+09:00,CMP-S01-L01-01,S01,S01-L01,1,running,159.4614,489.8326,109.3413,32.8506,-1.2927,B,relation-reasoning-agent-eval-v3.1
2026-08-19T12:00:00+09:00,CMP-S01-L02-01,S01,S01-L02,1,running,139.513,389.2256,110.9216,38.1375,-0.1742,A,relation-reasoning-agent-eval-v3.1
2026-08-19T12:00:00+09:00,CMP-S01-L03-01,S01,S01-L03,1,running,140.5488,432.6535,105.4751,42.3992,0.3405,A,relation-reasoning-agent-eval-v3.1
2026-08-19T12:00:00+09:00,CMP-S01-L04-01,S01,S01-L04,1,running,160.2981,489.0851,98.3868,40.0746,0.0595,A,relation-reasoning-agent-eval-v3.1
2026-08-19T12:00:00+09:00,CMP-S01-L05-01,S01,S01-L05,1,running,171.9647,395.705,97.1807,43.3828,0.3408,A,relation-reasoning-agent-eval-v3.1
2026-08-19T12:10:00+09:00,CMP-S01-L01-01,S01,S01-L01,1,running,159.1015,490.2781,109.5958,34.842,-0.9239,A,relation-reasoning-agent-eval-v3.1
2026-08-19T12:10:00+09:00,CMP-S01-L02-01,S01,S01-L02,1,running,154.4647,443.9415,107.733,30.8869,-1.5169,B,relation-reasoning-agent-eval-v3.1
2026-08-19T12:10:00+09:00,CMP-S01-L03-01,S01,S01-L03,1,running,141.3653,442.7407,97.4462,40.7064,0.027,A,relation-reasoning-agent-eval-v3.1
2026-08-19T12:10:00+09:00,CMP-S01-L04-01,S01,S01-L04,1,running,157.6134,449.5478,112.3561,40.5578,0.149,A,relation-reasoning-agent-eval-v3.1
2026-08-19T12:10:00+09:00,CMP-S01-L05-01,S01,S01-L05,1,running,178.6713,388.0497,97.5228,36.4134,-0.9499,A,relation-reasoning-agent-eval-v3.1
2026-08-19T12:20:00+09:00,CMP-S01-L01-01,S01,S01-L01,1,running,159.6052,458.3149,99.3036,38.745,-0.2012,A,relation-reasoning-agent-eval-v3.1
2026-08-19T12:20:00+09:00,CMP-S01-L02-01,S01,S01-L02,1,running,150.0642,460.8559,110.0102,37.4414,-0.3031,A,relation-reasoning-agent-eval-v3.1
2026-08-19T12:20:00+09:00,CMP-S01-L03-01,S01,S01-L03,1,running,150.038,401.8366,100.0133,34.6303,-1.0982,B,relation-reasoning-agent-eval-v3.1
2026-08-19T12:20:00+09:00,CMP-S01-L04-01,S01,S01-L04,1,running,153.1709,467.9519,109.8138,34.8109,-0.9152,A,relation-reasoning-agent-eval-v3.1
2026-08-19T12:20:00+09:00,CMP-S01-L05-01,S01,S01-L05,1,running,198.6607,444.452,102.9039,35.7093,-1.0802,B,relation-reasoning-agent-eval-v3.1
2026-08-19T12:30:00+09:00,CMP-S01-L01-01,S01,S01-L01,1,running,190.0425,451.5735,102.1512,39.5823,-0.0461,A,relation-reasoning-agent-eval-v3.1
2026-08-19T12:30:00+09:00,CMP-S01-L02-01,S01,S01-L02,1,running,148.4129,448.7818,106.5814,37.7073,-0.2539,A,relation-reasoning-agent-eval-v3.1
2026-08-19T12:30:00+09:00,CMP-S01-L03-01,S01,S01-L03,1,running,151.3293,390.0216,100.1243,33.0941,-1.3827,B,relation-reasoning-agent-eval-v3.1
2026-08-19T12:30:00+09:00,CMP-S01-L04-01,S01,S01-L04,1,running,151.4099,450.8585,97.5335,31.1557,-1.5921,B,relation-reasoning-agent-eval-v3.1
2026-08-19T12:30:00+09:00,CMP-S01-L05-01,S01,S01-L05,1,running,185.7244,429.003,90.3897,38.7815,-0.5113,A,relation-reasoning-agent-eval-v3.1
2026-08-19T12:40:00+09:00,CMP-S01-L01-01,S01,S01-L01,1,running,194.3601,459.6799,101.8171,43.2504,0.6332,A,relation-reasoning-agent-eval-v3.1
2026-08-19T12:40:00+09:00,CMP-S01-L02-01,S01,S01-L02,1,running,155.3747,425.4456,104.3512,42.2593,0.5891,A,relation-reasoning-agent-eval-v3.1
2026-08-19T12:40:00+09:00,CMP-S01-L03-01,S01,S01-L03,1,running,143.2967,412.5014,97.1028,33.6262,-1.2841,B,relation-reasoning-agent-eval-v3.1
2026-08-19T12:40:00+09:00,CMP-S01-L04-01,S01,S01-L04,1,running,170.9852,464.1888,89.2839,41.7491,0.3696,A,relation-reasoning-agent-eval-v3.1
2026-08-19T12:40:00+09:00,CMP-S01-L05-01,S01,S01-L05,1,running,180.6443,466.7066,89.2324,44.0587,0.4659,A,relation-reasoning-agent-eval-v3.1
2026-08-19T12:50:00+09:00,CMP-S01-L01-01,S01,S01-L01,1,running,189.0933,429.5924,104.0142,44.8483,0.9291,A,relation-reasoning-agent-eval-v3.1
2026-08-19T12:50:00+09:00,CMP-S01-L02-01,S01,S01-L02,1,running,164.0949,413.552,108.0383,38.1016,-0.1809,A,relation-reasoning-agent-eval-v3.1
2026-08-19T12:50:00+09:00,CMP-S01-L03-01,S01,S01-L03,1,running,154.9956,442.1233,97.2519,27.9068,-2.3433,C,relation-reasoning-agent-eval-v3.1
2026-08-19T12:50:00+09:00,CMP-S01-L04-01,S01,S01-L04,1,running,184.7227,474.7884,91.1615,43.6328,0.7185,A,relation-reasoning-agent-eval-v3.1
2026-08-19T12:50:00+09:00,CMP-S01-L05-01,S01,S01-L05,1,running,182.8965,454.6533,89.7539,43.7775,0.4139,A,relation-reasoning-agent-eval-v3.1
2026-08-19T13:00:00+09:00,CMP-S01-L01-01,S01,S01-L01,1,running,185.5829,414.8045,103.5319,43.3182,0.6457,A,relation-reasoning-agent-eval-v3.1
2026-08-19T13:00:00+09:00,CMP-S01-L02-01,S01,S01-L02,1,running,187.1238,443.1933,100.8122,43.079,0.7409,A,relation-reasoning-agent-eval-v3.1
2026-08-19T13:00:00+09:00,CMP-S01-L03-01,S01,S01-L03,1,running,173.7054,430.5918,104.4609,26.379,-2.6262,C,relation-reasoning-agent-eval-v3.1
2026-08-19T13:00:00+09:00,CMP-S01-L04-01,S01,S01-L04,1,running,168.0774,498.7712,99.4209,37.9954,-0.3255,A,relation-reasoning-agent-eval-v3.1
2026-08-19T13:00:00+09:00,CMP-S01-L05-01,S01,S01-L05,1,running,171.1927,512.2328,88.7679,37.8111,-0.691,A,relation-reasoning-agent-eval-v3.1
2026-08-19T13:10:00+09:00,CMP-S01-L01-01,S01,S01-L01,1,running,178.3068,392.7013,103.3837,49.1417,1.7242,B,relation-reasoning-agent-eval-v3.1
2026-08-19T13:10:00+09:00,CMP-S01-L02-01,S01,S01-L02,1,running,183.335,436.9675,101.7314,40.4622,0.2563,A,relation-reasoning-agent-eval-v3.1
2026-08-19T13:10:00+09:00,CMP-S01-L03-01,S01,S01-L03,1,running,157.2294,496.1992,103.3461,26.5573,-2.5932,C,relation-reasoning-agent-eval-v3.1
2026-08-19T13:10:00+09:00,CMP-S01-L04-01,S01,S01-L04,1,running,180.0026,500.7461,91.48,41.7168,0.3636,A,relation-reasoning-agent-eval-v3.1
2026-08-19T13:10:00+09:00,CMP-S01-L05-01,S01,S01-L05,1,running,166.2682,499.2326,93.5109,41.7835,0.0446,A,relation-reasoning-agent-eval-v3.1
2026-08-19T13:20:00+09:00,CMP-S01-L01-01,S01,S01-L01,1,running,173.6828,412.3018,109.7664,47.6594,1.4497,B,relation-reasoning-agent-eval-v3.1
2026-08-19T13:20:00+09:00,CMP-S01-L02-01,S01,S01-L02,1,running,172.6914,442.3761,108.0543,34.7996,-0.7923,A,relation-reasoning-agent-eval-v3.1
2026-08-19T13:20:00+09:00,CMP-S01-L03-01,S01,S01-L03,1,running,140.423,469.6282,99.3861,30.2762,-1.9045,B,relation-reasoning-agent-eval-v3.1
2026-08-19T13:20:00+09:00,CMP-S01-L04-01,S01,S01-L04,1,running,183.4036,479.748,99.8219,42.443,0.4981,A,relation-reasoning-agent-eval-v3.1
2026-08-19T13:20:00+09:00,CMP-S01-L05-01,S01,S01-L05,1,running,162.4343,506.2338,97.0278,38.6847,-0.5293,A,relation-reasoning-agent-eval-v3.1
2026-08-19T13:30:00+09:00,CMP-S01-L01-01,S01,S01-L01,1,running,147.9586,389.5289,105.6212,47.876,1.4898,B,relation-reasoning-agent-eval-v3.1
2026-08-19T13:30:00+09:00,CMP-S01-L02-01,S01,S01-L02,1,running,200.3024,454.1415,110.9935,37.5966,-0.2744,A,relation-reasoning-agent-eval-v3.1
2026-08-19T13:30:00+09:00,CMP-S01-L03-01,S01,S01-L03,1,running,168.5341,428.6624,99.2158,33.0266,-1.3952,B,relation-reasoning-agent-eval-v3.1
2026-08-19T13:30:00+09:00,CMP-S01-L04-01,S01,S01-L04,1,running,178.8991,465.2943,97.5683,40.9126,0.2147,A,relation-reasoning-agent-eval-v3.1
2026-08-19T13:30:00+09:00,CMP-S01-L05-01,S01,S01-L05,1,running,161.6793,477.5191,96.3193,40.8664,-0.1252,A,relation-reasoning-agent-eval-v3.1
2026-08-19T13:40:00+09:00,CMP-S01-L01-01,S01,S01-L01,1,running,150.8709,395.6873,96.7463,44.982,0.9539,A,relation-reasoning-agent-eval-v3.1
2026-08-19T13:40:00+09:00,CMP-S01-L02-01,S01,S01-L02,1,running,195.3594,453.9703,108.1764,34.1719,-0.9086,A,relation-reasoning-agent-eval-v3.1
2026-08-19T13:40:00+09:00,CMP-S01-L03-01,S01,S01-L03,1,running,171.1403,421.1389,100.8141,33.7528,-1.2607,B,relation-reasoning-agent-eval-v3.1
2026-08-19T13:40:00+09:00,CMP-S01-L04-01,S01,S01-L04,1,running,160.1089,436.5684,91.128,38.1138,-0.3036,A,relation-reasoning-agent-eval-v3.1
2026-08-19T13:40:00+09:00,CMP-S01-L05-01,S01,S01-L05,1,running,163.5777,473.0356,96.2174,37.8219,-0.689,A,relation-reasoning-agent-eval-v3.1
2026-08-19T13:50:00+09:00,CMP-S01-L01-01,S01,S01-L01,1,running,149.4534,421.0863,95.6667,41.8712,0.3778,A,relation-reasoning-agent-eval-v3.1
2026-08-19T13:50:00+09:00,CMP-S01-L02-01,S01,S01-L02,1,running,169.7286,421.8662,109.7347,33.9734,-0.9454,A,relation-reasoning-agent-eval-v3.1
2026-08-19T13:50:00+09:00,CMP-S01-L03-01,S01,S01-L03,1,running,167.2691,443.4125,107.5625,34.9902,-1.0315,B,relation-reasoning-agent-eval-v3.1
2026-08-19T13:50:00+09:00,CMP-S01-L04-01,S01,S01-L04,1,running,180.8301,391.5303,87.8413,34.9,-0.8987,A,relation-reasoning-agent-eval-v3.1
2026-08-19T13:50:00+09:00,CMP-S01-L05-01,S01,S01-L05,1,running,175.1679,519.0826,92.8933,41.4692,-0.0136,A,relation-reasoning-agent-eval-v3.1
2026-08-19T14:00:00+09:00,CMP-S01-L01-01,S01,S01-L01,1,running,158.4861,407.5764,97.3561,45.7929,1.104,B,relation-reasoning-agent-eval-v3.1
2026-08-19T14:00:00+09:00,CMP-S01-L02-01,S01,S01-L02,1,running,170.9192,436.0786,111.0581,35.6525,-0.6344,A,relation-reasoning-agent-eval-v3.1
2026-08-19T14:00:00+09:00,CMP-S01-L03-01,S01,S01-L03,1,running,178.5578,461.3033,104.213,36.8408,-0.6888,A,relation-reasoning-agent-eval-v3.1
2026-08-19T14:00:00+09:00,CMP-S01-L04-01,S01,S01-L04,1,running,163.0276,360.2257,95.6865,40.0764,0.0599,A,relation-reasoning-agent-eval-v3.1
2026-08-19T14:00:00+09:00,CMP-S01-L05-01,S01,S01-L05,1,running,169.7467,520.8998,97.8419,41.2817,-0.0483,A,relation-reasoning-agent-eval-v3.1
2026-08-19T14:10:00+09:00,CMP-S01-L01-01,S01,S01-L01,1,running,167.2523,464.7998,101.2905,38.3579,-0.2728,A,relation-reasoning-agent-eval-v3.1
2026-08-19T14:10:00+09:00,CMP-S01-L02-01,S01,S01-L02,1,running,191.083,441.2705,113.9544,27.9415,-2.0624,C,relation-reasoning-agent-eval-v3.1
2026-08-19T14:10:00+09:00,CMP-S01-L03-01,S01,S01-L03,1,running,150.4351,484.614,99.3785,37.1093,-0.6391,A,relation-reasoning-agent-eval-v3.1
2026-08-19T14:10:00+09:00,CMP-S01-L04-01,S01,S01-L04,1,running,156.0251,369.7895,93.1507,41.8892,0.3956,A,relation-reasoning-agent-eval-v3.1
2026-08-19T14:10:00+09:00,CMP-S01-L05-01,S01,S01-L05,1,running,175.4004,473.9404,97.8768,39.1274,-0.4473,A,relation-reasoning-agent-eval-v3.1
2026-08-19T14:20:00+09:00,CMP-S01-L01-01,S01,S01-L01,1,running,154.4239,466.1441,98.0335,40.31,0.0887,A,relation-reasoning-agent-eval-v3.1
2026-08-19T14:20:00+09:00,CMP-S01-L02-01,S01,S01-L02,1,running,179.8139,475.3097,111.5394,35.9527,-0.5788,A,relation-reasoning-agent-eval-v3.1
2026-08-19T14:20:00+09:00,CMP-S01-L03-01,S01,S01-L03,1,running,150.0266,437.4947,101.1405,37.9387,-0.4855,A,relation-reasoning-agent-eval-v3.1
2026-08-19T14:20:00+09:00,CMP-S01-L04-01,S01,S01-L04,1,running,163.0307,397.8871,98.3674,38.6195,-0.2099,A,relation-reasoning-agent-eval-v3.1
2026-08-19T14:20:00+09:00,CMP-S01-L05-01,S01,S01-L05,1,running,170.2531,486.1243,93.9517,43.1778,0.3028,A,relation-reasoning-agent-eval-v3.1
2026-08-19T14:30:00+09:00,CMP-S01-L01-01,S01,S01-L01,1,running,187.742,496.4019,90.6214,35.7557,-0.7547,A,relation-reasoning-agent-eval-v3.1
2026-08-19T14:30:00+09:00,CMP-S01-L02-01,S01,S01-L02,1,running,175.4612,488.259,109.898,35.3023,-0.6993,A,relation-reasoning-agent-eval-v3.1
2026-08-19T14:30:00+09:00,CMP-S01-L03-01,S01,S01-L03,1,running,149.5995,402.5821,104.1913,45.8341,0.9766,A,relation-reasoning-agent-eval-v3.1
2026-08-19T14:30:00+09:00,CMP-S01-L04-01,S01,S01-L04,1,running,175.8385,420.9349,107.8178,45.0428,0.9796,A,relation-reasoning-agent-eval-v3.1
2026-08-19T14:30:00+09:00,CMP-S01-L05-01,S01,S01-L05,1,running,162.6211,499.4118,99.9414,41.2451,-0.0551,A,relation-reasoning-agent-eval-v3.1
2026-08-19T14:40:00+09:00,CMP-S01-L01-01,S01,S01-L01,1,running,188.6625,489.0507,95.0295,40.3369,0.0936,A,relation-reasoning-agent-eval-v3.1
2026-08-19T14:40:00+09:00,CMP-S01-L02-01,S01,S01-L02,1,running,174.1719,455.1719,106.9541,31.8707,-1.3347,B,relation-reasoning-agent-eval-v3.1
2026-08-19T14:40:00+09:00,CMP-S01-L03-01,S01,S01-L03,1,running,163.6817,431.9278,105.0363,43.0962,0.4696,A,relation-reasoning-agent-eval-v3.1
2026-08-19T14:40:00+09:00,CMP-S01-L04-01,S01,S01-L04,1,running,175.7872,432.4784,103.5722,45.4736,1.0593,B,relation-reasoning-agent-eval-v3.1
2026-08-19T14:40:00+09:00,CMP-S01-L05-01,S01,S01-L05,1,running,146.0136,495.8708,100.0406,48.736,1.3321,B,relation-reasoning-agent-eval-v3.1
2026-08-19T14:50:00+09:00,CMP-S01-L01-01,S01,S01-L01,1,running,192.1904,485.2195,101.2152,42.1247,0.4247,A,relation-reasoning-agent-eval-v3.1
2026-08-19T14:50:00+09:00,CMP-S01-L02-01,S01,S01-L02,1,running,165.327,468.3524,100.7224,36.1939,-0.5342,A,relation-reasoning-agent-eval-v3.1
2026-08-19T14:50:00+09:00,CMP-S01-L03-01,S01,S01-L03,1,running,161.8825,391.9545,101.1058,45.6074,0.9346,A,relation-reasoning-agent-eval-v3.1
2026-08-19T14:50:00+09:00,CMP-S01-L04-01,S01,S01-L04,1,running,198.8911,454.9296,105.9482,40.3308,0.107,A,relation-reasoning-agent-eval-v3.1
2026-08-19T14:50:00+09:00,CMP-S01-L05-01,S01,S01-L05,1,running,158.424,501.5047,99.5545,49.774,1.5243,B,relation-reasoning-agent-eval-v3.1
2026-08-19T15:00:00+09:00,CMP-S01-L01-01,S01,S01-L01,1,running,195.6723,505.7059,95.4324,42.1935,0.4375,A,relation-reasoning-agent-eval-v3.1
2026-08-19T15:00:00+09:00,CMP-S01-L02-01,S01,S01-L02,1,running,169.3898,451.2671,100.7985,37.5364,-0.2855,A,relation-reasoning-agent-eval-v3.1
2026-08-19T15:00:00+09:00,CMP-S01-L03-01,S01,S01-L03,1,running,164.9187,393.7089,104.9039,47.9514,1.3687,B,relation-reasoning-agent-eval-v3.1
2026-08-19T15:00:00+09:00,CMP-S01-L04-01,S01,S01-L04,1,running,188.2325,434.0721,101.5133,40.1418,0.072,A,relation-reasoning-agent-eval-v3.1
2026-08-19T15:00:00+09:00,CMP-S01-L05-01,S01,S01-L05,1,running,158.0253,488.7196,92.0371,44.0246,0.4596,A,relation-reasoning-agent-eval-v3.1
2026-08-19T15:10:00+09:00,CMP-S01-L01-01,S01,S01-L01,1,running,182.0843,525.2581,87.8394,41.4656,0.3027,A,relation-reasoning-agent-eval-v3.1
2026-08-19T15:10:00+09:00,CMP-S01-L02-01,S01,S01-L02,1,running,187.9095,471.1481,104.1318,40.0522,0.1804,A,relation-reasoning-agent-eval-v3.1
2026-08-19T15:10:00+09:00,CMP-S01-L03-01,S01,S01-L03,1,running,160.8886,425.5362,100.3774,48.57,1.4832,B,relation-reasoning-agent-eval-v3.1
2026-08-19T15:10:00+09:00,CMP-S01-L04-01,S01,S01-L04,1,running,179.4126,408.5197,105.5122,36.5366,-0.5956,A,relation-reasoning-agent-eval-v3.1
2026-08-19T15:10:00+09:00,CMP-S01-L05-01,S01,S01-L05,1,running,173.5891,474.6233,95.3165,49.2483,1.427,B,relation-reasoning-agent-eval-v3.1
2026-08-19T15:20:00+09:00,CMP-S01-L01-01,S01,S01-L01,1,running,185.0641,458.5942,93.2239,36.3408,-0.6464,A,relation-reasoning-agent-eval-v3.1
2026-08-19T15:20:00+09:00,CMP-S01-L02-01,S01,S01-L02,1,running,178.2926,455.5073,98.7607,37.6774,-0.2594,A,relation-reasoning-agent-eval-v3.1
2026-08-19T15:20:00+09:00,CMP-S01-L03-01,S01,S01-L03,1,running,151.5474,429.8686,95.7537,48.3616,1.4447,B,relation-reasoning-agent-eval-v3.1
2026-08-19T15:20:00+09:00,CMP-S01-L04-01,S01,S01-L04,1,running,187.3751,417.5012,105.6648,39.1056,-0.1199,A,relation-reasoning-agent-eval-v3.1
2026-08-19T15:20:00+09:00,CMP-S01-L05-01,S01,S01-L05,1,running,172.286,429.3825,88.5368,47.2458,1.0561,B,relation-reasoning-agent-eval-v3.1
2026-08-19T15:30:00+09:00,CMP-S01-L01-01,S01,S01-L01,1,running,190.5518,448.8004,97.0152,35.1873,-0.86,A,relation-reasoning-agent-eval-v3.1
2026-08-19T15:30:00+09:00,CMP-S01-L02-01,S01,S01-L02,1,running,190.7499,460.7987,93.9491,38.7961,-0.0523,A,relation-reasoning-agent-eval-v3.1
2026-08-19T15:30:00+09:00,CMP-S01-L03-01,S01,S01-L03,1,running,143.5209,473.5604,95.8146,46.1166,1.0289,B,relation-reasoning-agent-eval-v3.1
2026-08-19T15:30:00+09:00,CMP-S01-L04-01,S01,S01-L04,1,running,178.2201,378.4498,98.2706,42.3267,0.4766,A,relation-reasoning-agent-eval-v3.1
2026-08-19T15:30:00+09:00,CMP-S01-L05-01,S01,S01-L05,1,running,172.7929,436.1077,93.1437,47.476,1.0988,B,relation-reasoning-agent-eval-v3.1
2026-08-19T15:40:00+09:00,CMP-S01-L01-01,S01,S01-L01,1,running,180.2342,501.2038,95.7653,32.906,-1.2825,B,relation-reasoning-agent-eval-v3.1
2026-08-19T15:40:00+09:00,CMP-S01-L02-01,S01,S01-L02,1,running,175.2835,446.4188,90.7374,41.0761,0.37,A,relation-reasoning-agent-eval-v3.1
2026-08-19T15:40:00+09:00,CMP-S01-L03-01,S01,S01-L03,1,running,155.0109,471.5441,98.7462,50.6483,1.8681,B,relation-reasoning-agent-eval-v3.1
2026-08-19T15:40:00+09:00,CMP-S01-L04-01,S01,S01-L04,1,running,177.9088,435.8774,102.0361,46.8665,1.3173,B,relation-reasoning-agent-eval-v3.1
2026-08-19T15:40:00+09:00,CMP-S01-L05-01,S01,S01-L05,1,running,175.8395,409.4315,94.0898,50.2858,1.6191,B,relation-reasoning-agent-eval-v3.1
2026-08-19T15:50:00+09:00,CMP-S01-L01-01,S01,S01-L01,1,running,183.8229,462.2602,104.8371,31.7616,-1.4944,B,relation-reasoning-agent-eval-v3.1
2026-08-19T15:50:00+09:00,CMP-S01-L02-01,S01,S01-L02,1,running,184.229,424.7196,96.1075,43.5826,0.8341,A,relation-reasoning-agent-eval-v3.1
2026-08-19T15:50:00+09:00,CMP-S01-L03-01,S01,S01-L03,1,running,175.1353,477.8872,101.9433,49.8576,1.7217,B,relation-reasoning-agent-eval-v3.1
2026-08-19T15:50:00+09:00,CMP-S01-L04-01,S01,S01-L04,1,running,182.44,497.6512,101.0714,42.347,0.4804,A,relation-reasoning-agent-eval-v3.1
2026-08-19T15:50:00+09:00,CMP-S01-L05-01,S01,S01-L05,1,running,176.457,395.1739,89.1009,49.9796,1.5624,B,relation-reasoning-agent-eval-v3.1
2026-08-19T16:00:00+09:00,CMP-S01-L01-01,S01,S01-L01,1,running,187.5051,467.0884,109.4973,30.4593,-1.7355,B,relation-reasoning-agent-eval-v3.1
2026-08-19T16:00:00+09:00,CMP-S01-L02-01,S01,S01-L02,1,running,169.7396,449.4224,101.446,47.2486,1.513,B,relation-reasoning-agent-eval-v3.1
2026-08-19T16:00:00+09:00,CMP-S01-L03-01,S01,S01-L03,1,running,189.1624,479.1025,104.3816,48.8709,1.539,B,relation-reasoning-agent-eval-v3.1
2026-08-19T16:00:00+09:00,CMP-S01-L04-01,S01,S01-L04,1,running,167.8161,518.9594,95.9736,36.4656,-0.6088,A,relation-reasoning-agent-eval-v3.1
2026-08-19T16:00:00+09:00,CMP-S01-L05-01,S01,S01-L05,1,running,192.5954,426.9746,92.6687,48.4315,1.2757,B,relation-reasoning-agent-eval-v3.1
2026-08-19T16:10:00+09:00,CMP-S01-L01-01,S01,S01-L01,1,running,180.2651,463.2392,107.5109,32.1458,-1.4232,B,relation-reasoning-agent-eval-v3.1
2026-08-19T16:10:00+09:00,CMP-S01-L02-01,S01,S01-L02,1,running,158.7459,469.1537,98.4371,46.6773,1.4072,B,relation-reasoning-agent-eval-v3.1
2026-08-19T16:10:00+09:00,CMP-S01-L03-01,S01,S01-L03,1,running,171.9401,445.8545,101.6529,42.0552,0.2768,A,relation-reasoning-agent-eval-v3.1
2026-08-19T16:10:00+09:00,CMP-S01-L04-01,S01,S01-L04,1,running,161.8903,489.7274,99.4573,41.6725,0.3555,A,relation-reasoning-agent-eval-v3.1
2026-08-19T16:10:00+09:00,CMP-S01-L05-01,S01,S01-L05,1,running,201.9198,404.4718,92.6738,46.9552,1.0023,B,relation-reasoning-agent-eval-v3.1
2026-08-19T16:20:00+09:00,CMP-S01-L01-01,S01,S01-L01,1,running,175.9198,448.002,108.82,37.9046,-0.3568,A,relation-reasoning-agent-eval-v3.1
2026-08-19T16:20:00+09:00,CMP-S01-L02-01,S01,S01-L02,1,running,155.9227,480.8703,101.6146,45.3794,1.1669,B,relation-reasoning-agent-eval-v3.1
2026-08-19T16:20:00+09:00,CMP-S01-L03-01,S01,S01-L03,1,running,200.8668,485.6016,103.2874,39.4826,-0.1996,A,relation-reasoning-agent-eval-v3.1
2026-08-19T16:20:00+09:00,CMP-S01-L04-01,S01,S01-L04,1,running,173.7432,446.0156,102.5913,45.6888,1.0992,B,relation-reasoning-agent-eval-v3.1
2026-08-19T16:20:00+09:00,CMP-S01-L05-01,S01,S01-L05,1,running,197.143,397.3139,102.5156,44.6519,0.5758,A,relation-reasoning-agent-eval-v3.1
2026-08-19T16:30:00+09:00,CMP-S01-L01-01,S01,S01-L01,1,running,159.5656,450.9209,100.5066,40.819,0.1829,A,relation-reasoning-agent-eval-v3.1
2026-08-19T16:30:00+09:00,CMP-S01-L02-01,S01,S01-L02,1,running,165.5896,451.4945,96.8873,43.7722,0.8692,A,relation-reasoning-agent-eval-v3.1
2026-08-19T16:30:00+09:00,CMP-S01-L03-01,S01,S01-L03,1,running,202.3524,473.7651,105.3798,45.2807,0.8741,A,relation-reasoning-agent-eval-v3.1
2026-08-19T16:30:00+09:00,CMP-S01-L04-01,S01,S01-L04,1,running,175.5378,432.111,105.8288,43.1058,0.6209,A,relation-reasoning-agent-eval-v3.1
2026-08-19T16:30:00+09:00,CMP-S01-L05-01,S01,S01-L05,1,running,182.8335,427.7522,99.1141,40.2388,-0.2414,A,relation-reasoning-agent-eval-v3.1
2026-08-19T16:40:00+09:00,CMP-S01-L01-01,S01,S01-L01,1,running,147.9747,420.3384,104.3743,35.1762,-0.862,A,relation-reasoning-agent-eval-v3.1
2026-08-19T16:40:00+09:00,CMP-S01-L02-01,S01,S01-L02,1,running,159.8537,489.4886,102.9541,46.8201,1.4337,B,relation-reasoning-agent-eval-v3.1
2026-08-19T16:40:00+09:00,CMP-S01-L03-01,S01,S01-L03,1,running,188.574,504.8692,106.4617,49.544,1.6636,B,relation-reasoning-agent-eval-v3.1
2026-08-19T16:40:00+09:00,CMP-S01-L04-01,S01,S01-L04,1,running,185.6734,428.8358,102.832,39.4735,-0.0518,A,relation-reasoning-agent-eval-v3.1
2026-08-19T16:40:00+09:00,CMP-S01-L05-01,S01,S01-L05,1,running,182.6146,426.9849,100.6204,37.5775,-0.7343,A,relation-reasoning-agent-eval-v3.1
2026-08-19T16:50:00+09:00,CMP-S01-L01-01,S01,S01-L01,1,running,145.4486,364.8829,104.9811,39.9383,0.0198,A,relation-reasoning-agent-eval-v3.1
2026-08-19T16:50:00+09:00,CMP-S01-L02-01,S01,S01-L02,1,running,158.1831,439.9848,103.0495,42.6575,0.6628,A,relation-reasoning-agent-eval-v3.1
2026-08-19T16:50:00+09:00,CMP-S01-L03-01,S01,S01-L03,1,running,182.6024,493.9285,106.1469,51.7026,2.0634,C,relation-reasoning-agent-eval-v3.1
2026-08-19T16:50:00+09:00,CMP-S01-L04-01,S01,S01-L04,1,running,173.8508,406.4253,96.1752,43.107,0.6211,A,relation-reasoning-agent-eval-v3.1
2026-08-19T16:50:00+09:00,CMP-S01-L05-01,S01,S01-L05,1,running,164.0305,393.1949,93.3279,43.2521,0.3166,A,relation-reasoning-agent-eval-v3.1
2026-08-19T17:00:00+09:00,CMP-S01-L01-01,S01,S01-L01,1,running,147.9459,370.9005,104.6453,35.3659,-0.8269,A,relation-reasoning-agent-eval-v3.1
2026-08-19T17:00:00+09:00,CMP-S01-L02-01,S01,S01-L02,1,running,162.7536,445.8123,104.7192,43.8459,0.8829,A,relation-reasoning-agent-eval-v3.1
2026-08-19T17:00:00+09:00,CMP-S01-L03-01,S01,S01-L03,1,running,174.5032,461.3269,111.823,45.7494,0.9609,A,relation-reasoning-agent-eval-v3.1
2026-08-19T17:00:00+09:00,CMP-S01-L04-01,S01,S01-L04,1,running,167.6209,410.7288,95.3172,42.0105,0.418,A,relation-reasoning-agent-eval-v3.1
2026-08-19T17:00:00+09:00,CMP-S01-L05-01,S01,S01-L05,1,running,163.2035,393.0421,94.4318,39.4667,-0.3844,A,relation-reasoning-agent-eval-v3.1
2026-08-19T17:10:00+09:00,CMP-S01-L01-01,S01,S01-L01,1,running,162.8272,368.3244,101.9913,44.239,0.8163,A,relation-reasoning-agent-eval-v3.1
2026-08-19T17:10:00+09:00,CMP-S01-L02-01,S01,S01-L02,1,running,168.1405,475.4137,101.111,41.9763,0.5367,A,relation-reasoning-agent-eval-v3.1
2026-08-19T17:10:00+09:00,CMP-S01-L03-01,S01,S01-L03,1,running,189.5469,484.46,101.9427,45.1574,0.8513,A,relation-reasoning-agent-eval-v3.1
2026-08-19T17:10:00+09:00,CMP-S01-L04-01,S01,S01-L04,1,running,176.9655,421.7494,106.0567,38.5346,-0.2256,A,relation-reasoning-agent-eval-v3.1
2026-08-19T17:10:00+09:00,CMP-S01-L05-01,S01,S01-L05,1,running,155.0634,444.8507,95.6553,42.0023,0.0851,A,relation-reasoning-agent-eval-v3.1
2026-08-19T17:20:00+09:00,CMP-S01-L01-01,S01,S01-L01,1,running,174.6639,366.08,99.9738,41.0318,0.2223,A,relation-reasoning-agent-eval-v3.1
2026-08-19T17:20:00+09:00,CMP-S01-L02-01,S01,S01-L02,1,running,183.0627,464.3266,99.1886,42.2826,0.5934,A,relation-reasoning-agent-eval-v3.1
2026-08-19T17:20:00+09:00,CMP-S01-L03-01,S01,S01-L03,1,running,173.1536,497.3004,99.8394,44.8483,0.794,A,relation-reasoning-agent-eval-v3.1
2026-08-19T17:20:00+09:00,CMP-S01-L04-01,S01,S01-L04,1,running,167.159,451.6887,102.2651,39.4777,-0.051,A,relation-reasoning-agent-eval-v3.1
2026-08-19T17:20:00+09:00,CMP-S01-L05-01,S01,S01-L05,1,running,157.6551,431.6611,105.2185,36.186,-0.992,A,relation-reasoning-agent-eval-v3.1
2026-08-19T17:30:00+09:00,CMP-S01-L01-01,S01,S01-L01,1,running,156.8019,408.2899,104.1362,41.1563,0.2454,A,relation-reasoning-agent-eval-v3.1
2026-08-19T17:30:00+09:00,CMP-S01-L02-01,S01,S01-L02,1,running,176.9104,453.8106,104.6224,40.3415,0.2339,A,relation-reasoning-agent-eval-v3.1
2026-08-19T17:30:00+09:00,CMP-S01-L03-01,S01,S01-L03,1,running,178.5703,458.5478,103.0452,43.6669,0.5753,A,relation-reasoning-agent-eval-v3.1
2026-08-19T17:30:00+09:00,CMP-S01-L04-01,S01,S01-L04,1,running,187.2342,432.5423,94.2169,39.2533,-0.0926,A,relation-reasoning-agent-eval-v3.1
2026-08-19T17:30:00+09:00,CMP-S01-L05-01,S01,S01-L05,1,running,168.3479,429.2176,100.8381,39.223,-0.4296,A,relation-reasoning-agent-eval-v3.1
2026-08-19T17:40:00+09:00,CMP-S01-L01-01,S01,S01-L01,1,running,161.8912,416.9989,100.719,43.5842,0.695,A,relation-reasoning-agent-eval-v3.1
2026-08-19T17:40:00+09:00,CMP-S01-L02-01,S01,S01-L02,1,running,167.7651,462.8943,97.9766,39.7824,0.1304,A,relation-reasoning-agent-eval-v3.1
2026-08-19T17:40:00+09:00,CMP-S01-L03-01,S01,S01-L03,1,running,166.1388,452.8898,98.1729,38.114,-0.4531,A,relation-reasoning-agent-eval-v3.1
2026-08-19T17:40:00+09:00,CMP-S01-L04-01,S01,S01-L04,1,running,193.051,454.4822,97.0026,36.2224,-0.6538,A,relation-reasoning-agent-eval-v3.1
2026-08-19T17:40:00+09:00,CMP-S01-L05-01,S01,S01-L05,1,running,163.3637,411.5043,95.7008,39.1315,-0.4465,A,relation-reasoning-agent-eval-v3.1
2026-08-19T17:50:00+09:00,CMP-S01-L01-01,S01,S01-L01,1,running,161.2643,399.3927,107.4743,46.5127,1.2373,B,relation-reasoning-agent-eval-v3.1
2026-08-19T17:50:00+09:00,CMP-S01-L02-01,S01,S01-L02,1,running,170.2474,452.479,89.321,41.9137,0.5251,A,relation-reasoning-agent-eval-v3.1
2026-08-19T17:50:00+09:00,CMP-S01-L03-01,S01,S01-L03,1,running,179.5282,445.5385,106.4802,37.8642,-0.4993,A,relation-reasoning-agent-eval-v3.1
2026-08-19T17:50:00+09:00,CMP-S01-L04-01,S01,S01-L04,1,running,185.7322,486.9616,95.4075,44.5504,0.8884,A,relation-reasoning-agent-eval-v3.1
2026-08-19T17:50:00+09:00,CMP-S01-L05-01,S01,S01-L05,1,running,181.7594,432.2855,96.2677,39.8665,-0.3104,A,relation-reasoning-agent-eval-v3.1
2026-08-19T18:00:00+09:00,CMP-S01-L01-01,S01,S01-L01,1,running,172.1056,406.8709,103.6439,36.98,-0.528,A,relation-reasoning-agent-eval-v3.1
2026-08-19T18:00:00+09:00,CMP-S01-L02-01,S01,S01-L02,1,running,177.1489,451.1955,99.3994,40.184,0.2048,A,relation-reasoning-agent-eval-v3.1
2026-08-19T18:00:00+09:00,CMP-S01-L03-01,S01,S01-L03,1,running,183.52,419.6336,109.8395,40.5753,0.0027,A,relation-reasoning-agent-eval-v3.1
2026-08-19T18:00:00+09:00,CMP-S01-L04-01,S01,S01-L04,1,running,191.1284,408.0927,89.2064,48.6428,1.6463,B,relation-reasoning-agent-eval-v3.1
2026-08-19T18:00:00+09:00,CMP-S01-L05-01,S01,S01-L05,1,running,195.5758,464.3861,95.7882,42.041,0.0923,A,relation-reasoning-agent-eval-v3.1
2026-08-19T18:10:00+09:00,CMP-S01-L01-01,S01,S01-L01,1,running,172.0293,414.397,96.6367,38.2165,-0.299,A,relation-reasoning-agent-eval-v3.1
2026-08-19T18:10:00+09:00,CMP-S01-L02-01,S01,S01-L02,1,running,172.0369,423.6456,100.4802,47.1204,1.4893,B,relation-reasoning-agent-eval-v3.1
2026-08-19T18:10:00+09:00,CMP-S01-L03-01,S01,S01-L03,1,running,173.692,465.7128,111.6898,36.6856,-0.7176,A,relation-reasoning-agent-eval-v3.1
2026-08-19T18:10:00+09:00,CMP-S01-L04-01,S01,S01-L04,1,running,201.3682,391.4082,91.1481,52.4275,2.3471,C,relation-reasoning-agent-eval-v3.1
2026-08-19T18:10:00+09:00,CMP-S01-L05-01,S01,S01-L05,1,running,169.3699,464.4354,102.1841,38.9252,-0.4847,A,relation-reasoning-agent-eval-v3.1
2026-08-19T18:20:00+09:00,CMP-S01-L01-01,S01,S01-L01,1,running,153.8933,416.7668,96.7866,37.1904,-0.489,A,relation-reasoning-agent-eval-v3.1
2026-08-19T18:20:00+09:00,CMP-S01-L02-01,S01,S01-L02,1,running,154.1415,450.4908,101.9341,43.8768,0.8886,A,relation-reasoning-agent-eval-v3.1
2026-08-19T18:20:00+09:00,CMP-S01-L03-01,S01,S01-L03,1,running,181.2208,469.7269,107.061,36.6775,-0.7191,A,relation-reasoning-agent-eval-v3.1
2026-08-19T18:20:00+09:00,CMP-S01-L04-01,S01,S01-L04,1,running,206.0531,424.6389,90.2639,42.5427,0.5166,A,relation-reasoning-agent-eval-v3.1
2026-08-19T18:20:00+09:00,CMP-S01-L05-01,S01,S01-L05,1,running,165.3969,457.2709,97.883,38.1714,-0.6243,A,relation-reasoning-agent-eval-v3.1
2026-08-19T18:30:00+09:00,CMP-S01-L01-01,S01,S01-L01,1,running,175.593,478.147,105.3018,34.9121,-0.911,A,relation-reasoning-agent-eval-v3.1
2026-08-19T18:30:00+09:00,CMP-S01-L02-01,S01,S01-L02,1,running,154.1516,454.8783,105.1538,42.7239,0.6751,A,relation-reasoning-agent-eval-v3.1
2026-08-19T18:30:00+09:00,CMP-S01-L03-01,S01,S01-L03,1,running,188.6038,453.1813,108.3739,46.6056,1.1195,B,relation-reasoning-agent-eval-v3.1
2026-08-19T18:30:00+09:00,CMP-S01-L04-01,S01,S01-L04,1,running,198.1989,423.513,99.376,36.1277,-0.6714,A,relation-reasoning-agent-eval-v3.1
2026-08-19T18:30:00+09:00,CMP-S01-L05-01,S01,S01-L05,1,running,178.4729,439.7451,96.2892,37.5518,-0.739,A,relation-reasoning-agent-eval-v3.1
2026-08-19T18:40:00+09:00,CMP-S01-L01-01,S01,S01-L01,1,running,181.6322,475.0759,108.9907,33.2076,-1.2266,B,relation-reasoning-agent-eval-v3.1
2026-08-19T18:40:00+09:00,CMP-S01-L02-01,S01,S01-L02,1,running,168.0198,448.4555,98.479,41.413,0.4323,A,relation-reasoning-agent-eval-v3.1
2026-08-19T18:40:00+09:00,CMP-S01-L03-01,S01,S01-L03,1,running,190.98,461.7347,102.9192,42.2442,0.3118,A,relation-reasoning-agent-eval-v3.1
2026-08-19T18:40:00+09:00,CMP-S01-L04-01,S01,S01-L04,1,running,205.3694,456.8702,100.2077,30.2725,-1.7557,B,relation-reasoning-agent-eval-v3.1
2026-08-19T18:40:00+09:00,CMP-S01-L05-01,S01,S01-L05,1,running,186.5318,417.1321,105.8803,36.5668,-0.9215,A,relation-reasoning-agent-eval-v3.1
2026-08-19T18:50:00+09:00,CMP-S01-L01-01,S01,S01-L01,1,running,172.423,489.2978,106.3904,41.6594,0.3386,A,relation-reasoning-agent-eval-v3.1
2026-08-19T18:50:00+09:00,CMP-S01-L02-01,S01,S01-L02,1,running,158.0547,424.7049,99.3265,35.0396,-0.7479,A,relation-reasoning-agent-eval-v3.1
2026-08-19T18:50:00+09:00,CMP-S01-L03-01,S01,S01-L03,1,running,178.9759,448.0999,98.1903,38.0065,-0.4729,A,relation-reasoning-agent-eval-v3.1
2026-08-19T18:50:00+09:00,CMP-S01-L04-01,S01,S01-L04,1,running,197.4532,487.8689,101.2251,36.204,-0.6572,A,relation-reasoning-agent-eval-v3.1
2026-08-19T18:50:00+09:00,CMP-S01-L05-01,S01,S01-L05,1,running,174.698,427.591,103.6315,33.2513,-1.5354,B,relation-reasoning-agent-eval-v3.1
2026-08-19T19:00:00+09:00,CMP-S01-L01-01,S01,S01-L01,1,running,180.0588,468.825,101.9152,45.1015,0.976,A,relation-reasoning-agent-eval-v3.1
2026-08-19T19:00:00+09:00,CMP-S01-L02-01,S01,S01-L02,1,running,147.6261,398.0391,102.4021,43.4039,0.801,A,relation-reasoning-agent-eval-v3.1
2026-08-19T19:00:00+09:00,CMP-S01-L03-01,S01,S01-L03,1,running,166.3016,420.0819,99.1503,37.0654,-0.6472,A,relation-reasoning-agent-eval-v3.1
2026-08-19T19:00:00+09:00,CMP-S01-L04-01,S01,S01-L04,1,running,182.1304,474.8856,103.7797,43.0687,0.614,A,relation-reasoning-agent-eval-v3.1
2026-08-19T19:00:00+09:00,CMP-S01-L05-01,S01,S01-L05,1,running,181.8081,417.8708,107.9154,32.3086,-1.71,B,relation-reasoning-agent-eval-v3.1
2026-08-19T19:10:00+09:00,CMP-S01-L01-01,S01,S01-L01,1,running,186.1783,477.8256,102.704,38.9365,-0.1657,A,relation-reasoning-agent-eval-v3.1
2026-08-19T19:10:00+09:00,CMP-S01-L02-01,S01,S01-L02,1,running,155.5552,372.2604,108.4985,37.8683,-0.2241,A,relation-reasoning-agent-eval-v3.1
2026-08-19T19:10:00+09:00,CMP-S01-L03-01,S01,S01-L03,1,running,191.6894,426.336,96.9435,41.0928,0.0986,A,relation-reasoning-agent-eval-v3.1
2026-08-19T19:10:00+09:00,CMP-S01-L04-01,S01,S01-L04,1,running,170.2834,539.2658,109.3957,37.4175,-0.4325,A,relation-reasoning-agent-eval-v3.1
2026-08-19T19:10:00+09:00,CMP-S01-L05-01,S01,S01-L05,1,running,183.1233,421.0626,109.371,29.7208,-2.1892,C,relation-reasoning-agent-eval-v3.1
2026-08-19T19:20:00+09:00,CMP-S01-L01-01,S01,S01-L01,1,running,193.1966,460.6616,100.6701,41.4099,0.2923,A,relation-reasoning-agent-eval-v3.1
2026-08-19T19:20:00+09:00,CMP-S01-L02-01,S01,S01-L02,1,running,183.9743,401.5699,106.6455,42.645,0.6605,A,relation-reasoning-agent-eval-v3.1
2026-08-19T19:20:00+09:00,CMP-S01-L03-01,S01,S01-L03,1,running,163.6459,439.3828,101.7472,42.9344,0.4396,A,relation-reasoning-agent-eval-v3.1
2026-08-19T19:20:00+09:00,CMP-S01-L04-01,S01,S01-L04,1,running,183.6982,481.8229,112.3964,33.8481,-1.0935,B,relation-reasoning-agent-eval-v3.1
2026-08-19T19:20:00+09:00,CMP-S01-L05-01,S01,S01-L05,1,running,184.1281,398.3164,110.9874,36.4985,-0.9341,A,relation-reasoning-agent-eval-v3.1
2026-08-19T19:30:00+09:00,CMP-S01-L01-01,S01,S01-L01,1,running,184.0272,458.8097,93.6437,41.9423,0.3909,A,relation-reasoning-agent-eval-v3.1
2026-08-19T19:30:00+09:00,CMP-S01-L02-01,S01,S01-L02,1,running,189.3389,400.9828,105.3106,36.4708,-0.4829,A,relation-reasoning-agent-eval-v3.1
2026-08-19T19:30:00+09:00,CMP-S01-L03-01,S01,S01-L03,1,running,173.2535,350.5645,103.1293,48.3521,1.4429,B,relation-reasoning-agent-eval-v3.1
2026-08-19T19:30:00+09:00,CMP-S01-L04-01,S01,S01-L04,1,running,173.8532,480.2167,116.8285,34.4688,-0.9786,A,relation-reasoning-agent-eval-v3.1
2026-08-19T19:30:00+09:00,CMP-S01-L05-01,S01,S01-L05,1,running,183.9582,399.819,102.4745,34.3435,-1.3332,B,relation-reasoning-agent-eval-v3.1
2026-08-19T19:40:00+09:00,CMP-S01-L01-01,S01,S01-L01,1,running,194.6674,404.4491,94.7077,43.6458,0.7064,A,relation-reasoning-agent-eval-v3.1
2026-08-19T19:40:00+09:00,CMP-S01-L02-01,S01,S01-L02,1,running,174.8215,336.3462,106.2639,32.9312,-1.1383,B,relation-reasoning-agent-eval-v3.1
2026-08-19T19:40:00+09:00,CMP-S01-L03-01,S01,S01-L03,1,running,172.9063,407.8387,106.3925,47.1212,1.2149,B,relation-reasoning-agent-eval-v3.1
2026-08-19T19:40:00+09:00,CMP-S01-L04-01,S01,S01-L04,1,running,175.2018,488.2001,107.0401,41.1099,0.2513,A,relation-reasoning-agent-eval-v3.1
2026-08-19T19:40:00+09:00,CMP-S01-L05-01,S01,S01-L05,1,running,196.3461,394.6215,105.787,32.4433,-1.6851,B,relation-reasoning-agent-eval-v3.1
2026-08-19T19:50:00+09:00,CMP-S01-L01-01,S01,S01-L01,1,running,178.4413,390.3424,92.0188,38.1035,-0.3199,A,relation-reasoning-agent-eval-v3.1
2026-08-19T19:50:00+09:00,CMP-S01-L02-01,S01,S01-L02,1,running,188.8956,365.081,105.5957,33.9122,-0.9567,A,relation-reasoning-agent-eval-v3.1
2026-08-19T19:50:00+09:00,CMP-S01-L03-01,S01,S01-L03,1,running,166.1577,428.2232,105.7554,44.9602,0.8148,A,relation-reasoning-agent-eval-v3.1
2026-08-19T19:50:00+09:00,CMP-S01-L04-01,S01,S01-L04,1,running,165.8738,442.7497,105.6888,44.7201,0.9198,A,relation-reasoning-agent-eval-v3.1
2026-08-19T19:50:00+09:00,CMP-S01-L05-01,S01,S01-L05,1,running,172.2424,416.6296,101.2313,38.1281,-0.6323,A,relation-reasoning-agent-eval-v3.1
2026-08-19T20:00:00+09:00,CMP-S01-L01-01,S01,S01-L01,1,running,185.1882,383.8413,95.5519,44.5213,0.8685,A,relation-reasoning-agent-eval-v3.1
2026-08-19T20:00:00+09:00,CMP-S01-L02-01,S01,S01-L02,1,running,184.0265,328.1729,110.7535,42.967,0.7201,A,relation-reasoning-agent-eval-v3.1
2026-08-19T20:00:00+09:00,CMP-S01-L03-01,S01,S01-L03,1,running,171.3485,461.4553,111.5436,43.1098,0.4721,A,relation-reasoning-agent-eval-v3.1
2026-08-19T20:00:00+09:00,CMP-S01-L04-01,S01,S01-L04,1,running,158.273,405.2622,102.1574,43.4162,0.6784,A,relation-reasoning-agent-eval-v3.1
2026-08-19T20:00:00+09:00,CMP-S01-L05-01,S01,S01-L05,1,running,178.8514,470.7624,103.2292,40.2375,-0.2417,A,relation-reasoning-agent-eval-v3.1
2026-08-19T20:10:00+09:00,CMP-S01-L01-01,S01,S01-L01,1,running,179.1296,362.9175,98.5596,43.2188,0.6273,A,relation-reasoning-agent-eval-v3.1
2026-08-19T20:10:00+09:00,CMP-S01-L02-01,S01,S01-L02,1,running,189.3963,335.0814,104.816,37.547,-0.2836,A,relation-reasoning-agent-eval-v3.1
2026-08-19T20:10:00+09:00,CMP-S01-L03-01,S01,S01-L03,1,running,194.2953,463.1441,110.4476,44.9814,0.8187,A,relation-reasoning-agent-eval-v3.1
2026-08-19T20:10:00+09:00,CMP-S01-L04-01,S01,S01-L04,1,running,167.5312,418.3889,104.6567,39.331,-0.0782,A,relation-reasoning-agent-eval-v3.1
2026-08-19T20:10:00+09:00,CMP-S01-L05-01,S01,S01-L05,1,running,178.8508,478.5439,104.9686,40.0705,-0.2726,A,relation-reasoning-agent-eval-v3.1
2026-08-19T20:20:00+09:00,CMP-S01-L01-01,S01,S01-L01,1,running,167.6117,380.7481,93.6859,44.3371,0.8344,A,relation-reasoning-agent-eval-v3.1
2026-08-19T20:20:00+09:00,CMP-S01-L02-01,S01,S01-L02,1,running,187.5293,354.8049,104.3899,39.9803,0.167,A,relation-reasoning-agent-eval-v3.1
2026-08-19T20:20:00+09:00,CMP-S01-L03-01,S01,S01-L03,1,running,183.2762,478.3407,108.4628,48.3814,1.4483,B,relation-reasoning-agent-eval-v3.1
2026-08-19T20:20:00+09:00,CMP-S01-L04-01,S01,S01-L04,1,running,170.9103,420.8085,102.0565,42.4398,0.4976,A,relation-reasoning-agent-eval-v3.1
2026-08-19T20:20:00+09:00,CMP-S01-L05-01,S01,S01-L05,1,running,178.2291,453.927,100.0384,40.9857,-0.1031,A,relation-reasoning-agent-eval-v3.1
2026-08-19T20:30:00+09:00,CMP-S01-L01-01,S01,S01-L01,1,running,168.737,476.3791,92.6164,45.1082,0.9772,A,relation-reasoning-agent-eval-v3.1
2026-08-19T20:30:00+09:00,CMP-S01-L02-01,S01,S01-L02,1,running,188.7111,385.8764,105.2088,37.1983,-0.3481,A,relation-reasoning-agent-eval-v3.1
2026-08-19T20:30:00+09:00,CMP-S01-L03-01,S01,S01-L03,1,running,186.146,467.5051,107.7039,39.9845,-0.1067,A,relation-reasoning-agent-eval-v3.1
2026-08-19T20:30:00+09:00,CMP-S01-L04-01,S01,S01-L04,1,running,166.0307,468.0011,103.299,36.5892,-0.5859,A,relation-reasoning-agent-eval-v3.1
2026-08-19T20:30:00+09:00,CMP-S01-L05-01,S01,S01-L05,1,running,184.5977,486.3311,91.7707,40.8733,-0.124,A,relation-reasoning-agent-eval-v3.1
2026-08-19T20:40:00+09:00,CMP-S01-L01-01,S01,S01-L01,1,running,171.9589,482.3609,91.3279,40.0974,0.0493,A,relation-reasoning-agent-eval-v3.1
2026-08-19T20:40:00+09:00,CMP-S01-L02-01,S01,S01-L02,1,running,179.8292,400.3462,101.0783,40.5166,0.2663,A,relation-reasoning-agent-eval-v3.1
2026-08-19T20:40:00+09:00,CMP-S01-L03-01,S01,S01-L03,1,running,174.2849,458.2985,102.3561,43.2194,0.4924,A,relation-reasoning-agent-eval-v3.1
2026-08-19T20:40:00+09:00,CMP-S01-L04-01,S01,S01-L04,1,running,163.1706,483.2076,103.188,29.6193,-1.8766,B,relation-reasoning-agent-eval-v3.1
2026-08-19T20:40:00+09:00,CMP-S01-L05-01,S01,S01-L05,1,running,181.7778,445.1315,94.292,44.03,0.4606,A,relation-reasoning-agent-eval-v3.1
2026-08-19T20:50:00+09:00,CMP-S01-L01-01,S01,S01-L01,1,running,150.0008,534.7267,97.0937,42.8922,0.5668,A,relation-reasoning-agent-eval-v3.1
2026-08-19T20:50:00+09:00,CMP-S01-L02-01,S01,S01-L02,1,running,185.8029,416.095,93.7657,41.3235,0.4158,A,relation-reasoning-agent-eval-v3.1
2026-08-19T20:50:00+09:00,CMP-S01-L03-01,S01,S01-L03,1,running,182.0228,458.0452,100.3907,44.488,0.7273,A,relation-reasoning-agent-eval-v3.1
2026-08-19T20:50:00+09:00,CMP-S01-L04-01,S01,S01-L04,1,running,187.8107,475.6372,98.225,34.9097,-0.8969,A,relation-reasoning-agent-eval-v3.1
2026-08-19T20:50:00+09:00,CMP-S01-L05-01,S01,S01-L05,1,running,178.1475,444.749,91.8511,41.1175,-0.0787,A,relation-reasoning-agent-eval-v3.1
2026-08-19T21:00:00+09:00,CMP-S01-L01-01,S01,S01-L01,1,running,174.8523,490.9662,103.0414,43.4993,0.6793,A,relation-reasoning-agent-eval-v3.1
2026-08-19T21:00:00+09:00,CMP-S01-L02-01,S01,S01-L02,1,running,195.7514,370.3617,89.3747,42.4629,0.6268,A,relation-reasoning-agent-eval-v3.1
2026-08-19T21:00:00+09:00,CMP-S01-L03-01,S01,S01-L03,1,running,166.1547,408.2856,96.6188,40.8314,0.0502,A,relation-reasoning-agent-eval-v3.1
2026-08-19T21:00:00+09:00,CMP-S01-L04-01,S01,S01-L04,1,running,179.1771,467.7006,102.4519,31.2441,-1.5757,B,relation-reasoning-agent-eval-v3.1
2026-08-19T21:00:00+09:00,CMP-S01-L05-01,S01,S01-L05,1,running,180.2342,455.277,93.8719,40.5469,-0.1844,A,relation-reasoning-agent-eval-v3.1
2026-08-19T21:10:00+09:00,CMP-S01-L01-01,S01,S01-L01,1,running,189.2591,506.9933,100.9786,39.8253,-0.0011,A,relation-reasoning-agent-eval-v3.1
2026-08-19T21:10:00+09:00,CMP-S01-L02-01,S01,S01-L02,1,running,192.808,415.9473,95.0544,34.6508,-0.8199,A,relation-reasoning-agent-eval-v3.1
2026-08-19T21:10:00+09:00,CMP-S01-L03-01,S01,S01-L03,1,running,153.2315,429.3898,96.3955,41.4994,0.1739,A,relation-reasoning-agent-eval-v3.1
2026-08-19T21:10:00+09:00,CMP-S01-L04-01,S01,S01-L04,1,running,173.8547,448.9277,102.4318,34.7375,-0.9288,A,relation-reasoning-agent-eval-v3.1
2026-08-19T21:10:00+09:00,CMP-S01-L05-01,S01,S01-L05,1,running,157.365,436.2936,96.2514,50.2902,1.6199,B,relation-reasoning-agent-eval-v3.1
2026-08-19T21:20:00+09:00,CMP-S01-L01-01,S01,S01-L01,1,running,197.8846,453.8281,99.1857,39.7846,-0.0086,A,relation-reasoning-agent-eval-v3.1
2026-08-19T21:20:00+09:00,CMP-S01-L02-01,S01,S01-L02,1,running,184.0987,411.1115,98.478,34.3741,-0.8711,A,relation-reasoning-agent-eval-v3.1
2026-08-19T21:20:00+09:00,CMP-S01-L03-01,S01,S01-L03,1,running,155.4528,457.2183,102.0567,41.3891,0.1534,A,relation-reasoning-agent-eval-v3.1
2026-08-19T21:20:00+09:00,CMP-S01-L04-01,S01,S01-L04,1,running,164.9287,462.486,92.6163,33.1897,-1.2154,B,relation-reasoning-agent-eval-v3.1
2026-08-19T21:20:00+09:00,CMP-S01-L05-01,S01,S01-L05,1,running,170.5429,429.9706,96.6623,43.6648,0.393,A,relation-reasoning-agent-eval-v3.1
2026-08-19T21:30:00+09:00,CMP-S01-L01-01,S01,S01-L01,1,running,186.4759,473.3883,101.6316,38.2789,-0.2875,A,relation-reasoning-agent-eval-v3.1
2026-08-19T21:30:00+09:00,CMP-S01-L02-01,S01,S01-L02,1,running,189.7869,416.2884,95.5282,34.6728,-0.8158,A,relation-reasoning-agent-eval-v3.1
2026-08-19T21:30:00+09:00,CMP-S01-L03-01,S01,S01-L03,1,running,143.3378,418.5409,106.3696,39.8158,-0.1379,A,relation-reasoning-agent-eval-v3.1
2026-08-19T21:30:00+09:00,CMP-S01-L04-01,S01,S01-L04,1,running,174.3631,471.9678,87.9967,28.5938,-2.0665,C,relation-reasoning-agent-eval-v3.1
2026-08-19T21:30:00+09:00,CMP-S01-L05-01,S01,S01-L05,1,running,164.2094,441.1722,103.6843,41.912,0.0684,A,relation-reasoning-agent-eval-v3.1
2026-08-19T21:40:00+09:00,CMP-S01-L01-01,S01,S01-L01,1,running,201.6786,461.553,99.7034,40.3334,0.093,A,relation-reasoning-agent-eval-v3.1
2026-08-19T21:40:00+09:00,CMP-S01-L02-01,S01,S01-L02,1,running,198.2683,415.617,101.1277,35.4177,-0.6779,A,relation-reasoning-agent-eval-v3.1
2026-08-19T21:40:00+09:00,CMP-S01-L03-01,S01,S01-L03,1,running,157.8588,408.5643,109.5662,38.3945,-0.4011,A,relation-reasoning-agent-eval-v3.1
2026-08-19T21:40:00+09:00,CMP-S01-L04-01,S01,S01-L04,1,running,168.0366,510.7372,83.7439,34.749,-0.9267,A,relation-reasoning-agent-eval-v3.1
2026-08-19T21:40:00+09:00,CMP-S01-L05-01,S01,S01-L05,1,running,176.3628,496.33,102.2976,40.9211,-0.1151,A,relation-reasoning-agent-eval-v3.1
2026-08-19T21:50:00+09:00,CMP-S01-L01-01,S01,S01-L01,1,running,205.2306,474.2177,97.9839,40.3584,0.0976,A,relation-reasoning-agent-eval-v3.1
2026-08-19T21:50:00+09:00,CMP-S01-L02-01,S01,S01-L02,1,running,174.0082,418.727,107.2391,33.744,-0.9878,A,relation-reasoning-agent-eval-v3.1
2026-08-19T21:50:00+09:00,CMP-S01-L03-01,S01,S01-L03,1,running,148.7251,394.9113,103.7792,34.4638,-1.129,B,relation-reasoning-agent-eval-v3.1
2026-08-19T21:50:00+09:00,CMP-S01-L04-01,S01,S01-L04,1,running,158.5662,507.8808,86.6911,41.0215,0.2349,A,relation-reasoning-agent-eval-v3.1
2026-08-19T21:50:00+09:00,CMP-S01-L05-01,S01,S01-L05,1,running,193.3818,542.9071,100.7523,39.9807,-0.2893,A,relation-reasoning-agent-eval-v3.1
2026-08-19T22:00:00+09:00,CMP-S01-L01-01,S01,S01-L01,1,running,206.7773,408.7839,90.8305,40.6377,0.1494,A,relation-reasoning-agent-eval-v3.1
2026-08-19T22:00:00+09:00,CMP-S01-L02-01,S01,S01-L02,1,running,153.8617,424.6093,112.7041,36.4597,-0.4849,A,relation-reasoning-agent-eval-v3.1
2026-08-19T22:00:00+09:00,CMP-S01-L03-01,S01,S01-L03,1,running,167.1549,406.0497,99.8229,35.2503,-0.9834,A,relation-reasoning-agent-eval-v3.1
2026-08-19T22:00:00+09:00,CMP-S01-L04-01,S01,S01-L04,1,running,194.685,509.8188,91.5346,33.6923,-1.1224,B,relation-reasoning-agent-eval-v3.1
2026-08-19T22:00:00+09:00,CMP-S01-L05-01,S01,S01-L05,1,running,196.111,511.2578,102.7137,35.4184,-1.1341,B,relation-reasoning-agent-eval-v3.1
2026-08-19T22:10:00+09:00,CMP-S01-L01-01,S01,S01-L01,1,running,199.766,406.5381,94.1612,39.291,-0.1,A,relation-reasoning-agent-eval-v3.1
2026-08-19T22:10:00+09:00,CMP-S01-L02-01,S01,S01-L02,1,running,164.7933,396.9938,110.5604,40.1422,0.197,A,relation-reasoning-agent-eval-v3.1
2026-08-19T22:10:00+09:00,CMP-S01-L03-01,S01,S01-L03,1,running,172.1417,399.1373,92.1763,39.7429,-0.1514,A,relation-reasoning-agent-eval-v3.1
2026-08-19T22:10:00+09:00,CMP-S01-L04-01,S01,S01-L04,1,running,182.0301,541.9462,97.1069,30.9798,-1.6247,B,relation-reasoning-agent-eval-v3.1
2026-08-19T22:10:00+09:00,CMP-S01-L05-01,S01,S01-L05,1,running,202.7029,446.9212,97.1267,40.9237,-0.1146,A,relation-reasoning-agent-eval-v3.1
2026-08-19T22:20:00+09:00,CMP-S01-L01-01,S01,S01-L01,1,running,205.2215,396.6646,99.8199,40.6478,0.1512,A,relation-reasoning-agent-eval-v3.1
2026-08-19T22:20:00+09:00,CMP-S01-L02-01,S01,S01-L02,1,running,162.0659,392.3842,105.4437,33.0911,-1.1087,B,relation-reasoning-agent-eval-v3.1
2026-08-19T22:20:00+09:00,CMP-S01-L03-01,S01,S01-L03,1,running,170.3528,420.0001,97.5299,40.1764,-0.0711,A,relation-reasoning-agent-eval-v3.1
2026-08-19T22:20:00+09:00,CMP-S01-L04-01,S01,S01-L04,1,running,190.3561,468.9372,98.517,35.1738,-0.848,A,relation-reasoning-agent-eval-v3.1
2026-08-19T22:20:00+09:00,CMP-S01-L05-01,S01,S01-L05,1,running,205.0935,450.0695,106.4818,45.7149,0.7726,A,relation-reasoning-agent-eval-v3.1
2026-08-19T22:30:00+09:00,CMP-S01-L01-01,S01,S01-L01,1,running,195.1475,447.4857,105.0049,35.9865,-0.712,A,relation-reasoning-agent-eval-v3.1
2026-08-19T22:30:00+09:00,CMP-S01-L02-01,S01,S01-L02,1,running,175.8623,336.3766,105.2349,32.6122,-1.1974,B,relation-reasoning-agent-eval-v3.1
2026-08-19T22:30:00+09:00,CMP-S01-L03-01,S01,S01-L03,1,running,174.4065,462.0802,87.3399,39.1324,-0.2644,A,relation-reasoning-agent-eval-v3.1
2026-08-19T22:30:00+09:00,CMP-S01-L04-01,S01,S01-L04,1,running,191.0901,447.7589,93.9497,30.1898,-1.771,B,relation-reasoning-agent-eval-v3.1
2026-08-19T22:30:00+09:00,CMP-S01-L05-01,S01,S01-L05,1,running,189.6187,450.0273,102.0535,50.989,1.7493,B,relation-reasoning-agent-eval-v3.1
2026-08-19T22:40:00+09:00,CMP-S01-L01-01,S01,S01-L01,1,running,182.5129,463.0485,104.1508,39.1451,-0.1271,A,relation-reasoning-agent-eval-v3.1
2026-08-19T22:40:00+09:00,CMP-S01-L02-01,S01,S01-L02,1,running,162.6724,343.7435,107.549,38.9646,-0.0211,A,relation-reasoning-agent-eval-v3.1
2026-08-19T22:40:00+09:00,CMP-S01-L03-01,S01,S01-L03,1,running,182.9211,452.0442,87.5346,45.0712,0.8353,A,relation-reasoning-agent-eval-v3.1
2026-08-19T22:40:00+09:00,CMP-S01-L04-01,S01,S01-L04,1,running,171.2831,460.1136,95.4022,33.5861,-1.142,B,relation-reasoning-agent-eval-v3.1
2026-08-19T22:40:00+09:00,CMP-S01-L05-01,S01,S01-L05,1,running,188.9049,437.194,96.2894,47.7296,1.1457,B,relation-reasoning-agent-eval-v3.1
2026-08-19T22:50:00+09:00,CMP-S01-L01-01,S01,S01-L01,1,running,181.342,475.3821,98.9481,41.783,0.3614,A,relation-reasoning-agent-eval-v3.1
2026-08-19T22:50:00+09:00,CMP-S01-L02-01,S01,S01-L02,1,running,150.173,346.9578,109.1004,43.0907,0.743,A,relation-reasoning-agent-eval-v3.1
2026-08-19T22:50:00+09:00,CMP-S01-L03-01,S01,S01-L03,1,running,178.6001,439.3077,99.1953,46.5535,1.1098,B,relation-reasoning-agent-eval-v3.1
2026-08-19T22:50:00+09:00,CMP-S01-L04-01,S01,S01-L04,1,running,168.1888,428.7553,95.3023,30.2007,-1.769,B,relation-reasoning-agent-eval-v3.1
2026-08-19T22:50:00+09:00,CMP-S01-L05-01,S01,S01-L05,1,running,180.4032,396.4704,96.7215,43.3874,0.3416,A,relation-reasoning-agent-eval-v3.1
2026-08-19T23:00:00+09:00,CMP-S01-L01-01,S01,S01-L01,1,running,171.115,475.7047,101.4747,45.8458,1.1138,B,relation-reasoning-agent-eval-v3.1
2026-08-19T23:00:00+09:00,CMP-S01-L02-01,S01,S01-L02,1,running,143.1825,355.9461,105.1253,39.315,0.0438,A,relation-reasoning-agent-eval-v3.1
2026-08-19T23:00:00+09:00,CMP-S01-L03-01,S01,S01-L03,1,running,183.4103,410.6966,101.5513,49.0798,1.5776,B,relation-reasoning-agent-eval-v3.1
2026-08-19T23:00:00+09:00,CMP-S01-L04-01,S01,S01-L04,1,running,173.6068,404.9426,103.4574,34.8636,-0.9055,A,relation-reasoning-agent-eval-v3.1
2026-08-19T23:00:00+09:00,CMP-S01-L05-01,S01,S01-L05,1,running,188.8209,461.803,99.3217,43.902,0.4369,A,relation-reasoning-agent-eval-v3.1
2026-08-19T23:10:00+09:00,CMP-S01-L01-01,S01,S01-L01,1,running,154.6117,469.5268,101.8346,43.491,0.6777,A,relation-reasoning-agent-eval-v3.1
2026-08-19T23:10:00+09:00,CMP-S01-L02-01,S01,S01-L02,1,running,155.4886,392.0403,108.1284,44.1717,0.9432,A,relation-reasoning-agent-eval-v3.1
2026-08-19T23:10:00+09:00,CMP-S01-L03-01,S01,S01-L03,1,running,164.6663,372.1717,101.5311,45.7104,0.9537,A,relation-reasoning-agent-eval-v3.1
2026-08-19T23:10:00+09:00,CMP-S01-L04-01,S01,S01-L04,1,running,161.7987,466.3205,107.1027,31.7966,-1.4734,B,relation-reasoning-agent-eval-v3.1
2026-08-19T23:10:00+09:00,CMP-S01-L05-01,S01,S01-L05,1,running,176.0816,459.8618,97.017,43.6298,0.3865,A,relation-reasoning-agent-eval-v3.1
2026-08-19T23:20:00+09:00,CMP-S01-L01-01,S01,S01-L01,1,running,163.281,471.0288,103.601,42.7389,0.5385,A,relation-reasoning-agent-eval-v3.1
2026-08-19T23:20:00+09:00,CMP-S01-L02-01,S01,S01-L02,1,running,160.6172,377.9973,107.2318,42.1945,0.5771,A,relation-reasoning-agent-eval-v3.1
2026-08-19T23:20:00+09:00,CMP-S01-L03-01,S01,S01-L03,1,running,159.3002,376.4742,109.085,51.1959,1.9695,B,relation-reasoning-agent-eval-v3.1
2026-08-19T23:20:00+09:00,CMP-S01-L04-01,S01,S01-L04,1,running,163.4161,443.5986,98.219,31.1404,-1.5949,B,relation-reasoning-agent-eval-v3.1
2026-08-19T23:20:00+09:00,CMP-S01-L05-01,S01,S01-L05,1,running,165.5172,480.3108,102.5181,43.0003,0.2699,A,relation-reasoning-agent-eval-v3.1
2026-08-19T23:30:00+09:00,CMP-S01-L01-01,S01,S01-L01,1,running,170.798,447.4995,106.4741,38.7292,-0.2041,A,relation-reasoning-agent-eval-v3.1
2026-08-19T23:30:00+09:00,CMP-S01-L02-01,S01,S01-L02,1,running,180.0387,409.2015,107.3229,43.0393,0.7335,A,relation-reasoning-agent-eval-v3.1
2026-08-19T23:30:00+09:00,CMP-S01-L03-01,S01,S01-L03,1,running,149.9334,413.2921,105.2896,50.7194,1.8813,B,relation-reasoning-agent-eval-v3.1
2026-08-19T23:30:00+09:00,CMP-S01-L04-01,S01,S01-L04,1,running,161.604,474.2222,99.0304,33.223,-1.2093,B,relation-reasoning-agent-eval-v3.1
2026-08-19T23:30:00+09:00,CMP-S01-L05-01,S01,S01-L05,1,running,151.1163,495.2659,106.3568,39.1853,-0.4365,A,relation-reasoning-agent-eval-v3.1
2026-08-19T23:40:00+09:00,CMP-S01-L01-01,S01,S01-L01,1,running,159.49,449.3443,104.79,44.3089,0.8292,A,relation-reasoning-agent-eval-v3.1
2026-08-19T23:40:00+09:00,CMP-S01-L02-01,S01,S01-L02,1,running,167.2201,420.208,109.8947,44.8373,1.0665,B,relation-reasoning-agent-eval-v3.1
2026-08-19T23:40:00+09:00,CMP-S01-L03-01,S01,S01-L03,1,running,149.2075,411.7735,106.8106,45.2414,0.8668,A,relation-reasoning-agent-eval-v3.1
2026-08-19T23:40:00+09:00,CMP-S01-L04-01,S01,S01-L04,1,running,144.9482,474.9514,100.3417,36.7126,-0.5631,A,relation-reasoning-agent-eval-v3.1
2026-08-19T23:40:00+09:00,CMP-S01-L05-01,S01,S01-L05,1,running,157.7332,495.7597,103.8963,42.3933,0.1575,A,relation-reasoning-agent-eval-v3.1
2026-08-19T23:50:00+09:00,CMP-S01-L01-01,S01,S01-L01,1,running,149.8945,487.4954,101.8913,38.5118,-0.2443,A,relation-reasoning-agent-eval-v3.1
2026-08-19T23:50:00+09:00,CMP-S01-L02-01,S01,S01-L02,1,running,152.0162,476.6071,111.4114,41.3234,0.4158,A,relation-reasoning-agent-eval-v3.1
2026-08-19T23:50:00+09:00,CMP-S01-L03-01,S01,S01-L03,1,running,162.6791,433.9141,105.7981,38.37,-0.4057,A,relation-reasoning-agent-eval-v3.1
2026-08-19T23:50:00+09:00,CMP-S01-L04-01,S01,S01-L04,1,running,137.8484,490.0393,98.7297,38.1918,-0.2891,A,relation-reasoning-agent-eval-v3.1
2026-08-19T23:50:00+09:00,CMP-S01-L05-01,S01,S01-L05,1,running,172.5516,452.6091,99.895,45.7397,0.7772,A,relation-reasoning-agent-eval-v3.1
2026-08-20T00:00:00+09:00,CMP-S01-L01-01,S01,S01-L01,1,running,162.9863,479.3028,101.2832,44.4369,0.8529,A,relation-reasoning-agent-eval-v3.1
2026-08-20T00:00:00+09:00,CMP-S01-L02-01,S01,S01-L02,1,running,160.7616,438.4457,105.2069,39.6759,0.1107,A,relation-reasoning-agent-eval-v3.1
2026-08-20T00:00:00+09:00,CMP-S01-L03-01,S01,S01-L03,1,running,172.4721,421.9558,105.4259,40.2373,-0.0598,A,relation-reasoning-agent-eval-v3.1
2026-08-20T00:00:00+09:00,CMP-S01-L04-01,S01,S01-L04,1,running,135.9282,539.7547,87.3848,43.6314,0.7182,A,relation-reasoning-agent-eval-v3.1
2026-08-20T00:00:00+09:00,CMP-S01-L05-01,S01,S01-L05,1,running,181.625,430.3565,95.8609,42.7283,0.2196,A,relation-reasoning-agent-eval-v3.1
2026-08-20T00:10:00+09:00,CMP-S01-L01-01,S01,S01-L01,1,running,179.6854,430.598,101.1179,45.99,1.1405,B,relation-reasoning-agent-eval-v3.1
2026-08-20T00:10:00+09:00,CMP-S01-L02-01,S01,S01-L02,1,running,157.2696,412.245,112.8756,36.6423,-0.4511,A,relation-reasoning-agent-eval-v3.1
2026-08-20T00:10:00+09:00,CMP-S01-L03-01,S01,S01-L03,1,running,156.2885,430.5466,100.3407,35.4888,-0.9392,A,relation-reasoning-agent-eval-v3.1
2026-08-20T00:10:00+09:00,CMP-S01-L04-01,S01,S01-L04,1,running,129.3983,548.9933,86.9435,39.8893,0.0252,A,relation-reasoning-agent-eval-v3.1
2026-08-20T00:10:00+09:00,CMP-S01-L05-01,S01,S01-L05,1,running,175.9567,470.1132,95.5005,38.637,-0.5381,A,relation-reasoning-agent-eval-v3.1
2026-08-20T00:20:00+09:00,CMP-S01-L01-01,S01,S01-L01,1,running,191.9741,421.3465,100.7633,47.8472,1.4844,B,relation-reasoning-agent-eval-v3.1
2026-08-20T00:20:00+09:00,CMP-S01-L02-01,S01,S01-L02,1,running,174.6786,401.2556,112.7613,37.5903,-0.2755,A,relation-reasoning-agent-eval-v3.1
2026-08-20T00:20:00+09:00,CMP-S01-L03-01,S01,S01-L03,1,running,167.9291,386.3001,105.2513,39.4438,-0.2068,A,relation-reasoning-agent-eval-v3.1
2026-08-20T00:20:00+09:00,CMP-S01-L04-01,S01,S01-L04,1,running,157.0548,530.9036,92.3194,36.9554,-0.5181,A,relation-reasoning-agent-eval-v3.1
2026-08-20T00:20:00+09:00,CMP-S01-L05-01,S01,S01-L05,1,running,190.8911,421.7101,94.2063,40.7937,-0.1387,A,relation-reasoning-agent-eval-v3.1
2026-08-20T00:30:00+09:00,CMP-S01-L01-01,S01,S01-L01,1,running,187.8272,474.6103,98.5929,46.5654,1.2471,B,relation-reasoning-agent-eval-v3.1
2026-08-20T00:30:00+09:00,CMP-S01-L02-01,S01,S01-L02,1,running,172.5303,389.2119,105.9545,38.1573,-0.1706,A,relation-reasoning-agent-eval-v3.1
2026-08-20T00:30:00+09:00,CMP-S01-L03-01,S01,S01-L03,1,running,166.2623,383.8616,111.2046,40.2517,-0.0572,A,relation-reasoning-agent-eval-v3.1
2026-08-20T00:30:00+09:00,CMP-S01-L04-01,S01,S01-L04,1,running,166.8466,571.3489,91.3627,38.9208,-0.1541,A,relation-reasoning-agent-eval-v3.1
2026-08-20T00:30:00+09:00,CMP-S01-L05-01,S01,S01-L05,1,running,175.9843,414.8139,90.1569,38.3014,-0.6002,A,relation-reasoning-agent-eval-v3.1
2026-08-20T00:40:00+09:00,CMP-S01-L01-01,S01,S01-L01,1,running,197.0333,472.4118,98.8995,41.5738,0.3227,A,relation-reasoning-agent-eval-v3.1
2026-08-20T00:40:00+09:00,CMP-S01-L02-01,S01,S01-L02,1,running,171.2075,353.5848,105.9233,42.2915,0.595,A,relation-reasoning-agent-eval-v3.1
2026-08-20T00:40:00+09:00,CMP-S01-L03-01,S01,S01-L03,1,running,171.5225,396.4235,108.1798,39.1603,-0.2593,A,relation-reasoning-agent-eval-v3.1
2026-08-20T00:40:00+09:00,CMP-S01-L04-01,S01,S01-L04,1,running,169.2637,515.4861,95.798,41.7502,0.3698,A,relation-reasoning-agent-eval-v3.1
2026-08-20T00:40:00+09:00,CMP-S01-L05-01,S01,S01-L05,1,running,175.6521,410.8338,90.03,38.3787,-0.5859,A,relation-reasoning-agent-eval-v3.1
2026-08-20T00:50:00+09:00,CMP-S01-L01-01,S01,S01-L01,1,running,189.9827,432.5258,99.9268,46.3526,1.2077,B,relation-reasoning-agent-eval-v3.1
2026-08-20T00:50:00+09:00,CMP-S01-L02-01,S01,S01-L02,1,running,198.107,333.4024,109.5285,42.6288,0.6575,A,relation-reasoning-agent-eval-v3.1
2026-08-20T00:50:00+09:00,CMP-S01-L03-01,S01,S01-L03,1,running,173.7035,356.2295,105.622,42.6971,0.3957,A,relation-reasoning-agent-eval-v3.1
2026-08-20T00:50:00+09:00,CMP-S01-L04-01,S01,S01-L04,1,running,165.6573,485.087,97.3924,37.0976,-0.4917,A,relation-reasoning-agent-eval-v3.1
2026-08-20T00:50:00+09:00,CMP-S01-L05-01,S01,S01-L05,1,running,174.5903,461.9406,93.227,37.5006,-0.7485,A,relation-reasoning-agent-eval-v3.1
2026-08-20T01:00:00+09:00,CMP-S01-L01-01,S01,S01-L01,1,running,173.468,425.1584,96.7731,41.6185,0.331,A,relation-reasoning-agent-eval-v3.1
2026-08-20T01:00:00+09:00,CMP-S01-L02-01,S01,S01-L02,1,running,183.0302,354.6536,104.7834,40.0777,0.1851,A,relation-reasoning-agent-eval-v3.1
2026-08-20T01:00:00+09:00,CMP-S01-L03-01,S01,S01-L03,1,running,168.8146,408.122,109.59,49.5032,1.6561,B,relation-reasoning-agent-eval-v3.1
2026-08-20T01:00:00+09:00,CMP-S01-L04-01,S01,S01-L04,1,running,175.6153,485.3903,97.8312,39.3507,-0.0745,A,relation-reasoning-agent-eval-v3.1
2026-08-20T01:00:00+09:00,CMP-S01-L05-01,S01,S01-L05,1,running,175.1582,492.2396,94.735,38.8483,-0.4989,A,relation-reasoning-agent-eval-v3.1
2026-08-20T01:10:00+09:00,CMP-S01-L01-01,S01,S01-L01,1,running,165.1354,445.6596,96.5882,36.2853,-0.6567,A,relation-reasoning-agent-eval-v3.1
2026-08-20T01:10:00+09:00,CMP-S01-L02-01,S01,S01-L02,1,running,185.3944,392.3192,110.6437,40.1921,0.2063,A,relation-reasoning-agent-eval-v3.1
2026-08-20T01:10:00+09:00,CMP-S01-L03-01,S01,S01-L03,1,running,156.6363,450.8477,107.1823,47.0198,1.1962,B,relation-reasoning-agent-eval-v3.1
2026-08-20T01:10:00+09:00,CMP-S01-L04-01,S01,S01-L04,1,running,182.3576,485.4687,98.06,39.3389,-0.0767,A,relation-reasoning-agent-eval-v3.1
2026-08-20T01:10:00+09:00,CMP-S01-L05-01,S01,S01-L05,1,running,191.2839,448.0499,94.1717,35.7782,-1.0675,B,relation-reasoning-agent-eval-v3.1
2026-08-20T01:20:00+09:00,CMP-S01-L01-01,S01,S01-L01,1,running,179.7122,468.8883,90.0489,33.6363,-1.1472,B,relation-reasoning-agent-eval-v3.1
2026-08-20T01:20:00+09:00,CMP-S01-L02-01,S01,S01-L02,1,running,165.2112,414.5878,104.1174,36.2467,-0.5244,A,relation-reasoning-agent-eval-v3.1
2026-08-20T01:20:00+09:00,CMP-S01-L03-01,S01,S01-L03,1,running,156.1627,464.9173,112.3126,51.0287,1.9386,B,relation-reasoning-agent-eval-v3.1
2026-08-20T01:20:00+09:00,CMP-S01-L04-01,S01,S01-L04,1,running,175.9339,491.5817,105.6341,38.8605,-0.1653,A,relation-reasoning-agent-eval-v3.1
2026-08-20T01:20:00+09:00,CMP-S01-L05-01,S01,S01-L05,1,running,187.4019,468.0056,97.1197,29.762,-2.1816,C,relation-reasoning-agent-eval-v3.1
2026-08-20T01:30:00+09:00,CMP-S01-L01-01,S01,S01-L01,1,running,163.3586,477.372,93.9667,33.4189,-1.1875,B,relation-reasoning-agent-eval-v3.1
2026-08-20T01:30:00+09:00,CMP-S01-L02-01,S01,S01-L02,1,running,176.9069,477.5741,102.234,31.3477,-1.4316,B,relation-reasoning-agent-eval-v3.1
2026-08-20T01:30:00+09:00,CMP-S01-L03-01,S01,S01-L03,1,running,162.463,489.6317,105.9777,51.7595,2.0739,C,relation-reasoning-agent-eval-v3.1
2026-08-20T01:30:00+09:00,CMP-S01-L04-01,S01,S01-L04,1,running,175.5611,485.0893,103.3674,35.5626,-0.776,A,relation-reasoning-agent-eval-v3.1
2026-08-20T01:30:00+09:00,CMP-S01-L05-01,S01,S01-L05,1,running,202.3328,400.7987,94.044,39.8901,-0.306,A,relation-reasoning-agent-eval-v3.1
2026-08-20T01:40:00+09:00,CMP-S01-L01-01,S01,S01-L01,1,running,160.2859,476.8532,95.0687,37.7961,-0.3769,A,relation-reasoning-agent-eval-v3.1
2026-08-20T01:40:00+09:00,CMP-S01-L02-01,S01,S01-L02,1,running,174.8447,449.1509,97.8503,31.6784,-1.3704,B,relation-reasoning-agent-eval-v3.1
2026-08-20T01:40:00+09:00,CMP-S01-L03-01,S01,S01-L03,1,running,179.1469,483.0172,107.6318,51.4556,2.0176,C,relation-reasoning-agent-eval-v3.1
2026-08-20T01:40:00+09:00,CMP-S01-L04-01,S01,S01-L04,1,running,183.3452,468.4447,107.0762,36.9479,-0.5195,A,relation-reasoning-agent-eval-v3.1
2026-08-20T01:40:00+09:00,CMP-S01-L05-01,S01,S01-L05,1,running,200.2497,421.79,101.1346,42.9291,0.2567,A,relation-reasoning-agent-eval-v3.1
2026-08-20T01:50:00+09:00,CMP-S01-L01-01,S01,S01-L01,1,running,163.2688,492.2191,98.7285,35.8233,-0.7422,A,relation-reasoning-agent-eval-v3.1
2026-08-20T01:50:00+09:00,CMP-S01-L02-01,S01,S01-L02,1,running,172.1255,452.1505,108.5991,30.9529,-1.5047,B,relation-reasoning-agent-eval-v3.1
2026-08-20T01:50:00+09:00,CMP-S01-L03-01,S01,S01-L03,1,running,191.3389,517.4121,105.57,46.3039,1.0636,B,relation-reasoning-agent-eval-v3.1
2026-08-20T01:50:00+09:00,CMP-S01-L04-01,S01,S01-L04,1,running,178.4652,438.9391,104.8361,37.1625,-0.4797,A,relation-reasoning-agent-eval-v3.1
2026-08-20T01:50:00+09:00,CMP-S01-L05-01,S01,S01-L05,1,running,189.4451,406.9808,102.9311,45.0449,0.6486,A,relation-reasoning-agent-eval-v3.1
2026-08-20T02:00:00+09:00,CMP-S01-L01-01,S01,S01-L01,1,running,164.5425,460.2341,99.9947,33.0102,-1.2632,B,relation-reasoning-agent-eval-v3.1
2026-08-20T02:00:00+09:00,CMP-S01-L02-01,S01,S01-L02,1,running,164.1262,417.3441,106.1239,33.1625,-1.0955,B,relation-reasoning-agent-eval-v3.1
2026-08-20T02:00:00+09:00,CMP-S01-L03-01,S01,S01-L03,1,running,173.5339,466.3549,102.636,46.4154,1.0843,B,relation-reasoning-agent-eval-v3.1
2026-08-20T02:00:00+09:00,CMP-S01-L04-01,S01,S01-L04,1,running,173.9876,435.6912,102.5883,40.0101,0.0476,A,relation-reasoning-agent-eval-v3.1
2026-08-20T02:00:00+09:00,CMP-S01-L05-01,S01,S01-L05,1,running,191.3281,441.7106,102.7216,43.226,0.3117,A,relation-reasoning-agent-eval-v3.1
2026-08-20T02:10:00+09:00,CMP-S01-L01-01,S01,S01-L01,1,running,151.483,458.3808,100.203,34.8447,-0.9234,A,relation-reasoning-agent-eval-v3.1
2026-08-20T02:10:00+09:00,CMP-S01-L02-01,S01,S01-L02,1,running,179.738,415.5636,110.8445,36.8244,-0.4174,A,relation-reasoning-agent-eval-v3.1
2026-08-20T02:10:00+09:00,CMP-S01-L03-01,S01,S01-L03,1,running,176.9568,436.7883,96.0713,54.1284,2.5126,C,relation-reasoning-agent-eval-v3.1
2026-08-20T02:10:00+09:00,CMP-S01-L04-01,S01,S01-L04,1,running,179.5565,484.8292,102.881,46.2008,1.194,B,relation-reasoning-agent-eval-v3.1
2026-08-20T02:10:00+09:00,CMP-S01-L05-01,S01,S01-L05,1,running,185.6026,474.5102,103.2935,38.2462,-0.6104,A,relation-reasoning-agent-eval-v3.1
2026-08-20T02:20:00+09:00,CMP-S01-L01-01,S01,S01-L01,1,running,160.1512,422.9432,94.3,33.1708,-1.2334,B,relation-reasoning-agent-eval-v3.1
2026-08-20T02:20:00+09:00,CMP-S01-L02-01,S01,S01-L02,1,running,189.9621,419.1911,104.0492,36.2428,-0.5251,A,relation-reasoning-agent-eval-v3.1
2026-08-20T02:20:00+09:00,CMP-S01-L03-01,S01,S01-L03,1,running,174.5369,463.3572,103.6695,48.8786,1.5404,B,relation-reasoning-agent-eval-v3.1
2026-08-20T02:20:00+09:00,CMP-S01-L04-01,S01,S01-L04,1,running,172.3698,505.8728,109.2909,41.7923,0.3776,A,relation-reasoning-agent-eval-v3.1
2026-08-20T02:20:00+09:00,CMP-S01-L05-01,S01,S01-L05,1,running,180.8452,437.9217,108.7284,43.2727,0.3204,A,relation-reasoning-agent-eval-v3.1
2026-08-20T02:30:00+09:00,CMP-S01-L01-01,S01,S01-L01,1,running,152.7548,463.8886,88.8111,34.115,-1.0586,B,relation-reasoning-agent-eval-v3.1
2026-08-20T02:30:00+09:00,CMP-S01-L02-01,S01,S01-L02,1,running,204.3868,427.7132,105.9642,36.2534,-0.5231,A,relation-reasoning-agent-eval-v3.1
2026-08-20T02:30:00+09:00,CMP-S01-L03-01,S01,S01-L03,1,running,161.9079,454.1393,101.5486,47.7986,1.3404,B,relation-reasoning-agent-eval-v3.1
2026-08-20T02:30:00+09:00,CMP-S01-L04-01,S01,S01-L04,1,running,167.757,513.2555,112.9797,38.779,-0.1804,A,relation-reasoning-agent-eval-v3.1
2026-08-20T02:30:00+09:00,CMP-S01-L05-01,S01,S01-L05,1,running,182.1675,398.1717,102.0972,41.5769,0.0063,A,relation-reasoning-agent-eval-v3.1
2026-08-20T02:40:00+09:00,CMP-S01-L01-01,S01,S01-L01,1,running,167.6821,487.2036,93.8478,39.5271,-0.0563,A,relation-reasoning-agent-eval-v3.1
2026-08-20T02:40:00+09:00,CMP-S01-L02-01,S01,S01-L02,1,running,212.6796,388.7022,111.7827,39.2534,0.0324,A,relation-reasoning-agent-eval-v3.1
2026-08-20T02:40:00+09:00,CMP-S01-L03-01,S01,S01-L03,1,running,161.3276,453.918,108.7783,42.2657,0.3158,A,relation-reasoning-agent-eval-v3.1
2026-08-20T02:40:00+09:00,CMP-S01-L04-01,S01,S01-L04,1,running,155.9333,520.1802,105.9578,39.8649,0.0207,A,relation-reasoning-agent-eval-v3.1
2026-08-20T02:40:00+09:00,CMP-S01-L05-01,S01,S01-L05,1,running,185.0628,466.2693,101.2238,45.0413,0.6479,A,relation-reasoning-agent-eval-v3.1
2026-08-20T02:50:00+09:00,CMP-S01-L01-01,S01,S01-L01,1,running,149.2462,489.6245,97.2908,40.4911,0.1222,A,relation-reasoning-agent-eval-v3.1
2026-08-20T02:50:00+09:00,CMP-S01-L02-01,S01,S01-L02,1,running,204.8032,409.221,103.2942,39.399,0.0594,A,relation-reasoning-agent-eval-v3.1
2026-08-20T02:50:00+09:00,CMP-S01-L03-01,S01,S01-L03,1,running,149.7373,484.0746,101.4272,42.6795,0.3924,A,relation-reasoning-agent-eval-v3.1
2026-08-20T02:50:00+09:00,CMP-S01-L04-01,S01,S01-L04,1,running,157.1108,509.9706,93.6833,31.9138,-1.4517,B,relation-reasoning-agent-eval-v3.1
2026-08-20T02:50:00+09:00,CMP-S01-L05-01,S01,S01-L05,1,running,181.0,432.442,104.8393,42.3343,0.1466,A,relation-reasoning-agent-eval-v3.1
2026-08-20T03:00:00+09:00,CMP-S01-L01-01,S01,S01-L01,1,running,173.9569,464.3176,101.9525,45.4619,1.0427,B,relation-reasoning-agent-eval-v3.1
2026-08-20T03:00:00+09:00,CMP-S01-L02-01,S01,S01-L02,1,running,193.3516,461.1535,109.5991,38.8641,-0.0397,A,relation-reasoning-agent-eval-v3.1
2026-08-20T03:00:00+09:00,CMP-S01-L03-01,S01,S01-L03,1,running,161.8831,470.1488,99.8107,39.0692,-0.2762,A,relation-reasoning-agent-eval-v3.1
2026-08-20T03:00:00+09:00,CMP-S01-L04-01,S01,S01-L04,1,running,158.9425,450.5411,90.2219,29.4296,-1.9118,B,relation-reasoning-agent-eval-v3.1
2026-08-20T03:00:00+09:00,CMP-S01-L05-01,S01,S01-L05,1,running,185.3348,426.5441,96.917,41.8288,0.053,A,relation-reasoning-agent-eval-v3.1
2026-08-20T03:10:00+09:00,CMP-S01-L01-01,S01,S01-L01,1,running,184.5163,490.702,98.281,46.5089,1.2366,B,relation-reasoning-agent-eval-v3.1
2026-08-20T03:10:00+09:00,CMP-S01-L02-01,S01,S01-L02,1,running,173.4214,487.4224,107.8833,36.8628,-0.4103,A,relation-reasoning-agent-eval-v3.1
2026-08-20T03:10:00+09:00,CMP-S01-L03-01,S01,S01-L03,1,running,173.4746,441.5681,108.8796,37.0959,-0.6416,A,relation-reasoning-agent-eval-v3.1
2026-08-20T03:10:00+09:00,CMP-S01-L04-01,S01,S01-L04,1,running,160.0986,469.0983,93.2342,33.1521,-1.2224,B,relation-reasoning-agent-eval-v3.1
2026-08-20T03:10:00+09:00,CMP-S01-L05-01,S01,S01-L05,1,running,166.0392,351.3563,104.0686,50.4441,1.6484,B,relation-reasoning-agent-eval-v3.1
2026-08-20T03:20:00+09:00,CMP-S01-L01-01,S01,S01-L01,1,running,174.5132,469.4364,91.9941,43.1186,0.6088,A,relation-reasoning-agent-eval-v3.1
2026-08-20T03:20:00+09:00,CMP-S01-L02-01,S01,S01-L02,1,running,169.5314,432.7953,101.8678,35.5984,-0.6444,A,relation-reasoning-agent-eval-v3.1
2026-08-20T03:20:00+09:00,CMP-S01-L03-01,S01,S01-L03,1,running,193.106,453.2119,108.432,35.8947,-0.864,A,relation-reasoning-agent-eval-v3.1
2026-08-20T03:20:00+09:00,CMP-S01-L04-01,S01,S01-L04,1,running,183.6649,430.9032,90.9506,35.4448,-0.7978,A,relation-reasoning-agent-eval-v3.1
2026-08-20T03:20:00+09:00,CMP-S01-L05-01,S01,S01-L05,1,running,168.9673,356.0766,98.3535,48.727,1.3304,B,relation-reasoning-agent-eval-v3.1
2026-08-20T03:30:00+09:00,CMP-S01-L01-01,S01,S01-L01,1,running,177.8144,482.7804,90.51,39.6463,-0.0343,A,relation-reasoning-agent-eval-v3.1
2026-08-20T03:30:00+09:00,CMP-S01-L02-01,S01,S01-L02,1,running,171.3233,450.6267,102.6237,35.4057,-0.6801,A,relation-reasoning-agent-eval-v3.1
2026-08-20T03:30:00+09:00,CMP-S01-L03-01,S01,S01-L03,1,running,186.9107,454.31,100.8286,44.7231,0.7709,A,relation-reasoning-agent-eval-v3.1
2026-08-20T03:30:00+09:00,CMP-S01-L04-01,S01,S01-L04,1,running,174.4484,448.2182,90.6131,40.5901,0.155,A,relation-reasoning-agent-eval-v3.1
2026-08-20T03:30:00+09:00,CMP-S01-L05-01,S01,S01-L05,1,running,172.6036,383.7255,93.4432,48.4276,1.275,B,relation-reasoning-agent-eval-v3.1
2026-08-20T03:40:00+09:00,CMP-S01-L01-01,S01,S01-L01,1,running,198.135,483.8074,85.692,38.2054,-0.3011,A,relation-reasoning-agent-eval-v3.1
2026-08-20T03:40:00+09:00,CMP-S01-L02-01,S01,S01-L02,1,running,191.3111,467.0005,106.5886,38.3684,-0.1315,A,relation-reasoning-agent-eval-v3.1
2026-08-20T03:40:00+09:00,CMP-S01-L03-01,S01,S01-L03,1,running,188.6082,452.6983,100.0077,45.0839,0.8377,A,relation-reasoning-agent-eval-v3.1
2026-08-20T03:40:00+09:00,CMP-S01-L04-01,S01,S01-L04,1,running,173.5433,483.0948,94.2227,45.2186,1.0121,B,relation-reasoning-agent-eval-v3.1
2026-08-20T03:40:00+09:00,CMP-S01-L05-01,S01,S01-L05,1,running,192.9095,421.729,86.427,48.1295,1.2198,B,relation-reasoning-agent-eval-v3.1
2026-08-20T03:50:00+09:00,CMP-S01-L01-01,S01,S01-L01,1,running,178.8763,493.9675,86.5313,40.5569,0.1344,A,relation-reasoning-agent-eval-v3.1
2026-08-20T03:50:00+09:00,CMP-S01-L02-01,S01,S01-L02,1,running,190.5873,502.188,109.3662,40.9666,0.3497,A,relation-reasoning-agent-eval-v3.1
2026-08-20T03:50:00+09:00,CMP-S01-L03-01,S01,S01-L03,1,running,174.093,459.7818,106.7267,41.3233,0.1413,A,relation-reasoning-agent-eval-v3.1
2026-08-20T03:50:00+09:00,CMP-S01-L04-01,S01,S01-L04,1,running,179.8214,490.8015,90.117,42.2145,0.4558,A,relation-reasoning-agent-eval-v3.1
2026-08-20T03:50:00+09:00,CMP-S01-L05-01,S01,S01-L05,1,running,198.336,436.149,91.0554,51.8468,1.9082,B,relation-reasoning-agent-eval-v3.1
2026-08-20T04:00:00+09:00,CMP-S01-L01-01,S01,S01-L01,1,running,182.1198,485.0171,89.0458,42.4738,0.4894,A,relation-reasoning-agent-eval-v3.1
2026-08-20T04:00:00+09:00,CMP-S01-L02-01,S01,S01-L02,1,running,177.8109,430.6944,108.7109,37.2594,-0.3368,A,relation-reasoning-agent-eval-v3.1
2026-08-20T04:00:00+09:00,CMP-S01-L03-01,S01,S01-L03,1,running,186.359,459.2491,100.0702,39.9008,-0.1222,A,relation-reasoning-agent-eval-v3.1
2026-08-20T04:00:00+09:00,CMP-S01-L04-01,S01,S01-L04,1,running,184.0759,437.8857,85.7502,38.5432,-0.224,A,relation-reasoning-agent-eval-v3.1
2026-08-20T04:00:00+09:00,CMP-S01-L05-01,S01,S01-L05,1,running,195.2585,416.7252,98.0534,48.2959,1.2506,B,relation-reasoning-agent-eval-v3.1
