observed_at,asset_id,site_id,cell_id,is_operating,operating_state,voltage_raw,rotation_raw,pressure_raw,vibration_raw,relative_vibration_z,relative_vibration_zone,generator_version
2026-08-08T14:00:00+09:00,CMP-S01-L01-01,S01,S01-L01,1,running,177.4097,511.9146,104.7325,38.7538,-0.1995,A,relation-reasoning-agent-eval-v3.1
2026-08-08T14:00:00+09:00,CMP-S01-L02-01,S01,S01-L02,1,running,162.5585,467.108,106.9255,42.5362,0.6404,A,relation-reasoning-agent-eval-v3.1
2026-08-08T14:00:00+09:00,CMP-S01-L03-01,S01,S01-L03,1,running,166.4711,437.2012,115.6071,34.4609,-1.1295,B,relation-reasoning-agent-eval-v3.1
2026-08-08T14:00:00+09:00,CMP-S01-L04-01,S01,S01-L04,1,running,186.9301,495.9853,89.9851,34.5752,-0.9589,A,relation-reasoning-agent-eval-v3.1
2026-08-08T14:00:00+09:00,CMP-S01-L05-01,S01,S01-L05,1,running,181.077,398.0769,99.0337,50.2811,1.6182,B,relation-reasoning-agent-eval-v3.1
2026-08-08T14:10:00+09:00,CMP-S01-L01-01,S01,S01-L01,1,running,188.9169,504.597,100.9554,37.629,-0.4078,A,relation-reasoning-agent-eval-v3.1
2026-08-08T14:10:00+09:00,CMP-S01-L02-01,S01,S01-L02,1,running,164.2941,469.6297,106.7779,37.9349,-0.2117,A,relation-reasoning-agent-eval-v3.1
2026-08-08T14:10:00+09:00,CMP-S01-L03-01,S01,S01-L03,1,running,164.9926,454.4438,104.3062,35.9878,-0.8468,A,relation-reasoning-agent-eval-v3.1
2026-08-08T14:10:00+09:00,CMP-S01-L04-01,S01,S01-L04,1,running,171.3047,467.4649,88.0487,39.0665,-0.1271,A,relation-reasoning-agent-eval-v3.1
2026-08-08T14:10:00+09:00,CMP-S01-L05-01,S01,S01-L05,1,running,170.6965,391.202,98.7953,51.7895,1.8976,B,relation-reasoning-agent-eval-v3.1
2026-08-08T14:20:00+09:00,CMP-S01-L01-01,S01,S01-L01,1,running,175.4372,508.6609,98.3467,36.6661,-0.5861,A,relation-reasoning-agent-eval-v3.1
2026-08-08T14:20:00+09:00,CMP-S01-L02-01,S01,S01-L02,1,running,160.2387,456.2763,107.3646,41.0446,0.3641,A,relation-reasoning-agent-eval-v3.1
2026-08-08T14:20:00+09:00,CMP-S01-L03-01,S01,S01-L03,1,running,156.3436,407.8894,107.964,37.7301,-0.5241,A,relation-reasoning-agent-eval-v3.1
2026-08-08T14:20:00+09:00,CMP-S01-L04-01,S01,S01-L04,1,running,182.7273,424.4732,101.1342,38.2574,-0.277,A,relation-reasoning-agent-eval-v3.1
2026-08-08T14:20:00+09:00,CMP-S01-L05-01,S01,S01-L05,1,running,180.2297,397.6044,104.1434,47.4802,1.0996,B,relation-reasoning-agent-eval-v3.1
2026-08-08T14:30:00+09:00,CMP-S01-L01-01,S01,S01-L01,1,running,177.0228,530.0912,98.3758,31.8081,-1.4858,B,relation-reasoning-agent-eval-v3.1
2026-08-08T14:30:00+09:00,CMP-S01-L02-01,S01,S01-L02,1,running,158.0535,465.9557,111.3226,36.6486,-0.4499,A,relation-reasoning-agent-eval-v3.1
2026-08-08T14:30:00+09:00,CMP-S01-L03-01,S01,S01-L03,1,running,145.7185,390.8469,114.8727,31.6408,-1.6518,B,relation-reasoning-agent-eval-v3.1
2026-08-08T14:30:00+09:00,CMP-S01-L04-01,S01,S01-L04,1,running,160.9586,478.322,109.2941,38.9716,-0.1447,A,relation-reasoning-agent-eval-v3.1
2026-08-08T14:30:00+09:00,CMP-S01-L05-01,S01,S01-L05,1,running,175.4383,433.3139,99.8835,40.6097,-0.1728,A,relation-reasoning-agent-eval-v3.1
2026-08-08T14:40:00+09:00,CMP-S01-L01-01,S01,S01-L01,1,running,172.7448,501.2947,100.5515,32.8188,-1.2986,B,relation-reasoning-agent-eval-v3.1
2026-08-08T14:40:00+09:00,CMP-S01-L02-01,S01,S01-L02,1,running,173.6409,476.5652,107.8855,35.5093,-0.6609,A,relation-reasoning-agent-eval-v3.1
2026-08-08T14:40:00+09:00,CMP-S01-L03-01,S01,S01-L03,1,running,142.248,419.5644,108.3791,35.2123,-0.9904,A,relation-reasoning-agent-eval-v3.1
2026-08-08T14:40:00+09:00,CMP-S01-L04-01,S01,S01-L04,1,running,173.7896,504.0761,103.5875,40.4265,0.1247,A,relation-reasoning-agent-eval-v3.1
2026-08-08T14:40:00+09:00,CMP-S01-L05-01,S01,S01-L05,1,running,170.4642,405.4964,102.187,36.2751,-0.9755,A,relation-reasoning-agent-eval-v3.1
2026-08-08T14:50:00+09:00,CMP-S01-L01-01,S01,S01-L01,1,running,188.8606,520.9246,95.3345,32.4245,-1.3716,B,relation-reasoning-agent-eval-v3.1
2026-08-08T14:50:00+09:00,CMP-S01-L02-01,S01,S01-L02,1,running,167.0326,505.9671,104.6847,39.8478,0.1425,A,relation-reasoning-agent-eval-v3.1
2026-08-08T14:50:00+09:00,CMP-S01-L03-01,S01,S01-L03,1,running,142.9822,415.1133,104.0473,36.8089,-0.6947,A,relation-reasoning-agent-eval-v3.1
2026-08-08T14:50:00+09:00,CMP-S01-L04-01,S01,S01-L04,1,running,170.7771,505.7103,109.6965,42.1772,0.4489,A,relation-reasoning-agent-eval-v3.1
2026-08-08T14:50:00+09:00,CMP-S01-L05-01,S01,S01-L05,1,running,183.9214,368.6997,99.8814,33.8526,-1.4241,B,relation-reasoning-agent-eval-v3.1
2026-08-08T15:00:00+09:00,CMP-S01-L01-01,S01,S01-L01,1,running,199.1675,517.7325,102.2253,28.6959,-2.0621,C,relation-reasoning-agent-eval-v3.1
2026-08-08T15:00:00+09:00,CMP-S01-L02-01,S01,S01-L02,1,running,160.7191,471.3009,110.2868,34.6166,-0.8262,A,relation-reasoning-agent-eval-v3.1
2026-08-08T15:00:00+09:00,CMP-S01-L03-01,S01,S01-L03,1,running,168.2042,442.7126,95.7704,38.207,-0.4358,A,relation-reasoning-agent-eval-v3.1
2026-08-08T15:00:00+09:00,CMP-S01-L04-01,S01,S01-L04,1,running,165.4965,467.9298,103.0166,42.7151,0.5485,A,relation-reasoning-agent-eval-v3.1
2026-08-08T15:00:00+09:00,CMP-S01-L05-01,S01,S01-L05,1,running,186.6662,375.7272,91.0723,35.1487,-1.1841,B,relation-reasoning-agent-eval-v3.1
2026-08-08T15:10:00+09:00,CMP-S01-L01-01,S01,S01-L01,1,running,195.6515,491.1259,103.1838,28.0206,-2.1871,C,relation-reasoning-agent-eval-v3.1
2026-08-08T15:10:00+09:00,CMP-S01-L02-01,S01,S01-L02,1,running,169.7527,484.9967,112.2819,38.0937,-0.1823,A,relation-reasoning-agent-eval-v3.1
2026-08-08T15:10:00+09:00,CMP-S01-L03-01,S01,S01-L03,1,running,169.1837,408.8111,101.377,39.2502,-0.2426,A,relation-reasoning-agent-eval-v3.1
2026-08-08T15:10:00+09:00,CMP-S01-L04-01,S01,S01-L04,1,running,172.4403,415.2903,101.5174,40.4504,0.1291,A,relation-reasoning-agent-eval-v3.1
2026-08-08T15:10:00+09:00,CMP-S01-L05-01,S01,S01-L05,1,running,169.4831,391.7697,94.9727,40.444,-0.2035,A,relation-reasoning-agent-eval-v3.1
2026-08-08T15:20:00+09:00,CMP-S01-L01-01,S01,S01-L01,1,running,189.9388,502.0475,102.5076,30.0445,-1.8124,B,relation-reasoning-agent-eval-v3.1
2026-08-08T15:20:00+09:00,CMP-S01-L02-01,S01,S01-L02,1,running,177.6881,442.0379,113.0981,37.3692,-0.3165,A,relation-reasoning-agent-eval-v3.1
2026-08-08T15:20:00+09:00,CMP-S01-L03-01,S01,S01-L03,1,running,168.7805,414.6246,107.1309,44.7874,0.7828,A,relation-reasoning-agent-eval-v3.1
2026-08-08T15:20:00+09:00,CMP-S01-L04-01,S01,S01-L04,1,running,181.9883,368.2988,101.7193,39.6214,-0.0244,A,relation-reasoning-agent-eval-v3.1
2026-08-08T15:20:00+09:00,CMP-S01-L05-01,S01,S01-L05,1,running,168.634,408.2121,94.1686,35.0245,-1.2071,B,relation-reasoning-agent-eval-v3.1
2026-08-08T15:30:00+09:00,CMP-S01-L01-01,S01,S01-L01,1,running,190.4746,461.6748,105.1808,30.872,-1.6591,B,relation-reasoning-agent-eval-v3.1
2026-08-08T15:30:00+09:00,CMP-S01-L02-01,S01,S01-L02,1,running,174.2865,445.8387,109.1907,36.6143,-0.4563,A,relation-reasoning-agent-eval-v3.1
2026-08-08T15:30:00+09:00,CMP-S01-L03-01,S01,S01-L03,1,running,164.6672,377.8266,108.4874,40.1117,-0.0831,A,relation-reasoning-agent-eval-v3.1
2026-08-08T15:30:00+09:00,CMP-S01-L04-01,S01,S01-L04,1,running,185.6487,375.4992,97.9534,33.1437,-1.224,B,relation-reasoning-agent-eval-v3.1
2026-08-08T15:30:00+09:00,CMP-S01-L05-01,S01,S01-L05,1,running,176.2261,407.8875,95.0533,38.523,-0.5592,A,relation-reasoning-agent-eval-v3.1
2026-08-08T15:40:00+09:00,CMP-S01-L01-01,S01,S01-L01,1,running,180.8828,475.8339,103.5578,29.8625,-1.8461,B,relation-reasoning-agent-eval-v3.1
2026-08-08T15:40:00+09:00,CMP-S01-L02-01,S01,S01-L02,1,running,170.8633,475.5467,101.9439,33.2321,-1.0826,B,relation-reasoning-agent-eval-v3.1
2026-08-08T15:40:00+09:00,CMP-S01-L03-01,S01,S01-L03,1,running,160.7262,358.5181,113.4409,37.7663,-0.5174,A,relation-reasoning-agent-eval-v3.1
2026-08-08T15:40:00+09:00,CMP-S01-L04-01,S01,S01-L04,1,running,170.6196,436.7795,101.3568,29.9388,-1.8175,B,relation-reasoning-agent-eval-v3.1
2026-08-08T15:40:00+09:00,CMP-S01-L05-01,S01,S01-L05,1,running,171.9307,397.2967,94.6317,42.1452,0.1116,A,relation-reasoning-agent-eval-v3.1
2026-08-08T15:50:00+09:00,CMP-S01-L01-01,S01,S01-L01,1,running,186.123,499.9365,93.917,33.0738,-1.2514,B,relation-reasoning-agent-eval-v3.1
2026-08-08T15:50:00+09:00,CMP-S01-L02-01,S01,S01-L02,1,running,191.0744,451.1211,105.4649,35.4541,-0.6711,A,relation-reasoning-agent-eval-v3.1
2026-08-08T15:50:00+09:00,CMP-S01-L03-01,S01,S01-L03,1,running,155.612,440.2984,111.291,36.9042,-0.6771,A,relation-reasoning-agent-eval-v3.1
2026-08-08T15:50:00+09:00,CMP-S01-L04-01,S01,S01-L04,1,running,163.6102,452.2406,110.4263,35.5888,-0.7712,A,relation-reasoning-agent-eval-v3.1
2026-08-08T15:50:00+09:00,CMP-S01-L05-01,S01,S01-L05,1,running,168.4599,352.8235,98.0053,41.3604,-0.0338,A,relation-reasoning-agent-eval-v3.1
2026-08-08T16:00:00+09:00,CMP-S01-L01-01,S01,S01-L01,1,running,190.7526,485.5356,90.6565,35.9463,-0.7194,A,relation-reasoning-agent-eval-v3.1
2026-08-08T16:00:00+09:00,CMP-S01-L02-01,S01,S01-L02,1,running,186.7135,414.4296,105.1278,29.4108,-1.7903,B,relation-reasoning-agent-eval-v3.1
2026-08-08T16:00:00+09:00,CMP-S01-L03-01,S01,S01-L03,1,running,152.3257,454.2039,116.335,40.5875,0.005,A,relation-reasoning-agent-eval-v3.1
2026-08-08T16:00:00+09:00,CMP-S01-L04-01,S01,S01-L04,1,running,181.5189,399.7249,107.6674,34.7317,-0.9299,A,relation-reasoning-agent-eval-v3.1
2026-08-08T16:00:00+09:00,CMP-S01-L05-01,S01,S01-L05,1,running,171.0712,397.6676,89.488,39.0249,-0.4662,A,relation-reasoning-agent-eval-v3.1
2026-08-08T16:10:00+09:00,CMP-S01-L01-01,S01,S01-L01,1,running,176.6637,411.651,95.8034,35.746,-0.7565,A,relation-reasoning-agent-eval-v3.1
2026-08-08T16:10:00+09:00,CMP-S01-L02-01,S01,S01-L02,1,running,188.0792,405.9812,103.1814,31.0302,-1.4904,B,relation-reasoning-agent-eval-v3.1
2026-08-08T16:10:00+09:00,CMP-S01-L03-01,S01,S01-L03,1,running,155.1662,400.653,114.2994,40.8642,0.0563,A,relation-reasoning-agent-eval-v3.1
2026-08-08T16:10:00+09:00,CMP-S01-L04-01,S01,S01-L04,1,running,183.966,444.046,106.1092,34.2287,-1.023,B,relation-reasoning-agent-eval-v3.1
2026-08-08T16:10:00+09:00,CMP-S01-L05-01,S01,S01-L05,1,running,151.8293,406.8791,91.1761,37.3345,-0.7793,A,relation-reasoning-agent-eval-v3.1
2026-08-08T16:20:00+09:00,CMP-S01-L01-01,S01,S01-L01,1,running,183.4782,390.3828,93.1337,26.6359,-2.4436,C,relation-reasoning-agent-eval-v3.1
2026-08-08T16:20:00+09:00,CMP-S01-L02-01,S01,S01-L02,1,running,173.1813,405.2941,102.1968,33.5689,-1.0203,B,relation-reasoning-agent-eval-v3.1
2026-08-08T16:20:00+09:00,CMP-S01-L03-01,S01,S01-L03,1,running,168.4514,398.4714,107.6311,43.7901,0.5981,A,relation-reasoning-agent-eval-v3.1
2026-08-08T16:20:00+09:00,CMP-S01-L04-01,S01,S01-L04,1,running,176.7445,440.6338,107.6882,33.1733,-1.2185,B,relation-reasoning-agent-eval-v3.1
2026-08-08T16:20:00+09:00,CMP-S01-L05-01,S01,S01-L05,1,running,182.4072,408.5096,96.4502,38.6769,-0.5307,A,relation-reasoning-agent-eval-v3.1
2026-08-08T16:30:00+09:00,CMP-S01-L01-01,S01,S01-L01,1,running,161.6637,341.8127,94.7766,30.7406,-1.6834,B,relation-reasoning-agent-eval-v3.1
2026-08-08T16:30:00+09:00,CMP-S01-L02-01,S01,S01-L02,1,running,174.0096,430.7055,99.6975,33.7136,-0.9935,A,relation-reasoning-agent-eval-v3.1
2026-08-08T16:30:00+09:00,CMP-S01-L03-01,S01,S01-L03,1,running,171.0156,391.2506,107.0165,41.3334,0.1431,A,relation-reasoning-agent-eval-v3.1
2026-08-08T16:30:00+09:00,CMP-S01-L04-01,S01,S01-L04,1,running,168.2593,497.5575,107.1831,30.8301,-1.6524,B,relation-reasoning-agent-eval-v3.1
2026-08-08T16:30:00+09:00,CMP-S01-L05-01,S01,S01-L05,1,running,173.2793,389.0714,92.7439,40.6258,-0.1698,A,relation-reasoning-agent-eval-v3.1
2026-08-08T16:40:00+09:00,CMP-S01-L01-01,S01,S01-L01,1,running,161.8169,364.4876,92.7507,34.5329,-0.9812,A,relation-reasoning-agent-eval-v3.1
2026-08-08T16:40:00+09:00,CMP-S01-L02-01,S01,S01-L02,1,running,180.9737,426.7025,100.0841,42.1751,0.5735,A,relation-reasoning-agent-eval-v3.1
2026-08-08T16:40:00+09:00,CMP-S01-L03-01,S01,S01-L03,1,running,177.863,367.1203,109.3382,43.2519,0.4984,A,relation-reasoning-agent-eval-v3.1
2026-08-08T16:40:00+09:00,CMP-S01-L04-01,S01,S01-L04,1,running,163.2667,462.4616,105.4895,37.2704,-0.4598,A,relation-reasoning-agent-eval-v3.1
2026-08-08T16:40:00+09:00,CMP-S01-L05-01,S01,S01-L05,1,running,179.4257,390.0545,94.9616,39.6791,-0.3451,A,relation-reasoning-agent-eval-v3.1
2026-08-08T16:50:00+09:00,CMP-S01-L01-01,S01,S01-L01,1,running,170.8059,376.3261,90.4979,32.832,-1.2962,B,relation-reasoning-agent-eval-v3.1
2026-08-08T16:50:00+09:00,CMP-S01-L02-01,S01,S01-L02,1,running,171.1909,409.8074,103.3289,42.6813,0.6672,A,relation-reasoning-agent-eval-v3.1
2026-08-08T16:50:00+09:00,CMP-S01-L03-01,S01,S01-L03,1,running,170.7756,381.4817,108.369,40.5317,-0.0053,A,relation-reasoning-agent-eval-v3.1
2026-08-08T16:50:00+09:00,CMP-S01-L04-01,S01,S01-L04,1,running,169.1891,481.8713,110.9349,39.8594,0.0197,A,relation-reasoning-agent-eval-v3.1
2026-08-08T16:50:00+09:00,CMP-S01-L05-01,S01,S01-L05,1,running,183.2929,432.9623,101.2432,40.9378,-0.112,A,relation-reasoning-agent-eval-v3.1
2026-08-08T17:00:00+09:00,CMP-S01-L01-01,S01,S01-L01,1,running,173.73,424.2611,93.3765,34.639,-0.9615,A,relation-reasoning-agent-eval-v3.1
2026-08-08T17:00:00+09:00,CMP-S01-L02-01,S01,S01-L02,1,running,162.0909,432.3414,99.7262,37.7703,-0.2422,A,relation-reasoning-agent-eval-v3.1
2026-08-08T17:00:00+09:00,CMP-S01-L03-01,S01,S01-L03,1,running,161.6567,354.6233,111.0453,40.5113,-0.0091,A,relation-reasoning-agent-eval-v3.1
2026-08-08T17:00:00+09:00,CMP-S01-L04-01,S01,S01-L04,1,running,176.923,450.6466,104.6466,40.041,0.0533,A,relation-reasoning-agent-eval-v3.1
2026-08-08T17:00:00+09:00,CMP-S01-L05-01,S01,S01-L05,1,running,184.9039,392.0678,104.6679,37.7929,-0.6944,A,relation-reasoning-agent-eval-v3.1
2026-08-08T17:10:00+09:00,CMP-S01-L01-01,S01,S01-L01,1,running,172.9258,409.91,95.9832,31.0329,-1.6293,B,relation-reasoning-agent-eval-v3.1
2026-08-08T17:10:00+09:00,CMP-S01-L02-01,S01,S01-L02,1,running,154.5647,447.2564,105.7471,33.7497,-0.9868,A,relation-reasoning-agent-eval-v3.1
2026-08-08T17:10:00+09:00,CMP-S01-L03-01,S01,S01-L03,1,running,148.0421,377.9115,110.7502,39.4542,-0.2049,A,relation-reasoning-agent-eval-v3.1
2026-08-08T17:10:00+09:00,CMP-S01-L04-01,S01,S01-L04,1,running,158.7949,465.9639,100.0599,36.6749,-0.57,A,relation-reasoning-agent-eval-v3.1
2026-08-08T17:10:00+09:00,CMP-S01-L05-01,S01,S01-L05,1,running,170.5706,404.6286,96.4414,34.7025,-1.2667,B,relation-reasoning-agent-eval-v3.1
2026-08-08T17:20:00+09:00,CMP-S01-L01-01,S01,S01-L01,1,running,175.665,393.8302,95.5144,36.5496,-0.6077,A,relation-reasoning-agent-eval-v3.1
2026-08-08T17:20:00+09:00,CMP-S01-L02-01,S01,S01-L02,1,running,156.9267,437.16,105.5107,38.9419,-0.0252,A,relation-reasoning-agent-eval-v3.1
2026-08-08T17:20:00+09:00,CMP-S01-L03-01,S01,S01-L03,1,running,146.9963,377.4442,112.3053,46.7179,1.1403,B,relation-reasoning-agent-eval-v3.1
2026-08-08T17:20:00+09:00,CMP-S01-L04-01,S01,S01-L04,1,running,167.4288,495.861,108.539,38.2652,-0.2755,A,relation-reasoning-agent-eval-v3.1
2026-08-08T17:20:00+09:00,CMP-S01-L05-01,S01,S01-L05,1,running,176.233,394.7347,97.295,35.2093,-1.1728,B,relation-reasoning-agent-eval-v3.1
2026-08-08T17:30:00+09:00,CMP-S01-L01-01,S01,S01-L01,1,running,184.1035,435.2246,91.5036,32.5322,-1.3517,B,relation-reasoning-agent-eval-v3.1
2026-08-08T17:30:00+09:00,CMP-S01-L02-01,S01,S01-L02,1,running,155.2709,443.2053,106.3836,37.757,-0.2447,A,relation-reasoning-agent-eval-v3.1
2026-08-08T17:30:00+09:00,CMP-S01-L03-01,S01,S01-L03,1,running,145.9326,432.1826,107.1469,43.722,0.5855,A,relation-reasoning-agent-eval-v3.1
2026-08-08T17:30:00+09:00,CMP-S01-L04-01,S01,S01-L04,1,running,140.1754,431.3243,106.0887,42.8152,0.5671,A,relation-reasoning-agent-eval-v3.1
2026-08-08T17:30:00+09:00,CMP-S01-L05-01,S01,S01-L05,1,running,170.4272,435.5568,98.5882,29.9373,-2.1491,C,relation-reasoning-agent-eval-v3.1
2026-08-08T17:40:00+09:00,CMP-S01-L01-01,S01,S01-L01,1,running,180.7017,417.165,88.0717,28.5294,-2.0929,C,relation-reasoning-agent-eval-v3.1
2026-08-08T17:40:00+09:00,CMP-S01-L02-01,S01,S01-L02,1,running,175.5084,463.8996,108.8277,38.1415,-0.1735,A,relation-reasoning-agent-eval-v3.1
2026-08-08T17:40:00+09:00,CMP-S01-L03-01,S01,S01-L03,1,running,142.969,457.7194,108.8843,47.6589,1.3145,B,relation-reasoning-agent-eval-v3.1
2026-08-08T17:40:00+09:00,CMP-S01-L04-01,S01,S01-L04,1,running,150.3169,464.2363,108.74,38.7961,-0.1772,A,relation-reasoning-agent-eval-v3.1
2026-08-08T17:40:00+09:00,CMP-S01-L05-01,S01,S01-L05,1,running,184.4529,386.9444,109.3625,29.3829,-2.2518,C,relation-reasoning-agent-eval-v3.1
2026-08-08T17:50:00+09:00,CMP-S01-L01-01,S01,S01-L01,1,running,173.2893,407.9256,97.2006,30.4014,-1.7463,B,relation-reasoning-agent-eval-v3.1
2026-08-08T17:50:00+09:00,CMP-S01-L02-01,S01,S01-L02,1,running,176.7597,474.1901,108.4424,40.1051,0.1901,A,relation-reasoning-agent-eval-v3.1
2026-08-08T17:50:00+09:00,CMP-S01-L03-01,S01,S01-L03,1,running,159.9978,476.5292,109.9977,45.4718,0.9095,A,relation-reasoning-agent-eval-v3.1
2026-08-08T17:50:00+09:00,CMP-S01-L04-01,S01,S01-L04,1,running,156.1069,441.2464,108.2567,38.9787,-0.1434,A,relation-reasoning-agent-eval-v3.1
2026-08-08T17:50:00+09:00,CMP-S01-L05-01,S01,S01-L05,1,running,177.287,346.2908,107.7719,35.1518,-1.1835,B,relation-reasoning-agent-eval-v3.1
2026-08-08T18:00:00+09:00,CMP-S01-L01-01,S01,S01-L01,1,running,179.604,456.6393,99.7058,27.6138,-2.2625,C,relation-reasoning-agent-eval-v3.1
2026-08-08T18:00:00+09:00,CMP-S01-L02-01,S01,S01-L02,1,running,168.3447,434.525,102.3174,37.2025,-0.3474,A,relation-reasoning-agent-eval-v3.1
2026-08-08T18:00:00+09:00,CMP-S01-L03-01,S01,S01-L03,1,running,166.406,487.0234,104.4849,44.574,0.7433,A,relation-reasoning-agent-eval-v3.1
2026-08-08T18:00:00+09:00,CMP-S01-L04-01,S01,S01-L04,1,running,145.6724,426.0095,110.3007,36.4401,-0.6135,A,relation-reasoning-agent-eval-v3.1
2026-08-08T18:00:00+09:00,CMP-S01-L05-01,S01,S01-L05,1,running,168.7657,378.2432,99.6816,32.8734,-1.6054,B,relation-reasoning-agent-eval-v3.1
2026-08-08T18:10:00+09:00,CMP-S01-L01-01,S01,S01-L01,1,running,184.8311,459.858,97.0917,29.3221,-1.9461,B,relation-reasoning-agent-eval-v3.1
2026-08-08T18:10:00+09:00,CMP-S01-L02-01,S01,S01-L02,1,running,181.8032,426.2922,106.1565,36.5245,-0.4729,A,relation-reasoning-agent-eval-v3.1
2026-08-08T18:10:00+09:00,CMP-S01-L03-01,S01,S01-L03,1,running,169.4152,496.3152,104.1022,41.3059,0.1381,A,relation-reasoning-agent-eval-v3.1
2026-08-08T18:10:00+09:00,CMP-S01-L04-01,S01,S01-L04,1,running,144.2503,450.3631,111.493,34.5722,-0.9594,A,relation-reasoning-agent-eval-v3.1
2026-08-08T18:10:00+09:00,CMP-S01-L05-01,S01,S01-L05,1,running,191.6757,393.5225,94.7316,31.5918,-1.8427,B,relation-reasoning-agent-eval-v3.1
2026-08-08T18:20:00+09:00,CMP-S01-L01-01,S01,S01-L01,1,running,185.4078,404.3544,94.7228,33.6885,-1.1375,B,relation-reasoning-agent-eval-v3.1
2026-08-08T18:20:00+09:00,CMP-S01-L02-01,S01,S01-L02,1,running,184.5742,419.1219,111.3896,37.2899,-0.3312,A,relation-reasoning-agent-eval-v3.1
2026-08-08T18:20:00+09:00,CMP-S01-L03-01,S01,S01-L03,1,running,178.4725,521.6336,108.463,36.764,-0.703,A,relation-reasoning-agent-eval-v3.1
2026-08-08T18:20:00+09:00,CMP-S01-L04-01,S01,S01-L04,1,running,157.9779,451.7354,99.8997,34.1467,-1.0382,B,relation-reasoning-agent-eval-v3.1
2026-08-08T18:20:00+09:00,CMP-S01-L05-01,S01,S01-L05,1,running,168.4643,451.6795,95.4256,32.5341,-1.6682,B,relation-reasoning-agent-eval-v3.1
2026-08-08T18:30:00+09:00,CMP-S01-L01-01,S01,S01-L01,1,running,197.1504,425.4942,99.7882,33.5922,-1.1554,B,relation-reasoning-agent-eval-v3.1
2026-08-08T18:30:00+09:00,CMP-S01-L02-01,S01,S01-L02,1,running,168.8043,477.0909,106.2112,30.6105,-1.5681,B,relation-reasoning-agent-eval-v3.1
2026-08-08T18:30:00+09:00,CMP-S01-L03-01,S01,S01-L03,1,running,180.0701,525.7871,102.7673,36.0674,-0.8321,A,relation-reasoning-agent-eval-v3.1
2026-08-08T18:30:00+09:00,CMP-S01-L04-01,S01,S01-L04,1,running,163.0921,449.0636,101.1215,34.8704,-0.9042,A,relation-reasoning-agent-eval-v3.1
2026-08-08T18:30:00+09:00,CMP-S01-L05-01,S01,S01-L05,1,running,156.6885,399.9734,96.9527,32.3992,-1.6932,B,relation-reasoning-agent-eval-v3.1
2026-08-08T18:40:00+09:00,CMP-S01-L01-01,S01,S01-L01,1,running,186.4776,456.1747,103.0235,38.2187,-0.2986,A,relation-reasoning-agent-eval-v3.1
2026-08-08T18:40:00+09:00,CMP-S01-L02-01,S01,S01-L02,1,running,182.357,483.0689,108.5679,35.2208,-0.7143,A,relation-reasoning-agent-eval-v3.1
2026-08-08T18:40:00+09:00,CMP-S01-L03-01,S01,S01-L03,1,running,169.4371,513.0554,104.1156,39.4998,-0.1964,A,relation-reasoning-agent-eval-v3.1
2026-08-08T18:40:00+09:00,CMP-S01-L04-01,S01,S01-L04,1,running,181.7165,435.6003,95.0165,39.5475,-0.0381,A,relation-reasoning-agent-eval-v3.1
2026-08-08T18:40:00+09:00,CMP-S01-L05-01,S01,S01-L05,1,running,154.6814,453.4729,94.586,37.1326,-0.8167,A,relation-reasoning-agent-eval-v3.1
2026-08-08T18:50:00+09:00,CMP-S01-L01-01,S01,S01-L01,1,running,198.5488,434.0775,109.0555,37.0463,-0.5157,A,relation-reasoning-agent-eval-v3.1
2026-08-08T18:50:00+09:00,CMP-S01-L02-01,S01,S01-L02,1,running,174.5393,470.6485,107.4617,40.4495,0.2539,A,relation-reasoning-agent-eval-v3.1
2026-08-08T18:50:00+09:00,CMP-S01-L03-01,S01,S01-L03,1,running,172.7696,463.1533,109.9964,37.2222,-0.6182,A,relation-reasoning-agent-eval-v3.1
2026-08-08T18:50:00+09:00,CMP-S01-L04-01,S01,S01-L04,1,running,186.5772,448.0397,101.9924,38.6808,-0.1986,A,relation-reasoning-agent-eval-v3.1
2026-08-08T18:50:00+09:00,CMP-S01-L05-01,S01,S01-L05,1,running,153.7715,418.8253,91.4342,29.5967,-2.2122,C,relation-reasoning-agent-eval-v3.1
2026-08-08T19:00:00+09:00,CMP-S01-L01-01,S01,S01-L01,1,running,199.8428,430.391,106.0097,35.6671,-0.7711,A,relation-reasoning-agent-eval-v3.1
2026-08-08T19:00:00+09:00,CMP-S01-L02-01,S01,S01-L02,1,running,181.9297,476.7426,106.2727,38.5798,-0.0923,A,relation-reasoning-agent-eval-v3.1
2026-08-08T19:00:00+09:00,CMP-S01-L03-01,S01,S01-L03,1,running,180.5206,429.4987,110.4529,39.9549,-0.1121,A,relation-reasoning-agent-eval-v3.1
2026-08-08T19:00:00+09:00,CMP-S01-L04-01,S01,S01-L04,1,running,199.011,470.2549,98.8804,42.1961,0.4524,A,relation-reasoning-agent-eval-v3.1
2026-08-08T19:00:00+09:00,CMP-S01-L05-01,S01,S01-L05,1,running,139.756,411.0403,81.4725,35.1956,-1.1754,B,relation-reasoning-agent-eval-v3.1
2026-08-08T19:10:00+09:00,CMP-S01-L01-01,S01,S01-L01,1,running,192.5168,469.9292,96.8777,31.8527,-1.4775,B,relation-reasoning-agent-eval-v3.1
2026-08-08T19:10:00+09:00,CMP-S01-L02-01,S01,S01-L02,1,running,185.03,481.1238,106.6509,37.7381,-0.2482,A,relation-reasoning-agent-eval-v3.1
2026-08-08T19:10:00+09:00,CMP-S01-L03-01,S01,S01-L03,1,running,175.9087,406.5543,109.8423,39.2702,-0.2389,A,relation-reasoning-agent-eval-v3.1
2026-08-08T19:10:00+09:00,CMP-S01-L04-01,S01,S01-L04,1,running,186.0655,508.385,99.8068,42.0443,0.4243,A,relation-reasoning-agent-eval-v3.1
2026-08-08T19:10:00+09:00,CMP-S01-L05-01,S01,S01-L05,1,running,169.3617,425.9783,91.227,34.348,-1.3323,B,relation-reasoning-agent-eval-v3.1
2026-08-08T19:20:00+09:00,CMP-S01-L01-01,S01,S01-L01,1,running,203.5764,481.4191,101.577,27.1306,-2.352,C,relation-reasoning-agent-eval-v3.1
2026-08-08T19:20:00+09:00,CMP-S01-L02-01,S01,S01-L02,1,running,189.1328,495.9393,100.801,37.4714,-0.2976,A,relation-reasoning-agent-eval-v3.1
2026-08-08T19:20:00+09:00,CMP-S01-L03-01,S01,S01-L03,1,running,163.7572,411.1958,110.4451,44.1458,0.664,A,relation-reasoning-agent-eval-v3.1
2026-08-08T19:20:00+09:00,CMP-S01-L04-01,S01,S01-L04,1,running,178.3373,485.5822,102.3589,45.5085,1.0658,B,relation-reasoning-agent-eval-v3.1
2026-08-08T19:20:00+09:00,CMP-S01-L05-01,S01,S01-L05,1,running,171.4629,437.8971,88.7004,34.004,-1.396,B,relation-reasoning-agent-eval-v3.1
2026-08-08T19:30:00+09:00,CMP-S01-L01-01,S01,S01-L01,1,running,195.339,500.4986,105.7084,27.537,-2.2767,C,relation-reasoning-agent-eval-v3.1
2026-08-08T19:30:00+09:00,CMP-S01-L02-01,S01,S01-L02,1,running,200.7326,466.8131,101.853,33.7529,-0.9862,A,relation-reasoning-agent-eval-v3.1
2026-08-08T19:30:00+09:00,CMP-S01-L03-01,S01,S01-L03,1,running,185.0841,486.5226,119.2736,43.0271,0.4568,A,relation-reasoning-agent-eval-v3.1
2026-08-08T19:30:00+09:00,CMP-S01-L04-01,S01,S01-L04,1,running,183.0251,487.4304,105.056,46.033,1.1629,B,relation-reasoning-agent-eval-v3.1
2026-08-08T19:30:00+09:00,CMP-S01-L05-01,S01,S01-L05,1,running,181.6241,435.1106,84.9382,39.6383,-0.3527,A,relation-reasoning-agent-eval-v3.1
2026-08-08T19:40:00+09:00,CMP-S01-L01-01,S01,S01-L01,1,running,174.4888,507.766,105.502,33.7532,-1.1256,B,relation-reasoning-agent-eval-v3.1
2026-08-08T19:40:00+09:00,CMP-S01-L02-01,S01,S01-L02,1,running,195.5904,446.7247,105.5784,38.5506,-0.0977,A,relation-reasoning-agent-eval-v3.1
2026-08-08T19:40:00+09:00,CMP-S01-L03-01,S01,S01-L03,1,running,179.2072,492.2778,113.4932,37.9078,-0.4912,A,relation-reasoning-agent-eval-v3.1
2026-08-08T19:40:00+09:00,CMP-S01-L04-01,S01,S01-L04,1,running,183.8124,483.6141,101.5695,42.9227,0.587,A,relation-reasoning-agent-eval-v3.1
2026-08-08T19:40:00+09:00,CMP-S01-L05-01,S01,S01-L05,1,running,177.4708,425.2967,98.1731,38.714,-0.5238,A,relation-reasoning-agent-eval-v3.1
2026-08-08T19:50:00+09:00,CMP-S01-L01-01,S01,S01-L01,1,running,175.0303,487.2965,104.0758,36.1649,-0.679,A,relation-reasoning-agent-eval-v3.1
2026-08-08T19:50:00+09:00,CMP-S01-L02-01,S01,S01-L02,1,running,153.1526,429.6219,106.2642,42.4325,0.6212,A,relation-reasoning-agent-eval-v3.1
2026-08-08T19:50:00+09:00,CMP-S01-L03-01,S01,S01-L03,1,running,167.469,483.4195,113.5811,35.2531,-0.9828,A,relation-reasoning-agent-eval-v3.1
2026-08-08T19:50:00+09:00,CMP-S01-L04-01,S01,S01-L04,1,running,187.0093,444.2133,100.9086,42.7469,0.5544,A,relation-reasoning-agent-eval-v3.1
2026-08-08T19:50:00+09:00,CMP-S01-L05-01,S01,S01-L05,1,running,189.3908,390.5393,92.6322,41.2268,-0.0585,A,relation-reasoning-agent-eval-v3.1
2026-08-08T20:00:00+09:00,CMP-S01-L01-01,S01,S01-L01,1,running,182.9451,503.2859,100.6125,39.4322,-0.0739,A,relation-reasoning-agent-eval-v3.1
2026-08-08T20:00:00+09:00,CMP-S01-L02-01,S01,S01-L02,1,running,179.3443,454.7523,100.1457,41.2397,0.4003,A,relation-reasoning-agent-eval-v3.1
2026-08-08T20:00:00+09:00,CMP-S01-L03-01,S01,S01-L03,1,running,159.6285,486.3131,105.2352,39.7812,-0.1443,A,relation-reasoning-agent-eval-v3.1
2026-08-08T20:00:00+09:00,CMP-S01-L04-01,S01,S01-L04,1,running,202.1369,410.2955,104.3017,41.4571,0.3156,A,relation-reasoning-agent-eval-v3.1
2026-08-08T20:00:00+09:00,CMP-S01-L05-01,S01,S01-L05,1,running,188.9194,462.3007,89.0871,45.0307,0.6459,A,relation-reasoning-agent-eval-v3.1
2026-08-08T20:10:00+09:00,CMP-S01-L01-01,S01,S01-L01,1,running,179.5117,515.0877,101.6135,46.4325,1.2225,B,relation-reasoning-agent-eval-v3.1
2026-08-08T20:10:00+09:00,CMP-S01-L02-01,S01,S01-L02,1,running,182.6088,509.7835,104.2189,43.8163,0.8774,A,relation-reasoning-agent-eval-v3.1
2026-08-08T20:10:00+09:00,CMP-S01-L03-01,S01,S01-L03,1,running,159.1726,493.7186,100.305,41.7279,0.2162,A,relation-reasoning-agent-eval-v3.1
2026-08-08T20:10:00+09:00,CMP-S01-L04-01,S01,S01-L04,1,running,196.3994,375.7411,110.5951,43.6309,0.7181,A,relation-reasoning-agent-eval-v3.1
2026-08-08T20:10:00+09:00,CMP-S01-L05-01,S01,S01-L05,1,running,169.899,507.3667,88.7931,37.869,-0.6803,A,relation-reasoning-agent-eval-v3.1
2026-08-08T20:20:00+09:00,CMP-S01-L01-01,S01,S01-L01,1,running,169.5528,483.3953,92.3487,43.2472,0.6326,A,relation-reasoning-agent-eval-v3.1
2026-08-08T20:20:00+09:00,CMP-S01-L02-01,S01,S01-L02,1,running,193.6959,529.0677,100.3695,41.1939,0.3918,A,relation-reasoning-agent-eval-v3.1
2026-08-08T20:20:00+09:00,CMP-S01-L03-01,S01,S01-L03,1,running,160.3337,446.2177,102.4214,41.6737,0.2062,A,relation-reasoning-agent-eval-v3.1
2026-08-08T20:20:00+09:00,CMP-S01-L04-01,S01,S01-L04,1,running,182.443,382.1298,105.7046,35.8352,-0.7255,A,relation-reasoning-agent-eval-v3.1
2026-08-08T20:20:00+09:00,CMP-S01-L05-01,S01,S01-L05,1,running,161.8017,489.1966,87.2943,47.2049,1.0486,B,relation-reasoning-agent-eval-v3.1
2026-08-08T20:30:00+09:00,CMP-S01-L01-01,S01,S01-L01,1,running,164.4982,489.3495,93.8507,38.7164,-0.2065,A,relation-reasoning-agent-eval-v3.1
2026-08-08T20:30:00+09:00,CMP-S01-L02-01,S01,S01-L02,1,running,188.3868,512.2222,99.9947,41.7646,0.4975,A,relation-reasoning-agent-eval-v3.1
2026-08-08T20:30:00+09:00,CMP-S01-L03-01,S01,S01-L03,1,running,147.6256,417.9601,108.2032,44.3824,0.7078,A,relation-reasoning-agent-eval-v3.1
2026-08-08T20:30:00+09:00,CMP-S01-L04-01,S01,S01-L04,1,running,182.9346,442.822,104.2942,43.5429,0.7018,A,relation-reasoning-agent-eval-v3.1
2026-08-08T20:30:00+09:00,CMP-S01-L05-01,S01,S01-L05,1,running,185.6486,436.9304,90.6566,45.4846,0.73,A,relation-reasoning-agent-eval-v3.1
2026-08-08T20:40:00+09:00,CMP-S01-L01-01,S01,S01-L01,1,running,160.6296,528.1834,94.5562,34.6788,-0.9542,A,relation-reasoning-agent-eval-v3.1
2026-08-08T20:40:00+09:00,CMP-S01-L02-01,S01,S01-L02,1,running,173.4856,468.0807,102.1498,40.8108,0.3208,A,relation-reasoning-agent-eval-v3.1
2026-08-08T20:40:00+09:00,CMP-S01-L03-01,S01,S01-L03,1,running,148.9091,384.9483,105.6264,40.3063,-0.0471,A,relation-reasoning-agent-eval-v3.1
2026-08-08T20:40:00+09:00,CMP-S01-L04-01,S01,S01-L04,1,running,154.6763,472.1036,102.048,42.5007,0.5088,A,relation-reasoning-agent-eval-v3.1
2026-08-08T20:40:00+09:00,CMP-S01-L05-01,S01,S01-L05,1,running,179.4223,430.5472,90.754,44.5843,0.5633,A,relation-reasoning-agent-eval-v3.1
2026-08-08T20:50:00+09:00,CMP-S01-L01-01,S01,S01-L01,1,running,188.5555,490.4743,91.3489,39.8025,-0.0053,A,relation-reasoning-agent-eval-v3.1
2026-08-08T20:50:00+09:00,CMP-S01-L02-01,S01,S01-L02,1,running,185.9729,452.1956,98.065,40.8371,0.3257,A,relation-reasoning-agent-eval-v3.1
2026-08-08T20:50:00+09:00,CMP-S01-L03-01,S01,S01-L03,1,running,134.7719,462.2113,109.8003,42.5104,0.3611,A,relation-reasoning-agent-eval-v3.1
2026-08-08T20:50:00+09:00,CMP-S01-L04-01,S01,S01-L04,1,running,159.5328,515.0362,100.1408,33.0763,-1.2364,B,relation-reasoning-agent-eval-v3.1
2026-08-08T20:50:00+09:00,CMP-S01-L05-01,S01,S01-L05,1,running,174.8004,446.501,85.0487,41.2348,-0.057,A,relation-reasoning-agent-eval-v3.1
2026-08-08T21:00:00+09:00,CMP-S01-L01-01,S01,S01-L01,1,running,190.0668,471.1661,90.627,40.0885,0.0476,A,relation-reasoning-agent-eval-v3.1
2026-08-08T21:00:00+09:00,CMP-S01-L02-01,S01,S01-L02,1,running,180.3421,427.3791,101.0525,34.794,-0.7934,A,relation-reasoning-agent-eval-v3.1
2026-08-08T21:00:00+09:00,CMP-S01-L03-01,S01,S01-L03,1,running,133.4368,464.0765,113.3941,40.3231,-0.044,A,relation-reasoning-agent-eval-v3.1
2026-08-08T21:00:00+09:00,CMP-S01-L04-01,S01,S01-L04,1,running,153.4828,496.4059,104.3854,39.1653,-0.1089,A,relation-reasoning-agent-eval-v3.1
2026-08-08T21:00:00+09:00,CMP-S01-L05-01,S01,S01-L05,1,running,158.2211,421.3258,90.1616,41.1598,-0.0709,A,relation-reasoning-agent-eval-v3.1
2026-08-08T21:10:00+09:00,CMP-S01-L01-01,S01,S01-L01,1,running,200.8994,423.4067,99.7877,40.9889,0.2144,A,relation-reasoning-agent-eval-v3.1
2026-08-08T21:10:00+09:00,CMP-S01-L02-01,S01,S01-L02,1,running,179.1995,402.2269,98.1011,31.7012,-1.3661,B,relation-reasoning-agent-eval-v3.1
2026-08-08T21:10:00+09:00,CMP-S01-L03-01,S01,S01-L03,1,running,148.9306,448.0953,115.0844,34.0053,-1.2139,B,relation-reasoning-agent-eval-v3.1
2026-08-08T21:10:00+09:00,CMP-S01-L04-01,S01,S01-L04,1,running,158.3529,474.8211,103.2699,35.0557,-0.8699,A,relation-reasoning-agent-eval-v3.1
2026-08-08T21:10:00+09:00,CMP-S01-L05-01,S01,S01-L05,1,running,180.7021,423.5566,88.3309,37.2509,-0.7948,A,relation-reasoning-agent-eval-v3.1
2026-08-08T21:20:00+09:00,CMP-S01-L01-01,S01,S01-L01,1,running,192.7574,440.1639,106.6666,39.9819,0.0279,A,relation-reasoning-agent-eval-v3.1
2026-08-08T21:20:00+09:00,CMP-S01-L02-01,S01,S01-L02,1,running,179.7638,408.225,94.2211,33.9756,-0.9449,A,relation-reasoning-agent-eval-v3.1
2026-08-08T21:20:00+09:00,CMP-S01-L03-01,S01,S01-L03,1,running,162.9064,445.3672,109.9251,32.5538,-1.4827,B,relation-reasoning-agent-eval-v3.1
2026-08-08T21:20:00+09:00,CMP-S01-L04-01,S01,S01-L04,1,running,168.2592,481.3831,108.0997,33.5925,-1.1409,B,relation-reasoning-agent-eval-v3.1
2026-08-08T21:20:00+09:00,CMP-S01-L05-01,S01,S01-L05,1,running,156.0044,471.9655,88.3709,39.3326,-0.4093,A,relation-reasoning-agent-eval-v3.1
2026-08-08T21:30:00+09:00,CMP-S01-L01-01,S01,S01-L01,1,running,190.8127,466.4511,106.3554,40.9224,0.2021,A,relation-reasoning-agent-eval-v3.1
2026-08-08T21:30:00+09:00,CMP-S01-L02-01,S01,S01-L02,1,running,162.8964,414.8285,95.6076,35.72,-0.6219,A,relation-reasoning-agent-eval-v3.1
2026-08-08T21:30:00+09:00,CMP-S01-L03-01,S01,S01-L03,1,running,156.2984,473.8773,103.0224,28.4891,-2.2354,C,relation-reasoning-agent-eval-v3.1
2026-08-08T21:30:00+09:00,CMP-S01-L04-01,S01,S01-L04,1,running,181.0207,458.6679,112.3214,34.4055,-0.9903,A,relation-reasoning-agent-eval-v3.1
2026-08-08T21:30:00+09:00,CMP-S01-L05-01,S01,S01-L05,1,running,158.7041,477.3123,94.9449,45.9809,0.8219,A,relation-reasoning-agent-eval-v3.1
2026-08-08T21:40:00+09:00,CMP-S01-L01-01,S01,S01-L01,1,running,176.9536,443.9995,103.8282,43.7793,0.7311,A,relation-reasoning-agent-eval-v3.1
2026-08-08T21:40:00+09:00,CMP-S01-L02-01,S01,S01-L02,1,running,167.8581,479.6952,101.3256,36.756,-0.43,A,relation-reasoning-agent-eval-v3.1
2026-08-08T21:40:00+09:00,CMP-S01-L03-01,S01,S01-L03,1,running,163.4922,467.9641,102.1124,36.5201,-0.7482,A,relation-reasoning-agent-eval-v3.1
2026-08-08T21:40:00+09:00,CMP-S01-L04-01,S01,S01-L04,1,running,177.638,415.7973,102.8126,32.2997,-1.3803,B,relation-reasoning-agent-eval-v3.1
2026-08-08T21:40:00+09:00,CMP-S01-L05-01,S01,S01-L05,1,running,153.8785,488.1293,90.2768,49.689,1.5086,B,relation-reasoning-agent-eval-v3.1
2026-08-08T21:50:00+09:00,CMP-S01-L01-01,S01,S01-L01,1,running,164.5866,417.6431,93.8788,40.8144,0.1821,A,relation-reasoning-agent-eval-v3.1
2026-08-08T21:50:00+09:00,CMP-S01-L02-01,S01,S01-L02,1,running,173.3208,488.4855,103.2054,39.7948,0.1327,A,relation-reasoning-agent-eval-v3.1
2026-08-08T21:50:00+09:00,CMP-S01-L03-01,S01,S01-L03,1,running,157.852,462.1678,101.4352,37.2303,-0.6167,A,relation-reasoning-agent-eval-v3.1
2026-08-08T21:50:00+09:00,CMP-S01-L04-01,S01,S01-L04,1,running,193.1751,428.7746,101.5996,29.0995,-1.9729,B,relation-reasoning-agent-eval-v3.1
2026-08-08T21:50:00+09:00,CMP-S01-L05-01,S01,S01-L05,1,running,173.7443,499.4446,93.1322,48.2436,1.2409,B,relation-reasoning-agent-eval-v3.1
2026-08-08T22:00:00+09:00,CMP-S01-L01-01,S01,S01-L01,1,running,179.367,438.8193,92.7559,49.2592,1.7459,B,relation-reasoning-agent-eval-v3.1
2026-08-08T22:00:00+09:00,CMP-S01-L02-01,S01,S01-L02,1,running,172.6974,446.4169,98.4537,34.6917,-0.8123,A,relation-reasoning-agent-eval-v3.1
2026-08-08T22:00:00+09:00,CMP-S01-L03-01,S01,S01-L03,1,running,161.2756,478.679,100.1919,38.01,-0.4723,A,relation-reasoning-agent-eval-v3.1
2026-08-08T22:00:00+09:00,CMP-S01-L04-01,S01,S01-L04,1,running,183.6016,464.9578,104.9758,42.6469,0.5359,A,relation-reasoning-agent-eval-v3.1
2026-08-08T22:00:00+09:00,CMP-S01-L05-01,S01,S01-L05,1,running,180.4762,519.4262,84.2588,45.4916,0.7313,A,relation-reasoning-agent-eval-v3.1
2026-08-08T22:10:00+09:00,CMP-S01-L01-01,S01,S01-L01,1,running,159.9797,444.8423,99.2651,45.132,0.9816,A,relation-reasoning-agent-eval-v3.1
2026-08-08T22:10:00+09:00,CMP-S01-L02-01,S01,S01-L02,1,running,161.2391,424.8674,102.1395,30.7333,-1.5454,B,relation-reasoning-agent-eval-v3.1
2026-08-08T22:10:00+09:00,CMP-S01-L03-01,S01,S01-L03,1,running,160.3558,444.3347,106.4838,34.9719,-1.0349,B,relation-reasoning-agent-eval-v3.1
2026-08-08T22:10:00+09:00,CMP-S01-L04-01,S01,S01-L04,1,running,183.4484,507.5564,100.8476,44.054,0.7965,A,relation-reasoning-agent-eval-v3.1
2026-08-08T22:10:00+09:00,CMP-S01-L05-01,S01,S01-L05,1,running,188.8729,510.5221,87.1147,50.2425,1.6111,B,relation-reasoning-agent-eval-v3.1
2026-08-08T22:20:00+09:00,CMP-S01-L01-01,S01,S01-L01,1,running,164.7896,453.8838,99.3148,44.6072,0.8844,A,relation-reasoning-agent-eval-v3.1
2026-08-08T22:20:00+09:00,CMP-S01-L02-01,S01,S01-L02,1,running,189.6682,392.1126,99.2091,35.4229,-0.6769,A,relation-reasoning-agent-eval-v3.1
2026-08-08T22:20:00+09:00,CMP-S01-L03-01,S01,S01-L03,1,running,172.6533,452.5184,104.4898,34.7854,-1.0695,B,relation-reasoning-agent-eval-v3.1
2026-08-08T22:20:00+09:00,CMP-S01-L04-01,S01,S01-L04,1,running,182.2197,531.8912,96.86,43.2277,0.6435,A,relation-reasoning-agent-eval-v3.1
2026-08-08T22:20:00+09:00,CMP-S01-L05-01,S01,S01-L05,1,running,164.6156,557.1511,89.6179,42.0178,0.088,A,relation-reasoning-agent-eval-v3.1
2026-08-08T22:30:00+09:00,CMP-S01-L01-01,S01,S01-L01,1,running,171.2337,470.6915,103.0788,44.5006,0.8647,A,relation-reasoning-agent-eval-v3.1
2026-08-08T22:30:00+09:00,CMP-S01-L02-01,S01,S01-L02,1,running,200.7745,370.4212,100.2252,30.5997,-1.5701,B,relation-reasoning-agent-eval-v3.1
2026-08-08T22:30:00+09:00,CMP-S01-L03-01,S01,S01-L03,1,running,171.2984,470.3832,107.4355,45.1383,0.8478,A,relation-reasoning-agent-eval-v3.1
2026-08-08T22:30:00+09:00,CMP-S01-L04-01,S01,S01-L04,1,running,189.4017,548.7119,101.5324,45.5592,1.0752,B,relation-reasoning-agent-eval-v3.1
2026-08-08T22:30:00+09:00,CMP-S01-L05-01,S01,S01-L05,1,running,169.6352,493.1264,91.0776,45.3635,0.7076,A,relation-reasoning-agent-eval-v3.1
2026-08-08T22:40:00+09:00,CMP-S01-L01-01,S01,S01-L01,1,running,190.2362,467.8106,104.2987,45.7255,1.0915,B,relation-reasoning-agent-eval-v3.1
2026-08-08T22:40:00+09:00,CMP-S01-L02-01,S01,S01-L02,1,running,203.2372,404.6221,97.5684,34.9434,-0.7657,A,relation-reasoning-agent-eval-v3.1
2026-08-08T22:40:00+09:00,CMP-S01-L03-01,S01,S01-L03,1,running,165.1793,457.2265,102.7915,41.4635,0.1672,A,relation-reasoning-agent-eval-v3.1
2026-08-08T22:40:00+09:00,CMP-S01-L04-01,S01,S01-L04,1,running,195.7649,533.983,109.6327,42.2591,0.4641,A,relation-reasoning-agent-eval-v3.1
2026-08-08T22:40:00+09:00,CMP-S01-L05-01,S01,S01-L05,1,running,155.6388,440.7857,90.8182,50.3721,1.6351,B,relation-reasoning-agent-eval-v3.1
2026-08-08T22:50:00+09:00,CMP-S01-L01-01,S01,S01-L01,1,running,163.9595,507.8484,101.4306,43.6636,0.7097,A,relation-reasoning-agent-eval-v3.1
2026-08-08T22:50:00+09:00,CMP-S01-L02-01,S01,S01-L02,1,running,194.4498,411.704,98.5538,41.0784,0.3704,A,relation-reasoning-agent-eval-v3.1
2026-08-08T22:50:00+09:00,CMP-S01-L03-01,S01,S01-L03,1,running,157.1887,452.5568,99.6016,42.7842,0.4118,A,relation-reasoning-agent-eval-v3.1
2026-08-08T22:50:00+09:00,CMP-S01-L04-01,S01,S01-L04,1,running,180.5902,507.8828,113.3194,42.5195,0.5123,A,relation-reasoning-agent-eval-v3.1
2026-08-08T22:50:00+09:00,CMP-S01-L05-01,S01,S01-L05,1,running,149.3803,499.6778,95.646,52.5101,2.031,C,relation-reasoning-agent-eval-v3.1
2026-08-08T23:00:00+09:00,CMP-S01-L01-01,S01,S01-L01,1,running,177.1642,472.4091,105.4747,41.8011,0.3648,A,relation-reasoning-agent-eval-v3.1
2026-08-08T23:00:00+09:00,CMP-S01-L02-01,S01,S01-L02,1,running,198.353,438.011,97.2405,31.9101,-1.3275,B,relation-reasoning-agent-eval-v3.1
2026-08-08T23:00:00+09:00,CMP-S01-L03-01,S01,S01-L03,1,running,163.1876,474.644,100.7291,36.5505,-0.7426,A,relation-reasoning-agent-eval-v3.1
2026-08-08T23:00:00+09:00,CMP-S01-L04-01,S01,S01-L04,1,running,173.5051,509.9119,114.52,42.8066,0.5655,A,relation-reasoning-agent-eval-v3.1
2026-08-08T23:00:00+09:00,CMP-S01-L05-01,S01,S01-L05,1,running,139.2495,473.1295,86.4294,48.1058,1.2154,B,relation-reasoning-agent-eval-v3.1
2026-08-08T23:10:00+09:00,CMP-S01-L01-01,S01,S01-L01,1,running,182.0719,472.6661,98.9522,37.3031,-0.4682,A,relation-reasoning-agent-eval-v3.1
2026-08-08T23:10:00+09:00,CMP-S01-L02-01,S01,S01-L02,1,running,193.0926,416.109,99.2821,38.8838,-0.036,A,relation-reasoning-agent-eval-v3.1
2026-08-08T23:10:00+09:00,CMP-S01-L03-01,S01,S01-L03,1,running,168.8129,487.3152,103.3063,29.6527,-2.02,C,relation-reasoning-agent-eval-v3.1
2026-08-08T23:10:00+09:00,CMP-S01-L04-01,S01,S01-L04,1,running,194.3811,519.3156,116.9274,41.3794,0.3012,A,relation-reasoning-agent-eval-v3.1
2026-08-08T23:10:00+09:00,CMP-S01-L05-01,S01,S01-L05,1,running,156.6811,487.8303,89.3693,43.6735,0.3946,A,relation-reasoning-agent-eval-v3.1
2026-08-08T23:20:00+09:00,CMP-S01-L01-01,S01,S01-L01,1,running,175.1542,471.2322,96.518,33.2905,-1.2112,B,relation-reasoning-agent-eval-v3.1
2026-08-08T23:20:00+09:00,CMP-S01-L02-01,S01,S01-L02,1,running,179.2579,419.4064,101.7491,40.1709,0.2023,A,relation-reasoning-agent-eval-v3.1
2026-08-08T23:20:00+09:00,CMP-S01-L03-01,S01,S01-L03,1,running,164.6137,512.0725,96.5369,32.7946,-1.4381,B,relation-reasoning-agent-eval-v3.1
2026-08-08T23:20:00+09:00,CMP-S01-L04-01,S01,S01-L04,1,running,186.5607,534.8227,109.6035,36.7716,-0.5521,A,relation-reasoning-agent-eval-v3.1
2026-08-08T23:20:00+09:00,CMP-S01-L05-01,S01,S01-L05,1,running,162.7995,394.7064,84.0413,37.4651,-0.7551,A,relation-reasoning-agent-eval-v3.1
2026-08-08T23:30:00+09:00,CMP-S01-L01-01,S01,S01-L01,1,running,173.0299,444.3055,102.4701,39.0811,-0.1389,A,relation-reasoning-agent-eval-v3.1
2026-08-08T23:30:00+09:00,CMP-S01-L02-01,S01,S01-L02,1,running,182.7674,422.6826,97.4178,44.3832,0.9824,A,relation-reasoning-agent-eval-v3.1
2026-08-08T23:30:00+09:00,CMP-S01-L03-01,S01,S01-L03,1,running,158.7993,488.8905,96.1605,27.2199,-2.4705,C,relation-reasoning-agent-eval-v3.1
2026-08-08T23:30:00+09:00,CMP-S01-L04-01,S01,S01-L04,1,running,201.6073,486.2201,108.9572,37.1713,-0.4781,A,relation-reasoning-agent-eval-v3.1
2026-08-08T23:30:00+09:00,CMP-S01-L05-01,S01,S01-L05,1,running,140.6702,372.8894,94.6952,32.8169,-1.6159,B,relation-reasoning-agent-eval-v3.1
2026-08-08T23:40:00+09:00,CMP-S01-L01-01,S01,S01-L01,1,running,164.8059,456.1521,97.6321,41.1209,0.2388,A,relation-reasoning-agent-eval-v3.1
2026-08-08T23:40:00+09:00,CMP-S01-L02-01,S01,S01-L02,1,running,171.9428,430.4646,94.2189,44.9346,1.0845,B,relation-reasoning-agent-eval-v3.1
2026-08-08T23:40:00+09:00,CMP-S01-L03-01,S01,S01-L03,1,running,169.3071,454.9291,94.1559,28.0708,-2.3129,C,relation-reasoning-agent-eval-v3.1
2026-08-08T23:40:00+09:00,CMP-S01-L04-01,S01,S01-L04,1,running,187.0547,461.0994,111.5823,38.109,-0.3045,A,relation-reasoning-agent-eval-v3.1
2026-08-08T23:40:00+09:00,CMP-S01-L05-01,S01,S01-L05,1,running,156.3959,378.2655,93.5916,33.9474,-1.4065,B,relation-reasoning-agent-eval-v3.1
2026-08-08T23:50:00+09:00,CMP-S01-L01-01,S01,S01-L01,1,running,172.3357,467.0649,103.1734,36.3119,-0.6517,A,relation-reasoning-agent-eval-v3.1
2026-08-08T23:50:00+09:00,CMP-S01-L02-01,S01,S01-L02,1,running,161.1074,471.3977,96.708,45.3111,1.1542,B,relation-reasoning-agent-eval-v3.1
2026-08-08T23:50:00+09:00,CMP-S01-L03-01,S01,S01-L03,1,running,161.6733,454.9744,102.8742,32.5407,-1.4851,B,relation-reasoning-agent-eval-v3.1
2026-08-08T23:50:00+09:00,CMP-S01-L04-01,S01,S01-L04,1,running,176.7307,497.8913,103.5171,39.166,-0.1087,A,relation-reasoning-agent-eval-v3.1
2026-08-08T23:50:00+09:00,CMP-S01-L05-01,S01,S01-L05,1,running,168.6153,403.6026,97.5126,37.1924,-0.8056,A,relation-reasoning-agent-eval-v3.1
2026-08-09T00:00:00+09:00,CMP-S01-L01-01,S01,S01-L01,1,running,177.1234,476.3886,108.5442,37.3885,-0.4523,A,relation-reasoning-agent-eval-v3.1
2026-08-09T00:00:00+09:00,CMP-S01-L02-01,S01,S01-L02,1,running,177.3373,523.0459,101.1867,39.6921,0.1137,A,relation-reasoning-agent-eval-v3.1
2026-08-09T00:00:00+09:00,CMP-S01-L03-01,S01,S01-L03,1,running,173.9345,479.4413,93.0729,33.0539,-1.3901,B,relation-reasoning-agent-eval-v3.1
2026-08-09T00:00:00+09:00,CMP-S01-L04-01,S01,S01-L04,1,running,165.2744,492.7349,107.9428,36.133,-0.6704,A,relation-reasoning-agent-eval-v3.1
2026-08-09T00:00:00+09:00,CMP-S01-L05-01,S01,S01-L05,1,running,185.9037,373.6643,97.0485,41.3304,-0.0393,A,relation-reasoning-agent-eval-v3.1
2026-08-09T00:10:00+09:00,CMP-S01-L01-01,S01,S01-L01,1,running,190.3461,466.9539,101.6297,44.4737,0.8597,A,relation-reasoning-agent-eval-v3.1
2026-08-09T00:10:00+09:00,CMP-S01-L02-01,S01,S01-L02,1,running,184.0793,499.8938,99.6427,39.9924,0.1693,A,relation-reasoning-agent-eval-v3.1
2026-08-09T00:10:00+09:00,CMP-S01-L03-01,S01,S01-L03,1,running,175.7984,417.4712,102.0923,27.5576,-2.4079,C,relation-reasoning-agent-eval-v3.1
2026-08-09T00:10:00+09:00,CMP-S01-L04-01,S01,S01-L04,1,running,160.5277,507.7183,106.1568,35.7797,-0.7358,A,relation-reasoning-agent-eval-v3.1
2026-08-09T00:10:00+09:00,CMP-S01-L05-01,S01,S01-L05,1,running,168.3346,410.8001,95.7149,44.6266,0.5711,A,relation-reasoning-agent-eval-v3.1
2026-08-09T00:20:00+09:00,CMP-S01-L01-01,S01,S01-L01,1,running,190.016,433.9025,100.0779,47.224,1.369,B,relation-reasoning-agent-eval-v3.1
2026-08-09T00:20:00+09:00,CMP-S01-L02-01,S01,S01-L02,1,running,170.7207,503.9519,101.404,41.3273,0.4165,A,relation-reasoning-agent-eval-v3.1
2026-08-09T00:20:00+09:00,CMP-S01-L03-01,S01,S01-L03,1,running,165.0845,436.9955,108.7913,30.9065,-1.7878,B,relation-reasoning-agent-eval-v3.1
2026-08-09T00:20:00+09:00,CMP-S01-L04-01,S01,S01-L04,1,running,151.8385,519.6211,111.534,39.5066,-0.0456,A,relation-reasoning-agent-eval-v3.1
2026-08-09T00:20:00+09:00,CMP-S01-L05-01,S01,S01-L05,1,running,167.7885,448.0593,97.6629,47.1844,1.0448,B,relation-reasoning-agent-eval-v3.1
2026-08-09T00:30:00+09:00,CMP-S01-L01-01,S01,S01-L01,1,running,188.9025,442.0355,99.1479,44.6641,0.895,A,relation-reasoning-agent-eval-v3.1
2026-08-09T00:30:00+09:00,CMP-S01-L02-01,S01,S01-L02,1,running,178.5555,463.2381,104.9944,40.9767,0.3516,A,relation-reasoning-agent-eval-v3.1
2026-08-09T00:30:00+09:00,CMP-S01-L03-01,S01,S01-L03,1,running,155.8971,449.0207,110.9116,35.6356,-0.912,A,relation-reasoning-agent-eval-v3.1
2026-08-09T00:30:00+09:00,CMP-S01-L04-01,S01,S01-L04,1,running,174.5209,468.1315,103.7674,42.7734,0.5593,A,relation-reasoning-agent-eval-v3.1
2026-08-09T00:30:00+09:00,CMP-S01-L05-01,S01,S01-L05,1,running,161.6564,427.6776,100.4343,47.137,1.036,B,relation-reasoning-agent-eval-v3.1
2026-08-09T00:40:00+09:00,CMP-S01-L01-01,S01,S01-L01,1,running,173.1888,438.9763,100.3003,46.3936,1.2153,B,relation-reasoning-agent-eval-v3.1
2026-08-09T00:40:00+09:00,CMP-S01-L02-01,S01,S01-L02,1,running,186.8899,513.0439,101.3769,43.0757,0.7403,A,relation-reasoning-agent-eval-v3.1
2026-08-09T00:40:00+09:00,CMP-S01-L03-01,S01,S01-L03,1,running,158.878,420.1636,113.2612,34.9432,-1.0402,B,relation-reasoning-agent-eval-v3.1
2026-08-09T00:40:00+09:00,CMP-S01-L04-01,S01,S01-L04,1,running,173.6198,498.8433,102.2672,44.9388,0.9603,A,relation-reasoning-agent-eval-v3.1
2026-08-09T00:40:00+09:00,CMP-S01-L05-01,S01,S01-L05,1,running,157.7114,447.2402,102.3574,43.0036,0.2705,A,relation-reasoning-agent-eval-v3.1
2026-08-09T00:50:00+09:00,CMP-S01-L01-01,S01,S01-L01,1,running,168.5495,439.7946,102.8144,41.7368,0.3529,A,relation-reasoning-agent-eval-v3.1
2026-08-09T00:50:00+09:00,CMP-S01-L02-01,S01,S01-L02,1,running,181.6992,483.8017,102.547,45.8993,1.2632,B,relation-reasoning-agent-eval-v3.1
2026-08-09T00:50:00+09:00,CMP-S01-L03-01,S01,S01-L03,1,running,162.43,404.096,108.6017,29.7234,-2.0069,C,relation-reasoning-agent-eval-v3.1
2026-08-09T00:50:00+09:00,CMP-S01-L04-01,S01,S01-L04,1,running,167.9443,468.8635,106.9908,38.9425,-0.1501,A,relation-reasoning-agent-eval-v3.1
2026-08-09T00:50:00+09:00,CMP-S01-L05-01,S01,S01-L05,1,running,158.5695,484.5562,103.2971,44.1064,0.4748,A,relation-reasoning-agent-eval-v3.1
2026-08-09T01:00:00+09:00,CMP-S01-L01-01,S01,S01-L01,1,running,176.8124,446.5189,102.3809,39.0669,-0.1415,A,relation-reasoning-agent-eval-v3.1
2026-08-09T01:00:00+09:00,CMP-S01-L02-01,S01,S01-L02,1,running,190.2234,444.8251,103.5971,48.3738,1.7214,B,relation-reasoning-agent-eval-v3.1
2026-08-09T01:00:00+09:00,CMP-S01-L03-01,S01,S01-L03,1,running,175.9865,426.9083,104.8429,27.9931,-2.3273,C,relation-reasoning-agent-eval-v3.1
2026-08-09T01:00:00+09:00,CMP-S01-L04-01,S01,S01-L04,1,running,178.3058,513.4363,108.4385,40.4638,0.1316,A,relation-reasoning-agent-eval-v3.1
2026-08-09T01:00:00+09:00,CMP-S01-L05-01,S01,S01-L05,1,running,168.7514,460.2509,101.7827,41.0178,-0.0972,A,relation-reasoning-agent-eval-v3.1
2026-08-09T01:10:00+09:00,CMP-S01-L01-01,S01,S01-L01,1,running,178.3002,400.5297,97.8493,34.1821,-1.0461,B,relation-reasoning-agent-eval-v3.1
2026-08-09T01:10:00+09:00,CMP-S01-L02-01,S01,S01-L02,1,running,193.1371,456.7279,113.3804,37.7076,-0.2538,A,relation-reasoning-agent-eval-v3.1
2026-08-09T01:10:00+09:00,CMP-S01-L03-01,S01,S01-L03,1,running,173.7519,435.5836,113.6198,37.4293,-0.5799,A,relation-reasoning-agent-eval-v3.1
2026-08-09T01:10:00+09:00,CMP-S01-L04-01,S01,S01-L04,1,running,151.9027,444.3847,113.869,37.9021,-0.3428,A,relation-reasoning-agent-eval-v3.1
2026-08-09T01:10:00+09:00,CMP-S01-L05-01,S01,S01-L05,1,running,170.1725,486.4381,103.0978,35.8351,-1.0569,B,relation-reasoning-agent-eval-v3.1
2026-08-09T01:20:00+09:00,CMP-S01-L01-01,S01,S01-L01,1,running,176.8722,484.0307,98.5827,32.8355,-1.2955,B,relation-reasoning-agent-eval-v3.1
2026-08-09T01:20:00+09:00,CMP-S01-L02-01,S01,S01-L02,1,running,187.991,482.3921,110.7328,43.1459,0.7533,A,relation-reasoning-agent-eval-v3.1
2026-08-09T01:20:00+09:00,CMP-S01-L03-01,S01,S01-L03,1,running,168.4121,437.7256,106.4099,35.7996,-0.8816,A,relation-reasoning-agent-eval-v3.1
2026-08-09T01:20:00+09:00,CMP-S01-L04-01,S01,S01-L04,1,running,150.6525,471.5733,106.0002,44.2922,0.8406,A,relation-reasoning-agent-eval-v3.1
2026-08-09T01:20:00+09:00,CMP-S01-L05-01,S01,S01-L05,1,running,180.5396,478.6583,108.0473,40.1368,-0.2603,A,relation-reasoning-agent-eval-v3.1
2026-08-09T01:30:00+09:00,CMP-S01-L01-01,S01,S01-L01,1,running,184.083,447.8121,93.4913,34.8739,-0.918,A,relation-reasoning-agent-eval-v3.1
2026-08-09T01:30:00+09:00,CMP-S01-L02-01,S01,S01-L02,1,running,165.4753,481.4975,105.9481,42.2089,0.5798,A,relation-reasoning-agent-eval-v3.1
2026-08-09T01:30:00+09:00,CMP-S01-L03-01,S01,S01-L03,1,running,161.1463,449.673,102.335,40.693,0.0245,A,relation-reasoning-agent-eval-v3.1
2026-08-09T01:30:00+09:00,CMP-S01-L04-01,S01,S01-L04,1,running,156.6628,500.8267,108.343,48.4484,1.6103,B,relation-reasoning-agent-eval-v3.1
2026-08-09T01:30:00+09:00,CMP-S01-L05-01,S01,S01-L05,1,running,169.692,472.8822,98.627,44.2332,0.4983,A,relation-reasoning-agent-eval-v3.1
2026-08-09T01:40:00+09:00,CMP-S01-L01-01,S01,S01-L01,1,running,170.7001,417.4142,90.3825,30.3573,-1.7544,B,relation-reasoning-agent-eval-v3.1
2026-08-09T01:40:00+09:00,CMP-S01-L02-01,S01,S01-L02,1,running,161.4501,449.3698,114.3055,41.4175,0.4332,A,relation-reasoning-agent-eval-v3.1
2026-08-09T01:40:00+09:00,CMP-S01-L03-01,S01,S01-L03,1,running,180.6281,461.0743,98.8933,35.0636,-1.0179,B,relation-reasoning-agent-eval-v3.1
2026-08-09T01:40:00+09:00,CMP-S01-L04-01,S01,S01-L04,1,running,144.2257,484.228,103.9742,42.1397,0.442,A,relation-reasoning-agent-eval-v3.1
2026-08-09T01:40:00+09:00,CMP-S01-L05-01,S01,S01-L05,1,running,168.4041,408.5321,101.7508,45.7534,0.7798,A,relation-reasoning-agent-eval-v3.1
2026-08-09T01:50:00+09:00,CMP-S01-L01-01,S01,S01-L01,1,running,153.2176,453.696,94.0212,36.5569,-0.6064,A,relation-reasoning-agent-eval-v3.1
2026-08-09T01:50:00+09:00,CMP-S01-L02-01,S01,S01-L02,1,running,146.2652,426.4294,114.805,42.0836,0.5565,A,relation-reasoning-agent-eval-v3.1
2026-08-09T01:50:00+09:00,CMP-S01-L03-01,S01,S01-L03,1,running,158.8392,423.3227,110.2871,33.0822,-1.3849,B,relation-reasoning-agent-eval-v3.1
2026-08-09T01:50:00+09:00,CMP-S01-L04-01,S01,S01-L04,1,running,154.4769,490.2034,102.1837,39.4054,-0.0644,A,relation-reasoning-agent-eval-v3.1
2026-08-09T01:50:00+09:00,CMP-S01-L05-01,S01,S01-L05,1,running,163.1011,352.5197,103.3345,50.708,1.6973,B,relation-reasoning-agent-eval-v3.1
2026-08-09T02:00:00+09:00,CMP-S01-L01-01,S01,S01-L01,1,running,157.2065,470.5089,100.1686,34.8667,-0.9194,A,relation-reasoning-agent-eval-v3.1
2026-08-09T02:00:00+09:00,CMP-S01-L02-01,S01,S01-L02,1,running,170.2641,435.3248,107.5775,42.0496,0.5502,A,relation-reasoning-agent-eval-v3.1
2026-08-09T02:00:00+09:00,CMP-S01-L03-01,S01,S01-L03,1,running,156.6936,403.5398,109.4943,43.9648,0.6304,A,relation-reasoning-agent-eval-v3.1
2026-08-09T02:00:00+09:00,CMP-S01-L04-01,S01,S01-L04,1,running,147.471,481.7233,101.7649,42.6529,0.537,A,relation-reasoning-agent-eval-v3.1
2026-08-09T02:00:00+09:00,CMP-S01-L05-01,S01,S01-L05,1,running,168.3085,399.1666,99.9772,46.9448,1.0004,B,relation-reasoning-agent-eval-v3.1
2026-08-09T02:10:00+09:00,CMP-S01-L01-01,S01,S01-L01,1,running,163.7964,491.8709,94.0185,39.0393,-0.1466,A,relation-reasoning-agent-eval-v3.1
2026-08-09T02:10:00+09:00,CMP-S01-L02-01,S01,S01-L02,1,running,176.2616,460.9114,107.5598,43.958,0.9037,A,relation-reasoning-agent-eval-v3.1
2026-08-09T02:10:00+09:00,CMP-S01-L03-01,S01,S01-L03,1,running,173.8553,344.901,103.8625,43.2393,0.4961,A,relation-reasoning-agent-eval-v3.1
2026-08-09T02:10:00+09:00,CMP-S01-L04-01,S01,S01-L04,1,running,160.5736,491.4132,103.1845,35.0147,-0.8775,A,relation-reasoning-agent-eval-v3.1
2026-08-09T02:10:00+09:00,CMP-S01-L05-01,S01,S01-L05,1,running,182.1417,395.2452,100.5776,50.9818,1.748,B,relation-reasoning-agent-eval-v3.1
2026-08-09T02:20:00+09:00,CMP-S01-L01-01,S01,S01-L01,1,running,163.2021,476.2445,96.5043,38.7483,-0.2005,A,relation-reasoning-agent-eval-v3.1
2026-08-09T02:20:00+09:00,CMP-S01-L02-01,S01,S01-L02,1,running,184.4554,494.6689,104.0132,42.3387,0.6038,A,relation-reasoning-agent-eval-v3.1
2026-08-09T02:20:00+09:00,CMP-S01-L03-01,S01,S01-L03,1,running,182.5298,352.8272,99.3882,41.6432,0.2005,A,relation-reasoning-agent-eval-v3.1
2026-08-09T02:20:00+09:00,CMP-S01-L04-01,S01,S01-L04,1,running,146.6274,438.2532,102.2989,37.3839,-0.4387,A,relation-reasoning-agent-eval-v3.1
2026-08-09T02:20:00+09:00,CMP-S01-L05-01,S01,S01-L05,1,running,191.9201,420.7816,104.9347,45.8787,0.803,A,relation-reasoning-agent-eval-v3.1
2026-08-09T02:30:00+09:00,CMP-S01-L01-01,S01,S01-L01,1,running,162.7403,486.6701,96.3361,43.2791,0.6385,A,relation-reasoning-agent-eval-v3.1
2026-08-09T02:30:00+09:00,CMP-S01-L02-01,S01,S01-L02,1,running,171.0506,458.645,100.761,35.6005,-0.644,A,relation-reasoning-agent-eval-v3.1
2026-08-09T02:30:00+09:00,CMP-S01-L03-01,S01,S01-L03,1,running,188.6097,389.0912,101.5738,43.5261,0.5492,A,relation-reasoning-agent-eval-v3.1
2026-08-09T02:30:00+09:00,CMP-S01-L04-01,S01,S01-L04,1,running,160.8363,472.8585,102.4643,37.1929,-0.4741,A,relation-reasoning-agent-eval-v3.1
2026-08-09T02:30:00+09:00,CMP-S01-L05-01,S01,S01-L05,1,running,180.3852,390.2214,100.8168,47.8326,1.1648,B,relation-reasoning-agent-eval-v3.1
2026-08-09T02:40:00+09:00,CMP-S01-L01-01,S01,S01-L01,1,running,171.8042,485.7345,95.0586,37.1993,-0.4874,A,relation-reasoning-agent-eval-v3.1
2026-08-09T02:40:00+09:00,CMP-S01-L02-01,S01,S01-L02,1,running,169.9254,469.3438,100.119,35.4609,-0.6699,A,relation-reasoning-agent-eval-v3.1
2026-08-09T02:40:00+09:00,CMP-S01-L03-01,S01,S01-L03,1,running,171.3793,397.8803,108.6417,46.2293,1.0498,B,relation-reasoning-agent-eval-v3.1
2026-08-09T02:40:00+09:00,CMP-S01-L04-01,S01,S01-L04,1,running,163.9857,483.0155,105.1722,35.8605,-0.7208,A,relation-reasoning-agent-eval-v3.1
2026-08-09T02:40:00+09:00,CMP-S01-L05-01,S01,S01-L05,1,running,164.017,452.2909,96.9408,45.2432,0.6853,A,relation-reasoning-agent-eval-v3.1
2026-08-09T02:50:00+09:00,CMP-S01-L01-01,S01,S01-L01,1,running,165.368,482.8392,87.4343,36.7423,-0.572,A,relation-reasoning-agent-eval-v3.1
2026-08-09T02:50:00+09:00,CMP-S01-L02-01,S01,S01-L02,1,running,167.2757,474.1481,105.2275,36.6157,-0.456,A,relation-reasoning-agent-eval-v3.1
2026-08-09T02:50:00+09:00,CMP-S01-L03-01,S01,S01-L03,1,running,160.1648,394.9334,112.8034,34.2221,-1.1738,B,relation-reasoning-agent-eval-v3.1
2026-08-09T02:50:00+09:00,CMP-S01-L04-01,S01,S01-L04,1,running,144.695,442.3458,106.0614,37.5606,-0.406,A,relation-reasoning-agent-eval-v3.1
2026-08-09T02:50:00+09:00,CMP-S01-L05-01,S01,S01-L05,1,running,165.6181,419.4455,96.0511,42.2824,0.137,A,relation-reasoning-agent-eval-v3.1
2026-08-09T03:00:00+09:00,CMP-S01-L01-01,S01,S01-L01,1,running,178.6963,472.2324,92.3705,35.025,-0.89,A,relation-reasoning-agent-eval-v3.1
2026-08-09T03:00:00+09:00,CMP-S01-L02-01,S01,S01-L02,1,running,176.727,521.9434,109.4121,35.1981,-0.7186,A,relation-reasoning-agent-eval-v3.1
2026-08-09T03:00:00+09:00,CMP-S01-L03-01,S01,S01-L03,1,running,152.4013,355.2946,104.0652,29.6388,-2.0225,C,relation-reasoning-agent-eval-v3.1
2026-08-09T03:00:00+09:00,CMP-S01-L04-01,S01,S01-L04,1,running,147.2225,450.8754,99.1512,36.845,-0.5385,A,relation-reasoning-agent-eval-v3.1
2026-08-09T03:00:00+09:00,CMP-S01-L05-01,S01,S01-L05,1,running,190.0033,471.6659,93.9617,49.0828,1.3963,B,relation-reasoning-agent-eval-v3.1
2026-08-09T03:10:00+09:00,CMP-S01-L01-01,S01,S01-L01,1,running,190.0686,448.7603,95.8917,44.023,0.7763,A,relation-reasoning-agent-eval-v3.1
2026-08-09T03:10:00+09:00,CMP-S01-L02-01,S01,S01-L02,1,running,188.549,558.4349,112.1153,34.0987,-0.9221,A,relation-reasoning-agent-eval-v3.1
2026-08-09T03:10:00+09:00,CMP-S01-L03-01,S01,S01-L03,1,running,155.0856,378.9535,97.658,35.4008,-0.9555,A,relation-reasoning-agent-eval-v3.1
2026-08-09T03:10:00+09:00,CMP-S01-L04-01,S01,S01-L04,1,running,135.212,449.5824,96.2768,30.3951,-1.733,B,relation-reasoning-agent-eval-v3.1
2026-08-09T03:10:00+09:00,CMP-S01-L05-01,S01,S01-L05,1,running,184.7108,496.1276,100.4929,52.8513,2.0942,C,relation-reasoning-agent-eval-v3.1
2026-08-09T03:20:00+09:00,CMP-S01-L01-01,S01,S01-L01,1,running,205.6765,395.0346,101.6638,41.6463,0.3361,A,relation-reasoning-agent-eval-v3.1
2026-08-09T03:20:00+09:00,CMP-S01-L02-01,S01,S01-L02,1,running,178.6431,503.7176,106.0426,32.7815,-1.1661,B,relation-reasoning-agent-eval-v3.1
2026-08-09T03:20:00+09:00,CMP-S01-L03-01,S01,S01-L03,1,running,171.8791,374.8094,101.3683,36.4674,-0.758,A,relation-reasoning-agent-eval-v3.1
2026-08-09T03:20:00+09:00,CMP-S01-L04-01,S01,S01-L04,1,running,144.9473,456.062,99.5352,30.6777,-1.6806,B,relation-reasoning-agent-eval-v3.1
2026-08-09T03:20:00+09:00,CMP-S01-L05-01,S01,S01-L05,1,running,178.4246,460.1976,98.4257,49.2321,1.424,B,relation-reasoning-agent-eval-v3.1
2026-08-09T03:30:00+09:00,CMP-S01-L01-01,S01,S01-L01,1,running,210.1117,417.7641,106.0668,41.3706,0.2851,A,relation-reasoning-agent-eval-v3.1
2026-08-09T03:30:00+09:00,CMP-S01-L02-01,S01,S01-L02,1,running,171.7543,515.7722,114.0626,41.3157,0.4143,A,relation-reasoning-agent-eval-v3.1
2026-08-09T03:30:00+09:00,CMP-S01-L03-01,S01,S01-L03,1,running,179.9368,377.4624,103.912,35.4305,-0.95,A,relation-reasoning-agent-eval-v3.1
2026-08-09T03:30:00+09:00,CMP-S01-L04-01,S01,S01-L04,1,running,161.226,440.6475,104.473,31.3092,-1.5637,B,relation-reasoning-agent-eval-v3.1
2026-08-09T03:30:00+09:00,CMP-S01-L05-01,S01,S01-L05,1,running,191.7111,462.0253,101.941,47.5536,1.1131,B,relation-reasoning-agent-eval-v3.1
2026-08-09T03:40:00+09:00,CMP-S01-L01-01,S01,S01-L01,1,running,195.4665,461.4865,101.7646,36.2321,-0.6665,A,relation-reasoning-agent-eval-v3.1
2026-08-09T03:40:00+09:00,CMP-S01-L02-01,S01,S01-L02,1,running,173.4282,432.1779,112.4284,37.9799,-0.2034,A,relation-reasoning-agent-eval-v3.1
2026-08-09T03:40:00+09:00,CMP-S01-L03-01,S01,S01-L03,1,running,161.2094,390.731,102.1575,37.8058,-0.5101,A,relation-reasoning-agent-eval-v3.1
2026-08-09T03:40:00+09:00,CMP-S01-L04-01,S01,S01-L04,1,running,164.363,415.0283,116.5424,38.9371,-0.1511,A,relation-reasoning-agent-eval-v3.1
2026-08-09T03:40:00+09:00,CMP-S01-L05-01,S01,S01-L05,1,running,187.0758,438.3235,104.917,50.8012,1.7146,B,relation-reasoning-agent-eval-v3.1
2026-08-09T03:50:00+09:00,CMP-S01-L01-01,S01,S01-L01,1,running,184.2532,445.6466,104.097,39.6598,-0.0317,A,relation-reasoning-agent-eval-v3.1
2026-08-09T03:50:00+09:00,CMP-S01-L02-01,S01,S01-L02,1,running,184.1028,434.182,101.7352,36.1443,-0.5433,A,relation-reasoning-agent-eval-v3.1
2026-08-09T03:50:00+09:00,CMP-S01-L03-01,S01,S01-L03,1,running,160.3536,417.0164,98.2267,33.7089,-1.2688,B,relation-reasoning-agent-eval-v3.1
2026-08-09T03:50:00+09:00,CMP-S01-L04-01,S01,S01-L04,1,running,169.01,476.3966,115.6532,39.2094,-0.1007,A,relation-reasoning-agent-eval-v3.1
2026-08-09T03:50:00+09:00,CMP-S01-L05-01,S01,S01-L05,1,running,175.8586,444.0158,97.4062,48.8537,1.3539,B,relation-reasoning-agent-eval-v3.1
2026-08-09T04:00:00+09:00,CMP-S01-L01-01,S01,S01-L01,1,running,190.5102,469.7406,95.3749,39.1919,-0.1184,A,relation-reasoning-agent-eval-v3.1
2026-08-09T04:00:00+09:00,CMP-S01-L02-01,S01,S01-L02,1,running,186.7631,426.7186,99.6063,35.3327,-0.6936,A,relation-reasoning-agent-eval-v3.1
2026-08-09T04:00:00+09:00,CMP-S01-L03-01,S01,S01-L03,1,running,156.1739,431.1809,96.372,26.861,-2.5369,C,relation-reasoning-agent-eval-v3.1
2026-08-09T04:00:00+09:00,CMP-S01-L04-01,S01,S01-L04,1,running,168.3535,515.0344,112.025,38.6065,-0.2123,A,relation-reasoning-agent-eval-v3.1
2026-08-09T04:00:00+09:00,CMP-S01-L05-01,S01,S01-L05,1,running,159.6989,423.9047,106.7221,45.8996,0.8069,A,relation-reasoning-agent-eval-v3.1
2026-08-09T04:10:00+09:00,CMP-S01-L01-01,S01,S01-L01,1,running,195.4547,445.3121,99.9455,42.9881,0.5846,A,relation-reasoning-agent-eval-v3.1
2026-08-09T04:10:00+09:00,CMP-S01-L02-01,S01,S01-L02,1,running,183.4995,397.235,97.5799,36.7897,-0.4238,A,relation-reasoning-agent-eval-v3.1
2026-08-09T04:10:00+09:00,CMP-S01-L03-01,S01,S01-L03,1,running,151.0279,442.9152,95.5518,33.1064,-1.3804,B,relation-reasoning-agent-eval-v3.1
2026-08-09T04:10:00+09:00,CMP-S01-L04-01,S01,S01-L04,1,running,188.893,534.9709,109.5894,40.0817,0.0609,A,relation-reasoning-agent-eval-v3.1
2026-08-09T04:10:00+09:00,CMP-S01-L05-01,S01,S01-L05,1,running,168.8796,382.0714,112.0038,42.5012,0.1775,A,relation-reasoning-agent-eval-v3.1
2026-08-09T04:20:00+09:00,CMP-S01-L01-01,S01,S01-L01,1,running,162.4592,476.0058,100.2419,35.5304,-0.7965,A,relation-reasoning-agent-eval-v3.1
2026-08-09T04:20:00+09:00,CMP-S01-L02-01,S01,S01-L02,1,running,165.3776,423.2444,97.4301,36.8634,-0.4102,A,relation-reasoning-agent-eval-v3.1
2026-08-09T04:20:00+09:00,CMP-S01-L03-01,S01,S01-L03,1,running,167.1799,457.6298,98.5185,31.3545,-1.7048,B,relation-reasoning-agent-eval-v3.1
2026-08-09T04:20:00+09:00,CMP-S01-L04-01,S01,S01-L04,1,running,186.2426,510.7474,114.6398,37.1095,-0.4896,A,relation-reasoning-agent-eval-v3.1
2026-08-09T04:20:00+09:00,CMP-S01-L05-01,S01,S01-L05,1,running,181.9302,430.8291,104.3893,44.4014,0.5294,A,relation-reasoning-agent-eval-v3.1
2026-08-09T04:30:00+09:00,CMP-S01-L01-01,S01,S01-L01,1,running,165.0413,454.3168,98.6207,30.3765,-1.7509,B,relation-reasoning-agent-eval-v3.1
2026-08-09T04:30:00+09:00,CMP-S01-L02-01,S01,S01-L02,1,running,173.3156,456.4066,99.1356,39.2022,0.023,A,relation-reasoning-agent-eval-v3.1
2026-08-09T04:30:00+09:00,CMP-S01-L03-01,S01,S01-L03,1,running,182.6804,426.7696,97.3081,30.9872,-1.7728,B,relation-reasoning-agent-eval-v3.1
2026-08-09T04:30:00+09:00,CMP-S01-L04-01,S01,S01-L04,1,running,193.86,513.2514,108.6131,32.5452,-1.3348,B,relation-reasoning-agent-eval-v3.1
2026-08-09T04:30:00+09:00,CMP-S01-L05-01,S01,S01-L05,1,running,164.791,431.1349,100.8876,48.9079,1.3639,B,relation-reasoning-agent-eval-v3.1
2026-08-09T04:40:00+09:00,CMP-S01-L01-01,S01,S01-L01,1,running,180.8176,438.3687,96.4826,35.9288,-0.7227,A,relation-reasoning-agent-eval-v3.1
2026-08-09T04:40:00+09:00,CMP-S01-L02-01,S01,S01-L02,1,running,180.4865,473.8566,109.4414,42.496,0.6329,A,relation-reasoning-agent-eval-v3.1
2026-08-09T04:40:00+09:00,CMP-S01-L03-01,S01,S01-L03,1,running,184.2544,446.6138,101.7293,35.652,-0.909,A,relation-reasoning-agent-eval-v3.1
2026-08-09T04:40:00+09:00,CMP-S01-L04-01,S01,S01-L04,1,running,180.826,508.1746,105.9752,26.321,-2.4874,C,relation-reasoning-agent-eval-v3.1
2026-08-09T04:40:00+09:00,CMP-S01-L05-01,S01,S01-L05,1,running,161.1065,471.772,91.0193,42.5826,0.1926,A,relation-reasoning-agent-eval-v3.1
2026-08-09T04:50:00+09:00,CMP-S01-L01-01,S01,S01-L01,1,running,173.1892,425.0992,99.5586,41.7574,0.3567,A,relation-reasoning-agent-eval-v3.1
2026-08-09T04:50:00+09:00,CMP-S01-L02-01,S01,S01-L02,1,running,168.7632,451.5216,108.1688,42.9416,0.7154,A,relation-reasoning-agent-eval-v3.1
2026-08-09T04:50:00+09:00,CMP-S01-L03-01,S01,S01-L03,1,running,180.6045,438.0409,100.1988,38.7165,-0.3415,A,relation-reasoning-agent-eval-v3.1
2026-08-09T04:50:00+09:00,CMP-S01-L04-01,S01,S01-L04,1,running,182.8084,454.0826,106.8675,27.9915,-2.1781,C,relation-reasoning-agent-eval-v3.1
2026-08-09T04:50:00+09:00,CMP-S01-L05-01,S01,S01-L05,1,running,164.0773,489.7548,87.9681,49.2923,1.4351,B,relation-reasoning-agent-eval-v3.1
2026-08-09T05:00:00+09:00,CMP-S01-L01-01,S01,S01-L01,1,running,164.1058,454.2761,103.5341,41.6507,0.3369,A,relation-reasoning-agent-eval-v3.1
2026-08-09T05:00:00+09:00,CMP-S01-L02-01,S01,S01-L02,1,running,146.8502,461.1844,110.1404,46.653,1.4027,B,relation-reasoning-agent-eval-v3.1
2026-08-09T05:00:00+09:00,CMP-S01-L03-01,S01,S01-L03,1,running,176.8209,444.0944,109.0857,39.4275,-0.2098,A,relation-reasoning-agent-eval-v3.1
2026-08-09T05:00:00+09:00,CMP-S01-L04-01,S01,S01-L04,1,running,173.4187,472.7904,105.2296,27.7644,-2.2201,C,relation-reasoning-agent-eval-v3.1
2026-08-09T05:00:00+09:00,CMP-S01-L05-01,S01,S01-L05,1,running,166.8112,466.2478,90.3485,39.2716,-0.4206,A,relation-reasoning-agent-eval-v3.1
2026-08-09T05:10:00+09:00,CMP-S01-L01-01,S01,S01-L01,1,running,161.2129,471.0709,98.7366,42.3031,0.4578,A,relation-reasoning-agent-eval-v3.1
2026-08-09T05:10:00+09:00,CMP-S01-L02-01,S01,S01-L02,1,running,151.7361,451.8889,106.5719,50.5487,2.1241,C,relation-reasoning-agent-eval-v3.1
2026-08-09T05:10:00+09:00,CMP-S01-L03-01,S01,S01-L03,1,running,172.5404,456.2013,113.6182,41.8937,0.2469,A,relation-reasoning-agent-eval-v3.1
2026-08-09T05:10:00+09:00,CMP-S01-L04-01,S01,S01-L04,1,running,182.6573,478.532,101.6156,32.2595,-1.3877,B,relation-reasoning-agent-eval-v3.1
2026-08-09T05:10:00+09:00,CMP-S01-L05-01,S01,S01-L05,1,running,176.625,494.9326,89.5252,37.3789,-0.7711,A,relation-reasoning-agent-eval-v3.1
2026-08-09T05:20:00+09:00,CMP-S01-L01-01,S01,S01-L01,1,running,160.7851,462.8011,91.9633,38.4071,-0.2637,A,relation-reasoning-agent-eval-v3.1
2026-08-09T05:20:00+09:00,CMP-S01-L02-01,S01,S01-L02,1,running,158.0176,453.3583,102.3348,51.143,2.2342,C,relation-reasoning-agent-eval-v3.1
2026-08-09T05:20:00+09:00,CMP-S01-L03-01,S01,S01-L03,1,running,176.3773,480.3571,103.015,40.3525,-0.0385,A,relation-reasoning-agent-eval-v3.1
2026-08-09T05:20:00+09:00,CMP-S01-L04-01,S01,S01-L04,1,running,172.597,457.8274,101.9057,37.3212,-0.4504,A,relation-reasoning-agent-eval-v3.1
2026-08-09T05:20:00+09:00,CMP-S01-L05-01,S01,S01-L05,1,running,156.7687,472.3821,96.3872,39.3357,-0.4087,A,relation-reasoning-agent-eval-v3.1
2026-08-09T05:30:00+09:00,CMP-S01-L01-01,S01,S01-L01,1,running,163.7938,461.0282,92.4499,39.8375,0.0012,A,relation-reasoning-agent-eval-v3.1
2026-08-09T05:30:00+09:00,CMP-S01-L02-01,S01,S01-L02,1,running,160.8519,417.1944,102.9182,50.9634,2.201,C,relation-reasoning-agent-eval-v3.1
2026-08-09T05:30:00+09:00,CMP-S01-L03-01,S01,S01-L03,1,running,162.8926,487.1821,103.3171,40.06,-0.0927,A,relation-reasoning-agent-eval-v3.1
2026-08-09T05:30:00+09:00,CMP-S01-L04-01,S01,S01-L04,1,running,170.4298,405.6813,108.6932,34.9537,-0.8888,A,relation-reasoning-agent-eval-v3.1
2026-08-09T05:30:00+09:00,CMP-S01-L05-01,S01,S01-L05,1,running,185.9139,485.6923,105.9046,36.429,-0.947,A,relation-reasoning-agent-eval-v3.1
2026-08-09T05:40:00+09:00,CMP-S01-L01-01,S01,S01-L01,1,running,155.9521,463.1235,103.824,46.1079,1.1623,B,relation-reasoning-agent-eval-v3.1
2026-08-09T05:40:00+09:00,CMP-S01-L02-01,S01,S01-L02,1,running,170.8214,417.5762,101.2064,42.4161,0.6181,A,relation-reasoning-agent-eval-v3.1
2026-08-09T05:40:00+09:00,CMP-S01-L03-01,S01,S01-L03,1,running,153.1613,450.2264,96.6761,43.3115,0.5094,A,relation-reasoning-agent-eval-v3.1
2026-08-09T05:40:00+09:00,CMP-S01-L04-01,S01,S01-L04,1,running,169.2649,414.9171,102.4867,41.2484,0.2769,A,relation-reasoning-agent-eval-v3.1
2026-08-09T05:40:00+09:00,CMP-S01-L05-01,S01,S01-L05,1,running,153.6731,453.0932,106.6585,42.6822,0.211,A,relation-reasoning-agent-eval-v3.1
2026-08-09T05:50:00+09:00,CMP-S01-L01-01,S01,S01-L01,1,running,167.3482,480.1673,104.2999,35.013,-0.8923,A,relation-reasoning-agent-eval-v3.1
2026-08-09T05:50:00+09:00,CMP-S01-L02-01,S01,S01-L02,1,running,182.0711,388.4657,97.9395,41.9903,0.5393,A,relation-reasoning-agent-eval-v3.1
2026-08-09T05:50:00+09:00,CMP-S01-L03-01,S01,S01-L03,1,running,151.4977,434.829,98.3546,42.1144,0.2878,A,relation-reasoning-agent-eval-v3.1
2026-08-09T05:50:00+09:00,CMP-S01-L04-01,S01,S01-L04,1,running,180.4122,500.6384,105.203,39.7312,-0.004,A,relation-reasoning-agent-eval-v3.1
2026-08-09T05:50:00+09:00,CMP-S01-L05-01,S01,S01-L05,1,running,173.0981,419.9817,103.3607,40.8052,-0.1366,A,relation-reasoning-agent-eval-v3.1
2026-08-09T06:00:00+09:00,CMP-S01-L01-01,S01,S01-L01,1,running,174.2844,429.261,103.61,32.8619,-1.2906,B,relation-reasoning-agent-eval-v3.1
2026-08-09T06:00:00+09:00,CMP-S01-L02-01,S01,S01-L02,1,running,188.9259,379.3372,98.1531,38.079,-0.1851,A,relation-reasoning-agent-eval-v3.1
2026-08-09T06:00:00+09:00,CMP-S01-L03-01,S01,S01-L03,1,running,171.5395,430.4247,97.0447,35.708,-0.8986,A,relation-reasoning-agent-eval-v3.1
2026-08-09T06:00:00+09:00,CMP-S01-L04-01,S01,S01-L04,1,running,170.6569,484.0427,97.9809,40.1771,0.0785,A,relation-reasoning-agent-eval-v3.1
2026-08-09T06:00:00+09:00,CMP-S01-L05-01,S01,S01-L05,1,running,187.2227,454.6507,98.2363,32.9962,-1.5827,B,relation-reasoning-agent-eval-v3.1
2026-08-09T06:10:00+09:00,CMP-S01-L01-01,S01,S01-L01,1,running,174.8948,407.1128,104.2273,35.266,-0.8454,A,relation-reasoning-agent-eval-v3.1
2026-08-09T06:10:00+09:00,CMP-S01-L02-01,S01,S01-L02,1,running,185.1795,414.0707,95.985,36.1354,-0.545,A,relation-reasoning-agent-eval-v3.1
2026-08-09T06:10:00+09:00,CMP-S01-L03-01,S01,S01-L03,1,running,156.5673,385.5421,102.1586,39.5168,-0.1933,A,relation-reasoning-agent-eval-v3.1
2026-08-09T06:10:00+09:00,CMP-S01-L04-01,S01,S01-L04,1,running,165.0562,503.5575,98.8888,50.9552,2.0745,C,relation-reasoning-agent-eval-v3.1
2026-08-09T06:10:00+09:00,CMP-S01-L05-01,S01,S01-L05,1,running,182.4374,457.8404,94.0966,33.6947,-1.4533,B,relation-reasoning-agent-eval-v3.1
2026-08-09T06:20:00+09:00,CMP-S01-L01-01,S01,S01-L01,1,running,181.5578,428.908,99.9618,37.172,-0.4924,A,relation-reasoning-agent-eval-v3.1
2026-08-09T06:20:00+09:00,CMP-S01-L02-01,S01,S01-L02,1,running,182.9716,387.2898,101.5212,36.1149,-0.5488,A,relation-reasoning-agent-eval-v3.1
2026-08-09T06:20:00+09:00,CMP-S01-L03-01,S01,S01-L03,1,running,158.0831,416.1855,105.0582,47.9215,1.3632,B,relation-reasoning-agent-eval-v3.1
2026-08-09T06:20:00+09:00,CMP-S01-L04-01,S01,S01-L04,1,running,149.4301,483.925,96.4745,50.3618,1.9646,B,relation-reasoning-agent-eval-v3.1
2026-08-09T06:20:00+09:00,CMP-S01-L05-01,S01,S01-L05,1,running,168.6143,476.7529,92.0914,38.7795,-0.5117,A,relation-reasoning-agent-eval-v3.1
2026-08-09T06:30:00+09:00,CMP-S01-L01-01,S01,S01-L01,1,running,195.6368,481.7638,100.8334,32.2595,-1.4022,B,relation-reasoning-agent-eval-v3.1
2026-08-09T06:30:00+09:00,CMP-S01-L02-01,S01,S01-L02,1,running,193.7684,381.3942,101.7136,39.909,0.1538,A,relation-reasoning-agent-eval-v3.1
2026-08-09T06:30:00+09:00,CMP-S01-L03-01,S01,S01-L03,1,running,177.4875,443.1889,105.0533,42.0398,0.274,A,relation-reasoning-agent-eval-v3.1
2026-08-09T06:30:00+09:00,CMP-S01-L04-01,S01,S01-L04,1,running,180.7344,456.6057,99.0745,43.7374,0.7378,A,relation-reasoning-agent-eval-v3.1
2026-08-09T06:30:00+09:00,CMP-S01-L05-01,S01,S01-L05,1,running,192.3481,470.6842,93.1411,39.9043,-0.3034,A,relation-reasoning-agent-eval-v3.1
2026-08-09T06:40:00+09:00,CMP-S01-L01-01,S01,S01-L01,1,running,187.9175,455.5366,96.4745,31.5407,-1.5353,B,relation-reasoning-agent-eval-v3.1
2026-08-09T06:40:00+09:00,CMP-S01-L02-01,S01,S01-L02,1,running,186.1842,392.418,104.1474,45.7419,1.234,B,relation-reasoning-agent-eval-v3.1
2026-08-09T06:40:00+09:00,CMP-S01-L03-01,S01,S01-L03,1,running,178.9806,489.6923,102.1254,43.3667,0.5197,A,relation-reasoning-agent-eval-v3.1
2026-08-09T06:40:00+09:00,CMP-S01-L04-01,S01,S01-L04,1,running,192.0037,466.6888,98.2562,43.0552,0.6115,A,relation-reasoning-agent-eval-v3.1
2026-08-09T06:40:00+09:00,CMP-S01-L05-01,S01,S01-L05,1,running,181.642,466.943,92.6415,34.9255,-1.2254,B,relation-reasoning-agent-eval-v3.1
2026-08-09T06:50:00+09:00,CMP-S01-L01-01,S01,S01-L01,1,running,189.5993,453.5483,95.1411,25.5974,-2.6359,C,relation-reasoning-agent-eval-v3.1
2026-08-09T06:50:00+09:00,CMP-S01-L02-01,S01,S01-L02,1,running,187.652,469.7872,109.4723,34.6853,-0.8135,A,relation-reasoning-agent-eval-v3.1
2026-08-09T06:50:00+09:00,CMP-S01-L03-01,S01,S01-L03,1,running,191.4763,495.2722,103.0989,44.3214,0.6965,A,relation-reasoning-agent-eval-v3.1
2026-08-09T06:50:00+09:00,CMP-S01-L04-01,S01,S01-L04,1,running,192.9805,462.8597,97.6899,46.7703,1.2995,B,relation-reasoning-agent-eval-v3.1
2026-08-09T06:50:00+09:00,CMP-S01-L05-01,S01,S01-L05,1,running,189.0762,471.6983,96.5099,38.912,-0.4872,A,relation-reasoning-agent-eval-v3.1
2026-08-09T07:00:00+09:00,CMP-S01-L01-01,S01,S01-L01,1,running,191.2575,477.4228,95.3755,29.0376,-1.9988,B,relation-reasoning-agent-eval-v3.1
2026-08-09T07:00:00+09:00,CMP-S01-L02-01,S01,S01-L02,1,running,163.1232,480.6617,101.5712,46.3872,1.3535,B,relation-reasoning-agent-eval-v3.1
2026-08-09T07:00:00+09:00,CMP-S01-L03-01,S01,S01-L03,1,running,202.1415,478.34,97.8176,44.2162,0.677,A,relation-reasoning-agent-eval-v3.1
2026-08-09T07:00:00+09:00,CMP-S01-L04-01,S01,S01-L04,1,running,189.607,449.3888,99.9607,47.8729,1.5037,B,relation-reasoning-agent-eval-v3.1
2026-08-09T07:00:00+09:00,CMP-S01-L05-01,S01,S01-L05,1,running,181.1407,432.638,86.4863,44.6588,0.5771,A,relation-reasoning-agent-eval-v3.1
2026-08-09T07:10:00+09:00,CMP-S01-L01-01,S01,S01-L01,1,running,187.9685,486.4744,103.7625,35.6686,-0.7708,A,relation-reasoning-agent-eval-v3.1
2026-08-09T07:10:00+09:00,CMP-S01-L02-01,S01,S01-L02,1,running,160.7773,429.8071,93.3056,41.1845,0.39,A,relation-reasoning-agent-eval-v3.1
2026-08-09T07:10:00+09:00,CMP-S01-L03-01,S01,S01-L03,1,running,197.0596,472.694,96.5606,42.0847,0.2823,A,relation-reasoning-agent-eval-v3.1
2026-08-09T07:10:00+09:00,CMP-S01-L04-01,S01,S01-L04,1,running,210.5966,424.8255,103.8937,46.287,1.21,B,relation-reasoning-agent-eval-v3.1
2026-08-09T07:10:00+09:00,CMP-S01-L05-01,S01,S01-L05,1,running,175.4033,415.5537,95.882,37.0489,-0.8322,A,relation-reasoning-agent-eval-v3.1
2026-08-09T07:20:00+09:00,CMP-S01-L01-01,S01,S01-L01,1,running,161.6943,443.5822,107.0611,36.1167,-0.6879,A,relation-reasoning-agent-eval-v3.1
2026-08-09T07:20:00+09:00,CMP-S01-L02-01,S01,S01-L02,1,running,148.4347,424.2641,97.4446,41.7836,0.501,A,relation-reasoning-agent-eval-v3.1
2026-08-09T07:20:00+09:00,CMP-S01-L03-01,S01,S01-L03,1,running,184.653,444.8077,99.539,34.7392,-1.078,B,relation-reasoning-agent-eval-v3.1
2026-08-09T07:20:00+09:00,CMP-S01-L04-01,S01,S01-L04,1,running,211.2715,425.9247,104.0335,46.993,1.3407,B,relation-reasoning-agent-eval-v3.1
2026-08-09T07:20:00+09:00,CMP-S01-L05-01,S01,S01-L05,1,running,181.7363,479.193,94.8475,40.2853,-0.2328,A,relation-reasoning-agent-eval-v3.1
2026-08-09T07:30:00+09:00,CMP-S01-L01-01,S01,S01-L01,1,running,173.9666,428.6552,105.9164,41.397,0.29,A,relation-reasoning-agent-eval-v3.1
2026-08-09T07:30:00+09:00,CMP-S01-L02-01,S01,S01-L02,1,running,154.4523,411.7097,91.0265,36.9712,-0.3902,A,relation-reasoning-agent-eval-v3.1
2026-08-09T07:30:00+09:00,CMP-S01-L03-01,S01,S01-L03,1,running,173.6558,413.0073,97.4086,29.3675,-2.0728,C,relation-reasoning-agent-eval-v3.1
2026-08-09T07:30:00+09:00,CMP-S01-L04-01,S01,S01-L04,1,running,196.3654,383.1261,106.0796,44.3579,0.8528,A,relation-reasoning-agent-eval-v3.1
2026-08-09T07:30:00+09:00,CMP-S01-L05-01,S01,S01-L05,1,running,163.9332,460.8962,96.8549,46.1048,0.8448,A,relation-reasoning-agent-eval-v3.1
2026-08-09T07:40:00+09:00,CMP-S01-L01-01,S01,S01-L01,1,running,177.3266,396.9377,107.4085,45.5262,1.0546,B,relation-reasoning-agent-eval-v3.1
2026-08-09T07:40:00+09:00,CMP-S01-L02-01,S01,S01-L02,1,running,170.1762,422.4155,89.3375,38.1277,-0.176,A,relation-reasoning-agent-eval-v3.1
2026-08-09T07:40:00+09:00,CMP-S01-L03-01,S01,S01-L03,1,running,169.9618,410.5716,91.4505,29.4173,-2.0635,C,relation-reasoning-agent-eval-v3.1
2026-08-09T07:40:00+09:00,CMP-S01-L04-01,S01,S01-L04,1,running,193.6581,380.411,111.1797,42.5123,0.511,A,relation-reasoning-agent-eval-v3.1
2026-08-09T07:40:00+09:00,CMP-S01-L05-01,S01,S01-L05,1,running,167.0312,414.2247,98.0072,43.5016,0.3628,A,relation-reasoning-agent-eval-v3.1
2026-08-09T07:50:00+09:00,CMP-S01-L01-01,S01,S01-L01,1,running,186.8682,432.4421,106.712,46.8431,1.2985,B,relation-reasoning-agent-eval-v3.1
2026-08-09T07:50:00+09:00,CMP-S01-L02-01,S01,S01-L02,1,running,168.6963,449.4588,90.5626,40.6101,0.2837,A,relation-reasoning-agent-eval-v3.1
2026-08-09T07:50:00+09:00,CMP-S01-L03-01,S01,S01-L03,1,running,176.5691,408.4894,97.7359,30.1504,-1.9278,B,relation-reasoning-agent-eval-v3.1
2026-08-09T07:50:00+09:00,CMP-S01-L04-01,S01,S01-L04,1,running,193.368,350.2296,106.3489,42.2362,0.4598,A,relation-reasoning-agent-eval-v3.1
2026-08-09T07:50:00+09:00,CMP-S01-L05-01,S01,S01-L05,1,running,153.4045,412.7687,94.539,47.6059,1.1228,B,relation-reasoning-agent-eval-v3.1
2026-08-09T08:00:00+09:00,CMP-S01-L01-01,S01,S01-L01,1,running,199.9732,483.2778,102.934,46.2036,1.1801,B,relation-reasoning-agent-eval-v3.1
2026-08-09T08:00:00+09:00,CMP-S01-L02-01,S01,S01-L02,1,running,147.2858,450.7436,90.4839,40.1782,0.2037,A,relation-reasoning-agent-eval-v3.1
2026-08-09T08:00:00+09:00,CMP-S01-L03-01,S01,S01-L03,1,running,177.6258,425.5203,107.4239,35.5102,-0.9352,A,relation-reasoning-agent-eval-v3.1
2026-08-09T08:00:00+09:00,CMP-S01-L04-01,S01,S01-L04,1,running,206.9763,357.3975,101.9878,39.5983,-0.0287,A,relation-reasoning-agent-eval-v3.1
2026-08-09T08:00:00+09:00,CMP-S01-L05-01,S01,S01-L05,1,running,152.7792,356.9538,87.1832,47.1377,1.0361,B,relation-reasoning-agent-eval-v3.1
2026-08-09T08:10:00+09:00,CMP-S01-L01-01,S01,S01-L01,1,running,182.3447,477.786,104.7376,48.683,1.6392,B,relation-reasoning-agent-eval-v3.1
2026-08-09T08:10:00+09:00,CMP-S01-L02-01,S01,S01-L02,1,running,155.7648,439.7949,94.6656,43.6679,0.8499,A,relation-reasoning-agent-eval-v3.1
2026-08-09T08:10:00+09:00,CMP-S01-L03-01,S01,S01-L03,1,running,155.871,430.0895,111.441,39.2905,-0.2352,A,relation-reasoning-agent-eval-v3.1
2026-08-09T08:10:00+09:00,CMP-S01-L04-01,S01,S01-L04,1,running,190.5389,341.6893,101.7526,35.979,-0.6989,A,relation-reasoning-agent-eval-v3.1
2026-08-09T08:10:00+09:00,CMP-S01-L05-01,S01,S01-L05,1,running,160.2697,342.179,97.7859,48.824,1.3484,B,relation-reasoning-agent-eval-v3.1
2026-08-09T08:20:00+09:00,CMP-S01-L01-01,S01,S01-L01,1,running,193.9134,478.4079,105.9613,47.5822,1.4354,B,relation-reasoning-agent-eval-v3.1
2026-08-09T08:20:00+09:00,CMP-S01-L02-01,S01,S01-L02,1,running,148.5146,445.3322,94.8862,39.1239,0.0084,A,relation-reasoning-agent-eval-v3.1
2026-08-09T08:20:00+09:00,CMP-S01-L03-01,S01,S01-L03,1,running,152.6594,428.4772,111.1303,36.1626,-0.8144,A,relation-reasoning-agent-eval-v3.1
2026-08-09T08:20:00+09:00,CMP-S01-L04-01,S01,S01-L04,1,running,177.247,384.7594,96.7308,37.5635,-0.4055,A,relation-reasoning-agent-eval-v3.1
2026-08-09T08:20:00+09:00,CMP-S01-L05-01,S01,S01-L05,1,running,176.8703,340.9486,99.8482,42.6413,0.2035,A,relation-reasoning-agent-eval-v3.1
2026-08-09T08:30:00+09:00,CMP-S01-L01-01,S01,S01-L01,1,running,188.6465,488.1576,100.2541,49.1678,1.729,B,relation-reasoning-agent-eval-v3.1
2026-08-09T08:30:00+09:00,CMP-S01-L02-01,S01,S01-L02,1,running,152.6783,449.9496,97.5438,34.7111,-0.8087,A,relation-reasoning-agent-eval-v3.1
2026-08-09T08:30:00+09:00,CMP-S01-L03-01,S01,S01-L03,1,running,146.3241,483.07,104.086,40.5484,-0.0022,A,relation-reasoning-agent-eval-v3.1
2026-08-09T08:30:00+09:00,CMP-S01-L04-01,S01,S01-L04,1,running,152.1775,365.3982,96.7158,38.9522,-0.1483,A,relation-reasoning-agent-eval-v3.1
2026-08-09T08:30:00+09:00,CMP-S01-L05-01,S01,S01-L05,1,running,176.3515,312.3758,102.569,39.3317,-0.4094,A,relation-reasoning-agent-eval-v3.1
2026-08-09T08:40:00+09:00,CMP-S01-L01-01,S01,S01-L01,1,running,176.2948,500.9668,96.4713,48.0653,1.5248,B,relation-reasoning-agent-eval-v3.1
2026-08-09T08:40:00+09:00,CMP-S01-L02-01,S01,S01-L02,1,running,155.1807,435.3959,103.1728,35.3781,-0.6852,A,relation-reasoning-agent-eval-v3.1
2026-08-09T08:40:00+09:00,CMP-S01-L03-01,S01,S01-L03,1,running,153.5547,481.9887,106.4748,42.4212,0.3446,A,relation-reasoning-agent-eval-v3.1
2026-08-09T08:40:00+09:00,CMP-S01-L04-01,S01,S01-L04,1,running,156.293,418.5974,95.1139,44.7126,0.9184,A,relation-reasoning-agent-eval-v3.1
2026-08-09T08:40:00+09:00,CMP-S01-L05-01,S01,S01-L05,1,running,177.6766,360.6193,97.6613,42.1619,0.1147,A,relation-reasoning-agent-eval-v3.1
2026-08-09T08:50:00+09:00,CMP-S01-L01-01,S01,S01-L01,1,running,178.7895,488.0817,88.912,44.6512,0.8926,A,relation-reasoning-agent-eval-v3.1
2026-08-09T08:50:00+09:00,CMP-S01-L02-01,S01,S01-L02,1,running,180.4557,451.794,105.583,40.9452,0.3457,A,relation-reasoning-agent-eval-v3.1
2026-08-09T08:50:00+09:00,CMP-S01-L03-01,S01,S01-L03,1,running,144.4638,435.9656,111.0843,33.0308,-1.3944,B,relation-reasoning-agent-eval-v3.1
2026-08-09T08:50:00+09:00,CMP-S01-L04-01,S01,S01-L04,1,running,147.9999,427.8437,93.8222,41.1665,0.2617,A,relation-reasoning-agent-eval-v3.1
2026-08-09T08:50:00+09:00,CMP-S01-L05-01,S01,S01-L05,1,running,183.1414,382.1959,95.8703,35.7718,-1.0687,B,relation-reasoning-agent-eval-v3.1
2026-08-09T09:00:00+09:00,CMP-S01-L01-01,S01,S01-L01,1,running,166.5453,460.6824,83.7779,44.203,0.8096,A,relation-reasoning-agent-eval-v3.1
2026-08-09T09:00:00+09:00,CMP-S01-L02-01,S01,S01-L02,1,running,207.5226,408.1756,105.9101,40.7519,0.3099,A,relation-reasoning-agent-eval-v3.1
2026-08-09T09:00:00+09:00,CMP-S01-L03-01,S01,S01-L03,1,running,160.7777,425.4255,108.1972,38.8941,-0.3086,A,relation-reasoning-agent-eval-v3.1
2026-08-09T09:00:00+09:00,CMP-S01-L04-01,S01,S01-L04,1,running,154.7221,435.8399,91.2628,38.828,-0.1713,A,relation-reasoning-agent-eval-v3.1
2026-08-09T09:00:00+09:00,CMP-S01-L05-01,S01,S01-L05,1,running,193.5326,369.5274,100.4382,36.7049,-0.8959,A,relation-reasoning-agent-eval-v3.1
2026-08-09T09:10:00+09:00,CMP-S01-L01-01,S01,S01-L01,1,running,168.7344,474.9086,88.0376,43.3862,0.6583,A,relation-reasoning-agent-eval-v3.1
2026-08-09T09:10:00+09:00,CMP-S01-L02-01,S01,S01-L02,1,running,193.6352,472.9727,107.3726,42.5743,0.6474,A,relation-reasoning-agent-eval-v3.1
2026-08-09T09:10:00+09:00,CMP-S01-L03-01,S01,S01-L03,1,running,158.5671,463.158,102.4626,38.1842,-0.44,A,relation-reasoning-agent-eval-v3.1
2026-08-09T09:10:00+09:00,CMP-S01-L04-01,S01,S01-L04,1,running,176.7382,443.2273,94.4763,36.9879,-0.5121,A,relation-reasoning-agent-eval-v3.1
2026-08-09T09:10:00+09:00,CMP-S01-L05-01,S01,S01-L05,1,running,188.6887,394.4344,100.2078,40.0332,-0.2795,A,relation-reasoning-agent-eval-v3.1
2026-08-09T09:20:00+09:00,CMP-S01-L01-01,S01,S01-L01,1,running,185.5977,440.579,92.3647,39.8136,-0.0033,A,relation-reasoning-agent-eval-v3.1
2026-08-09T09:20:00+09:00,CMP-S01-L02-01,S01,S01-L02,1,running,183.3307,454.4416,105.3841,36.5063,-0.4763,A,relation-reasoning-agent-eval-v3.1
2026-08-09T09:20:00+09:00,CMP-S01-L03-01,S01,S01-L03,1,running,167.4972,494.0375,109.0327,44.996,0.8214,A,relation-reasoning-agent-eval-v3.1
2026-08-09T09:20:00+09:00,CMP-S01-L04-01,S01,S01-L04,1,running,161.1992,433.7453,95.2137,38.8097,-0.1747,A,relation-reasoning-agent-eval-v3.1
2026-08-09T09:20:00+09:00,CMP-S01-L05-01,S01,S01-L05,1,running,179.1287,437.0412,99.3801,43.2441,0.3151,A,relation-reasoning-agent-eval-v3.1
2026-08-09T09:30:00+09:00,CMP-S01-L01-01,S01,S01-L01,1,running,194.7991,438.116,96.4393,43.9146,0.7562,A,relation-reasoning-agent-eval-v3.1
2026-08-09T09:30:00+09:00,CMP-S01-L02-01,S01,S01-L02,1,running,178.2458,472.0552,106.7415,40.0292,0.1761,A,relation-reasoning-agent-eval-v3.1
2026-08-09T09:30:00+09:00,CMP-S01-L03-01,S01,S01-L03,1,running,167.7765,483.5234,106.1595,41.51,0.1758,A,relation-reasoning-agent-eval-v3.1
2026-08-09T09:30:00+09:00,CMP-S01-L04-01,S01,S01-L04,1,running,151.1784,401.5879,96.7907,31.936,-1.4476,B,relation-reasoning-agent-eval-v3.1
2026-08-09T09:30:00+09:00,CMP-S01-L05-01,S01,S01-L05,1,running,183.7344,421.3089,101.8078,44.3454,0.519,A,relation-reasoning-agent-eval-v3.1
2026-08-09T09:40:00+09:00,CMP-S01-L01-01,S01,S01-L01,1,running,194.475,464.2154,95.3573,48.33,1.5738,B,relation-reasoning-agent-eval-v3.1
2026-08-09T09:40:00+09:00,CMP-S01-L02-01,S01,S01-L02,1,running,165.9158,461.8954,112.689,37.4219,-0.3067,A,relation-reasoning-agent-eval-v3.1
2026-08-09T09:40:00+09:00,CMP-S01-L03-01,S01,S01-L03,1,running,162.48,495.6293,111.508,37.6222,-0.5441,A,relation-reasoning-agent-eval-v3.1
2026-08-09T09:40:00+09:00,CMP-S01-L04-01,S01,S01-L04,1,running,154.4122,449.4297,96.5084,30.7102,-1.6746,B,relation-reasoning-agent-eval-v3.1
2026-08-09T09:40:00+09:00,CMP-S01-L05-01,S01,S01-L05,1,running,182.6146,440.6537,99.0188,40.9905,-0.1022,A,relation-reasoning-agent-eval-v3.1
2026-08-09T09:50:00+09:00,CMP-S01-L01-01,S01,S01-L01,1,running,191.0373,461.0558,97.354,46.7899,1.2886,B,relation-reasoning-agent-eval-v3.1
2026-08-09T09:50:00+09:00,CMP-S01-L02-01,S01,S01-L02,1,running,173.234,452.4662,104.5858,39.2811,0.0376,A,relation-reasoning-agent-eval-v3.1
2026-08-09T09:50:00+09:00,CMP-S01-L03-01,S01,S01-L03,1,running,159.191,485.9678,110.9496,38.8126,-0.3237,A,relation-reasoning-agent-eval-v3.1
2026-08-09T09:50:00+09:00,CMP-S01-L04-01,S01,S01-L04,1,running,184.9532,472.3167,95.611,28.7293,-2.0414,C,relation-reasoning-agent-eval-v3.1
2026-08-09T09:50:00+09:00,CMP-S01-L05-01,S01,S01-L05,1,running,188.9296,439.4387,98.4498,33.6651,-1.4588,B,relation-reasoning-agent-eval-v3.1
2026-08-09T10:00:00+09:00,CMP-S01-L01-01,S01,S01-L01,1,running,196.5968,448.6128,99.2767,48.0407,1.5203,B,relation-reasoning-agent-eval-v3.1
2026-08-09T10:00:00+09:00,CMP-S01-L02-01,S01,S01-L02,1,running,174.8467,453.5969,100.3153,44.4043,0.9863,A,relation-reasoning-agent-eval-v3.1
2026-08-09T10:00:00+09:00,CMP-S01-L03-01,S01,S01-L03,1,running,180.2052,436.6496,105.1563,35.9061,-0.8619,A,relation-reasoning-agent-eval-v3.1
2026-08-09T10:00:00+09:00,CMP-S01-L04-01,S01,S01-L04,1,running,184.0397,423.7907,101.9997,28.3707,-2.1079,C,relation-reasoning-agent-eval-v3.1
2026-08-09T10:00:00+09:00,CMP-S01-L05-01,S01,S01-L05,1,running,179.2795,405.3455,95.4207,39.4033,-0.3962,A,relation-reasoning-agent-eval-v3.1
2026-08-09T10:10:00+09:00,CMP-S01-L01-01,S01,S01-L01,1,running,195.2062,454.6831,103.8379,49.5533,1.8004,B,relation-reasoning-agent-eval-v3.1
2026-08-09T10:10:00+09:00,CMP-S01-L02-01,S01,S01-L02,1,running,180.6728,424.8639,103.0284,46.2687,1.3315,B,relation-reasoning-agent-eval-v3.1
2026-08-09T10:10:00+09:00,CMP-S01-L03-01,S01,S01-L03,1,running,168.7263,443.3355,107.9578,32.4378,-1.5042,B,relation-reasoning-agent-eval-v3.1
2026-08-09T10:10:00+09:00,CMP-S01-L04-01,S01,S01-L04,1,running,180.7602,408.5971,107.285,29.4653,-1.9051,B,relation-reasoning-agent-eval-v3.1
2026-08-09T10:10:00+09:00,CMP-S01-L05-01,S01,S01-L05,1,running,156.903,400.276,95.1313,34.5407,-1.2966,B,relation-reasoning-agent-eval-v3.1
2026-08-09T10:20:00+09:00,CMP-S01-L01-01,S01,S01-L01,1,running,169.9288,519.6866,93.8302,54.2869,2.677,C,relation-reasoning-agent-eval-v3.1
2026-08-09T10:20:00+09:00,CMP-S01-L02-01,S01,S01-L02,1,running,177.5991,462.3133,99.1186,42.9803,0.7226,A,relation-reasoning-agent-eval-v3.1
2026-08-09T10:20:00+09:00,CMP-S01-L03-01,S01,S01-L03,1,running,157.0926,411.4885,112.8586,36.3547,-0.7788,A,relation-reasoning-agent-eval-v3.1
2026-08-09T10:20:00+09:00,CMP-S01-L04-01,S01,S01-L04,1,running,193.7045,395.3196,99.9841,31.8857,-1.4569,B,relation-reasoning-agent-eval-v3.1
2026-08-09T10:20:00+09:00,CMP-S01-L05-01,S01,S01-L05,1,running,153.2891,381.5611,97.3817,36.1829,-0.9925,A,relation-reasoning-agent-eval-v3.1
2026-08-09T10:30:00+09:00,CMP-S01-L01-01,S01,S01-L01,1,running,174.5069,541.2904,89.0931,49.3874,1.7697,B,relation-reasoning-agent-eval-v3.1
2026-08-09T10:30:00+09:00,CMP-S01-L02-01,S01,S01-L02,1,running,177.1112,468.6988,104.5541,45.8765,1.2589,B,relation-reasoning-agent-eval-v3.1
2026-08-09T10:30:00+09:00,CMP-S01-L03-01,S01,S01-L03,1,running,153.234,433.0464,113.4461,32.8631,-1.4254,B,relation-reasoning-agent-eval-v3.1
2026-08-09T10:30:00+09:00,CMP-S01-L04-01,S01,S01-L04,1,running,173.486,428.6294,105.541,34.3515,-1.0003,B,relation-reasoning-agent-eval-v3.1
2026-08-09T10:30:00+09:00,CMP-S01-L05-01,S01,S01-L05,1,running,172.4073,395.77,94.4605,43.3368,0.3323,A,relation-reasoning-agent-eval-v3.1
2026-08-09T10:40:00+09:00,CMP-S01-L01-01,S01,S01-L01,1,running,180.3463,507.8243,95.5176,44.5781,0.879,A,relation-reasoning-agent-eval-v3.1
2026-08-09T10:40:00+09:00,CMP-S01-L02-01,S01,S01-L02,1,running,158.5139,463.8336,109.6939,47.6105,1.58,B,relation-reasoning-agent-eval-v3.1
2026-08-09T10:40:00+09:00,CMP-S01-L03-01,S01,S01-L03,1,running,158.5539,421.8598,113.4261,39.1991,-0.2521,A,relation-reasoning-agent-eval-v3.1
2026-08-09T10:40:00+09:00,CMP-S01-L04-01,S01,S01-L04,1,running,172.9335,408.6274,103.024,33.9083,-1.0824,B,relation-reasoning-agent-eval-v3.1
2026-08-09T10:40:00+09:00,CMP-S01-L05-01,S01,S01-L05,1,running,176.2618,404.691,95.1924,41.0275,-0.0954,A,relation-reasoning-agent-eval-v3.1
2026-08-09T10:50:00+09:00,CMP-S01-L01-01,S01,S01-L01,1,running,174.0982,496.7052,90.6033,48.0143,1.5154,B,relation-reasoning-agent-eval-v3.1
2026-08-09T10:50:00+09:00,CMP-S01-L02-01,S01,S01-L02,1,running,177.7169,496.9035,100.1284,45.8082,1.2463,B,relation-reasoning-agent-eval-v3.1
2026-08-09T10:50:00+09:00,CMP-S01-L03-01,S01,S01-L03,1,running,133.2323,436.8353,104.333,38.6167,-0.36,A,relation-reasoning-agent-eval-v3.1
2026-08-09T10:50:00+09:00,CMP-S01-L04-01,S01,S01-L04,1,running,175.0937,426.5869,98.5885,32.4263,-1.3568,B,relation-reasoning-agent-eval-v3.1
2026-08-09T10:50:00+09:00,CMP-S01-L05-01,S01,S01-L05,1,running,176.671,380.9324,89.9047,41.9918,0.0832,A,relation-reasoning-agent-eval-v3.1
2026-08-09T11:00:00+09:00,CMP-S01-L01-01,S01,S01-L01,1,running,165.9049,468.4135,99.5623,41.9041,0.3839,A,relation-reasoning-agent-eval-v3.1
2026-08-09T11:00:00+09:00,CMP-S01-L02-01,S01,S01-L02,1,running,204.9333,485.6662,94.8974,48.7727,1.7953,B,relation-reasoning-agent-eval-v3.1
2026-08-09T11:00:00+09:00,CMP-S01-L03-01,S01,S01-L03,1,running,134.8535,448.6897,103.9951,33.271,-1.3499,B,relation-reasoning-agent-eval-v3.1
2026-08-09T11:00:00+09:00,CMP-S01-L04-01,S01,S01-L04,1,running,173.6225,408.0231,98.6587,36.9946,-0.5108,A,relation-reasoning-agent-eval-v3.1
2026-08-09T11:00:00+09:00,CMP-S01-L05-01,S01,S01-L05,1,running,171.8043,358.2183,94.0123,47.3204,1.07,B,relation-reasoning-agent-eval-v3.1
2026-08-09T11:10:00+09:00,CMP-S01-L01-01,S01,S01-L01,1,running,174.9228,454.9582,95.6522,42.7121,0.5335,A,relation-reasoning-agent-eval-v3.1
2026-08-09T11:10:00+09:00,CMP-S01-L02-01,S01,S01-L02,1,running,209.11,449.5705,100.497,45.6753,1.2217,B,relation-reasoning-agent-eval-v3.1
2026-08-09T11:10:00+09:00,CMP-S01-L03-01,S01,S01-L03,1,running,154.6184,458.9812,98.2714,26.4193,-2.6187,C,relation-reasoning-agent-eval-v3.1
2026-08-09T11:10:00+09:00,CMP-S01-L04-01,S01,S01-L04,1,running,158.4751,456.3273,100.5091,31.5716,-1.5151,B,relation-reasoning-agent-eval-v3.1
2026-08-09T11:10:00+09:00,CMP-S01-L05-01,S01,S01-L05,1,running,170.5411,419.4606,99.9676,40.1522,-0.2575,A,relation-reasoning-agent-eval-v3.1
2026-08-09T11:20:00+09:00,CMP-S01-L01-01,S01,S01-L01,1,running,174.1682,422.5021,101.7046,40.5616,0.1353,A,relation-reasoning-agent-eval-v3.1
2026-08-09T11:20:00+09:00,CMP-S01-L02-01,S01,S01-L02,1,running,212.7725,478.0825,102.1386,44.9431,1.0861,B,relation-reasoning-agent-eval-v3.1
2026-08-09T11:20:00+09:00,CMP-S01-L03-01,S01,S01-L03,1,running,161.3797,510.531,99.5415,35.8626,-0.87,A,relation-reasoning-agent-eval-v3.1
2026-08-09T11:20:00+09:00,CMP-S01-L04-01,S01,S01-L04,1,running,168.0913,439.5423,97.9367,31.8504,-1.4635,B,relation-reasoning-agent-eval-v3.1
2026-08-09T11:20:00+09:00,CMP-S01-L05-01,S01,S01-L05,1,running,172.929,361.5212,91.8673,43.4921,0.361,A,relation-reasoning-agent-eval-v3.1
2026-08-09T11:30:00+09:00,CMP-S01-L01-01,S01,S01-L01,1,running,187.9764,425.1054,94.9149,37.9175,-0.3544,A,relation-reasoning-agent-eval-v3.1
2026-08-09T11:30:00+09:00,CMP-S01-L02-01,S01,S01-L02,1,running,191.2404,453.9516,102.0789,47.1314,1.4913,B,relation-reasoning-agent-eval-v3.1
2026-08-09T11:30:00+09:00,CMP-S01-L03-01,S01,S01-L03,1,running,158.3581,481.6609,102.0945,35.9952,-0.8454,A,relation-reasoning-agent-eval-v3.1
2026-08-09T11:30:00+09:00,CMP-S01-L04-01,S01,S01-L04,1,running,168.5577,441.6029,102.61,33.735,-1.1145,B,relation-reasoning-agent-eval-v3.1
2026-08-09T11:30:00+09:00,CMP-S01-L05-01,S01,S01-L05,1,running,188.6866,380.7023,92.4615,52.5573,2.0398,C,relation-reasoning-agent-eval-v3.1
2026-08-09T11:40:00+09:00,CMP-S01-L01-01,S01,S01-L01,1,running,189.1825,383.421,95.898,35.6037,-0.7829,A,relation-reasoning-agent-eval-v3.1
2026-08-09T11:40:00+09:00,CMP-S01-L02-01,S01,S01-L02,1,running,187.6334,473.872,98.3844,43.1371,0.7516,A,relation-reasoning-agent-eval-v3.1
2026-08-09T11:40:00+09:00,CMP-S01-L03-01,S01,S01-L03,1,running,172.6899,476.9704,100.2824,34.4099,-1.139,B,relation-reasoning-agent-eval-v3.1
2026-08-09T11:40:00+09:00,CMP-S01-L04-01,S01,S01-L04,1,running,153.7978,487.8857,99.8347,33.6103,-1.1375,B,relation-reasoning-agent-eval-v3.1
2026-08-09T11:40:00+09:00,CMP-S01-L05-01,S01,S01-L05,1,running,204.6963,372.4562,92.3,50.9667,1.7452,B,relation-reasoning-agent-eval-v3.1
2026-08-09T11:50:00+09:00,CMP-S01-L01-01,S01,S01-L01,1,running,178.0938,480.7498,88.3347,38.3276,-0.2785,A,relation-reasoning-agent-eval-v3.1
2026-08-09T11:50:00+09:00,CMP-S01-L02-01,S01,S01-L02,1,running,185.1466,445.2868,100.1097,46.8643,1.4419,B,relation-reasoning-agent-eval-v3.1
2026-08-09T11:50:00+09:00,CMP-S01-L03-01,S01,S01-L03,1,running,174.3682,478.7259,103.2552,34.7782,-1.0708,B,relation-reasoning-agent-eval-v3.1
2026-08-09T11:50:00+09:00,CMP-S01-L04-01,S01,S01-L04,1,running,160.4663,486.9625,106.2659,40.5467,0.147,A,relation-reasoning-agent-eval-v3.1
2026-08-09T11:50:00+09:00,CMP-S01-L05-01,S01,S01-L05,1,running,203.1485,399.7818,94.2169,40.5662,-0.1808,A,relation-reasoning-agent-eval-v3.1
2026-08-09T12:00:00+09:00,CMP-S01-L01-01,S01,S01-L01,1,running,198.397,423.8815,90.8467,42.0994,0.42,A,relation-reasoning-agent-eval-v3.1
2026-08-09T12:00:00+09:00,CMP-S01-L02-01,S01,S01-L02,1,running,166.1687,432.8318,106.2281,47.1236,1.4899,B,relation-reasoning-agent-eval-v3.1
2026-08-09T12:00:00+09:00,CMP-S01-L03-01,S01,S01-L03,1,running,186.4228,489.0755,103.9522,35.5245,-0.9326,A,relation-reasoning-agent-eval-v3.1
2026-08-09T12:00:00+09:00,CMP-S01-L04-01,S01,S01-L04,1,running,159.7303,437.0537,104.9638,45.0847,0.9873,A,relation-reasoning-agent-eval-v3.1
2026-08-09T12:00:00+09:00,CMP-S01-L05-01,S01,S01-L05,1,running,185.0295,393.7902,92.9353,46.3136,0.8835,A,relation-reasoning-agent-eval-v3.1
2026-08-09T12:10:00+09:00,CMP-S01-L01-01,S01,S01-L01,1,running,195.1659,470.8591,103.161,39.4582,-0.0691,A,relation-reasoning-agent-eval-v3.1
2026-08-09T12:10:00+09:00,CMP-S01-L02-01,S01,S01-L02,1,running,150.9268,433.9995,107.3851,46.2946,1.3364,B,relation-reasoning-agent-eval-v3.1
2026-08-09T12:10:00+09:00,CMP-S01-L03-01,S01,S01-L03,1,running,173.6033,508.3192,102.4118,42.7863,0.4122,A,relation-reasoning-agent-eval-v3.1
2026-08-09T12:10:00+09:00,CMP-S01-L04-01,S01,S01-L04,1,running,175.2477,494.0979,111.1115,35.7828,-0.7352,A,relation-reasoning-agent-eval-v3.1
2026-08-09T12:10:00+09:00,CMP-S01-L05-01,S01,S01-L05,1,running,161.8228,357.3172,91.6839,42.8251,0.2375,A,relation-reasoning-agent-eval-v3.1
2026-08-09T12:20:00+09:00,CMP-S01-L01-01,S01,S01-L01,1,running,167.558,480.7139,101.3187,37.1689,-0.493,A,relation-reasoning-agent-eval-v3.1
2026-08-09T12:20:00+09:00,CMP-S01-L02-01,S01,S01-L02,1,running,169.2557,402.8326,100.8937,44.523,1.0083,B,relation-reasoning-agent-eval-v3.1
2026-08-09T12:20:00+09:00,CMP-S01-L03-01,S01,S01-L03,1,running,176.7766,498.4027,102.1889,37.7981,-0.5115,A,relation-reasoning-agent-eval-v3.1
2026-08-09T12:20:00+09:00,CMP-S01-L04-01,S01,S01-L04,1,running,162.305,469.144,107.5404,40.233,0.0889,A,relation-reasoning-agent-eval-v3.1
2026-08-09T12:20:00+09:00,CMP-S01-L05-01,S01,S01-L05,1,running,181.4059,348.108,86.7356,43.4566,0.3544,A,relation-reasoning-agent-eval-v3.1
2026-08-09T12:30:00+09:00,CMP-S01-L01-01,S01,S01-L01,1,running,149.8916,470.1001,98.6646,34.4462,-0.9972,A,relation-reasoning-agent-eval-v3.1
2026-08-09T12:30:00+09:00,CMP-S01-L02-01,S01,S01-L02,1,running,174.1883,432.204,100.0387,43.5955,0.8365,A,relation-reasoning-agent-eval-v3.1
2026-08-09T12:30:00+09:00,CMP-S01-L03-01,S01,S01-L03,1,running,189.6189,503.9271,108.9293,34.7579,-1.0746,B,relation-reasoning-agent-eval-v3.1
2026-08-09T12:30:00+09:00,CMP-S01-L04-01,S01,S01-L04,1,running,158.2669,497.3131,110.0258,38.526,-0.2272,A,relation-reasoning-agent-eval-v3.1
2026-08-09T12:30:00+09:00,CMP-S01-L05-01,S01,S01-L05,1,running,179.3813,358.3159,92.88,41.0239,-0.0961,A,relation-reasoning-agent-eval-v3.1
2026-08-09T12:40:00+09:00,CMP-S01-L01-01,S01,S01-L01,1,running,148.6158,467.2487,103.9287,32.7829,-1.3053,B,relation-reasoning-agent-eval-v3.1
2026-08-09T12:40:00+09:00,CMP-S01-L02-01,S01,S01-L02,1,running,163.4961,397.7435,95.1324,42.186,0.5755,A,relation-reasoning-agent-eval-v3.1
2026-08-09T12:40:00+09:00,CMP-S01-L03-01,S01,S01-L03,1,running,177.8134,445.1844,102.541,39.5133,-0.1939,A,relation-reasoning-agent-eval-v3.1
2026-08-09T12:40:00+09:00,CMP-S01-L04-01,S01,S01-L04,1,running,162.7186,486.7998,115.4506,40.4467,0.1284,A,relation-reasoning-agent-eval-v3.1
2026-08-09T12:40:00+09:00,CMP-S01-L05-01,S01,S01-L05,1,running,179.1856,352.2186,96.1234,42.2316,0.1276,A,relation-reasoning-agent-eval-v3.1
2026-08-09T12:50:00+09:00,CMP-S01-L01-01,S01,S01-L01,1,running,163.0151,450.508,99.4877,32.428,-1.371,B,relation-reasoning-agent-eval-v3.1
2026-08-09T12:50:00+09:00,CMP-S01-L02-01,S01,S01-L02,1,running,172.9716,347.2764,98.7324,41.8925,0.5212,A,relation-reasoning-agent-eval-v3.1
2026-08-09T12:50:00+09:00,CMP-S01-L03-01,S01,S01-L03,1,running,180.8176,458.8221,101.873,36.9385,-0.6707,A,relation-reasoning-agent-eval-v3.1
2026-08-09T12:50:00+09:00,CMP-S01-L04-01,S01,S01-L04,1,running,184.0459,461.6032,116.7298,34.9165,-0.8957,A,relation-reasoning-agent-eval-v3.1
2026-08-09T12:50:00+09:00,CMP-S01-L05-01,S01,S01-L05,1,running,179.4155,363.2021,94.5564,34.2638,-1.3479,B,relation-reasoning-agent-eval-v3.1
2026-08-09T13:00:00+09:00,CMP-S01-L01-01,S01,S01-L01,1,running,170.5391,455.4235,99.949,35.7262,-0.7602,A,relation-reasoning-agent-eval-v3.1
2026-08-09T13:00:00+09:00,CMP-S01-L02-01,S01,S01-L02,1,running,160.1741,400.6659,93.8075,44.8331,1.0657,B,relation-reasoning-agent-eval-v3.1
2026-08-09T13:00:00+09:00,CMP-S01-L03-01,S01,S01-L03,1,running,197.1593,482.8426,99.8708,36.32,-0.7853,A,relation-reasoning-agent-eval-v3.1
2026-08-09T13:00:00+09:00,CMP-S01-L04-01,S01,S01-L04,1,running,193.0025,453.5583,115.747,36.9765,-0.5142,A,relation-reasoning-agent-eval-v3.1
2026-08-09T13:00:00+09:00,CMP-S01-L05-01,S01,S01-L05,1,running,163.2476,335.8185,99.4517,41.651,0.0201,A,relation-reasoning-agent-eval-v3.1
2026-08-09T13:10:00+09:00,CMP-S01-L01-01,S01,S01-L01,1,running,152.4809,456.9808,97.4725,37.6969,-0.3952,A,relation-reasoning-agent-eval-v3.1
2026-08-09T13:10:00+09:00,CMP-S01-L02-01,S01,S01-L02,1,running,169.1432,385.3381,93.2892,45.6859,1.2236,B,relation-reasoning-agent-eval-v3.1
2026-08-09T13:10:00+09:00,CMP-S01-L03-01,S01,S01-L03,1,running,208.449,507.3922,101.2096,34.3518,-1.1498,B,relation-reasoning-agent-eval-v3.1
2026-08-09T13:10:00+09:00,CMP-S01-L04-01,S01,S01-L04,1,running,197.8525,408.9461,103.7569,37.0767,-0.4956,A,relation-reasoning-agent-eval-v3.1
2026-08-09T13:10:00+09:00,CMP-S01-L05-01,S01,S01-L05,1,running,160.9042,368.1613,102.2788,40.7451,-0.1477,A,relation-reasoning-agent-eval-v3.1
2026-08-09T13:20:00+09:00,CMP-S01-L01-01,S01,S01-L01,1,running,163.7148,404.697,97.8853,38.4937,-0.2477,A,relation-reasoning-agent-eval-v3.1
2026-08-09T13:20:00+09:00,CMP-S01-L02-01,S01,S01-L02,1,running,168.4217,414.5881,95.847,45.7727,1.2397,B,relation-reasoning-agent-eval-v3.1
2026-08-09T13:20:00+09:00,CMP-S01-L03-01,S01,S01-L03,1,running,194.4408,487.3156,105.7589,33.9266,-1.2285,B,relation-reasoning-agent-eval-v3.1
2026-08-09T13:20:00+09:00,CMP-S01-L04-01,S01,S01-L04,1,running,186.9393,399.5461,105.602,32.2701,-1.3857,B,relation-reasoning-agent-eval-v3.1
2026-08-09T13:20:00+09:00,CMP-S01-L05-01,S01,S01-L05,1,running,156.9188,403.9892,103.5322,38.5254,-0.5587,A,relation-reasoning-agent-eval-v3.1
2026-08-09T13:30:00+09:00,CMP-S01-L01-01,S01,S01-L01,1,running,177.1389,395.0221,104.6093,43.5592,0.6904,A,relation-reasoning-agent-eval-v3.1
2026-08-09T13:30:00+09:00,CMP-S01-L02-01,S01,S01-L02,1,running,159.7259,381.6867,99.7773,38.5625,-0.0955,A,relation-reasoning-agent-eval-v3.1
2026-08-09T13:30:00+09:00,CMP-S01-L03-01,S01,S01-L03,1,running,181.8296,441.2893,102.5629,38.2732,-0.4236,A,relation-reasoning-agent-eval-v3.1
2026-08-09T13:30:00+09:00,CMP-S01-L04-01,S01,S01-L04,1,running,180.2081,399.1214,101.8062,43.5045,0.6947,A,relation-reasoning-agent-eval-v3.1
2026-08-09T13:30:00+09:00,CMP-S01-L05-01,S01,S01-L05,1,running,179.4955,391.2632,92.4158,39.7057,-0.3402,A,relation-reasoning-agent-eval-v3.1
2026-08-09T13:40:00+09:00,CMP-S01-L01-01,S01,S01-L01,1,running,177.3896,398.9735,105.3302,36.8539,-0.5514,A,relation-reasoning-agent-eval-v3.1
2026-08-09T13:40:00+09:00,CMP-S01-L02-01,S01,S01-L02,1,running,167.5142,401.0403,108.3615,44.4333,0.9917,A,relation-reasoning-agent-eval-v3.1
2026-08-09T13:40:00+09:00,CMP-S01-L03-01,S01,S01-L03,1,running,184.0287,412.5079,99.897,41.4433,0.1635,A,relation-reasoning-agent-eval-v3.1
2026-08-09T13:40:00+09:00,CMP-S01-L04-01,S01,S01-L04,1,running,179.7517,373.8767,101.9166,46.5452,1.2578,B,relation-reasoning-agent-eval-v3.1
2026-08-09T13:40:00+09:00,CMP-S01-L05-01,S01,S01-L05,1,running,178.2867,415.5389,93.6494,36.7538,-0.8868,A,relation-reasoning-agent-eval-v3.1
2026-08-09T13:50:00+09:00,CMP-S01-L01-01,S01,S01-L01,1,running,167.9634,384.5281,101.2542,35.8035,-0.7459,A,relation-reasoning-agent-eval-v3.1
2026-08-09T13:50:00+09:00,CMP-S01-L02-01,S01,S01-L02,1,running,168.4232,390.3107,99.307,35.992,-0.5715,A,relation-reasoning-agent-eval-v3.1
2026-08-09T13:50:00+09:00,CMP-S01-L03-01,S01,S01-L03,1,running,191.4192,402.5391,99.4294,39.4992,-0.1965,A,relation-reasoning-agent-eval-v3.1
2026-08-09T13:50:00+09:00,CMP-S01-L04-01,S01,S01-L04,1,running,183.9288,418.8064,103.7076,48.0908,1.544,B,relation-reasoning-agent-eval-v3.1
2026-08-09T13:50:00+09:00,CMP-S01-L05-01,S01,S01-L05,1,running,166.6562,456.6675,95.896,35.2477,-1.1657,B,relation-reasoning-agent-eval-v3.1
2026-08-09T14:00:00+09:00,CMP-S01-L01-01,S01,S01-L01,1,running,185.5795,411.4244,103.6654,37.4027,-0.4497,A,relation-reasoning-agent-eval-v3.1
2026-08-09T14:00:00+09:00,CMP-S01-L02-01,S01,S01-L02,1,running,187.8631,400.0118,105.4329,38.8854,-0.0357,A,relation-reasoning-agent-eval-v3.1
2026-08-09T14:00:00+09:00,CMP-S01-L03-01,S01,S01-L03,1,running,190.9996,413.7397,107.8681,44.5715,0.7428,A,relation-reasoning-agent-eval-v3.1
2026-08-09T14:00:00+09:00,CMP-S01-L04-01,S01,S01-L04,1,running,176.6843,414.0092,106.8988,41.903,0.3981,A,relation-reasoning-agent-eval-v3.1
2026-08-09T14:00:00+09:00,CMP-S01-L05-01,S01,S01-L05,1,running,164.1954,451.1617,95.3657,34.9283,-1.2249,B,relation-reasoning-agent-eval-v3.1
2026-08-09T14:10:00+09:00,CMP-S01-L01-01,S01,S01-L01,1,running,192.3942,426.3008,108.6454,40.4406,0.1128,A,relation-reasoning-agent-eval-v3.1
2026-08-09T14:10:00+09:00,CMP-S01-L02-01,S01,S01-L02,1,running,182.414,436.4032,105.7898,40.3617,0.2377,A,relation-reasoning-agent-eval-v3.1
2026-08-09T14:10:00+09:00,CMP-S01-L03-01,S01,S01-L03,1,running,180.7801,430.5504,101.9631,49.0441,1.571,B,relation-reasoning-agent-eval-v3.1
2026-08-09T14:10:00+09:00,CMP-S01-L04-01,S01,S01-L04,1,running,171.1814,398.9892,108.3802,37.9973,-0.3252,A,relation-reasoning-agent-eval-v3.1
2026-08-09T14:10:00+09:00,CMP-S01-L05-01,S01,S01-L05,1,running,162.6331,460.399,93.3922,32.4961,-1.6753,B,relation-reasoning-agent-eval-v3.1
2026-08-09T14:20:00+09:00,CMP-S01-L01-01,S01,S01-L01,1,running,184.0725,426.3382,106.1988,46.1685,1.1736,B,relation-reasoning-agent-eval-v3.1
2026-08-09T14:20:00+09:00,CMP-S01-L02-01,S01,S01-L02,1,running,183.7718,442.1949,97.7815,40.9575,0.348,A,relation-reasoning-agent-eval-v3.1
2026-08-09T14:20:00+09:00,CMP-S01-L03-01,S01,S01-L03,1,running,173.2413,412.1895,105.6539,44.966,0.8158,A,relation-reasoning-agent-eval-v3.1
2026-08-09T14:20:00+09:00,CMP-S01-L04-01,S01,S01-L04,1,running,175.0409,439.9759,107.2965,41.7872,0.3767,A,relation-reasoning-agent-eval-v3.1
2026-08-09T14:20:00+09:00,CMP-S01-L05-01,S01,S01-L05,1,running,181.1323,464.337,96.5706,37.1986,-0.8045,A,relation-reasoning-agent-eval-v3.1
2026-08-09T14:30:00+09:00,CMP-S01-L01-01,S01,S01-L01,1,running,171.0908,359.2631,105.0388,39.2938,-0.0995,A,relation-reasoning-agent-eval-v3.1
2026-08-09T14:30:00+09:00,CMP-S01-L02-01,S01,S01-L02,1,running,188.5757,371.4429,102.9659,41.0296,0.3614,A,relation-reasoning-agent-eval-v3.1
2026-08-09T14:30:00+09:00,CMP-S01-L03-01,S01,S01-L03,1,running,188.5461,418.4761,99.9913,39.3817,-0.2183,A,relation-reasoning-agent-eval-v3.1
2026-08-09T14:30:00+09:00,CMP-S01-L04-01,S01,S01-L04,1,running,182.7478,470.4281,107.7878,41.804,0.3798,A,relation-reasoning-agent-eval-v3.1
2026-08-09T14:30:00+09:00,CMP-S01-L05-01,S01,S01-L05,1,running,180.2212,408.0923,95.3265,23.8857,-3.2698,D,relation-reasoning-agent-eval-v3.1
2026-08-09T14:40:00+09:00,CMP-S01-L01-01,S01,S01-L01,1,running,180.3018,352.6638,107.116,39.4141,-0.0772,A,relation-reasoning-agent-eval-v3.1
2026-08-09T14:40:00+09:00,CMP-S01-L02-01,S01,S01-L02,1,running,169.5588,387.9827,104.7995,40.4919,0.2618,A,relation-reasoning-agent-eval-v3.1
2026-08-09T14:40:00+09:00,CMP-S01-L03-01,S01,S01-L03,1,running,166.2008,420.669,104.6023,41.9801,0.2629,A,relation-reasoning-agent-eval-v3.1
2026-08-09T14:40:00+09:00,CMP-S01-L04-01,S01,S01-L04,1,running,176.3349,430.659,100.4179,43.1353,0.6263,A,relation-reasoning-agent-eval-v3.1
2026-08-09T14:40:00+09:00,CMP-S01-L05-01,S01,S01-L05,1,running,182.5313,383.6786,94.9814,37.1479,-0.8138,A,relation-reasoning-agent-eval-v3.1
2026-08-09T14:50:00+09:00,CMP-S01-L01-01,S01,S01-L01,1,running,178.9638,369.589,109.7391,36.1572,-0.6804,A,relation-reasoning-agent-eval-v3.1
2026-08-09T14:50:00+09:00,CMP-S01-L02-01,S01,S01-L02,1,running,178.7003,449.0634,104.9325,39.8571,0.1442,A,relation-reasoning-agent-eval-v3.1
2026-08-09T14:50:00+09:00,CMP-S01-L03-01,S01,S01-L03,1,running,176.9729,494.6694,105.7884,45.7464,0.9604,A,relation-reasoning-agent-eval-v3.1
2026-08-09T14:50:00+09:00,CMP-S01-L04-01,S01,S01-L04,1,running,188.493,429.6475,97.4938,35.0991,-0.8619,A,relation-reasoning-agent-eval-v3.1
2026-08-09T14:50:00+09:00,CMP-S01-L05-01,S01,S01-L05,1,running,165.8736,425.8952,98.03,37.0244,-0.8367,A,relation-reasoning-agent-eval-v3.1
2026-08-09T15:00:00+09:00,CMP-S01-L01-01,S01,S01-L01,1,running,181.5339,437.4384,103.6158,39.4957,-0.0621,A,relation-reasoning-agent-eval-v3.1
2026-08-09T15:00:00+09:00,CMP-S01-L02-01,S01,S01-L02,1,running,192.1783,456.9001,103.5017,45.5968,1.2071,B,relation-reasoning-agent-eval-v3.1
2026-08-09T15:00:00+09:00,CMP-S01-L03-01,S01,S01-L03,1,running,183.7783,444.634,98.7887,40.1474,-0.0765,A,relation-reasoning-agent-eval-v3.1
2026-08-09T15:00:00+09:00,CMP-S01-L04-01,S01,S01-L04,1,running,182.0363,414.5744,104.3663,36.344,-0.6313,A,relation-reasoning-agent-eval-v3.1
2026-08-09T15:00:00+09:00,CMP-S01-L05-01,S01,S01-L05,1,running,174.6656,479.0733,103.6953,39.1775,-0.438,A,relation-reasoning-agent-eval-v3.1
2026-08-09T15:10:00+09:00,CMP-S01-L01-01,S01,S01-L01,1,running,182.7007,477.012,102.4618,41.136,0.2416,A,relation-reasoning-agent-eval-v3.1
2026-08-09T15:10:00+09:00,CMP-S01-L02-01,S01,S01-L02,1,running,193.8149,434.9088,97.0633,47.5998,1.5781,B,relation-reasoning-agent-eval-v3.1
2026-08-09T15:10:00+09:00,CMP-S01-L03-01,S01,S01-L03,1,running,165.6432,438.6433,95.3794,40.8786,0.0589,A,relation-reasoning-agent-eval-v3.1
2026-08-09T15:10:00+09:00,CMP-S01-L04-01,S01,S01-L04,1,running,162.2976,426.7777,104.0226,37.0052,-0.5088,A,relation-reasoning-agent-eval-v3.1
2026-08-09T15:10:00+09:00,CMP-S01-L05-01,S01,S01-L05,1,running,180.1845,504.7882,101.3922,41.5946,0.0096,A,relation-reasoning-agent-eval-v3.1
2026-08-09T15:20:00+09:00,CMP-S01-L01-01,S01,S01-L01,1,running,172.1334,500.0608,101.8677,45.1416,0.9834,A,relation-reasoning-agent-eval-v3.1
2026-08-09T15:20:00+09:00,CMP-S01-L02-01,S01,S01-L02,1,running,189.824,436.5201,92.8658,44.4026,0.986,A,relation-reasoning-agent-eval-v3.1
2026-08-09T15:20:00+09:00,CMP-S01-L03-01,S01,S01-L03,1,running,166.2039,458.0548,96.6637,43.4207,0.5297,A,relation-reasoning-agent-eval-v3.1
2026-08-09T15:20:00+09:00,CMP-S01-L04-01,S01,S01-L04,1,running,157.0345,444.6484,101.8306,37.1267,-0.4863,A,relation-reasoning-agent-eval-v3.1
2026-08-09T15:20:00+09:00,CMP-S01-L05-01,S01,S01-L05,1,running,175.6453,465.2508,105.8573,45.8953,0.806,A,relation-reasoning-agent-eval-v3.1
2026-08-09T15:30:00+09:00,CMP-S01-L01-01,S01,S01-L01,1,running,165.4631,455.7526,101.5987,44.4944,0.8636,A,relation-reasoning-agent-eval-v3.1
2026-08-09T15:30:00+09:00,CMP-S01-L02-01,S01,S01-L02,1,running,190.7236,472.9698,98.8403,44.2907,0.9653,A,relation-reasoning-agent-eval-v3.1
2026-08-09T15:30:00+09:00,CMP-S01-L03-01,S01,S01-L03,1,running,167.4924,444.756,101.5226,45.7303,0.9574,A,relation-reasoning-agent-eval-v3.1
2026-08-09T15:30:00+09:00,CMP-S01-L04-01,S01,S01-L04,1,running,150.6805,472.8631,102.3463,36.8062,-0.5457,A,relation-reasoning-agent-eval-v3.1
2026-08-09T15:30:00+09:00,CMP-S01-L05-01,S01,S01-L05,1,running,161.7287,450.2895,107.5436,44.3534,0.5205,A,relation-reasoning-agent-eval-v3.1
2026-08-09T15:40:00+09:00,CMP-S01-L01-01,S01,S01-L01,1,running,163.6172,429.5751,109.028,38.7316,-0.2036,A,relation-reasoning-agent-eval-v3.1
2026-08-09T15:40:00+09:00,CMP-S01-L02-01,S01,S01-L02,1,running,194.1661,469.9068,98.7809,46.6077,1.3943,B,relation-reasoning-agent-eval-v3.1
2026-08-09T15:40:00+09:00,CMP-S01-L03-01,S01,S01-L03,1,running,169.0587,485.3396,107.2116,48.326,1.4381,B,relation-reasoning-agent-eval-v3.1
2026-08-09T15:40:00+09:00,CMP-S01-L04-01,S01,S01-L04,1,running,154.0001,431.1808,104.7438,37.877,-0.3474,A,relation-reasoning-agent-eval-v3.1
2026-08-09T15:40:00+09:00,CMP-S01-L05-01,S01,S01-L05,1,running,163.5618,413.09,105.4967,34.5404,-1.2967,B,relation-reasoning-agent-eval-v3.1
2026-08-09T15:50:00+09:00,CMP-S01-L01-01,S01,S01-L01,1,running,168.1894,432.2786,108.6605,45.8284,1.1106,B,relation-reasoning-agent-eval-v3.1
2026-08-09T15:50:00+09:00,CMP-S01-L02-01,S01,S01-L02,1,running,196.6472,449.0066,99.509,54.0952,2.7809,C,relation-reasoning-agent-eval-v3.1
2026-08-09T15:50:00+09:00,CMP-S01-L03-01,S01,S01-L03,1,running,156.0715,462.3076,110.7653,50.6807,1.8741,B,relation-reasoning-agent-eval-v3.1
2026-08-09T15:50:00+09:00,CMP-S01-L04-01,S01,S01-L04,1,running,156.7779,495.1116,93.3112,36.2954,-0.6404,A,relation-reasoning-agent-eval-v3.1
2026-08-09T15:50:00+09:00,CMP-S01-L05-01,S01,S01-L05,1,running,165.7879,414.7277,102.2996,37.626,-0.7253,A,relation-reasoning-agent-eval-v3.1
2026-08-09T16:00:00+09:00,CMP-S01-L01-01,S01,S01-L01,1,running,170.8792,451.5284,114.3831,39.498,-0.0617,A,relation-reasoning-agent-eval-v3.1
2026-08-09T16:00:00+09:00,CMP-S01-L02-01,S01,S01-L02,1,running,188.9314,458.3909,109.3256,50.2996,2.078,C,relation-reasoning-agent-eval-v3.1
2026-08-09T16:00:00+09:00,CMP-S01-L03-01,S01,S01-L03,1,running,162.5106,454.6633,111.0426,52.0747,2.1323,C,relation-reasoning-agent-eval-v3.1
2026-08-09T16:00:00+09:00,CMP-S01-L04-01,S01,S01-L04,1,running,167.803,509.094,98.807,36.1462,-0.668,A,relation-reasoning-agent-eval-v3.1
2026-08-09T16:00:00+09:00,CMP-S01-L05-01,S01,S01-L05,1,running,166.0956,409.7004,103.2244,40.6182,-0.1712,A,relation-reasoning-agent-eval-v3.1
2026-08-09T16:10:00+09:00,CMP-S01-L01-01,S01,S01-L01,1,running,168.9425,412.2725,116.2497,41.2311,0.2592,A,relation-reasoning-agent-eval-v3.1
2026-08-09T16:10:00+09:00,CMP-S01-L02-01,S01,S01-L02,1,running,182.586,477.0283,105.573,44.6494,1.0317,B,relation-reasoning-agent-eval-v3.1
2026-08-09T16:10:00+09:00,CMP-S01-L03-01,S01,S01-L03,1,running,153.5915,428.8398,103.1882,48.4736,1.4654,B,relation-reasoning-agent-eval-v3.1
2026-08-09T16:10:00+09:00,CMP-S01-L04-01,S01,S01-L04,1,running,167.8092,500.4689,100.633,39.4351,-0.0588,A,relation-reasoning-agent-eval-v3.1
2026-08-09T16:10:00+09:00,CMP-S01-L05-01,S01,S01-L05,1,running,165.1981,403.6134,99.3551,34.2814,-1.3447,B,relation-reasoning-agent-eval-v3.1
2026-08-09T16:20:00+09:00,CMP-S01-L01-01,S01,S01-L01,1,running,171.9378,421.9429,112.9519,41.898,0.3827,A,relation-reasoning-agent-eval-v3.1
2026-08-09T16:20:00+09:00,CMP-S01-L02-01,S01,S01-L02,1,running,163.9218,511.2964,105.455,41.6598,0.4781,A,relation-reasoning-agent-eval-v3.1
2026-08-09T16:20:00+09:00,CMP-S01-L03-01,S01,S01-L03,1,running,168.3806,410.4455,101.1597,40.3077,-0.0468,A,relation-reasoning-agent-eval-v3.1
2026-08-09T16:20:00+09:00,CMP-S01-L04-01,S01,S01-L04,1,running,182.1155,493.1709,95.905,42.1423,0.4424,A,relation-reasoning-agent-eval-v3.1
2026-08-09T16:20:00+09:00,CMP-S01-L05-01,S01,S01-L05,1,running,189.9111,432.6447,100.8534,33.0411,-1.5744,B,relation-reasoning-agent-eval-v3.1
2026-08-09T16:30:00+09:00,CMP-S01-L01-01,S01,S01-L01,1,running,154.1776,527.602,105.897,44.6401,0.8905,A,relation-reasoning-agent-eval-v3.1
2026-08-09T16:30:00+09:00,CMP-S01-L02-01,S01,S01-L02,1,running,178.2319,457.1366,106.156,40.5274,0.2683,A,relation-reasoning-agent-eval-v3.1
2026-08-09T16:30:00+09:00,CMP-S01-L03-01,S01,S01-L03,1,running,175.2132,403.8549,100.6299,38.1907,-0.4389,A,relation-reasoning-agent-eval-v3.1
2026-08-09T16:30:00+09:00,CMP-S01-L04-01,S01,S01-L04,1,running,176.3569,489.0573,100.0838,45.9406,1.1458,B,relation-reasoning-agent-eval-v3.1
2026-08-09T16:30:00+09:00,CMP-S01-L05-01,S01,S01-L05,1,running,185.4027,472.9566,102.2305,37.2225,-0.8,A,relation-reasoning-agent-eval-v3.1
2026-08-09T16:40:00+09:00,CMP-S01-L01-01,S01,S01-L01,1,running,167.9559,484.5805,98.0724,51.9012,2.2352,C,relation-reasoning-agent-eval-v3.1
2026-08-09T16:40:00+09:00,CMP-S01-L02-01,S01,S01-L02,1,running,185.2028,400.9762,107.8006,40.4847,0.2604,A,relation-reasoning-agent-eval-v3.1
2026-08-09T16:40:00+09:00,CMP-S01-L03-01,S01,S01-L03,1,running,177.4602,447.9905,103.3293,38.8174,-0.3228,A,relation-reasoning-agent-eval-v3.1
2026-08-09T16:40:00+09:00,CMP-S01-L04-01,S01,S01-L04,1,running,162.0264,540.5424,100.0359,47.0854,1.3578,B,relation-reasoning-agent-eval-v3.1
2026-08-09T16:40:00+09:00,CMP-S01-L05-01,S01,S01-L05,1,running,184.5306,453.5673,101.8933,36.4058,-0.9513,A,relation-reasoning-agent-eval-v3.1
2026-08-09T16:50:00+09:00,CMP-S01-L01-01,S01,S01-L01,1,running,166.8805,438.8365,92.0882,54.3553,2.6896,C,relation-reasoning-agent-eval-v3.1
2026-08-09T16:50:00+09:00,CMP-S01-L02-01,S01,S01-L02,1,running,162.6479,422.386,108.317,41.7037,0.4862,A,relation-reasoning-agent-eval-v3.1
2026-08-09T16:50:00+09:00,CMP-S01-L03-01,S01,S01-L03,1,running,172.5279,397.8569,105.2185,42.2204,0.3074,A,relation-reasoning-agent-eval-v3.1
2026-08-09T16:50:00+09:00,CMP-S01-L04-01,S01,S01-L04,1,running,171.1812,553.551,103.9676,45.5133,1.0667,B,relation-reasoning-agent-eval-v3.1
2026-08-09T16:50:00+09:00,CMP-S01-L05-01,S01,S01-L05,1,running,182.5768,413.5134,101.8028,36.3838,-0.9553,A,relation-reasoning-agent-eval-v3.1
2026-08-09T17:00:00+09:00,CMP-S01-L01-01,S01,S01-L01,1,running,153.7774,436.1147,95.3346,43.6531,0.7077,A,relation-reasoning-agent-eval-v3.1
2026-08-09T17:00:00+09:00,CMP-S01-L02-01,S01,S01-L02,1,running,158.923,436.7904,112.4049,34.1777,-0.9075,A,relation-reasoning-agent-eval-v3.1
2026-08-09T17:00:00+09:00,CMP-S01-L03-01,S01,S01-L03,1,running,192.5207,381.6498,98.6815,44.009,0.6386,A,relation-reasoning-agent-eval-v3.1
2026-08-09T17:00:00+09:00,CMP-S01-L04-01,S01,S01-L04,1,running,160.7473,504.6157,106.8401,49.7141,1.8447,B,relation-reasoning-agent-eval-v3.1
2026-08-09T17:00:00+09:00,CMP-S01-L05-01,S01,S01-L05,1,running,190.2916,434.6129,104.0584,31.2835,-1.8998,B,relation-reasoning-agent-eval-v3.1
2026-08-09T17:10:00+09:00,CMP-S01-L01-01,S01,S01-L01,1,running,172.9749,459.284,98.8812,42.9772,0.5826,A,relation-reasoning-agent-eval-v3.1
2026-08-09T17:10:00+09:00,CMP-S01-L02-01,S01,S01-L02,1,running,157.2127,450.8378,113.8217,39.3673,0.0535,A,relation-reasoning-agent-eval-v3.1
2026-08-09T17:10:00+09:00,CMP-S01-L03-01,S01,S01-L03,1,running,183.1881,387.5928,97.3176,38.8638,-0.3142,A,relation-reasoning-agent-eval-v3.1
2026-08-09T17:10:00+09:00,CMP-S01-L04-01,S01,S01-L04,1,running,150.3073,483.452,103.5292,53.9943,2.6372,C,relation-reasoning-agent-eval-v3.1
2026-08-09T17:10:00+09:00,CMP-S01-L05-01,S01,S01-L05,1,running,192.5861,396.2149,108.0947,38.1392,-0.6303,A,relation-reasoning-agent-eval-v3.1
2026-08-09T17:20:00+09:00,CMP-S01-L01-01,S01,S01-L01,1,running,166.1105,454.6172,93.0578,45.3794,1.0274,B,relation-reasoning-agent-eval-v3.1
2026-08-09T17:20:00+09:00,CMP-S01-L02-01,S01,S01-L02,1,running,161.8919,438.8799,108.2726,39.88,0.1485,A,relation-reasoning-agent-eval-v3.1
2026-08-09T17:20:00+09:00,CMP-S01-L03-01,S01,S01-L03,1,running,187.9814,353.2153,97.1928,35.8959,-0.8638,A,relation-reasoning-agent-eval-v3.1
2026-08-09T17:20:00+09:00,CMP-S01-L04-01,S01,S01-L04,1,running,171.0839,516.2705,113.047,53.2971,2.5082,C,relation-reasoning-agent-eval-v3.1
2026-08-09T17:20:00+09:00,CMP-S01-L05-01,S01,S01-L05,1,running,178.9207,392.7263,106.544,41.4187,-0.023,A,relation-reasoning-agent-eval-v3.1
2026-08-09T17:30:00+09:00,CMP-S01-L01-01,S01,S01-L01,1,running,177.35,454.652,98.9588,43.8131,0.7374,A,relation-reasoning-agent-eval-v3.1
2026-08-09T17:30:00+09:00,CMP-S01-L02-01,S01,S01-L02,1,running,157.2059,417.1978,111.9291,38.1641,-0.1693,A,relation-reasoning-agent-eval-v3.1
2026-08-09T17:30:00+09:00,CMP-S01-L03-01,S01,S01-L03,1,running,176.1461,374.4139,104.3064,37.2674,-0.6098,A,relation-reasoning-agent-eval-v3.1
2026-08-09T17:30:00+09:00,CMP-S01-L04-01,S01,S01-L04,1,running,159.4231,534.6719,109.7333,51.6434,2.2019,C,relation-reasoning-agent-eval-v3.1
2026-08-09T17:30:00+09:00,CMP-S01-L05-01,S01,S01-L05,1,running,185.8658,382.4288,105.5199,43.4552,0.3542,A,relation-reasoning-agent-eval-v3.1
2026-08-09T17:40:00+09:00,CMP-S01-L01-01,S01,S01-L01,1,running,185.8024,390.6279,98.1481,39.7716,-0.011,A,relation-reasoning-agent-eval-v3.1
2026-08-09T17:40:00+09:00,CMP-S01-L02-01,S01,S01-L02,1,running,169.1409,448.4276,107.2942,36.8326,-0.4159,A,relation-reasoning-agent-eval-v3.1
2026-08-09T17:40:00+09:00,CMP-S01-L03-01,S01,S01-L03,1,running,152.5822,409.3759,98.1942,36.8245,-0.6918,A,relation-reasoning-agent-eval-v3.1
2026-08-09T17:40:00+09:00,CMP-S01-L04-01,S01,S01-L04,1,running,153.2135,538.4908,110.2616,42.143,0.4426,A,relation-reasoning-agent-eval-v3.1
2026-08-09T17:40:00+09:00,CMP-S01-L05-01,S01,S01-L05,1,running,187.2642,360.2666,106.4473,46.0072,0.8268,A,relation-reasoning-agent-eval-v3.1
2026-08-09T17:50:00+09:00,CMP-S01-L01-01,S01,S01-L01,1,running,161.6817,405.0768,100.3656,44.0801,0.7868,A,relation-reasoning-agent-eval-v3.1
2026-08-09T17:50:00+09:00,CMP-S01-L02-01,S01,S01-L02,1,running,165.4363,464.8884,102.278,44.2202,0.9522,A,relation-reasoning-agent-eval-v3.1
2026-08-09T17:50:00+09:00,CMP-S01-L03-01,S01,S01-L03,1,running,139.4849,403.2162,97.2703,38.0412,-0.4665,A,relation-reasoning-agent-eval-v3.1
2026-08-09T17:50:00+09:00,CMP-S01-L04-01,S01,S01-L04,1,running,151.9659,542.3618,101.4583,43.388,0.6731,A,relation-reasoning-agent-eval-v3.1
2026-08-09T17:50:00+09:00,CMP-S01-L05-01,S01,S01-L05,1,running,184.9639,382.5652,104.9061,41.3146,-0.0422,A,relation-reasoning-agent-eval-v3.1
2026-08-09T18:00:00+09:00,CMP-S01-L01-01,S01,S01-L01,1,running,141.3726,413.2534,94.6001,41.6129,0.3299,A,relation-reasoning-agent-eval-v3.1
2026-08-09T18:00:00+09:00,CMP-S01-L02-01,S01,S01-L02,1,running,156.9917,472.7009,102.717,42.9469,0.7164,A,relation-reasoning-agent-eval-v3.1
2026-08-09T18:00:00+09:00,CMP-S01-L03-01,S01,S01-L03,1,running,153.2311,451.4855,95.9036,38.1307,-0.45,A,relation-reasoning-agent-eval-v3.1
2026-08-09T18:00:00+09:00,CMP-S01-L04-01,S01,S01-L04,1,running,144.3639,523.2805,108.9076,46.3115,1.2145,B,relation-reasoning-agent-eval-v3.1
2026-08-09T18:00:00+09:00,CMP-S01-L05-01,S01,S01-L05,1,running,181.9893,461.5787,99.682,39.4014,-0.3965,A,relation-reasoning-agent-eval-v3.1
2026-08-09T18:10:00+09:00,CMP-S01-L01-01,S01,S01-L01,1,running,134.8322,424.205,96.2557,37.1981,-0.4876,A,relation-reasoning-agent-eval-v3.1
2026-08-09T18:10:00+09:00,CMP-S01-L02-01,S01,S01-L02,1,running,147.788,421.7348,104.0735,36.9934,-0.3861,A,relation-reasoning-agent-eval-v3.1
2026-08-09T18:10:00+09:00,CMP-S01-L03-01,S01,S01-L03,1,running,153.2754,418.4828,104.5446,28.3862,-2.2545,C,relation-reasoning-agent-eval-v3.1
2026-08-09T18:10:00+09:00,CMP-S01-L04-01,S01,S01-L04,1,running,131.5128,423.1097,106.6116,51.3641,2.1502,C,relation-reasoning-agent-eval-v3.1
2026-08-09T18:10:00+09:00,CMP-S01-L05-01,S01,S01-L05,1,running,177.5461,469.07,98.2707,36.0947,-1.0089,B,relation-reasoning-agent-eval-v3.1
2026-08-09T18:20:00+09:00,CMP-S01-L01-01,S01,S01-L01,1,running,155.9313,424.476,100.8719,30.3,-1.765,B,relation-reasoning-agent-eval-v3.1
2026-08-09T18:20:00+09:00,CMP-S01-L02-01,S01,S01-L02,1,running,142.8267,438.3457,108.9273,37.7972,-0.2372,A,relation-reasoning-agent-eval-v3.1
2026-08-09T18:20:00+09:00,CMP-S01-L03-01,S01,S01-L03,1,running,125.1155,457.0549,104.9813,31.8702,-1.6093,B,relation-reasoning-agent-eval-v3.1
2026-08-09T18:20:00+09:00,CMP-S01-L04-01,S01,S01-L04,1,running,137.8306,458.135,107.4847,54.0248,2.6429,C,relation-reasoning-agent-eval-v3.1
2026-08-09T18:20:00+09:00,CMP-S01-L05-01,S01,S01-L05,1,running,166.0706,424.0532,91.7783,38.8165,-0.5048,A,relation-reasoning-agent-eval-v3.1
2026-08-09T18:30:00+09:00,CMP-S01-L01-01,S01,S01-L01,1,running,153.8492,426.4837,104.4171,30.2924,-1.7664,B,relation-reasoning-agent-eval-v3.1
2026-08-09T18:30:00+09:00,CMP-S01-L02-01,S01,S01-L02,1,running,154.0299,431.8379,109.6328,37.1959,-0.3486,A,relation-reasoning-agent-eval-v3.1
2026-08-09T18:30:00+09:00,CMP-S01-L03-01,S01,S01-L03,1,running,123.0356,465.3958,104.768,34.6294,-1.0983,B,relation-reasoning-agent-eval-v3.1
2026-08-09T18:30:00+09:00,CMP-S01-L04-01,S01,S01-L04,1,running,134.6261,432.1887,111.2286,48.3064,1.5839,B,relation-reasoning-agent-eval-v3.1
2026-08-09T18:30:00+09:00,CMP-S01-L05-01,S01,S01-L05,1,running,178.9331,458.489,92.5364,32.7941,-1.6201,B,relation-reasoning-agent-eval-v3.1
2026-08-09T18:40:00+09:00,CMP-S01-L01-01,S01,S01-L01,1,running,162.3195,448.4383,100.6416,30.8104,-1.6705,B,relation-reasoning-agent-eval-v3.1
2026-08-09T18:40:00+09:00,CMP-S01-L02-01,S01,S01-L02,1,running,183.6893,407.6285,110.2475,34.5436,-0.8398,A,relation-reasoning-agent-eval-v3.1
2026-08-09T18:40:00+09:00,CMP-S01-L03-01,S01,S01-L03,1,running,125.3095,482.1712,109.5955,25.9804,-2.7,C,relation-reasoning-agent-eval-v3.1
2026-08-09T18:40:00+09:00,CMP-S01-L04-01,S01,S01-L04,1,running,138.9025,411.6497,108.1892,44.1718,0.8183,A,relation-reasoning-agent-eval-v3.1
2026-08-09T18:40:00+09:00,CMP-S01-L05-01,S01,S01-L05,1,running,183.4614,419.7278,94.503,34.222,-1.3557,B,relation-reasoning-agent-eval-v3.1
2026-08-09T18:50:00+09:00,CMP-S01-L01-01,S01,S01-L01,1,running,183.6859,471.9312,109.5012,23.0381,-3.1098,D,relation-reasoning-agent-eval-v3.1
2026-08-09T18:50:00+09:00,CMP-S01-L02-01,S01,S01-L02,1,running,168.5419,431.1645,108.0304,42.9998,0.7262,A,relation-reasoning-agent-eval-v3.1
2026-08-09T18:50:00+09:00,CMP-S01-L03-01,S01,S01-L03,1,running,146.0589,493.0014,109.4698,28.3933,-2.2532,C,relation-reasoning-agent-eval-v3.1
2026-08-09T18:50:00+09:00,CMP-S01-L04-01,S01,S01-L04,1,running,133.241,390.4218,103.4138,47.1506,1.3699,B,relation-reasoning-agent-eval-v3.1
2026-08-09T18:50:00+09:00,CMP-S01-L05-01,S01,S01-L05,1,running,174.848,444.3149,101.303,37.7602,-0.7004,A,relation-reasoning-agent-eval-v3.1
2026-08-09T19:00:00+09:00,CMP-S01-L01-01,S01,S01-L01,1,running,171.8298,488.8687,105.9089,30.8732,-1.6589,B,relation-reasoning-agent-eval-v3.1
2026-08-09T19:00:00+09:00,CMP-S01-L02-01,S01,S01-L02,1,running,162.0216,421.544,109.8687,45.035,1.1031,B,relation-reasoning-agent-eval-v3.1
2026-08-09T19:00:00+09:00,CMP-S01-L03-01,S01,S01-L03,1,running,147.293,409.8396,111.3878,39.802,-0.1405,A,relation-reasoning-agent-eval-v3.1
2026-08-09T19:00:00+09:00,CMP-S01-L04-01,S01,S01-L04,1,running,142.503,397.1385,101.2039,46.9709,1.3366,B,relation-reasoning-agent-eval-v3.1
2026-08-09T19:00:00+09:00,CMP-S01-L05-01,S01,S01-L05,1,running,177.9359,460.9658,99.8302,44.4903,0.5459,A,relation-reasoning-agent-eval-v3.1
2026-08-09T19:10:00+09:00,CMP-S01-L01-01,S01,S01-L01,1,running,177.4156,517.5288,112.0587,38.5755,-0.2325,A,relation-reasoning-agent-eval-v3.1
2026-08-09T19:10:00+09:00,CMP-S01-L02-01,S01,S01-L02,1,running,139.6363,402.3114,106.2654,42.6497,0.6614,A,relation-reasoning-agent-eval-v3.1
2026-08-09T19:10:00+09:00,CMP-S01-L03-01,S01,S01-L03,1,running,162.651,396.2385,111.6032,40.4327,-0.0237,A,relation-reasoning-agent-eval-v3.1
2026-08-09T19:10:00+09:00,CMP-S01-L04-01,S01,S01-L04,1,running,157.4505,438.9046,95.6279,44.2957,0.8412,A,relation-reasoning-agent-eval-v3.1
2026-08-09T19:10:00+09:00,CMP-S01-L05-01,S01,S01-L05,1,running,194.3259,426.5198,89.4841,45.7698,0.7828,A,relation-reasoning-agent-eval-v3.1
2026-08-09T19:20:00+09:00,CMP-S01-L01-01,S01,S01-L01,1,running,173.5082,486.4941,107.0171,31.2481,-1.5895,B,relation-reasoning-agent-eval-v3.1
2026-08-09T19:20:00+09:00,CMP-S01-L02-01,S01,S01-L02,1,running,152.3906,372.1065,114.1887,47.1153,1.4883,B,relation-reasoning-agent-eval-v3.1
2026-08-09T19:20:00+09:00,CMP-S01-L03-01,S01,S01-L03,1,running,144.0303,408.2084,107.8714,36.0463,-0.836,A,relation-reasoning-agent-eval-v3.1
2026-08-09T19:20:00+09:00,CMP-S01-L04-01,S01,S01-L04,1,running,171.874,434.3302,96.3212,51.9412,2.2571,C,relation-reasoning-agent-eval-v3.1
2026-08-09T19:20:00+09:00,CMP-S01-L05-01,S01,S01-L05,1,running,186.5063,397.63,92.4546,48.9343,1.3688,B,relation-reasoning-agent-eval-v3.1
2026-08-09T19:30:00+09:00,CMP-S01-L01-01,S01,S01-L01,1,running,189.493,485.0614,105.8461,34.6828,-0.9534,A,relation-reasoning-agent-eval-v3.1
2026-08-09T19:30:00+09:00,CMP-S01-L02-01,S01,S01-L02,1,running,159.3809,370.7308,112.2143,47.8288,1.6205,B,relation-reasoning-agent-eval-v3.1
2026-08-09T19:30:00+09:00,CMP-S01-L03-01,S01,S01-L03,1,running,151.7622,380.4382,105.1641,42.41,0.3425,A,relation-reasoning-agent-eval-v3.1
2026-08-09T19:30:00+09:00,CMP-S01-L04-01,S01,S01-L04,1,running,191.9701,394.151,91.7984,55.0871,2.8396,C,relation-reasoning-agent-eval-v3.1
2026-08-09T19:30:00+09:00,CMP-S01-L05-01,S01,S01-L05,1,running,184.1039,414.693,101.5575,49.6525,1.5018,B,relation-reasoning-agent-eval-v3.1
2026-08-09T19:40:00+09:00,CMP-S01-L01-01,S01,S01-L01,1,running,190.5347,472.144,105.6623,35.6419,-0.7758,A,relation-reasoning-agent-eval-v3.1
2026-08-09T19:40:00+09:00,CMP-S01-L02-01,S01,S01-L02,1,running,165.8624,400.0535,104.5142,42.8855,0.705,A,relation-reasoning-agent-eval-v3.1
2026-08-09T19:40:00+09:00,CMP-S01-L03-01,S01,S01-L03,1,running,151.5958,353.5122,106.4468,41.7856,0.2269,A,relation-reasoning-agent-eval-v3.1
2026-08-09T19:40:00+09:00,CMP-S01-L04-01,S01,S01-L04,1,running,202.6783,431.9602,100.6762,49.0555,1.7227,B,relation-reasoning-agent-eval-v3.1
2026-08-09T19:40:00+09:00,CMP-S01-L05-01,S01,S01-L05,1,running,196.3895,439.3816,95.2689,47.6024,1.1222,B,relation-reasoning-agent-eval-v3.1
2026-08-09T19:50:00+09:00,CMP-S01-L01-01,S01,S01-L01,1,running,193.4421,497.671,102.8591,35.9127,-0.7257,A,relation-reasoning-agent-eval-v3.1
2026-08-09T19:50:00+09:00,CMP-S01-L02-01,S01,S01-L02,1,running,165.3819,378.9948,105.6173,41.3289,0.4168,A,relation-reasoning-agent-eval-v3.1
2026-08-09T19:50:00+09:00,CMP-S01-L03-01,S01,S01-L03,1,running,141.7472,354.9761,113.4623,42.3622,0.3337,A,relation-reasoning-agent-eval-v3.1
2026-08-09T19:50:00+09:00,CMP-S01-L04-01,S01,S01-L04,1,running,202.1976,425.5876,104.822,45.246,1.0172,B,relation-reasoning-agent-eval-v3.1
2026-08-09T19:50:00+09:00,CMP-S01-L05-01,S01,S01-L05,1,running,205.6868,431.5651,97.7058,46.0292,0.8308,A,relation-reasoning-agent-eval-v3.1
2026-08-09T20:00:00+09:00,CMP-S01-L01-01,S01,S01-L01,1,running,184.6457,487.3393,100.2365,38.1098,-0.3188,A,relation-reasoning-agent-eval-v3.1
2026-08-09T20:00:00+09:00,CMP-S01-L02-01,S01,S01-L02,1,running,165.8133,423.6886,104.6909,46.0464,1.2904,B,relation-reasoning-agent-eval-v3.1
2026-08-09T20:00:00+09:00,CMP-S01-L03-01,S01,S01-L03,1,running,158.9856,360.859,111.0634,40.7067,0.0271,A,relation-reasoning-agent-eval-v3.1
2026-08-09T20:00:00+09:00,CMP-S01-L04-01,S01,S01-L04,1,running,199.4709,439.1969,97.4247,46.6607,1.2792,B,relation-reasoning-agent-eval-v3.1
2026-08-09T20:00:00+09:00,CMP-S01-L05-01,S01,S01-L05,1,running,209.991,463.8173,102.2981,47.7972,1.1582,B,relation-reasoning-agent-eval-v3.1
2026-08-09T20:10:00+09:00,CMP-S01-L01-01,S01,S01-L01,1,running,187.2974,434.9053,92.705,39.7832,-0.0089,A,relation-reasoning-agent-eval-v3.1
2026-08-09T20:10:00+09:00,CMP-S01-L02-01,S01,S01-L02,1,running,162.1884,406.8868,102.2161,44.5176,1.0073,B,relation-reasoning-agent-eval-v3.1
2026-08-09T20:10:00+09:00,CMP-S01-L03-01,S01,S01-L03,1,running,155.7651,381.0853,116.9342,43.7099,0.5832,A,relation-reasoning-agent-eval-v3.1
2026-08-09T20:10:00+09:00,CMP-S01-L04-01,S01,S01-L04,1,running,189.4276,490.4957,102.1585,40.55,0.1476,A,relation-reasoning-agent-eval-v3.1
2026-08-09T20:10:00+09:00,CMP-S01-L05-01,S01,S01-L05,1,running,209.9242,427.3635,106.4586,50.1743,1.5985,B,relation-reasoning-agent-eval-v3.1
2026-08-09T20:20:00+09:00,CMP-S01-L01-01,S01,S01-L01,1,running,179.6374,411.4102,95.9222,42.3814,0.4722,A,relation-reasoning-agent-eval-v3.1
2026-08-09T20:20:00+09:00,CMP-S01-L02-01,S01,S01-L02,1,running,159.759,387.9707,100.4929,43.335,0.7883,A,relation-reasoning-agent-eval-v3.1
2026-08-09T20:20:00+09:00,CMP-S01-L03-01,S01,S01-L03,1,running,158.468,352.4031,111.9711,41.8815,0.2446,A,relation-reasoning-agent-eval-v3.1
2026-08-09T20:20:00+09:00,CMP-S01-L04-01,S01,S01-L04,1,running,182.8836,479.9697,99.7735,44.7762,0.9302,A,relation-reasoning-agent-eval-v3.1
2026-08-09T20:20:00+09:00,CMP-S01-L05-01,S01,S01-L05,1,running,185.4102,433.9241,107.0341,43.877,0.4323,A,relation-reasoning-agent-eval-v3.1
2026-08-09T20:30:00+09:00,CMP-S01-L01-01,S01,S01-L01,1,running,192.8494,393.1116,83.8559,39.1955,-0.1177,A,relation-reasoning-agent-eval-v3.1
2026-08-09T20:30:00+09:00,CMP-S01-L02-01,S01,S01-L02,1,running,149.0901,434.0831,97.8579,39.4725,0.073,A,relation-reasoning-agent-eval-v3.1
2026-08-09T20:30:00+09:00,CMP-S01-L03-01,S01,S01-L03,1,running,163.7429,379.3535,115.1878,39.9917,-0.1053,A,relation-reasoning-agent-eval-v3.1
2026-08-09T20:30:00+09:00,CMP-S01-L04-01,S01,S01-L04,1,running,165.6211,454.5368,97.9475,46.1137,1.1779,B,relation-reasoning-agent-eval-v3.1
2026-08-09T20:30:00+09:00,CMP-S01-L05-01,S01,S01-L05,1,running,186.4867,407.7324,106.2671,43.3405,0.3329,A,relation-reasoning-agent-eval-v3.1
2026-08-09T20:40:00+09:00,CMP-S01-L01-01,S01,S01-L01,1,running,183.2492,430.6543,93.8366,37.7973,-0.3767,A,relation-reasoning-agent-eval-v3.1
2026-08-09T20:40:00+09:00,CMP-S01-L02-01,S01,S01-L02,1,running,148.6432,384.3138,96.5097,47.7928,1.6138,B,relation-reasoning-agent-eval-v3.1
2026-08-09T20:40:00+09:00,CMP-S01-L03-01,S01,S01-L03,1,running,169.3263,439.3828,109.0435,34.9969,-1.0303,B,relation-reasoning-agent-eval-v3.1
2026-08-09T20:40:00+09:00,CMP-S01-L04-01,S01,S01-L04,1,running,162.2785,440.1067,102.9808,48.1921,1.5628,B,relation-reasoning-agent-eval-v3.1
2026-08-09T20:40:00+09:00,CMP-S01-L05-01,S01,S01-L05,1,running,182.6247,435.5435,102.6131,43.9595,0.4476,A,relation-reasoning-agent-eval-v3.1
2026-08-09T20:50:00+09:00,CMP-S01-L01-01,S01,S01-L01,1,running,179.9363,454.6482,100.0421,39.0339,-0.1477,A,relation-reasoning-agent-eval-v3.1
2026-08-09T20:50:00+09:00,CMP-S01-L02-01,S01,S01-L02,1,running,172.7632,406.8775,104.1624,46.1724,1.3137,B,relation-reasoning-agent-eval-v3.1
2026-08-09T20:50:00+09:00,CMP-S01-L03-01,S01,S01-L03,1,running,166.2651,478.4853,110.4012,37.5019,-0.5664,A,relation-reasoning-agent-eval-v3.1
2026-08-09T20:50:00+09:00,CMP-S01-L04-01,S01,S01-L04,1,running,159.2498,452.8916,105.7907,43.2714,0.6515,A,relation-reasoning-agent-eval-v3.1
2026-08-09T20:50:00+09:00,CMP-S01-L05-01,S01,S01-L05,1,running,170.2703,390.0473,106.9773,37.8428,-0.6851,A,relation-reasoning-agent-eval-v3.1
2026-08-09T21:00:00+09:00,CMP-S01-L01-01,S01,S01-L01,1,running,179.1236,478.6323,98.0982,41.4273,0.2956,A,relation-reasoning-agent-eval-v3.1
2026-08-09T21:00:00+09:00,CMP-S01-L02-01,S01,S01-L02,1,running,167.6295,315.2269,100.0426,39.369,0.0538,A,relation-reasoning-agent-eval-v3.1
2026-08-09T21:00:00+09:00,CMP-S01-L03-01,S01,S01-L03,1,running,168.9571,342.9294,109.3276,40.113,-0.0829,A,relation-reasoning-agent-eval-v3.1
2026-08-09T21:00:00+09:00,CMP-S01-L04-01,S01,S01-L04,1,running,174.5405,432.825,106.3023,44.6063,0.8988,A,relation-reasoning-agent-eval-v3.1
2026-08-09T21:00:00+09:00,CMP-S01-L05-01,S01,S01-L05,1,running,173.0972,414.4799,103.4375,42.5979,0.1954,A,relation-reasoning-agent-eval-v3.1
2026-08-09T21:10:00+09:00,CMP-S01-L01-01,S01,S01-L01,1,running,182.5308,515.7205,103.4091,43.6891,0.7144,A,relation-reasoning-agent-eval-v3.1
2026-08-09T21:10:00+09:00,CMP-S01-L02-01,S01,S01-L02,1,running,183.5585,316.7996,98.4316,36.6443,-0.4507,A,relation-reasoning-agent-eval-v3.1
2026-08-09T21:10:00+09:00,CMP-S01-L03-01,S01,S01-L03,1,running,149.3874,388.7781,107.2007,45.2647,0.8711,A,relation-reasoning-agent-eval-v3.1
2026-08-09T21:10:00+09:00,CMP-S01-L04-01,S01,S01-L04,1,running,180.0258,472.5696,107.924,39.7677,0.0027,A,relation-reasoning-agent-eval-v3.1
2026-08-09T21:10:00+09:00,CMP-S01-L05-01,S01,S01-L05,1,running,174.1823,430.9935,100.2418,40.2472,-0.2399,A,relation-reasoning-agent-eval-v3.1
2026-08-09T21:20:00+09:00,CMP-S01-L01-01,S01,S01-L01,1,running,169.7458,509.9951,103.5552,43.6242,0.7024,A,relation-reasoning-agent-eval-v3.1
2026-08-09T21:20:00+09:00,CMP-S01-L02-01,S01,S01-L02,1,running,186.1307,336.749,103.7579,35.4871,-0.665,A,relation-reasoning-agent-eval-v3.1
2026-08-09T21:20:00+09:00,CMP-S01-L03-01,S01,S01-L03,1,running,140.7681,394.3878,102.8116,41.4976,0.1735,A,relation-reasoning-agent-eval-v3.1
2026-08-09T21:20:00+09:00,CMP-S01-L04-01,S01,S01-L04,1,running,187.313,477.6297,104.9383,38.8571,-0.1659,A,relation-reasoning-agent-eval-v3.1
2026-08-09T21:20:00+09:00,CMP-S01-L05-01,S01,S01-L05,1,running,167.0767,382.8618,97.6905,43.7472,0.4082,A,relation-reasoning-agent-eval-v3.1
2026-08-09T21:30:00+09:00,CMP-S01-L01-01,S01,S01-L01,1,running,180.8275,416.4754,98.7124,39.3336,-0.0921,A,relation-reasoning-agent-eval-v3.1
2026-08-09T21:30:00+09:00,CMP-S01-L02-01,S01,S01-L02,1,running,184.8536,409.3761,100.839,33.3124,-1.0678,B,relation-reasoning-agent-eval-v3.1
2026-08-09T21:30:00+09:00,CMP-S01-L03-01,S01,S01-L03,1,running,121.9163,385.1367,103.0622,42.3519,0.3317,A,relation-reasoning-agent-eval-v3.1
2026-08-09T21:30:00+09:00,CMP-S01-L04-01,S01,S01-L04,1,running,177.6197,478.4778,103.4838,39.8758,0.0227,A,relation-reasoning-agent-eval-v3.1
2026-08-09T21:30:00+09:00,CMP-S01-L05-01,S01,S01-L05,1,running,170.3283,423.5512,103.8553,41.0786,-0.0859,A,relation-reasoning-agent-eval-v3.1
2026-08-09T21:40:00+09:00,CMP-S01-L01-01,S01,S01-L01,1,running,206.0286,412.3224,101.2752,34.8279,-0.9265,A,relation-reasoning-agent-eval-v3.1
2026-08-09T21:40:00+09:00,CMP-S01-L02-01,S01,S01-L02,1,running,176.6205,386.327,97.259,40.1861,0.2051,A,relation-reasoning-agent-eval-v3.1
2026-08-09T21:40:00+09:00,CMP-S01-L03-01,S01,S01-L03,1,running,132.5757,352.2378,107.5738,44.6289,0.7534,A,relation-reasoning-agent-eval-v3.1
2026-08-09T21:40:00+09:00,CMP-S01-L04-01,S01,S01-L04,1,running,179.8827,532.7798,106.9755,40.9512,0.2219,A,relation-reasoning-agent-eval-v3.1
2026-08-09T21:40:00+09:00,CMP-S01-L05-01,S01,S01-L05,1,running,154.1951,404.7015,107.1951,34.4702,-1.3097,B,relation-reasoning-agent-eval-v3.1
2026-08-09T21:50:00+09:00,CMP-S01-L01-01,S01,S01-L01,1,running,209.4628,404.0826,105.8956,39.4306,-0.0742,A,relation-reasoning-agent-eval-v3.1
2026-08-09T21:50:00+09:00,CMP-S01-L02-01,S01,S01-L02,1,running,185.528,428.8778,97.4855,35.8271,-0.6021,A,relation-reasoning-agent-eval-v3.1
2026-08-09T21:50:00+09:00,CMP-S01-L03-01,S01,S01-L03,1,running,123.4363,358.4931,105.3034,42.6392,0.3849,A,relation-reasoning-agent-eval-v3.1
2026-08-09T21:50:00+09:00,CMP-S01-L04-01,S01,S01-L04,1,running,179.4017,501.9858,97.3552,37.3659,-0.4421,A,relation-reasoning-agent-eval-v3.1
2026-08-09T21:50:00+09:00,CMP-S01-L05-01,S01,S01-L05,1,running,141.7787,422.209,106.4212,36.9856,-0.8439,A,relation-reasoning-agent-eval-v3.1
2026-08-09T22:00:00+09:00,CMP-S01-L01-01,S01,S01-L01,1,running,189.0014,451.006,97.573,34.0958,-1.0621,B,relation-reasoning-agent-eval-v3.1
2026-08-09T22:00:00+09:00,CMP-S01-L02-01,S01,S01-L02,1,running,167.6046,442.7709,100.9375,39.0877,0.0017,A,relation-reasoning-agent-eval-v3.1
2026-08-09T22:00:00+09:00,CMP-S01-L03-01,S01,S01-L03,1,running,141.0012,377.5173,103.3795,47.1985,1.2293,B,relation-reasoning-agent-eval-v3.1
2026-08-09T22:00:00+09:00,CMP-S01-L04-01,S01,S01-L04,1,running,190.1776,445.305,98.9617,42.508,0.5102,A,relation-reasoning-agent-eval-v3.1
2026-08-09T22:00:00+09:00,CMP-S01-L05-01,S01,S01-L05,1,running,148.4083,405.1717,104.6942,36.3824,-0.9556,A,relation-reasoning-agent-eval-v3.1
2026-08-09T22:10:00+09:00,CMP-S01-L01-01,S01,S01-L01,1,running,186.6942,444.9424,93.8353,37.7504,-0.3853,A,relation-reasoning-agent-eval-v3.1
2026-08-09T22:10:00+09:00,CMP-S01-L02-01,S01,S01-L02,1,running,150.5426,437.5568,97.0361,42.7874,0.6869,A,relation-reasoning-agent-eval-v3.1
2026-08-09T22:10:00+09:00,CMP-S01-L03-01,S01,S01-L03,1,running,163.9806,401.3168,99.1839,45.7179,0.9551,A,relation-reasoning-agent-eval-v3.1
2026-08-09T22:10:00+09:00,CMP-S01-L04-01,S01,S01-L04,1,running,176.8761,415.4787,102.1151,38.3489,-0.26,A,relation-reasoning-agent-eval-v3.1
2026-08-09T22:10:00+09:00,CMP-S01-L05-01,S01,S01-L05,1,running,158.2145,412.3379,103.6728,40.1626,-0.2556,A,relation-reasoning-agent-eval-v3.1
2026-08-09T22:20:00+09:00,CMP-S01-L01-01,S01,S01-L01,1,running,177.1557,426.6425,96.1166,42.4643,0.4876,A,relation-reasoning-agent-eval-v3.1
2026-08-09T22:20:00+09:00,CMP-S01-L02-01,S01,S01-L02,1,running,151.4563,377.3871,105.6937,39.5371,0.085,A,relation-reasoning-agent-eval-v3.1
2026-08-09T22:20:00+09:00,CMP-S01-L03-01,S01,S01-L03,1,running,167.2835,406.1918,98.3578,46.0956,1.025,B,relation-reasoning-agent-eval-v3.1
2026-08-09T22:20:00+09:00,CMP-S01-L04-01,S01,S01-L04,1,running,178.7961,453.3889,98.3746,35.2876,-0.827,A,relation-reasoning-agent-eval-v3.1
2026-08-09T22:20:00+09:00,CMP-S01-L05-01,S01,S01-L05,1,running,174.5898,409.3096,104.7889,36.9038,-0.859,A,relation-reasoning-agent-eval-v3.1
2026-08-09T22:30:00+09:00,CMP-S01-L01-01,S01,S01-L01,1,running,185.5815,423.0561,89.8511,41.465,0.3025,A,relation-reasoning-agent-eval-v3.1
2026-08-09T22:30:00+09:00,CMP-S01-L02-01,S01,S01-L02,1,running,149.9647,365.685,102.6059,36.6437,-0.4508,A,relation-reasoning-agent-eval-v3.1
2026-08-09T22:30:00+09:00,CMP-S01-L03-01,S01,S01-L03,1,running,163.7012,451.6675,100.3319,42.5625,0.3708,A,relation-reasoning-agent-eval-v3.1
2026-08-09T22:30:00+09:00,CMP-S01-L04-01,S01,S01-L04,1,running,176.1164,437.0011,103.5351,32.2048,-1.3978,B,relation-reasoning-agent-eval-v3.1
2026-08-09T22:30:00+09:00,CMP-S01-L05-01,S01,S01-L05,1,running,178.5867,455.9042,96.5195,38.0353,-0.6495,A,relation-reasoning-agent-eval-v3.1
2026-08-09T22:40:00+09:00,CMP-S01-L01-01,S01,S01-L01,1,running,200.2841,480.5812,94.087,43.6059,0.699,A,relation-reasoning-agent-eval-v3.1
2026-08-09T22:40:00+09:00,CMP-S01-L02-01,S01,S01-L02,1,running,159.5798,386.6284,100.741,38.7528,-0.0603,A,relation-reasoning-agent-eval-v3.1
2026-08-09T22:40:00+09:00,CMP-S01-L03-01,S01,S01-L03,1,running,164.4669,421.979,93.7297,48.4518,1.4614,B,relation-reasoning-agent-eval-v3.1
2026-08-09T22:40:00+09:00,CMP-S01-L04-01,S01,S01-L04,1,running,179.7425,395.6952,97.9668,37.4209,-0.4319,A,relation-reasoning-agent-eval-v3.1
2026-08-09T22:40:00+09:00,CMP-S01-L05-01,S01,S01-L05,1,running,154.5584,428.74,92.7378,42.3311,0.146,A,relation-reasoning-agent-eval-v3.1
2026-08-09T22:50:00+09:00,CMP-S01-L01-01,S01,S01-L01,1,running,205.4688,529.0813,90.6495,43.9603,0.7646,A,relation-reasoning-agent-eval-v3.1
2026-08-09T22:50:00+09:00,CMP-S01-L02-01,S01,S01-L02,1,running,164.7182,424.4204,109.6366,34.4228,-0.8621,A,relation-reasoning-agent-eval-v3.1
2026-08-09T22:50:00+09:00,CMP-S01-L03-01,S01,S01-L03,1,running,155.3192,426.9078,97.905,44.0841,0.6525,A,relation-reasoning-agent-eval-v3.1
2026-08-09T22:50:00+09:00,CMP-S01-L04-01,S01,S01-L04,1,running,178.9977,431.9589,96.2042,33.3331,-1.1888,B,relation-reasoning-agent-eval-v3.1
2026-08-09T22:50:00+09:00,CMP-S01-L05-01,S01,S01-L05,1,running,159.0387,399.7358,99.1913,45.4354,0.7209,A,relation-reasoning-agent-eval-v3.1
2026-08-09T23:00:00+09:00,CMP-S01-L01-01,S01,S01-L01,1,running,188.8933,517.236,95.4015,40.6226,0.1466,A,relation-reasoning-agent-eval-v3.1
2026-08-09T23:00:00+09:00,CMP-S01-L02-01,S01,S01-L02,1,running,163.2268,453.8965,110.8988,26.9596,-2.2442,C,relation-reasoning-agent-eval-v3.1
2026-08-09T23:00:00+09:00,CMP-S01-L03-01,S01,S01-L03,1,running,177.7908,436.7971,98.9533,45.8594,0.9813,A,relation-reasoning-agent-eval-v3.1
2026-08-09T23:00:00+09:00,CMP-S01-L04-01,S01,S01-L04,1,running,170.0689,475.2837,93.4091,32.6041,-1.3239,B,relation-reasoning-agent-eval-v3.1
2026-08-09T23:00:00+09:00,CMP-S01-L05-01,S01,S01-L05,1,running,172.2743,436.0642,96.7412,43.6786,0.3956,A,relation-reasoning-agent-eval-v3.1
2026-08-09T23:10:00+09:00,CMP-S01-L01-01,S01,S01-L01,1,running,171.104,525.7829,98.1892,40.4547,0.1155,A,relation-reasoning-agent-eval-v3.1
2026-08-09T23:10:00+09:00,CMP-S01-L02-01,S01,S01-L02,1,running,176.0286,453.6144,110.8875,35.2354,-0.7117,A,relation-reasoning-agent-eval-v3.1
2026-08-09T23:10:00+09:00,CMP-S01-L03-01,S01,S01-L03,1,running,164.4781,437.153,105.8367,40.2535,-0.0568,A,relation-reasoning-agent-eval-v3.1
2026-08-09T23:10:00+09:00,CMP-S01-L04-01,S01,S01-L04,1,running,150.4312,496.0253,96.7411,37.9333,-0.337,A,relation-reasoning-agent-eval-v3.1
2026-08-09T23:10:00+09:00,CMP-S01-L05-01,S01,S01-L05,1,running,160.6807,442.0033,101.6746,38.651,-0.5355,A,relation-reasoning-agent-eval-v3.1
2026-08-09T23:20:00+09:00,CMP-S01-L01-01,S01,S01-L01,1,running,177.1963,507.7734,97.1793,38.8388,-0.1838,A,relation-reasoning-agent-eval-v3.1
2026-08-09T23:20:00+09:00,CMP-S01-L02-01,S01,S01-L02,1,running,186.7348,429.0021,100.8599,30.0326,-1.6751,B,relation-reasoning-agent-eval-v3.1
2026-08-09T23:20:00+09:00,CMP-S01-L03-01,S01,S01-L03,1,running,163.7479,429.8225,106.8918,50.5698,1.8536,B,relation-reasoning-agent-eval-v3.1
2026-08-09T23:20:00+09:00,CMP-S01-L04-01,S01,S01-L04,1,running,165.1534,524.4314,96.446,45.7362,1.108,B,relation-reasoning-agent-eval-v3.1
2026-08-09T23:20:00+09:00,CMP-S01-L05-01,S01,S01-L05,1,running,180.0435,466.9813,102.8,39.0052,-0.4699,A,relation-reasoning-agent-eval-v3.1
2026-08-09T23:30:00+09:00,CMP-S01-L01-01,S01,S01-L01,1,running,186.5211,502.3283,102.051,44.2346,0.8154,A,relation-reasoning-agent-eval-v3.1
2026-08-09T23:30:00+09:00,CMP-S01-L02-01,S01,S01-L02,1,running,184.2069,413.2447,105.3544,35.239,-0.711,A,relation-reasoning-agent-eval-v3.1
2026-08-09T23:30:00+09:00,CMP-S01-L03-01,S01,S01-L03,1,running,159.0443,395.9757,111.0636,50.2176,1.7884,B,relation-reasoning-agent-eval-v3.1
2026-08-09T23:30:00+09:00,CMP-S01-L04-01,S01,S01-L04,1,running,153.9249,546.951,91.6717,40.4555,0.13,A,relation-reasoning-agent-eval-v3.1
2026-08-09T23:30:00+09:00,CMP-S01-L05-01,S01,S01-L05,1,running,192.8428,470.9023,97.4745,44.6166,0.5692,A,relation-reasoning-agent-eval-v3.1
2026-08-09T23:40:00+09:00,CMP-S01-L01-01,S01,S01-L01,1,running,185.3146,497.9027,94.0736,40.0719,0.0446,A,relation-reasoning-agent-eval-v3.1
2026-08-09T23:40:00+09:00,CMP-S01-L02-01,S01,S01-L02,1,running,168.7515,414.3188,104.4552,33.0637,-1.1138,B,relation-reasoning-agent-eval-v3.1
2026-08-09T23:40:00+09:00,CMP-S01-L03-01,S01,S01-L03,1,running,134.9418,347.7555,111.7876,43.4345,0.5322,A,relation-reasoning-agent-eval-v3.1
2026-08-09T23:40:00+09:00,CMP-S01-L04-01,S01,S01-L04,1,running,162.2344,527.1186,92.0151,40.6329,0.1629,A,relation-reasoning-agent-eval-v3.1
2026-08-09T23:40:00+09:00,CMP-S01-L05-01,S01,S01-L05,1,running,195.565,474.9015,95.0251,43.3487,0.3345,A,relation-reasoning-agent-eval-v3.1
2026-08-09T23:50:00+09:00,CMP-S01-L01-01,S01,S01-L01,1,running,167.6577,506.3544,98.1959,39.7477,-0.0155,A,relation-reasoning-agent-eval-v3.1
2026-08-09T23:50:00+09:00,CMP-S01-L02-01,S01,S01-L02,1,running,138.7019,469.7884,100.9727,33.8847,-0.9618,A,relation-reasoning-agent-eval-v3.1
2026-08-09T23:50:00+09:00,CMP-S01-L03-01,S01,S01-L03,1,running,148.2754,345.8521,113.2385,43.8434,0.608,A,relation-reasoning-agent-eval-v3.1
2026-08-09T23:50:00+09:00,CMP-S01-L04-01,S01,S01-L04,1,running,178.4086,542.3083,95.6495,48.2618,1.5757,B,relation-reasoning-agent-eval-v3.1
2026-08-09T23:50:00+09:00,CMP-S01-L05-01,S01,S01-L05,1,running,201.903,444.5807,100.4269,46.1591,0.8549,A,relation-reasoning-agent-eval-v3.1
2026-08-10T00:00:00+09:00,CMP-S01-L01-01,S01,S01-L01,1,running,158.4175,520.3885,94.4616,40.9124,0.2002,A,relation-reasoning-agent-eval-v3.1
2026-08-10T00:00:00+09:00,CMP-S01-L02-01,S01,S01-L02,1,running,146.1366,463.9771,105.2795,34.563,-0.8362,A,relation-reasoning-agent-eval-v3.1
2026-08-10T00:00:00+09:00,CMP-S01-L03-01,S01,S01-L03,1,running,162.7932,364.0879,114.4283,45.1875,0.8569,A,relation-reasoning-agent-eval-v3.1
2026-08-10T00:00:00+09:00,CMP-S01-L04-01,S01,S01-L04,1,running,182.0933,483.6914,98.5126,46.6091,1.2696,B,relation-reasoning-agent-eval-v3.1
2026-08-10T00:00:00+09:00,CMP-S01-L05-01,S01,S01-L05,1,running,187.549,474.7375,106.9654,47.2842,1.0633,B,relation-reasoning-agent-eval-v3.1
2026-08-10T00:10:00+09:00,CMP-S01-L01-01,S01,S01-L01,1,running,163.7776,524.8977,102.4983,41.1108,0.237,A,relation-reasoning-agent-eval-v3.1
2026-08-10T00:10:00+09:00,CMP-S01-L02-01,S01,S01-L02,1,running,146.6621,522.2889,105.5949,33.8863,-0.9615,A,relation-reasoning-agent-eval-v3.1
2026-08-10T00:10:00+09:00,CMP-S01-L03-01,S01,S01-L03,1,running,177.0858,359.2064,107.3697,43.2181,0.4922,A,relation-reasoning-agent-eval-v3.1
2026-08-10T00:10:00+09:00,CMP-S01-L04-01,S01,S01-L04,1,running,183.3646,515.4614,99.1829,41.5534,0.3334,A,relation-reasoning-agent-eval-v3.1
2026-08-10T00:10:00+09:00,CMP-S01-L05-01,S01,S01-L05,1,running,182.4011,463.0287,108.629,39.7538,-0.3313,A,relation-reasoning-agent-eval-v3.1
2026-08-10T00:20:00+09:00,CMP-S01-L01-01,S01,S01-L01,1,running,173.9978,519.2697,104.4584,39.6921,-0.0258,A,relation-reasoning-agent-eval-v3.1
2026-08-10T00:20:00+09:00,CMP-S01-L02-01,S01,S01-L02,1,running,164.333,528.4645,105.5499,38.7923,-0.053,A,relation-reasoning-agent-eval-v3.1
2026-08-10T00:20:00+09:00,CMP-S01-L03-01,S01,S01-L03,1,running,187.6861,389.8122,106.4819,41.4271,0.1605,A,relation-reasoning-agent-eval-v3.1
2026-08-10T00:20:00+09:00,CMP-S01-L04-01,S01,S01-L04,1,running,201.4952,490.9716,96.6469,34.4326,-0.9853,A,relation-reasoning-agent-eval-v3.1
2026-08-10T00:20:00+09:00,CMP-S01-L05-01,S01,S01-L05,1,running,183.8621,512.7635,100.6438,41.8016,0.048,A,relation-reasoning-agent-eval-v3.1
2026-08-10T00:30:00+09:00,CMP-S01-L01-01,S01,S01-L01,1,running,183.9333,533.8488,96.6415,39.1022,-0.135,A,relation-reasoning-agent-eval-v3.1
2026-08-10T00:30:00+09:00,CMP-S01-L02-01,S01,S01-L02,1,running,158.6873,494.4987,105.2911,42.0722,0.5544,A,relation-reasoning-agent-eval-v3.1
2026-08-10T00:30:00+09:00,CMP-S01-L03-01,S01,S01-L03,1,running,175.5201,438.1076,115.3713,38.6933,-0.3458,A,relation-reasoning-agent-eval-v3.1
2026-08-10T00:30:00+09:00,CMP-S01-L04-01,S01,S01-L04,1,running,192.7523,497.4625,88.2445,37.3779,-0.4398,A,relation-reasoning-agent-eval-v3.1
2026-08-10T00:30:00+09:00,CMP-S01-L05-01,S01,S01-L05,1,running,180.2462,506.0522,100.7252,49.4348,1.4615,B,relation-reasoning-agent-eval-v3.1
2026-08-10T00:40:00+09:00,CMP-S01-L01-01,S01,S01-L01,1,running,175.1337,487.7474,92.8262,38.3862,-0.2676,A,relation-reasoning-agent-eval-v3.1
2026-08-10T00:40:00+09:00,CMP-S01-L02-01,S01,S01-L02,1,running,158.1817,468.5952,107.1724,39.8967,0.1516,A,relation-reasoning-agent-eval-v3.1
2026-08-10T00:40:00+09:00,CMP-S01-L03-01,S01,S01-L03,1,running,181.1929,415.5181,112.6835,35.3059,-0.9731,A,relation-reasoning-agent-eval-v3.1
2026-08-10T00:40:00+09:00,CMP-S01-L04-01,S01,S01-L04,1,running,192.9525,474.1482,85.0803,33.9953,-1.0663,B,relation-reasoning-agent-eval-v3.1
2026-08-10T00:40:00+09:00,CMP-S01-L05-01,S01,S01-L05,1,running,186.4959,509.0656,102.2761,50.5295,1.6642,B,relation-reasoning-agent-eval-v3.1
2026-08-10T00:50:00+09:00,CMP-S01-L01-01,S01,S01-L01,1,running,183.1665,451.8437,97.1434,38.4661,-0.2528,A,relation-reasoning-agent-eval-v3.1
2026-08-10T00:50:00+09:00,CMP-S01-L02-01,S01,S01-L02,1,running,159.1733,475.1932,101.3772,39.4472,0.0683,A,relation-reasoning-agent-eval-v3.1
2026-08-10T00:50:00+09:00,CMP-S01-L03-01,S01,S01-L03,1,running,171.8803,455.4211,107.4761,38.0297,-0.4687,A,relation-reasoning-agent-eval-v3.1
2026-08-10T00:50:00+09:00,CMP-S01-L04-01,S01,S01-L04,1,running,199.6979,475.116,87.3513,41.0169,0.2341,A,relation-reasoning-agent-eval-v3.1
2026-08-10T00:50:00+09:00,CMP-S01-L05-01,S01,S01-L05,1,running,183.9496,446.003,94.211,43.3421,0.3332,A,relation-reasoning-agent-eval-v3.1
2026-08-10T01:00:00+09:00,CMP-S01-L01-01,S01,S01-L01,1,running,164.6636,485.3428,93.2521,38.0513,-0.3296,A,relation-reasoning-agent-eval-v3.1
2026-08-10T01:00:00+09:00,CMP-S01-L02-01,S01,S01-L02,1,running,162.801,458.7558,104.0703,42.8963,0.707,A,relation-reasoning-agent-eval-v3.1
2026-08-10T01:00:00+09:00,CMP-S01-L03-01,S01,S01-L03,1,running,178.5475,503.2646,103.6469,39.0561,-0.2786,A,relation-reasoning-agent-eval-v3.1
2026-08-10T01:00:00+09:00,CMP-S01-L04-01,S01,S01-L04,1,running,184.3462,497.4206,83.1187,43.5134,0.6964,A,relation-reasoning-agent-eval-v3.1
2026-08-10T01:00:00+09:00,CMP-S01-L05-01,S01,S01-L05,1,running,169.264,443.7472,96.3195,43.3927,0.3426,A,relation-reasoning-agent-eval-v3.1
2026-08-10T01:10:00+09:00,CMP-S01-L01-01,S01,S01-L01,1,running,175.8198,453.8644,93.7024,35.9254,-0.7233,A,relation-reasoning-agent-eval-v3.1
2026-08-10T01:10:00+09:00,CMP-S01-L02-01,S01,S01-L02,1,running,153.0445,483.1095,105.0076,42.3859,0.6125,A,relation-reasoning-agent-eval-v3.1
2026-08-10T01:10:00+09:00,CMP-S01-L03-01,S01,S01-L03,1,running,180.8984,492.4421,101.9733,41.1663,0.1122,A,relation-reasoning-agent-eval-v3.1
2026-08-10T01:10:00+09:00,CMP-S01-L04-01,S01,S01-L04,1,running,178.7774,500.2023,86.5338,39.6647,-0.0164,A,relation-reasoning-agent-eval-v3.1
2026-08-10T01:10:00+09:00,CMP-S01-L05-01,S01,S01-L05,1,running,186.9124,452.0477,96.0218,38.2301,-0.6134,A,relation-reasoning-agent-eval-v3.1
2026-08-10T01:20:00+09:00,CMP-S01-L01-01,S01,S01-L01,1,running,162.6607,465.7385,103.4713,36.8089,-0.5597,A,relation-reasoning-agent-eval-v3.1
2026-08-10T01:20:00+09:00,CMP-S01-L02-01,S01,S01-L02,1,running,158.2544,441.1035,107.0977,38.2852,-0.1469,A,relation-reasoning-agent-eval-v3.1
2026-08-10T01:20:00+09:00,CMP-S01-L03-01,S01,S01-L03,1,running,171.3637,483.9288,106.9793,46.3373,1.0698,B,relation-reasoning-agent-eval-v3.1
2026-08-10T01:20:00+09:00,CMP-S01-L04-01,S01,S01-L04,1,running,181.7273,502.8889,97.7988,42.2015,0.4534,A,relation-reasoning-agent-eval-v3.1
2026-08-10T01:20:00+09:00,CMP-S01-L05-01,S01,S01-L05,1,running,191.1754,474.4082,94.6775,41.7542,0.0392,A,relation-reasoning-agent-eval-v3.1
2026-08-10T01:30:00+09:00,CMP-S01-L01-01,S01,S01-L01,1,running,175.4239,454.2981,100.5045,31.321,-1.576,B,relation-reasoning-agent-eval-v3.1
2026-08-10T01:30:00+09:00,CMP-S01-L02-01,S01,S01-L02,1,running,144.9202,439.4934,109.0672,38.9086,-0.0314,A,relation-reasoning-agent-eval-v3.1
2026-08-10T01:30:00+09:00,CMP-S01-L03-01,S01,S01-L03,1,running,186.1933,441.0526,105.5725,47.3526,1.2578,B,relation-reasoning-agent-eval-v3.1
2026-08-10T01:30:00+09:00,CMP-S01-L04-01,S01,S01-L04,1,running,174.493,504.6376,94.9272,36.6329,-0.5778,A,relation-reasoning-agent-eval-v3.1
2026-08-10T01:30:00+09:00,CMP-S01-L05-01,S01,S01-L05,1,running,190.8536,446.3168,97.4167,43.7904,0.4162,A,relation-reasoning-agent-eval-v3.1
2026-08-10T01:40:00+09:00,CMP-S01-L01-01,S01,S01-L01,1,running,168.3915,468.3581,95.018,37.912,-0.3554,A,relation-reasoning-agent-eval-v3.1
2026-08-10T01:40:00+09:00,CMP-S01-L02-01,S01,S01-L02,1,running,136.78,409.927,107.4767,44.6544,1.0326,B,relation-reasoning-agent-eval-v3.1
2026-08-10T01:40:00+09:00,CMP-S01-L03-01,S01,S01-L03,1,running,172.4888,440.0238,106.6907,42.2854,0.3194,A,relation-reasoning-agent-eval-v3.1
2026-08-10T01:40:00+09:00,CMP-S01-L04-01,S01,S01-L04,1,running,171.1297,513.6935,88.1084,35.3104,-0.8227,A,relation-reasoning-agent-eval-v3.1
2026-08-10T01:40:00+09:00,CMP-S01-L05-01,S01,S01-L05,1,running,184.7191,446.5768,92.964,44.973,0.6352,A,relation-reasoning-agent-eval-v3.1
2026-08-10T01:50:00+09:00,CMP-S01-L01-01,S01,S01-L01,1,running,172.6075,484.9237,96.8196,35.7129,-0.7627,A,relation-reasoning-agent-eval-v3.1
2026-08-10T01:50:00+09:00,CMP-S01-L02-01,S01,S01-L02,1,running,137.46,390.5918,110.0002,45.2465,1.1423,B,relation-reasoning-agent-eval-v3.1
2026-08-10T01:50:00+09:00,CMP-S01-L03-01,S01,S01-L03,1,running,160.5657,456.1056,99.6761,44.7548,0.7767,A,relation-reasoning-agent-eval-v3.1
2026-08-10T01:50:00+09:00,CMP-S01-L04-01,S01,S01-L04,1,running,183.9715,468.7324,81.8674,36.6798,-0.5691,A,relation-reasoning-agent-eval-v3.1
2026-08-10T01:50:00+09:00,CMP-S01-L05-01,S01,S01-L05,1,running,190.8918,374.6174,104.19,42.4101,0.1606,A,relation-reasoning-agent-eval-v3.1
2026-08-10T02:00:00+09:00,CMP-S01-L01-01,S01,S01-L01,1,running,177.2253,475.4064,99.2511,38.8836,-0.1755,A,relation-reasoning-agent-eval-v3.1
2026-08-10T02:00:00+09:00,CMP-S01-L02-01,S01,S01-L02,1,running,145.3477,389.1323,111.3798,43.3744,0.7956,A,relation-reasoning-agent-eval-v3.1
2026-08-10T02:00:00+09:00,CMP-S01-L03-01,S01,S01-L03,1,running,147.6024,464.1337,98.3811,39.3784,-0.2189,A,relation-reasoning-agent-eval-v3.1
2026-08-10T02:00:00+09:00,CMP-S01-L04-01,S01,S01-L04,1,running,187.2407,479.1343,83.6939,38.9923,-0.1408,A,relation-reasoning-agent-eval-v3.1
2026-08-10T02:00:00+09:00,CMP-S01-L05-01,S01,S01-L05,1,running,162.9655,391.9335,102.043,37.3254,-0.781,A,relation-reasoning-agent-eval-v3.1
2026-08-10T02:10:00+09:00,CMP-S01-L01-01,S01,S01-L01,1,running,181.018,413.8992,98.0006,41.7755,0.3601,A,relation-reasoning-agent-eval-v3.1
2026-08-10T02:10:00+09:00,CMP-S01-L02-01,S01,S01-L02,1,running,163.6146,357.2705,106.5586,44.1745,0.9437,A,relation-reasoning-agent-eval-v3.1
2026-08-10T02:10:00+09:00,CMP-S01-L03-01,S01,S01-L03,1,running,150.948,472.8739,106.1112,36.5414,-0.7443,A,relation-reasoning-agent-eval-v3.1
2026-08-10T02:10:00+09:00,CMP-S01-L04-01,S01,S01-L04,1,running,180.5453,513.6736,90.5712,38.5279,-0.2269,A,relation-reasoning-agent-eval-v3.1
2026-08-10T02:10:00+09:00,CMP-S01-L05-01,S01,S01-L05,1,running,176.5842,455.0764,103.0297,42.9072,0.2527,A,relation-reasoning-agent-eval-v3.1
2026-08-10T02:20:00+09:00,CMP-S01-L01-01,S01,S01-L01,1,running,179.1907,471.3289,91.3021,44.9353,0.9452,A,relation-reasoning-agent-eval-v3.1
2026-08-10T02:20:00+09:00,CMP-S01-L02-01,S01,S01-L02,1,running,156.1855,378.2995,98.3257,47.8218,1.6192,B,relation-reasoning-agent-eval-v3.1
2026-08-10T02:20:00+09:00,CMP-S01-L03-01,S01,S01-L03,1,running,157.3074,478.3139,103.0338,35.0907,-1.0129,B,relation-reasoning-agent-eval-v3.1
2026-08-10T02:20:00+09:00,CMP-S01-L04-01,S01,S01-L04,1,running,173.7706,497.418,88.5544,40.0785,0.0603,A,relation-reasoning-agent-eval-v3.1
2026-08-10T02:20:00+09:00,CMP-S01-L05-01,S01,S01-L05,1,running,175.8324,459.355,106.3838,40.8252,-0.1328,A,relation-reasoning-agent-eval-v3.1
2026-08-10T02:30:00+09:00,CMP-S01-L01-01,S01,S01-L01,1,running,189.1959,484.4904,96.6809,42.1695,0.433,A,relation-reasoning-agent-eval-v3.1
2026-08-10T02:30:00+09:00,CMP-S01-L02-01,S01,S01-L02,1,running,167.0572,437.1526,101.1331,49.9748,2.0179,C,relation-reasoning-agent-eval-v3.1
2026-08-10T02:30:00+09:00,CMP-S01-L03-01,S01,S01-L03,1,running,144.8922,472.3261,100.6598,35.6177,-0.9153,A,relation-reasoning-agent-eval-v3.1
2026-08-10T02:30:00+09:00,CMP-S01-L04-01,S01,S01-L04,1,running,174.0059,460.2733,91.1995,42.0956,0.4338,A,relation-reasoning-agent-eval-v3.1
2026-08-10T02:30:00+09:00,CMP-S01-L05-01,S01,S01-L05,1,running,139.8174,471.5113,110.422,41.0262,-0.0956,A,relation-reasoning-agent-eval-v3.1
2026-08-10T02:40:00+09:00,CMP-S01-L01-01,S01,S01-L01,1,running,183.5941,502.0833,93.3595,36.9824,-0.5276,A,relation-reasoning-agent-eval-v3.1
2026-08-10T02:40:00+09:00,CMP-S01-L02-01,S01,S01-L02,1,running,171.3228,461.4158,101.6983,52.9467,2.5682,C,relation-reasoning-agent-eval-v3.1
2026-08-10T02:40:00+09:00,CMP-S01-L03-01,S01,S01-L03,1,running,153.5037,508.5537,103.5389,36.7824,-0.6996,A,relation-reasoning-agent-eval-v3.1
2026-08-10T02:40:00+09:00,CMP-S01-L04-01,S01,S01-L04,1,running,159.6827,436.6461,91.2966,36.6364,-0.5772,A,relation-reasoning-agent-eval-v3.1
2026-08-10T02:40:00+09:00,CMP-S01-L05-01,S01,S01-L05,1,running,147.4067,448.3474,104.0475,46.33,0.8866,A,relation-reasoning-agent-eval-v3.1
2026-08-10T02:50:00+09:00,CMP-S01-L01-01,S01,S01-L01,1,running,183.2172,485.3881,85.9121,39.8162,-0.0028,A,relation-reasoning-agent-eval-v3.1
2026-08-10T02:50:00+09:00,CMP-S01-L02-01,S01,S01-L02,1,running,164.9621,460.896,92.7365,50.8982,2.1889,C,relation-reasoning-agent-eval-v3.1
2026-08-10T02:50:00+09:00,CMP-S01-L03-01,S01,S01-L03,1,running,154.8175,480.6582,107.9371,37.4847,-0.5696,A,relation-reasoning-agent-eval-v3.1
2026-08-10T02:50:00+09:00,CMP-S01-L04-01,S01,S01-L04,1,running,153.9687,424.8586,90.2309,32.729,-1.3007,B,relation-reasoning-agent-eval-v3.1
2026-08-10T02:50:00+09:00,CMP-S01-L05-01,S01,S01-L05,1,running,150.3737,477.0894,103.207,42.2446,0.13,A,relation-reasoning-agent-eval-v3.1
2026-08-10T03:00:00+09:00,CMP-S01-L01-01,S01,S01-L01,1,running,191.9162,442.8481,90.4468,38.3467,-0.2749,A,relation-reasoning-agent-eval-v3.1
2026-08-10T03:00:00+09:00,CMP-S01-L02-01,S01,S01-L02,1,running,166.9234,415.2654,94.6603,43.141,0.7524,A,relation-reasoning-agent-eval-v3.1
2026-08-10T03:00:00+09:00,CMP-S01-L03-01,S01,S01-L03,1,running,162.9013,480.8538,110.1589,41.2902,0.1351,A,relation-reasoning-agent-eval-v3.1
2026-08-10T03:00:00+09:00,CMP-S01-L04-01,S01,S01-L04,1,running,171.3657,434.1175,92.5728,42.7142,0.5483,A,relation-reasoning-agent-eval-v3.1
2026-08-10T03:00:00+09:00,CMP-S01-L05-01,S01,S01-L05,1,running,160.3016,451.6367,101.2234,41.9708,0.0793,A,relation-reasoning-agent-eval-v3.1
2026-08-10T03:10:00+09:00,CMP-S01-L01-01,S01,S01-L01,1,running,171.2195,469.0454,94.5754,34.4007,-1.0057,B,relation-reasoning-agent-eval-v3.1
2026-08-10T03:10:00+09:00,CMP-S01-L02-01,S01,S01-L02,1,running,152.3983,402.6753,94.3066,37.2649,-0.3358,A,relation-reasoning-agent-eval-v3.1
2026-08-10T03:10:00+09:00,CMP-S01-L03-01,S01,S01-L03,1,running,159.1162,482.2603,103.6431,41.4951,0.1731,A,relation-reasoning-agent-eval-v3.1
2026-08-10T03:10:00+09:00,CMP-S01-L04-01,S01,S01-L04,1,running,179.1875,436.9014,91.1582,46.1764,1.1895,B,relation-reasoning-agent-eval-v3.1
2026-08-10T03:10:00+09:00,CMP-S01-L05-01,S01,S01-L05,1,running,161.5841,421.4691,99.1259,37.1319,-0.8168,A,relation-reasoning-agent-eval-v3.1
2026-08-10T03:20:00+09:00,CMP-S01-L01-01,S01,S01-L01,1,running,162.3567,450.1694,88.1987,38.3762,-0.2694,A,relation-reasoning-agent-eval-v3.1
2026-08-10T03:20:00+09:00,CMP-S01-L02-01,S01,S01-L02,1,running,149.7116,427.1694,104.4464,38.1127,-0.1788,A,relation-reasoning-agent-eval-v3.1
2026-08-10T03:20:00+09:00,CMP-S01-L03-01,S01,S01-L03,1,running,164.3671,524.4481,107.7843,46.291,1.0612,B,relation-reasoning-agent-eval-v3.1
2026-08-10T03:20:00+09:00,CMP-S01-L04-01,S01,S01-L04,1,running,160.4007,433.186,87.4367,39.7914,0.0071,A,relation-reasoning-agent-eval-v3.1
2026-08-10T03:20:00+09:00,CMP-S01-L05-01,S01,S01-L05,1,running,182.3225,404.1395,100.2374,37.6558,-0.7198,A,relation-reasoning-agent-eval-v3.1
2026-08-10T03:30:00+09:00,CMP-S01-L01-01,S01,S01-L01,1,running,164.3038,447.3095,93.3814,33.6789,-1.1393,B,relation-reasoning-agent-eval-v3.1
2026-08-10T03:30:00+09:00,CMP-S01-L02-01,S01,S01-L02,1,running,151.1554,429.1128,101.5206,37.1992,-0.348,A,relation-reasoning-agent-eval-v3.1
2026-08-10T03:30:00+09:00,CMP-S01-L03-01,S01,S01-L03,1,running,157.0424,485.4889,107.8771,44.1726,0.6689,A,relation-reasoning-agent-eval-v3.1
2026-08-10T03:30:00+09:00,CMP-S01-L04-01,S01,S01-L04,1,running,161.6261,452.4881,88.4585,38.0529,-0.3148,A,relation-reasoning-agent-eval-v3.1
2026-08-10T03:30:00+09:00,CMP-S01-L05-01,S01,S01-L05,1,running,165.1517,391.3552,95.9074,41.3664,-0.0326,A,relation-reasoning-agent-eval-v3.1
2026-08-10T03:40:00+09:00,CMP-S01-L01-01,S01,S01-L01,1,running,181.6511,408.8417,109.5232,35.8618,-0.7351,A,relation-reasoning-agent-eval-v3.1
2026-08-10T03:40:00+09:00,CMP-S01-L02-01,S01,S01-L02,1,running,154.1082,496.1031,103.5134,44.2779,0.9629,A,relation-reasoning-agent-eval-v3.1
2026-08-10T03:40:00+09:00,CMP-S01-L03-01,S01,S01-L03,1,running,163.7905,465.3976,106.3771,37.3281,-0.5986,A,relation-reasoning-agent-eval-v3.1
2026-08-10T03:40:00+09:00,CMP-S01-L04-01,S01,S01-L04,1,running,161.0522,480.9294,85.7636,31.0177,-1.6176,B,relation-reasoning-agent-eval-v3.1
2026-08-10T03:40:00+09:00,CMP-S01-L05-01,S01,S01-L05,1,running,162.272,425.0801,100.7178,43.3387,0.3326,A,relation-reasoning-agent-eval-v3.1
2026-08-10T03:50:00+09:00,CMP-S01-L01-01,S01,S01-L01,1,running,180.0451,420.7551,105.7214,35.6303,-0.7779,A,relation-reasoning-agent-eval-v3.1
2026-08-10T03:50:00+09:00,CMP-S01-L02-01,S01,S01-L02,1,running,166.0895,502.0505,106.9796,44.2618,0.9599,A,relation-reasoning-agent-eval-v3.1
2026-08-10T03:50:00+09:00,CMP-S01-L03-01,S01,S01-L03,1,running,176.2751,431.6634,99.3729,38.179,-0.441,A,relation-reasoning-agent-eval-v3.1
2026-08-10T03:50:00+09:00,CMP-S01-L04-01,S01,S01-L04,1,running,167.3666,446.0298,89.3911,33.6769,-1.1252,B,relation-reasoning-agent-eval-v3.1
2026-08-10T03:50:00+09:00,CMP-S01-L05-01,S01,S01-L05,1,running,166.2701,460.061,94.0571,43.7919,0.4165,A,relation-reasoning-agent-eval-v3.1
2026-08-10T04:00:00+09:00,CMP-S01-L01-01,S01,S01-L01,1,running,173.312,392.6418,102.1248,42.8981,0.5679,A,relation-reasoning-agent-eval-v3.1
2026-08-10T04:00:00+09:00,CMP-S01-L02-01,S01,S01-L02,1,running,163.2688,527.4683,106.7476,42.8894,0.7058,A,relation-reasoning-agent-eval-v3.1
2026-08-10T04:00:00+09:00,CMP-S01-L03-01,S01,S01-L03,1,running,179.3158,481.8766,98.0941,39.7039,-0.1586,A,relation-reasoning-agent-eval-v3.1
2026-08-10T04:00:00+09:00,CMP-S01-L04-01,S01,S01-L04,1,running,166.7802,453.2586,88.0059,30.3974,-1.7325,B,relation-reasoning-agent-eval-v3.1
2026-08-10T04:00:00+09:00,CMP-S01-L05-01,S01,S01-L05,1,running,175.4005,451.4902,99.4827,37.7065,-0.7104,A,relation-reasoning-agent-eval-v3.1
2026-08-10T04:10:00+09:00,CMP-S01-L01-01,S01,S01-L01,1,running,177.143,407.7063,94.8993,52.3351,2.3155,C,relation-reasoning-agent-eval-v3.1
2026-08-10T04:10:00+09:00,CMP-S01-L02-01,S01,S01-L02,1,running,164.7031,488.6893,102.8292,37.5106,-0.2903,A,relation-reasoning-agent-eval-v3.1
2026-08-10T04:10:00+09:00,CMP-S01-L03-01,S01,S01-L03,1,running,183.386,463.0261,98.6052,50.4423,1.83,B,relation-reasoning-agent-eval-v3.1
2026-08-10T04:10:00+09:00,CMP-S01-L04-01,S01,S01-L04,1,running,170.066,475.0306,87.4876,33.1975,-1.214,B,relation-reasoning-agent-eval-v3.1
2026-08-10T04:10:00+09:00,CMP-S01-L05-01,S01,S01-L05,1,running,181.5908,426.0989,94.4055,45.687,0.7675,A,relation-reasoning-agent-eval-v3.1
2026-08-10T04:20:00+09:00,CMP-S01-L01-01,S01,S01-L01,1,running,171.0212,439.5628,95.6829,39.9342,0.0191,A,relation-reasoning-agent-eval-v3.1
2026-08-10T04:20:00+09:00,CMP-S01-L02-01,S01,S01-L02,1,running,173.1715,515.9239,103.6209,39.6672,0.1091,A,relation-reasoning-agent-eval-v3.1
2026-08-10T04:20:00+09:00,CMP-S01-L03-01,S01,S01-L03,1,running,175.1479,459.3532,97.5655,50.5102,1.8425,B,relation-reasoning-agent-eval-v3.1
2026-08-10T04:20:00+09:00,CMP-S01-L04-01,S01,S01-L04,1,running,181.3941,494.2898,91.0957,32.5963,-1.3253,B,relation-reasoning-agent-eval-v3.1
2026-08-10T04:20:00+09:00,CMP-S01-L05-01,S01,S01-L05,1,running,178.0678,403.6451,92.4905,42.9893,0.2679,A,relation-reasoning-agent-eval-v3.1
2026-08-10T04:30:00+09:00,CMP-S01-L01-01,S01,S01-L01,1,running,191.6701,439.42,103.4067,42.3792,0.4718,A,relation-reasoning-agent-eval-v3.1
2026-08-10T04:30:00+09:00,CMP-S01-L02-01,S01,S01-L02,1,running,186.6075,471.303,103.1561,40.1307,0.1949,A,relation-reasoning-agent-eval-v3.1
2026-08-10T04:30:00+09:00,CMP-S01-L03-01,S01,S01-L03,1,running,182.8407,438.3968,105.3963,49.1556,1.5917,B,relation-reasoning-agent-eval-v3.1
2026-08-10T04:30:00+09:00,CMP-S01-L04-01,S01,S01-L04,1,running,196.9923,560.1538,86.9405,33.3527,-1.1852,B,relation-reasoning-agent-eval-v3.1
2026-08-10T04:30:00+09:00,CMP-S01-L05-01,S01,S01-L05,1,running,183.2853,406.4445,89.1896,42.1134,0.1057,A,relation-reasoning-agent-eval-v3.1
2026-08-10T04:40:00+09:00,CMP-S01-L01-01,S01,S01-L01,1,running,186.3345,476.8662,102.1871,43.3179,0.6457,A,relation-reasoning-agent-eval-v3.1
2026-08-10T04:40:00+09:00,CMP-S01-L02-01,S01,S01-L02,1,running,173.7393,451.2863,105.5364,33.1216,-1.1031,B,relation-reasoning-agent-eval-v3.1
2026-08-10T04:40:00+09:00,CMP-S01-L03-01,S01,S01-L03,1,running,168.3826,439.33,107.6809,49.9122,1.7318,B,relation-reasoning-agent-eval-v3.1
2026-08-10T04:40:00+09:00,CMP-S01-L04-01,S01,S01-L04,1,running,173.7338,497.3331,89.1761,31.4791,-1.5322,B,relation-reasoning-agent-eval-v3.1
2026-08-10T04:40:00+09:00,CMP-S01-L05-01,S01,S01-L05,1,running,179.6709,368.9613,89.5193,40.6545,-0.1645,A,relation-reasoning-agent-eval-v3.1
2026-08-10T04:50:00+09:00,CMP-S01-L01-01,S01,S01-L01,1,running,168.4704,505.8845,107.0254,44.8306,0.9258,A,relation-reasoning-agent-eval-v3.1
2026-08-10T04:50:00+09:00,CMP-S01-L02-01,S01,S01-L02,1,running,175.5913,418.8545,103.0403,35.9089,-0.5869,A,relation-reasoning-agent-eval-v3.1
2026-08-10T04:50:00+09:00,CMP-S01-L03-01,S01,S01-L03,1,running,151.2267,405.4955,106.1502,48.788,1.5236,B,relation-reasoning-agent-eval-v3.1
2026-08-10T04:50:00+09:00,CMP-S01-L04-01,S01,S01-L04,1,running,173.0237,433.4145,92.1912,43.5425,0.7017,A,relation-reasoning-agent-eval-v3.1
2026-08-10T04:50:00+09:00,CMP-S01-L05-01,S01,S01-L05,1,running,170.4536,385.5441,86.2018,47.027,1.0156,B,relation-reasoning-agent-eval-v3.1
2026-08-10T05:00:00+09:00,CMP-S01-L01-01,S01,S01-L01,1,running,166.0161,500.6076,102.9223,40.5773,0.1382,A,relation-reasoning-agent-eval-v3.1
2026-08-10T05:00:00+09:00,CMP-S01-L02-01,S01,S01-L02,1,running,152.5995,423.4651,97.2786,39.5153,0.0809,A,relation-reasoning-agent-eval-v3.1
2026-08-10T05:00:00+09:00,CMP-S01-L03-01,S01,S01-L03,1,running,147.3371,401.5091,110.1991,49.5427,1.6634,B,relation-reasoning-agent-eval-v3.1
2026-08-10T05:00:00+09:00,CMP-S01-L04-01,S01,S01-L04,1,running,152.6139,457.2506,97.2185,40.4006,0.1199,A,relation-reasoning-agent-eval-v3.1
2026-08-10T05:00:00+09:00,CMP-S01-L05-01,S01,S01-L05,1,running,164.768,381.6202,98.7821,37.2531,-0.7944,A,relation-reasoning-agent-eval-v3.1
2026-08-10T05:10:00+09:00,CMP-S01-L01-01,S01,S01-L01,1,running,148.0762,481.8363,106.2515,42.9667,0.5806,A,relation-reasoning-agent-eval-v3.1
2026-08-10T05:10:00+09:00,CMP-S01-L02-01,S01,S01-L02,1,running,155.4883,433.0228,101.3296,39.3176,0.0443,A,relation-reasoning-agent-eval-v3.1
2026-08-10T05:10:00+09:00,CMP-S01-L03-01,S01,S01-L03,1,running,163.2153,427.929,104.8783,51.1536,1.9617,B,relation-reasoning-agent-eval-v3.1
2026-08-10T05:10:00+09:00,CMP-S01-L04-01,S01,S01-L04,1,running,163.2992,408.1778,96.4146,36.1417,-0.6688,A,relation-reasoning-agent-eval-v3.1
2026-08-10T05:10:00+09:00,CMP-S01-L05-01,S01,S01-L05,1,running,164.819,387.7161,96.883,29.4782,-2.2342,C,relation-reasoning-agent-eval-v3.1
2026-08-10T05:20:00+09:00,CMP-S01-L01-01,S01,S01-L01,1,running,173.5569,475.6436,105.8285,41.0353,0.223,A,relation-reasoning-agent-eval-v3.1
2026-08-10T05:20:00+09:00,CMP-S01-L02-01,S01,S01-L02,1,running,160.0232,464.2317,103.9938,37.4354,-0.3042,A,relation-reasoning-agent-eval-v3.1
2026-08-10T05:20:00+09:00,CMP-S01-L03-01,S01,S01-L03,1,running,160.8225,429.325,96.5478,51.6461,2.0529,C,relation-reasoning-agent-eval-v3.1
2026-08-10T05:20:00+09:00,CMP-S01-L04-01,S01,S01-L04,1,running,177.4367,417.9388,94.5644,36.5484,-0.5934,A,relation-reasoning-agent-eval-v3.1
2026-08-10T05:20:00+09:00,CMP-S01-L05-01,S01,S01-L05,1,running,163.8133,433.3935,98.6109,34.5509,-1.2948,B,relation-reasoning-agent-eval-v3.1
2026-08-10T05:30:00+09:00,CMP-S01-L01-01,S01,S01-L01,1,running,165.8816,518.5818,101.9009,42.7247,0.5358,A,relation-reasoning-agent-eval-v3.1
2026-08-10T05:30:00+09:00,CMP-S01-L02-01,S01,S01-L02,1,running,176.3287,486.0965,105.525,35.3611,-0.6884,A,relation-reasoning-agent-eval-v3.1
2026-08-10T05:30:00+09:00,CMP-S01-L03-01,S01,S01-L03,1,running,158.2398,436.917,94.0774,49.4836,1.6524,B,relation-reasoning-agent-eval-v3.1
2026-08-10T05:30:00+09:00,CMP-S01-L04-01,S01,S01-L04,1,running,184.6875,415.194,96.7496,41.4542,0.3151,A,relation-reasoning-agent-eval-v3.1
2026-08-10T05:30:00+09:00,CMP-S01-L05-01,S01,S01-L05,1,running,174.3976,415.4437,96.0381,31.8497,-1.795,B,relation-reasoning-agent-eval-v3.1
2026-08-10T05:40:00+09:00,CMP-S01-L01-01,S01,S01-L01,1,running,171.408,522.2715,107.1245,44.0887,0.7884,A,relation-reasoning-agent-eval-v3.1
2026-08-10T05:40:00+09:00,CMP-S01-L02-01,S01,S01-L02,1,running,176.3021,478.3775,111.8921,35.9677,-0.576,A,relation-reasoning-agent-eval-v3.1
2026-08-10T05:40:00+09:00,CMP-S01-L03-01,S01,S01-L03,1,running,172.7305,416.612,95.1101,48.9583,1.5551,B,relation-reasoning-agent-eval-v3.1
2026-08-10T05:40:00+09:00,CMP-S01-L04-01,S01,S01-L04,1,running,174.3485,386.363,97.8869,41.2932,0.2852,A,relation-reasoning-agent-eval-v3.1
2026-08-10T05:40:00+09:00,CMP-S01-L05-01,S01,S01-L05,1,running,178.099,364.969,98.295,41.4878,-0.0101,A,relation-reasoning-agent-eval-v3.1
2026-08-10T05:50:00+09:00,CMP-S01-L01-01,S01,S01-L01,1,running,173.7639,469.5333,106.3282,49.6097,1.8108,B,relation-reasoning-agent-eval-v3.1
2026-08-10T05:50:00+09:00,CMP-S01-L02-01,S01,S01-L02,1,running,160.0247,484.6559,116.2556,40.3969,0.2442,A,relation-reasoning-agent-eval-v3.1
2026-08-10T05:50:00+09:00,CMP-S01-L03-01,S01,S01-L03,1,running,165.2771,457.8255,88.4235,48.018,1.381,B,relation-reasoning-agent-eval-v3.1
2026-08-10T05:50:00+09:00,CMP-S01-L04-01,S01,S01-L04,1,running,171.5127,397.4802,91.9921,39.5602,-0.0357,A,relation-reasoning-agent-eval-v3.1
2026-08-10T05:50:00+09:00,CMP-S01-L05-01,S01,S01-L05,1,running,177.3141,374.4124,99.6681,41.4648,-0.0144,A,relation-reasoning-agent-eval-v3.1
2026-08-10T06:00:00+09:00,CMP-S01-L01-01,S01,S01-L01,1,running,194.7272,532.4574,112.5562,46.6405,1.261,B,relation-reasoning-agent-eval-v3.1
2026-08-10T06:00:00+09:00,CMP-S01-L02-01,S01,S01-L02,1,running,151.2926,474.9945,112.8841,39.845,0.142,A,relation-reasoning-agent-eval-v3.1
2026-08-10T06:00:00+09:00,CMP-S01-L03-01,S01,S01-L03,1,running,161.5082,462.3779,90.4317,44.0384,0.6441,A,relation-reasoning-agent-eval-v3.1
2026-08-10T06:00:00+09:00,CMP-S01-L04-01,S01,S01-L04,1,running,173.5477,432.0495,93.5308,39.2738,-0.0887,A,relation-reasoning-agent-eval-v3.1
2026-08-10T06:00:00+09:00,CMP-S01-L05-01,S01,S01-L05,1,running,156.4783,447.3843,94.6843,42.9715,0.2646,A,relation-reasoning-agent-eval-v3.1
2026-08-10T06:10:00+09:00,CMP-S01-L01-01,S01,S01-L01,1,running,198.9294,529.2135,107.1318,37.7149,-0.3919,A,relation-reasoning-agent-eval-v3.1
2026-08-10T06:10:00+09:00,CMP-S01-L02-01,S01,S01-L02,1,running,145.1622,412.5492,112.4569,36.4492,-0.4869,A,relation-reasoning-agent-eval-v3.1
2026-08-10T06:10:00+09:00,CMP-S01-L03-01,S01,S01-L03,1,running,166.5535,439.0121,90.7709,39.5907,-0.1796,A,relation-reasoning-agent-eval-v3.1
2026-08-10T06:10:00+09:00,CMP-S01-L04-01,S01,S01-L04,1,running,183.8552,452.7218,97.5124,37.7538,-0.3702,A,relation-reasoning-agent-eval-v3.1
2026-08-10T06:10:00+09:00,CMP-S01-L05-01,S01,S01-L05,1,running,162.8772,408.8462,90.1972,40.0946,-0.2682,A,relation-reasoning-agent-eval-v3.1
2026-08-10T06:20:00+09:00,CMP-S01-L01-01,S01,S01-L01,1,running,194.776,494.5345,106.6815,37.6257,-0.4084,A,relation-reasoning-agent-eval-v3.1
2026-08-10T06:20:00+09:00,CMP-S01-L02-01,S01,S01-L02,1,running,145.3185,430.9699,111.0282,34.8325,-0.7863,A,relation-reasoning-agent-eval-v3.1
2026-08-10T06:20:00+09:00,CMP-S01-L03-01,S01,S01-L03,1,running,180.2581,464.8276,91.6595,42.2111,0.3057,A,relation-reasoning-agent-eval-v3.1
2026-08-10T06:20:00+09:00,CMP-S01-L04-01,S01,S01-L04,1,running,198.1851,453.6605,94.8842,33.6436,-1.1314,B,relation-reasoning-agent-eval-v3.1
2026-08-10T06:20:00+09:00,CMP-S01-L05-01,S01,S01-L05,1,running,168.4244,405.4477,95.6812,40.9554,-0.1088,A,relation-reasoning-agent-eval-v3.1
2026-08-10T06:30:00+09:00,CMP-S01-L01-01,S01,S01-L01,1,running,183.1719,529.0166,100.5395,37.2063,-0.4861,A,relation-reasoning-agent-eval-v3.1
2026-08-10T06:30:00+09:00,CMP-S01-L02-01,S01,S01-L02,1,running,143.5092,469.6087,105.9578,38.9404,-0.0255,A,relation-reasoning-agent-eval-v3.1
2026-08-10T06:30:00+09:00,CMP-S01-L03-01,S01,S01-L03,1,running,187.5778,487.006,93.8326,38.9825,-0.2922,A,relation-reasoning-agent-eval-v3.1
2026-08-10T06:30:00+09:00,CMP-S01-L04-01,S01,S01-L04,1,running,189.9828,444.0748,97.6381,39.3312,-0.0781,A,relation-reasoning-agent-eval-v3.1
2026-08-10T06:30:00+09:00,CMP-S01-L05-01,S01,S01-L05,1,running,162.62,409.928,92.2814,48.0884,1.2122,B,relation-reasoning-agent-eval-v3.1
2026-08-10T06:40:00+09:00,CMP-S01-L01-01,S01,S01-L01,1,running,190.7976,509.7523,98.5725,35.1332,-0.87,A,relation-reasoning-agent-eval-v3.1
2026-08-10T06:40:00+09:00,CMP-S01-L02-01,S01,S01-L02,1,running,142.0566,409.6365,110.1159,47.2712,1.5172,B,relation-reasoning-agent-eval-v3.1
2026-08-10T06:40:00+09:00,CMP-S01-L03-01,S01,S01-L03,1,running,163.8633,458.0499,97.1776,39.8784,-0.1263,A,relation-reasoning-agent-eval-v3.1
2026-08-10T06:40:00+09:00,CMP-S01-L04-01,S01,S01-L04,1,running,173.8132,454.4914,105.28,43.1521,0.6295,A,relation-reasoning-agent-eval-v3.1
2026-08-10T06:40:00+09:00,CMP-S01-L05-01,S01,S01-L05,1,running,152.5865,435.6288,103.7914,46.8383,0.9807,A,relation-reasoning-agent-eval-v3.1
2026-08-10T06:50:00+09:00,CMP-S01-L01-01,S01,S01-L01,1,running,194.6602,521.2363,105.9804,35.7307,-0.7594,A,relation-reasoning-agent-eval-v3.1
2026-08-10T06:50:00+09:00,CMP-S01-L02-01,S01,S01-L02,1,running,149.1894,410.0334,102.0086,46.9322,1.4544,B,relation-reasoning-agent-eval-v3.1
2026-08-10T06:50:00+09:00,CMP-S01-L03-01,S01,S01-L03,1,running,181.9934,434.9323,99.3959,40.8941,0.0618,A,relation-reasoning-agent-eval-v3.1
2026-08-10T06:50:00+09:00,CMP-S01-L04-01,S01,S01-L04,1,running,153.7266,461.0171,107.0693,32.5964,-1.3253,B,relation-reasoning-agent-eval-v3.1
2026-08-10T06:50:00+09:00,CMP-S01-L05-01,S01,S01-L05,1,running,164.1566,429.8471,105.3231,42.6073,0.1972,A,relation-reasoning-agent-eval-v3.1
2026-08-10T07:00:00+09:00,CMP-S01-L01-01,S01,S01-L01,1,running,179.1578,481.393,111.9592,39.0855,-0.1381,A,relation-reasoning-agent-eval-v3.1
2026-08-10T07:00:00+09:00,CMP-S01-L02-01,S01,S01-L02,1,running,151.1472,415.0033,101.4667,51.2525,2.2545,C,relation-reasoning-agent-eval-v3.1
2026-08-10T07:00:00+09:00,CMP-S01-L03-01,S01,S01-L03,1,running,198.826,458.7932,99.756,40.6149,0.0101,A,relation-reasoning-agent-eval-v3.1
2026-08-10T07:00:00+09:00,CMP-S01-L04-01,S01,S01-L04,1,running,166.4333,504.3511,100.0363,38.2702,-0.2746,A,relation-reasoning-agent-eval-v3.1
2026-08-10T07:00:00+09:00,CMP-S01-L05-01,S01,S01-L05,1,running,179.4051,440.842,101.2505,43.2902,0.3236,A,relation-reasoning-agent-eval-v3.1
2026-08-10T07:10:00+09:00,CMP-S01-L01-01,S01,S01-L01,1,running,178.55,471.856,108.8793,36.0452,-0.7011,A,relation-reasoning-agent-eval-v3.1
2026-08-10T07:10:00+09:00,CMP-S01-L02-01,S01,S01-L02,1,running,163.4695,404.3825,98.0393,52.4805,2.4819,C,relation-reasoning-agent-eval-v3.1
2026-08-10T07:10:00+09:00,CMP-S01-L03-01,S01,S01-L03,1,running,187.2579,476.2813,107.1881,42.484,0.3562,A,relation-reasoning-agent-eval-v3.1
2026-08-10T07:10:00+09:00,CMP-S01-L04-01,S01,S01-L04,1,running,156.3594,507.1048,100.4898,34.9941,-0.8813,A,relation-reasoning-agent-eval-v3.1
2026-08-10T07:10:00+09:00,CMP-S01-L05-01,S01,S01-L05,1,running,185.689,432.6312,92.9125,42.5873,0.1935,A,relation-reasoning-agent-eval-v3.1
2026-08-10T07:20:00+09:00,CMP-S01-L01-01,S01,S01-L01,1,running,170.3941,512.6168,102.9402,31.878,-1.4728,B,relation-reasoning-agent-eval-v3.1
2026-08-10T07:20:00+09:00,CMP-S01-L02-01,S01,S01-L02,1,running,152.5186,391.8226,105.1227,50.4383,2.1037,C,relation-reasoning-agent-eval-v3.1
2026-08-10T07:20:00+09:00,CMP-S01-L03-01,S01,S01-L03,1,running,171.7647,434.1565,113.3925,37.1316,-0.635,A,relation-reasoning-agent-eval-v3.1
2026-08-10T07:20:00+09:00,CMP-S01-L04-01,S01,S01-L04,1,running,140.5753,499.5057,98.7016,36.9594,-0.5174,A,relation-reasoning-agent-eval-v3.1
2026-08-10T07:20:00+09:00,CMP-S01-L05-01,S01,S01-L05,1,running,180.8601,462.1679,93.091,47.5146,1.1059,B,relation-reasoning-agent-eval-v3.1
2026-08-10T07:30:00+09:00,CMP-S01-L01-01,S01,S01-L01,1,running,168.4147,495.3507,100.7686,34.3932,-1.007,B,relation-reasoning-agent-eval-v3.1
2026-08-10T07:30:00+09:00,CMP-S01-L02-01,S01,S01-L02,1,running,151.6426,399.709,104.4461,47.3553,1.5328,B,relation-reasoning-agent-eval-v3.1
2026-08-10T07:30:00+09:00,CMP-S01-L03-01,S01,S01-L03,1,running,164.5108,412.2587,110.035,40.2021,-0.0664,A,relation-reasoning-agent-eval-v3.1
2026-08-10T07:30:00+09:00,CMP-S01-L04-01,S01,S01-L04,1,running,174.6089,487.1529,96.9244,34.3792,-0.9951,A,relation-reasoning-agent-eval-v3.1
2026-08-10T07:30:00+09:00,CMP-S01-L05-01,S01,S01-L05,1,running,165.7484,454.939,91.7298,46.2308,0.8682,A,relation-reasoning-agent-eval-v3.1
2026-08-10T07:40:00+09:00,CMP-S01-L01-01,S01,S01-L01,1,running,176.7207,507.7516,103.0678,36.6776,-0.584,A,relation-reasoning-agent-eval-v3.1
2026-08-10T07:40:00+09:00,CMP-S01-L02-01,S01,S01-L02,1,running,166.7674,405.7762,107.6386,50.0119,2.0247,C,relation-reasoning-agent-eval-v3.1
2026-08-10T07:40:00+09:00,CMP-S01-L03-01,S01,S01-L03,1,running,158.672,450.6511,106.0486,39.5276,-0.1913,A,relation-reasoning-agent-eval-v3.1
2026-08-10T07:40:00+09:00,CMP-S01-L04-01,S01,S01-L04,1,running,187.6896,489.432,101.7095,40.7164,0.1784,A,relation-reasoning-agent-eval-v3.1
2026-08-10T07:40:00+09:00,CMP-S01-L05-01,S01,S01-L05,1,running,172.5747,442.0614,85.9496,38.6022,-0.5445,A,relation-reasoning-agent-eval-v3.1
2026-08-10T07:50:00+09:00,CMP-S01-L01-01,S01,S01-L01,1,running,179.1128,510.0002,102.338,37.2702,-0.4743,A,relation-reasoning-agent-eval-v3.1
2026-08-10T07:50:00+09:00,CMP-S01-L02-01,S01,S01-L02,1,running,177.5783,436.5902,108.1213,50.5611,2.1265,C,relation-reasoning-agent-eval-v3.1
2026-08-10T07:50:00+09:00,CMP-S01-L03-01,S01,S01-L03,1,running,152.0039,408.421,107.4747,42.2175,0.3069,A,relation-reasoning-agent-eval-v3.1
2026-08-10T07:50:00+09:00,CMP-S01-L04-01,S01,S01-L04,1,running,186.5717,520.3248,103.7221,41.0657,0.2431,A,relation-reasoning-agent-eval-v3.1
2026-08-10T07:50:00+09:00,CMP-S01-L05-01,S01,S01-L05,1,running,167.0233,478.0148,93.8597,31.9224,-1.7815,B,relation-reasoning-agent-eval-v3.1
2026-08-10T08:00:00+09:00,CMP-S01-L01-01,S01,S01-L01,1,running,175.7777,490.2705,101.0283,35.829,-0.7412,A,relation-reasoning-agent-eval-v3.1
2026-08-10T08:00:00+09:00,CMP-S01-L02-01,S01,S01-L02,1,running,180.8251,457.3803,111.6953,50.0825,2.0378,C,relation-reasoning-agent-eval-v3.1
2026-08-10T08:00:00+09:00,CMP-S01-L03-01,S01,S01-L03,1,running,160.2278,412.7859,102.3697,34.3108,-1.1574,B,relation-reasoning-agent-eval-v3.1
2026-08-10T08:00:00+09:00,CMP-S01-L04-01,S01,S01-L04,1,running,191.6772,490.011,101.8901,35.6711,-0.7559,A,relation-reasoning-agent-eval-v3.1
2026-08-10T08:00:00+09:00,CMP-S01-L05-01,S01,S01-L05,1,running,158.7896,426.9325,100.9348,38.1765,-0.6233,A,relation-reasoning-agent-eval-v3.1
2026-08-10T08:10:00+09:00,CMP-S01-L01-01,S01,S01-L01,1,running,186.0994,490.9622,101.7626,38.8416,-0.1833,A,relation-reasoning-agent-eval-v3.1
2026-08-10T08:10:00+09:00,CMP-S01-L02-01,S01,S01-L02,1,running,163.5713,439.5086,105.2868,48.5139,1.7473,B,relation-reasoning-agent-eval-v3.1
2026-08-10T08:10:00+09:00,CMP-S01-L03-01,S01,S01-L03,1,running,150.1219,439.826,108.0244,31.1041,-1.7512,B,relation-reasoning-agent-eval-v3.1
2026-08-10T08:10:00+09:00,CMP-S01-L04-01,S01,S01-L04,1,running,181.9977,472.4002,99.3116,33.44,-1.169,B,relation-reasoning-agent-eval-v3.1
2026-08-10T08:10:00+09:00,CMP-S01-L05-01,S01,S01-L05,1,running,165.3112,435.6626,98.9401,41.4359,-0.0198,A,relation-reasoning-agent-eval-v3.1
2026-08-10T08:20:00+09:00,CMP-S01-L01-01,S01,S01-L01,1,running,187.8215,474.58,105.0322,37.4081,-0.4487,A,relation-reasoning-agent-eval-v3.1
2026-08-10T08:20:00+09:00,CMP-S01-L02-01,S01,S01-L02,1,running,175.2815,441.8537,102.1892,50.5882,2.1315,C,relation-reasoning-agent-eval-v3.1
2026-08-10T08:20:00+09:00,CMP-S01-L03-01,S01,S01-L03,1,running,153.8418,479.7066,107.3978,32.297,-1.5303,B,relation-reasoning-agent-eval-v3.1
2026-08-10T08:20:00+09:00,CMP-S01-L04-01,S01,S01-L04,1,running,201.3096,439.5017,105.9981,38.5029,-0.2315,A,relation-reasoning-agent-eval-v3.1
2026-08-10T08:20:00+09:00,CMP-S01-L05-01,S01,S01-L05,1,running,166.7815,435.3049,101.8958,47.4466,1.0933,B,relation-reasoning-agent-eval-v3.1
2026-08-10T08:30:00+09:00,CMP-S01-L01-01,S01,S01-L01,1,running,189.6714,475.2702,107.1108,40.9901,0.2146,A,relation-reasoning-agent-eval-v3.1
2026-08-10T08:30:00+09:00,CMP-S01-L02-01,S01,S01-L02,1,running,182.4159,455.0514,110.0145,45.4014,1.1709,B,relation-reasoning-agent-eval-v3.1
2026-08-10T08:30:00+09:00,CMP-S01-L03-01,S01,S01-L03,1,running,161.9728,486.9582,102.2899,33.9017,-1.2331,B,relation-reasoning-agent-eval-v3.1
2026-08-10T08:30:00+09:00,CMP-S01-L04-01,S01,S01-L04,1,running,197.3318,474.736,103.111,38.6689,-0.2008,A,relation-reasoning-agent-eval-v3.1
2026-08-10T08:30:00+09:00,CMP-S01-L05-01,S01,S01-L05,1,running,171.4496,476.0206,110.1194,44.8521,0.6129,A,relation-reasoning-agent-eval-v3.1
2026-08-10T08:40:00+09:00,CMP-S01-L01-01,S01,S01-L01,1,running,171.0697,439.0802,109.9096,36.6932,-0.5811,A,relation-reasoning-agent-eval-v3.1
2026-08-10T08:40:00+09:00,CMP-S01-L02-01,S01,S01-L02,1,running,186.3812,463.5168,106.4237,47.8257,1.6199,B,relation-reasoning-agent-eval-v3.1
2026-08-10T08:40:00+09:00,CMP-S01-L03-01,S01,S01-L03,1,running,180.5097,485.8391,108.1628,31.8354,-1.6157,B,relation-reasoning-agent-eval-v3.1
2026-08-10T08:40:00+09:00,CMP-S01-L04-01,S01,S01-L04,1,running,196.9207,496.3159,99.4568,37.6711,-0.3855,A,relation-reasoning-agent-eval-v3.1
2026-08-10T08:40:00+09:00,CMP-S01-L05-01,S01,S01-L05,1,running,175.9696,482.315,107.5621,45.7264,0.7748,A,relation-reasoning-agent-eval-v3.1
2026-08-10T08:50:00+09:00,CMP-S01-L01-01,S01,S01-L01,1,running,182.0279,446.2498,104.1439,33.7942,-1.118,B,relation-reasoning-agent-eval-v3.1
2026-08-10T08:50:00+09:00,CMP-S01-L02-01,S01,S01-L02,1,running,171.3869,459.1063,107.7333,50.919,2.1927,C,relation-reasoning-agent-eval-v3.1
2026-08-10T08:50:00+09:00,CMP-S01-L03-01,S01,S01-L03,1,running,184.416,482.5828,104.3422,37.863,-0.4995,A,relation-reasoning-agent-eval-v3.1
2026-08-10T08:50:00+09:00,CMP-S01-L04-01,S01,S01-L04,1,running,189.8361,466.5731,102.1589,34.8998,-0.8987,A,relation-reasoning-agent-eval-v3.1
2026-08-10T08:50:00+09:00,CMP-S01-L05-01,S01,S01-L05,1,running,175.9592,435.0411,108.649,41.4464,-0.0178,A,relation-reasoning-agent-eval-v3.1
2026-08-10T09:00:00+09:00,CMP-S01-L01-01,S01,S01-L01,1,running,173.4999,476.4213,102.2676,36.8472,-0.5526,A,relation-reasoning-agent-eval-v3.1
2026-08-10T09:00:00+09:00,CMP-S01-L02-01,S01,S01-L02,1,running,168.5594,421.4494,102.1339,54.2352,2.8068,C,relation-reasoning-agent-eval-v3.1
2026-08-10T09:00:00+09:00,CMP-S01-L03-01,S01,S01-L03,1,running,194.2006,421.0756,105.6399,44.0293,0.6424,A,relation-reasoning-agent-eval-v3.1
2026-08-10T09:00:00+09:00,CMP-S01-L04-01,S01,S01-L04,1,running,179.2031,430.2251,98.4364,32.0585,-1.4249,B,relation-reasoning-agent-eval-v3.1
2026-08-10T09:00:00+09:00,CMP-S01-L05-01,S01,S01-L05,1,running,166.8068,459.5751,101.6952,43.9062,0.4377,A,relation-reasoning-agent-eval-v3.1
2026-08-10T09:10:00+09:00,CMP-S01-L01-01,S01,S01-L01,1,running,186.4712,479.5286,110.6791,39.7335,-0.0181,A,relation-reasoning-agent-eval-v3.1
2026-08-10T09:10:00+09:00,CMP-S01-L02-01,S01,S01-L02,1,running,155.4122,399.0916,102.604,52.085,2.4086,C,relation-reasoning-agent-eval-v3.1
2026-08-10T09:10:00+09:00,CMP-S01-L03-01,S01,S01-L03,1,running,205.9987,408.4543,112.0374,34.6417,-1.0961,B,relation-reasoning-agent-eval-v3.1
2026-08-10T09:10:00+09:00,CMP-S01-L04-01,S01,S01-L04,1,running,166.3452,453.2737,103.3494,30.17,-1.7746,B,relation-reasoning-agent-eval-v3.1
2026-08-10T09:10:00+09:00,CMP-S01-L05-01,S01,S01-L05,1,running,172.6477,442.9232,94.9576,41.587,0.0082,A,relation-reasoning-agent-eval-v3.1
2026-08-10T09:20:00+09:00,CMP-S01-L01-01,S01,S01-L01,1,running,171.1508,507.3039,106.9561,37.4561,-0.4398,A,relation-reasoning-agent-eval-v3.1
2026-08-10T09:20:00+09:00,CMP-S01-L02-01,S01,S01-L02,1,running,170.0887,417.4334,110.5776,50.9383,2.1963,C,relation-reasoning-agent-eval-v3.1
2026-08-10T09:20:00+09:00,CMP-S01-L03-01,S01,S01-L03,1,running,172.3421,412.6082,111.6909,37.553,-0.5569,A,relation-reasoning-agent-eval-v3.1
2026-08-10T09:20:00+09:00,CMP-S01-L04-01,S01,S01-L04,1,running,159.2051,456.685,99.2829,28.8436,-2.0203,C,relation-reasoning-agent-eval-v3.1
2026-08-10T09:20:00+09:00,CMP-S01-L05-01,S01,S01-L05,1,running,181.1174,415.9367,97.7735,42.8118,0.235,A,relation-reasoning-agent-eval-v3.1
2026-08-10T09:30:00+09:00,CMP-S01-L01-01,S01,S01-L01,1,running,161.846,537.2732,103.9628,41.9032,0.3837,A,relation-reasoning-agent-eval-v3.1
2026-08-10T09:30:00+09:00,CMP-S01-L02-01,S01,S01-L02,1,running,166.9389,446.3082,102.5838,50.3359,2.0847,C,relation-reasoning-agent-eval-v3.1
2026-08-10T09:30:00+09:00,CMP-S01-L03-01,S01,S01-L03,1,running,164.2971,421.7303,109.6612,41.698,0.2107,A,relation-reasoning-agent-eval-v3.1
2026-08-10T09:30:00+09:00,CMP-S01-L04-01,S01,S01-L04,1,running,151.4839,483.3658,98.102,29.4503,-1.9079,B,relation-reasoning-agent-eval-v3.1
2026-08-10T09:30:00+09:00,CMP-S01-L05-01,S01,S01-L05,1,running,180.27,409.0632,97.2848,46.2249,0.8671,A,relation-reasoning-agent-eval-v3.1
2026-08-10T09:40:00+09:00,CMP-S01-L01-01,S01,S01-L01,1,running,168.6201,477.1646,103.6529,45.8599,1.1164,B,relation-reasoning-agent-eval-v3.1
2026-08-10T09:40:00+09:00,CMP-S01-L02-01,S01,S01-L02,1,running,159.2091,469.0733,102.3124,54.4532,2.8472,C,relation-reasoning-agent-eval-v3.1
2026-08-10T09:40:00+09:00,CMP-S01-L03-01,S01,S01-L03,1,running,159.4847,427.8084,101.5637,42.86,0.4258,A,relation-reasoning-agent-eval-v3.1
2026-08-10T09:40:00+09:00,CMP-S01-L04-01,S01,S01-L04,1,running,141.4865,435.0523,100.1836,30.223,-1.7648,B,relation-reasoning-agent-eval-v3.1
2026-08-10T09:40:00+09:00,CMP-S01-L05-01,S01,S01-L05,1,running,184.6523,414.9598,105.3994,45.9602,0.8181,A,relation-reasoning-agent-eval-v3.1
2026-08-10T09:50:00+09:00,CMP-S01-L01-01,S01,S01-L01,1,running,157.2914,474.0298,103.8664,46.9757,1.3231,B,relation-reasoning-agent-eval-v3.1
2026-08-10T09:50:00+09:00,CMP-S01-L02-01,S01,S01-L02,1,running,177.064,442.0786,95.3499,49.305,1.8938,B,relation-reasoning-agent-eval-v3.1
2026-08-10T09:50:00+09:00,CMP-S01-L03-01,S01,S01-L03,1,running,149.3764,377.327,101.3146,39.6122,-0.1756,A,relation-reasoning-agent-eval-v3.1
2026-08-10T09:50:00+09:00,CMP-S01-L04-01,S01,S01-L04,1,running,169.4563,516.1518,93.8507,27.3354,-2.2996,C,relation-reasoning-agent-eval-v3.1
2026-08-10T09:50:00+09:00,CMP-S01-L05-01,S01,S01-L05,1,running,199.8025,417.0711,103.6287,48.6094,1.3087,B,relation-reasoning-agent-eval-v3.1
2026-08-10T10:00:00+09:00,CMP-S01-L01-01,S01,S01-L01,1,running,157.4797,454.4435,113.7238,46.7372,1.2789,B,relation-reasoning-agent-eval-v3.1
2026-08-10T10:00:00+09:00,CMP-S01-L02-01,S01,S01-L02,1,running,169.4025,403.1782,100.6821,48.6507,1.7727,B,relation-reasoning-agent-eval-v3.1
2026-08-10T10:00:00+09:00,CMP-S01-L03-01,S01,S01-L03,1,running,145.9037,399.4853,103.8039,40.4995,-0.0113,A,relation-reasoning-agent-eval-v3.1
2026-08-10T10:00:00+09:00,CMP-S01-L04-01,S01,S01-L04,1,running,177.8541,525.8759,100.2797,33.085,-1.2348,B,relation-reasoning-agent-eval-v3.1
2026-08-10T10:00:00+09:00,CMP-S01-L05-01,S01,S01-L05,1,running,184.7534,394.5606,104.2447,46.8786,0.9881,A,relation-reasoning-agent-eval-v3.1
2026-08-10T10:10:00+09:00,CMP-S01-L01-01,S01,S01-L01,1,running,160.2318,421.8226,119.2031,46.0654,1.1545,B,relation-reasoning-agent-eval-v3.1
2026-08-10T10:10:00+09:00,CMP-S01-L02-01,S01,S01-L02,1,running,179.7473,437.0965,96.6467,45.27,1.1466,B,relation-reasoning-agent-eval-v3.1
2026-08-10T10:10:00+09:00,CMP-S01-L03-01,S01,S01-L03,1,running,180.8344,418.5784,113.8313,45.6127,0.9356,A,relation-reasoning-agent-eval-v3.1
2026-08-10T10:10:00+09:00,CMP-S01-L04-01,S01,S01-L04,1,running,171.7439,497.7475,100.0481,31.2119,-1.5817,B,relation-reasoning-agent-eval-v3.1
2026-08-10T10:10:00+09:00,CMP-S01-L05-01,S01,S01-L05,1,running,193.2443,365.4514,105.6707,44.1212,0.4775,A,relation-reasoning-agent-eval-v3.1
2026-08-10T10:20:00+09:00,CMP-S01-L01-01,S01,S01-L01,1,running,165.8714,399.4971,114.814,46.3435,1.206,B,relation-reasoning-agent-eval-v3.1
2026-08-10T10:20:00+09:00,CMP-S01-L02-01,S01,S01-L02,1,running,178.4121,441.5457,110.3468,43.4108,0.8023,A,relation-reasoning-agent-eval-v3.1
2026-08-10T10:20:00+09:00,CMP-S01-L03-01,S01,S01-L03,1,running,182.5812,464.2674,109.003,45.7704,0.9648,A,relation-reasoning-agent-eval-v3.1
2026-08-10T10:20:00+09:00,CMP-S01-L04-01,S01,S01-L04,1,running,163.1441,476.7026,94.41,28.7516,-2.0373,C,relation-reasoning-agent-eval-v3.1
2026-08-10T10:20:00+09:00,CMP-S01-L05-01,S01,S01-L05,1,running,182.2384,396.0996,113.0219,48.3166,1.2544,B,relation-reasoning-agent-eval-v3.1
2026-08-10T10:30:00+09:00,CMP-S01-L01-01,S01,S01-L01,1,running,158.3515,400.501,108.1634,44.0892,0.7885,A,relation-reasoning-agent-eval-v3.1
2026-08-10T10:30:00+09:00,CMP-S01-L02-01,S01,S01-L02,1,running,177.0157,435.0706,106.8257,47.7351,1.6031,B,relation-reasoning-agent-eval-v3.1
2026-08-10T10:30:00+09:00,CMP-S01-L03-01,S01,S01-L03,1,running,184.3741,434.8682,101.2692,40.6694,0.0202,A,relation-reasoning-agent-eval-v3.1
2026-08-10T10:30:00+09:00,CMP-S01-L04-01,S01,S01-L04,1,running,165.6999,445.0055,89.1563,32.1745,-1.4034,B,relation-reasoning-agent-eval-v3.1
2026-08-10T10:30:00+09:00,CMP-S01-L05-01,S01,S01-L05,1,running,165.6566,406.3133,115.0244,49.6575,1.5028,B,relation-reasoning-agent-eval-v3.1
2026-08-10T10:40:00+09:00,CMP-S01-L01-01,S01,S01-L01,1,running,166.7906,383.5059,107.3645,42.5885,0.5106,A,relation-reasoning-agent-eval-v3.1
2026-08-10T10:40:00+09:00,CMP-S01-L02-01,S01,S01-L02,1,running,178.2624,444.0199,106.9383,48.8759,1.8144,B,relation-reasoning-agent-eval-v3.1
2026-08-10T10:40:00+09:00,CMP-S01-L03-01,S01,S01-L03,1,running,180.182,433.6999,96.3292,42.5854,0.375,A,relation-reasoning-agent-eval-v3.1
2026-08-10T10:40:00+09:00,CMP-S01-L04-01,S01,S01-L04,1,running,162.0782,405.3473,94.52,31.3457,-1.5569,B,relation-reasoning-agent-eval-v3.1
2026-08-10T10:40:00+09:00,CMP-S01-L05-01,S01,S01-L05,1,running,165.5725,456.6669,109.3106,45.8475,0.7972,A,relation-reasoning-agent-eval-v3.1
2026-08-10T10:50:00+09:00,CMP-S01-L01-01,S01,S01-L01,1,running,179.1852,427.9572,107.1374,40.8294,0.1849,A,relation-reasoning-agent-eval-v3.1
2026-08-10T10:50:00+09:00,CMP-S01-L02-01,S01,S01-L02,1,running,183.0999,432.557,109.4903,42.5035,0.6343,A,relation-reasoning-agent-eval-v3.1
2026-08-10T10:50:00+09:00,CMP-S01-L03-01,S01,S01-L03,1,running,175.061,440.6218,94.024,43.1578,0.481,A,relation-reasoning-agent-eval-v3.1
2026-08-10T10:50:00+09:00,CMP-S01-L04-01,S01,S01-L04,1,running,155.2271,407.1988,93.5568,33.0432,-1.2426,B,relation-reasoning-agent-eval-v3.1
2026-08-10T10:50:00+09:00,CMP-S01-L05-01,S01,S01-L05,1,running,156.8702,446.9,108.8349,43.0003,0.2699,A,relation-reasoning-agent-eval-v3.1
2026-08-10T11:00:00+09:00,CMP-S01-L01-01,S01,S01-L01,1,running,178.719,403.8031,112.4656,39.6388,-0.0356,A,relation-reasoning-agent-eval-v3.1
2026-08-10T11:00:00+09:00,CMP-S01-L02-01,S01,S01-L02,1,running,179.6434,392.9211,109.9901,36.8607,-0.4107,A,relation-reasoning-agent-eval-v3.1
2026-08-10T11:00:00+09:00,CMP-S01-L03-01,S01,S01-L03,1,running,165.4744,423.4596,92.419,41.9428,0.256,A,relation-reasoning-agent-eval-v3.1
2026-08-10T11:00:00+09:00,CMP-S01-L04-01,S01,S01-L04,1,running,157.3571,440.3438,99.0476,30.349,-1.7415,B,relation-reasoning-agent-eval-v3.1
2026-08-10T11:00:00+09:00,CMP-S01-L05-01,S01,S01-L05,1,running,153.2402,435.9169,115.1159,43.2431,0.3149,A,relation-reasoning-agent-eval-v3.1
2026-08-10T11:10:00+09:00,CMP-S01-L01-01,S01,S01-L01,1,running,172.5493,390.9373,108.2135,32.1289,-1.4264,B,relation-reasoning-agent-eval-v3.1
2026-08-10T11:10:00+09:00,CMP-S01-L02-01,S01,S01-L02,1,running,156.3295,363.4795,108.3479,39.1327,0.0101,A,relation-reasoning-agent-eval-v3.1
2026-08-10T11:10:00+09:00,CMP-S01-L03-01,S01,S01-L03,1,running,153.8636,431.582,97.4023,38.9915,-0.2905,A,relation-reasoning-agent-eval-v3.1
2026-08-10T11:10:00+09:00,CMP-S01-L04-01,S01,S01-L04,1,running,150.1158,442.9661,102.4784,30.3199,-1.7469,B,relation-reasoning-agent-eval-v3.1
2026-08-10T11:10:00+09:00,CMP-S01-L05-01,S01,S01-L05,1,running,158.3663,401.5695,109.8407,34.5797,-1.2894,B,relation-reasoning-agent-eval-v3.1
2026-08-10T11:20:00+09:00,CMP-S01-L01-01,S01,S01-L01,1,running,157.6176,421.885,99.4875,38.6608,-0.2167,A,relation-reasoning-agent-eval-v3.1
2026-08-10T11:20:00+09:00,CMP-S01-L02-01,S01,S01-L02,1,running,163.1613,420.3516,109.0926,43.078,0.7407,A,relation-reasoning-agent-eval-v3.1
2026-08-10T11:20:00+09:00,CMP-S01-L03-01,S01,S01-L03,1,running,158.1183,405.5912,101.9589,40.2372,-0.0599,A,relation-reasoning-agent-eval-v3.1
2026-08-10T11:20:00+09:00,CMP-S01-L04-01,S01,S01-L04,1,running,152.9439,454.8395,104.2875,32.332,-1.3743,B,relation-reasoning-agent-eval-v3.1
2026-08-10T11:20:00+09:00,CMP-S01-L05-01,S01,S01-L05,1,running,147.4036,367.8214,108.7127,29.7165,-2.19,C,relation-reasoning-agent-eval-v3.1
2026-08-10T11:30:00+09:00,CMP-S01-L01-01,S01,S01-L01,1,running,158.5269,439.7215,105.3392,35.2771,-0.8433,A,relation-reasoning-agent-eval-v3.1
2026-08-10T11:30:00+09:00,CMP-S01-L02-01,S01,S01-L02,1,running,157.9797,410.6948,107.3495,40.7092,0.302,A,relation-reasoning-agent-eval-v3.1
2026-08-10T11:30:00+09:00,CMP-S01-L03-01,S01,S01-L03,1,running,152.3209,395.4696,105.715,37.2151,-0.6195,A,relation-reasoning-agent-eval-v3.1
2026-08-10T11:30:00+09:00,CMP-S01-L04-01,S01,S01-L04,1,running,152.9847,441.7467,102.5603,36.75,-0.5561,A,relation-reasoning-agent-eval-v3.1
2026-08-10T11:30:00+09:00,CMP-S01-L05-01,S01,S01-L05,1,running,164.492,418.8889,103.1423,32.4562,-1.6827,B,relation-reasoning-agent-eval-v3.1
2026-08-10T11:40:00+09:00,CMP-S01-L01-01,S01,S01-L01,1,running,167.4307,526.261,105.1711,37.1489,-0.4967,A,relation-reasoning-agent-eval-v3.1
2026-08-10T11:40:00+09:00,CMP-S01-L02-01,S01,S01-L02,1,running,162.8656,412.999,110.3803,42.5403,0.6411,A,relation-reasoning-agent-eval-v3.1
2026-08-10T11:40:00+09:00,CMP-S01-L03-01,S01,S01-L03,1,running,164.3538,397.2192,105.4543,37.2547,-0.6122,A,relation-reasoning-agent-eval-v3.1
2026-08-10T11:40:00+09:00,CMP-S01-L04-01,S01,S01-L04,1,running,166.7181,411.5469,99.5743,33.9213,-1.08,B,relation-reasoning-agent-eval-v3.1
2026-08-10T11:40:00+09:00,CMP-S01-L05-01,S01,S01-L05,1,running,150.5933,364.1718,97.2998,30.8973,-1.9714,B,relation-reasoning-agent-eval-v3.1
2026-08-10T11:50:00+09:00,CMP-S01-L01-01,S01,S01-L01,1,running,183.7318,541.0271,97.9345,39.9252,0.0174,A,relation-reasoning-agent-eval-v3.1
2026-08-10T11:50:00+09:00,CMP-S01-L02-01,S01,S01-L02,1,running,173.9369,417.4403,109.2768,45.3493,1.1613,B,relation-reasoning-agent-eval-v3.1
2026-08-10T11:50:00+09:00,CMP-S01-L03-01,S01,S01-L03,1,running,161.8842,415.0586,101.6857,36.4801,-0.7556,A,relation-reasoning-agent-eval-v3.1
2026-08-10T11:50:00+09:00,CMP-S01-L04-01,S01,S01-L04,1,running,156.1991,425.9126,98.9581,39.6484,-0.0194,A,relation-reasoning-agent-eval-v3.1
2026-08-10T11:50:00+09:00,CMP-S01-L05-01,S01,S01-L05,1,running,150.5974,388.8219,97.1919,34.0816,-1.3817,B,relation-reasoning-agent-eval-v3.1
2026-08-10T12:00:00+09:00,CMP-S01-L01-01,S01,S01-L01,1,running,192.6051,537.8061,100.6184,36.7898,-0.5632,A,relation-reasoning-agent-eval-v3.1
2026-08-10T12:00:00+09:00,CMP-S01-L02-01,S01,S01-L02,1,running,171.6021,398.4213,95.5465,41.3388,0.4186,A,relation-reasoning-agent-eval-v3.1
2026-08-10T12:00:00+09:00,CMP-S01-L03-01,S01,S01-L03,1,running,150.1565,459.4293,101.1709,34.8394,-1.0595,B,relation-reasoning-agent-eval-v3.1
2026-08-10T12:00:00+09:00,CMP-S01-L04-01,S01,S01-L04,1,running,167.0239,425.1585,100.9085,35.6043,-0.7683,A,relation-reasoning-agent-eval-v3.1
2026-08-10T12:00:00+09:00,CMP-S01-L05-01,S01,S01-L05,1,running,179.4936,410.7328,94.9863,35.3839,-1.1405,B,relation-reasoning-agent-eval-v3.1
2026-08-10T12:10:00+09:00,CMP-S01-L01-01,S01,S01-L01,1,running,162.0871,473.8119,104.1284,39.0617,-0.1425,A,relation-reasoning-agent-eval-v3.1
2026-08-10T12:10:00+09:00,CMP-S01-L02-01,S01,S01-L02,1,running,170.3277,394.3714,92.8144,41.1877,0.3906,A,relation-reasoning-agent-eval-v3.1
2026-08-10T12:10:00+09:00,CMP-S01-L03-01,S01,S01-L03,1,running,164.7076,441.9084,107.062,32.1935,-1.5494,B,relation-reasoning-agent-eval-v3.1
2026-08-10T12:10:00+09:00,CMP-S01-L04-01,S01,S01-L04,1,running,157.746,476.0118,99.6848,30.65,-1.6857,B,relation-reasoning-agent-eval-v3.1
2026-08-10T12:10:00+09:00,CMP-S01-L05-01,S01,S01-L05,1,running,194.0456,430.7338,104.007,46.096,0.8432,A,relation-reasoning-agent-eval-v3.1
2026-08-10T12:20:00+09:00,CMP-S01-L01-01,S01,S01-L01,1,running,163.197,486.3518,102.1223,39.4979,-0.0617,A,relation-reasoning-agent-eval-v3.1
2026-08-10T12:20:00+09:00,CMP-S01-L02-01,S01,S01-L02,1,running,170.8727,370.9998,95.4978,40.3014,0.2265,A,relation-reasoning-agent-eval-v3.1
2026-08-10T12:20:00+09:00,CMP-S01-L03-01,S01,S01-L03,1,running,152.8453,440.9944,95.5132,32.8098,-1.4353,B,relation-reasoning-agent-eval-v3.1
2026-08-10T12:20:00+09:00,CMP-S01-L04-01,S01,S01-L04,1,running,148.3424,476.2759,96.9076,38.9008,-0.1579,A,relation-reasoning-agent-eval-v3.1
2026-08-10T12:20:00+09:00,CMP-S01-L05-01,S01,S01-L05,1,running,177.1739,448.5311,97.7862,41.3342,-0.0386,A,relation-reasoning-agent-eval-v3.1
2026-08-10T12:30:00+09:00,CMP-S01-L01-01,S01,S01-L01,1,running,160.0734,476.7952,103.1351,42.0026,0.4021,A,relation-reasoning-agent-eval-v3.1
2026-08-10T12:30:00+09:00,CMP-S01-L02-01,S01,S01-L02,1,running,159.6549,430.6845,94.2912,42.6095,0.6539,A,relation-reasoning-agent-eval-v3.1
2026-08-10T12:30:00+09:00,CMP-S01-L03-01,S01,S01-L03,1,running,139.6627,439.2851,97.9486,36.9232,-0.6736,A,relation-reasoning-agent-eval-v3.1
2026-08-10T12:30:00+09:00,CMP-S01-L04-01,S01,S01-L04,1,running,171.0808,472.3383,95.8189,39.7242,-0.0053,A,relation-reasoning-agent-eval-v3.1
2026-08-10T12:30:00+09:00,CMP-S01-L05-01,S01,S01-L05,1,running,184.8705,396.0018,96.8595,42.4292,0.1642,A,relation-reasoning-agent-eval-v3.1
2026-08-10T12:40:00+09:00,CMP-S01-L01-01,S01,S01-L01,1,running,144.0245,490.9273,99.4784,46.5459,1.2435,B,relation-reasoning-agent-eval-v3.1
2026-08-10T12:40:00+09:00,CMP-S01-L02-01,S01,S01-L02,1,running,145.1103,387.9576,97.3354,34.9192,-0.7702,A,relation-reasoning-agent-eval-v3.1
2026-08-10T12:40:00+09:00,CMP-S01-L03-01,S01,S01-L03,1,running,167.0426,443.2588,105.969,39.7333,-0.1532,A,relation-reasoning-agent-eval-v3.1
2026-08-10T12:40:00+09:00,CMP-S01-L04-01,S01,S01-L04,1,running,167.9185,471.7529,98.9767,40.4924,0.1369,A,relation-reasoning-agent-eval-v3.1
2026-08-10T12:40:00+09:00,CMP-S01-L05-01,S01,S01-L05,1,running,168.9992,413.9083,96.4713,36.838,-0.8712,A,relation-reasoning-agent-eval-v3.1
2026-08-10T12:50:00+09:00,CMP-S01-L01-01,S01,S01-L01,1,running,161.122,443.0871,100.2662,44.5096,0.8664,A,relation-reasoning-agent-eval-v3.1
2026-08-10T12:50:00+09:00,CMP-S01-L02-01,S01,S01-L02,1,running,131.213,366.3889,104.2229,37.079,-0.3702,A,relation-reasoning-agent-eval-v3.1
2026-08-10T12:50:00+09:00,CMP-S01-L03-01,S01,S01-L03,1,running,170.0146,428.462,104.6115,41.1985,0.1182,A,relation-reasoning-agent-eval-v3.1
2026-08-10T12:50:00+09:00,CMP-S01-L04-01,S01,S01-L04,1,running,167.0903,465.077,99.4334,43.0295,0.6067,A,relation-reasoning-agent-eval-v3.1
2026-08-10T12:50:00+09:00,CMP-S01-L05-01,S01,S01-L05,1,running,154.0729,468.7629,90.6173,34.0105,-1.3948,B,relation-reasoning-agent-eval-v3.1
2026-08-10T13:00:00+09:00,CMP-S01-L01-01,S01,S01-L01,1,running,154.1762,466.8605,106.3765,47.9099,1.4961,B,relation-reasoning-agent-eval-v3.1
2026-08-10T13:00:00+09:00,CMP-S01-L02-01,S01,S01-L02,1,running,142.5103,378.7697,105.6963,37.5121,-0.29,A,relation-reasoning-agent-eval-v3.1
2026-08-10T13:00:00+09:00,CMP-S01-L03-01,S01,S01-L03,1,running,173.222,385.4746,111.0076,40.8815,0.0595,A,relation-reasoning-agent-eval-v3.1
2026-08-10T13:00:00+09:00,CMP-S01-L04-01,S01,S01-L04,1,running,170.1962,471.2273,109.0335,39.1066,-0.1197,A,relation-reasoning-agent-eval-v3.1
2026-08-10T13:00:00+09:00,CMP-S01-L05-01,S01,S01-L05,1,running,161.5742,444.6827,90.1387,30.6411,-2.0188,C,relation-reasoning-agent-eval-v3.1
2026-08-10T13:10:00+09:00,CMP-S01-L01-01,S01,S01-L01,1,running,174.2777,472.7516,105.0378,44.0537,0.7819,A,relation-reasoning-agent-eval-v3.1
2026-08-10T13:10:00+09:00,CMP-S01-L02-01,S01,S01-L02,1,running,170.6391,387.7386,105.002,36.8929,-0.4047,A,relation-reasoning-agent-eval-v3.1
2026-08-10T13:10:00+09:00,CMP-S01-L03-01,S01,S01-L03,1,running,167.4643,357.0177,109.0314,43.9645,0.6304,A,relation-reasoning-agent-eval-v3.1
2026-08-10T13:10:00+09:00,CMP-S01-L04-01,S01,S01-L04,1,running,191.2761,424.2556,110.8971,38.3607,-0.2579,A,relation-reasoning-agent-eval-v3.1
2026-08-10T13:10:00+09:00,CMP-S01-L05-01,S01,S01-L05,1,running,176.3811,450.8424,92.1203,27.5948,-2.5829,C,relation-reasoning-agent-eval-v3.1
2026-08-10T13:20:00+09:00,CMP-S01-L01-01,S01,S01-L01,1,running,184.0104,512.2646,104.6809,39.8487,0.0032,A,relation-reasoning-agent-eval-v3.1
2026-08-10T13:20:00+09:00,CMP-S01-L02-01,S01,S01-L02,1,running,161.8257,439.8336,100.8723,34.2018,-0.9031,A,relation-reasoning-agent-eval-v3.1
2026-08-10T13:20:00+09:00,CMP-S01-L03-01,S01,S01-L03,1,running,158.3343,469.1188,114.4582,44.9417,0.8113,A,relation-reasoning-agent-eval-v3.1
2026-08-10T13:20:00+09:00,CMP-S01-L04-01,S01,S01-L04,1,running,179.8169,448.4337,110.999,48.2507,1.5737,B,relation-reasoning-agent-eval-v3.1
2026-08-10T13:20:00+09:00,CMP-S01-L05-01,S01,S01-L05,1,running,190.9895,474.8421,97.3706,31.8551,-1.794,B,relation-reasoning-agent-eval-v3.1
2026-08-10T13:30:00+09:00,CMP-S01-L01-01,S01,S01-L01,1,running,158.9624,553.1277,100.1477,40.0663,0.0435,A,relation-reasoning-agent-eval-v3.1
2026-08-10T13:30:00+09:00,CMP-S01-L02-01,S01,S01-L02,1,running,164.3581,447.8253,107.9614,37.612,-0.2715,A,relation-reasoning-agent-eval-v3.1
2026-08-10T13:30:00+09:00,CMP-S01-L03-01,S01,S01-L03,1,running,155.8398,445.9819,107.3908,44.6067,0.7493,A,relation-reasoning-agent-eval-v3.1
2026-08-10T13:30:00+09:00,CMP-S01-L04-01,S01,S01-L04,1,running,174.7309,422.9233,110.7146,43.6198,0.7161,A,relation-reasoning-agent-eval-v3.1
2026-08-10T13:30:00+09:00,CMP-S01-L05-01,S01,S01-L05,1,running,192.5729,520.8537,95.1321,38.0286,-0.6507,A,relation-reasoning-agent-eval-v3.1
2026-08-10T13:40:00+09:00,CMP-S01-L01-01,S01,S01-L01,1,running,150.4548,541.5021,110.52,46.3403,1.2054,B,relation-reasoning-agent-eval-v3.1
2026-08-10T13:40:00+09:00,CMP-S01-L02-01,S01,S01-L02,1,running,171.3252,427.5034,102.3283,43.3206,0.7856,A,relation-reasoning-agent-eval-v3.1
2026-08-10T13:40:00+09:00,CMP-S01-L03-01,S01,S01-L03,1,running,142.8576,459.8491,105.5246,37.3053,-0.6028,A,relation-reasoning-agent-eval-v3.1
2026-08-10T13:40:00+09:00,CMP-S01-L04-01,S01,S01-L04,1,running,194.1628,459.2251,106.645,35.8952,-0.7144,A,relation-reasoning-agent-eval-v3.1
2026-08-10T13:40:00+09:00,CMP-S01-L05-01,S01,S01-L05,1,running,186.5142,518.6082,88.2356,29.3341,-2.2608,C,relation-reasoning-agent-eval-v3.1
2026-08-10T13:50:00+09:00,CMP-S01-L01-01,S01,S01-L01,1,running,164.6181,494.2652,106.919,40.5029,0.1244,A,relation-reasoning-agent-eval-v3.1
2026-08-10T13:50:00+09:00,CMP-S01-L02-01,S01,S01-L02,1,running,154.7081,464.0666,101.5633,37.11,-0.3645,A,relation-reasoning-agent-eval-v3.1
2026-08-10T13:50:00+09:00,CMP-S01-L03-01,S01,S01-L03,1,running,139.2918,447.9131,98.5672,39.981,-0.1073,A,relation-reasoning-agent-eval-v3.1
2026-08-10T13:50:00+09:00,CMP-S01-L04-01,S01,S01-L04,1,running,173.757,438.0575,103.7583,37.1268,-0.4864,A,relation-reasoning-agent-eval-v3.1
2026-08-10T13:50:00+09:00,CMP-S01-L05-01,S01,S01-L05,1,running,178.1691,520.8858,89.2106,30.5891,-2.0284,C,relation-reasoning-agent-eval-v3.1
2026-08-10T14:00:00+09:00,CMP-S01-L01-01,S01,S01-L01,1,running,156.4302,479.8039,103.7152,42.2377,0.4456,A,relation-reasoning-agent-eval-v3.1
2026-08-10T14:00:00+09:00,CMP-S01-L02-01,S01,S01-L02,1,running,156.4057,498.7006,99.9493,42.118,0.5629,A,relation-reasoning-agent-eval-v3.1
2026-08-10T14:00:00+09:00,CMP-S01-L03-01,S01,S01-L03,1,running,142.8437,460.756,98.9502,37.7279,-0.5246,A,relation-reasoning-agent-eval-v3.1
2026-08-10T14:00:00+09:00,CMP-S01-L04-01,S01,S01-L04,1,running,164.9514,401.2916,103.2326,35.6924,-0.752,A,relation-reasoning-agent-eval-v3.1
2026-08-10T14:00:00+09:00,CMP-S01-L05-01,S01,S01-L05,1,running,173.3369,479.8657,94.7105,34.274,-1.346,B,relation-reasoning-agent-eval-v3.1
2026-08-10T14:10:00+09:00,CMP-S01-L01-01,S01,S01-L01,1,running,143.2087,435.7797,101.0117,37.4794,-0.4355,A,relation-reasoning-agent-eval-v3.1
2026-08-10T14:10:00+09:00,CMP-S01-L02-01,S01,S01-L02,1,running,159.6501,481.4232,100.4577,42.3612,0.6079,A,relation-reasoning-agent-eval-v3.1
2026-08-10T14:10:00+09:00,CMP-S01-L03-01,S01,S01-L03,1,running,154.8998,420.1874,101.7344,39.4748,-0.2011,A,relation-reasoning-agent-eval-v3.1
2026-08-10T14:10:00+09:00,CMP-S01-L04-01,S01,S01-L04,1,running,172.0319,444.9665,102.4261,41.4478,0.3138,A,relation-reasoning-agent-eval-v3.1
2026-08-10T14:10:00+09:00,CMP-S01-L05-01,S01,S01-L05,1,running,157.492,504.6873,97.5797,39.163,-0.4407,A,relation-reasoning-agent-eval-v3.1
2026-08-10T14:20:00+09:00,CMP-S01-L01-01,S01,S01-L01,1,running,149.345,473.448,97.6459,37.0157,-0.5214,A,relation-reasoning-agent-eval-v3.1
2026-08-10T14:20:00+09:00,CMP-S01-L02-01,S01,S01-L02,1,running,155.7345,488.6873,108.2917,45.6192,1.2113,B,relation-reasoning-agent-eval-v3.1
2026-08-10T14:20:00+09:00,CMP-S01-L03-01,S01,S01-L03,1,running,154.0222,420.7067,103.1863,40.721,0.0297,A,relation-reasoning-agent-eval-v3.1
2026-08-10T14:20:00+09:00,CMP-S01-L04-01,S01,S01-L04,1,running,173.4643,473.6525,96.3071,42.5806,0.5236,A,relation-reasoning-agent-eval-v3.1
2026-08-10T14:20:00+09:00,CMP-S01-L05-01,S01,S01-L05,1,running,151.8789,523.2485,100.3549,41.0177,-0.0972,A,relation-reasoning-agent-eval-v3.1
2026-08-10T14:30:00+09:00,CMP-S01-L01-01,S01,S01-L01,1,running,155.2908,460.9584,92.4903,41.9342,0.3894,A,relation-reasoning-agent-eval-v3.1
2026-08-10T14:30:00+09:00,CMP-S01-L02-01,S01,S01-L02,1,running,158.2713,428.1378,104.5921,45.2838,1.1492,B,relation-reasoning-agent-eval-v3.1
2026-08-10T14:30:00+09:00,CMP-S01-L03-01,S01,S01-L03,1,running,153.7698,456.3425,100.6568,42.7101,0.3981,A,relation-reasoning-agent-eval-v3.1
2026-08-10T14:30:00+09:00,CMP-S01-L04-01,S01,S01-L04,1,running,180.2774,500.6977,89.8007,32.2973,-1.3807,B,relation-reasoning-agent-eval-v3.1
2026-08-10T14:30:00+09:00,CMP-S01-L05-01,S01,S01-L05,1,running,167.2774,473.2156,106.7447,39.2955,-0.4161,A,relation-reasoning-agent-eval-v3.1
2026-08-10T14:40:00+09:00,CMP-S01-L01-01,S01,S01-L01,1,running,155.1007,503.0009,95.3888,48.7345,1.6488,B,relation-reasoning-agent-eval-v3.1
2026-08-10T14:40:00+09:00,CMP-S01-L02-01,S01,S01-L02,1,running,162.1985,437.6327,108.5348,41.4605,0.4412,A,relation-reasoning-agent-eval-v3.1
2026-08-10T14:40:00+09:00,CMP-S01-L03-01,S01,S01-L03,1,running,181.0644,459.9886,101.5904,47.573,1.2986,B,relation-reasoning-agent-eval-v3.1
2026-08-10T14:40:00+09:00,CMP-S01-L04-01,S01,S01-L04,1,running,201.041,497.5561,92.7788,35.4731,-0.7926,A,relation-reasoning-agent-eval-v3.1
2026-08-10T14:40:00+09:00,CMP-S01-L05-01,S01,S01-L05,1,running,171.9159,499.5996,106.478,35.6313,-1.0947,B,relation-reasoning-agent-eval-v3.1
2026-08-10T14:50:00+09:00,CMP-S01-L01-01,S01,S01-L01,1,running,176.2974,506.7152,98.2601,43.663,0.7096,A,relation-reasoning-agent-eval-v3.1
2026-08-10T14:50:00+09:00,CMP-S01-L02-01,S01,S01-L02,1,running,162.817,395.0494,102.8545,45.8662,1.257,B,relation-reasoning-agent-eval-v3.1
2026-08-10T14:50:00+09:00,CMP-S01-L03-01,S01,S01-L03,1,running,183.3008,493.7499,102.7494,44.1157,0.6584,A,relation-reasoning-agent-eval-v3.1
2026-08-10T14:50:00+09:00,CMP-S01-L04-01,S01,S01-L04,1,running,178.2654,467.6635,96.0352,38.1941,-0.2887,A,relation-reasoning-agent-eval-v3.1
2026-08-10T14:50:00+09:00,CMP-S01-L05-01,S01,S01-L05,1,running,174.4632,481.4753,107.6841,35.3748,-1.1422,B,relation-reasoning-agent-eval-v3.1
2026-08-10T15:00:00+09:00,CMP-S01-L01-01,S01,S01-L01,1,running,167.0508,511.9554,99.4794,48.349,1.5774,B,relation-reasoning-agent-eval-v3.1
2026-08-10T15:00:00+09:00,CMP-S01-L02-01,S01,S01-L02,1,running,161.4065,390.858,107.9405,47.4422,1.5489,B,relation-reasoning-agent-eval-v3.1
2026-08-10T15:00:00+09:00,CMP-S01-L03-01,S01,S01-L03,1,running,185.1197,497.6827,107.8869,46.8531,1.1653,B,relation-reasoning-agent-eval-v3.1
2026-08-10T15:00:00+09:00,CMP-S01-L04-01,S01,S01-L04,1,running,173.4847,509.33,100.4677,44.8351,0.9411,A,relation-reasoning-agent-eval-v3.1
2026-08-10T15:00:00+09:00,CMP-S01-L05-01,S01,S01-L05,1,running,180.2001,437.5111,112.664,42.1149,0.106,A,relation-reasoning-agent-eval-v3.1
2026-08-10T15:10:00+09:00,CMP-S01-L01-01,S01,S01-L01,1,running,153.8096,493.9365,93.2744,42.9725,0.5817,A,relation-reasoning-agent-eval-v3.1
2026-08-10T15:10:00+09:00,CMP-S01-L02-01,S01,S01-L02,1,running,156.3352,438.4519,102.7135,42.1168,0.5627,A,relation-reasoning-agent-eval-v3.1
2026-08-10T15:10:00+09:00,CMP-S01-L03-01,S01,S01-L03,1,running,174.0458,481.9823,108.7782,51.1968,1.9697,B,relation-reasoning-agent-eval-v3.1
2026-08-10T15:10:00+09:00,CMP-S01-L04-01,S01,S01-L04,1,running,178.6857,515.3218,98.575,47.0627,1.3536,B,relation-reasoning-agent-eval-v3.1
2026-08-10T15:10:00+09:00,CMP-S01-L05-01,S01,S01-L05,1,running,182.3258,442.4846,109.1644,43.1361,0.2951,A,relation-reasoning-agent-eval-v3.1
2026-08-10T15:20:00+09:00,CMP-S01-L01-01,S01,S01-L01,1,running,160.0625,494.4085,93.979,42.5197,0.4979,A,relation-reasoning-agent-eval-v3.1
2026-08-10T15:20:00+09:00,CMP-S01-L02-01,S01,S01-L02,1,running,158.5393,417.618,105.3961,37.7292,-0.2498,A,relation-reasoning-agent-eval-v3.1
2026-08-10T15:20:00+09:00,CMP-S01-L03-01,S01,S01-L03,1,running,170.0192,497.4801,99.7117,46.9831,1.1894,B,relation-reasoning-agent-eval-v3.1
2026-08-10T15:20:00+09:00,CMP-S01-L04-01,S01,S01-L04,1,running,184.6418,531.3339,103.7707,46.1966,1.1933,B,relation-reasoning-agent-eval-v3.1
2026-08-10T15:20:00+09:00,CMP-S01-L05-01,S01,S01-L05,1,running,189.8799,446.6618,108.5481,43.3541,0.3355,A,relation-reasoning-agent-eval-v3.1
2026-08-10T15:30:00+09:00,CMP-S01-L01-01,S01,S01-L01,1,running,176.5145,486.7511,97.9961,42.7099,0.5331,A,relation-reasoning-agent-eval-v3.1
2026-08-10T15:30:00+09:00,CMP-S01-L02-01,S01,S01-L02,1,running,152.9208,396.1867,108.993,39.2765,0.0367,A,relation-reasoning-agent-eval-v3.1
2026-08-10T15:30:00+09:00,CMP-S01-L03-01,S01,S01-L03,1,running,164.1832,460.7744,102.5229,45.9381,0.9959,A,relation-reasoning-agent-eval-v3.1
2026-08-10T15:30:00+09:00,CMP-S01-L04-01,S01,S01-L04,1,running,197.6651,461.245,98.6693,36.1176,-0.6732,A,relation-reasoning-agent-eval-v3.1
2026-08-10T15:30:00+09:00,CMP-S01-L05-01,S01,S01-L05,1,running,194.0937,475.5841,104.9603,47.5933,1.1205,B,relation-reasoning-agent-eval-v3.1
2026-08-10T15:40:00+09:00,CMP-S01-L01-01,S01,S01-L01,1,running,181.1981,488.482,96.8941,43.4778,0.6753,A,relation-reasoning-agent-eval-v3.1
2026-08-10T15:40:00+09:00,CMP-S01-L02-01,S01,S01-L02,1,running,168.2093,412.5439,107.6895,43.6286,0.8426,A,relation-reasoning-agent-eval-v3.1
2026-08-10T15:40:00+09:00,CMP-S01-L03-01,S01,S01-L03,1,running,164.535,414.8268,97.3552,50.404,1.8229,B,relation-reasoning-agent-eval-v3.1
2026-08-10T15:40:00+09:00,CMP-S01-L04-01,S01,S01-L04,1,running,174.5817,439.3366,98.5172,37.1329,-0.4852,A,relation-reasoning-agent-eval-v3.1
2026-08-10T15:40:00+09:00,CMP-S01-L05-01,S01,S01-L05,1,running,175.3982,444.9941,108.8692,45.5767,0.7471,A,relation-reasoning-agent-eval-v3.1
2026-08-10T15:50:00+09:00,CMP-S01-L01-01,S01,S01-L01,1,running,188.8212,487.8703,98.7142,36.1513,-0.6815,A,relation-reasoning-agent-eval-v3.1
2026-08-10T15:50:00+09:00,CMP-S01-L02-01,S01,S01-L02,1,running,156.5779,431.2387,96.2508,40.9497,0.3465,A,relation-reasoning-agent-eval-v3.1
2026-08-10T15:50:00+09:00,CMP-S01-L03-01,S01,S01-L03,1,running,158.5801,422.5897,98.6119,47.7995,1.3406,B,relation-reasoning-agent-eval-v3.1
2026-08-10T15:50:00+09:00,CMP-S01-L04-01,S01,S01-L04,1,running,170.9188,499.947,99.7937,38.3301,-0.2635,A,relation-reasoning-agent-eval-v3.1
2026-08-10T15:50:00+09:00,CMP-S01-L05-01,S01,S01-L05,1,running,170.7917,446.9761,112.5184,48.496,1.2877,B,relation-reasoning-agent-eval-v3.1
2026-08-10T16:00:00+09:00,CMP-S01-L01-01,S01,S01-L01,1,running,195.0395,462.3602,95.3669,46.1343,1.1672,B,relation-reasoning-agent-eval-v3.1
2026-08-10T16:00:00+09:00,CMP-S01-L02-01,S01,S01-L02,1,running,173.9697,436.261,98.9346,36.9772,-0.3891,A,relation-reasoning-agent-eval-v3.1
2026-08-10T16:00:00+09:00,CMP-S01-L03-01,S01,S01-L03,1,running,168.8764,428.3239,100.091,42.8677,0.4273,A,relation-reasoning-agent-eval-v3.1
2026-08-10T16:00:00+09:00,CMP-S01-L04-01,S01,S01-L04,1,running,158.9847,516.6274,99.946,35.2959,-0.8254,A,relation-reasoning-agent-eval-v3.1
2026-08-10T16:00:00+09:00,CMP-S01-L05-01,S01,S01-L05,1,running,164.9917,448.6795,108.3451,49.2052,1.419,B,relation-reasoning-agent-eval-v3.1
2026-08-10T16:10:00+09:00,CMP-S01-L01-01,S01,S01-L01,1,running,193.2444,433.2867,100.4021,41.5802,0.3239,A,relation-reasoning-agent-eval-v3.1
2026-08-10T16:10:00+09:00,CMP-S01-L02-01,S01,S01-L02,1,running,186.7114,397.6845,95.6359,40.6504,0.2911,A,relation-reasoning-agent-eval-v3.1
2026-08-10T16:10:00+09:00,CMP-S01-L03-01,S01,S01-L03,1,running,174.9766,427.9812,107.3984,47.5341,1.2914,B,relation-reasoning-agent-eval-v3.1
2026-08-10T16:10:00+09:00,CMP-S01-L04-01,S01,S01-L04,1,running,177.4501,499.0571,110.3662,34.3198,-1.0062,B,relation-reasoning-agent-eval-v3.1
2026-08-10T16:10:00+09:00,CMP-S01-L05-01,S01,S01-L05,1,running,174.1201,420.7672,104.7963,41.9106,0.0681,A,relation-reasoning-agent-eval-v3.1
2026-08-10T16:20:00+09:00,CMP-S01-L01-01,S01,S01-L01,1,running,192.2719,449.4671,100.1059,42.7413,0.5389,A,relation-reasoning-agent-eval-v3.1
2026-08-10T16:20:00+09:00,CMP-S01-L02-01,S01,S01-L02,1,running,193.2283,425.5231,98.3197,41.072,0.3692,A,relation-reasoning-agent-eval-v3.1
2026-08-10T16:20:00+09:00,CMP-S01-L03-01,S01,S01-L03,1,running,172.079,414.9885,108.319,41.4842,0.1711,A,relation-reasoning-agent-eval-v3.1
2026-08-10T16:20:00+09:00,CMP-S01-L04-01,S01,S01-L04,1,running,161.9041,517.7431,112.4813,33.1516,-1.2225,B,relation-reasoning-agent-eval-v3.1
2026-08-10T16:20:00+09:00,CMP-S01-L05-01,S01,S01-L05,1,running,135.5574,457.0753,102.6261,40.4554,-0.2013,A,relation-reasoning-agent-eval-v3.1
2026-08-10T16:30:00+09:00,CMP-S01-L01-01,S01,S01-L01,1,running,177.4425,419.9974,105.8715,38.3193,-0.28,A,relation-reasoning-agent-eval-v3.1
2026-08-10T16:30:00+09:00,CMP-S01-L02-01,S01,S01-L02,1,running,187.9023,394.2849,102.9138,36.8685,-0.4092,A,relation-reasoning-agent-eval-v3.1
2026-08-10T16:30:00+09:00,CMP-S01-L03-01,S01,S01-L03,1,running,161.3112,398.8065,114.2466,39.1638,-0.2586,A,relation-reasoning-agent-eval-v3.1
2026-08-10T16:30:00+09:00,CMP-S01-L04-01,S01,S01-L04,1,running,172.7773,488.9934,103.9666,31.6046,-1.509,B,relation-reasoning-agent-eval-v3.1
2026-08-10T16:30:00+09:00,CMP-S01-L05-01,S01,S01-L05,1,running,160.5002,493.5081,102.5875,43.5148,0.3652,A,relation-reasoning-agent-eval-v3.1
2026-08-10T16:40:00+09:00,CMP-S01-L01-01,S01,S01-L01,1,running,171.1975,480.3972,107.8648,38.6286,-0.2227,A,relation-reasoning-agent-eval-v3.1
2026-08-10T16:40:00+09:00,CMP-S01-L02-01,S01,S01-L02,1,running,190.5342,394.0693,107.2442,39.6833,0.112,A,relation-reasoning-agent-eval-v3.1
2026-08-10T16:40:00+09:00,CMP-S01-L03-01,S01,S01-L03,1,running,162.309,475.9638,112.0653,40.2392,-0.0595,A,relation-reasoning-agent-eval-v3.1
2026-08-10T16:40:00+09:00,CMP-S01-L04-01,S01,S01-L04,1,running,166.7202,497.0995,105.3863,38.2218,-0.2836,A,relation-reasoning-agent-eval-v3.1
2026-08-10T16:40:00+09:00,CMP-S01-L05-01,S01,S01-L05,1,running,163.0551,455.952,98.5065,40.2772,-0.2343,A,relation-reasoning-agent-eval-v3.1
2026-08-10T16:50:00+09:00,CMP-S01-L01-01,S01,S01-L01,1,running,167.7632,482.3303,106.228,38.9674,-0.16,A,relation-reasoning-agent-eval-v3.1
2026-08-10T16:50:00+09:00,CMP-S01-L02-01,S01,S01-L02,1,running,199.1842,437.8882,111.9795,41.1139,0.377,A,relation-reasoning-agent-eval-v3.1
2026-08-10T16:50:00+09:00,CMP-S01-L03-01,S01,S01-L03,1,running,162.4806,432.5749,110.6007,37.6323,-0.5423,A,relation-reasoning-agent-eval-v3.1
2026-08-10T16:50:00+09:00,CMP-S01-L04-01,S01,S01-L04,1,running,174.3317,501.0647,103.5013,40.7919,0.1924,A,relation-reasoning-agent-eval-v3.1
2026-08-10T16:50:00+09:00,CMP-S01-L05-01,S01,S01-L05,1,running,147.8901,423.3082,92.9455,43.1909,0.3052,A,relation-reasoning-agent-eval-v3.1
2026-08-10T17:00:00+09:00,CMP-S01-L01-01,S01,S01-L01,1,running,190.4157,469.2753,111.1805,43.3284,0.6476,A,relation-reasoning-agent-eval-v3.1
2026-08-10T17:00:00+09:00,CMP-S01-L02-01,S01,S01-L02,1,running,181.2757,444.9513,118.8105,43.1462,0.7533,A,relation-reasoning-agent-eval-v3.1
2026-08-10T17:00:00+09:00,CMP-S01-L03-01,S01,S01-L03,1,running,149.1272,444.4311,111.7063,37.1194,-0.6372,A,relation-reasoning-agent-eval-v3.1
2026-08-10T17:00:00+09:00,CMP-S01-L04-01,S01,S01-L04,1,running,180.0769,482.9077,104.4649,42.1456,0.4431,A,relation-reasoning-agent-eval-v3.1
2026-08-10T17:00:00+09:00,CMP-S01-L05-01,S01,S01-L05,1,running,156.3504,437.0056,90.6513,43.899,0.4364,A,relation-reasoning-agent-eval-v3.1
2026-08-10T17:10:00+09:00,CMP-S01-L01-01,S01,S01-L01,1,running,181.986,442.9649,113.5927,37.5955,-0.414,A,relation-reasoning-agent-eval-v3.1
2026-08-10T17:10:00+09:00,CMP-S01-L02-01,S01,S01-L02,1,running,185.2605,445.1299,115.0624,43.1753,0.7587,A,relation-reasoning-agent-eval-v3.1
2026-08-10T17:10:00+09:00,CMP-S01-L03-01,S01,S01-L03,1,running,159.1087,435.6458,109.5638,39.4613,-0.2035,A,relation-reasoning-agent-eval-v3.1
2026-08-10T17:10:00+09:00,CMP-S01-L04-01,S01,S01-L04,1,running,194.5492,485.3148,107.4201,49.2144,1.7521,B,relation-reasoning-agent-eval-v3.1
2026-08-10T17:10:00+09:00,CMP-S01-L05-01,S01,S01-L05,1,running,146.4157,398.8162,91.254,42.658,0.2066,A,relation-reasoning-agent-eval-v3.1
2026-08-10T17:20:00+09:00,CMP-S01-L01-01,S01,S01-L01,1,running,199.7405,441.0295,108.2978,43.7913,0.7333,A,relation-reasoning-agent-eval-v3.1
2026-08-10T17:20:00+09:00,CMP-S01-L02-01,S01,S01-L02,1,running,180.5719,442.6832,112.5291,42.1872,0.5757,A,relation-reasoning-agent-eval-v3.1
2026-08-10T17:20:00+09:00,CMP-S01-L03-01,S01,S01-L03,1,running,165.4271,414.3568,107.0992,45.6411,0.9409,A,relation-reasoning-agent-eval-v3.1
2026-08-10T17:20:00+09:00,CMP-S01-L04-01,S01,S01-L04,1,running,204.5727,437.0542,105.4677,47.8252,1.4948,B,relation-reasoning-agent-eval-v3.1
2026-08-10T17:20:00+09:00,CMP-S01-L05-01,S01,S01-L05,1,running,149.4952,343.4733,89.4366,43.7849,0.4152,A,relation-reasoning-agent-eval-v3.1
2026-08-10T17:30:00+09:00,CMP-S01-L01-01,S01,S01-L01,1,running,199.3223,460.0968,105.534,35.5269,-0.7971,A,relation-reasoning-agent-eval-v3.1
2026-08-10T17:30:00+09:00,CMP-S01-L02-01,S01,S01-L02,1,running,175.2935,437.1273,109.1383,44.2334,0.9547,A,relation-reasoning-agent-eval-v3.1
2026-08-10T17:30:00+09:00,CMP-S01-L03-01,S01,S01-L03,1,running,178.1425,410.7363,100.5551,45.9389,0.996,A,relation-reasoning-agent-eval-v3.1
2026-08-10T17:30:00+09:00,CMP-S01-L04-01,S01,S01-L04,1,running,194.912,456.4195,105.6482,49.7509,1.8514,B,relation-reasoning-agent-eval-v3.1
2026-08-10T17:30:00+09:00,CMP-S01-L05-01,S01,S01-L05,1,running,177.333,366.5169,90.1303,49.1171,1.4027,B,relation-reasoning-agent-eval-v3.1
2026-08-10T17:40:00+09:00,CMP-S01-L01-01,S01,S01-L01,1,running,191.1442,478.829,105.8187,40.4058,0.1064,A,relation-reasoning-agent-eval-v3.1
2026-08-10T17:40:00+09:00,CMP-S01-L02-01,S01,S01-L02,1,running,166.4957,407.0256,106.4794,44.0773,0.9257,A,relation-reasoning-agent-eval-v3.1
2026-08-10T17:40:00+09:00,CMP-S01-L03-01,S01,S01-L03,1,running,178.7849,405.4848,96.3354,45.6648,0.9452,A,relation-reasoning-agent-eval-v3.1
2026-08-10T17:40:00+09:00,CMP-S01-L04-01,S01,S01-L04,1,running,198.9475,452.023,106.6417,53.9679,2.6324,C,relation-reasoning-agent-eval-v3.1
2026-08-10T17:40:00+09:00,CMP-S01-L05-01,S01,S01-L05,1,running,189.2298,411.2536,90.8191,44.4261,0.534,A,relation-reasoning-agent-eval-v3.1
2026-08-10T17:50:00+09:00,CMP-S01-L01-01,S01,S01-L01,1,running,179.6797,460.0949,108.4102,36.2668,-0.6601,A,relation-reasoning-agent-eval-v3.1
2026-08-10T17:50:00+09:00,CMP-S01-L02-01,S01,S01-L02,1,running,186.5806,415.9614,108.0687,45.2214,1.1376,B,relation-reasoning-agent-eval-v3.1
2026-08-10T17:50:00+09:00,CMP-S01-L03-01,S01,S01-L03,1,running,158.9529,437.949,96.8725,40.84,0.0518,A,relation-reasoning-agent-eval-v3.1
2026-08-10T17:50:00+09:00,CMP-S01-L04-01,S01,S01-L04,1,running,196.8271,411.7972,102.4687,54.7688,2.7807,C,relation-reasoning-agent-eval-v3.1
2026-08-10T17:50:00+09:00,CMP-S01-L05-01,S01,S01-L05,1,running,187.4302,423.3188,99.9072,37.8927,-0.6759,A,relation-reasoning-agent-eval-v3.1
2026-08-10T18:00:00+09:00,CMP-S01-L01-01,S01,S01-L01,1,running,159.9424,444.8914,101.6982,36.414,-0.6328,A,relation-reasoning-agent-eval-v3.1
2026-08-10T18:00:00+09:00,CMP-S01-L02-01,S01,S01-L02,1,running,178.5336,432.796,104.0779,46.137,1.3072,B,relation-reasoning-agent-eval-v3.1
2026-08-10T18:00:00+09:00,CMP-S01-L03-01,S01,S01-L03,1,running,156.1352,441.4672,105.7524,42.1143,0.2878,A,relation-reasoning-agent-eval-v3.1
2026-08-10T18:00:00+09:00,CMP-S01-L04-01,S01,S01-L04,1,running,192.7195,434.4562,103.0006,46.7403,1.2939,B,relation-reasoning-agent-eval-v3.1
2026-08-10T18:00:00+09:00,CMP-S01-L05-01,S01,S01-L05,1,running,191.8636,382.3559,97.7447,38.8796,-0.4932,A,relation-reasoning-agent-eval-v3.1
2026-08-10T18:10:00+09:00,CMP-S01-L01-01,S01,S01-L01,1,running,160.3466,465.6258,96.4089,40.575,0.1377,A,relation-reasoning-agent-eval-v3.1
2026-08-10T18:10:00+09:00,CMP-S01-L02-01,S01,S01-L02,1,running,178.3847,430.3892,110.4577,47.6021,1.5785,B,relation-reasoning-agent-eval-v3.1
2026-08-10T18:10:00+09:00,CMP-S01-L03-01,S01,S01-L03,1,running,146.4136,465.1035,108.2138,43.535,0.5508,A,relation-reasoning-agent-eval-v3.1
2026-08-10T18:10:00+09:00,CMP-S01-L04-01,S01,S01-L04,1,running,200.8645,453.2325,100.5917,43.4484,0.6843,A,relation-reasoning-agent-eval-v3.1
2026-08-10T18:10:00+09:00,CMP-S01-L05-01,S01,S01-L05,1,running,189.5388,403.793,99.3867,38.6425,-0.5371,A,relation-reasoning-agent-eval-v3.1
2026-08-10T18:20:00+09:00,CMP-S01-L01-01,S01,S01-L01,1,running,157.0741,481.3406,93.4083,45.3089,1.0144,B,relation-reasoning-agent-eval-v3.1
2026-08-10T18:20:00+09:00,CMP-S01-L02-01,S01,S01-L02,1,running,180.6411,424.7929,109.0807,42.8298,0.6947,A,relation-reasoning-agent-eval-v3.1
2026-08-10T18:20:00+09:00,CMP-S01-L03-01,S01,S01-L03,1,running,146.5549,454.3894,110.1798,44.2471,0.6827,A,relation-reasoning-agent-eval-v3.1
2026-08-10T18:20:00+09:00,CMP-S01-L04-01,S01,S01-L04,1,running,197.3206,440.2927,105.6256,48.3372,1.5897,B,relation-reasoning-agent-eval-v3.1
2026-08-10T18:20:00+09:00,CMP-S01-L05-01,S01,S01-L05,1,running,180.3391,364.2611,99.3941,42.2701,0.1347,A,relation-reasoning-agent-eval-v3.1
2026-08-10T18:30:00+09:00,CMP-S01-L01-01,S01,S01-L01,1,running,164.1559,455.0704,96.9529,43.0169,0.5899,A,relation-reasoning-agent-eval-v3.1
2026-08-10T18:30:00+09:00,CMP-S01-L02-01,S01,S01-L02,1,running,186.7262,432.861,105.852,39.093,0.0027,A,relation-reasoning-agent-eval-v3.1
2026-08-10T18:30:00+09:00,CMP-S01-L03-01,S01,S01-L03,1,running,153.1876,444.4764,110.4008,42.2866,0.3197,A,relation-reasoning-agent-eval-v3.1
2026-08-10T18:30:00+09:00,CMP-S01-L04-01,S01,S01-L04,1,running,192.6659,463.2937,108.159,44.4755,0.8745,A,relation-reasoning-agent-eval-v3.1
2026-08-10T18:30:00+09:00,CMP-S01-L05-01,S01,S01-L05,1,running,194.5476,351.6078,104.0732,41.3357,-0.0383,A,relation-reasoning-agent-eval-v3.1
2026-08-10T18:40:00+09:00,CMP-S01-L01-01,S01,S01-L01,1,running,179.1046,429.7511,97.6939,35.6728,-0.7701,A,relation-reasoning-agent-eval-v3.1
2026-08-10T18:40:00+09:00,CMP-S01-L02-01,S01,S01-L02,1,running,195.451,453.6579,110.6884,42.6413,0.6598,A,relation-reasoning-agent-eval-v3.1
2026-08-10T18:40:00+09:00,CMP-S01-L03-01,S01,S01-L03,1,running,174.3488,412.0462,108.5733,40.7752,0.0398,A,relation-reasoning-agent-eval-v3.1
2026-08-10T18:40:00+09:00,CMP-S01-L04-01,S01,S01-L04,1,running,190.0987,434.6351,110.3719,40.5191,0.1419,A,relation-reasoning-agent-eval-v3.1
2026-08-10T18:40:00+09:00,CMP-S01-L05-01,S01,S01-L05,1,running,182.8895,358.3514,102.7458,42.23,0.1273,A,relation-reasoning-agent-eval-v3.1
2026-08-10T18:50:00+09:00,CMP-S01-L01-01,S01,S01-L01,1,running,209.4619,408.7245,95.9038,35.9436,-0.7199,A,relation-reasoning-agent-eval-v3.1
2026-08-10T18:50:00+09:00,CMP-S01-L02-01,S01,S01-L02,1,running,170.6913,417.5123,110.5389,45.1616,1.1265,B,relation-reasoning-agent-eval-v3.1
2026-08-10T18:50:00+09:00,CMP-S01-L03-01,S01,S01-L03,1,running,156.8726,435.7929,111.5551,38.4949,-0.3825,A,relation-reasoning-agent-eval-v3.1
2026-08-10T18:50:00+09:00,CMP-S01-L04-01,S01,S01-L04,1,running,187.8946,441.4264,110.6305,38.2327,-0.2816,A,relation-reasoning-agent-eval-v3.1
2026-08-10T18:50:00+09:00,CMP-S01-L05-01,S01,S01-L05,1,running,162.8582,406.0461,100.5823,39.4275,-0.3917,A,relation-reasoning-agent-eval-v3.1
2026-08-10T19:00:00+09:00,CMP-S01-L01-01,S01,S01-L01,1,running,194.9183,463.0318,95.409,35.3464,-0.8305,A,relation-reasoning-agent-eval-v3.1
2026-08-10T19:00:00+09:00,CMP-S01-L02-01,S01,S01-L02,1,running,181.369,409.344,102.9272,46.3156,1.3402,B,relation-reasoning-agent-eval-v3.1
2026-08-10T19:00:00+09:00,CMP-S01-L03-01,S01,S01-L03,1,running,177.9021,464.6206,111.2084,34.0519,-1.2053,B,relation-reasoning-agent-eval-v3.1
2026-08-10T19:00:00+09:00,CMP-S01-L04-01,S01,S01-L04,1,running,167.9267,453.0047,102.7132,44.6434,0.9056,A,relation-reasoning-agent-eval-v3.1
2026-08-10T19:00:00+09:00,CMP-S01-L05-01,S01,S01-L05,1,running,156.3182,454.2258,98.5061,38.5474,-0.5547,A,relation-reasoning-agent-eval-v3.1
2026-08-10T19:10:00+09:00,CMP-S01-L01-01,S01,S01-L01,1,running,191.3396,430.1209,96.1753,33.1259,-1.2417,B,relation-reasoning-agent-eval-v3.1
2026-08-10T19:10:00+09:00,CMP-S01-L02-01,S01,S01-L02,1,running,173.8323,386.6371,96.2157,49.5183,1.9333,B,relation-reasoning-agent-eval-v3.1
2026-08-10T19:10:00+09:00,CMP-S01-L03-01,S01,S01-L03,1,running,180.003,460.6047,111.1843,37.8528,-0.5014,A,relation-reasoning-agent-eval-v3.1
2026-08-10T19:10:00+09:00,CMP-S01-L04-01,S01,S01-L04,1,running,177.3115,432.2737,100.835,46.7101,1.2883,B,relation-reasoning-agent-eval-v3.1
2026-08-10T19:10:00+09:00,CMP-S01-L05-01,S01,S01-L05,1,running,164.4793,413.1346,100.9707,45.012,0.6425,A,relation-reasoning-agent-eval-v3.1
2026-08-10T19:20:00+09:00,CMP-S01-L01-01,S01,S01-L01,1,running,186.4285,468.9008,101.2243,35.4131,-0.8182,A,relation-reasoning-agent-eval-v3.1
2026-08-10T19:20:00+09:00,CMP-S01-L02-01,S01,S01-L02,1,running,175.8289,395.8955,104.5214,44.6431,1.0305,B,relation-reasoning-agent-eval-v3.1
2026-08-10T19:20:00+09:00,CMP-S01-L03-01,S01,S01-L03,1,running,173.7763,444.3994,112.885,45.0647,0.8341,A,relation-reasoning-agent-eval-v3.1
2026-08-10T19:20:00+09:00,CMP-S01-L04-01,S01,S01-L04,1,running,177.9685,467.3389,104.564,48.2463,1.5728,B,relation-reasoning-agent-eval-v3.1
2026-08-10T19:20:00+09:00,CMP-S01-L05-01,S01,S01-L05,1,running,182.6812,385.2117,100.4974,44.2843,0.5077,A,relation-reasoning-agent-eval-v3.1
2026-08-10T19:30:00+09:00,CMP-S01-L01-01,S01,S01-L01,1,running,181.5879,422.0377,100.8327,36.5194,-0.6133,A,relation-reasoning-agent-eval-v3.1
2026-08-10T19:30:00+09:00,CMP-S01-L02-01,S01,S01-L02,1,running,184.3961,334.9179,103.7078,51.0045,2.2085,C,relation-reasoning-agent-eval-v3.1
2026-08-10T19:30:00+09:00,CMP-S01-L03-01,S01,S01-L03,1,running,180.3649,445.3094,112.9104,40.9375,0.0698,A,relation-reasoning-agent-eval-v3.1
2026-08-10T19:30:00+09:00,CMP-S01-L04-01,S01,S01-L04,1,running,173.314,495.5193,95.8788,48.4425,1.6092,B,relation-reasoning-agent-eval-v3.1
2026-08-10T19:30:00+09:00,CMP-S01-L05-01,S01,S01-L05,1,running,191.8785,420.025,99.3758,45.2568,0.6878,A,relation-reasoning-agent-eval-v3.1
2026-08-10T19:40:00+09:00,CMP-S01-L01-01,S01,S01-L01,1,running,185.6879,441.221,98.5029,38.4688,-0.2523,A,relation-reasoning-agent-eval-v3.1
2026-08-10T19:40:00+09:00,CMP-S01-L02-01,S01,S01-L02,1,running,182.247,358.2081,109.7411,50.0493,2.0317,C,relation-reasoning-agent-eval-v3.1
2026-08-10T19:40:00+09:00,CMP-S01-L03-01,S01,S01-L03,1,running,184.4496,418.1063,104.0767,36.9382,-0.6708,A,relation-reasoning-agent-eval-v3.1
2026-08-10T19:40:00+09:00,CMP-S01-L04-01,S01,S01-L04,1,running,190.2232,480.8608,94.1417,49.934,1.8854,B,relation-reasoning-agent-eval-v3.1
2026-08-10T19:40:00+09:00,CMP-S01-L05-01,S01,S01-L05,1,running,214.8817,393.2716,96.072,44.0366,0.4618,A,relation-reasoning-agent-eval-v3.1
2026-08-10T19:50:00+09:00,CMP-S01-L01-01,S01,S01-L01,1,running,203.553,441.7151,96.849,30.7028,-1.6905,B,relation-reasoning-agent-eval-v3.1
2026-08-10T19:50:00+09:00,CMP-S01-L02-01,S01,S01-L02,1,running,156.4423,392.9162,111.8794,48.1749,1.6846,B,relation-reasoning-agent-eval-v3.1
2026-08-10T19:50:00+09:00,CMP-S01-L03-01,S01,S01-L03,1,running,180.7473,411.5571,99.6612,39.7623,-0.1478,A,relation-reasoning-agent-eval-v3.1
2026-08-10T19:50:00+09:00,CMP-S01-L04-01,S01,S01-L04,1,running,167.5943,496.818,94.0646,43.9344,0.7743,A,relation-reasoning-agent-eval-v3.1
2026-08-10T19:50:00+09:00,CMP-S01-L05-01,S01,S01-L05,1,running,178.9792,411.5095,93.478,39.595,-0.3607,A,relation-reasoning-agent-eval-v3.1
2026-08-10T20:00:00+09:00,CMP-S01-L01-01,S01,S01-L01,1,running,186.3234,458.6738,101.781,31.6462,-1.5158,B,relation-reasoning-agent-eval-v3.1
2026-08-10T20:00:00+09:00,CMP-S01-L02-01,S01,S01-L02,1,running,153.3309,344.3533,110.0347,48.6438,1.7714,B,relation-reasoning-agent-eval-v3.1
2026-08-10T20:00:00+09:00,CMP-S01-L03-01,S01,S01-L03,1,running,158.5065,420.2233,103.7304,38.8312,-0.3202,A,relation-reasoning-agent-eval-v3.1
2026-08-10T20:00:00+09:00,CMP-S01-L04-01,S01,S01-L04,1,running,143.6479,478.8764,99.0813,49.0306,1.7181,B,relation-reasoning-agent-eval-v3.1
2026-08-10T20:00:00+09:00,CMP-S01-L05-01,S01,S01-L05,1,running,167.5263,402.3004,92.6855,41.3574,-0.0343,A,relation-reasoning-agent-eval-v3.1
2026-08-10T20:10:00+09:00,CMP-S01-L01-01,S01,S01-L01,1,running,184.481,463.1747,101.963,31.8614,-1.4759,B,relation-reasoning-agent-eval-v3.1
2026-08-10T20:10:00+09:00,CMP-S01-L02-01,S01,S01-L02,1,running,190.4223,346.6961,111.2633,42.565,0.6457,A,relation-reasoning-agent-eval-v3.1
2026-08-10T20:10:00+09:00,CMP-S01-L03-01,S01,S01-L03,1,running,166.3672,417.5987,102.0806,33.68,-1.2742,B,relation-reasoning-agent-eval-v3.1
2026-08-10T20:10:00+09:00,CMP-S01-L04-01,S01,S01-L04,1,running,150.3412,521.634,97.3407,42.7278,0.5509,A,relation-reasoning-agent-eval-v3.1
2026-08-10T20:10:00+09:00,CMP-S01-L05-01,S01,S01-L05,1,running,157.3526,359.5275,87.0575,43.0626,0.2815,A,relation-reasoning-agent-eval-v3.1
2026-08-10T20:20:00+09:00,CMP-S01-L01-01,S01,S01-L01,1,running,166.0643,416.0596,104.5918,30.766,-1.6787,B,relation-reasoning-agent-eval-v3.1
2026-08-10T20:20:00+09:00,CMP-S01-L02-01,S01,S01-L02,1,running,189.3317,406.4652,103.9909,35.8137,-0.6046,A,relation-reasoning-agent-eval-v3.1
2026-08-10T20:20:00+09:00,CMP-S01-L03-01,S01,S01-L03,1,running,181.2011,449.8032,111.1629,38.475,-0.3862,A,relation-reasoning-agent-eval-v3.1
2026-08-10T20:20:00+09:00,CMP-S01-L04-01,S01,S01-L04,1,running,148.6435,482.4619,102.8863,36.4785,-0.6064,A,relation-reasoning-agent-eval-v3.1
2026-08-10T20:20:00+09:00,CMP-S01-L05-01,S01,S01-L05,1,running,141.6267,399.2239,83.1181,49.9628,1.5593,B,relation-reasoning-agent-eval-v3.1
2026-08-10T20:30:00+09:00,CMP-S01-L01-01,S01,S01-L01,1,running,166.6129,401.0258,109.7916,36.1823,-0.6757,A,relation-reasoning-agent-eval-v3.1
2026-08-10T20:30:00+09:00,CMP-S01-L02-01,S01,S01-L02,1,running,196.76,475.2973,99.3358,37.0183,-0.3815,A,relation-reasoning-agent-eval-v3.1
2026-08-10T20:30:00+09:00,CMP-S01-L03-01,S01,S01-L03,1,running,164.2372,434.9656,103.7687,41.5297,0.1795,A,relation-reasoning-agent-eval-v3.1
2026-08-10T20:30:00+09:00,CMP-S01-L04-01,S01,S01-L04,1,running,165.5946,520.4259,106.102,41.577,0.3378,A,relation-reasoning-agent-eval-v3.1
2026-08-10T20:30:00+09:00,CMP-S01-L05-01,S01,S01-L05,1,running,151.1614,469.3879,89.513,49.6505,1.5015,B,relation-reasoning-agent-eval-v3.1
2026-08-10T20:40:00+09:00,CMP-S01-L01-01,S01,S01-L01,1,running,148.9776,419.5965,112.1012,33.6576,-1.1433,B,relation-reasoning-agent-eval-v3.1
2026-08-10T20:40:00+09:00,CMP-S01-L02-01,S01,S01-L02,1,running,176.0832,448.419,101.3224,41.0057,0.3569,A,relation-reasoning-agent-eval-v3.1
2026-08-10T20:40:00+09:00,CMP-S01-L03-01,S01,S01-L03,1,running,163.7636,419.22,99.9001,44.9625,0.8152,A,relation-reasoning-agent-eval-v3.1
2026-08-10T20:40:00+09:00,CMP-S01-L04-01,S01,S01-L04,1,running,177.7554,471.4825,94.4613,37.8394,-0.3544,A,relation-reasoning-agent-eval-v3.1
2026-08-10T20:40:00+09:00,CMP-S01-L05-01,S01,S01-L05,1,running,158.7124,455.6667,93.7503,44.8606,0.6144,A,relation-reasoning-agent-eval-v3.1
2026-08-10T20:50:00+09:00,CMP-S01-L01-01,S01,S01-L01,1,running,149.1154,463.744,107.5548,36.041,-0.7019,A,relation-reasoning-agent-eval-v3.1
2026-08-10T20:50:00+09:00,CMP-S01-L02-01,S01,S01-L02,1,running,168.5561,416.2979,99.4944,41.5683,0.4611,A,relation-reasoning-agent-eval-v3.1
2026-08-10T20:50:00+09:00,CMP-S01-L03-01,S01,S01-L03,1,running,163.471,405.174,96.897,43.9317,0.6243,A,relation-reasoning-agent-eval-v3.1
2026-08-10T20:50:00+09:00,CMP-S01-L04-01,S01,S01-L04,1,running,160.3976,448.2526,103.9581,37.5775,-0.4029,A,relation-reasoning-agent-eval-v3.1
2026-08-10T20:50:00+09:00,CMP-S01-L05-01,S01,S01-L05,1,running,182.7822,427.7125,94.7717,46.6949,0.9541,A,relation-reasoning-agent-eval-v3.1
2026-08-10T21:00:00+09:00,CMP-S01-L01-01,S01,S01-L01,1,running,156.5015,480.4309,107.5724,42.6334,0.5189,A,relation-reasoning-agent-eval-v3.1
2026-08-10T21:00:00+09:00,CMP-S01-L02-01,S01,S01-L02,1,running,156.5048,431.1555,104.4266,43.3804,0.7967,A,relation-reasoning-agent-eval-v3.1
2026-08-10T21:00:00+09:00,CMP-S01-L03-01,S01,S01-L03,1,running,171.2926,382.6006,94.7632,42.8079,0.4162,A,relation-reasoning-agent-eval-v3.1
2026-08-10T21:00:00+09:00,CMP-S01-L04-01,S01,S01-L04,1,running,187.6981,399.1303,105.1425,36.8285,-0.5416,A,relation-reasoning-agent-eval-v3.1
2026-08-10T21:00:00+09:00,CMP-S01-L05-01,S01,S01-L05,1,running,170.3614,440.2878,94.3095,47.5656,1.1154,B,relation-reasoning-agent-eval-v3.1
2026-08-10T21:10:00+09:00,CMP-S01-L01-01,S01,S01-L01,1,running,155.5567,434.2747,110.4059,44.251,0.8185,A,relation-reasoning-agent-eval-v3.1
2026-08-10T21:10:00+09:00,CMP-S01-L02-01,S01,S01-L02,1,running,157.1471,464.2062,103.5884,44.0118,0.9136,A,relation-reasoning-agent-eval-v3.1
2026-08-10T21:10:00+09:00,CMP-S01-L03-01,S01,S01-L03,1,running,186.6679,431.8896,93.5357,42.4717,0.3539,A,relation-reasoning-agent-eval-v3.1
2026-08-10T21:10:00+09:00,CMP-S01-L04-01,S01,S01-L04,1,running,184.4509,399.5249,104.7905,32.2331,-1.3926,B,relation-reasoning-agent-eval-v3.1
2026-08-10T21:10:00+09:00,CMP-S01-L05-01,S01,S01-L05,1,running,179.5428,472.6416,90.2056,43.0962,0.2877,A,relation-reasoning-agent-eval-v3.1
2026-08-10T21:20:00+09:00,CMP-S01-L01-01,S01,S01-L01,1,running,163.2951,464.959,104.4929,40.9054,0.1989,A,relation-reasoning-agent-eval-v3.1
2026-08-10T21:20:00+09:00,CMP-S01-L02-01,S01,S01-L02,1,running,158.7769,438.0163,99.8191,50.87,2.1836,C,relation-reasoning-agent-eval-v3.1
2026-08-10T21:20:00+09:00,CMP-S01-L03-01,S01,S01-L03,1,running,174.7108,403.7989,99.7293,42.3537,0.3321,A,relation-reasoning-agent-eval-v3.1
2026-08-10T21:20:00+09:00,CMP-S01-L04-01,S01,S01-L04,1,running,186.4682,417.5858,105.555,36.5318,-0.5965,A,relation-reasoning-agent-eval-v3.1
2026-08-10T21:20:00+09:00,CMP-S01-L05-01,S01,S01-L05,1,running,185.3194,485.0849,95.4923,42.882,0.248,A,relation-reasoning-agent-eval-v3.1
2026-08-10T21:30:00+09:00,CMP-S01-L01-01,S01,S01-L01,1,running,160.0764,442.9209,105.3005,41.9838,0.3986,A,relation-reasoning-agent-eval-v3.1
2026-08-10T21:30:00+09:00,CMP-S01-L02-01,S01,S01-L02,1,running,161.6231,478.3889,99.2592,51.6342,2.3252,C,relation-reasoning-agent-eval-v3.1
2026-08-10T21:30:00+09:00,CMP-S01-L03-01,S01,S01-L03,1,running,183.8622,386.8764,97.2917,42.6574,0.3883,A,relation-reasoning-agent-eval-v3.1
2026-08-10T21:30:00+09:00,CMP-S01-L04-01,S01,S01-L04,1,running,206.0438,416.1564,107.3408,43.529,0.6992,A,relation-reasoning-agent-eval-v3.1
2026-08-10T21:30:00+09:00,CMP-S01-L05-01,S01,S01-L05,1,running,189.0653,463.8129,98.5386,45.4413,0.722,A,relation-reasoning-agent-eval-v3.1
2026-08-10T21:40:00+09:00,CMP-S01-L01-01,S01,S01-L01,1,running,170.1058,472.7484,100.6273,41.6734,0.3411,A,relation-reasoning-agent-eval-v3.1
2026-08-10T21:40:00+09:00,CMP-S01-L02-01,S01,S01-L02,1,running,176.8433,454.6299,100.0217,54.6982,2.8926,C,relation-reasoning-agent-eval-v3.1
2026-08-10T21:40:00+09:00,CMP-S01-L03-01,S01,S01-L03,1,running,183.0518,463.5143,89.4407,35.1902,-0.9945,A,relation-reasoning-agent-eval-v3.1
2026-08-10T21:40:00+09:00,CMP-S01-L04-01,S01,S01-L04,1,running,200.0971,468.557,104.2969,44.7292,0.9215,A,relation-reasoning-agent-eval-v3.1
2026-08-10T21:40:00+09:00,CMP-S01-L05-01,S01,S01-L05,1,running,178.9985,454.322,103.5634,43.2893,0.3235,A,relation-reasoning-agent-eval-v3.1
2026-08-10T21:50:00+09:00,CMP-S01-L01-01,S01,S01-L01,1,running,173.2555,477.1315,96.2383,37.2011,-0.4871,A,relation-reasoning-agent-eval-v3.1
2026-08-10T21:50:00+09:00,CMP-S01-L02-01,S01,S01-L02,1,running,177.8258,396.1814,103.9874,52.0792,2.4076,C,relation-reasoning-agent-eval-v3.1
2026-08-10T21:50:00+09:00,CMP-S01-L03-01,S01,S01-L03,1,running,157.5312,431.6848,94.8423,41.4704,0.1685,A,relation-reasoning-agent-eval-v3.1
2026-08-10T21:50:00+09:00,CMP-S01-L04-01,S01,S01-L04,1,running,195.4756,462.481,107.2785,47.2681,1.3917,B,relation-reasoning-agent-eval-v3.1
2026-08-10T21:50:00+09:00,CMP-S01-L05-01,S01,S01-L05,1,running,180.2171,412.1668,102.1047,38.2926,-0.6019,A,relation-reasoning-agent-eval-v3.1
2026-08-10T22:00:00+09:00,CMP-S01-L01-01,S01,S01-L01,1,running,175.3778,470.9544,93.4968,42.6832,0.5281,A,relation-reasoning-agent-eval-v3.1
2026-08-10T22:00:00+09:00,CMP-S01-L02-01,S01,S01-L02,0,maintenance,169.5432,369.692,108.3931,53.7743,2.7215,C,relation-reasoning-agent-eval-v3.1
2026-08-10T22:00:00+09:00,CMP-S01-L03-01,S01,S01-L03,1,running,160.2059,428.6069,94.5694,38.0434,-0.4661,A,relation-reasoning-agent-eval-v3.1
2026-08-10T22:00:00+09:00,CMP-S01-L04-01,S01,S01-L04,1,running,199.0911,467.8739,102.3313,39.1861,-0.105,A,relation-reasoning-agent-eval-v3.1
2026-08-10T22:00:00+09:00,CMP-S01-L05-01,S01,S01-L05,1,running,160.5112,442.8124,99.4942,37.3778,-0.7713,A,relation-reasoning-agent-eval-v3.1
2026-08-10T22:10:00+09:00,CMP-S01-L01-01,S01,S01-L01,1,running,183.4555,470.4289,90.9896,32.3368,-1.3879,B,relation-reasoning-agent-eval-v3.1
2026-08-10T22:10:00+09:00,CMP-S01-L02-01,S01,S01-L02,0,maintenance,174.8035,405.8699,102.6957,43.2913,0.7802,A,relation-reasoning-agent-eval-v3.1
2026-08-10T22:10:00+09:00,CMP-S01-L03-01,S01,S01-L03,1,running,151.5939,427.2714,102.9703,44.6907,0.7649,A,relation-reasoning-agent-eval-v3.1
2026-08-10T22:10:00+09:00,CMP-S01-L04-01,S01,S01-L04,1,running,199.2287,512.2878,96.8733,35.7728,-0.7371,A,relation-reasoning-agent-eval-v3.1
2026-08-10T22:10:00+09:00,CMP-S01-L05-01,S01,S01-L05,1,running,178.236,473.5779,106.3693,38.4961,-0.5642,A,relation-reasoning-agent-eval-v3.1
2026-08-10T22:20:00+09:00,CMP-S01-L01-01,S01,S01-L01,1,running,176.3299,479.357,92.8266,36.3226,-0.6497,A,relation-reasoning-agent-eval-v3.1
2026-08-10T22:20:00+09:00,CMP-S01-L02-01,S01,S01-L02,0,maintenance,179.4392,449.8184,106.9252,44.2943,0.9659,A,relation-reasoning-agent-eval-v3.1
2026-08-10T22:20:00+09:00,CMP-S01-L03-01,S01,S01-L03,1,running,157.6337,451.2926,110.6595,43.516,0.5473,A,relation-reasoning-agent-eval-v3.1
2026-08-10T22:20:00+09:00,CMP-S01-L04-01,S01,S01-L04,1,running,191.5147,468.4751,98.5563,34.3202,-1.0061,B,relation-reasoning-agent-eval-v3.1
2026-08-10T22:20:00+09:00,CMP-S01-L05-01,S01,S01-L05,1,running,190.5974,454.1405,99.4688,41.2502,-0.0542,A,relation-reasoning-agent-eval-v3.1
2026-08-10T22:30:00+09:00,CMP-S01-L01-01,S01,S01-L01,1,running,188.5047,445.363,88.3582,34.3113,-1.0222,B,relation-reasoning-agent-eval-v3.1
2026-08-10T22:30:00+09:00,CMP-S01-L02-01,S01,S01-L02,0,maintenance,183.3734,462.1193,107.3615,42.6092,0.6539,A,relation-reasoning-agent-eval-v3.1
2026-08-10T22:30:00+09:00,CMP-S01-L03-01,S01,S01-L03,1,running,154.3213,421.7583,107.3944,45.9181,0.9922,A,relation-reasoning-agent-eval-v3.1
2026-08-10T22:30:00+09:00,CMP-S01-L04-01,S01,S01-L04,1,running,184.5126,464.7867,101.0323,42.9006,0.5829,A,relation-reasoning-agent-eval-v3.1
2026-08-10T22:30:00+09:00,CMP-S01-L05-01,S01,S01-L05,1,running,200.7938,472.996,98.9393,40.3548,-0.22,A,relation-reasoning-agent-eval-v3.1
2026-08-10T22:40:00+09:00,CMP-S01-L01-01,S01,S01-L01,1,running,190.6081,471.0121,88.0357,34.6534,-0.9589,A,relation-reasoning-agent-eval-v3.1
2026-08-10T22:40:00+09:00,CMP-S01-L02-01,S01,S01-L02,0,maintenance,174.8606,476.2746,109.201,42.7168,0.6738,A,relation-reasoning-agent-eval-v3.1
2026-08-10T22:40:00+09:00,CMP-S01-L03-01,S01,S01-L03,1,running,152.3785,438.964,110.4048,43.8546,0.61,A,relation-reasoning-agent-eval-v3.1
2026-08-10T22:40:00+09:00,CMP-S01-L04-01,S01,S01-L04,1,running,180.5655,497.5165,97.8549,48.6587,1.6492,B,relation-reasoning-agent-eval-v3.1
2026-08-10T22:40:00+09:00,CMP-S01-L05-01,S01,S01-L05,1,running,191.1122,410.5619,105.804,36.3718,-0.9576,A,relation-reasoning-agent-eval-v3.1
2026-08-10T22:50:00+09:00,CMP-S01-L01-01,S01,S01-L01,1,running,183.1979,476.3881,91.6088,45.6494,1.0774,B,relation-reasoning-agent-eval-v3.1
2026-08-10T22:50:00+09:00,CMP-S01-L02-01,S01,S01-L02,0,maintenance,180.2072,431.8513,106.9899,43.894,0.8918,A,relation-reasoning-agent-eval-v3.1
2026-08-10T22:50:00+09:00,CMP-S01-L03-01,S01,S01-L03,1,running,145.6957,434.3623,105.9598,41.545,0.1823,A,relation-reasoning-agent-eval-v3.1
2026-08-10T22:50:00+09:00,CMP-S01-L04-01,S01,S01-L04,1,running,183.1488,462.2548,94.5285,38.9032,-0.1574,A,relation-reasoning-agent-eval-v3.1
2026-08-10T22:50:00+09:00,CMP-S01-L05-01,S01,S01-L05,1,running,191.2703,422.0637,107.803,37.7222,-0.7075,A,relation-reasoning-agent-eval-v3.1
2026-08-10T23:00:00+09:00,CMP-S01-L01-01,S01,S01-L01,1,running,198.1789,444.8691,98.9303,47.3515,1.3926,B,relation-reasoning-agent-eval-v3.1
2026-08-10T23:00:00+09:00,CMP-S01-L02-01,S01,S01-L02,0,maintenance,178.9981,429.4833,107.1941,36.2461,-0.5245,A,relation-reasoning-agent-eval-v3.1
2026-08-10T23:00:00+09:00,CMP-S01-L03-01,S01,S01-L03,1,running,157.2073,454.2285,103.4352,47.3078,1.2495,B,relation-reasoning-agent-eval-v3.1
2026-08-10T23:00:00+09:00,CMP-S01-L04-01,S01,S01-L04,1,running,167.3192,469.6048,98.7659,40.6083,0.1584,A,relation-reasoning-agent-eval-v3.1
2026-08-10T23:00:00+09:00,CMP-S01-L05-01,S01,S01-L05,1,running,176.0056,453.3934,108.9422,42.0949,0.1023,A,relation-reasoning-agent-eval-v3.1
2026-08-10T23:10:00+09:00,CMP-S01-L01-01,S01,S01-L01,1,running,192.3564,442.7985,96.5338,47.8197,1.4793,B,relation-reasoning-agent-eval-v3.1
2026-08-10T23:10:00+09:00,CMP-S01-L02-01,S01,S01-L02,0,maintenance,171.8149,452.1198,101.45,41.736,0.4922,A,relation-reasoning-agent-eval-v3.1
2026-08-10T23:10:00+09:00,CMP-S01-L03-01,S01,S01-L03,1,running,130.9983,518.8637,100.8771,43.6269,0.5679,A,relation-reasoning-agent-eval-v3.1
2026-08-10T23:10:00+09:00,CMP-S01-L04-01,S01,S01-L04,1,running,163.8957,482.2271,98.6588,38.9987,-0.1397,A,relation-reasoning-agent-eval-v3.1
2026-08-10T23:10:00+09:00,CMP-S01-L05-01,S01,S01-L05,1,running,190.9687,439.5872,103.6139,42.6099,0.1976,A,relation-reasoning-agent-eval-v3.1
2026-08-10T23:20:00+09:00,CMP-S01-L01-01,S01,S01-L01,1,running,201.6166,464.7606,97.64,46.3241,1.2024,B,relation-reasoning-agent-eval-v3.1
2026-08-10T23:20:00+09:00,CMP-S01-L02-01,S01,S01-L02,0,maintenance,172.136,446.9532,99.723,41.8152,0.5068,A,relation-reasoning-agent-eval-v3.1
2026-08-10T23:20:00+09:00,CMP-S01-L03-01,S01,S01-L03,1,running,158.8144,531.2775,97.55,44.2386,0.6811,A,relation-reasoning-agent-eval-v3.1
2026-08-10T23:20:00+09:00,CMP-S01-L04-01,S01,S01-L04,1,running,157.0164,474.9873,95.2765,36.989,-0.5119,A,relation-reasoning-agent-eval-v3.1
2026-08-10T23:20:00+09:00,CMP-S01-L05-01,S01,S01-L05,1,running,190.1615,428.9084,91.6899,40.5825,-0.1778,A,relation-reasoning-agent-eval-v3.1
2026-08-10T23:30:00+09:00,CMP-S01-L01-01,S01,S01-L01,1,running,193.4959,462.3814,99.3729,38.542,-0.2387,A,relation-reasoning-agent-eval-v3.1
2026-08-10T23:30:00+09:00,CMP-S01-L02-01,S01,S01-L02,0,maintenance,152.5815,429.1133,107.8649,45.5953,1.2068,B,relation-reasoning-agent-eval-v3.1
2026-08-10T23:30:00+09:00,CMP-S01-L03-01,S01,S01-L03,1,running,156.5164,509.3609,94.7333,45.4608,0.9075,A,relation-reasoning-agent-eval-v3.1
2026-08-10T23:30:00+09:00,CMP-S01-L04-01,S01,S01-L04,1,running,168.9868,474.4757,92.1166,35.9441,-0.7054,A,relation-reasoning-agent-eval-v3.1
2026-08-10T23:30:00+09:00,CMP-S01-L05-01,S01,S01-L05,1,running,180.1022,408.4814,95.2297,38.8764,-0.4938,A,relation-reasoning-agent-eval-v3.1
2026-08-10T23:40:00+09:00,CMP-S01-L01-01,S01,S01-L01,1,running,177.3331,418.7078,104.5946,43.5665,0.6917,A,relation-reasoning-agent-eval-v3.1
2026-08-10T23:40:00+09:00,CMP-S01-L02-01,S01,S01-L02,0,maintenance,157.9484,391.2526,111.8716,42.0739,0.5547,A,relation-reasoning-agent-eval-v3.1
2026-08-10T23:40:00+09:00,CMP-S01-L03-01,S01,S01-L03,1,running,150.243,523.9797,91.262,43.9847,0.6341,A,relation-reasoning-agent-eval-v3.1
2026-08-10T23:40:00+09:00,CMP-S01-L04-01,S01,S01-L04,1,running,173.6083,493.2304,89.6897,35.8129,-0.7297,A,relation-reasoning-agent-eval-v3.1
2026-08-10T23:40:00+09:00,CMP-S01-L05-01,S01,S01-L05,1,running,180.2867,411.5211,96.5986,41.8512,0.0571,A,relation-reasoning-agent-eval-v3.1
2026-08-10T23:50:00+09:00,CMP-S01-L01-01,S01,S01-L01,1,running,176.7496,441.3206,93.4569,43.6637,0.7097,A,relation-reasoning-agent-eval-v3.1
2026-08-10T23:50:00+09:00,CMP-S01-L02-01,S01,S01-L02,0,maintenance,174.2217,388.3668,112.7354,42.9338,0.714,A,relation-reasoning-agent-eval-v3.1
2026-08-10T23:50:00+09:00,CMP-S01-L03-01,S01,S01-L03,1,running,152.2607,505.4136,95.1512,45.71,0.9536,A,relation-reasoning-agent-eval-v3.1
2026-08-10T23:50:00+09:00,CMP-S01-L04-01,S01,S01-L04,1,running,187.0359,387.9074,95.3847,37.3663,-0.442,A,relation-reasoning-agent-eval-v3.1
2026-08-10T23:50:00+09:00,CMP-S01-L05-01,S01,S01-L05,1,running,170.9085,384.5226,97.8239,40.2214,-0.2447,A,relation-reasoning-agent-eval-v3.1
2026-08-11T00:00:00+09:00,CMP-S01-L01-01,S01,S01-L01,1,running,185.3746,462.0879,99.5951,46.5859,1.2509,B,relation-reasoning-agent-eval-v3.1
2026-08-11T00:00:00+09:00,CMP-S01-L02-01,S01,S01-L02,0,maintenance,159.1575,450.3241,106.8286,42.3941,0.614,A,relation-reasoning-agent-eval-v3.1
2026-08-11T00:00:00+09:00,CMP-S01-L03-01,S01,S01-L03,1,running,160.7431,520.4182,99.1701,46.9241,1.1785,B,relation-reasoning-agent-eval-v3.1
2026-08-11T00:00:00+09:00,CMP-S01-L04-01,S01,S01-L04,1,running,188.8025,407.1457,108.7931,35.2871,-0.827,A,relation-reasoning-agent-eval-v3.1
2026-08-11T00:00:00+09:00,CMP-S01-L05-01,S01,S01-L05,1,running,172.8093,367.1582,99.6242,36.0888,-1.01,B,relation-reasoning-agent-eval-v3.1
2026-08-11T00:10:00+09:00,CMP-S01-L01-01,S01,S01-L01,1,running,176.6177,443.6112,95.6921,46.1928,1.1781,B,relation-reasoning-agent-eval-v3.1
2026-08-11T00:10:00+09:00,CMP-S01-L02-01,S01,S01-L02,0,maintenance,157.9309,450.5188,100.5858,45.5023,1.1896,B,relation-reasoning-agent-eval-v3.1
2026-08-11T00:10:00+09:00,CMP-S01-L03-01,S01,S01-L03,1,running,157.4845,447.1907,100.8124,40.1558,-0.0749,A,relation-reasoning-agent-eval-v3.1
2026-08-11T00:10:00+09:00,CMP-S01-L04-01,S01,S01-L04,1,running,195.938,457.0961,116.3146,36.6687,-0.5712,A,relation-reasoning-agent-eval-v3.1
2026-08-11T00:10:00+09:00,CMP-S01-L05-01,S01,S01-L05,1,running,176.4138,384.2435,101.2938,42.5088,0.1789,A,relation-reasoning-agent-eval-v3.1
2026-08-11T00:20:00+09:00,CMP-S01-L01-01,S01,S01-L01,1,running,170.0683,454.7811,95.2234,39.1972,-0.1174,A,relation-reasoning-agent-eval-v3.1
2026-08-11T00:20:00+09:00,CMP-S01-L02-01,S01,S01-L02,0,maintenance,176.4041,438.8339,105.0429,40.3524,0.2359,A,relation-reasoning-agent-eval-v3.1
2026-08-11T00:20:00+09:00,CMP-S01-L03-01,S01,S01-L03,1,running,148.2398,403.0613,100.1866,35.5644,-0.9252,A,relation-reasoning-agent-eval-v3.1
2026-08-11T00:20:00+09:00,CMP-S01-L04-01,S01,S01-L04,1,running,192.9779,492.7168,118.7587,40.5127,0.1407,A,relation-reasoning-agent-eval-v3.1
2026-08-11T00:20:00+09:00,CMP-S01-L05-01,S01,S01-L05,1,running,175.2028,420.9115,98.3252,43.0336,0.2761,A,relation-reasoning-agent-eval-v3.1
2026-08-11T00:30:00+09:00,CMP-S01-L01-01,S01,S01-L01,1,running,185.478,468.1524,102.7374,43.2144,0.6265,A,relation-reasoning-agent-eval-v3.1
2026-08-11T00:30:00+09:00,CMP-S01-L02-01,S01,S01-L02,0,maintenance,176.7867,439.894,109.0054,41.2002,0.393,A,relation-reasoning-agent-eval-v3.1
2026-08-11T00:30:00+09:00,CMP-S01-L03-01,S01,S01-L03,1,running,144.3854,394.017,97.4,37.8876,-0.495,A,relation-reasoning-agent-eval-v3.1
2026-08-11T00:30:00+09:00,CMP-S01-L04-01,S01,S01-L04,1,running,179.8114,428.0136,110.0481,47.3004,1.3976,B,relation-reasoning-agent-eval-v3.1
2026-08-11T00:30:00+09:00,CMP-S01-L05-01,S01,S01-L05,1,running,187.3552,355.8101,94.9496,45.2531,0.6871,A,relation-reasoning-agent-eval-v3.1
2026-08-11T00:40:00+09:00,CMP-S01-L01-01,S01,S01-L01,1,running,187.7874,439.1305,101.7888,38.1078,-0.3192,A,relation-reasoning-agent-eval-v3.1
2026-08-11T00:40:00+09:00,CMP-S01-L02-01,S01,S01-L02,0,maintenance,163.0607,427.4394,109.9607,45.7113,1.2283,B,relation-reasoning-agent-eval-v3.1
2026-08-11T00:40:00+09:00,CMP-S01-L03-01,S01,S01-L03,1,running,136.9201,392.0659,101.1184,32.7012,-1.4554,B,relation-reasoning-agent-eval-v3.1
2026-08-11T00:40:00+09:00,CMP-S01-L04-01,S01,S01-L04,1,running,150.6594,467.7734,107.0531,47.2956,1.3968,B,relation-reasoning-agent-eval-v3.1
2026-08-11T00:40:00+09:00,CMP-S01-L05-01,S01,S01-L05,1,running,170.4632,401.0521,99.5512,43.0669,0.2823,A,relation-reasoning-agent-eval-v3.1
2026-08-11T00:50:00+09:00,CMP-S01-L01-01,S01,S01-L01,1,running,185.7955,482.4473,105.1452,35.3055,-0.8381,A,relation-reasoning-agent-eval-v3.1
2026-08-11T00:50:00+09:00,CMP-S01-L02-01,S01,S01-L02,0,maintenance,148.4347,425.6427,108.4415,43.3036,0.7825,A,relation-reasoning-agent-eval-v3.1
2026-08-11T00:50:00+09:00,CMP-S01-L03-01,S01,S01-L03,1,running,151.0006,345.6524,100.5057,38.8279,-0.3209,A,relation-reasoning-agent-eval-v3.1
2026-08-11T00:50:00+09:00,CMP-S01-L04-01,S01,S01-L04,1,running,151.5831,459.5157,102.362,47.727,1.4767,B,relation-reasoning-agent-eval-v3.1
2026-08-11T00:50:00+09:00,CMP-S01-L05-01,S01,S01-L05,1,running,165.0919,371.4342,98.4809,41.9235,0.0705,A,relation-reasoning-agent-eval-v3.1
2026-08-11T01:00:00+09:00,CMP-S01-L01-01,S01,S01-L01,1,running,218.9809,475.3782,101.7556,33.4554,-1.1807,B,relation-reasoning-agent-eval-v3.1
2026-08-11T01:00:00+09:00,CMP-S01-L02-01,S01,S01-L02,0,maintenance,160.0309,408.2868,110.3152,43.6197,0.841,A,relation-reasoning-agent-eval-v3.1
2026-08-11T01:00:00+09:00,CMP-S01-L03-01,S01,S01-L03,1,running,160.0774,353.5359,101.0214,38.2758,-0.4231,A,relation-reasoning-agent-eval-v3.1
2026-08-11T01:00:00+09:00,CMP-S01-L04-01,S01,S01-L04,1,running,166.2217,463.6665,96.5878,47.3246,1.4021,B,relation-reasoning-agent-eval-v3.1
2026-08-11T01:00:00+09:00,CMP-S01-L05-01,S01,S01-L05,1,running,144.552,351.7935,102.7911,44.114,0.4762,A,relation-reasoning-agent-eval-v3.1
2026-08-11T01:10:00+09:00,CMP-S01-L01-01,S01,S01-L01,1,running,197.7899,474.8172,100.6626,33.5968,-1.1545,B,relation-reasoning-agent-eval-v3.1
2026-08-11T01:10:00+09:00,CMP-S01-L02-01,S01,S01-L02,0,maintenance,167.627,388.7244,108.1278,48.1247,1.6753,B,relation-reasoning-agent-eval-v3.1
2026-08-11T01:10:00+09:00,CMP-S01-L03-01,S01,S01-L03,1,running,172.8684,359.5193,100.5385,41.8161,0.2325,A,relation-reasoning-agent-eval-v3.1
2026-08-11T01:10:00+09:00,CMP-S01-L04-01,S01,S01-L04,1,running,161.6389,445.0544,93.4616,50.4912,1.9885,B,relation-reasoning-agent-eval-v3.1
2026-08-11T01:10:00+09:00,CMP-S01-L05-01,S01,S01-L05,1,running,151.745,390.4035,92.3014,40.005,-0.2848,A,relation-reasoning-agent-eval-v3.1
2026-08-11T01:20:00+09:00,CMP-S01-L01-01,S01,S01-L01,1,running,226.0813,447.8203,92.6989,34.5693,-0.9744,A,relation-reasoning-agent-eval-v3.1
2026-08-11T01:20:00+09:00,CMP-S01-L02-01,S01,S01-L02,0,maintenance,143.1608,437.4264,101.7954,38.9169,-0.0299,A,relation-reasoning-agent-eval-v3.1
2026-08-11T01:20:00+09:00,CMP-S01-L03-01,S01,S01-L03,1,running,171.0728,388.1769,104.04,45.4878,0.9125,A,relation-reasoning-agent-eval-v3.1
2026-08-11T01:20:00+09:00,CMP-S01-L04-01,S01,S01-L04,1,running,178.3142,419.878,93.083,51.853,2.2407,C,relation-reasoning-agent-eval-v3.1
2026-08-11T01:20:00+09:00,CMP-S01-L05-01,S01,S01-L05,1,running,160.9689,384.3287,91.6514,41.3557,-0.0346,A,relation-reasoning-agent-eval-v3.1
2026-08-11T01:30:00+09:00,CMP-S01-L01-01,S01,S01-L01,1,running,206.42,504.1773,96.2017,40.3224,0.091,A,relation-reasoning-agent-eval-v3.1
2026-08-11T01:30:00+09:00,CMP-S01-L02-01,S01,S01-L02,0,maintenance,170.2412,450.7396,99.2821,37.8048,-0.2358,A,relation-reasoning-agent-eval-v3.1
2026-08-11T01:30:00+09:00,CMP-S01-L03-01,S01,S01-L03,1,running,160.5555,391.1986,99.4067,42.6245,0.3822,A,relation-reasoning-agent-eval-v3.1
2026-08-11T01:30:00+09:00,CMP-S01-L04-01,S01,S01-L04,1,running,158.4151,470.0215,93.715,49.6302,1.8291,B,relation-reasoning-agent-eval-v3.1
2026-08-11T01:30:00+09:00,CMP-S01-L05-01,S01,S01-L05,1,running,169.7227,429.8389,88.6461,39.366,-0.4031,A,relation-reasoning-agent-eval-v3.1
2026-08-11T01:40:00+09:00,CMP-S01-L01-01,S01,S01-L01,1,running,206.3197,492.3345,95.8547,38.1085,-0.319,A,relation-reasoning-agent-eval-v3.1
2026-08-11T01:40:00+09:00,CMP-S01-L02-01,S01,S01-L02,0,maintenance,178.4492,463.0904,100.7823,36.6941,-0.4415,A,relation-reasoning-agent-eval-v3.1
2026-08-11T01:40:00+09:00,CMP-S01-L03-01,S01,S01-L03,1,running,174.3508,386.6486,106.9241,34.5482,-1.1134,B,relation-reasoning-agent-eval-v3.1
2026-08-11T01:40:00+09:00,CMP-S01-L04-01,S01,S01-L04,1,running,177.2991,423.1203,97.8841,45.4722,1.0591,B,relation-reasoning-agent-eval-v3.1
2026-08-11T01:40:00+09:00,CMP-S01-L05-01,S01,S01-L05,1,running,192.9377,514.3654,95.106,40.1242,-0.2627,A,relation-reasoning-agent-eval-v3.1
2026-08-11T01:50:00+09:00,CMP-S01-L01-01,S01,S01-L01,1,running,180.9798,527.13,104.1947,31.7635,-1.494,B,relation-reasoning-agent-eval-v3.1
2026-08-11T01:50:00+09:00,CMP-S01-L02-01,S01,S01-L02,0,maintenance,178.0279,413.2987,101.0456,39.7463,0.1237,A,relation-reasoning-agent-eval-v3.1
2026-08-11T01:50:00+09:00,CMP-S01-L03-01,S01,S01-L03,1,running,195.0399,378.0737,106.3661,37.9581,-0.4819,A,relation-reasoning-agent-eval-v3.1
2026-08-11T01:50:00+09:00,CMP-S01-L04-01,S01,S01-L04,1,running,183.3711,448.7935,93.2414,44.4551,0.8707,A,relation-reasoning-agent-eval-v3.1
2026-08-11T01:50:00+09:00,CMP-S01-L05-01,S01,S01-L05,1,running,198.4541,486.0614,89.7643,43.0253,0.2746,A,relation-reasoning-agent-eval-v3.1
2026-08-11T02:00:00+09:00,CMP-S01-L01-01,S01,S01-L01,1,running,170.3808,565.0977,103.3825,33.6521,-1.1443,B,relation-reasoning-agent-eval-v3.1
2026-08-11T02:00:00+09:00,CMP-S01-L02-01,S01,S01-L02,0,maintenance,172.773,372.7524,98.5696,36.0009,-0.5699,A,relation-reasoning-agent-eval-v3.1
2026-08-11T02:00:00+09:00,CMP-S01-L03-01,S01,S01-L03,1,running,192.0433,393.7793,102.6974,42.9823,0.4485,A,relation-reasoning-agent-eval-v3.1
2026-08-11T02:00:00+09:00,CMP-S01-L04-01,S01,S01-L04,1,running,173.1488,403.3729,96.2636,31.9945,-1.4368,B,relation-reasoning-agent-eval-v3.1
2026-08-11T02:00:00+09:00,CMP-S01-L05-01,S01,S01-L05,1,running,193.1352,501.8229,95.391,43.5011,0.3627,A,relation-reasoning-agent-eval-v3.1
2026-08-11T02:10:00+09:00,CMP-S01-L01-01,S01,S01-L01,1,running,183.9719,507.9422,98.551,31.4202,-1.5576,B,relation-reasoning-agent-eval-v3.1
2026-08-11T02:10:00+09:00,CMP-S01-L02-01,S01,S01-L02,0,maintenance,190.3749,440.7305,100.1263,41.2766,0.4071,A,relation-reasoning-agent-eval-v3.1
2026-08-11T02:10:00+09:00,CMP-S01-L03-01,S01,S01-L03,1,running,188.3939,412.3112,106.1854,47.0502,1.2018,B,relation-reasoning-agent-eval-v3.1
2026-08-11T02:10:00+09:00,CMP-S01-L04-01,S01,S01-L04,1,running,207.2598,409.9285,99.0975,38.2591,-0.2767,A,relation-reasoning-agent-eval-v3.1
2026-08-11T02:10:00+09:00,CMP-S01-L05-01,S01,S01-L05,1,running,181.3844,521.6389,96.3287,42.0923,0.1018,A,relation-reasoning-agent-eval-v3.1
2026-08-11T02:20:00+09:00,CMP-S01-L01-01,S01,S01-L01,1,running,194.2805,478.2624,94.8709,32.7802,-1.3058,B,relation-reasoning-agent-eval-v3.1
2026-08-11T02:20:00+09:00,CMP-S01-L02-01,S01,S01-L02,0,maintenance,188.8735,434.6889,100.2967,39.5743,0.0919,A,relation-reasoning-agent-eval-v3.1
2026-08-11T02:20:00+09:00,CMP-S01-L03-01,S01,S01-L03,1,running,188.9215,410.1661,100.0231,39.6771,-0.1636,A,relation-reasoning-agent-eval-v3.1
2026-08-11T02:20:00+09:00,CMP-S01-L04-01,S01,S01-L04,1,running,205.3882,413.6333,99.3309,35.0762,-0.8661,A,relation-reasoning-agent-eval-v3.1
2026-08-11T02:20:00+09:00,CMP-S01-L05-01,S01,S01-L05,1,running,178.6979,435.3238,98.7175,45.4608,0.7256,A,relation-reasoning-agent-eval-v3.1
2026-08-11T02:30:00+09:00,CMP-S01-L01-01,S01,S01-L01,1,running,194.7183,468.6469,96.4888,40.6587,0.1532,A,relation-reasoning-agent-eval-v3.1
2026-08-11T02:30:00+09:00,CMP-S01-L02-01,S01,S01-L02,0,maintenance,171.6855,432.4696,99.253,37.797,-0.2373,A,relation-reasoning-agent-eval-v3.1
2026-08-11T02:30:00+09:00,CMP-S01-L03-01,S01,S01-L03,1,running,167.4325,447.6005,104.1359,39.4378,-0.2079,A,relation-reasoning-agent-eval-v3.1
2026-08-11T02:30:00+09:00,CMP-S01-L04-01,S01,S01-L04,1,running,203.3899,422.0991,99.4879,40.5486,0.1473,A,relation-reasoning-agent-eval-v3.1
2026-08-11T02:30:00+09:00,CMP-S01-L05-01,S01,S01-L05,1,running,190.9377,426.6626,102.2163,44.9746,0.6355,A,relation-reasoning-agent-eval-v3.1
2026-08-11T02:40:00+09:00,CMP-S01-L01-01,S01,S01-L01,1,running,182.6522,462.1565,104.5212,37.6899,-0.3965,A,relation-reasoning-agent-eval-v3.1
2026-08-11T02:40:00+09:00,CMP-S01-L02-01,S01,S01-L02,0,maintenance,177.5662,483.1882,98.3178,45.496,1.1885,B,relation-reasoning-agent-eval-v3.1
2026-08-11T02:40:00+09:00,CMP-S01-L03-01,S01,S01-L03,1,running,182.698,420.3944,104.3252,44.1581,0.6662,A,relation-reasoning-agent-eval-v3.1
2026-08-11T02:40:00+09:00,CMP-S01-L04-01,S01,S01-L04,1,running,210.9627,466.0401,99.586,40.238,0.0898,A,relation-reasoning-agent-eval-v3.1
2026-08-11T02:40:00+09:00,CMP-S01-L05-01,S01,S01-L05,1,running,195.6329,399.9213,106.0984,45.3306,0.7015,A,relation-reasoning-agent-eval-v3.1
2026-08-11T02:50:00+09:00,CMP-S01-L01-01,S01,S01-L01,1,running,200.0134,491.7843,105.3597,40.3576,0.0975,A,relation-reasoning-agent-eval-v3.1
2026-08-11T02:50:00+09:00,CMP-S01-L02-01,S01,S01-L02,0,maintenance,175.1625,485.8039,101.3031,42.4879,0.6314,A,relation-reasoning-agent-eval-v3.1
2026-08-11T02:50:00+09:00,CMP-S01-L03-01,S01,S01-L03,1,running,187.8975,417.4507,106.4721,45.3901,0.8944,A,relation-reasoning-agent-eval-v3.1
2026-08-11T02:50:00+09:00,CMP-S01-L04-01,S01,S01-L04,1,running,192.8407,459.0507,102.2071,36.0758,-0.681,A,relation-reasoning-agent-eval-v3.1
2026-08-11T02:50:00+09:00,CMP-S01-L05-01,S01,S01-L05,1,running,193.9433,349.831,106.6686,40.5833,-0.1776,A,relation-reasoning-agent-eval-v3.1
2026-08-11T03:00:00+09:00,CMP-S01-L01-01,S01,S01-L01,1,running,197.8375,508.9581,97.078,37.865,-0.3641,A,relation-reasoning-agent-eval-v3.1
2026-08-11T03:00:00+09:00,CMP-S01-L02-01,S01,S01-L02,1,running,176.2015,487.4838,100.3078,45.3069,1.1535,B,relation-reasoning-agent-eval-v3.1
2026-08-11T03:00:00+09:00,CMP-S01-L03-01,S01,S01-L03,1,running,202.0069,398.2294,105.7884,39.8518,-0.1312,A,relation-reasoning-agent-eval-v3.1
2026-08-11T03:00:00+09:00,CMP-S01-L04-01,S01,S01-L04,1,running,193.816,423.45,101.8473,26.7096,-2.4155,C,relation-reasoning-agent-eval-v3.1
2026-08-11T03:00:00+09:00,CMP-S01-L05-01,S01,S01-L05,1,running,200.8003,326.516,101.5615,39.2888,-0.4174,A,relation-reasoning-agent-eval-v3.1
2026-08-11T03:10:00+09:00,CMP-S01-L01-01,S01,S01-L01,1,running,190.5007,498.3092,108.2741,34.4808,-0.9908,A,relation-reasoning-agent-eval-v3.1
2026-08-11T03:10:00+09:00,CMP-S01-L02-01,S01,S01-L02,1,running,173.0698,412.9513,108.9338,41.8755,0.518,A,relation-reasoning-agent-eval-v3.1
2026-08-11T03:10:00+09:00,CMP-S01-L03-01,S01,S01-L03,1,running,198.142,375.8356,106.6312,46.4331,1.0875,B,relation-reasoning-agent-eval-v3.1
2026-08-11T03:10:00+09:00,CMP-S01-L04-01,S01,S01-L04,1,running,210.5674,377.1698,104.3181,26.8365,-2.392,C,relation-reasoning-agent-eval-v3.1
2026-08-11T03:10:00+09:00,CMP-S01-L05-01,S01,S01-L05,1,running,185.4721,362.6229,101.3089,45.3813,0.7109,A,relation-reasoning-agent-eval-v3.1
2026-08-11T03:20:00+09:00,CMP-S01-L01-01,S01,S01-L01,1,running,190.0996,535.7309,104.2942,43.2694,0.6367,A,relation-reasoning-agent-eval-v3.1
2026-08-11T03:20:00+09:00,CMP-S01-L02-01,S01,S01-L02,1,running,169.9201,412.9291,105.2468,40.3366,0.233,A,relation-reasoning-agent-eval-v3.1
2026-08-11T03:20:00+09:00,CMP-S01-L03-01,S01,S01-L03,1,running,178.981,332.9989,96.2599,46.269,1.0571,B,relation-reasoning-agent-eval-v3.1
2026-08-11T03:20:00+09:00,CMP-S01-L04-01,S01,S01-L04,1,running,191.3527,390.1076,106.8458,31.7539,-1.4813,B,relation-reasoning-agent-eval-v3.1
2026-08-11T03:20:00+09:00,CMP-S01-L05-01,S01,S01-L05,1,running,182.2324,380.3945,99.4294,46.569,0.9308,A,relation-reasoning-agent-eval-v3.1
2026-08-11T03:30:00+09:00,CMP-S01-L01-01,S01,S01-L01,1,running,199.8407,583.6163,103.2708,51.8926,2.2336,C,relation-reasoning-agent-eval-v3.1
2026-08-11T03:30:00+09:00,CMP-S01-L02-01,S01,S01-L02,1,running,163.2016,423.3552,108.8508,46.3325,1.3434,B,relation-reasoning-agent-eval-v3.1
2026-08-11T03:30:00+09:00,CMP-S01-L03-01,S01,S01-L03,1,running,203.6726,420.8553,101.8745,45.2936,0.8765,A,relation-reasoning-agent-eval-v3.1
2026-08-11T03:30:00+09:00,CMP-S01-L04-01,S01,S01-L04,1,running,187.7935,384.8889,110.2966,36.2162,-0.655,A,relation-reasoning-agent-eval-v3.1
2026-08-11T03:30:00+09:00,CMP-S01-L05-01,S01,S01-L05,1,running,166.4816,381.8717,96.6002,42.2217,0.1258,A,relation-reasoning-agent-eval-v3.1
2026-08-11T03:40:00+09:00,CMP-S01-L01-01,S01,S01-L01,1,running,212.2452,600.7349,104.1298,53.1744,2.471,C,relation-reasoning-agent-eval-v3.1
2026-08-11T03:40:00+09:00,CMP-S01-L02-01,S01,S01-L02,1,running,171.3941,406.0422,110.8656,41.2827,0.4082,A,relation-reasoning-agent-eval-v3.1
2026-08-11T03:40:00+09:00,CMP-S01-L03-01,S01,S01-L03,1,running,184.6625,397.4523,95.2129,50.9053,1.9157,B,relation-reasoning-agent-eval-v3.1
2026-08-11T03:40:00+09:00,CMP-S01-L04-01,S01,S01-L04,1,running,173.3014,475.1519,104.6157,29.791,-1.8448,B,relation-reasoning-agent-eval-v3.1
2026-08-11T03:40:00+09:00,CMP-S01-L05-01,S01,S01-L05,1,running,159.354,370.8557,97.8529,44.1072,0.4749,A,relation-reasoning-agent-eval-v3.1
2026-08-11T03:50:00+09:00,CMP-S01-L01-01,S01,S01-L01,1,running,200.6162,587.0715,106.189,46.6615,1.2649,B,relation-reasoning-agent-eval-v3.1
2026-08-11T03:50:00+09:00,CMP-S01-L02-01,S01,S01-L02,1,running,170.0561,419.1491,100.6578,33.8283,-0.9722,A,relation-reasoning-agent-eval-v3.1
2026-08-11T03:50:00+09:00,CMP-S01-L03-01,S01,S01-L03,1,running,172.1484,432.9291,101.7042,44.0716,0.6502,A,relation-reasoning-agent-eval-v3.1
2026-08-11T03:50:00+09:00,CMP-S01-L04-01,S01,S01-L04,1,running,161.0867,507.5834,104.4392,29.9394,-1.8173,B,relation-reasoning-agent-eval-v3.1
2026-08-11T03:50:00+09:00,CMP-S01-L05-01,S01,S01-L05,1,running,177.7032,414.2787,98.4916,43.3287,0.3307,A,relation-reasoning-agent-eval-v3.1
2026-08-11T04:00:00+09:00,CMP-S01-L01-01,S01,S01-L01,1,running,197.2853,555.5924,110.1709,47.3161,1.3861,B,relation-reasoning-agent-eval-v3.1
2026-08-11T04:00:00+09:00,CMP-S01-L02-01,S01,S01-L02,1,running,164.8182,392.1371,97.6974,31.6967,-1.367,B,relation-reasoning-agent-eval-v3.1
2026-08-11T04:00:00+09:00,CMP-S01-L03-01,S01,S01-L03,1,running,173.7029,412.6563,103.0071,43.3636,0.5191,A,relation-reasoning-agent-eval-v3.1
2026-08-11T04:00:00+09:00,CMP-S01-L04-01,S01,S01-L04,1,running,146.3641,506.5272,99.9134,31.5323,-1.5224,B,relation-reasoning-agent-eval-v3.1
2026-08-11T04:00:00+09:00,CMP-S01-L05-01,S01,S01-L05,1,running,152.5908,444.2449,97.5648,39.2301,-0.4283,A,relation-reasoning-agent-eval-v3.1
2026-08-11T04:10:00+09:00,CMP-S01-L01-01,S01,S01-L01,1,running,183.2691,520.8566,108.6917,49.7213,1.8315,B,relation-reasoning-agent-eval-v3.1
2026-08-11T04:10:00+09:00,CMP-S01-L02-01,S01,S01-L02,1,running,167.9308,416.2987,102.3586,30.9234,-1.5102,B,relation-reasoning-agent-eval-v3.1
2026-08-11T04:10:00+09:00,CMP-S01-L03-01,S01,S01-L03,1,running,166.933,408.7555,109.2543,38.4367,-0.3933,A,relation-reasoning-agent-eval-v3.1
2026-08-11T04:10:00+09:00,CMP-S01-L04-01,S01,S01-L04,1,running,159.603,463.0199,100.8089,39.3007,-0.0838,A,relation-reasoning-agent-eval-v3.1
2026-08-11T04:10:00+09:00,CMP-S01-L05-01,S01,S01-L05,1,running,150.9583,420.8211,101.5001,48.2314,1.2387,B,relation-reasoning-agent-eval-v3.1
2026-08-11T04:20:00+09:00,CMP-S01-L01-01,S01,S01-L01,1,running,179.4585,475.0023,98.461,42.6708,0.5258,A,relation-reasoning-agent-eval-v3.1
2026-08-11T04:20:00+09:00,CMP-S01-L02-01,S01,S01-L02,1,running,178.5451,420.9662,104.7232,33.1851,-1.0913,B,relation-reasoning-agent-eval-v3.1
2026-08-11T04:20:00+09:00,CMP-S01-L03-01,S01,S01-L03,1,running,180.7359,394.4636,114.8833,42.1877,0.3013,A,relation-reasoning-agent-eval-v3.1
2026-08-11T04:20:00+09:00,CMP-S01-L04-01,S01,S01-L04,1,running,170.7556,485.7251,112.1304,38.5716,-0.2188,A,relation-reasoning-agent-eval-v3.1
2026-08-11T04:20:00+09:00,CMP-S01-L05-01,S01,S01-L05,1,running,163.2798,433.5712,97.3485,48.7281,1.3306,B,relation-reasoning-agent-eval-v3.1
2026-08-11T04:30:00+09:00,CMP-S01-L01-01,S01,S01-L01,1,running,171.0044,464.0458,98.372,35.6726,-0.7701,A,relation-reasoning-agent-eval-v3.1
2026-08-11T04:30:00+09:00,CMP-S01-L02-01,S01,S01-L02,1,running,170.9568,390.5582,101.7008,35.3927,-0.6825,A,relation-reasoning-agent-eval-v3.1
2026-08-11T04:30:00+09:00,CMP-S01-L03-01,S01,S01-L03,1,running,173.6931,425.7485,115.0573,38.295,-0.4195,A,relation-reasoning-agent-eval-v3.1
2026-08-11T04:30:00+09:00,CMP-S01-L04-01,S01,S01-L04,1,running,156.8217,463.122,110.2751,40.7843,0.191,A,relation-reasoning-agent-eval-v3.1
2026-08-11T04:30:00+09:00,CMP-S01-L05-01,S01,S01-L05,1,running,168.9986,410.2399,96.6127,46.3856,0.8969,A,relation-reasoning-agent-eval-v3.1
2026-08-11T04:40:00+09:00,CMP-S01-L01-01,S01,S01-L01,1,running,161.7939,470.4617,98.3102,31.8401,-1.4798,B,relation-reasoning-agent-eval-v3.1
2026-08-11T04:40:00+09:00,CMP-S01-L02-01,S01,S01-L02,1,running,166.317,407.2392,102.3148,30.8233,-1.5287,B,relation-reasoning-agent-eval-v3.1
2026-08-11T04:40:00+09:00,CMP-S01-L03-01,S01,S01-L03,1,running,164.3601,460.1314,117.1828,44.169,0.6682,A,relation-reasoning-agent-eval-v3.1
2026-08-11T04:40:00+09:00,CMP-S01-L04-01,S01,S01-L04,1,running,173.1655,410.6805,113.6098,39.4922,-0.0483,A,relation-reasoning-agent-eval-v3.1
2026-08-11T04:40:00+09:00,CMP-S01-L05-01,S01,S01-L05,1,running,170.0999,427.3106,92.6799,42.8364,0.2396,A,relation-reasoning-agent-eval-v3.1
2026-08-11T04:50:00+09:00,CMP-S01-L01-01,S01,S01-L01,1,running,173.0349,472.3168,99.457,33.5745,-1.1586,B,relation-reasoning-agent-eval-v3.1
2026-08-11T04:50:00+09:00,CMP-S01-L02-01,S01,S01-L02,1,running,166.4862,468.6028,101.1761,34.6313,-0.8235,A,relation-reasoning-agent-eval-v3.1
2026-08-11T04:50:00+09:00,CMP-S01-L03-01,S01,S01-L03,1,running,153.5836,452.0312,116.2449,43.4202,0.5296,A,relation-reasoning-agent-eval-v3.1
2026-08-11T04:50:00+09:00,CMP-S01-L04-01,S01,S01-L04,1,running,172.5795,464.3925,114.8491,41.373,0.3,A,relation-reasoning-agent-eval-v3.1
2026-08-11T04:50:00+09:00,CMP-S01-L05-01,S01,S01-L05,1,running,172.4453,451.1629,98.8042,38.5892,-0.5469,A,relation-reasoning-agent-eval-v3.1
2026-08-11T05:00:00+09:00,CMP-S01-L01-01,S01,S01-L01,1,running,181.7,500.4999,104.467,32.4229,-1.3719,B,relation-reasoning-agent-eval-v3.1
2026-08-11T05:00:00+09:00,CMP-S01-L02-01,S01,S01-L02,1,running,159.7955,444.3991,104.1517,38.0677,-0.1872,A,relation-reasoning-agent-eval-v3.1
2026-08-11T05:00:00+09:00,CMP-S01-L03-01,S01,S01-L03,1,running,128.4574,462.9637,110.6862,46.3495,1.0721,B,relation-reasoning-agent-eval-v3.1
2026-08-11T05:00:00+09:00,CMP-S01-L04-01,S01,S01-L04,1,running,163.1435,432.2142,103.269,32.6438,-1.3165,B,relation-reasoning-agent-eval-v3.1
2026-08-11T05:00:00+09:00,CMP-S01-L05-01,S01,S01-L05,1,running,174.8894,453.4468,94.6932,33.3313,-1.5206,B,relation-reasoning-agent-eval-v3.1
2026-08-11T05:10:00+09:00,CMP-S01-L01-01,S01,S01-L01,1,running,182.2713,532.4087,102.3594,34.7624,-0.9387,A,relation-reasoning-agent-eval-v3.1
2026-08-11T05:10:00+09:00,CMP-S01-L02-01,S01,S01-L02,1,running,156.2176,463.0344,103.7023,40.0765,0.1849,A,relation-reasoning-agent-eval-v3.1
2026-08-11T05:10:00+09:00,CMP-S01-L03-01,S01,S01-L03,1,running,123.8252,468.6715,108.605,41.1991,0.1183,A,relation-reasoning-agent-eval-v3.1
2026-08-11T05:10:00+09:00,CMP-S01-L04-01,S01,S01-L04,1,running,169.2604,464.372,108.6474,29.3546,-1.9256,B,relation-reasoning-agent-eval-v3.1
2026-08-11T05:10:00+09:00,CMP-S01-L05-01,S01,S01-L05,1,running,176.7528,419.6961,97.0265,30.3006,-2.0819,C,relation-reasoning-agent-eval-v3.1
2026-08-11T05:20:00+09:00,CMP-S01-L01-01,S01,S01-L01,1,running,175.2215,494.0856,93.7657,34.5006,-0.9872,A,relation-reasoning-agent-eval-v3.1
2026-08-11T05:20:00+09:00,CMP-S01-L02-01,S01,S01-L02,1,running,163.6975,489.4098,104.3712,37.7074,-0.2539,A,relation-reasoning-agent-eval-v3.1
2026-08-11T05:20:00+09:00,CMP-S01-L03-01,S01,S01-L03,1,running,122.0109,434.8152,102.0673,43.6184,0.5663,A,relation-reasoning-agent-eval-v3.1
2026-08-11T05:20:00+09:00,CMP-S01-L04-01,S01,S01-L04,1,running,184.0163,490.7999,106.5579,35.2363,-0.8364,A,relation-reasoning-agent-eval-v3.1
2026-08-11T05:20:00+09:00,CMP-S01-L05-01,S01,S01-L05,1,running,177.9026,455.1716,96.8442,36.5926,-0.9167,A,relation-reasoning-agent-eval-v3.1
2026-08-11T05:30:00+09:00,CMP-S01-L01-01,S01,S01-L01,1,running,180.1267,466.2809,103.027,40.7016,0.1612,A,relation-reasoning-agent-eval-v3.1
2026-08-11T05:30:00+09:00,CMP-S01-L02-01,S01,S01-L02,1,running,182.8208,466.9515,105.3094,35.6162,-0.6411,A,relation-reasoning-agent-eval-v3.1
2026-08-11T05:30:00+09:00,CMP-S01-L03-01,S01,S01-L03,1,running,138.277,390.1369,105.7244,50.2631,1.7968,B,relation-reasoning-agent-eval-v3.1
2026-08-11T05:30:00+09:00,CMP-S01-L04-01,S01,S01-L04,1,running,186.5415,446.2415,97.1752,40.468,0.1324,A,relation-reasoning-agent-eval-v3.1
2026-08-11T05:30:00+09:00,CMP-S01-L05-01,S01,S01-L05,1,running,197.9542,445.4289,100.6338,37.1983,-0.8045,A,relation-reasoning-agent-eval-v3.1
2026-08-11T05:40:00+09:00,CMP-S01-L01-01,S01,S01-L01,1,running,175.7525,505.5417,101.8394,41.0514,0.2259,A,relation-reasoning-agent-eval-v3.1
2026-08-11T05:40:00+09:00,CMP-S01-L02-01,S01,S01-L02,1,running,182.1609,407.7494,103.6859,32.6102,-1.1978,B,relation-reasoning-agent-eval-v3.1
2026-08-11T05:40:00+09:00,CMP-S01-L03-01,S01,S01-L03,1,running,155.6412,460.7553,102.093,46.5474,1.1087,B,relation-reasoning-agent-eval-v3.1
2026-08-11T05:40:00+09:00,CMP-S01-L04-01,S01,S01-L04,1,running,178.5387,455.6106,93.1615,41.1166,0.2525,A,relation-reasoning-agent-eval-v3.1
2026-08-11T05:40:00+09:00,CMP-S01-L05-01,S01,S01-L05,1,running,207.8959,442.408,102.1266,36.7818,-0.8816,A,relation-reasoning-agent-eval-v3.1
2026-08-11T05:50:00+09:00,CMP-S01-L01-01,S01,S01-L01,1,running,164.4463,524.8278,96.8019,51.3087,2.1255,C,relation-reasoning-agent-eval-v3.1
2026-08-11T05:50:00+09:00,CMP-S01-L02-01,S01,S01-L02,1,running,184.5649,430.0658,101.5407,33.9367,-0.9521,A,relation-reasoning-agent-eval-v3.1
2026-08-11T05:50:00+09:00,CMP-S01-L03-01,S01,S01-L03,1,running,167.2478,510.5049,99.8077,44.0009,0.6371,A,relation-reasoning-agent-eval-v3.1
2026-08-11T05:50:00+09:00,CMP-S01-L04-01,S01,S01-L04,1,running,174.697,481.6468,91.7459,45.2255,1.0134,B,relation-reasoning-agent-eval-v3.1
2026-08-11T05:50:00+09:00,CMP-S01-L05-01,S01,S01-L05,1,running,184.5003,427.7746,94.201,35.2822,-1.1593,B,relation-reasoning-agent-eval-v3.1
2026-08-11T06:00:00+09:00,CMP-S01-L01-01,S01,S01-L01,1,running,176.8294,517.5003,103.4771,39.4905,-0.0631,A,relation-reasoning-agent-eval-v3.1
2026-08-11T06:00:00+09:00,CMP-S01-L02-01,S01,S01-L02,1,running,175.562,419.7764,101.4466,28.9732,-1.8713,B,relation-reasoning-agent-eval-v3.1
2026-08-11T06:00:00+09:00,CMP-S01-L03-01,S01,S01-L03,1,running,171.3958,499.3714,101.2287,41.7447,0.2193,A,relation-reasoning-agent-eval-v3.1
2026-08-11T06:00:00+09:00,CMP-S01-L04-01,S01,S01-L04,1,running,178.9614,500.0997,99.6569,48.0423,1.535,B,relation-reasoning-agent-eval-v3.1
2026-08-11T06:00:00+09:00,CMP-S01-L05-01,S01,S01-L05,1,running,197.875,381.4386,94.8188,31.7329,-1.8166,B,relation-reasoning-agent-eval-v3.1
2026-08-11T06:10:00+09:00,CMP-S01-L01-01,S01,S01-L01,1,running,173.0571,495.629,108.5298,38.2591,-0.2911,A,relation-reasoning-agent-eval-v3.1
2026-08-11T06:10:00+09:00,CMP-S01-L02-01,S01,S01-L02,1,running,168.7723,424.1305,103.7074,34.5356,-0.8412,A,relation-reasoning-agent-eval-v3.1
2026-08-11T06:10:00+09:00,CMP-S01-L03-01,S01,S01-L03,1,running,178.1843,488.2655,107.4236,41.7618,0.2225,A,relation-reasoning-agent-eval-v3.1
2026-08-11T06:10:00+09:00,CMP-S01-L04-01,S01,S01-L04,1,running,172.3152,486.2187,96.41,53.0567,2.4636,C,relation-reasoning-agent-eval-v3.1
2026-08-11T06:10:00+09:00,CMP-S01-L05-01,S01,S01-L05,1,running,204.1013,423.5079,92.2549,35.4728,-1.124,B,relation-reasoning-agent-eval-v3.1
2026-08-11T06:20:00+09:00,CMP-S01-L01-01,S01,S01-L01,1,running,183.7,510.4688,104.0177,41.2293,0.2589,A,relation-reasoning-agent-eval-v3.1
2026-08-11T06:20:00+09:00,CMP-S01-L02-01,S01,S01-L02,1,running,170.8332,452.3536,104.2128,27.06,-2.2256,C,relation-reasoning-agent-eval-v3.1
2026-08-11T06:20:00+09:00,CMP-S01-L03-01,S01,S01-L03,1,running,176.4762,509.7205,106.9103,40.6783,0.0218,A,relation-reasoning-agent-eval-v3.1
2026-08-11T06:20:00+09:00,CMP-S01-L04-01,S01,S01-L04,1,running,176.3583,526.2344,92.4782,46.6199,1.2716,B,relation-reasoning-agent-eval-v3.1
2026-08-11T06:20:00+09:00,CMP-S01-L05-01,S01,S01-L05,1,running,185.5443,408.078,93.9996,36.9105,-0.8578,A,relation-reasoning-agent-eval-v3.1
2026-08-11T06:30:00+09:00,CMP-S01-L01-01,S01,S01-L01,1,running,183.8328,477.8073,105.8127,39.6507,-0.0334,A,relation-reasoning-agent-eval-v3.1
2026-08-11T06:30:00+09:00,CMP-S01-L02-01,S01,S01-L02,1,running,176.307,456.6973,102.3865,27.4796,-2.1479,C,relation-reasoning-agent-eval-v3.1
2026-08-11T06:30:00+09:00,CMP-S01-L03-01,S01,S01-L03,1,running,167.5156,489.0326,105.6608,39.6436,-0.1698,A,relation-reasoning-agent-eval-v3.1
2026-08-11T06:30:00+09:00,CMP-S01-L04-01,S01,S01-L04,1,running,168.8404,533.0597,95.6782,42.2827,0.4684,A,relation-reasoning-agent-eval-v3.1
2026-08-11T06:30:00+09:00,CMP-S01-L05-01,S01,S01-L05,1,running,193.1393,440.1774,89.9335,43.3129,0.3278,A,relation-reasoning-agent-eval-v3.1
2026-08-11T06:40:00+09:00,CMP-S01-L01-01,S01,S01-L01,1,running,183.672,498.5721,104.4118,47.2199,1.3683,B,relation-reasoning-agent-eval-v3.1
2026-08-11T06:40:00+09:00,CMP-S01-L02-01,S01,S01-L02,1,running,183.894,436.548,106.9147,29.3062,-1.8096,B,relation-reasoning-agent-eval-v3.1
2026-08-11T06:40:00+09:00,CMP-S01-L03-01,S01,S01-L03,1,running,161.2703,492.4061,117.3073,45.1696,0.8535,A,relation-reasoning-agent-eval-v3.1
2026-08-11T06:40:00+09:00,CMP-S01-L04-01,S01,S01-L04,1,running,156.9692,542.4313,93.6637,47.4409,1.4237,B,relation-reasoning-agent-eval-v3.1
2026-08-11T06:40:00+09:00,CMP-S01-L05-01,S01,S01-L05,1,running,195.2315,407.3677,93.2013,39.5338,-0.372,A,relation-reasoning-agent-eval-v3.1
2026-08-11T06:50:00+09:00,CMP-S01-L01-01,S01,S01-L01,1,running,185.7008,533.115,106.6366,34.276,-1.0287,B,relation-reasoning-agent-eval-v3.1
2026-08-11T06:50:00+09:00,CMP-S01-L02-01,S01,S01-L02,1,running,189.1952,442.2993,105.4004,31.5964,-1.3855,B,relation-reasoning-agent-eval-v3.1
2026-08-11T06:50:00+09:00,CMP-S01-L03-01,S01,S01-L03,1,running,159.4781,514.3278,116.8283,45.1583,0.8514,A,relation-reasoning-agent-eval-v3.1
2026-08-11T06:50:00+09:00,CMP-S01-L04-01,S01,S01-L04,1,running,172.8712,541.4087,100.6604,40.0018,0.0461,A,relation-reasoning-agent-eval-v3.1
2026-08-11T06:50:00+09:00,CMP-S01-L05-01,S01,S01-L05,1,running,197.1201,442.0366,92.0894,36.9728,-0.8463,A,relation-reasoning-agent-eval-v3.1
2026-08-11T07:00:00+09:00,CMP-S01-L01-01,S01,S01-L01,1,running,185.4473,502.6572,104.7544,31.6297,-1.5188,B,relation-reasoning-agent-eval-v3.1
2026-08-11T07:00:00+09:00,CMP-S01-L02-01,S01,S01-L02,1,running,191.2071,405.8324,110.5526,28.5856,-1.9431,B,relation-reasoning-agent-eval-v3.1
2026-08-11T07:00:00+09:00,CMP-S01-L03-01,S01,S01-L03,1,running,173.6001,513.6698,111.5193,39.8845,-0.1252,A,relation-reasoning-agent-eval-v3.1
2026-08-11T07:00:00+09:00,CMP-S01-L04-01,S01,S01-L04,1,running,180.6358,550.102,105.549,43.6444,0.7206,A,relation-reasoning-agent-eval-v3.1
2026-08-11T07:00:00+09:00,CMP-S01-L05-01,S01,S01-L05,1,running,195.6016,396.7726,93.5744,29.259,-2.2747,C,relation-reasoning-agent-eval-v3.1
2026-08-11T07:10:00+09:00,CMP-S01-L01-01,S01,S01-L01,1,running,190.4099,500.8985,99.1947,35.8014,-0.7463,A,relation-reasoning-agent-eval-v3.1
2026-08-11T07:10:00+09:00,CMP-S01-L02-01,S01,S01-L02,1,running,209.3586,427.0034,108.2009,29.8327,-1.7121,B,relation-reasoning-agent-eval-v3.1
2026-08-11T07:10:00+09:00,CMP-S01-L03-01,S01,S01-L03,1,running,171.0807,501.3108,116.9527,27.3165,-2.4526,C,relation-reasoning-agent-eval-v3.1
2026-08-11T07:10:00+09:00,CMP-S01-L04-01,S01,S01-L04,1,running,195.5515,517.7488,100.3387,36.7504,-0.556,A,relation-reasoning-agent-eval-v3.1
2026-08-11T07:10:00+09:00,CMP-S01-L05-01,S01,S01-L05,1,running,199.6934,471.2338,91.3173,36.6823,-0.9001,A,relation-reasoning-agent-eval-v3.1
2026-08-11T07:20:00+09:00,CMP-S01-L01-01,S01,S01-L01,1,running,189.9595,473.2146,101.7025,33.1754,-1.2326,B,relation-reasoning-agent-eval-v3.1
2026-08-11T07:20:00+09:00,CMP-S01-L02-01,S01,S01-L02,1,running,204.914,451.2392,114.7782,30.8353,-1.5265,B,relation-reasoning-agent-eval-v3.1
2026-08-11T07:20:00+09:00,CMP-S01-L03-01,S01,S01-L03,1,running,186.2368,493.1166,109.516,29.7193,-2.0076,C,relation-reasoning-agent-eval-v3.1
2026-08-11T07:20:00+09:00,CMP-S01-L04-01,S01,S01-L04,1,running,186.8375,546.4909,100.245,52.9712,2.4478,C,relation-reasoning-agent-eval-v3.1
2026-08-11T07:20:00+09:00,CMP-S01-L05-01,S01,S01-L05,1,running,202.6302,460.9245,87.6543,41.2222,-0.0593,A,relation-reasoning-agent-eval-v3.1
2026-08-11T07:30:00+09:00,CMP-S01-L01-01,S01,S01-L01,1,running,193.1788,480.7933,101.4954,37.7717,-0.3814,A,relation-reasoning-agent-eval-v3.1
2026-08-11T07:30:00+09:00,CMP-S01-L02-01,S01,S01-L02,1,running,180.408,465.5563,112.5461,31.8951,-1.3302,B,relation-reasoning-agent-eval-v3.1
2026-08-11T07:30:00+09:00,CMP-S01-L03-01,S01,S01-L03,1,running,176.0272,519.9085,111.3207,30.2928,-1.9014,B,relation-reasoning-agent-eval-v3.1
2026-08-11T07:30:00+09:00,CMP-S01-L04-01,S01,S01-L04,1,running,176.5563,485.8506,95.7606,50.5201,1.9939,B,relation-reasoning-agent-eval-v3.1
2026-08-11T07:30:00+09:00,CMP-S01-L05-01,S01,S01-L05,1,running,187.6117,431.2826,92.0414,46.7656,0.9672,A,relation-reasoning-agent-eval-v3.1
2026-08-11T07:40:00+09:00,CMP-S01-L01-01,S01,S01-L01,1,running,188.272,482.89,95.8136,36.5609,-0.6056,A,relation-reasoning-agent-eval-v3.1
2026-08-11T07:40:00+09:00,CMP-S01-L02-01,S01,S01-L02,1,running,189.9478,473.678,106.6071,34.6361,-0.8226,A,relation-reasoning-agent-eval-v3.1
2026-08-11T07:40:00+09:00,CMP-S01-L03-01,S01,S01-L03,1,running,183.9517,501.2795,109.4943,34.7456,-1.0768,B,relation-reasoning-agent-eval-v3.1
2026-08-11T07:40:00+09:00,CMP-S01-L04-01,S01,S01-L04,1,running,166.697,489.9035,102.9715,44.4759,0.8746,A,relation-reasoning-agent-eval-v3.1
2026-08-11T07:40:00+09:00,CMP-S01-L05-01,S01,S01-L05,1,running,203.8402,488.0012,96.3464,44.3159,0.5136,A,relation-reasoning-agent-eval-v3.1
2026-08-11T07:50:00+09:00,CMP-S01-L01-01,S01,S01-L01,1,running,190.3636,483.3544,94.7834,36.6722,-0.585,A,relation-reasoning-agent-eval-v3.1
2026-08-11T07:50:00+09:00,CMP-S01-L02-01,S01,S01-L02,1,running,170.8233,462.5259,94.5357,41.9671,0.535,A,relation-reasoning-agent-eval-v3.1
2026-08-11T07:50:00+09:00,CMP-S01-L03-01,S01,S01-L03,1,running,194.6207,485.7722,112.9702,29.6579,-2.019,C,relation-reasoning-agent-eval-v3.1
2026-08-11T07:50:00+09:00,CMP-S01-L04-01,S01,S01-L04,1,running,184.7586,511.0963,104.0284,45.2294,1.0141,B,relation-reasoning-agent-eval-v3.1
2026-08-11T07:50:00+09:00,CMP-S01-L05-01,S01,S01-L05,1,running,202.1545,487.2478,96.3601,40.8548,-0.1274,A,relation-reasoning-agent-eval-v3.1
2026-08-11T08:00:00+09:00,CMP-S01-L01-01,S01,S01-L01,1,running,159.9032,457.9837,97.6863,31.2564,-1.5879,B,relation-reasoning-agent-eval-v3.1
2026-08-11T08:00:00+09:00,CMP-S01-L02-01,S01,S01-L02,1,running,164.6086,474.6968,100.0768,41.9824,0.5378,A,relation-reasoning-agent-eval-v3.1
2026-08-11T08:00:00+09:00,CMP-S01-L03-01,S01,S01-L03,1,running,176.6917,440.7837,104.7605,24.609,-2.954,C,relation-reasoning-agent-eval-v3.1
2026-08-11T08:00:00+09:00,CMP-S01-L04-01,S01,S01-L04,1,running,176.9744,433.7245,105.1465,47.4139,1.4187,B,relation-reasoning-agent-eval-v3.1
2026-08-11T08:00:00+09:00,CMP-S01-L05-01,S01,S01-L05,1,running,198.432,440.8898,97.1005,42.1224,0.1074,A,relation-reasoning-agent-eval-v3.1
2026-08-11T08:10:00+09:00,CMP-S01-L01-01,S01,S01-L01,1,running,160.2423,444.755,100.2951,36.4797,-0.6207,A,relation-reasoning-agent-eval-v3.1
2026-08-11T08:10:00+09:00,CMP-S01-L02-01,S01,S01-L02,1,running,152.9431,485.6506,102.097,42.5798,0.6484,A,relation-reasoning-agent-eval-v3.1
2026-08-11T08:10:00+09:00,CMP-S01-L03-01,S01,S01-L03,1,running,176.5381,443.4668,111.2753,23.4523,-3.1682,D,relation-reasoning-agent-eval-v3.1
2026-08-11T08:10:00+09:00,CMP-S01-L04-01,S01,S01-L04,1,running,166.6608,475.7951,104.2,47.5417,1.4423,B,relation-reasoning-agent-eval-v3.1
2026-08-11T08:10:00+09:00,CMP-S01-L05-01,S01,S01-L05,1,running,193.2021,445.8001,105.0389,46.8974,0.9916,A,relation-reasoning-agent-eval-v3.1
2026-08-11T08:20:00+09:00,CMP-S01-L01-01,S01,S01-L01,1,running,164.7525,473.4419,93.7163,32.332,-1.3887,B,relation-reasoning-agent-eval-v3.1
2026-08-11T08:20:00+09:00,CMP-S01-L02-01,S01,S01-L02,1,running,146.5321,514.8859,101.4068,42.4786,0.6297,A,relation-reasoning-agent-eval-v3.1
2026-08-11T08:20:00+09:00,CMP-S01-L03-01,S01,S01-L03,1,running,186.0779,435.8991,108.2169,23.6462,-3.1323,D,relation-reasoning-agent-eval-v3.1
2026-08-11T08:20:00+09:00,CMP-S01-L04-01,S01,S01-L04,1,running,166.7115,417.6936,103.2763,43.0077,0.6027,A,relation-reasoning-agent-eval-v3.1
2026-08-11T08:20:00+09:00,CMP-S01-L05-01,S01,S01-L05,1,running,210.9769,442.4189,111.0039,40.9577,-0.1083,A,relation-reasoning-agent-eval-v3.1
2026-08-11T08:30:00+09:00,CMP-S01-L01-01,S01,S01-L01,1,running,175.5416,447.5628,90.936,34.3551,-1.0141,B,relation-reasoning-agent-eval-v3.1
2026-08-11T08:30:00+09:00,CMP-S01-L02-01,S01,S01-L02,1,running,163.0572,458.798,116.2481,40.6878,0.2981,A,relation-reasoning-agent-eval-v3.1
2026-08-11T08:30:00+09:00,CMP-S01-L03-01,S01,S01-L03,1,running,174.4509,429.0053,106.6323,33.1519,-1.372,B,relation-reasoning-agent-eval-v3.1
2026-08-11T08:30:00+09:00,CMP-S01-L04-01,S01,S01-L04,1,running,170.3178,441.964,108.1207,44.4121,0.8628,A,relation-reasoning-agent-eval-v3.1
2026-08-11T08:30:00+09:00,CMP-S01-L05-01,S01,S01-L05,1,running,192.0776,435.6095,104.914,45.5554,0.7431,A,relation-reasoning-agent-eval-v3.1
2026-08-11T08:40:00+09:00,CMP-S01-L01-01,S01,S01-L01,1,running,172.3599,475.9826,90.0216,33.9439,-1.0902,B,relation-reasoning-agent-eval-v3.1
2026-08-11T08:40:00+09:00,CMP-S01-L02-01,S01,S01-L02,1,running,182.424,435.5758,110.5702,47.7258,1.6014,B,relation-reasoning-agent-eval-v3.1
2026-08-11T08:40:00+09:00,CMP-S01-L03-01,S01,S01-L03,1,running,168.0336,457.9142,106.1009,35.0078,-1.0283,B,relation-reasoning-agent-eval-v3.1
2026-08-11T08:40:00+09:00,CMP-S01-L04-01,S01,S01-L04,1,running,176.4121,389.8941,104.378,49.555,1.8152,B,relation-reasoning-agent-eval-v3.1
2026-08-11T08:40:00+09:00,CMP-S01-L05-01,S01,S01-L05,1,running,180.1992,423.3058,95.3449,46.8494,0.9827,A,relation-reasoning-agent-eval-v3.1
2026-08-11T08:50:00+09:00,CMP-S01-L01-01,S01,S01-L01,1,running,177.4926,483.4928,92.265,36.6361,-0.5917,A,relation-reasoning-agent-eval-v3.1
2026-08-11T08:50:00+09:00,CMP-S01-L02-01,S01,S01-L02,1,running,187.439,406.6826,112.4643,42.9375,0.7147,A,relation-reasoning-agent-eval-v3.1
2026-08-11T08:50:00+09:00,CMP-S01-L03-01,S01,S01-L03,1,running,165.9491,474.0269,113.3042,45.1209,0.8445,A,relation-reasoning-agent-eval-v3.1
2026-08-11T08:50:00+09:00,CMP-S01-L04-01,S01,S01-L04,1,running,181.5239,376.5862,102.8761,46.1305,1.181,B,relation-reasoning-agent-eval-v3.1
2026-08-11T08:50:00+09:00,CMP-S01-L05-01,S01,S01-L05,1,running,182.0634,473.5368,95.1567,42.7231,0.2186,A,relation-reasoning-agent-eval-v3.1
2026-08-11T09:00:00+09:00,CMP-S01-L01-01,S01,S01-L01,1,running,202.8037,466.4801,90.4983,33.3151,-1.2067,B,relation-reasoning-agent-eval-v3.1
2026-08-11T09:00:00+09:00,CMP-S01-L02-01,S01,S01-L02,1,running,203.3681,441.3372,114.9085,38.9224,-0.0289,A,relation-reasoning-agent-eval-v3.1
2026-08-11T09:00:00+09:00,CMP-S01-L03-01,S01,S01-L03,1,running,158.3324,470.9275,112.8575,43.0415,0.4594,A,relation-reasoning-agent-eval-v3.1
2026-08-11T09:00:00+09:00,CMP-S01-L04-01,S01,S01-L04,1,running,169.7084,371.0243,108.2379,42.2356,0.4597,A,relation-reasoning-agent-eval-v3.1
2026-08-11T09:00:00+09:00,CMP-S01-L05-01,S01,S01-L05,1,running,175.0072,526.0161,92.3162,45.0838,0.6558,A,relation-reasoning-agent-eval-v3.1
2026-08-11T09:10:00+09:00,CMP-S01-L01-01,S01,S01-L01,1,running,196.9701,460.0331,92.8865,32.7801,-1.3058,B,relation-reasoning-agent-eval-v3.1
2026-08-11T09:10:00+09:00,CMP-S01-L02-01,S01,S01-L02,1,running,180.6295,435.5931,106.271,41.1833,0.3898,A,relation-reasoning-agent-eval-v3.1
2026-08-11T09:10:00+09:00,CMP-S01-L03-01,S01,S01-L03,1,running,143.331,435.6549,112.6142,41.5013,0.1742,A,relation-reasoning-agent-eval-v3.1
2026-08-11T09:10:00+09:00,CMP-S01-L04-01,S01,S01-L04,1,running,177.4785,362.006,102.3769,40.0996,0.0642,A,relation-reasoning-agent-eval-v3.1
2026-08-11T09:10:00+09:00,CMP-S01-L05-01,S01,S01-L05,1,running,160.8014,509.4535,88.9678,44.3775,0.525,A,relation-reasoning-agent-eval-v3.1
2026-08-11T09:20:00+09:00,CMP-S01-L01-01,S01,S01-L01,1,running,188.7316,503.6241,96.6804,39.3831,-0.083,A,relation-reasoning-agent-eval-v3.1
2026-08-11T09:20:00+09:00,CMP-S01-L02-01,S01,S01-L02,1,running,179.104,466.2541,103.795,44.8988,1.0779,B,relation-reasoning-agent-eval-v3.1
2026-08-11T09:20:00+09:00,CMP-S01-L03-01,S01,S01-L03,1,running,134.761,478.4449,117.8615,36.7566,-0.7044,A,relation-reasoning-agent-eval-v3.1
2026-08-11T09:20:00+09:00,CMP-S01-L04-01,S01,S01-L04,1,running,160.3743,410.7503,107.4316,35.8516,-0.7225,A,relation-reasoning-agent-eval-v3.1
2026-08-11T09:20:00+09:00,CMP-S01-L05-01,S01,S01-L05,1,running,183.9287,477.7804,89.9767,41.2463,-0.0549,A,relation-reasoning-agent-eval-v3.1
2026-08-11T09:30:00+09:00,CMP-S01-L01-01,S01,S01-L01,1,running,184.3461,522.9283,95.9469,39.4473,-0.0711,A,relation-reasoning-agent-eval-v3.1
2026-08-11T09:30:00+09:00,CMP-S01-L02-01,S01,S01-L02,1,running,187.3456,452.7646,103.2233,47.3269,1.5275,B,relation-reasoning-agent-eval-v3.1
2026-08-11T09:30:00+09:00,CMP-S01-L03-01,S01,S01-L03,1,running,127.9944,485.3714,113.1593,39.8588,-0.1299,A,relation-reasoning-agent-eval-v3.1
2026-08-11T09:30:00+09:00,CMP-S01-L04-01,S01,S01-L04,1,running,145.4961,465.4943,104.8193,41.1402,0.2569,A,relation-reasoning-agent-eval-v3.1
2026-08-11T09:30:00+09:00,CMP-S01-L05-01,S01,S01-L05,1,running,190.0385,479.3347,93.2702,41.5532,0.002,A,relation-reasoning-agent-eval-v3.1
2026-08-11T09:40:00+09:00,CMP-S01-L01-01,S01,S01-L01,1,running,164.6632,526.252,101.0403,37.7756,-0.3807,A,relation-reasoning-agent-eval-v3.1
2026-08-11T09:40:00+09:00,CMP-S01-L02-01,S01,S01-L02,1,running,169.1739,404.4429,101.6363,41.7749,0.4994,A,relation-reasoning-agent-eval-v3.1
2026-08-11T09:40:00+09:00,CMP-S01-L03-01,S01,S01-L03,1,running,150.7963,484.7416,105.4831,35.4901,-0.939,A,relation-reasoning-agent-eval-v3.1
2026-08-11T09:40:00+09:00,CMP-S01-L04-01,S01,S01-L04,1,running,164.5982,480.8089,112.7336,42.236,0.4598,A,relation-reasoning-agent-eval-v3.1
2026-08-11T09:40:00+09:00,CMP-S01-L05-01,S01,S01-L05,1,running,192.7094,479.7175,94.7709,37.622,-0.726,A,relation-reasoning-agent-eval-v3.1
2026-08-11T09:50:00+09:00,CMP-S01-L01-01,S01,S01-L01,1,running,152.4651,487.7562,105.5436,37.5811,-0.4167,A,relation-reasoning-agent-eval-v3.1
2026-08-11T09:50:00+09:00,CMP-S01-L02-01,S01,S01-L02,1,running,181.3806,384.2446,105.6262,38.6652,-0.0765,A,relation-reasoning-agent-eval-v3.1
2026-08-11T09:50:00+09:00,CMP-S01-L03-01,S01,S01-L03,1,running,151.1291,526.1891,107.7585,37.6801,-0.5334,A,relation-reasoning-agent-eval-v3.1
2026-08-11T09:50:00+09:00,CMP-S01-L04-01,S01,S01-L04,1,running,173.1186,498.0045,111.3063,42.9147,0.5855,A,relation-reasoning-agent-eval-v3.1
2026-08-11T09:50:00+09:00,CMP-S01-L05-01,S01,S01-L05,1,running,186.1369,437.9547,100.0532,39.457,-0.3862,A,relation-reasoning-agent-eval-v3.1
2026-08-11T10:00:00+09:00,CMP-S01-L01-01,S01,S01-L01,1,running,148.1864,495.0051,102.67,38.2003,-0.302,A,relation-reasoning-agent-eval-v3.1
2026-08-11T10:00:00+09:00,CMP-S01-L02-01,S01,S01-L02,1,running,175.0845,378.6788,101.7861,43.3903,0.7985,A,relation-reasoning-agent-eval-v3.1
2026-08-11T10:00:00+09:00,CMP-S01-L03-01,S01,S01-L03,1,running,154.4477,523.7581,104.512,42.2729,0.3171,A,relation-reasoning-agent-eval-v3.1
2026-08-11T10:00:00+09:00,CMP-S01-L04-01,S01,S01-L04,1,running,156.1147,490.8339,106.805,37.989,-0.3267,A,relation-reasoning-agent-eval-v3.1
2026-08-11T10:00:00+09:00,CMP-S01-L05-01,S01,S01-L05,1,running,194.0478,405.7801,96.6147,39.5667,-0.3659,A,relation-reasoning-agent-eval-v3.1
2026-08-11T10:10:00+09:00,CMP-S01-L01-01,S01,S01-L01,1,running,145.5436,481.1093,99.5733,36.1263,-0.6861,A,relation-reasoning-agent-eval-v3.1
2026-08-11T10:10:00+09:00,CMP-S01-L02-01,S01,S01-L02,1,running,164.8714,329.6376,108.6694,41.4798,0.4447,A,relation-reasoning-agent-eval-v3.1
2026-08-11T10:10:00+09:00,CMP-S01-L03-01,S01,S01-L03,1,running,156.8569,498.816,106.3767,34.6431,-1.0958,B,relation-reasoning-agent-eval-v3.1
2026-08-11T10:10:00+09:00,CMP-S01-L04-01,S01,S01-L04,1,running,173.5568,448.7476,111.993,37.4682,-0.4231,A,relation-reasoning-agent-eval-v3.1
2026-08-11T10:10:00+09:00,CMP-S01-L05-01,S01,S01-L05,1,running,195.1997,359.751,96.3079,47.8752,1.1727,B,relation-reasoning-agent-eval-v3.1
2026-08-11T10:20:00+09:00,CMP-S01-L01-01,S01,S01-L01,1,running,164.2075,476.3821,98.5114,37.8477,-0.3673,A,relation-reasoning-agent-eval-v3.1
2026-08-11T10:20:00+09:00,CMP-S01-L02-01,S01,S01-L02,1,running,163.6802,344.5468,105.5916,43.952,0.9025,A,relation-reasoning-agent-eval-v3.1
2026-08-11T10:20:00+09:00,CMP-S01-L03-01,S01,S01-L03,1,running,136.8691,431.3304,100.7104,44.3496,0.7017,A,relation-reasoning-agent-eval-v3.1
2026-08-11T10:20:00+09:00,CMP-S01-L04-01,S01,S01-L04,1,running,170.6716,492.8753,113.762,41.6665,0.3543,A,relation-reasoning-agent-eval-v3.1
2026-08-11T10:20:00+09:00,CMP-S01-L05-01,S01,S01-L05,1,running,179.1521,354.5968,88.6965,44.559,0.5586,A,relation-reasoning-agent-eval-v3.1
2026-08-11T10:30:00+09:00,CMP-S01-L01-01,S01,S01-L01,1,running,154.6149,457.4563,107.0413,34.6625,-0.9572,A,relation-reasoning-agent-eval-v3.1
2026-08-11T10:30:00+09:00,CMP-S01-L02-01,S01,S01-L02,1,running,173.2338,344.522,97.6923,40.6633,0.2935,A,relation-reasoning-agent-eval-v3.1
2026-08-11T10:30:00+09:00,CMP-S01-L03-01,S01,S01-L03,1,running,131.7512,412.9538,96.9981,38.5705,-0.3685,A,relation-reasoning-agent-eval-v3.1
2026-08-11T10:30:00+09:00,CMP-S01-L04-01,S01,S01-L04,1,running,172.634,510.2736,111.8234,43.2293,0.6438,A,relation-reasoning-agent-eval-v3.1
2026-08-11T10:30:00+09:00,CMP-S01-L05-01,S01,S01-L05,1,running,177.6835,392.4917,91.9228,43.1789,0.303,A,relation-reasoning-agent-eval-v3.1
2026-08-11T10:40:00+09:00,CMP-S01-L01-01,S01,S01-L01,1,running,171.5634,487.1509,107.829,36.3969,-0.636,A,relation-reasoning-agent-eval-v3.1
2026-08-11T10:40:00+09:00,CMP-S01-L02-01,S01,S01-L02,1,running,180.5537,356.4809,94.3639,42.3888,0.6131,A,relation-reasoning-agent-eval-v3.1
2026-08-11T10:40:00+09:00,CMP-S01-L03-01,S01,S01-L03,1,running,147.5495,476.177,101.0049,35.6515,-0.9091,A,relation-reasoning-agent-eval-v3.1
2026-08-11T10:40:00+09:00,CMP-S01-L04-01,S01,S01-L04,1,running,174.4605,537.5237,111.2612,35.4193,-0.8025,A,relation-reasoning-agent-eval-v3.1
2026-08-11T10:40:00+09:00,CMP-S01-L05-01,S01,S01-L05,1,running,164.1957,386.0472,86.8129,44.7605,0.5959,A,relation-reasoning-agent-eval-v3.1
2026-08-11T10:50:00+09:00,CMP-S01-L01-01,S01,S01-L01,1,running,168.8949,515.0283,107.4543,37.8712,-0.363,A,relation-reasoning-agent-eval-v3.1
2026-08-11T10:50:00+09:00,CMP-S01-L02-01,S01,S01-L02,1,running,170.813,370.9337,97.9592,39.5052,0.0791,A,relation-reasoning-agent-eval-v3.1
2026-08-11T10:50:00+09:00,CMP-S01-L03-01,S01,S01-L03,1,running,171.186,453.0286,101.7533,34.9926,-1.0311,B,relation-reasoning-agent-eval-v3.1
2026-08-11T10:50:00+09:00,CMP-S01-L04-01,S01,S01-L04,1,running,184.4679,568.4726,114.5643,40.6587,0.1677,A,relation-reasoning-agent-eval-v3.1
2026-08-11T10:50:00+09:00,CMP-S01-L05-01,S01,S01-L05,1,running,165.3113,388.1514,85.0436,43.4291,0.3493,A,relation-reasoning-agent-eval-v3.1
2026-08-11T11:00:00+09:00,CMP-S01-L01-01,S01,S01-L01,1,running,153.9641,461.9181,97.4293,38.7915,-0.1925,A,relation-reasoning-agent-eval-v3.1
2026-08-11T11:00:00+09:00,CMP-S01-L02-01,S01,S01-L02,1,running,161.0214,381.9892,101.0222,38.372,-0.1308,A,relation-reasoning-agent-eval-v3.1
2026-08-11T11:00:00+09:00,CMP-S01-L03-01,S01,S01-L03,1,running,184.2911,448.0203,103.8227,38.0835,-0.4587,A,relation-reasoning-agent-eval-v3.1
2026-08-11T11:00:00+09:00,CMP-S01-L04-01,S01,S01-L04,1,running,175.5617,547.6157,110.6754,43.2007,0.6384,A,relation-reasoning-agent-eval-v3.1
2026-08-11T11:00:00+09:00,CMP-S01-L05-01,S01,S01-L05,1,running,170.2129,421.9686,91.2872,36.6545,-0.9052,A,relation-reasoning-agent-eval-v3.1
2026-08-11T11:10:00+09:00,CMP-S01-L01-01,S01,S01-L01,1,running,159.8566,461.9242,95.7511,34.0734,-1.0663,B,relation-reasoning-agent-eval-v3.1
2026-08-11T11:10:00+09:00,CMP-S01-L02-01,S01,S01-L02,1,running,186.5336,414.5291,105.705,37.0296,-0.3794,A,relation-reasoning-agent-eval-v3.1
2026-08-11T11:10:00+09:00,CMP-S01-L03-01,S01,S01-L03,1,running,179.2383,461.4229,110.4765,37.9426,-0.4848,A,relation-reasoning-agent-eval-v3.1
2026-08-11T11:10:00+09:00,CMP-S01-L04-01,S01,S01-L04,1,running,182.6115,536.5441,109.5933,43.6335,0.7186,A,relation-reasoning-agent-eval-v3.1
2026-08-11T11:10:00+09:00,CMP-S01-L05-01,S01,S01-L05,1,running,179.6475,436.8966,88.5418,42.9423,0.2592,A,relation-reasoning-agent-eval-v3.1
2026-08-11T11:20:00+09:00,CMP-S01-L01-01,S01,S01-L01,1,running,162.8154,431.1349,98.0062,35.3686,-0.8264,A,relation-reasoning-agent-eval-v3.1
2026-08-11T11:20:00+09:00,CMP-S01-L02-01,S01,S01-L02,1,running,188.4208,471.2354,101.3727,34.4928,-0.8492,A,relation-reasoning-agent-eval-v3.1
2026-08-11T11:20:00+09:00,CMP-S01-L03-01,S01,S01-L03,1,running,175.0639,488.6527,105.725,39.0523,-0.2793,A,relation-reasoning-agent-eval-v3.1
2026-08-11T11:20:00+09:00,CMP-S01-L04-01,S01,S01-L04,1,running,166.4687,539.7258,106.9646,45.9537,1.1483,B,relation-reasoning-agent-eval-v3.1
2026-08-11T11:20:00+09:00,CMP-S01-L05-01,S01,S01-L05,1,running,176.9887,447.5686,93.0234,35.5173,-1.1158,B,relation-reasoning-agent-eval-v3.1
2026-08-11T11:30:00+09:00,CMP-S01-L01-01,S01,S01-L01,1,running,163.2651,429.6424,105.9501,35.243,-0.8497,A,relation-reasoning-agent-eval-v3.1
2026-08-11T11:30:00+09:00,CMP-S01-L02-01,S01,S01-L02,1,running,179.7736,466.8923,98.5722,37.7318,-0.2494,A,relation-reasoning-agent-eval-v3.1
2026-08-11T11:30:00+09:00,CMP-S01-L03-01,S01,S01-L03,1,running,178.7223,437.7393,100.7281,38.6486,-0.3541,A,relation-reasoning-agent-eval-v3.1
2026-08-11T11:30:00+09:00,CMP-S01-L04-01,S01,S01-L04,1,running,179.3337,487.2683,111.3479,35.6934,-0.7518,A,relation-reasoning-agent-eval-v3.1
2026-08-11T11:30:00+09:00,CMP-S01-L05-01,S01,S01-L05,1,running,195.2999,463.4322,92.2655,35.7101,-1.0801,B,relation-reasoning-agent-eval-v3.1
2026-08-11T11:40:00+09:00,CMP-S01-L01-01,S01,S01-L01,1,running,160.337,429.9633,104.9,41.1898,0.2516,A,relation-reasoning-agent-eval-v3.1
2026-08-11T11:40:00+09:00,CMP-S01-L02-01,S01,S01-L02,1,running,166.3549,483.2289,96.2187,42.2349,0.5846,A,relation-reasoning-agent-eval-v3.1
2026-08-11T11:40:00+09:00,CMP-S01-L03-01,S01,S01-L03,1,running,160.8891,434.8028,107.0146,40.824,0.0488,A,relation-reasoning-agent-eval-v3.1
2026-08-11T11:40:00+09:00,CMP-S01-L04-01,S01,S01-L04,1,running,167.4062,439.956,110.3574,44.1197,0.8086,A,relation-reasoning-agent-eval-v3.1
2026-08-11T11:40:00+09:00,CMP-S01-L05-01,S01,S01-L05,1,running,198.7048,430.8559,99.1751,45.3461,0.7044,A,relation-reasoning-agent-eval-v3.1
2026-08-11T11:50:00+09:00,CMP-S01-L01-01,S01,S01-L01,1,running,167.4064,453.9228,110.6964,36.938,-0.5358,A,relation-reasoning-agent-eval-v3.1
2026-08-11T11:50:00+09:00,CMP-S01-L02-01,S01,S01-L02,1,running,164.3999,473.8161,100.0645,44.9856,1.0939,B,relation-reasoning-agent-eval-v3.1
2026-08-11T11:50:00+09:00,CMP-S01-L03-01,S01,S01-L03,1,running,164.0715,461.1787,101.5209,34.1754,-1.1824,B,relation-reasoning-agent-eval-v3.1
2026-08-11T11:50:00+09:00,CMP-S01-L04-01,S01,S01-L04,1,running,164.1896,421.7604,112.4806,47.8341,1.4965,B,relation-reasoning-agent-eval-v3.1
2026-08-11T11:50:00+09:00,CMP-S01-L05-01,S01,S01-L05,1,running,188.4206,438.9451,94.7845,40.2678,-0.2361,A,relation-reasoning-agent-eval-v3.1
2026-08-11T12:00:00+09:00,CMP-S01-L01-01,S01,S01-L01,1,running,153.9167,375.8918,104.6165,37.0749,-0.5104,A,relation-reasoning-agent-eval-v3.1
2026-08-11T12:00:00+09:00,CMP-S01-L02-01,S01,S01-L02,1,running,182.3983,480.3459,97.0375,39.2063,0.0237,A,relation-reasoning-agent-eval-v3.1
2026-08-11T12:00:00+09:00,CMP-S01-L03-01,S01,S01-L03,1,running,177.0072,434.129,100.8359,37.7897,-0.5131,A,relation-reasoning-agent-eval-v3.1
2026-08-11T12:00:00+09:00,CMP-S01-L04-01,S01,S01-L04,1,running,155.6339,441.9646,109.851,38.1641,-0.2942,A,relation-reasoning-agent-eval-v3.1
2026-08-11T12:00:00+09:00,CMP-S01-L05-01,S01,S01-L05,1,running,176.5695,450.6949,97.0303,38.8956,-0.4902,A,relation-reasoning-agent-eval-v3.1
2026-08-11T12:10:00+09:00,CMP-S01-L01-01,S01,S01-L01,1,running,158.1685,457.6474,103.0322,39.1485,-0.1264,A,relation-reasoning-agent-eval-v3.1
2026-08-11T12:10:00+09:00,CMP-S01-L02-01,S01,S01-L02,1,running,177.5075,478.269,100.5282,39.711,0.1172,A,relation-reasoning-agent-eval-v3.1
2026-08-11T12:10:00+09:00,CMP-S01-L03-01,S01,S01-L03,1,running,174.4935,471.3948,110.5433,41.338,0.144,A,relation-reasoning-agent-eval-v3.1
2026-08-11T12:10:00+09:00,CMP-S01-L04-01,S01,S01-L04,1,running,140.9807,427.9716,107.0243,38.4114,-0.2485,A,relation-reasoning-agent-eval-v3.1
2026-08-11T12:10:00+09:00,CMP-S01-L05-01,S01,S01-L05,1,running,176.0185,465.4517,96.1277,41.4081,-0.0249,A,relation-reasoning-agent-eval-v3.1
2026-08-11T12:20:00+09:00,CMP-S01-L01-01,S01,S01-L01,1,running,156.9905,441.6015,94.9104,39.6253,-0.0381,A,relation-reasoning-agent-eval-v3.1
2026-08-11T12:20:00+09:00,CMP-S01-L02-01,S01,S01-L02,1,running,178.8577,438.415,95.2071,34.8709,-0.7791,A,relation-reasoning-agent-eval-v3.1
2026-08-11T12:20:00+09:00,CMP-S01-L03-01,S01,S01-L03,1,running,178.1666,451.633,113.6752,50.5603,1.8518,B,relation-reasoning-agent-eval-v3.1
2026-08-11T12:20:00+09:00,CMP-S01-L04-01,S01,S01-L04,1,running,152.6045,498.7535,104.7986,37.2953,-0.4551,A,relation-reasoning-agent-eval-v3.1
2026-08-11T12:20:00+09:00,CMP-S01-L05-01,S01,S01-L05,1,running,178.8305,456.9652,93.2485,41.4242,-0.0219,A,relation-reasoning-agent-eval-v3.1
2026-08-11T12:30:00+09:00,CMP-S01-L01-01,S01,S01-L01,1,running,159.2113,454.8485,92.9076,35.2313,-0.8518,A,relation-reasoning-agent-eval-v3.1
2026-08-11T12:30:00+09:00,CMP-S01-L02-01,S01,S01-L02,1,running,167.8768,393.9011,97.0264,40.3648,0.2382,A,relation-reasoning-agent-eval-v3.1
2026-08-11T12:30:00+09:00,CMP-S01-L03-01,S01,S01-L03,1,running,184.0356,460.4279,117.2036,43.733,0.5875,A,relation-reasoning-agent-eval-v3.1
2026-08-11T12:30:00+09:00,CMP-S01-L04-01,S01,S01-L04,1,running,162.478,489.784,100.0672,41.2404,0.2754,A,relation-reasoning-agent-eval-v3.1
2026-08-11T12:30:00+09:00,CMP-S01-L05-01,S01,S01-L05,1,running,191.9444,458.2062,92.6978,38.9674,-0.4769,A,relation-reasoning-agent-eval-v3.1
2026-08-11T12:40:00+09:00,CMP-S01-L01-01,S01,S01-L01,1,running,163.2592,419.3271,90.1057,40.9796,0.2127,A,relation-reasoning-agent-eval-v3.1
2026-08-11T12:40:00+09:00,CMP-S01-L02-01,S01,S01-L02,1,running,177.6408,373.2965,106.4631,42.4224,0.6193,A,relation-reasoning-agent-eval-v3.1
2026-08-11T12:40:00+09:00,CMP-S01-L03-01,S01,S01-L03,1,running,176.6429,467.2799,113.7023,39.5754,-0.1824,A,relation-reasoning-agent-eval-v3.1
2026-08-11T12:40:00+09:00,CMP-S01-L04-01,S01,S01-L04,1,running,171.3906,443.215,99.6452,39.3793,-0.0692,A,relation-reasoning-agent-eval-v3.1
2026-08-11T12:40:00+09:00,CMP-S01-L05-01,S01,S01-L05,1,running,215.0012,473.2391,90.0633,39.7889,-0.3248,A,relation-reasoning-agent-eval-v3.1
2026-08-11T12:50:00+09:00,CMP-S01-L01-01,S01,S01-L01,1,running,158.4622,447.6566,92.1488,44.509,0.8662,A,relation-reasoning-agent-eval-v3.1
2026-08-11T12:50:00+09:00,CMP-S01-L02-01,S01,S01-L02,1,running,184.3993,394.1792,112.2754,36.9742,-0.3897,A,relation-reasoning-agent-eval-v3.1
2026-08-11T12:50:00+09:00,CMP-S01-L03-01,S01,S01-L03,1,running,180.8916,448.5406,112.3962,42.7312,0.402,A,relation-reasoning-agent-eval-v3.1
2026-08-11T12:50:00+09:00,CMP-S01-L04-01,S01,S01-L04,1,running,153.0543,466.6292,91.8113,38.8485,-0.1675,A,relation-reasoning-agent-eval-v3.1
2026-08-11T12:50:00+09:00,CMP-S01-L05-01,S01,S01-L05,1,running,195.3157,382.7638,94.5851,42.1337,0.1095,A,relation-reasoning-agent-eval-v3.1
2026-08-11T13:00:00+09:00,CMP-S01-L01-01,S01,S01-L01,1,running,161.141,472.1697,93.431,45.2414,1.0019,B,relation-reasoning-agent-eval-v3.1
2026-08-11T13:00:00+09:00,CMP-S01-L02-01,S01,S01-L02,1,running,198.2314,434.6429,113.353,37.8603,-0.2256,A,relation-reasoning-agent-eval-v3.1
2026-08-11T13:00:00+09:00,CMP-S01-L03-01,S01,S01-L03,1,running,185.6951,489.9561,107.0357,42.0263,0.2715,A,relation-reasoning-agent-eval-v3.1
2026-08-11T13:00:00+09:00,CMP-S01-L04-01,S01,S01-L04,1,running,151.7717,465.4186,95.3218,37.2162,-0.4698,A,relation-reasoning-agent-eval-v3.1
2026-08-11T13:00:00+09:00,CMP-S01-L05-01,S01,S01-L05,1,running,174.3775,352.4181,100.799,35.9311,-1.0392,B,relation-reasoning-agent-eval-v3.1
2026-08-11T13:10:00+09:00,CMP-S01-L01-01,S01,S01-L01,1,running,168.6368,455.2525,91.918,43.2887,0.6403,A,relation-reasoning-agent-eval-v3.1
2026-08-11T13:10:00+09:00,CMP-S01-L02-01,S01,S01-L02,1,running,199.0435,462.5852,112.1922,33.7337,-0.9897,A,relation-reasoning-agent-eval-v3.1
2026-08-11T13:10:00+09:00,CMP-S01-L03-01,S01,S01-L03,1,running,180.0538,466.2702,104.4536,39.2302,-0.2464,A,relation-reasoning-agent-eval-v3.1
2026-08-11T13:10:00+09:00,CMP-S01-L04-01,S01,S01-L04,1,running,154.9169,461.827,97.2464,36.7345,-0.559,A,relation-reasoning-agent-eval-v3.1
2026-08-11T13:10:00+09:00,CMP-S01-L05-01,S01,S01-L05,1,running,169.2171,375.4631,102.7751,39.8072,-0.3214,A,relation-reasoning-agent-eval-v3.1
2026-08-11T13:20:00+09:00,CMP-S01-L01-01,S01,S01-L01,1,running,181.1301,428.3833,90.4764,42.419,0.4792,A,relation-reasoning-agent-eval-v3.1
2026-08-11T13:20:00+09:00,CMP-S01-L02-01,S01,S01-L02,1,running,191.0963,457.361,107.8426,32.0879,-1.2945,B,relation-reasoning-agent-eval-v3.1
2026-08-11T13:20:00+09:00,CMP-S01-L03-01,S01,S01-L03,1,running,185.7048,454.5301,110.1078,35.565,-0.9251,A,relation-reasoning-agent-eval-v3.1
2026-08-11T13:20:00+09:00,CMP-S01-L04-01,S01,S01-L04,1,running,156.1256,478.1696,97.0848,33.2356,-1.2069,B,relation-reasoning-agent-eval-v3.1
2026-08-11T13:20:00+09:00,CMP-S01-L05-01,S01,S01-L05,1,running,177.5877,420.6209,98.5525,36.2522,-0.9797,A,relation-reasoning-agent-eval-v3.1
2026-08-11T13:30:00+09:00,CMP-S01-L01-01,S01,S01-L01,1,running,170.1908,446.8512,89.0179,48.9206,1.6832,B,relation-reasoning-agent-eval-v3.1
2026-08-11T13:30:00+09:00,CMP-S01-L02-01,S01,S01-L02,1,running,179.4943,452.0278,104.8643,35.2169,-0.7151,A,relation-reasoning-agent-eval-v3.1
2026-08-11T13:30:00+09:00,CMP-S01-L03-01,S01,S01-L03,1,running,184.4342,486.8794,105.652,36.4648,-0.7585,A,relation-reasoning-agent-eval-v3.1
2026-08-11T13:30:00+09:00,CMP-S01-L04-01,S01,S01-L04,1,running,163.7994,473.8798,89.7806,32.2948,-1.3812,B,relation-reasoning-agent-eval-v3.1
2026-08-11T13:30:00+09:00,CMP-S01-L05-01,S01,S01-L05,1,running,166.5003,435.9866,99.7376,32.6585,-1.6452,B,relation-reasoning-agent-eval-v3.1
2026-08-11T13:40:00+09:00,CMP-S01-L01-01,S01,S01-L01,1,running,168.1829,466.6121,90.8245,49.4445,1.7802,B,relation-reasoning-agent-eval-v3.1
2026-08-11T13:40:00+09:00,CMP-S01-L02-01,S01,S01-L02,1,running,166.5688,490.1025,101.6486,30.8532,-1.5232,B,relation-reasoning-agent-eval-v3.1
2026-08-11T13:40:00+09:00,CMP-S01-L03-01,S01,S01-L03,1,running,172.7761,507.7393,109.5184,33.5409,-1.2999,B,relation-reasoning-agent-eval-v3.1
2026-08-11T13:40:00+09:00,CMP-S01-L04-01,S01,S01-L04,1,running,164.809,468.5858,92.4443,37.0112,-0.5078,A,relation-reasoning-agent-eval-v3.1
2026-08-11T13:40:00+09:00,CMP-S01-L05-01,S01,S01-L05,1,running,167.8375,406.558,103.0797,29.5506,-2.2207,C,relation-reasoning-agent-eval-v3.1
2026-08-11T13:50:00+09:00,CMP-S01-L01-01,S01,S01-L01,1,running,173.3877,485.2934,89.5274,46.3465,1.2065,B,relation-reasoning-agent-eval-v3.1
2026-08-11T13:50:00+09:00,CMP-S01-L02-01,S01,S01-L02,1,running,192.7991,431.4392,101.6456,30.7895,-1.535,B,relation-reasoning-agent-eval-v3.1
2026-08-11T13:50:00+09:00,CMP-S01-L03-01,S01,S01-L03,1,running,155.3625,512.6906,107.4246,39.723,-0.1551,A,relation-reasoning-agent-eval-v3.1
2026-08-11T13:50:00+09:00,CMP-S01-L04-01,S01,S01-L04,1,running,168.5571,423.6693,97.4944,38.6094,-0.2118,A,relation-reasoning-agent-eval-v3.1
2026-08-11T13:50:00+09:00,CMP-S01-L05-01,S01,S01-L05,1,running,177.4462,415.2512,96.373,30.5628,-2.0333,C,relation-reasoning-agent-eval-v3.1
2026-08-11T14:00:00+09:00,CMP-S01-L01-01,S01,S01-L01,1,running,163.6206,482.8297,87.7975,45.0829,0.9725,A,relation-reasoning-agent-eval-v3.1
2026-08-11T14:00:00+09:00,CMP-S01-L02-01,S01,S01-L02,1,running,190.6714,387.3814,100.087,34.1093,-0.9202,A,relation-reasoning-agent-eval-v3.1
2026-08-11T14:00:00+09:00,CMP-S01-L03-01,S01,S01-L03,1,running,152.772,485.2542,106.7481,39.8863,-0.1248,A,relation-reasoning-agent-eval-v3.1
2026-08-11T14:00:00+09:00,CMP-S01-L04-01,S01,S01-L04,1,running,154.7807,435.3827,103.4372,34.0589,-1.0545,B,relation-reasoning-agent-eval-v3.1
2026-08-11T14:00:00+09:00,CMP-S01-L05-01,S01,S01-L05,1,running,179.1149,448.7164,96.1011,31.1286,-1.9285,B,relation-reasoning-agent-eval-v3.1
