observed_at,asset_id,site_id,cell_id,is_operating,operating_state,voltage_raw,rotation_raw,pressure_raw,vibration_raw,relative_vibration_z,relative_vibration_zone,generator_version
2026-09-03T08:00:00+09:00,CMP-S02-L01-01,S02,S02-L01,1,running,161.1829,415.623,105.4105,41.2754,0.3981,A,relation-reasoning-agent-eval-v3.1
2026-09-03T08:00:00+09:00,CMP-S02-L02-01,S02,S02-L02,1,running,170.7489,386.0688,110.7609,32.304,-1.4516,B,relation-reasoning-agent-eval-v3.1
2026-09-03T08:00:00+09:00,CMP-S02-L03-01,S02,S02-L03,1,running,176.5156,356.7436,99.0286,43.4094,0.3271,A,relation-reasoning-agent-eval-v3.1
2026-09-03T08:00:00+09:00,CMP-S02-L04-01,S02,S02-L04,1,running,183.7155,512.6619,101.3347,36.5998,-0.9869,A,relation-reasoning-agent-eval-v3.1
2026-09-03T08:00:00+09:00,CMP-S02-L05-01,S02,S02-L05,1,running,174.483,473.1913,95.1112,43.2451,0.5389,A,relation-reasoning-agent-eval-v3.1
2026-09-03T08:10:00+09:00,CMP-S02-L01-01,S02,S02-L01,1,running,162.2308,449.597,108.0801,43.935,0.8906,A,relation-reasoning-agent-eval-v3.1
2026-09-03T08:10:00+09:00,CMP-S02-L02-01,S02,S02-L02,1,running,162.1997,391.4502,106.8323,35.5167,-0.8567,A,relation-reasoning-agent-eval-v3.1
2026-09-03T08:10:00+09:00,CMP-S02-L03-01,S02,S02-L03,1,running,167.4062,328.2632,94.9729,36.1403,-1.0191,B,relation-reasoning-agent-eval-v3.1
2026-09-03T08:10:00+09:00,CMP-S02-L04-01,S02,S02-L04,1,running,175.8901,486.6857,92.7469,34.0438,-1.4603,B,relation-reasoning-agent-eval-v3.1
2026-09-03T08:10:00+09:00,CMP-S02-L05-01,S02,S02-L05,1,running,165.8799,486.0803,97.3398,41.3411,0.1863,A,relation-reasoning-agent-eval-v3.1
2026-09-03T08:20:00+09:00,CMP-S02-L01-01,S02,S02-L01,1,running,165.5092,436.2896,107.3817,39.6921,0.1049,A,relation-reasoning-agent-eval-v3.1
2026-09-03T08:20:00+09:00,CMP-S02-L02-01,S02,S02-L02,1,running,153.028,377.5239,103.3096,36.2315,-0.7243,A,relation-reasoning-agent-eval-v3.1
2026-09-03T08:20:00+09:00,CMP-S02-L03-01,S02,S02-L03,1,running,167.1952,330.9025,102.6477,37.8572,-0.7011,A,relation-reasoning-agent-eval-v3.1
2026-09-03T08:20:00+09:00,CMP-S02-L04-01,S02,S02-L04,1,running,175.5154,493.3752,94.2973,37.1752,-0.8804,A,relation-reasoning-agent-eval-v3.1
2026-09-03T08:20:00+09:00,CMP-S02-L05-01,S02,S02-L05,1,running,165.2793,531.5431,97.114,45.0335,0.8701,A,relation-reasoning-agent-eval-v3.1
2026-09-03T08:30:00+09:00,CMP-S02-L01-01,S02,S02-L01,1,running,157.0206,433.507,107.4617,39.0891,-0.0068,A,relation-reasoning-agent-eval-v3.1
2026-09-03T08:30:00+09:00,CMP-S02-L02-01,S02,S02-L02,1,running,151.513,372.1948,97.6403,32.8811,-1.3447,B,relation-reasoning-agent-eval-v3.1
2026-09-03T08:30:00+09:00,CMP-S02-L03-01,S02,S02-L03,1,running,185.1458,322.6011,101.3777,48.0072,1.1785,B,relation-reasoning-agent-eval-v3.1
2026-09-03T08:30:00+09:00,CMP-S02-L04-01,S02,S02-L04,1,running,168.4688,490.9242,98.0544,45.9832,0.7508,A,relation-reasoning-agent-eval-v3.1
2026-09-03T08:30:00+09:00,CMP-S02-L05-01,S02,S02-L05,1,running,180.2689,472.1292,95.0041,53.1389,2.3711,C,relation-reasoning-agent-eval-v3.1
2026-09-03T08:40:00+09:00,CMP-S02-L01-01,S02,S02-L01,1,running,169.8668,445.5002,105.8961,37.1409,-0.3675,A,relation-reasoning-agent-eval-v3.1
2026-09-03T08:40:00+09:00,CMP-S02-L02-01,S02,S02-L02,1,running,167.2206,378.0613,103.1694,34.7565,-0.9974,A,relation-reasoning-agent-eval-v3.1
2026-09-03T08:40:00+09:00,CMP-S02-L03-01,S02,S02-L03,1,running,179.6619,271.4582,91.4016,48.8835,1.3408,B,relation-reasoning-agent-eval-v3.1
2026-09-03T08:40:00+09:00,CMP-S02-L04-01,S02,S02-L04,1,running,169.4572,471.9998,95.436,40.2245,-0.3157,A,relation-reasoning-agent-eval-v3.1
2026-09-03T08:40:00+09:00,CMP-S02-L05-01,S02,S02-L05,1,running,174.5273,447.2095,91.9055,47.7386,1.371,B,relation-reasoning-agent-eval-v3.1
2026-09-03T08:50:00+09:00,CMP-S02-L01-01,S02,S02-L01,1,running,173.4642,470.7143,104.9092,38.7888,-0.0624,A,relation-reasoning-agent-eval-v3.1
2026-09-03T08:50:00+09:00,CMP-S02-L02-01,S02,S02-L02,1,running,175.1194,400.0901,107.2694,37.7739,-0.4387,A,relation-reasoning-agent-eval-v3.1
2026-09-03T08:50:00+09:00,CMP-S02-L03-01,S02,S02-L03,1,running,171.5504,340.6613,100.3678,54.4564,2.3728,C,relation-reasoning-agent-eval-v3.1
2026-09-03T08:50:00+09:00,CMP-S02-L04-01,S02,S02-L04,1,running,159.1127,462.5901,97.8831,33.8526,-1.4957,B,relation-reasoning-agent-eval-v3.1
2026-09-03T08:50:00+09:00,CMP-S02-L05-01,S02,S02-L05,1,running,173.1655,450.1165,95.3022,46.2789,1.1007,B,relation-reasoning-agent-eval-v3.1
2026-09-03T09:00:00+09:00,CMP-S02-L01-01,S02,S02-L01,1,running,182.9392,492.8061,98.5809,33.0613,-1.123,B,relation-reasoning-agent-eval-v3.1
2026-09-03T09:00:00+09:00,CMP-S02-L02-01,S02,S02-L02,1,running,154.8701,413.669,102.4682,35.0209,-0.9485,A,relation-reasoning-agent-eval-v3.1
2026-09-03T09:00:00+09:00,CMP-S02-L03-01,S02,S02-L03,1,running,166.8408,378.1104,102.6208,50.3975,1.6212,B,relation-reasoning-agent-eval-v3.1
2026-09-03T09:00:00+09:00,CMP-S02-L04-01,S02,S02-L04,1,running,149.5306,488.9377,101.0138,32.7871,-1.693,B,relation-reasoning-agent-eval-v3.1
2026-09-03T09:00:00+09:00,CMP-S02-L05-01,S02,S02-L05,1,running,170.7789,425.6863,86.8197,41.3129,0.1811,A,relation-reasoning-agent-eval-v3.1
2026-09-03T09:10:00+09:00,CMP-S02-L01-01,S02,S02-L01,1,running,186.2309,485.532,98.3606,33.9791,-0.9531,A,relation-reasoning-agent-eval-v3.1
2026-09-03T09:10:00+09:00,CMP-S02-L02-01,S02,S02-L02,1,running,139.4395,364.9803,106.0905,34.4953,-1.0458,B,relation-reasoning-agent-eval-v3.1
2026-09-03T09:10:00+09:00,CMP-S02-L03-01,S02,S02-L03,1,running,178.9494,388.9189,104.4508,45.2602,0.6698,A,relation-reasoning-agent-eval-v3.1
2026-09-03T09:10:00+09:00,CMP-S02-L04-01,S02,S02-L04,1,running,158.019,428.8635,99.5766,32.4558,-1.7543,B,relation-reasoning-agent-eval-v3.1
2026-09-03T09:10:00+09:00,CMP-S02-L05-01,S02,S02-L05,1,running,160.2387,425.5655,90.4603,43.3395,0.5564,A,relation-reasoning-agent-eval-v3.1
2026-09-03T09:20:00+09:00,CMP-S02-L01-01,S02,S02-L01,1,running,183.5146,501.6695,96.9289,36.6635,-0.456,A,relation-reasoning-agent-eval-v3.1
2026-09-03T09:20:00+09:00,CMP-S02-L02-01,S02,S02-L02,1,running,148.1541,416.9392,97.211,39.7096,-0.0802,A,relation-reasoning-agent-eval-v3.1
2026-09-03T09:20:00+09:00,CMP-S02-L03-01,S02,S02-L03,1,running,161.1083,417.3314,97.5407,44.3584,0.5028,A,relation-reasoning-agent-eval-v3.1
2026-09-03T09:20:00+09:00,CMP-S02-L04-01,S02,S02-L04,1,running,161.9766,425.5346,108.6371,38.6209,-0.6126,A,relation-reasoning-agent-eval-v3.1
2026-09-03T09:20:00+09:00,CMP-S02-L05-01,S02,S02-L05,1,running,163.2838,461.518,102.3693,51.1664,2.0058,C,relation-reasoning-agent-eval-v3.1
2026-09-03T09:30:00+09:00,CMP-S02-L01-01,S02,S02-L01,1,running,178.6731,491.3757,100.1762,38.9802,-0.0269,A,relation-reasoning-agent-eval-v3.1
2026-09-03T09:30:00+09:00,CMP-S02-L02-01,S02,S02-L02,1,running,155.2182,418.4017,105.0459,46.2009,1.1219,B,relation-reasoning-agent-eval-v3.1
2026-09-03T09:30:00+09:00,CMP-S02-L03-01,S02,S02-L03,1,running,164.9642,398.6609,98.5892,43.8494,0.4085,A,relation-reasoning-agent-eval-v3.1
2026-09-03T09:30:00+09:00,CMP-S02-L04-01,S02,S02-L04,1,running,164.6845,383.6878,111.9556,30.8736,-2.0473,C,relation-reasoning-agent-eval-v3.1
2026-09-03T09:30:00+09:00,CMP-S02-L05-01,S02,S02-L05,1,running,172.814,457.7624,103.8722,49.919,1.7748,B,relation-reasoning-agent-eval-v3.1
2026-09-03T09:40:00+09:00,CMP-S02-L01-01,S02,S02-L01,1,running,189.4001,516.0762,104.1501,38.1592,-0.179,A,relation-reasoning-agent-eval-v3.1
2026-09-03T09:40:00+09:00,CMP-S02-L02-01,S02,S02-L02,1,running,158.9841,392.7895,99.0243,47.8679,1.4306,B,relation-reasoning-agent-eval-v3.1
2026-09-03T09:40:00+09:00,CMP-S02-L03-01,S02,S02-L03,1,running,170.5621,428.418,95.2097,39.0614,-0.4781,A,relation-reasoning-agent-eval-v3.1
2026-09-03T09:40:00+09:00,CMP-S02-L04-01,S02,S02-L04,1,running,182.1187,348.8765,109.8894,37.4953,-0.8211,A,relation-reasoning-agent-eval-v3.1
2026-09-03T09:40:00+09:00,CMP-S02-L05-01,S02,S02-L05,1,running,183.2135,391.2159,93.2806,41.9318,0.2957,A,relation-reasoning-agent-eval-v3.1
2026-09-03T09:50:00+09:00,CMP-S02-L01-01,S02,S02-L01,1,running,173.0311,474.3563,105.3152,37.0011,-0.3934,A,relation-reasoning-agent-eval-v3.1
2026-09-03T09:50:00+09:00,CMP-S02-L02-01,S02,S02-L02,1,running,150.851,403.9692,96.1983,50.463,1.9112,B,relation-reasoning-agent-eval-v3.1
2026-09-03T09:50:00+09:00,CMP-S02-L03-01,S02,S02-L03,1,running,173.4353,398.4685,102.8938,43.7605,0.3921,A,relation-reasoning-agent-eval-v3.1
2026-09-03T09:50:00+09:00,CMP-S02-L04-01,S02,S02-L04,1,running,184.8043,400.1293,109.7619,43.9359,0.3716,A,relation-reasoning-agent-eval-v3.1
2026-09-03T09:50:00+09:00,CMP-S02-L05-01,S02,S02-L05,1,running,187.6681,385.7757,100.7575,38.8596,-0.2732,A,relation-reasoning-agent-eval-v3.1
2026-09-03T10:00:00+09:00,CMP-S02-L01-01,S02,S02-L01,1,running,159.4502,540.4799,103.9129,33.4479,-1.0514,B,relation-reasoning-agent-eval-v3.1
2026-09-03T10:00:00+09:00,CMP-S02-L02-01,S02,S02-L02,1,running,159.1145,381.016,91.568,48.532,1.5536,B,relation-reasoning-agent-eval-v3.1
2026-09-03T10:00:00+09:00,CMP-S02-L03-01,S02,S02-L03,1,running,175.4142,412.6149,103.187,47.5977,1.1027,B,relation-reasoning-agent-eval-v3.1
2026-09-03T10:00:00+09:00,CMP-S02-L04-01,S02,S02-L04,1,running,162.8209,456.2572,109.6006,48.8412,1.28,B,relation-reasoning-agent-eval-v3.1
2026-09-03T10:00:00+09:00,CMP-S02-L05-01,S02,S02-L05,1,running,186.1167,414.3898,97.503,39.6014,-0.1358,A,relation-reasoning-agent-eval-v3.1
2026-09-03T10:10:00+09:00,CMP-S02-L01-01,S02,S02-L01,1,running,154.1301,506.9796,105.2165,35.0483,-0.7551,A,relation-reasoning-agent-eval-v3.1
2026-09-03T10:10:00+09:00,CMP-S02-L02-01,S02,S02-L02,1,running,156.8247,412.2702,90.3931,47.789,1.416,B,relation-reasoning-agent-eval-v3.1
2026-09-03T10:10:00+09:00,CMP-S02-L03-01,S02,S02-L03,1,running,173.7682,439.252,107.1172,51.749,1.8714,B,relation-reasoning-agent-eval-v3.1
2026-09-03T10:10:00+09:00,CMP-S02-L04-01,S02,S02-L04,1,running,171.0202,418.4354,114.5092,46.9443,0.9287,A,relation-reasoning-agent-eval-v3.1
2026-09-03T10:10:00+09:00,CMP-S02-L05-01,S02,S02-L05,1,running,180.9997,421.5004,102.8232,35.9944,-0.8038,A,relation-reasoning-agent-eval-v3.1
2026-09-03T10:20:00+09:00,CMP-S02-L01-01,S02,S02-L01,1,running,158.3027,510.7697,102.4864,41.4302,0.4268,A,relation-reasoning-agent-eval-v3.1
2026-09-03T10:20:00+09:00,CMP-S02-L02-01,S02,S02-L02,1,running,176.366,408.6002,90.4724,42.6926,0.4722,A,relation-reasoning-agent-eval-v3.1
2026-09-03T10:20:00+09:00,CMP-S02-L03-01,S02,S02-L03,1,running,170.5165,414.5214,104.8428,46.9736,0.9871,A,relation-reasoning-agent-eval-v3.1
2026-09-03T10:20:00+09:00,CMP-S02-L04-01,S02,S02-L04,1,running,167.9203,407.6426,112.5774,50.7303,1.6298,B,relation-reasoning-agent-eval-v3.1
2026-09-03T10:20:00+09:00,CMP-S02-L05-01,S02,S02-L05,1,running,177.4628,440.3281,99.8284,32.3722,-1.4746,B,relation-reasoning-agent-eval-v3.1
2026-09-03T10:30:00+09:00,CMP-S02-L01-01,S02,S02-L01,1,running,177.638,466.8098,110.6995,39.9725,0.1568,A,relation-reasoning-agent-eval-v3.1
2026-09-03T10:30:00+09:00,CMP-S02-L02-01,S02,S02-L02,1,running,171.7197,457.6182,97.7056,38.5729,-0.2907,A,relation-reasoning-agent-eval-v3.1
2026-09-03T10:30:00+09:00,CMP-S02-L03-01,S02,S02-L03,1,running,156.8489,442.1184,109.5693,52.2718,1.9683,B,relation-reasoning-agent-eval-v3.1
2026-09-03T10:30:00+09:00,CMP-S02-L04-01,S02,S02-L04,1,running,161.1874,434.859,113.4467,56.6679,2.7294,C,relation-reasoning-agent-eval-v3.1
2026-09-03T10:30:00+09:00,CMP-S02-L05-01,S02,S02-L05,1,running,169.9412,397.236,98.7744,40.102,-0.0431,A,relation-reasoning-agent-eval-v3.1
2026-09-03T10:40:00+09:00,CMP-S02-L01-01,S02,S02-L01,1,running,174.7216,477.9758,108.1784,35.5692,-0.6586,A,relation-reasoning-agent-eval-v3.1
2026-09-03T10:40:00+09:00,CMP-S02-L02-01,S02,S02-L02,1,running,181.6347,532.9132,92.8446,35.2169,-0.9122,A,relation-reasoning-agent-eval-v3.1
2026-09-03T10:40:00+09:00,CMP-S02-L03-01,S02,S02-L03,1,running,153.6486,466.0157,107.3614,53.9756,2.2838,C,relation-reasoning-agent-eval-v3.1
2026-09-03T10:40:00+09:00,CMP-S02-L04-01,S02,S02-L04,1,running,190.8984,487.3411,106.291,52.0604,1.8762,B,relation-reasoning-agent-eval-v3.1
2026-09-03T10:40:00+09:00,CMP-S02-L05-01,S02,S02-L05,1,running,164.2093,425.9137,107.2674,38.9052,-0.2648,A,relation-reasoning-agent-eval-v3.1
2026-09-03T10:50:00+09:00,CMP-S02-L01-01,S02,S02-L01,1,running,173.2003,522.6215,97.4707,30.9664,-1.511,B,relation-reasoning-agent-eval-v3.1
2026-09-03T10:50:00+09:00,CMP-S02-L02-01,S02,S02-L02,1,running,175.7689,548.2219,94.7017,36.0085,-0.7656,A,relation-reasoning-agent-eval-v3.1
2026-09-03T10:50:00+09:00,CMP-S02-L03-01,S02,S02-L03,1,running,175.1586,461.3114,107.4197,51.413,1.8092,B,relation-reasoning-agent-eval-v3.1
2026-09-03T10:50:00+09:00,CMP-S02-L04-01,S02,S02-L04,1,running,199.1538,408.4569,109.2532,44.6419,0.5024,A,relation-reasoning-agent-eval-v3.1
2026-09-03T10:50:00+09:00,CMP-S02-L05-01,S02,S02-L05,1,running,156.3437,441.1699,99.0879,39.0662,-0.235,A,relation-reasoning-agent-eval-v3.1
2026-09-03T11:00:00+09:00,CMP-S02-L01-01,S02,S02-L01,1,running,168.9665,473.9887,105.2838,31.7676,-1.3626,B,relation-reasoning-agent-eval-v3.1
2026-09-03T11:00:00+09:00,CMP-S02-L02-01,S02,S02-L02,1,running,168.1469,539.0409,94.3655,38.4146,-0.32,A,relation-reasoning-agent-eval-v3.1
2026-09-03T11:00:00+09:00,CMP-S02-L03-01,S02,S02-L03,1,running,169.0674,443.9476,105.7522,45.8929,0.787,A,relation-reasoning-agent-eval-v3.1
2026-09-03T11:00:00+09:00,CMP-S02-L04-01,S02,S02-L04,1,running,192.9064,407.3777,108.4575,40.9502,-0.1813,A,relation-reasoning-agent-eval-v3.1
2026-09-03T11:00:00+09:00,CMP-S02-L05-01,S02,S02-L05,1,running,176.1456,441.6345,97.4461,44.1532,0.7071,A,relation-reasoning-agent-eval-v3.1
2026-09-03T11:10:00+09:00,CMP-S02-L01-01,S02,S02-L01,1,running,174.0633,435.4272,100.0682,32.8672,-1.159,B,relation-reasoning-agent-eval-v3.1
2026-09-03T11:10:00+09:00,CMP-S02-L02-01,S02,S02-L02,1,running,168.123,496.2243,99.6278,37.655,-0.4607,A,relation-reasoning-agent-eval-v3.1
2026-09-03T11:10:00+09:00,CMP-S02-L03-01,S02,S02-L03,1,running,164.1399,435.7268,101.603,44.407,0.5118,A,relation-reasoning-agent-eval-v3.1
2026-09-03T11:10:00+09:00,CMP-S02-L04-01,S02,S02-L04,1,running,172.7557,392.155,105.0999,48.1866,1.1588,B,relation-reasoning-agent-eval-v3.1
2026-09-03T11:10:00+09:00,CMP-S02-L05-01,S02,S02-L05,1,running,180.6587,445.7705,96.753,49.8572,1.7634,B,relation-reasoning-agent-eval-v3.1
2026-09-03T11:20:00+09:00,CMP-S02-L01-01,S02,S02-L01,1,running,163.1736,446.9084,97.0382,37.0568,-0.3831,A,relation-reasoning-agent-eval-v3.1
2026-09-03T11:20:00+09:00,CMP-S02-L02-01,S02,S02-L02,1,running,173.943,472.3229,98.5155,33.7514,-1.1836,B,relation-reasoning-agent-eval-v3.1
2026-09-03T11:20:00+09:00,CMP-S02-L03-01,S02,S02-L03,1,running,169.1314,454.2355,99.3489,44.6571,0.5581,A,relation-reasoning-agent-eval-v3.1
2026-09-03T11:20:00+09:00,CMP-S02-L04-01,S02,S02-L04,1,running,178.3581,441.5351,107.6713,47.6052,1.0511,B,relation-reasoning-agent-eval-v3.1
2026-09-03T11:20:00+09:00,CMP-S02-L05-01,S02,S02-L05,1,running,176.3861,439.6361,97.1682,46.25,1.0954,B,relation-reasoning-agent-eval-v3.1
2026-09-03T11:30:00+09:00,CMP-S02-L01-01,S02,S02-L01,1,running,159.5641,456.3621,100.7207,37.9687,-0.2143,A,relation-reasoning-agent-eval-v3.1
2026-09-03T11:30:00+09:00,CMP-S02-L02-01,S02,S02-L02,1,running,165.8527,522.7875,92.8135,38.54,-0.2968,A,relation-reasoning-agent-eval-v3.1
2026-09-03T11:30:00+09:00,CMP-S02-L03-01,S02,S02-L03,1,running,165.7428,396.2612,98.474,45.2432,0.6667,A,relation-reasoning-agent-eval-v3.1
2026-09-03T11:30:00+09:00,CMP-S02-L04-01,S02,S02-L04,1,running,191.8007,455.7888,114.6427,44.9375,0.5571,A,relation-reasoning-agent-eval-v3.1
2026-09-03T11:30:00+09:00,CMP-S02-L05-01,S02,S02-L05,1,running,185.0474,438.9242,100.7345,50.0792,1.8045,B,relation-reasoning-agent-eval-v3.1
2026-09-03T11:40:00+09:00,CMP-S02-L01-01,S02,S02-L01,1,running,138.8337,429.4145,103.8652,40.7997,0.31,A,relation-reasoning-agent-eval-v3.1
2026-09-03T11:40:00+09:00,CMP-S02-L02-01,S02,S02-L02,1,running,152.5408,495.0997,88.0833,40.9989,0.1586,A,relation-reasoning-agent-eval-v3.1
2026-09-03T11:40:00+09:00,CMP-S02-L03-01,S02,S02-L03,1,running,178.5727,399.2829,97.3468,48.1445,1.2039,B,relation-reasoning-agent-eval-v3.1
2026-09-03T11:40:00+09:00,CMP-S02-L04-01,S02,S02-L04,1,running,195.0429,479.4358,110.6903,45.9923,0.7524,A,relation-reasoning-agent-eval-v3.1
2026-09-03T11:40:00+09:00,CMP-S02-L05-01,S02,S02-L05,1,running,175.0397,405.8971,103.9109,46.8058,1.1983,B,relation-reasoning-agent-eval-v3.1
2026-09-03T11:50:00+09:00,CMP-S02-L01-01,S02,S02-L01,1,running,138.1455,440.9001,104.9791,39.8974,0.1429,A,relation-reasoning-agent-eval-v3.1
2026-09-03T11:50:00+09:00,CMP-S02-L02-01,S02,S02-L02,1,running,158.9909,467.4889,86.5602,49.646,1.7599,B,relation-reasoning-agent-eval-v3.1
2026-09-03T11:50:00+09:00,CMP-S02-L03-01,S02,S02-L03,1,running,190.437,456.0838,94.7613,33.2531,-1.5537,B,relation-reasoning-agent-eval-v3.1
2026-09-03T11:50:00+09:00,CMP-S02-L04-01,S02,S02-L04,1,running,199.3795,492.1215,104.9812,41.1062,-0.1524,A,relation-reasoning-agent-eval-v3.1
2026-09-03T11:50:00+09:00,CMP-S02-L05-01,S02,S02-L05,1,running,166.306,424.2092,96.8991,43.4835,0.583,A,relation-reasoning-agent-eval-v3.1
2026-09-03T12:00:00+09:00,CMP-S02-L01-01,S02,S02-L01,1,running,164.5589,457.5094,107.7481,41.8714,0.5085,A,relation-reasoning-agent-eval-v3.1
2026-09-03T12:00:00+09:00,CMP-S02-L02-01,S02,S02-L02,1,running,149.5221,503.7369,89.8689,46.3024,1.1407,B,relation-reasoning-agent-eval-v3.1
2026-09-03T12:00:00+09:00,CMP-S02-L03-01,S02,S02-L03,1,running,176.5666,369.1037,102.0042,30.7462,-2.018,C,relation-reasoning-agent-eval-v3.1
2026-09-03T12:00:00+09:00,CMP-S02-L04-01,S02,S02-L04,1,running,185.2481,521.6844,106.5311,37.2574,-0.8651,A,relation-reasoning-agent-eval-v3.1
2026-09-03T12:00:00+09:00,CMP-S02-L05-01,S02,S02-L05,1,running,170.6629,424.1004,97.7434,46.1917,1.0846,B,relation-reasoning-agent-eval-v3.1
2026-09-03T12:10:00+09:00,CMP-S02-L01-01,S02,S02-L01,1,running,181.3172,443.0541,109.4058,36.9195,-0.4085,A,relation-reasoning-agent-eval-v3.1
2026-09-03T12:10:00+09:00,CMP-S02-L02-01,S02,S02-L02,1,running,165.2782,518.7322,89.5647,48.3169,1.5137,B,relation-reasoning-agent-eval-v3.1
2026-09-03T12:10:00+09:00,CMP-S02-L03-01,S02,S02-L03,1,running,186.9333,401.3891,101.0675,29.0267,-2.3364,C,relation-reasoning-agent-eval-v3.1
2026-09-03T12:10:00+09:00,CMP-S02-L04-01,S02,S02-L04,1,running,160.6183,486.5912,107.8776,40.4998,-0.2647,A,relation-reasoning-agent-eval-v3.1
2026-09-03T12:10:00+09:00,CMP-S02-L05-01,S02,S02-L05,1,running,161.8435,438.1446,92.1858,46.7418,1.1864,B,relation-reasoning-agent-eval-v3.1
2026-09-03T12:20:00+09:00,CMP-S02-L01-01,S02,S02-L01,1,running,184.688,425.4029,107.7145,29.3217,-1.8156,B,relation-reasoning-agent-eval-v3.1
2026-09-03T12:20:00+09:00,CMP-S02-L02-01,S02,S02-L02,1,running,140.4559,482.5515,92.2728,51.9134,2.1798,C,relation-reasoning-agent-eval-v3.1
2026-09-03T12:20:00+09:00,CMP-S02-L03-01,S02,S02-L03,1,running,219.1653,392.7786,105.0249,35.7831,-1.0852,B,relation-reasoning-agent-eval-v3.1
2026-09-03T12:20:00+09:00,CMP-S02-L04-01,S02,S02-L04,1,running,180.0311,431.1302,111.0571,37.4255,-0.834,A,relation-reasoning-agent-eval-v3.1
2026-09-03T12:20:00+09:00,CMP-S02-L05-01,S02,S02-L05,1,running,171.2662,448.0863,96.261,32.5522,-1.4413,B,relation-reasoning-agent-eval-v3.1
2026-09-03T12:30:00+09:00,CMP-S02-L01-01,S02,S02-L01,1,running,190.2427,432.7302,105.5861,35.334,-0.7022,A,relation-reasoning-agent-eval-v3.1
2026-09-03T12:30:00+09:00,CMP-S02-L02-01,S02,S02-L02,1,running,154.0197,506.5885,96.7933,53.4398,2.4624,C,relation-reasoning-agent-eval-v3.1
2026-09-03T12:30:00+09:00,CMP-S02-L03-01,S02,S02-L03,1,running,213.7244,377.8284,108.8533,36.3852,-0.9737,A,relation-reasoning-agent-eval-v3.1
2026-09-03T12:30:00+09:00,CMP-S02-L04-01,S02,S02-L04,1,running,167.7792,423.1841,105.132,32.6055,-1.7266,B,relation-reasoning-agent-eval-v3.1
2026-09-03T12:30:00+09:00,CMP-S02-L05-01,S02,S02-L05,1,running,176.388,435.4262,94.8503,40.5823,0.0458,A,relation-reasoning-agent-eval-v3.1
2026-09-03T12:40:00+09:00,CMP-S02-L01-01,S02,S02-L01,1,running,184.5551,484.9867,103.0643,40.7924,0.3086,A,relation-reasoning-agent-eval-v3.1
2026-09-03T12:40:00+09:00,CMP-S02-L02-01,S02,S02-L02,1,running,163.8782,496.961,92.8973,52.2166,2.2359,C,relation-reasoning-agent-eval-v3.1
2026-09-03T12:40:00+09:00,CMP-S02-L03-01,S02,S02-L03,1,running,197.5675,391.6824,100.4874,41.3255,-0.0588,A,relation-reasoning-agent-eval-v3.1
2026-09-03T12:40:00+09:00,CMP-S02-L04-01,S02,S02-L04,1,running,162.7465,344.6105,103.1399,34.2666,-1.419,B,relation-reasoning-agent-eval-v3.1
2026-09-03T12:40:00+09:00,CMP-S02-L05-01,S02,S02-L05,1,running,183.2024,423.5347,98.2716,40.7247,0.0722,A,relation-reasoning-agent-eval-v3.1
2026-09-03T12:50:00+09:00,CMP-S02-L01-01,S02,S02-L01,1,running,196.7665,528.639,104.2397,38.6157,-0.0944,A,relation-reasoning-agent-eval-v3.1
2026-09-03T12:50:00+09:00,CMP-S02-L02-01,S02,S02-L02,1,running,156.0401,504.1127,97.0435,47.8579,1.4287,B,relation-reasoning-agent-eval-v3.1
2026-09-03T12:50:00+09:00,CMP-S02-L03-01,S02,S02-L03,1,running,184.4972,424.144,99.8692,42.7946,0.2132,A,relation-reasoning-agent-eval-v3.1
2026-09-03T12:50:00+09:00,CMP-S02-L04-01,S02,S02-L04,1,running,173.5548,393.9164,99.2839,37.8599,-0.7536,A,relation-reasoning-agent-eval-v3.1
2026-09-03T12:50:00+09:00,CMP-S02-L05-01,S02,S02-L05,1,running,174.6285,398.8752,91.8523,46.8787,1.2118,B,relation-reasoning-agent-eval-v3.1
2026-09-03T13:00:00+09:00,CMP-S02-L01-01,S02,S02-L01,1,running,199.5904,513.2641,103.1233,38.4005,-0.1343,A,relation-reasoning-agent-eval-v3.1
2026-09-03T13:00:00+09:00,CMP-S02-L02-01,S02,S02-L02,1,running,149.0366,523.1245,103.3669,46.0576,1.0954,B,relation-reasoning-agent-eval-v3.1
2026-09-03T13:00:00+09:00,CMP-S02-L03-01,S02,S02-L03,1,running,158.7363,389.8483,100.8201,50.5662,1.6524,B,relation-reasoning-agent-eval-v3.1
2026-09-03T13:00:00+09:00,CMP-S02-L04-01,S02,S02-L04,1,running,180.6771,410.1019,97.4568,36.8369,-0.943,A,relation-reasoning-agent-eval-v3.1
2026-09-03T13:00:00+09:00,CMP-S02-L05-01,S02,S02-L05,1,running,185.4726,435.3493,97.4779,45.5025,0.9569,A,relation-reasoning-agent-eval-v3.1
2026-09-03T13:10:00+09:00,CMP-S02-L01-01,S02,S02-L01,1,running,176.4925,527.5389,107.7068,35.0393,-0.7567,A,relation-reasoning-agent-eval-v3.1
2026-09-03T13:10:00+09:00,CMP-S02-L02-01,S02,S02-L02,1,running,148.6256,525.0044,106.6186,42.3039,0.4002,A,relation-reasoning-agent-eval-v3.1
2026-09-03T13:10:00+09:00,CMP-S02-L03-01,S02,S02-L03,1,running,166.3716,411.3299,100.1779,49.9689,1.5418,B,relation-reasoning-agent-eval-v3.1
2026-09-03T13:10:00+09:00,CMP-S02-L04-01,S02,S02-L04,1,running,176.7431,438.1672,100.2995,38.2897,-0.674,A,relation-reasoning-agent-eval-v3.1
2026-09-03T13:10:00+09:00,CMP-S02-L05-01,S02,S02-L05,1,running,185.663,493.8096,96.1621,42.6508,0.4289,A,relation-reasoning-agent-eval-v3.1
2026-09-03T13:20:00+09:00,CMP-S02-L01-01,S02,S02-L01,1,running,179.6803,532.6431,113.2801,34.4954,-0.8575,A,relation-reasoning-agent-eval-v3.1
2026-09-03T13:20:00+09:00,CMP-S02-L02-01,S02,S02-L02,1,running,157.7803,502.5506,108.6256,50.6856,1.9524,B,relation-reasoning-agent-eval-v3.1
2026-09-03T13:20:00+09:00,CMP-S02-L03-01,S02,S02-L03,1,running,166.2138,449.2678,102.6915,56.9501,2.8346,C,relation-reasoning-agent-eval-v3.1
2026-09-03T13:20:00+09:00,CMP-S02-L04-01,S02,S02-L04,1,running,186.37,432.9321,107.873,36.6654,-0.9748,A,relation-reasoning-agent-eval-v3.1
2026-09-03T13:20:00+09:00,CMP-S02-L05-01,S02,S02-L05,1,running,187.0643,517.1894,90.7739,39.8567,-0.0886,A,relation-reasoning-agent-eval-v3.1
2026-09-03T13:30:00+09:00,CMP-S02-L01-01,S02,S02-L01,1,running,175.5463,538.594,117.3836,31.6027,-1.3931,B,relation-reasoning-agent-eval-v3.1
2026-09-03T13:30:00+09:00,CMP-S02-L02-01,S02,S02-L02,1,running,155.2629,480.791,107.8684,42.1066,0.3637,A,relation-reasoning-agent-eval-v3.1
2026-09-03T13:30:00+09:00,CMP-S02-L03-01,S02,S02-L03,1,running,174.7664,468.6233,107.5588,44.9617,0.6145,A,relation-reasoning-agent-eval-v3.1
2026-09-03T13:30:00+09:00,CMP-S02-L04-01,S02,S02-L04,1,running,172.2122,452.5493,108.6291,37.8436,-0.7566,A,relation-reasoning-agent-eval-v3.1
2026-09-03T13:30:00+09:00,CMP-S02-L05-01,S02,S02-L05,1,running,178.1881,502.2026,93.0961,45.3235,0.9238,A,relation-reasoning-agent-eval-v3.1
2026-09-03T13:40:00+09:00,CMP-S02-L01-01,S02,S02-L01,1,running,175.7387,551.0048,107.8311,35.6592,-0.6419,A,relation-reasoning-agent-eval-v3.1
2026-09-03T13:40:00+09:00,CMP-S02-L02-01,S02,S02-L02,1,running,169.9236,501.7087,100.6651,43.4276,0.6083,A,relation-reasoning-agent-eval-v3.1
2026-09-03T13:40:00+09:00,CMP-S02-L03-01,S02,S02-L03,1,running,165.9755,480.3324,103.2859,48.7644,1.3187,B,relation-reasoning-agent-eval-v3.1
2026-09-03T13:40:00+09:00,CMP-S02-L04-01,S02,S02-L04,1,running,170.7002,473.8203,103.0033,35.6058,-1.171,B,relation-reasoning-agent-eval-v3.1
2026-09-03T13:40:00+09:00,CMP-S02-L05-01,S02,S02-L05,1,running,168.0101,476.8298,93.4154,39.1429,-0.2208,A,relation-reasoning-agent-eval-v3.1
2026-09-03T13:50:00+09:00,CMP-S02-L01-01,S02,S02-L01,1,running,178.1855,550.9548,100.5691,44.3927,0.9754,A,relation-reasoning-agent-eval-v3.1
2026-09-03T13:50:00+09:00,CMP-S02-L02-01,S02,S02-L02,1,running,166.3181,536.4219,91.9516,38.888,-0.2323,A,relation-reasoning-agent-eval-v3.1
2026-09-03T13:50:00+09:00,CMP-S02-L03-01,S02,S02-L03,1,running,182.0628,483.5778,99.3079,48.0965,1.1951,B,relation-reasoning-agent-eval-v3.1
2026-09-03T13:50:00+09:00,CMP-S02-L04-01,S02,S02-L04,1,running,171.168,531.5704,106.7695,34.4235,-1.3899,B,relation-reasoning-agent-eval-v3.1
2026-09-03T13:50:00+09:00,CMP-S02-L05-01,S02,S02-L05,1,running,162.2044,472.2673,98.5997,34.4091,-1.0974,B,relation-reasoning-agent-eval-v3.1
2026-09-03T14:00:00+09:00,CMP-S02-L01-01,S02,S02-L01,1,running,183.0693,524.6231,100.9325,35.1868,-0.7294,A,relation-reasoning-agent-eval-v3.1
2026-09-03T14:00:00+09:00,CMP-S02-L02-01,S02,S02-L02,1,running,168.106,533.923,99.0377,38.6532,-0.2758,A,relation-reasoning-agent-eval-v3.1
2026-09-03T14:00:00+09:00,CMP-S02-L03-01,S02,S02-L03,1,running,191.9271,443.5559,102.0348,47.7952,1.1393,B,relation-reasoning-agent-eval-v3.1
2026-09-03T14:00:00+09:00,CMP-S02-L04-01,S02,S02-L04,1,running,182.0061,543.6684,105.3791,39.1272,-0.5189,A,relation-reasoning-agent-eval-v3.1
2026-09-03T14:00:00+09:00,CMP-S02-L05-01,S02,S02-L05,1,running,166.1651,469.1596,98.1712,36.2947,-0.7482,A,relation-reasoning-agent-eval-v3.1
2026-09-03T14:10:00+09:00,CMP-S02-L01-01,S02,S02-L01,1,running,171.8884,519.8421,99.6591,28.8411,-1.9045,B,relation-reasoning-agent-eval-v3.1
2026-09-03T14:10:00+09:00,CMP-S02-L02-01,S02,S02-L02,1,running,161.6844,514.2634,102.4382,37.4075,-0.5065,A,relation-reasoning-agent-eval-v3.1
2026-09-03T14:10:00+09:00,CMP-S02-L03-01,S02,S02-L03,1,running,200.6615,449.33,99.8793,49.5064,1.4561,B,relation-reasoning-agent-eval-v3.1
2026-09-03T14:10:00+09:00,CMP-S02-L04-01,S02,S02-L04,1,running,145.0456,516.0811,114.0022,42.8854,0.1771,A,relation-reasoning-agent-eval-v3.1
2026-09-03T14:10:00+09:00,CMP-S02-L05-01,S02,S02-L05,1,running,176.3072,463.1719,92.0882,38.9701,-0.2528,A,relation-reasoning-agent-eval-v3.1
2026-09-03T14:20:00+09:00,CMP-S02-L01-01,S02,S02-L01,1,running,164.5396,471.4853,105.4761,29.3255,-1.8148,B,relation-reasoning-agent-eval-v3.1
2026-09-03T14:20:00+09:00,CMP-S02-L02-01,S02,S02-L02,1,running,155.0196,493.7489,102.934,32.1884,-1.473,B,relation-reasoning-agent-eval-v3.1
2026-09-03T14:20:00+09:00,CMP-S02-L03-01,S02,S02-L03,1,running,195.2873,488.701,103.6358,49.7331,1.4981,B,relation-reasoning-agent-eval-v3.1
2026-09-03T14:20:00+09:00,CMP-S02-L04-01,S02,S02-L04,1,running,147.1654,508.2683,102.6034,37.8282,-0.7594,A,relation-reasoning-agent-eval-v3.1
2026-09-03T14:20:00+09:00,CMP-S02-L05-01,S02,S02-L05,1,running,176.1347,495.0122,91.2694,38.4089,-0.3567,A,relation-reasoning-agent-eval-v3.1
2026-09-03T14:30:00+09:00,CMP-S02-L01-01,S02,S02-L01,1,running,154.7256,439.2062,108.3146,32.3981,-1.2458,B,relation-reasoning-agent-eval-v3.1
2026-09-03T14:30:00+09:00,CMP-S02-L02-01,S02,S02-L02,1,running,141.3735,461.6717,101.6806,31.1609,-1.6633,B,relation-reasoning-agent-eval-v3.1
2026-09-03T14:30:00+09:00,CMP-S02-L03-01,S02,S02-L03,1,running,187.1804,508.4603,95.8496,47.2446,1.0373,B,relation-reasoning-agent-eval-v3.1
2026-09-03T14:30:00+09:00,CMP-S02-L04-01,S02,S02-L04,1,running,140.661,484.1177,100.4286,31.4107,-1.9479,B,relation-reasoning-agent-eval-v3.1
2026-09-03T14:30:00+09:00,CMP-S02-L05-01,S02,S02-L05,1,running,155.0281,469.3554,91.6101,39.8164,-0.096,A,relation-reasoning-agent-eval-v3.1
2026-09-03T14:40:00+09:00,CMP-S02-L01-01,S02,S02-L01,1,running,156.0691,457.4732,104.4662,34.3406,-0.8861,A,relation-reasoning-agent-eval-v3.1
2026-09-03T14:40:00+09:00,CMP-S02-L02-01,S02,S02-L02,1,running,154.7455,445.4058,102.6097,32.9694,-1.3284,B,relation-reasoning-agent-eval-v3.1
2026-09-03T14:40:00+09:00,CMP-S02-L03-01,S02,S02-L03,1,running,193.5314,508.1362,90.6739,47.4513,1.0756,B,relation-reasoning-agent-eval-v3.1
2026-09-03T14:40:00+09:00,CMP-S02-L04-01,S02,S02-L04,1,running,128.0971,489.5866,100.0508,31.0976,-2.0058,C,relation-reasoning-agent-eval-v3.1
2026-09-03T14:40:00+09:00,CMP-S02-L05-01,S02,S02-L05,1,running,155.5745,463.7066,93.4846,40.5962,0.0484,A,relation-reasoning-agent-eval-v3.1
2026-09-03T14:50:00+09:00,CMP-S02-L01-01,S02,S02-L01,1,running,171.1258,460.5153,102.7772,42.9459,0.7075,A,relation-reasoning-agent-eval-v3.1
2026-09-03T14:50:00+09:00,CMP-S02-L02-01,S02,S02-L02,1,running,173.3944,429.3448,110.6761,39.1864,-0.1771,A,relation-reasoning-agent-eval-v3.1
2026-09-03T14:50:00+09:00,CMP-S02-L03-01,S02,S02-L03,1,running,188.0554,486.2851,97.277,44.1455,0.4634,A,relation-reasoning-agent-eval-v3.1
2026-09-03T14:50:00+09:00,CMP-S02-L04-01,S02,S02-L04,1,running,128.502,454.304,94.4609,34.6784,-1.3427,B,relation-reasoning-agent-eval-v3.1
2026-09-03T14:50:00+09:00,CMP-S02-L05-01,S02,S02-L05,1,running,141.7323,459.6859,96.2109,41.4204,0.201,A,relation-reasoning-agent-eval-v3.1
2026-09-03T15:00:00+09:00,CMP-S02-L01-01,S02,S02-L01,1,running,175.093,447.7838,101.1446,44.5113,0.9974,A,relation-reasoning-agent-eval-v3.1
2026-09-03T15:00:00+09:00,CMP-S02-L02-01,S02,S02-L02,1,running,154.659,438.6845,109.3131,42.6322,0.461,A,relation-reasoning-agent-eval-v3.1
2026-09-03T15:00:00+09:00,CMP-S02-L03-01,S02,S02-L03,1,running,174.1497,512.5781,91.8324,39.8373,-0.3344,A,relation-reasoning-agent-eval-v3.1
2026-09-03T15:00:00+09:00,CMP-S02-L04-01,S02,S02-L04,1,running,143.4139,406.5184,103.7064,43.0153,0.2011,A,relation-reasoning-agent-eval-v3.1
2026-09-03T15:00:00+09:00,CMP-S02-L05-01,S02,S02-L05,1,running,154.1039,394.7509,89.7739,41.2898,0.1768,A,relation-reasoning-agent-eval-v3.1
2026-09-03T15:10:00+09:00,CMP-S02-L01-01,S02,S02-L01,1,running,173.5479,458.6694,98.2329,44.714,1.0349,B,relation-reasoning-agent-eval-v3.1
2026-09-03T15:10:00+09:00,CMP-S02-L02-01,S02,S02-L02,1,running,168.1188,460.8388,106.2899,48.8217,1.6072,B,relation-reasoning-agent-eval-v3.1
2026-09-03T15:10:00+09:00,CMP-S02-L03-01,S02,S02-L03,1,running,188.8106,523.6099,106.7212,37.5141,-0.7647,A,relation-reasoning-agent-eval-v3.1
2026-09-03T15:10:00+09:00,CMP-S02-L04-01,S02,S02-L04,1,running,131.6467,425.9232,114.6819,35.1452,-1.2563,B,relation-reasoning-agent-eval-v3.1
2026-09-03T15:10:00+09:00,CMP-S02-L05-01,S02,S02-L05,1,running,144.0801,463.2252,85.7507,48.6745,1.5444,B,relation-reasoning-agent-eval-v3.1
2026-09-03T15:20:00+09:00,CMP-S02-L01-01,S02,S02-L01,1,running,173.4991,476.1013,100.3359,42.1961,0.5686,A,relation-reasoning-agent-eval-v3.1
2026-09-03T15:20:00+09:00,CMP-S02-L02-01,S02,S02-L02,1,running,167.4572,421.4396,105.4888,43.5371,0.6286,A,relation-reasoning-agent-eval-v3.1
2026-09-03T15:20:00+09:00,CMP-S02-L03-01,S02,S02-L03,1,running,184.2531,462.1263,98.3122,31.9581,-1.7935,B,relation-reasoning-agent-eval-v3.1
2026-09-03T15:20:00+09:00,CMP-S02-L04-01,S02,S02-L04,1,running,149.7594,444.4309,119.2149,38.8745,-0.5657,A,relation-reasoning-agent-eval-v3.1
2026-09-03T15:20:00+09:00,CMP-S02-L05-01,S02,S02-L05,1,running,154.3777,468.7565,93.8973,48.2775,1.4708,B,relation-reasoning-agent-eval-v3.1
2026-09-03T15:30:00+09:00,CMP-S02-L01-01,S02,S02-L01,1,running,185.2902,466.2796,103.5854,38.0087,-0.2068,A,relation-reasoning-agent-eval-v3.1
2026-09-03T15:30:00+09:00,CMP-S02-L02-01,S02,S02-L02,1,running,179.8644,423.7199,108.0767,37.2144,-0.5423,A,relation-reasoning-agent-eval-v3.1
2026-09-03T15:30:00+09:00,CMP-S02-L03-01,S02,S02-L03,1,running,176.7005,478.8788,100.2736,37.7444,-0.722,A,relation-reasoning-agent-eval-v3.1
2026-09-03T15:30:00+09:00,CMP-S02-L04-01,S02,S02-L04,1,running,166.9109,411.6126,113.6129,36.7746,-0.9545,A,relation-reasoning-agent-eval-v3.1
2026-09-03T15:30:00+09:00,CMP-S02-L05-01,S02,S02-L05,1,running,168.2688,456.915,95.5274,44.8781,0.8413,A,relation-reasoning-agent-eval-v3.1
2026-09-03T15:40:00+09:00,CMP-S02-L01-01,S02,S02-L01,1,running,188.6905,455.0629,105.8811,35.3937,-0.6911,A,relation-reasoning-agent-eval-v3.1
2026-09-03T15:40:00+09:00,CMP-S02-L02-01,S02,S02-L02,1,running,201.8763,445.587,100.9976,39.0595,-0.2006,A,relation-reasoning-agent-eval-v3.1
2026-09-03T15:40:00+09:00,CMP-S02-L03-01,S02,S02-L03,1,running,190.33,483.6456,102.0777,37.0435,-0.8518,A,relation-reasoning-agent-eval-v3.1
2026-09-03T15:40:00+09:00,CMP-S02-L04-01,S02,S02-L04,1,running,167.9219,445.5891,113.1479,39.5169,-0.4467,A,relation-reasoning-agent-eval-v3.1
2026-09-03T15:40:00+09:00,CMP-S02-L05-01,S02,S02-L05,1,running,162.5329,453.5331,94.9731,42.8419,0.4642,A,relation-reasoning-agent-eval-v3.1
2026-09-03T15:50:00+09:00,CMP-S02-L01-01,S02,S02-L01,1,running,199.5587,436.9333,107.5581,31.8558,-1.3463,B,relation-reasoning-agent-eval-v3.1
2026-09-03T15:50:00+09:00,CMP-S02-L02-01,S02,S02-L02,1,running,189.8027,417.6267,107.7743,44.7817,0.8591,A,relation-reasoning-agent-eval-v3.1
2026-09-03T15:50:00+09:00,CMP-S02-L03-01,S02,S02-L03,1,running,198.5859,440.9172,105.9353,37.3184,-0.8009,A,relation-reasoning-agent-eval-v3.1
2026-09-03T15:50:00+09:00,CMP-S02-L04-01,S02,S02-L04,1,running,165.074,471.816,114.6073,37.1748,-0.8804,A,relation-reasoning-agent-eval-v3.1
2026-09-03T15:50:00+09:00,CMP-S02-L05-01,S02,S02-L05,1,running,179.061,481.0042,100.6591,48.4364,1.5003,B,relation-reasoning-agent-eval-v3.1
2026-09-03T16:00:00+09:00,CMP-S02-L01-01,S02,S02-L01,1,running,205.0515,490.2309,100.9609,28.8509,-1.9027,B,relation-reasoning-agent-eval-v3.1
2026-09-03T16:00:00+09:00,CMP-S02-L02-01,S02,S02-L02,1,running,172.9733,397.0762,102.4021,42.9259,0.5154,A,relation-reasoning-agent-eval-v3.1
2026-09-03T16:00:00+09:00,CMP-S02-L03-01,S02,S02-L03,1,running,180.4236,425.5513,103.3895,39.5296,-0.3914,A,relation-reasoning-agent-eval-v3.1
2026-09-03T16:00:00+09:00,CMP-S02-L04-01,S02,S02-L04,1,running,181.9844,471.786,106.0791,41.0754,-0.1581,A,relation-reasoning-agent-eval-v3.1
2026-09-03T16:00:00+09:00,CMP-S02-L05-01,S02,S02-L05,1,running,166.794,472.0009,104.7581,49.4865,1.6947,B,relation-reasoning-agent-eval-v3.1
2026-09-03T16:10:00+09:00,CMP-S02-L01-01,S02,S02-L01,1,running,205.0711,470.9754,107.381,30.5053,-1.5964,B,relation-reasoning-agent-eval-v3.1
2026-09-03T16:10:00+09:00,CMP-S02-L02-01,S02,S02-L02,1,running,178.2842,440.3537,102.8764,41.6458,0.2783,A,relation-reasoning-agent-eval-v3.1
2026-09-03T16:10:00+09:00,CMP-S02-L03-01,S02,S02-L03,1,running,180.7151,444.0529,101.7207,40.4836,-0.2147,A,relation-reasoning-agent-eval-v3.1
2026-09-03T16:10:00+09:00,CMP-S02-L04-01,S02,S02-L04,1,running,155.0423,482.8409,101.4158,43.8059,0.3475,A,relation-reasoning-agent-eval-v3.1
2026-09-03T16:10:00+09:00,CMP-S02-L05-01,S02,S02-L05,1,running,183.9438,468.8003,104.0019,43.3728,0.5626,A,relation-reasoning-agent-eval-v3.1
2026-09-03T16:20:00+09:00,CMP-S02-L01-01,S02,S02-L01,1,running,185.9178,463.4092,101.2887,31.4601,-1.4195,B,relation-reasoning-agent-eval-v3.1
2026-09-03T16:20:00+09:00,CMP-S02-L02-01,S02,S02-L02,1,running,184.984,436.774,101.1052,40.4673,0.0601,A,relation-reasoning-agent-eval-v3.1
2026-09-03T16:20:00+09:00,CMP-S02-L03-01,S02,S02-L03,1,running,193.6626,434.7742,100.4635,36.2308,-1.0023,B,relation-reasoning-agent-eval-v3.1
2026-09-03T16:20:00+09:00,CMP-S02-L04-01,S02,S02-L04,1,running,156.1475,481.3121,104.3783,38.475,-0.6397,A,relation-reasoning-agent-eval-v3.1
2026-09-03T16:20:00+09:00,CMP-S02-L05-01,S02,S02-L05,1,running,197.5255,433.0855,98.4164,42.3564,0.3743,A,relation-reasoning-agent-eval-v3.1
2026-09-03T16:30:00+09:00,CMP-S02-L01-01,S02,S02-L01,1,running,177.7221,526.5459,103.0303,27.8804,-2.0825,C,relation-reasoning-agent-eval-v3.1
2026-09-03T16:30:00+09:00,CMP-S02-L02-01,S02,S02-L02,1,running,187.6858,436.6798,98.9551,39.4202,-0.1338,A,relation-reasoning-agent-eval-v3.1
2026-09-03T16:30:00+09:00,CMP-S02-L03-01,S02,S02-L03,1,running,185.2329,400.2053,98.2956,38.1862,-0.6402,A,relation-reasoning-agent-eval-v3.1
2026-09-03T16:30:00+09:00,CMP-S02-L04-01,S02,S02-L04,1,running,157.9477,469.3137,104.8714,42.8079,0.1627,A,relation-reasoning-agent-eval-v3.1
2026-09-03T16:30:00+09:00,CMP-S02-L05-01,S02,S02-L05,1,running,200.7372,448.3684,93.713,43.2499,0.5398,A,relation-reasoning-agent-eval-v3.1
2026-09-03T16:40:00+09:00,CMP-S02-L01-01,S02,S02-L01,1,running,184.6857,461.6715,107.6237,26.7357,-2.2944,C,relation-reasoning-agent-eval-v3.1
2026-09-03T16:40:00+09:00,CMP-S02-L02-01,S02,S02-L02,1,running,175.8342,463.9462,102.833,42.6957,0.4728,A,relation-reasoning-agent-eval-v3.1
2026-09-03T16:40:00+09:00,CMP-S02-L03-01,S02,S02-L03,1,running,210.0683,400.8019,100.1983,39.2049,-0.4515,A,relation-reasoning-agent-eval-v3.1
2026-09-03T16:40:00+09:00,CMP-S02-L04-01,S02,S02-L04,1,running,174.3829,461.7048,101.9489,45.0214,0.5726,A,relation-reasoning-agent-eval-v3.1
2026-09-03T16:40:00+09:00,CMP-S02-L05-01,S02,S02-L05,1,running,179.2461,441.8483,101.1745,42.3091,0.3656,A,relation-reasoning-agent-eval-v3.1
2026-09-03T16:50:00+09:00,CMP-S02-L01-01,S02,S02-L01,1,running,188.5655,459.7926,100.4447,31.9578,-1.3274,B,relation-reasoning-agent-eval-v3.1
2026-09-03T16:50:00+09:00,CMP-S02-L02-01,S02,S02-L02,1,running,174.789,452.6279,98.7021,36.2034,-0.7295,A,relation-reasoning-agent-eval-v3.1
2026-09-03T16:50:00+09:00,CMP-S02-L03-01,S02,S02-L03,1,running,212.2271,426.3203,103.1623,43.2083,0.2898,A,relation-reasoning-agent-eval-v3.1
2026-09-03T16:50:00+09:00,CMP-S02-L04-01,S02,S02-L04,1,running,167.2281,440.4409,100.0374,39.7048,-0.4119,A,relation-reasoning-agent-eval-v3.1
2026-09-03T16:50:00+09:00,CMP-S02-L05-01,S02,S02-L05,1,running,180.8159,472.5305,99.9815,43.3426,0.557,A,relation-reasoning-agent-eval-v3.1
2026-09-03T17:00:00+09:00,CMP-S02-L01-01,S02,S02-L01,1,running,211.0442,497.7456,100.5278,32.2182,-1.2791,B,relation-reasoning-agent-eval-v3.1
2026-09-03T17:00:00+09:00,CMP-S02-L02-01,S02,S02-L02,1,running,176.1235,467.8574,98.8819,36.7624,-0.626,A,relation-reasoning-agent-eval-v3.1
2026-09-03T17:00:00+09:00,CMP-S02-L03-01,S02,S02-L03,1,running,210.3527,444.3681,105.9268,38.3138,-0.6165,A,relation-reasoning-agent-eval-v3.1
2026-09-03T17:00:00+09:00,CMP-S02-L04-01,S02,S02-L04,1,running,186.865,435.2747,105.8706,39.7418,-0.4051,A,relation-reasoning-agent-eval-v3.1
2026-09-03T17:00:00+09:00,CMP-S02-L05-01,S02,S02-L05,1,running,176.2761,458.5189,103.285,41.1112,0.1437,A,relation-reasoning-agent-eval-v3.1
2026-09-03T17:10:00+09:00,CMP-S02-L01-01,S02,S02-L01,1,running,193.687,498.7784,103.1116,36.0109,-0.5768,A,relation-reasoning-agent-eval-v3.1
2026-09-03T17:10:00+09:00,CMP-S02-L02-01,S02,S02-L02,1,running,176.5595,408.299,99.8338,41.5175,0.2546,A,relation-reasoning-agent-eval-v3.1
2026-09-03T17:10:00+09:00,CMP-S02-L03-01,S02,S02-L03,1,running,212.069,432.5831,108.9658,41.9578,0.0583,A,relation-reasoning-agent-eval-v3.1
2026-09-03T17:10:00+09:00,CMP-S02-L04-01,S02,S02-L04,1,running,173.2262,471.2257,102.843,40.224,-0.3158,A,relation-reasoning-agent-eval-v3.1
2026-09-03T17:10:00+09:00,CMP-S02-L05-01,S02,S02-L05,1,running,169.5756,469.7184,96.2605,42.2883,0.3617,A,relation-reasoning-agent-eval-v3.1
2026-09-03T17:20:00+09:00,CMP-S02-L01-01,S02,S02-L01,1,running,180.5368,484.8199,106.1106,35.8806,-0.6009,A,relation-reasoning-agent-eval-v3.1
2026-09-03T17:20:00+09:00,CMP-S02-L02-01,S02,S02-L02,1,running,170.7979,410.9408,96.2512,37.0771,-0.5677,A,relation-reasoning-agent-eval-v3.1
2026-09-03T17:20:00+09:00,CMP-S02-L03-01,S02,S02-L03,1,running,214.4855,456.1753,99.3767,41.7724,0.0239,A,relation-reasoning-agent-eval-v3.1
2026-09-03T17:20:00+09:00,CMP-S02-L04-01,S02,S02-L04,1,running,182.6281,504.5439,101.0277,40.1412,-0.3311,A,relation-reasoning-agent-eval-v3.1
2026-09-03T17:20:00+09:00,CMP-S02-L05-01,S02,S02-L05,1,running,144.6016,479.1727,97.4588,43.4269,0.5726,A,relation-reasoning-agent-eval-v3.1
2026-09-03T17:30:00+09:00,CMP-S02-L01-01,S02,S02-L01,1,running,172.5687,459.3327,112.1069,39.3381,0.0393,A,relation-reasoning-agent-eval-v3.1
2026-09-03T17:30:00+09:00,CMP-S02-L02-01,S02,S02-L02,1,running,171.2637,383.7081,92.8637,30.5154,-1.7828,B,relation-reasoning-agent-eval-v3.1
2026-09-03T17:30:00+09:00,CMP-S02-L03-01,S02,S02-L03,1,running,204.8727,421.2263,102.9371,40.3734,-0.2351,A,relation-reasoning-agent-eval-v3.1
2026-09-03T17:30:00+09:00,CMP-S02-L04-01,S02,S02-L04,1,running,177.5192,448.1248,105.298,43.5299,0.2964,A,relation-reasoning-agent-eval-v3.1
2026-09-03T17:30:00+09:00,CMP-S02-L05-01,S02,S02-L05,1,running,143.4173,422.4667,96.2173,44.473,0.7663,A,relation-reasoning-agent-eval-v3.1
2026-09-03T17:40:00+09:00,CMP-S02-L01-01,S02,S02-L01,1,running,184.9467,481.4949,114.8958,37.047,-0.3849,A,relation-reasoning-agent-eval-v3.1
2026-09-03T17:40:00+09:00,CMP-S02-L02-01,S02,S02-L02,1,running,172.8565,371.902,99.0496,38.5259,-0.2994,A,relation-reasoning-agent-eval-v3.1
2026-09-03T17:40:00+09:00,CMP-S02-L03-01,S02,S02-L03,1,running,217.683,406.6612,96.323,40.9122,-0.1354,A,relation-reasoning-agent-eval-v3.1
2026-09-03T17:40:00+09:00,CMP-S02-L04-01,S02,S02-L04,1,running,170.8093,467.0665,105.8013,39.9246,-0.3712,A,relation-reasoning-agent-eval-v3.1
2026-09-03T17:40:00+09:00,CMP-S02-L05-01,S02,S02-L05,1,running,133.0572,431.6181,99.0937,44.8182,0.8302,A,relation-reasoning-agent-eval-v3.1
2026-09-03T17:50:00+09:00,CMP-S02-L01-01,S02,S02-L01,1,running,181.1596,467.5614,106.9576,35.2431,-0.719,A,relation-reasoning-agent-eval-v3.1
2026-09-03T17:50:00+09:00,CMP-S02-L02-01,S02,S02-L02,1,running,160.3348,426.7628,103.3344,35.2566,-0.9048,A,relation-reasoning-agent-eval-v3.1
2026-09-03T17:50:00+09:00,CMP-S02-L03-01,S02,S02-L03,1,running,209.9976,444.1604,101.3833,41.8518,0.0386,A,relation-reasoning-agent-eval-v3.1
2026-09-03T17:50:00+09:00,CMP-S02-L04-01,S02,S02-L04,1,running,158.284,485.3943,103.4737,41.5479,-0.0706,A,relation-reasoning-agent-eval-v3.1
2026-09-03T17:50:00+09:00,CMP-S02-L05-01,S02,S02-L05,1,running,146.394,464.8195,104.6054,41.3028,0.1792,A,relation-reasoning-agent-eval-v3.1
2026-09-03T18:00:00+09:00,CMP-S02-L01-01,S02,S02-L01,1,running,184.5561,416.6283,105.0505,43.2401,0.7619,A,relation-reasoning-agent-eval-v3.1
2026-09-03T18:00:00+09:00,CMP-S02-L02-01,S02,S02-L02,1,running,162.9491,437.1742,102.4243,25.8235,-2.6517,C,relation-reasoning-agent-eval-v3.1
2026-09-03T18:00:00+09:00,CMP-S02-L03-01,S02,S02-L03,1,running,183.3513,439.6044,93.5475,43.531,0.3496,A,relation-reasoning-agent-eval-v3.1
2026-09-03T18:00:00+09:00,CMP-S02-L04-01,S02,S02-L04,1,running,153.9659,487.747,101.6501,40.907,-0.1893,A,relation-reasoning-agent-eval-v3.1
2026-09-03T18:00:00+09:00,CMP-S02-L05-01,S02,S02-L05,1,running,149.3506,433.9627,106.2834,41.6274,0.2393,A,relation-reasoning-agent-eval-v3.1
2026-09-03T18:10:00+09:00,CMP-S02-L01-01,S02,S02-L01,1,running,178.4781,404.4146,104.9185,42.6236,0.6478,A,relation-reasoning-agent-eval-v3.1
2026-09-03T18:10:00+09:00,CMP-S02-L02-01,S02,S02-L02,1,running,155.0118,431.6003,97.759,30.5785,-1.7711,B,relation-reasoning-agent-eval-v3.1
2026-09-03T18:10:00+09:00,CMP-S02-L03-01,S02,S02-L03,1,running,172.1248,428.6556,95.8778,41.1425,-0.0927,A,relation-reasoning-agent-eval-v3.1
2026-09-03T18:10:00+09:00,CMP-S02-L04-01,S02,S02-L04,1,running,164.9975,461.4328,102.8114,36.6907,-0.9701,A,relation-reasoning-agent-eval-v3.1
2026-09-03T18:10:00+09:00,CMP-S02-L05-01,S02,S02-L05,1,running,160.9411,483.2295,100.8963,41.9686,0.3025,A,relation-reasoning-agent-eval-v3.1
2026-09-03T18:20:00+09:00,CMP-S02-L01-01,S02,S02-L01,1,running,184.3751,450.3611,104.4809,35.612,-0.6507,A,relation-reasoning-agent-eval-v3.1
2026-09-03T18:20:00+09:00,CMP-S02-L02-01,S02,S02-L02,1,running,164.0958,505.5215,107.6816,37.3815,-0.5113,A,relation-reasoning-agent-eval-v3.1
2026-09-03T18:20:00+09:00,CMP-S02-L03-01,S02,S02-L03,1,running,182.0974,432.363,104.196,43.7412,0.3885,A,relation-reasoning-agent-eval-v3.1
2026-09-03T18:20:00+09:00,CMP-S02-L04-01,S02,S02-L04,1,running,177.1354,486.2282,99.8801,39.7739,-0.3991,A,relation-reasoning-agent-eval-v3.1
2026-09-03T18:20:00+09:00,CMP-S02-L05-01,S02,S02-L05,1,running,190.9458,488.979,106.4457,42.2611,0.3567,A,relation-reasoning-agent-eval-v3.1
2026-09-03T18:30:00+09:00,CMP-S02-L01-01,S02,S02-L01,1,running,178.7398,486.5786,105.098,30.0257,-1.6852,B,relation-reasoning-agent-eval-v3.1
2026-09-03T18:30:00+09:00,CMP-S02-L02-01,S02,S02-L02,1,running,157.0662,480.5211,110.9116,47.131,1.2941,B,relation-reasoning-agent-eval-v3.1
2026-09-03T18:30:00+09:00,CMP-S02-L03-01,S02,S02-L03,1,running,197.4523,445.5767,100.9258,48.1128,1.1981,B,relation-reasoning-agent-eval-v3.1
2026-09-03T18:30:00+09:00,CMP-S02-L04-01,S02,S02-L04,1,running,188.1327,454.1212,106.6275,38.2574,-0.68,A,relation-reasoning-agent-eval-v3.1
2026-09-03T18:30:00+09:00,CMP-S02-L05-01,S02,S02-L05,1,running,195.6435,497.8787,97.6705,38.6055,-0.3203,A,relation-reasoning-agent-eval-v3.1
2026-09-03T18:40:00+09:00,CMP-S02-L01-01,S02,S02-L01,1,running,179.537,506.9781,93.642,32.5034,-1.2263,B,relation-reasoning-agent-eval-v3.1
2026-09-03T18:40:00+09:00,CMP-S02-L02-01,S02,S02-L02,1,running,164.5702,536.6871,106.4758,50.4476,1.9083,B,relation-reasoning-agent-eval-v3.1
2026-09-03T18:40:00+09:00,CMP-S02-L03-01,S02,S02-L03,1,running,188.3932,431.1012,103.2201,50.8418,1.7034,B,relation-reasoning-agent-eval-v3.1
2026-09-03T18:40:00+09:00,CMP-S02-L04-01,S02,S02-L04,1,running,185.7623,471.8341,102.7416,43.0086,0.1999,A,relation-reasoning-agent-eval-v3.1
2026-09-03T18:40:00+09:00,CMP-S02-L05-01,S02,S02-L05,1,running,207.811,519.3528,91.4916,39.8494,-0.0899,A,relation-reasoning-agent-eval-v3.1
2026-09-03T18:50:00+09:00,CMP-S02-L01-01,S02,S02-L01,1,running,192.2452,453.5473,94.5447,35.7911,-0.6175,A,relation-reasoning-agent-eval-v3.1
2026-09-03T18:50:00+09:00,CMP-S02-L02-01,S02,S02-L02,1,running,172.3814,526.5753,99.0104,46.3642,1.1521,B,relation-reasoning-agent-eval-v3.1
2026-09-03T18:50:00+09:00,CMP-S02-L03-01,S02,S02-L03,1,running,173.4814,474.8228,104.7505,51.0196,1.7364,B,relation-reasoning-agent-eval-v3.1
2026-09-03T18:50:00+09:00,CMP-S02-L04-01,S02,S02-L04,1,running,193.0253,465.3645,96.6603,39.9113,-0.3737,A,relation-reasoning-agent-eval-v3.1
2026-09-03T18:50:00+09:00,CMP-S02-L05-01,S02,S02-L05,1,running,190.3531,449.2157,89.4052,43.2154,0.5334,A,relation-reasoning-agent-eval-v3.1
2026-09-03T19:00:00+09:00,CMP-S02-L01-01,S02,S02-L01,1,running,192.0565,473.9811,96.2902,38.7198,-0.0752,A,relation-reasoning-agent-eval-v3.1
2026-09-03T19:00:00+09:00,CMP-S02-L02-01,S02,S02-L02,1,running,164.9127,515.828,99.5684,41.0099,0.1606,A,relation-reasoning-agent-eval-v3.1
2026-09-03T19:00:00+09:00,CMP-S02-L03-01,S02,S02-L03,1,running,177.734,435.0017,95.6331,53.5211,2.1996,C,relation-reasoning-agent-eval-v3.1
2026-09-03T19:00:00+09:00,CMP-S02-L04-01,S02,S02-L04,1,running,192.2834,490.6423,96.8892,46.505,0.8474,A,relation-reasoning-agent-eval-v3.1
2026-09-03T19:00:00+09:00,CMP-S02-L05-01,S02,S02-L05,1,running,198.1826,432.66,89.4472,42.0476,0.3172,A,relation-reasoning-agent-eval-v3.1
2026-09-03T19:10:00+09:00,CMP-S02-L01-01,S02,S02-L01,1,running,183.8004,477.1691,94.0388,37.9649,-0.215,A,relation-reasoning-agent-eval-v3.1
2026-09-03T19:10:00+09:00,CMP-S02-L02-01,S02,S02-L02,1,running,163.9,491.2252,104.8674,42.3113,0.4016,A,relation-reasoning-agent-eval-v3.1
2026-09-03T19:10:00+09:00,CMP-S02-L03-01,S02,S02-L03,1,running,161.8386,445.0396,97.0484,47.3291,1.053,B,relation-reasoning-agent-eval-v3.1
2026-09-03T19:10:00+09:00,CMP-S02-L04-01,S02,S02-L04,1,running,194.5624,470.7122,98.4458,54.0434,2.2434,C,relation-reasoning-agent-eval-v3.1
2026-09-03T19:10:00+09:00,CMP-S02-L05-01,S02,S02-L05,1,running,196.7227,421.5741,88.2167,42.341,0.3715,A,relation-reasoning-agent-eval-v3.1
2026-09-03T19:20:00+09:00,CMP-S02-L01-01,S02,S02-L01,1,running,168.7829,477.0546,87.2585,39.3809,0.0473,A,relation-reasoning-agent-eval-v3.1
2026-09-03T19:20:00+09:00,CMP-S02-L02-01,S02,S02-L02,1,running,176.9907,519.4603,106.6208,43.3185,0.5881,A,relation-reasoning-agent-eval-v3.1
2026-09-03T19:20:00+09:00,CMP-S02-L03-01,S02,S02-L03,1,running,173.6619,423.7834,102.2365,46.8789,0.9696,A,relation-reasoning-agent-eval-v3.1
2026-09-03T19:20:00+09:00,CMP-S02-L04-01,S02,S02-L04,1,running,187.2029,429.115,97.0778,48.8657,1.2845,B,relation-reasoning-agent-eval-v3.1
2026-09-03T19:20:00+09:00,CMP-S02-L05-01,S02,S02-L05,1,running,186.0607,408.4728,90.8857,36.3593,-0.7362,A,relation-reasoning-agent-eval-v3.1
2026-09-03T19:30:00+09:00,CMP-S02-L01-01,S02,S02-L01,1,running,169.2753,420.6694,91.3081,37.5695,-0.2882,A,relation-reasoning-agent-eval-v3.1
2026-09-03T19:30:00+09:00,CMP-S02-L02-01,S02,S02-L02,1,running,187.9036,520.8916,99.7905,39.311,-0.154,A,relation-reasoning-agent-eval-v3.1
2026-09-03T19:30:00+09:00,CMP-S02-L03-01,S02,S02-L03,1,running,174.2372,455.0755,102.9712,45.4438,0.7038,A,relation-reasoning-agent-eval-v3.1
2026-09-03T19:30:00+09:00,CMP-S02-L04-01,S02,S02-L04,1,running,195.1563,437.1655,91.9563,53.338,2.1127,C,relation-reasoning-agent-eval-v3.1
2026-09-03T19:30:00+09:00,CMP-S02-L05-01,S02,S02-L05,1,running,172.1038,429.4948,97.4763,38.8064,-0.2831,A,relation-reasoning-agent-eval-v3.1
2026-09-03T19:40:00+09:00,CMP-S02-L01-01,S02,S02-L01,1,running,168.8419,443.1631,92.1968,42.3148,0.5906,A,relation-reasoning-agent-eval-v3.1
2026-09-03T19:40:00+09:00,CMP-S02-L02-01,S02,S02-L02,1,running,179.1492,507.5628,102.366,37.3637,-0.5146,A,relation-reasoning-agent-eval-v3.1
2026-09-03T19:40:00+09:00,CMP-S02-L03-01,S02,S02-L03,1,running,176.5829,433.5804,101.1965,36.3426,-0.9816,A,relation-reasoning-agent-eval-v3.1
2026-09-03T19:40:00+09:00,CMP-S02-L04-01,S02,S02-L04,1,running,193.4822,457.3601,93.2598,50.2396,1.539,B,relation-reasoning-agent-eval-v3.1
2026-09-03T19:40:00+09:00,CMP-S02-L05-01,S02,S02-L05,1,running,165.5886,469.0713,95.0229,41.4417,0.205,A,relation-reasoning-agent-eval-v3.1
2026-09-03T19:50:00+09:00,CMP-S02-L01-01,S02,S02-L01,1,running,169.6088,464.3908,93.5785,46.5638,1.3774,B,relation-reasoning-agent-eval-v3.1
2026-09-03T19:50:00+09:00,CMP-S02-L02-01,S02,S02-L02,1,running,179.4726,511.8187,98.1471,38.6074,-0.2843,A,relation-reasoning-agent-eval-v3.1
2026-09-03T19:50:00+09:00,CMP-S02-L03-01,S02,S02-L03,1,running,169.2808,378.2399,106.9849,32.6031,-1.6741,B,relation-reasoning-agent-eval-v3.1
2026-09-03T19:50:00+09:00,CMP-S02-L04-01,S02,S02-L04,1,running,193.7674,505.0012,93.0495,53.614,2.1639,C,relation-reasoning-agent-eval-v3.1
2026-09-03T19:50:00+09:00,CMP-S02-L05-01,S02,S02-L05,1,running,168.384,463.5354,92.556,39.341,-0.1841,A,relation-reasoning-agent-eval-v3.1
2026-09-03T20:00:00+09:00,CMP-S02-L01-01,S02,S02-L01,1,running,161.397,456.8706,101.6881,40.3234,0.2218,A,relation-reasoning-agent-eval-v3.1
2026-09-03T20:00:00+09:00,CMP-S02-L02-01,S02,S02-L02,1,running,158.6416,468.222,101.8338,36.3965,-0.6937,A,relation-reasoning-agent-eval-v3.1
2026-09-03T20:00:00+09:00,CMP-S02-L03-01,S02,S02-L03,1,running,188.4578,413.2677,102.034,30.241,-2.1115,C,relation-reasoning-agent-eval-v3.1
2026-09-03T20:00:00+09:00,CMP-S02-L04-01,S02,S02-L04,1,running,194.4197,460.3298,94.6074,55.4543,2.5047,C,relation-reasoning-agent-eval-v3.1
2026-09-03T20:00:00+09:00,CMP-S02-L05-01,S02,S02-L05,1,running,155.5533,437.3396,93.5714,37.0785,-0.6031,A,relation-reasoning-agent-eval-v3.1
2026-09-03T20:10:00+09:00,CMP-S02-L01-01,S02,S02-L01,1,running,179.141,457.5393,101.224,39.5842,0.0849,A,relation-reasoning-agent-eval-v3.1
2026-09-03T20:10:00+09:00,CMP-S02-L02-01,S02,S02-L02,1,running,154.4521,439.3871,95.7829,38.7158,-0.2642,A,relation-reasoning-agent-eval-v3.1
2026-09-03T20:10:00+09:00,CMP-S02-L03-01,S02,S02-L03,1,running,200.5477,447.5439,100.094,25.116,-3.0606,D,relation-reasoning-agent-eval-v3.1
2026-09-03T20:10:00+09:00,CMP-S02-L04-01,S02,S02-L04,1,running,192.5005,452.9184,98.8397,50.3109,1.5522,B,relation-reasoning-agent-eval-v3.1
2026-09-03T20:10:00+09:00,CMP-S02-L05-01,S02,S02-L05,1,running,188.5757,391.9076,93.9424,34.646,-1.0535,B,relation-reasoning-agent-eval-v3.1
2026-09-03T20:20:00+09:00,CMP-S02-L01-01,S02,S02-L01,1,running,165.8845,438.2656,103.2574,41.4392,0.4284,A,relation-reasoning-agent-eval-v3.1
2026-09-03T20:20:00+09:00,CMP-S02-L02-01,S02,S02-L02,1,running,152.7978,419.826,96.8933,36.3242,-0.7071,A,relation-reasoning-agent-eval-v3.1
2026-09-03T20:20:00+09:00,CMP-S02-L03-01,S02,S02-L03,1,running,201.9873,498.4051,98.221,23.6705,-3.3283,D,relation-reasoning-agent-eval-v3.1
2026-09-03T20:20:00+09:00,CMP-S02-L04-01,S02,S02-L04,1,running,191.9782,487.8654,99.7568,50.9948,1.6788,B,relation-reasoning-agent-eval-v3.1
2026-09-03T20:20:00+09:00,CMP-S02-L05-01,S02,S02-L05,1,running,178.1314,423.6347,102.2276,36.313,-0.7448,A,relation-reasoning-agent-eval-v3.1
2026-09-03T20:30:00+09:00,CMP-S02-L01-01,S02,S02-L01,1,running,176.5537,432.5773,98.6608,43.8162,0.8686,A,relation-reasoning-agent-eval-v3.1
2026-09-03T20:30:00+09:00,CMP-S02-L02-01,S02,S02-L02,1,running,157.2966,469.7223,97.8893,39.0196,-0.208,A,relation-reasoning-agent-eval-v3.1
2026-09-03T20:30:00+09:00,CMP-S02-L03-01,S02,S02-L03,1,running,204.2398,489.1066,101.4686,29.352,-2.2761,C,relation-reasoning-agent-eval-v3.1
2026-09-03T20:30:00+09:00,CMP-S02-L04-01,S02,S02-L04,1,running,186.0356,494.5834,93.7755,45.4755,0.6567,A,relation-reasoning-agent-eval-v3.1
2026-09-03T20:30:00+09:00,CMP-S02-L05-01,S02,S02-L05,1,running,181.8919,469.0252,97.0883,43.0542,0.5036,A,relation-reasoning-agent-eval-v3.1
2026-09-03T20:40:00+09:00,CMP-S02-L01-01,S02,S02-L01,1,running,179.9756,522.0328,98.3162,44.6805,1.0287,B,relation-reasoning-agent-eval-v3.1
2026-09-03T20:40:00+09:00,CMP-S02-L02-01,S02,S02-L02,1,running,150.7728,461.2757,100.7089,42.0568,0.3545,A,relation-reasoning-agent-eval-v3.1
2026-09-03T20:40:00+09:00,CMP-S02-L03-01,S02,S02-L03,1,running,195.969,468.6142,110.0551,32.6489,-1.6656,B,relation-reasoning-agent-eval-v3.1
2026-09-03T20:40:00+09:00,CMP-S02-L04-01,S02,S02-L04,1,running,188.7891,474.4966,101.1072,43.6704,0.3225,A,relation-reasoning-agent-eval-v3.1
2026-09-03T20:40:00+09:00,CMP-S02-L05-01,S02,S02-L05,1,running,177.2152,425.4503,104.9782,45.1662,0.8947,A,relation-reasoning-agent-eval-v3.1
2026-09-03T20:50:00+09:00,CMP-S02-L01-01,S02,S02-L01,1,running,178.5134,522.4792,103.3262,41.2877,0.4004,A,relation-reasoning-agent-eval-v3.1
2026-09-03T20:50:00+09:00,CMP-S02-L02-01,S02,S02-L02,1,running,152.4615,489.166,102.3792,41.1709,0.1904,A,relation-reasoning-agent-eval-v3.1
2026-09-03T20:50:00+09:00,CMP-S02-L03-01,S02,S02-L03,1,running,180.4929,423.0662,104.5378,36.8529,-0.8871,A,relation-reasoning-agent-eval-v3.1
2026-09-03T20:50:00+09:00,CMP-S02-L04-01,S02,S02-L04,1,running,177.9875,474.3498,100.381,41.7819,-0.0273,A,relation-reasoning-agent-eval-v3.1
2026-09-03T20:50:00+09:00,CMP-S02-L05-01,S02,S02-L05,1,running,179.7522,458.8334,105.5199,43.7984,0.6414,A,relation-reasoning-agent-eval-v3.1
2026-09-03T21:00:00+09:00,CMP-S02-L01-01,S02,S02-L01,1,running,182.597,545.4295,98.2805,40.225,0.2036,A,relation-reasoning-agent-eval-v3.1
2026-09-03T21:00:00+09:00,CMP-S02-L02-01,S02,S02-L02,1,running,165.0682,487.6554,109.7096,46.5836,1.1928,B,relation-reasoning-agent-eval-v3.1
2026-09-03T21:00:00+09:00,CMP-S02-L03-01,S02,S02-L03,1,running,170.5001,476.1524,97.6439,33.5882,-1.4917,B,relation-reasoning-agent-eval-v3.1
2026-09-03T21:00:00+09:00,CMP-S02-L04-01,S02,S02-L04,1,running,180.936,455.9418,98.8398,41.9521,0.0043,A,relation-reasoning-agent-eval-v3.1
2026-09-03T21:00:00+09:00,CMP-S02-L05-01,S02,S02-L05,1,running,186.2315,440.9296,108.6957,43.4496,0.5768,A,relation-reasoning-agent-eval-v3.1
2026-09-03T21:10:00+09:00,CMP-S02-L01-01,S02,S02-L01,1,running,172.3493,563.5701,92.9376,43.8757,0.8796,A,relation-reasoning-agent-eval-v3.1
2026-09-03T21:10:00+09:00,CMP-S02-L02-01,S02,S02-L02,1,running,167.8006,431.1437,106.6152,49.6491,1.7605,B,relation-reasoning-agent-eval-v3.1
2026-09-03T21:10:00+09:00,CMP-S02-L03-01,S02,S02-L03,1,running,170.493,461.5399,96.5609,31.0439,-1.9628,B,relation-reasoning-agent-eval-v3.1
2026-09-03T21:10:00+09:00,CMP-S02-L04-01,S02,S02-L04,1,running,175.5444,466.4963,99.8345,41.0548,-0.1619,A,relation-reasoning-agent-eval-v3.1
2026-09-03T21:10:00+09:00,CMP-S02-L05-01,S02,S02-L05,1,running,167.7841,472.7627,103.8309,43.5208,0.59,A,relation-reasoning-agent-eval-v3.1
2026-09-03T21:20:00+09:00,CMP-S02-L01-01,S02,S02-L01,1,running,156.3943,498.6363,95.2718,47.8662,1.6186,B,relation-reasoning-agent-eval-v3.1
2026-09-03T21:20:00+09:00,CMP-S02-L02-01,S02,S02-L02,1,running,168.5363,438.5573,101.9633,50.0176,1.8287,B,relation-reasoning-agent-eval-v3.1
2026-09-03T21:20:00+09:00,CMP-S02-L03-01,S02,S02-L03,1,running,174.3092,459.8286,93.419,36.31,-0.9876,A,relation-reasoning-agent-eval-v3.1
2026-09-03T21:20:00+09:00,CMP-S02-L04-01,S02,S02-L04,1,running,172.7646,465.7547,103.51,42.6444,0.1324,A,relation-reasoning-agent-eval-v3.1
2026-09-03T21:20:00+09:00,CMP-S02-L05-01,S02,S02-L05,1,running,178.7569,512.2284,93.7866,41.9406,0.2973,A,relation-reasoning-agent-eval-v3.1
2026-09-03T21:30:00+09:00,CMP-S02-L01-01,S02,S02-L01,1,running,155.9259,468.7736,97.4201,50.8653,2.174,C,relation-reasoning-agent-eval-v3.1
2026-09-03T21:30:00+09:00,CMP-S02-L02-01,S02,S02-L02,1,running,156.777,414.8258,89.4409,46.2388,1.1289,B,relation-reasoning-agent-eval-v3.1
2026-09-03T21:30:00+09:00,CMP-S02-L03-01,S02,S02-L03,1,running,172.4653,455.0226,94.2094,45.3651,0.6892,A,relation-reasoning-agent-eval-v3.1
2026-09-03T21:30:00+09:00,CMP-S02-L04-01,S02,S02-L04,1,running,175.0916,490.7415,108.0578,43.8756,0.3605,A,relation-reasoning-agent-eval-v3.1
2026-09-03T21:30:00+09:00,CMP-S02-L05-01,S02,S02-L05,1,running,167.7801,486.1192,93.1026,44.5027,0.7718,A,relation-reasoning-agent-eval-v3.1
2026-09-03T21:40:00+09:00,CMP-S02-L01-01,S02,S02-L01,1,running,180.2175,514.9409,99.1371,43.4134,0.794,A,relation-reasoning-agent-eval-v3.1
2026-09-03T21:40:00+09:00,CMP-S02-L02-01,S02,S02-L02,1,running,151.6514,397.4197,95.7868,41.2075,0.1972,A,relation-reasoning-agent-eval-v3.1
2026-09-03T21:40:00+09:00,CMP-S02-L03-01,S02,S02-L03,1,running,168.9915,442.714,95.3139,45.6146,0.7354,A,relation-reasoning-agent-eval-v3.1
2026-09-03T21:40:00+09:00,CMP-S02-L04-01,S02,S02-L04,1,running,189.7226,421.7688,103.6466,50.5626,1.5988,B,relation-reasoning-agent-eval-v3.1
2026-09-03T21:40:00+09:00,CMP-S02-L05-01,S02,S02-L05,1,running,173.2696,441.197,97.3939,50.3158,1.8483,B,relation-reasoning-agent-eval-v3.1
2026-09-03T21:50:00+09:00,CMP-S02-L01-01,S02,S02-L01,1,running,183.3435,489.2121,94.6947,38.1799,-0.1751,A,relation-reasoning-agent-eval-v3.1
2026-09-03T21:50:00+09:00,CMP-S02-L02-01,S02,S02-L02,1,running,174.6824,415.5339,88.4289,38.653,-0.2759,A,relation-reasoning-agent-eval-v3.1
2026-09-03T21:50:00+09:00,CMP-S02-L03-01,S02,S02-L03,1,running,141.5361,440.532,99.3611,48.1956,1.2134,B,relation-reasoning-agent-eval-v3.1
2026-09-03T21:50:00+09:00,CMP-S02-L04-01,S02,S02-L04,1,running,182.2646,408.7588,98.5893,46.6836,0.8805,A,relation-reasoning-agent-eval-v3.1
2026-09-03T21:50:00+09:00,CMP-S02-L05-01,S02,S02-L05,1,running,169.239,465.6395,98.5642,50.9289,1.9618,B,relation-reasoning-agent-eval-v3.1
2026-09-03T22:00:00+09:00,CMP-S02-L01-01,S02,S02-L01,1,running,197.8884,496.7686,102.7125,40.2478,0.2078,A,relation-reasoning-agent-eval-v3.1
2026-09-03T22:00:00+09:00,CMP-S02-L02-01,S02,S02-L02,1,running,171.6708,473.9201,88.4357,36.3009,-0.7114,A,relation-reasoning-agent-eval-v3.1
2026-09-03T22:00:00+09:00,CMP-S02-L03-01,S02,S02-L03,1,running,148.9079,416.8248,103.131,47.2787,1.0436,B,relation-reasoning-agent-eval-v3.1
2026-09-03T22:00:00+09:00,CMP-S02-L04-01,S02,S02-L04,1,running,180.962,419.2863,93.8807,48.2854,1.1771,B,relation-reasoning-agent-eval-v3.1
2026-09-03T22:00:00+09:00,CMP-S02-L05-01,S02,S02-L05,1,running,170.6056,470.0066,99.7973,49.33,1.6657,B,relation-reasoning-agent-eval-v3.1
2026-09-03T22:10:00+09:00,CMP-S02-L01-01,S02,S02-L01,1,running,179.6744,451.0951,103.3609,35.9641,-0.5855,A,relation-reasoning-agent-eval-v3.1
2026-09-03T22:10:00+09:00,CMP-S02-L02-01,S02,S02-L02,1,running,166.9009,459.609,92.5987,36.443,-0.6851,A,relation-reasoning-agent-eval-v3.1
2026-09-03T22:10:00+09:00,CMP-S02-L03-01,S02,S02-L03,1,running,173.0366,443.1908,110.1758,44.0561,0.4468,A,relation-reasoning-agent-eval-v3.1
2026-09-03T22:10:00+09:00,CMP-S02-L04-01,S02,S02-L04,1,running,166.796,422.1616,95.2617,47.3194,0.9982,A,relation-reasoning-agent-eval-v3.1
2026-09-03T22:10:00+09:00,CMP-S02-L05-01,S02,S02-L05,1,running,177.0796,451.0234,96.0065,44.7665,0.8206,A,relation-reasoning-agent-eval-v3.1
2026-09-03T22:20:00+09:00,CMP-S02-L01-01,S02,S02-L01,1,running,195.0723,465.1261,99.7398,35.7033,-0.6338,A,relation-reasoning-agent-eval-v3.1
2026-09-03T22:20:00+09:00,CMP-S02-L02-01,S02,S02-L02,1,running,175.4131,469.7793,95.6177,34.2919,-1.0835,B,relation-reasoning-agent-eval-v3.1
2026-09-03T22:20:00+09:00,CMP-S02-L03-01,S02,S02-L03,1,running,171.0092,446.8321,104.5863,39.4448,-0.4071,A,relation-reasoning-agent-eval-v3.1
2026-09-03T22:20:00+09:00,CMP-S02-L04-01,S02,S02-L04,1,running,185.6699,416.1598,95.1185,49.5417,1.4097,B,relation-reasoning-agent-eval-v3.1
2026-09-03T22:20:00+09:00,CMP-S02-L05-01,S02,S02-L05,1,running,180.1736,451.8359,98.5242,41.9782,0.3043,A,relation-reasoning-agent-eval-v3.1
2026-09-03T22:30:00+09:00,CMP-S02-L01-01,S02,S02-L01,1,running,188.0231,479.4763,100.4011,35.5355,-0.6648,A,relation-reasoning-agent-eval-v3.1
2026-09-03T22:30:00+09:00,CMP-S02-L02-01,S02,S02-L02,1,running,176.5354,448.1999,94.0006,37.9086,-0.4137,A,relation-reasoning-agent-eval-v3.1
2026-09-03T22:30:00+09:00,CMP-S02-L03-01,S02,S02-L03,1,running,160.3607,405.7915,108.9898,40.6915,-0.1762,A,relation-reasoning-agent-eval-v3.1
2026-09-03T22:30:00+09:00,CMP-S02-L04-01,S02,S02-L04,1,running,177.2414,410.264,96.4401,43.585,0.3066,A,relation-reasoning-agent-eval-v3.1
2026-09-03T22:30:00+09:00,CMP-S02-L05-01,S02,S02-L05,1,running,181.7977,376.6902,96.717,42.6468,0.4281,A,relation-reasoning-agent-eval-v3.1
2026-09-03T22:40:00+09:00,CMP-S02-L01-01,S02,S02-L01,1,running,171.1908,466.0534,103.4743,36.2312,-0.536,A,relation-reasoning-agent-eval-v3.1
2026-09-03T22:40:00+09:00,CMP-S02-L02-01,S02,S02-L02,1,running,172.5488,439.3206,100.9151,38.3996,-0.3228,A,relation-reasoning-agent-eval-v3.1
2026-09-03T22:40:00+09:00,CMP-S02-L03-01,S02,S02-L03,1,running,167.3088,397.3581,108.6424,38.9031,-0.5074,A,relation-reasoning-agent-eval-v3.1
2026-09-03T22:40:00+09:00,CMP-S02-L04-01,S02,S02-L04,1,running,152.7287,411.2346,95.8432,44.5216,0.4801,A,relation-reasoning-agent-eval-v3.1
2026-09-03T22:40:00+09:00,CMP-S02-L05-01,S02,S02-L05,1,running,184.0055,454.4943,95.9431,45.0745,0.8777,A,relation-reasoning-agent-eval-v3.1
2026-09-03T22:50:00+09:00,CMP-S02-L01-01,S02,S02-L01,1,running,174.2034,454.7268,105.64,33.7352,-0.9982,A,relation-reasoning-agent-eval-v3.1
2026-09-03T22:50:00+09:00,CMP-S02-L02-01,S02,S02-L02,1,running,186.9302,439.4905,105.2491,41.195,0.1949,A,relation-reasoning-agent-eval-v3.1
2026-09-03T22:50:00+09:00,CMP-S02-L03-01,S02,S02-L03,1,running,187.3623,428.7714,101.6128,42.4815,0.1552,A,relation-reasoning-agent-eval-v3.1
2026-09-03T22:50:00+09:00,CMP-S02-L04-01,S02,S02-L04,1,running,155.5167,332.4203,100.2302,47.3199,0.9983,A,relation-reasoning-agent-eval-v3.1
2026-09-03T22:50:00+09:00,CMP-S02-L05-01,S02,S02-L05,1,running,171.9329,471.3403,94.8603,49.168,1.6357,B,relation-reasoning-agent-eval-v3.1
2026-09-03T23:00:00+09:00,CMP-S02-L01-01,S02,S02-L01,1,running,167.713,468.8341,102.0852,37.0882,-0.3773,A,relation-reasoning-agent-eval-v3.1
2026-09-03T23:00:00+09:00,CMP-S02-L02-01,S02,S02-L02,1,running,177.9814,456.1309,106.4248,42.3776,0.4139,A,relation-reasoning-agent-eval-v3.1
2026-09-03T23:00:00+09:00,CMP-S02-L03-01,S02,S02-L03,1,running,173.3319,427.6049,100.7247,36.4507,-0.9616,A,relation-reasoning-agent-eval-v3.1
2026-09-03T23:00:00+09:00,CMP-S02-L04-01,S02,S02-L04,1,running,146.1054,315.3302,101.9601,47.461,1.0244,B,relation-reasoning-agent-eval-v3.1
2026-09-03T23:00:00+09:00,CMP-S02-L05-01,S02,S02-L05,1,running,165.9437,450.6918,95.2976,43.2218,0.5346,A,relation-reasoning-agent-eval-v3.1
2026-09-03T23:10:00+09:00,CMP-S02-L01-01,S02,S02-L01,1,running,170.6286,469.3087,109.4528,39.6533,0.0977,A,relation-reasoning-agent-eval-v3.1
2026-09-03T23:10:00+09:00,CMP-S02-L02-01,S02,S02-L02,1,running,170.1076,460.7026,101.0159,45.8471,1.0564,B,relation-reasoning-agent-eval-v3.1
2026-09-03T23:10:00+09:00,CMP-S02-L03-01,S02,S02-L03,1,running,192.273,424.2988,98.1998,41.3571,-0.053,A,relation-reasoning-agent-eval-v3.1
2026-09-03T23:10:00+09:00,CMP-S02-L04-01,S02,S02-L04,1,running,144.6972,345.6245,104.5521,45.2314,0.6115,A,relation-reasoning-agent-eval-v3.1
2026-09-03T23:10:00+09:00,CMP-S02-L05-01,S02,S02-L05,1,running,170.7446,425.0705,92.6063,42.2608,0.3566,A,relation-reasoning-agent-eval-v3.1
2026-09-03T23:20:00+09:00,CMP-S02-L01-01,S02,S02-L01,1,running,166.5386,521.9372,113.7681,36.635,-0.4612,A,relation-reasoning-agent-eval-v3.1
2026-09-03T23:20:00+09:00,CMP-S02-L02-01,S02,S02-L02,1,running,179.6433,414.6177,93.3042,38.4536,-0.3128,A,relation-reasoning-agent-eval-v3.1
2026-09-03T23:20:00+09:00,CMP-S02-L03-01,S02,S02-L03,1,running,190.8514,472.7764,90.8742,46.332,0.8683,A,relation-reasoning-agent-eval-v3.1
2026-09-03T23:20:00+09:00,CMP-S02-L04-01,S02,S02-L04,1,running,139.8933,433.2219,99.5189,46.4983,0.8461,A,relation-reasoning-agent-eval-v3.1
2026-09-03T23:20:00+09:00,CMP-S02-L05-01,S02,S02-L05,1,running,183.469,414.4785,100.478,34.0529,-1.1634,B,relation-reasoning-agent-eval-v3.1
2026-09-03T23:30:00+09:00,CMP-S02-L01-01,S02,S02-L01,1,running,185.6717,495.7783,117.464,38.3132,-0.1505,A,relation-reasoning-agent-eval-v3.1
2026-09-03T23:30:00+09:00,CMP-S02-L02-01,S02,S02-L02,1,running,166.1743,390.3733,95.0719,39.7048,-0.0811,A,relation-reasoning-agent-eval-v3.1
2026-09-03T23:30:00+09:00,CMP-S02-L03-01,S02,S02-L03,1,running,171.7868,483.5925,97.5429,46.9062,0.9746,A,relation-reasoning-agent-eval-v3.1
2026-09-03T23:30:00+09:00,CMP-S02-L04-01,S02,S02-L04,1,running,156.3104,409.0059,100.3279,40.4626,-0.2716,A,relation-reasoning-agent-eval-v3.1
2026-09-03T23:30:00+09:00,CMP-S02-L05-01,S02,S02-L05,1,running,193.0518,414.6386,105.2187,38.8787,-0.2697,A,relation-reasoning-agent-eval-v3.1
2026-09-03T23:40:00+09:00,CMP-S02-L01-01,S02,S02-L01,1,running,181.1702,531.9945,111.4168,35.9176,-0.5941,A,relation-reasoning-agent-eval-v3.1
2026-09-03T23:40:00+09:00,CMP-S02-L02-01,S02,S02-L02,1,running,165.1034,393.9622,96.0402,36.3369,-0.7048,A,relation-reasoning-agent-eval-v3.1
2026-09-03T23:40:00+09:00,CMP-S02-L03-01,S02,S02-L03,1,running,173.6871,496.7243,99.2438,47.0567,1.0025,B,relation-reasoning-agent-eval-v3.1
2026-09-03T23:40:00+09:00,CMP-S02-L04-01,S02,S02-L04,1,running,164.9781,414.1022,99.6887,45.6369,0.6866,A,relation-reasoning-agent-eval-v3.1
2026-09-03T23:40:00+09:00,CMP-S02-L05-01,S02,S02-L05,1,running,174.9397,413.5489,100.9878,40.4253,0.0167,A,relation-reasoning-agent-eval-v3.1
2026-09-03T23:50:00+09:00,CMP-S02-L01-01,S02,S02-L01,1,running,186.6548,516.0689,115.2615,31.8336,-1.3504,B,relation-reasoning-agent-eval-v3.1
2026-09-03T23:50:00+09:00,CMP-S02-L02-01,S02,S02-L02,1,running,166.8415,441.6657,101.1313,35.5082,-0.8582,A,relation-reasoning-agent-eval-v3.1
2026-09-03T23:50:00+09:00,CMP-S02-L03-01,S02,S02-L03,1,running,166.0887,480.9034,93.4721,44.1553,0.4652,A,relation-reasoning-agent-eval-v3.1
2026-09-03T23:50:00+09:00,CMP-S02-L04-01,S02,S02-L04,1,running,180.4014,401.0003,98.7679,46.8439,0.9101,A,relation-reasoning-agent-eval-v3.1
2026-09-03T23:50:00+09:00,CMP-S02-L05-01,S02,S02-L05,1,running,176.4408,405.3706,97.635,39.7452,-0.1092,A,relation-reasoning-agent-eval-v3.1
2026-09-04T00:00:00+09:00,CMP-S02-L01-01,S02,S02-L01,1,running,191.1893,557.36,108.0663,35.7022,-0.634,A,relation-reasoning-agent-eval-v3.1
2026-09-04T00:00:00+09:00,CMP-S02-L02-01,S02,S02-L02,1,running,158.933,458.3318,106.2091,38.2716,-0.3465,A,relation-reasoning-agent-eval-v3.1
2026-09-04T00:00:00+09:00,CMP-S02-L03-01,S02,S02-L03,1,running,164.1159,484.6015,100.0903,32.0504,-1.7764,B,relation-reasoning-agent-eval-v3.1
2026-09-04T00:00:00+09:00,CMP-S02-L04-01,S02,S02-L04,1,running,174.3249,391.1769,102.3322,46.088,0.7702,A,relation-reasoning-agent-eval-v3.1
2026-09-04T00:00:00+09:00,CMP-S02-L05-01,S02,S02-L05,1,running,189.4313,404.1364,103.2048,40.2185,-0.0216,A,relation-reasoning-agent-eval-v3.1
2026-09-04T00:10:00+09:00,CMP-S02-L01-01,S02,S02-L01,1,running,193.5418,545.1236,101.1592,29.0136,-1.8726,B,relation-reasoning-agent-eval-v3.1
2026-09-04T00:10:00+09:00,CMP-S02-L02-01,S02,S02-L02,1,running,164.2355,486.5202,100.2708,38.4475,-0.3139,A,relation-reasoning-agent-eval-v3.1
2026-09-04T00:10:00+09:00,CMP-S02-L03-01,S02,S02-L03,1,running,170.5272,458.3253,100.757,31.2996,-1.9155,B,relation-reasoning-agent-eval-v3.1
2026-09-04T00:10:00+09:00,CMP-S02-L04-01,S02,S02-L04,1,running,176.9055,434.3557,103.2231,45.934,0.7416,A,relation-reasoning-agent-eval-v3.1
2026-09-04T00:10:00+09:00,CMP-S02-L05-01,S02,S02-L05,1,running,191.9238,426.5364,102.3355,44.956,0.8557,A,relation-reasoning-agent-eval-v3.1
2026-09-04T00:20:00+09:00,CMP-S02-L01-01,S02,S02-L01,1,running,182.1654,491.1498,104.8392,30.9247,-1.5187,B,relation-reasoning-agent-eval-v3.1
2026-09-04T00:20:00+09:00,CMP-S02-L02-01,S02,S02-L02,1,running,175.4982,520.1357,103.9563,39.3365,-0.1493,A,relation-reasoning-agent-eval-v3.1
2026-09-04T00:20:00+09:00,CMP-S02-L03-01,S02,S02-L03,1,running,158.3041,452.0268,98.7204,28.421,-2.4485,C,relation-reasoning-agent-eval-v3.1
2026-09-04T00:20:00+09:00,CMP-S02-L04-01,S02,S02-L04,1,running,192.2643,444.0902,103.0129,47.5554,1.0419,B,relation-reasoning-agent-eval-v3.1
2026-09-04T00:20:00+09:00,CMP-S02-L05-01,S02,S02-L05,1,running,183.8393,435.3732,99.1214,47.3543,1.2999,B,relation-reasoning-agent-eval-v3.1
2026-09-04T00:30:00+09:00,CMP-S02-L01-01,S02,S02-L01,1,running,165.3852,536.6653,113.7703,36.6913,-0.4508,A,relation-reasoning-agent-eval-v3.1
2026-09-04T00:30:00+09:00,CMP-S02-L02-01,S02,S02-L02,1,running,193.2263,516.0567,101.6601,37.9073,-0.414,A,relation-reasoning-agent-eval-v3.1
2026-09-04T00:30:00+09:00,CMP-S02-L03-01,S02,S02-L03,1,running,147.6745,436.566,94.3557,29.948,-2.1658,C,relation-reasoning-agent-eval-v3.1
2026-09-04T00:30:00+09:00,CMP-S02-L04-01,S02,S02-L04,1,running,187.9111,422.5195,101.712,47.0953,0.9567,A,relation-reasoning-agent-eval-v3.1
2026-09-04T00:30:00+09:00,CMP-S02-L05-01,S02,S02-L05,1,running,174.4239,426.0372,99.7682,44.5933,0.7886,A,relation-reasoning-agent-eval-v3.1
2026-09-04T00:40:00+09:00,CMP-S02-L01-01,S02,S02-L01,1,running,167.6091,537.601,109.0579,43.7554,0.8574,A,relation-reasoning-agent-eval-v3.1
2026-09-04T00:40:00+09:00,CMP-S02-L02-01,S02,S02-L02,1,running,173.3571,480.6315,106.3793,41.8478,0.3158,A,relation-reasoning-agent-eval-v3.1
2026-09-04T00:40:00+09:00,CMP-S02-L03-01,S02,S02-L03,1,running,156.533,402.5846,93.1351,39.2135,-0.4499,A,relation-reasoning-agent-eval-v3.1
2026-09-04T00:40:00+09:00,CMP-S02-L04-01,S02,S02-L04,1,running,188.2002,435.0271,105.7508,39.5913,-0.4329,A,relation-reasoning-agent-eval-v3.1
2026-09-04T00:40:00+09:00,CMP-S02-L05-01,S02,S02-L05,1,running,168.8694,461.9429,97.0019,48.3415,1.4827,B,relation-reasoning-agent-eval-v3.1
2026-09-04T00:50:00+09:00,CMP-S02-L01-01,S02,S02-L01,1,running,158.8175,466.3642,111.8162,39.5248,0.0739,A,relation-reasoning-agent-eval-v3.1
2026-09-04T00:50:00+09:00,CMP-S02-L02-01,S02,S02-L02,1,running,163.0168,494.1458,115.2324,42.4518,0.4276,A,relation-reasoning-agent-eval-v3.1
2026-09-04T00:50:00+09:00,CMP-S02-L03-01,S02,S02-L03,1,running,157.606,401.5624,87.5041,36.9706,-0.8653,A,relation-reasoning-agent-eval-v3.1
2026-09-04T00:50:00+09:00,CMP-S02-L04-01,S02,S02-L04,1,running,180.1853,442.4165,107.8649,39.2861,-0.4894,A,relation-reasoning-agent-eval-v3.1
2026-09-04T00:50:00+09:00,CMP-S02-L05-01,S02,S02-L05,1,running,150.8822,467.0128,100.4072,42.6228,0.4237,A,relation-reasoning-agent-eval-v3.1
2026-09-04T01:00:00+09:00,CMP-S02-L01-01,S02,S02-L01,1,running,158.3888,487.9057,105.2281,42.8256,0.6852,A,relation-reasoning-agent-eval-v3.1
2026-09-04T01:00:00+09:00,CMP-S02-L02-01,S02,S02-L02,1,running,167.7273,479.0236,113.7599,42.2677,0.3935,A,relation-reasoning-agent-eval-v3.1
2026-09-04T01:00:00+09:00,CMP-S02-L03-01,S02,S02-L03,1,running,155.4768,368.4774,88.9545,40.4226,-0.226,A,relation-reasoning-agent-eval-v3.1
2026-09-04T01:00:00+09:00,CMP-S02-L04-01,S02,S02-L04,1,running,188.8159,421.5436,103.8472,41.7392,-0.0352,A,relation-reasoning-agent-eval-v3.1
2026-09-04T01:00:00+09:00,CMP-S02-L05-01,S02,S02-L05,1,running,154.8771,494.4507,104.0032,35.702,-0.858,A,relation-reasoning-agent-eval-v3.1
2026-09-04T01:10:00+09:00,CMP-S02-L01-01,S02,S02-L01,1,running,182.4567,503.5763,107.5025,48.0025,1.6439,B,relation-reasoning-agent-eval-v3.1
2026-09-04T01:10:00+09:00,CMP-S02-L02-01,S02,S02-L02,1,running,146.7802,493.1885,105.9743,40.7402,0.1107,A,relation-reasoning-agent-eval-v3.1
2026-09-04T01:10:00+09:00,CMP-S02-L03-01,S02,S02-L03,1,running,176.108,376.0041,96.079,39.1658,-0.4588,A,relation-reasoning-agent-eval-v3.1
2026-09-04T01:10:00+09:00,CMP-S02-L04-01,S02,S02-L04,1,running,179.2293,398.2134,109.1216,46.4041,0.8287,A,relation-reasoning-agent-eval-v3.1
2026-09-04T01:10:00+09:00,CMP-S02-L05-01,S02,S02-L05,1,running,168.92,525.9485,101.3441,36.1918,-0.7673,A,relation-reasoning-agent-eval-v3.1
2026-09-04T01:20:00+09:00,CMP-S02-L01-01,S02,S02-L01,1,running,164.2313,525.2525,112.2654,44.6167,1.0169,B,relation-reasoning-agent-eval-v3.1
2026-09-04T01:20:00+09:00,CMP-S02-L02-01,S02,S02-L02,1,running,160.2197,470.0548,111.6288,36.6209,-0.6522,A,relation-reasoning-agent-eval-v3.1
2026-09-04T01:20:00+09:00,CMP-S02-L03-01,S02,S02-L03,1,running,167.032,353.6184,98.9537,37.7231,-0.7259,A,relation-reasoning-agent-eval-v3.1
2026-09-04T01:20:00+09:00,CMP-S02-L04-01,S02,S02-L04,1,running,165.14,402.2211,111.1243,44.154,0.412,A,relation-reasoning-agent-eval-v3.1
2026-09-04T01:20:00+09:00,CMP-S02-L05-01,S02,S02-L05,1,running,188.2248,481.8898,94.6314,39.0724,-0.2338,A,relation-reasoning-agent-eval-v3.1
2026-09-04T01:30:00+09:00,CMP-S02-L01-01,S02,S02-L01,1,running,171.53,488.4053,106.9695,45.4406,1.1694,B,relation-reasoning-agent-eval-v3.1
2026-09-04T01:30:00+09:00,CMP-S02-L02-01,S02,S02-L02,1,running,168.5725,507.2137,108.6653,41.0824,0.174,A,relation-reasoning-agent-eval-v3.1
2026-09-04T01:30:00+09:00,CMP-S02-L03-01,S02,S02-L03,1,running,153.9429,386.2818,98.8727,37.8702,-0.6987,A,relation-reasoning-agent-eval-v3.1
2026-09-04T01:30:00+09:00,CMP-S02-L04-01,S02,S02-L04,1,running,178.6052,448.3768,105.8912,41.7583,-0.0316,A,relation-reasoning-agent-eval-v3.1
2026-09-04T01:30:00+09:00,CMP-S02-L05-01,S02,S02-L05,1,running,191.1816,439.0703,90.2755,35.3223,-0.9283,A,relation-reasoning-agent-eval-v3.1
2026-09-04T01:40:00+09:00,CMP-S02-L01-01,S02,S02-L01,1,running,172.7822,511.749,107.655,49.8288,1.9821,B,relation-reasoning-agent-eval-v3.1
2026-09-04T01:40:00+09:00,CMP-S02-L02-01,S02,S02-L02,1,running,165.0585,481.9142,108.7992,42.9517,0.5202,A,relation-reasoning-agent-eval-v3.1
2026-09-04T01:40:00+09:00,CMP-S02-L03-01,S02,S02-L03,1,running,166.4066,364.0384,104.6038,36.5654,-0.9403,A,relation-reasoning-agent-eval-v3.1
2026-09-04T01:40:00+09:00,CMP-S02-L04-01,S02,S02-L04,1,running,156.2342,448.9247,102.9894,37.8782,-0.7502,A,relation-reasoning-agent-eval-v3.1
2026-09-04T01:40:00+09:00,CMP-S02-L05-01,S02,S02-L05,1,running,171.9946,422.7597,95.4144,36.5884,-0.6938,A,relation-reasoning-agent-eval-v3.1
2026-09-04T01:50:00+09:00,CMP-S02-L01-01,S02,S02-L01,1,running,161.5366,492.5871,102.6514,43.2289,0.7599,A,relation-reasoning-agent-eval-v3.1
2026-09-04T01:50:00+09:00,CMP-S02-L02-01,S02,S02-L02,1,running,167.5756,523.6043,109.4322,36.9294,-0.595,A,relation-reasoning-agent-eval-v3.1
2026-09-04T01:50:00+09:00,CMP-S02-L03-01,S02,S02-L03,1,running,172.7977,392.1376,103.5559,35.1228,-1.2075,B,relation-reasoning-agent-eval-v3.1
2026-09-04T01:50:00+09:00,CMP-S02-L04-01,S02,S02-L04,1,running,162.1257,435.1023,104.0761,42.4818,0.1023,A,relation-reasoning-agent-eval-v3.1
2026-09-04T01:50:00+09:00,CMP-S02-L05-01,S02,S02-L05,1,running,176.4466,459.984,94.7963,37.9087,-0.4493,A,relation-reasoning-agent-eval-v3.1
2026-09-04T02:00:00+09:00,CMP-S02-L01-01,S02,S02-L01,1,running,157.4366,473.9104,106.2172,40.026,0.1667,A,relation-reasoning-agent-eval-v3.1
2026-09-04T02:00:00+09:00,CMP-S02-L02-01,S02,S02-L02,1,running,157.9253,523.1097,106.1287,40.6583,0.0955,A,relation-reasoning-agent-eval-v3.1
2026-09-04T02:00:00+09:00,CMP-S02-L03-01,S02,S02-L03,1,running,171.3909,374.7903,103.0906,33.4082,-1.525,B,relation-reasoning-agent-eval-v3.1
2026-09-04T02:00:00+09:00,CMP-S02-L04-01,S02,S02-L04,1,running,171.0125,412.4795,106.8334,37.5197,-0.8166,A,relation-reasoning-agent-eval-v3.1
2026-09-04T02:00:00+09:00,CMP-S02-L05-01,S02,S02-L05,1,running,174.3544,453.7316,94.2798,42.4582,0.3932,A,relation-reasoning-agent-eval-v3.1
2026-09-04T02:10:00+09:00,CMP-S02-L01-01,S02,S02-L01,1,running,156.3971,432.2942,101.601,34.0607,-0.938,A,relation-reasoning-agent-eval-v3.1
2026-09-04T02:10:00+09:00,CMP-S02-L02-01,S02,S02-L02,1,running,160.0074,494.0042,107.7977,37.304,-0.5257,A,relation-reasoning-agent-eval-v3.1
2026-09-04T02:10:00+09:00,CMP-S02-L03-01,S02,S02-L03,1,running,173.0118,363.0841,103.2207,30.2152,-2.1163,C,relation-reasoning-agent-eval-v3.1
2026-09-04T02:10:00+09:00,CMP-S02-L04-01,S02,S02-L04,1,running,179.8026,416.1134,113.2215,42.5491,0.1148,A,relation-reasoning-agent-eval-v3.1
2026-09-04T02:10:00+09:00,CMP-S02-L05-01,S02,S02-L05,1,running,174.0071,472.4593,86.903,35.0698,-0.975,A,relation-reasoning-agent-eval-v3.1
2026-09-04T02:20:00+09:00,CMP-S02-L01-01,S02,S02-L01,1,running,159.673,442.2861,96.7208,35.7493,-0.6252,A,relation-reasoning-agent-eval-v3.1
2026-09-04T02:20:00+09:00,CMP-S02-L02-01,S02,S02-L02,1,running,154.1193,494.5925,104.6006,39.1603,-0.1819,A,relation-reasoning-agent-eval-v3.1
2026-09-04T02:20:00+09:00,CMP-S02-L03-01,S02,S02-L03,1,running,181.692,336.0265,103.4422,32.8956,-1.6199,B,relation-reasoning-agent-eval-v3.1
2026-09-04T02:20:00+09:00,CMP-S02-L04-01,S02,S02-L04,1,running,165.4632,429.6352,107.368,40.7924,-0.2105,A,relation-reasoning-agent-eval-v3.1
2026-09-04T02:20:00+09:00,CMP-S02-L05-01,S02,S02-L05,1,running,172.2588,469.8541,88.0919,44.1261,0.7021,A,relation-reasoning-agent-eval-v3.1
2026-09-04T02:30:00+09:00,CMP-S02-L01-01,S02,S02-L01,1,running,154.624,452.4283,96.225,35.6169,-0.6498,A,relation-reasoning-agent-eval-v3.1
2026-09-04T02:30:00+09:00,CMP-S02-L02-01,S02,S02-L02,1,running,158.0574,518.0411,107.211,33.4206,-1.2448,B,relation-reasoning-agent-eval-v3.1
2026-09-04T02:30:00+09:00,CMP-S02-L03-01,S02,S02-L03,1,running,175.5763,326.4188,99.1332,30.1867,-2.1216,C,relation-reasoning-agent-eval-v3.1
2026-09-04T02:30:00+09:00,CMP-S02-L04-01,S02,S02-L04,1,running,181.0461,429.9174,106.8489,38.3462,-0.6635,A,relation-reasoning-agent-eval-v3.1
2026-09-04T02:30:00+09:00,CMP-S02-L05-01,S02,S02-L05,1,running,157.2095,471.0469,89.9393,42.0682,0.321,A,relation-reasoning-agent-eval-v3.1
2026-09-04T02:40:00+09:00,CMP-S02-L01-01,S02,S02-L01,1,running,194.1163,498.2336,98.0095,45.8124,1.2383,B,relation-reasoning-agent-eval-v3.1
2026-09-04T02:40:00+09:00,CMP-S02-L02-01,S02,S02-L02,1,running,161.1927,418.5111,104.5654,28.475,-2.1607,C,relation-reasoning-agent-eval-v3.1
2026-09-04T02:40:00+09:00,CMP-S02-L03-01,S02,S02-L03,1,running,156.8607,333.692,92.5354,26.2452,-2.8515,C,relation-reasoning-agent-eval-v3.1
2026-09-04T02:40:00+09:00,CMP-S02-L04-01,S02,S02-L04,1,running,174.2317,408.8996,105.0748,44.3993,0.4574,A,relation-reasoning-agent-eval-v3.1
2026-09-04T02:40:00+09:00,CMP-S02-L05-01,S02,S02-L05,1,running,174.4727,468.0549,94.392,41.9782,0.3043,A,relation-reasoning-agent-eval-v3.1
2026-09-04T02:50:00+09:00,CMP-S02-L01-01,S02,S02-L01,1,running,181.5743,480.4161,104.7983,45.4233,1.1662,B,relation-reasoning-agent-eval-v3.1
2026-09-04T02:50:00+09:00,CMP-S02-L02-01,S02,S02-L02,1,running,159.7804,409.7403,104.4718,35.5683,-0.8471,A,relation-reasoning-agent-eval-v3.1
2026-09-04T02:50:00+09:00,CMP-S02-L03-01,S02,S02-L03,1,running,153.4317,391.1096,100.4213,32.1372,-1.7604,B,relation-reasoning-agent-eval-v3.1
2026-09-04T02:50:00+09:00,CMP-S02-L04-01,S02,S02-L04,1,running,186.5802,378.8567,101.1908,41.7397,-0.0351,A,relation-reasoning-agent-eval-v3.1
2026-09-04T02:50:00+09:00,CMP-S02-L05-01,S02,S02-L05,1,running,157.1886,475.8146,87.4892,43.2654,0.5427,A,relation-reasoning-agent-eval-v3.1
2026-09-04T03:00:00+09:00,CMP-S02-L01-01,S02,S02-L01,1,running,181.8087,439.828,104.1678,52.4204,2.462,C,relation-reasoning-agent-eval-v3.1
2026-09-04T03:00:00+09:00,CMP-S02-L02-01,S02,S02-L02,1,running,176.7974,450.4357,102.746,40.4469,0.0563,A,relation-reasoning-agent-eval-v3.1
2026-09-04T03:00:00+09:00,CMP-S02-L03-01,S02,S02-L03,1,running,148.5448,395.5854,96.4707,34.6099,-1.3025,B,relation-reasoning-agent-eval-v3.1
2026-09-04T03:00:00+09:00,CMP-S02-L04-01,S02,S02-L04,1,running,193.5269,382.2216,99.3209,43.6065,0.3106,A,relation-reasoning-agent-eval-v3.1
2026-09-04T03:00:00+09:00,CMP-S02-L05-01,S02,S02-L05,1,running,173.1955,428.3318,90.3437,43.612,0.6068,A,relation-reasoning-agent-eval-v3.1
2026-09-04T03:10:00+09:00,CMP-S02-L01-01,S02,S02-L01,1,running,186.418,452.0651,105.1186,47.3693,1.5266,B,relation-reasoning-agent-eval-v3.1
2026-09-04T03:10:00+09:00,CMP-S02-L02-01,S02,S02-L02,1,running,182.9396,432.835,104.994,39.3466,-0.1474,A,relation-reasoning-agent-eval-v3.1
2026-09-04T03:10:00+09:00,CMP-S02-L03-01,S02,S02-L03,1,running,157.3741,416.4856,93.6356,36.9504,-0.869,A,relation-reasoning-agent-eval-v3.1
2026-09-04T03:10:00+09:00,CMP-S02-L04-01,S02,S02-L04,1,running,197.4929,422.4938,98.9175,47.7923,1.0858,B,relation-reasoning-agent-eval-v3.1
2026-09-04T03:10:00+09:00,CMP-S02-L05-01,S02,S02-L05,1,running,181.9384,446.6131,91.0614,44.3538,0.7442,A,relation-reasoning-agent-eval-v3.1
2026-09-04T03:20:00+09:00,CMP-S02-L01-01,S02,S02-L01,1,running,179.5098,440.3441,115.1417,48.6716,1.7678,B,relation-reasoning-agent-eval-v3.1
2026-09-04T03:20:00+09:00,CMP-S02-L02-01,S02,S02-L02,1,running,187.9246,451.4633,104.6353,38.803,-0.2481,A,relation-reasoning-agent-eval-v3.1
2026-09-04T03:20:00+09:00,CMP-S02-L03-01,S02,S02-L03,1,running,162.2844,418.3284,99.6647,44.2421,0.4813,A,relation-reasoning-agent-eval-v3.1
2026-09-04T03:20:00+09:00,CMP-S02-L04-01,S02,S02-L04,1,running,204.5831,461.2708,94.9345,44.739,0.5203,A,relation-reasoning-agent-eval-v3.1
2026-09-04T03:20:00+09:00,CMP-S02-L05-01,S02,S02-L05,1,running,191.4279,416.4203,96.4076,43.649,0.6137,A,relation-reasoning-agent-eval-v3.1
2026-09-04T03:30:00+09:00,CMP-S02-L01-01,S02,S02-L01,1,running,179.0341,450.9663,107.2332,39.8899,0.1415,A,relation-reasoning-agent-eval-v3.1
2026-09-04T03:30:00+09:00,CMP-S02-L02-01,S02,S02-L02,1,running,177.5897,467.0714,101.2355,38.6097,-0.2839,A,relation-reasoning-agent-eval-v3.1
2026-09-04T03:30:00+09:00,CMP-S02-L03-01,S02,S02-L03,1,running,163.9415,449.1175,91.0588,39.3901,-0.4172,A,relation-reasoning-agent-eval-v3.1
2026-09-04T03:30:00+09:00,CMP-S02-L04-01,S02,S02-L04,1,running,203.9389,438.8332,86.5431,36.4421,-1.0161,B,relation-reasoning-agent-eval-v3.1
2026-09-04T03:30:00+09:00,CMP-S02-L05-01,S02,S02-L05,1,running,186.0214,437.0486,94.1479,46.9459,1.2242,B,relation-reasoning-agent-eval-v3.1
2026-09-04T03:40:00+09:00,CMP-S02-L01-01,S02,S02-L01,1,running,173.4922,442.6915,102.3101,39.2218,0.0178,A,relation-reasoning-agent-eval-v3.1
2026-09-04T03:40:00+09:00,CMP-S02-L02-01,S02,S02-L02,1,running,158.6935,483.4252,100.8801,43.7349,0.6652,A,relation-reasoning-agent-eval-v3.1
2026-09-04T03:40:00+09:00,CMP-S02-L03-01,S02,S02-L03,1,running,162.2147,485.8072,94.865,35.2678,-1.1806,B,relation-reasoning-agent-eval-v3.1
2026-09-04T03:40:00+09:00,CMP-S02-L04-01,S02,S02-L04,1,running,226.5404,471.8035,86.4922,34.9269,-1.2967,B,relation-reasoning-agent-eval-v3.1
2026-09-04T03:40:00+09:00,CMP-S02-L05-01,S02,S02-L05,1,running,192.1558,507.6264,98.6652,45.1822,0.8976,A,relation-reasoning-agent-eval-v3.1
2026-09-04T03:50:00+09:00,CMP-S02-L01-01,S02,S02-L01,1,running,162.7299,473.5638,104.8346,36.8843,-0.4151,A,relation-reasoning-agent-eval-v3.1
2026-09-04T03:50:00+09:00,CMP-S02-L02-01,S02,S02-L02,1,running,178.555,457.2503,102.152,43.4283,0.6084,A,relation-reasoning-agent-eval-v3.1
2026-09-04T03:50:00+09:00,CMP-S02-L03-01,S02,S02-L03,1,running,150.4317,477.6074,100.8284,34.2439,-1.3702,B,relation-reasoning-agent-eval-v3.1
2026-09-04T03:50:00+09:00,CMP-S02-L04-01,S02,S02-L04,1,running,194.7771,463.6709,92.5034,36.8242,-0.9454,A,relation-reasoning-agent-eval-v3.1
2026-09-04T03:50:00+09:00,CMP-S02-L05-01,S02,S02-L05,1,running,183.7733,519.7975,98.0117,48.71,1.5509,B,relation-reasoning-agent-eval-v3.1
2026-09-04T04:00:00+09:00,CMP-S02-L01-01,S02,S02-L01,1,running,152.672,491.8216,105.579,40.16,0.1915,A,relation-reasoning-agent-eval-v3.1
2026-09-04T04:00:00+09:00,CMP-S02-L02-01,S02,S02-L02,1,running,158.2767,457.776,108.1755,40.2048,0.0115,A,relation-reasoning-agent-eval-v3.1
2026-09-04T04:00:00+09:00,CMP-S02-L03-01,S02,S02-L03,1,running,171.107,453.3978,100.9353,30.6423,-2.0372,C,relation-reasoning-agent-eval-v3.1
2026-09-04T04:00:00+09:00,CMP-S02-L04-01,S02,S02-L04,1,running,182.6171,462.664,92.0777,42.3604,0.0799,A,relation-reasoning-agent-eval-v3.1
2026-09-04T04:00:00+09:00,CMP-S02-L05-01,S02,S02-L05,1,running,171.871,471.5146,106.68,41.3309,0.1844,A,relation-reasoning-agent-eval-v3.1
2026-09-04T04:10:00+09:00,CMP-S02-L01-01,S02,S02-L01,1,running,171.9358,534.9413,102.7091,45.3659,1.1556,B,relation-reasoning-agent-eval-v3.1
2026-09-04T04:10:00+09:00,CMP-S02-L02-01,S02,S02-L02,1,running,159.224,450.9842,102.8485,42.1296,0.3679,A,relation-reasoning-agent-eval-v3.1
2026-09-04T04:10:00+09:00,CMP-S02-L03-01,S02,S02-L03,1,running,167.8695,464.504,100.5018,34.8157,-1.2643,B,relation-reasoning-agent-eval-v3.1
2026-09-04T04:10:00+09:00,CMP-S02-L04-01,S02,S02-L04,1,running,185.8003,465.4396,87.0927,45.5565,0.6717,A,relation-reasoning-agent-eval-v3.1
2026-09-04T04:10:00+09:00,CMP-S02-L05-01,S02,S02-L05,1,running,159.5203,456.7677,100.4639,38.1639,-0.4021,A,relation-reasoning-agent-eval-v3.1
2026-09-04T04:20:00+09:00,CMP-S02-L01-01,S02,S02-L01,1,running,166.6206,453.5555,97.0659,42.1775,0.5652,A,relation-reasoning-agent-eval-v3.1
2026-09-04T04:20:00+09:00,CMP-S02-L02-01,S02,S02-L02,1,running,140.3699,454.4405,103.8687,39.3911,-0.1392,A,relation-reasoning-agent-eval-v3.1
2026-09-04T04:20:00+09:00,CMP-S02-L03-01,S02,S02-L03,1,running,172.0219,426.9879,101.801,36.4341,-0.9647,A,relation-reasoning-agent-eval-v3.1
2026-09-04T04:20:00+09:00,CMP-S02-L04-01,S02,S02-L04,1,running,171.6367,431.7047,91.2856,40.358,-0.291,A,relation-reasoning-agent-eval-v3.1
2026-09-04T04:20:00+09:00,CMP-S02-L05-01,S02,S02-L05,1,running,162.6214,449.3642,101.2376,43.84,0.6491,A,relation-reasoning-agent-eval-v3.1
2026-09-04T04:30:00+09:00,CMP-S02-L01-01,S02,S02-L01,1,running,169.5244,454.7138,98.8822,45.2259,1.1297,B,relation-reasoning-agent-eval-v3.1
2026-09-04T04:30:00+09:00,CMP-S02-L02-01,S02,S02-L02,1,running,152.8365,434.475,105.3084,46.9742,1.2651,B,relation-reasoning-agent-eval-v3.1
2026-09-04T04:30:00+09:00,CMP-S02-L03-01,S02,S02-L03,1,running,174.9717,434.6758,99.8811,38.8571,-0.5159,A,relation-reasoning-agent-eval-v3.1
2026-09-04T04:30:00+09:00,CMP-S02-L04-01,S02,S02-L04,1,running,177.1302,477.4533,96.1505,39.5702,-0.4368,A,relation-reasoning-agent-eval-v3.1
2026-09-04T04:30:00+09:00,CMP-S02-L05-01,S02,S02-L05,1,running,166.4452,460.8869,97.8588,41.6241,0.2387,A,relation-reasoning-agent-eval-v3.1
2026-09-04T04:40:00+09:00,CMP-S02-L01-01,S02,S02-L01,1,running,178.9025,426.179,103.5686,40.0414,0.1696,A,relation-reasoning-agent-eval-v3.1
2026-09-04T04:40:00+09:00,CMP-S02-L02-01,S02,S02-L02,1,running,166.7297,448.5816,108.8001,45.807,1.0489,B,relation-reasoning-agent-eval-v3.1
2026-09-04T04:40:00+09:00,CMP-S02-L03-01,S02,S02-L03,1,running,178.4055,408.0611,99.0941,38.2702,-0.6246,A,relation-reasoning-agent-eval-v3.1
2026-09-04T04:40:00+09:00,CMP-S02-L04-01,S02,S02-L04,1,running,163.4168,497.8268,95.7611,37.4872,-0.8226,A,relation-reasoning-agent-eval-v3.1
2026-09-04T04:40:00+09:00,CMP-S02-L05-01,S02,S02-L05,1,running,169.609,484.3998,100.6125,38.802,-0.2839,A,relation-reasoning-agent-eval-v3.1
2026-09-04T04:50:00+09:00,CMP-S02-L01-01,S02,S02-L01,1,running,186.7743,439.1526,97.1808,37.068,-0.381,A,relation-reasoning-agent-eval-v3.1
2026-09-04T04:50:00+09:00,CMP-S02-L02-01,S02,S02-L02,1,running,158.4045,439.346,103.8317,40.8125,0.124,A,relation-reasoning-agent-eval-v3.1
2026-09-04T04:50:00+09:00,CMP-S02-L03-01,S02,S02-L03,1,running,157.4524,441.8298,99.5666,44.7964,0.5839,A,relation-reasoning-agent-eval-v3.1
2026-09-04T04:50:00+09:00,CMP-S02-L04-01,S02,S02-L04,1,running,168.7539,524.7774,88.4536,26.6371,-2.8319,C,relation-reasoning-agent-eval-v3.1
2026-09-04T04:50:00+09:00,CMP-S02-L05-01,S02,S02-L05,1,running,172.9243,467.0933,98.0015,42.6516,0.429,A,relation-reasoning-agent-eval-v3.1
2026-09-04T05:00:00+09:00,CMP-S02-L01-01,S02,S02-L01,1,running,191.1888,465.1086,100.7502,35.1403,-0.738,A,relation-reasoning-agent-eval-v3.1
2026-09-04T05:00:00+09:00,CMP-S02-L02-01,S02,S02-L02,1,running,173.1736,444.1685,98.7875,46.9124,1.2536,B,relation-reasoning-agent-eval-v3.1
2026-09-04T05:00:00+09:00,CMP-S02-L03-01,S02,S02-L03,1,running,150.6041,426.4824,96.9129,40.9218,-0.1336,A,relation-reasoning-agent-eval-v3.1
2026-09-04T05:00:00+09:00,CMP-S02-L04-01,S02,S02-L04,1,running,161.6377,489.6538,92.0252,33.8098,-1.5036,B,relation-reasoning-agent-eval-v3.1
2026-09-04T05:00:00+09:00,CMP-S02-L05-01,S02,S02-L05,1,running,177.3911,421.1558,101.4971,35.507,-0.8941,A,relation-reasoning-agent-eval-v3.1
2026-09-04T05:10:00+09:00,CMP-S02-L01-01,S02,S02-L01,1,running,175.1707,471.8543,98.2162,31.4589,-1.4198,B,relation-reasoning-agent-eval-v3.1
2026-09-04T05:10:00+09:00,CMP-S02-L02-01,S02,S02-L02,1,running,143.264,421.6221,99.6593,43.7728,0.6722,A,relation-reasoning-agent-eval-v3.1
2026-09-04T05:10:00+09:00,CMP-S02-L03-01,S02,S02-L03,1,running,168.1623,431.1898,96.7791,46.35,0.8716,A,relation-reasoning-agent-eval-v3.1
2026-09-04T05:10:00+09:00,CMP-S02-L04-01,S02,S02-L04,1,running,180.1917,498.9898,95.2746,30.8334,-2.0548,C,relation-reasoning-agent-eval-v3.1
2026-09-04T05:10:00+09:00,CMP-S02-L05-01,S02,S02-L05,1,running,180.109,385.8446,91.9093,41.3582,0.1895,A,relation-reasoning-agent-eval-v3.1
2026-09-04T05:20:00+09:00,CMP-S02-L01-01,S02,S02-L01,1,running,169.6113,468.2001,103.3802,37.6905,-0.2658,A,relation-reasoning-agent-eval-v3.1
2026-09-04T05:20:00+09:00,CMP-S02-L02-01,S02,S02-L02,1,running,152.6779,412.787,98.1002,42.1563,0.3729,A,relation-reasoning-agent-eval-v3.1
2026-09-04T05:20:00+09:00,CMP-S02-L03-01,S02,S02-L03,1,running,170.2281,421.0731,101.7914,46.9092,0.9752,A,relation-reasoning-agent-eval-v3.1
2026-09-04T05:20:00+09:00,CMP-S02-L04-01,S02,S02-L04,1,running,192.8698,505.0634,102.87,28.8615,-2.4199,C,relation-reasoning-agent-eval-v3.1
2026-09-04T05:20:00+09:00,CMP-S02-L05-01,S02,S02-L05,1,running,175.6578,407.3026,86.6518,39.8857,-0.0832,A,relation-reasoning-agent-eval-v3.1
2026-09-04T05:30:00+09:00,CMP-S02-L01-01,S02,S02-L01,1,running,166.5554,450.0125,101.824,38.8037,-0.0596,A,relation-reasoning-agent-eval-v3.1
2026-09-04T05:30:00+09:00,CMP-S02-L02-01,S02,S02-L02,1,running,161.9037,477.1122,96.8734,40.7005,0.1033,A,relation-reasoning-agent-eval-v3.1
2026-09-04T05:30:00+09:00,CMP-S02-L03-01,S02,S02-L03,1,running,190.3461,452.7659,100.7937,44.6169,0.5507,A,relation-reasoning-agent-eval-v3.1
2026-09-04T05:30:00+09:00,CMP-S02-L04-01,S02,S02-L04,1,running,193.7434,462.4125,111.4539,28.0301,-2.5739,C,relation-reasoning-agent-eval-v3.1
2026-09-04T05:30:00+09:00,CMP-S02-L05-01,S02,S02-L05,1,running,194.8532,378.3035,85.0296,41.5828,0.2311,A,relation-reasoning-agent-eval-v3.1
2026-09-04T05:40:00+09:00,CMP-S02-L01-01,S02,S02-L01,1,running,169.0039,456.9754,99.8827,53.8134,2.7199,C,relation-reasoning-agent-eval-v3.1
2026-09-04T05:40:00+09:00,CMP-S02-L02-01,S02,S02-L02,1,running,161.3256,425.453,101.4578,40.376,0.0432,A,relation-reasoning-agent-eval-v3.1
2026-09-04T05:40:00+09:00,CMP-S02-L03-01,S02,S02-L03,1,running,203.3689,451.4729,101.8716,40.632,-0.1873,A,relation-reasoning-agent-eval-v3.1
2026-09-04T05:40:00+09:00,CMP-S02-L04-01,S02,S02-L04,1,running,204.6662,502.3281,110.7854,28.7451,-2.4415,C,relation-reasoning-agent-eval-v3.1
2026-09-04T05:40:00+09:00,CMP-S02-L05-01,S02,S02-L05,1,running,187.1686,447.2452,93.9866,35.6956,-0.8592,A,relation-reasoning-agent-eval-v3.1
2026-09-04T05:50:00+09:00,CMP-S02-L01-01,S02,S02-L01,1,running,191.2744,439.4913,102.9133,53.1007,2.588,C,relation-reasoning-agent-eval-v3.1
2026-09-04T05:50:00+09:00,CMP-S02-L02-01,S02,S02-L02,1,running,150.9958,441.9148,104.8048,40.72,0.1069,A,relation-reasoning-agent-eval-v3.1
2026-09-04T05:50:00+09:00,CMP-S02-L03-01,S02,S02-L03,1,running,189.1869,466.233,102.5011,46.841,0.9626,A,relation-reasoning-agent-eval-v3.1
2026-09-04T05:50:00+09:00,CMP-S02-L04-01,S02,S02-L04,1,running,197.419,481.0082,104.6032,34.2735,-1.4177,B,relation-reasoning-agent-eval-v3.1
2026-09-04T05:50:00+09:00,CMP-S02-L05-01,S02,S02-L05,1,running,187.1684,457.2938,96.301,37.7663,-0.4757,A,relation-reasoning-agent-eval-v3.1
2026-09-04T06:00:00+09:00,CMP-S02-L01-01,S02,S02-L01,1,running,184.3305,408.3543,99.7576,46.7483,1.4116,B,relation-reasoning-agent-eval-v3.1
2026-09-04T06:00:00+09:00,CMP-S02-L02-01,S02,S02-L02,1,running,142.4182,412.0048,101.0625,40.2613,0.022,A,relation-reasoning-agent-eval-v3.1
2026-09-04T06:00:00+09:00,CMP-S02-L03-01,S02,S02-L03,1,running,168.0854,461.3093,100.3929,45.6622,0.7443,A,relation-reasoning-agent-eval-v3.1
2026-09-04T06:00:00+09:00,CMP-S02-L04-01,S02,S02-L04,1,running,208.5317,482.4835,102.2135,42.74,0.1502,A,relation-reasoning-agent-eval-v3.1
2026-09-04T06:00:00+09:00,CMP-S02-L05-01,S02,S02-L05,1,running,196.4302,432.2011,96.6091,37.5528,-0.5152,A,relation-reasoning-agent-eval-v3.1
2026-09-04T06:10:00+09:00,CMP-S02-L01-01,S02,S02-L01,1,running,176.7886,440.8402,93.5656,45.3693,1.1562,B,relation-reasoning-agent-eval-v3.1
2026-09-04T06:10:00+09:00,CMP-S02-L02-01,S02,S02-L02,1,running,130.5187,429.2313,105.295,40.6166,0.0878,A,relation-reasoning-agent-eval-v3.1
2026-09-04T06:10:00+09:00,CMP-S02-L03-01,S02,S02-L03,1,running,179.7766,489.2652,102.2849,45.7268,0.7562,A,relation-reasoning-agent-eval-v3.1
2026-09-04T06:10:00+09:00,CMP-S02-L04-01,S02,S02-L04,1,running,196.593,422.0519,105.7286,43.2972,0.2533,A,relation-reasoning-agent-eval-v3.1
2026-09-04T06:10:00+09:00,CMP-S02-L05-01,S02,S02-L05,1,running,207.9949,405.6981,97.0328,31.0484,-1.7197,B,relation-reasoning-agent-eval-v3.1
2026-09-04T06:20:00+09:00,CMP-S02-L01-01,S02,S02-L01,1,running,181.565,458.9912,98.5186,41.7962,0.4946,A,relation-reasoning-agent-eval-v3.1
2026-09-04T06:20:00+09:00,CMP-S02-L02-01,S02,S02-L02,1,running,156.1658,457.062,105.8892,40.897,0.1397,A,relation-reasoning-agent-eval-v3.1
2026-09-04T06:20:00+09:00,CMP-S02-L03-01,S02,S02-L03,1,running,175.3867,429.4378,97.5549,40.4117,-0.2281,A,relation-reasoning-agent-eval-v3.1
2026-09-04T06:20:00+09:00,CMP-S02-L04-01,S02,S02-L04,1,running,214.4884,450.7838,105.0429,43.6087,0.311,A,relation-reasoning-agent-eval-v3.1
2026-09-04T06:20:00+09:00,CMP-S02-L05-01,S02,S02-L05,1,running,192.2941,396.7606,96.491,34.9834,-0.991,A,relation-reasoning-agent-eval-v3.1
2026-09-04T06:30:00+09:00,CMP-S02-L01-01,S02,S02-L01,1,running,186.2088,490.1617,100.1449,36.1967,-0.5424,A,relation-reasoning-agent-eval-v3.1
2026-09-04T06:30:00+09:00,CMP-S02-L02-01,S02,S02-L02,1,running,168.2271,437.2184,105.9858,39.5399,-0.1116,A,relation-reasoning-agent-eval-v3.1
2026-09-04T06:30:00+09:00,CMP-S02-L03-01,S02,S02-L03,1,running,181.3093,424.6745,96.0085,43.6349,0.3688,A,relation-reasoning-agent-eval-v3.1
2026-09-04T06:30:00+09:00,CMP-S02-L04-01,S02,S02-L04,1,running,206.7402,470.7859,106.4306,44.5705,0.4891,A,relation-reasoning-agent-eval-v3.1
2026-09-04T06:30:00+09:00,CMP-S02-L05-01,S02,S02-L05,1,running,180.0701,414.3697,98.424,38.6712,-0.3081,A,relation-reasoning-agent-eval-v3.1
2026-09-04T06:40:00+09:00,CMP-S02-L01-01,S02,S02-L01,1,running,167.3237,433.0824,100.0736,33.3658,-1.0666,B,relation-reasoning-agent-eval-v3.1
2026-09-04T06:40:00+09:00,CMP-S02-L02-01,S02,S02-L02,1,running,145.771,459.6003,108.0561,32.2514,-1.4613,B,relation-reasoning-agent-eval-v3.1
2026-09-04T06:40:00+09:00,CMP-S02-L03-01,S02,S02-L03,1,running,193.2525,428.1429,96.3156,38.6086,-0.562,A,relation-reasoning-agent-eval-v3.1
2026-09-04T06:40:00+09:00,CMP-S02-L04-01,S02,S02-L04,1,running,200.7463,504.9606,99.3483,37.4277,-0.8336,A,relation-reasoning-agent-eval-v3.1
2026-09-04T06:40:00+09:00,CMP-S02-L05-01,S02,S02-L05,1,running,190.0001,399.7824,99.4512,46.3,1.1046,B,relation-reasoning-agent-eval-v3.1
2026-09-04T06:50:00+09:00,CMP-S02-L01-01,S02,S02-L01,1,running,158.4822,430.727,98.6687,37.9645,-0.215,A,relation-reasoning-agent-eval-v3.1
2026-09-04T06:50:00+09:00,CMP-S02-L02-01,S02,S02-L02,1,running,133.142,452.9972,109.7249,36.8838,-0.6035,A,relation-reasoning-agent-eval-v3.1
2026-09-04T06:50:00+09:00,CMP-S02-L03-01,S02,S02-L03,1,running,171.7164,440.6952,102.3855,36.264,-0.9961,A,relation-reasoning-agent-eval-v3.1
2026-09-04T06:50:00+09:00,CMP-S02-L04-01,S02,S02-L04,1,running,183.543,440.1924,97.483,41.1627,-0.1419,A,relation-reasoning-agent-eval-v3.1
2026-09-04T06:50:00+09:00,CMP-S02-L05-01,S02,S02-L05,1,running,174.4846,408.955,96.8572,42.9768,0.4892,A,relation-reasoning-agent-eval-v3.1
2026-09-04T07:00:00+09:00,CMP-S02-L01-01,S02,S02-L01,1,running,164.3749,442.2941,102.9811,37.6388,-0.2753,A,relation-reasoning-agent-eval-v3.1
2026-09-04T07:00:00+09:00,CMP-S02-L02-01,S02,S02-L02,1,running,138.4763,459.7894,103.5271,39.3682,-0.1434,A,relation-reasoning-agent-eval-v3.1
2026-09-04T07:00:00+09:00,CMP-S02-L03-01,S02,S02-L03,1,running,177.0937,399.0393,96.9517,36.5699,-0.9395,A,relation-reasoning-agent-eval-v3.1
2026-09-04T07:00:00+09:00,CMP-S02-L04-01,S02,S02-L04,1,running,183.3868,460.4324,98.8743,40.0618,-0.3458,A,relation-reasoning-agent-eval-v3.1
2026-09-04T07:00:00+09:00,CMP-S02-L05-01,S02,S02-L05,1,running,171.3403,467.2273,95.7653,45.5109,0.9585,A,relation-reasoning-agent-eval-v3.1
2026-09-04T07:10:00+09:00,CMP-S02-L01-01,S02,S02-L01,1,running,164.4825,448.723,110.4205,38.8969,-0.0424,A,relation-reasoning-agent-eval-v3.1
2026-09-04T07:10:00+09:00,CMP-S02-L02-01,S02,S02-L02,1,running,160.0648,493.9855,106.0594,33.9855,-1.1402,B,relation-reasoning-agent-eval-v3.1
2026-09-04T07:10:00+09:00,CMP-S02-L03-01,S02,S02-L03,1,running,186.6274,344.3839,100.8197,37.8635,-0.6999,A,relation-reasoning-agent-eval-v3.1
2026-09-04T07:10:00+09:00,CMP-S02-L04-01,S02,S02-L04,1,running,163.84,434.1601,91.731,38.8398,-0.5721,A,relation-reasoning-agent-eval-v3.1
2026-09-04T07:10:00+09:00,CMP-S02-L05-01,S02,S02-L05,1,running,159.0494,454.5832,92.2971,50.3283,1.8506,B,relation-reasoning-agent-eval-v3.1
2026-09-04T07:20:00+09:00,CMP-S02-L01-01,S02,S02-L01,1,running,167.2493,395.479,108.0469,37.6232,-0.2782,A,relation-reasoning-agent-eval-v3.1
2026-09-04T07:20:00+09:00,CMP-S02-L02-01,S02,S02-L02,1,running,180.8556,496.4437,102.2228,34.8279,-0.9842,A,relation-reasoning-agent-eval-v3.1
2026-09-04T07:20:00+09:00,CMP-S02-L03-01,S02,S02-L03,1,running,182.5983,389.8289,105.2937,33.5912,-1.4911,B,relation-reasoning-agent-eval-v3.1
2026-09-04T07:20:00+09:00,CMP-S02-L04-01,S02,S02-L04,1,running,160.6309,480.7768,90.5379,42.3994,0.0871,A,relation-reasoning-agent-eval-v3.1
2026-09-04T07:20:00+09:00,CMP-S02-L05-01,S02,S02-L05,1,running,169.631,509.1083,85.8925,40.256,-0.0146,A,relation-reasoning-agent-eval-v3.1
2026-09-04T07:30:00+09:00,CMP-S02-L01-01,S02,S02-L01,1,running,161.1482,402.4564,103.0373,35.1554,-0.7352,A,relation-reasoning-agent-eval-v3.1
2026-09-04T07:30:00+09:00,CMP-S02-L02-01,S02,S02-L02,1,running,186.531,482.6793,96.423,41.4638,0.2446,A,relation-reasoning-agent-eval-v3.1
2026-09-04T07:30:00+09:00,CMP-S02-L03-01,S02,S02-L03,1,running,173.2197,400.3431,100.7418,30.1542,-2.1276,C,relation-reasoning-agent-eval-v3.1
2026-09-04T07:30:00+09:00,CMP-S02-L04-01,S02,S02-L04,1,running,173.7077,471.0155,95.2303,38.1467,-0.7004,A,relation-reasoning-agent-eval-v3.1
2026-09-04T07:30:00+09:00,CMP-S02-L05-01,S02,S02-L05,1,running,155.6653,499.0823,90.0778,38.8466,-0.2756,A,relation-reasoning-agent-eval-v3.1
2026-09-04T07:40:00+09:00,CMP-S02-L01-01,S02,S02-L01,1,running,170.8444,458.6528,107.5998,29.4883,-1.7847,B,relation-reasoning-agent-eval-v3.1
2026-09-04T07:40:00+09:00,CMP-S02-L02-01,S02,S02-L02,1,running,208.0846,459.9997,94.6754,38.3523,-0.3315,A,relation-reasoning-agent-eval-v3.1
2026-09-04T07:40:00+09:00,CMP-S02-L03-01,S02,S02-L03,1,running,171.9219,424.188,91.4742,30.5733,-2.05,C,relation-reasoning-agent-eval-v3.1
2026-09-04T07:40:00+09:00,CMP-S02-L04-01,S02,S02-L04,1,running,175.0875,431.8555,103.2163,37.1621,-0.8828,A,relation-reasoning-agent-eval-v3.1
2026-09-04T07:40:00+09:00,CMP-S02-L05-01,S02,S02-L05,1,running,169.1075,514.8829,90.2686,38.2379,-0.3884,A,relation-reasoning-agent-eval-v3.1
2026-09-04T07:50:00+09:00,CMP-S02-L01-01,S02,S02-L01,1,running,169.0771,476.5145,107.6411,31.076,-1.4907,B,relation-reasoning-agent-eval-v3.1
2026-09-04T07:50:00+09:00,CMP-S02-L02-01,S02,S02-L02,1,running,181.8193,469.8767,96.4838,38.0887,-0.3804,A,relation-reasoning-agent-eval-v3.1
2026-09-04T07:50:00+09:00,CMP-S02-L03-01,S02,S02-L03,1,running,165.1672,436.4639,91.2315,38.6816,-0.5484,A,relation-reasoning-agent-eval-v3.1
2026-09-04T07:50:00+09:00,CMP-S02-L04-01,S02,S02-L04,1,running,172.2314,457.0016,98.2494,36.7316,-0.9625,A,relation-reasoning-agent-eval-v3.1
2026-09-04T07:50:00+09:00,CMP-S02-L05-01,S02,S02-L05,1,running,163.1753,482.4101,94.9461,35.6879,-0.8606,A,relation-reasoning-agent-eval-v3.1
2026-09-04T08:00:00+09:00,CMP-S02-L01-01,S02,S02-L01,1,running,158.3503,540.0917,111.6206,34.5893,-0.8401,A,relation-reasoning-agent-eval-v3.1
2026-09-04T08:00:00+09:00,CMP-S02-L02-01,S02,S02-L02,1,running,187.2606,476.0585,96.4965,42.4236,0.4224,A,relation-reasoning-agent-eval-v3.1
2026-09-04T08:00:00+09:00,CMP-S02-L03-01,S02,S02-L03,1,running,160.4679,460.8975,90.7214,38.8868,-0.5105,A,relation-reasoning-agent-eval-v3.1
2026-09-04T08:00:00+09:00,CMP-S02-L04-01,S02,S02-L04,1,running,186.9384,464.243,94.9003,35.5202,-1.1868,B,relation-reasoning-agent-eval-v3.1
2026-09-04T08:00:00+09:00,CMP-S02-L05-01,S02,S02-L05,1,running,155.9584,467.9911,90.0296,36.2283,-0.7605,A,relation-reasoning-agent-eval-v3.1
2026-09-04T08:10:00+09:00,CMP-S02-L01-01,S02,S02-L01,1,running,157.8797,506.7243,113.889,34.5978,-0.8385,A,relation-reasoning-agent-eval-v3.1
2026-09-04T08:10:00+09:00,CMP-S02-L02-01,S02,S02-L02,1,running,182.5671,449.2278,102.3699,44.3626,0.7815,A,relation-reasoning-agent-eval-v3.1
2026-09-04T08:10:00+09:00,CMP-S02-L03-01,S02,S02-L03,1,running,164.2048,407.4315,91.4213,34.2105,-1.3764,B,relation-reasoning-agent-eval-v3.1
2026-09-04T08:10:00+09:00,CMP-S02-L04-01,S02,S02-L04,1,running,169.8342,422.5535,94.7302,35.467,-1.1967,B,relation-reasoning-agent-eval-v3.1
2026-09-04T08:10:00+09:00,CMP-S02-L05-01,S02,S02-L05,1,running,175.6311,462.9345,89.3038,37.373,-0.5485,A,relation-reasoning-agent-eval-v3.1
2026-09-04T08:20:00+09:00,CMP-S02-L01-01,S02,S02-L01,1,running,165.8787,472.209,116.8602,33.9466,-0.9591,A,relation-reasoning-agent-eval-v3.1
2026-09-04T08:20:00+09:00,CMP-S02-L02-01,S02,S02-L02,1,running,155.3954,464.9635,106.3371,39.4366,-0.1308,A,relation-reasoning-agent-eval-v3.1
2026-09-04T08:20:00+09:00,CMP-S02-L03-01,S02,S02-L03,1,running,175.9147,416.5192,98.9042,39.5185,-0.3934,A,relation-reasoning-agent-eval-v3.1
2026-09-04T08:20:00+09:00,CMP-S02-L04-01,S02,S02-L04,1,running,186.3521,407.3591,92.7725,36.3799,-1.0276,B,relation-reasoning-agent-eval-v3.1
2026-09-04T08:20:00+09:00,CMP-S02-L05-01,S02,S02-L05,1,running,159.5343,445.7293,93.9356,43.1922,0.5291,A,relation-reasoning-agent-eval-v3.1
2026-09-04T08:30:00+09:00,CMP-S02-L01-01,S02,S02-L01,1,running,165.7714,472.9255,116.6578,35.5444,-0.6632,A,relation-reasoning-agent-eval-v3.1
2026-09-04T08:30:00+09:00,CMP-S02-L02-01,S02,S02-L02,1,running,166.0747,498.0161,105.4192,40.9006,0.1404,A,relation-reasoning-agent-eval-v3.1
2026-09-04T08:30:00+09:00,CMP-S02-L03-01,S02,S02-L03,1,running,163.7998,445.9903,99.6166,45.0862,0.6376,A,relation-reasoning-agent-eval-v3.1
2026-09-04T08:30:00+09:00,CMP-S02-L04-01,S02,S02-L04,1,running,184.8023,409.1929,100.0391,41.949,0.0037,A,relation-reasoning-agent-eval-v3.1
2026-09-04T08:30:00+09:00,CMP-S02-L05-01,S02,S02-L05,1,running,149.6643,473.6645,87.299,38.0033,-0.4318,A,relation-reasoning-agent-eval-v3.1
2026-09-04T08:40:00+09:00,CMP-S02-L01-01,S02,S02-L01,1,running,160.8813,504.4657,121.2098,39.1463,0.0038,A,relation-reasoning-agent-eval-v3.1
2026-09-04T08:40:00+09:00,CMP-S02-L02-01,S02,S02-L02,1,running,176.3025,476.4182,106.7558,34.8429,-0.9814,A,relation-reasoning-agent-eval-v3.1
2026-09-04T08:40:00+09:00,CMP-S02-L03-01,S02,S02-L03,1,running,165.4401,407.9937,97.2702,47.9743,1.1724,B,relation-reasoning-agent-eval-v3.1
2026-09-04T08:40:00+09:00,CMP-S02-L04-01,S02,S02-L04,1,running,182.9445,443.0224,102.7722,44.4408,0.4651,A,relation-reasoning-agent-eval-v3.1
2026-09-04T08:40:00+09:00,CMP-S02-L05-01,S02,S02-L05,1,running,139.6435,463.0433,88.5117,35.713,-0.8559,A,relation-reasoning-agent-eval-v3.1
2026-09-04T08:50:00+09:00,CMP-S02-L01-01,S02,S02-L01,1,running,167.4448,467.3567,112.325,45.4967,1.1798,B,relation-reasoning-agent-eval-v3.1
2026-09-04T08:50:00+09:00,CMP-S02-L02-01,S02,S02-L02,1,running,176.2097,522.6089,106.9234,35.1266,-0.9289,A,relation-reasoning-agent-eval-v3.1
2026-09-04T08:50:00+09:00,CMP-S02-L03-01,S02,S02-L03,1,running,184.7856,444.3787,98.2196,42.2746,0.1169,A,relation-reasoning-agent-eval-v3.1
2026-09-04T08:50:00+09:00,CMP-S02-L04-01,S02,S02-L04,1,running,196.3045,400.5651,107.6279,46.9786,0.9351,A,relation-reasoning-agent-eval-v3.1
2026-09-04T08:50:00+09:00,CMP-S02-L05-01,S02,S02-L05,1,running,121.7573,442.7807,84.691,37.1354,-0.5925,A,relation-reasoning-agent-eval-v3.1
2026-09-04T09:00:00+09:00,CMP-S02-L01-01,S02,S02-L01,1,running,148.4263,494.8544,113.0307,50.6971,2.1429,C,relation-reasoning-agent-eval-v3.1
2026-09-04T09:00:00+09:00,CMP-S02-L02-01,S02,S02-L02,1,running,176.1716,486.0574,104.2729,29.1287,-2.0396,C,relation-reasoning-agent-eval-v3.1
2026-09-04T09:00:00+09:00,CMP-S02-L03-01,S02,S02-L03,1,running,197.4828,443.5487,99.4697,46.8088,0.9566,A,relation-reasoning-agent-eval-v3.1
2026-09-04T09:00:00+09:00,CMP-S02-L04-01,S02,S02-L04,1,running,182.2668,424.1445,109.243,43.4725,0.2858,A,relation-reasoning-agent-eval-v3.1
2026-09-04T09:00:00+09:00,CMP-S02-L05-01,S02,S02-L05,1,running,132.6969,445.8916,88.8594,41.9432,0.2978,A,relation-reasoning-agent-eval-v3.1
2026-09-04T09:10:00+09:00,CMP-S02-L01-01,S02,S02-L01,1,running,162.3578,505.9514,109.3674,45.7349,1.2239,B,relation-reasoning-agent-eval-v3.1
2026-09-04T09:10:00+09:00,CMP-S02-L02-01,S02,S02-L02,1,running,180.7093,485.0782,101.5955,27.3834,-2.3628,C,relation-reasoning-agent-eval-v3.1
2026-09-04T09:10:00+09:00,CMP-S02-L03-01,S02,S02-L03,1,running,191.8082,415.219,100.835,49.5841,1.4706,B,relation-reasoning-agent-eval-v3.1
2026-09-04T09:10:00+09:00,CMP-S02-L04-01,S02,S02-L04,1,running,175.2212,438.8954,106.2468,36.623,-0.9826,A,relation-reasoning-agent-eval-v3.1
2026-09-04T09:10:00+09:00,CMP-S02-L05-01,S02,S02-L05,1,running,142.3601,468.7936,88.9481,38.2406,-0.3878,A,relation-reasoning-agent-eval-v3.1
2026-09-04T09:20:00+09:00,CMP-S02-L01-01,S02,S02-L01,1,running,160.947,511.3459,113.9898,41.5734,0.4533,A,relation-reasoning-agent-eval-v3.1
2026-09-04T09:20:00+09:00,CMP-S02-L02-01,S02,S02-L02,1,running,192.8576,429.8912,107.8431,27.4835,-2.3443,C,relation-reasoning-agent-eval-v3.1
2026-09-04T09:20:00+09:00,CMP-S02-L03-01,S02,S02-L03,1,running,187.9679,426.5113,98.8076,52.6746,2.0428,C,relation-reasoning-agent-eval-v3.1
2026-09-04T09:20:00+09:00,CMP-S02-L04-01,S02,S02-L04,1,running,180.964,484.8288,109.2988,35.2022,-1.2457,B,relation-reasoning-agent-eval-v3.1
2026-09-04T09:20:00+09:00,CMP-S02-L05-01,S02,S02-L05,1,running,153.6241,471.5357,85.0673,43.0003,0.4936,A,relation-reasoning-agent-eval-v3.1
2026-09-04T09:30:00+09:00,CMP-S02-L01-01,S02,S02-L01,1,running,160.4243,497.9578,103.1936,37.017,-0.3905,A,relation-reasoning-agent-eval-v3.1
2026-09-04T09:30:00+09:00,CMP-S02-L02-01,S02,S02-L02,1,running,180.5543,443.8063,99.2526,31.9349,-1.52,B,relation-reasoning-agent-eval-v3.1
2026-09-04T09:30:00+09:00,CMP-S02-L03-01,S02,S02-L03,1,running,202.6905,435.6664,92.125,44.0509,0.4459,A,relation-reasoning-agent-eval-v3.1
2026-09-04T09:30:00+09:00,CMP-S02-L04-01,S02,S02-L04,1,running,183.0817,507.2703,109.4819,35.3665,-1.2153,B,relation-reasoning-agent-eval-v3.1
2026-09-04T09:30:00+09:00,CMP-S02-L05-01,S02,S02-L05,1,running,165.781,444.8398,86.9158,41.4404,0.2047,A,relation-reasoning-agent-eval-v3.1
2026-09-04T09:40:00+09:00,CMP-S02-L01-01,S02,S02-L01,1,running,154.775,487.1726,107.787,40.8879,0.3263,A,relation-reasoning-agent-eval-v3.1
2026-09-04T09:40:00+09:00,CMP-S02-L02-01,S02,S02-L02,1,running,189.7757,487.2695,98.4877,31.0656,-1.6809,B,relation-reasoning-agent-eval-v3.1
2026-09-04T09:40:00+09:00,CMP-S02-L03-01,S02,S02-L03,1,running,187.1233,439.7172,86.3905,47.3854,1.0634,B,relation-reasoning-agent-eval-v3.1
2026-09-04T09:40:00+09:00,CMP-S02-L04-01,S02,S02-L04,1,running,183.8797,510.6856,102.4872,37.69,-0.785,A,relation-reasoning-agent-eval-v3.1
2026-09-04T09:40:00+09:00,CMP-S02-L05-01,S02,S02-L05,1,running,156.4115,370.5745,88.5737,36.4538,-0.7187,A,relation-reasoning-agent-eval-v3.1
2026-09-04T09:50:00+09:00,CMP-S02-L01-01,S02,S02-L01,1,running,162.2626,494.2548,107.9713,43.5781,0.8245,A,relation-reasoning-agent-eval-v3.1
2026-09-04T09:50:00+09:00,CMP-S02-L02-01,S02,S02-L02,1,running,183.7682,462.6747,101.9259,32.5559,-1.405,B,relation-reasoning-agent-eval-v3.1
2026-09-04T09:50:00+09:00,CMP-S02-L03-01,S02,S02-L03,1,running,186.2296,466.9905,89.0661,43.8456,0.4078,A,relation-reasoning-agent-eval-v3.1
2026-09-04T09:50:00+09:00,CMP-S02-L04-01,S02,S02-L04,1,running,187.3507,505.809,107.9506,44.7326,0.5192,A,relation-reasoning-agent-eval-v3.1
2026-09-04T09:50:00+09:00,CMP-S02-L05-01,S02,S02-L05,1,running,149.4416,419.7095,85.7204,40.2371,-0.0181,A,relation-reasoning-agent-eval-v3.1
2026-09-04T10:00:00+09:00,CMP-S02-L01-01,S02,S02-L01,1,running,168.2916,494.4383,109.1081,38.1114,-0.1878,A,relation-reasoning-agent-eval-v3.1
2026-09-04T10:00:00+09:00,CMP-S02-L02-01,S02,S02-L02,1,running,192.2251,516.6517,99.6343,34.7253,-1.0032,B,relation-reasoning-agent-eval-v3.1
2026-09-04T10:00:00+09:00,CMP-S02-L03-01,S02,S02-L03,1,running,168.8315,477.7755,91.7184,46.5294,0.9049,A,relation-reasoning-agent-eval-v3.1
2026-09-04T10:00:00+09:00,CMP-S02-L04-01,S02,S02-L04,1,running,198.364,430.697,102.3771,39.5476,-0.441,A,relation-reasoning-agent-eval-v3.1
2026-09-04T10:00:00+09:00,CMP-S02-L05-01,S02,S02-L05,1,running,150.2688,419.9071,95.8233,33.7135,-1.2262,B,relation-reasoning-agent-eval-v3.1
2026-09-04T10:10:00+09:00,CMP-S02-L01-01,S02,S02-L01,1,running,180.647,479.2993,104.5841,42.7355,0.6685,A,relation-reasoning-agent-eval-v3.1
2026-09-04T10:10:00+09:00,CMP-S02-L02-01,S02,S02-L02,1,running,180.9889,491.0019,94.8189,35.4506,-0.8689,A,relation-reasoning-agent-eval-v3.1
2026-09-04T10:10:00+09:00,CMP-S02-L03-01,S02,S02-L03,1,running,177.1173,436.2982,94.8012,49.6448,1.4818,B,relation-reasoning-agent-eval-v3.1
2026-09-04T10:10:00+09:00,CMP-S02-L04-01,S02,S02-L04,1,running,192.1037,460.0691,102.0002,41.4529,-0.0882,A,relation-reasoning-agent-eval-v3.1
2026-09-04T10:10:00+09:00,CMP-S02-L05-01,S02,S02-L05,1,running,145.874,422.5736,86.2017,40.2386,-0.0178,A,relation-reasoning-agent-eval-v3.1
2026-09-04T10:20:00+09:00,CMP-S02-L01-01,S02,S02-L01,1,running,176.16,461.8407,108.9459,47.7737,1.6015,B,relation-reasoning-agent-eval-v3.1
2026-09-04T10:20:00+09:00,CMP-S02-L02-01,S02,S02-L02,1,running,162.9079,438.5504,91.0635,40.9277,0.1454,A,relation-reasoning-agent-eval-v3.1
2026-09-04T10:20:00+09:00,CMP-S02-L03-01,S02,S02-L03,1,running,178.9092,431.7306,93.33,41.4004,-0.045,A,relation-reasoning-agent-eval-v3.1
2026-09-04T10:20:00+09:00,CMP-S02-L04-01,S02,S02-L04,1,running,171.2726,461.2523,105.5882,44.206,0.4216,A,relation-reasoning-agent-eval-v3.1
2026-09-04T10:20:00+09:00,CMP-S02-L05-01,S02,S02-L05,1,running,138.6195,427.6888,89.9919,40.6431,0.0571,A,relation-reasoning-agent-eval-v3.1
2026-09-04T10:30:00+09:00,CMP-S02-L01-01,S02,S02-L01,1,running,146.8468,448.1767,114.6231,44.5737,1.0089,B,relation-reasoning-agent-eval-v3.1
2026-09-04T10:30:00+09:00,CMP-S02-L02-01,S02,S02-L02,1,running,161.8279,452.5896,96.5163,39.6057,-0.0994,A,relation-reasoning-agent-eval-v3.1
2026-09-04T10:30:00+09:00,CMP-S02-L03-01,S02,S02-L03,1,running,179.4048,482.8524,91.2094,37.2882,-0.8065,A,relation-reasoning-agent-eval-v3.1
2026-09-04T10:30:00+09:00,CMP-S02-L04-01,S02,S02-L04,1,running,181.3864,485.9592,109.8234,46.779,0.8981,A,relation-reasoning-agent-eval-v3.1
2026-09-04T10:30:00+09:00,CMP-S02-L05-01,S02,S02-L05,1,running,155.0256,503.3158,91.4562,40.8333,0.0923,A,relation-reasoning-agent-eval-v3.1
2026-09-04T10:40:00+09:00,CMP-S02-L01-01,S02,S02-L01,1,running,147.2582,464.8197,111.2017,40.8069,0.3113,A,relation-reasoning-agent-eval-v3.1
2026-09-04T10:40:00+09:00,CMP-S02-L02-01,S02,S02-L02,1,running,181.6933,471.613,99.2474,33.7385,-1.186,B,relation-reasoning-agent-eval-v3.1
2026-09-04T10:40:00+09:00,CMP-S02-L03-01,S02,S02-L03,1,running,172.3715,461.1395,88.198,37.5934,-0.75,A,relation-reasoning-agent-eval-v3.1
2026-09-04T10:40:00+09:00,CMP-S02-L04-01,S02,S02-L04,1,running,181.9336,477.5363,107.138,40.0374,-0.3503,A,relation-reasoning-agent-eval-v3.1
2026-09-04T10:40:00+09:00,CMP-S02-L05-01,S02,S02-L05,1,running,162.1395,488.784,93.5266,45.9828,1.0459,B,relation-reasoning-agent-eval-v3.1
2026-09-04T10:50:00+09:00,CMP-S02-L01-01,S02,S02-L01,1,running,140.1344,454.7992,109.1887,44.1076,0.9226,A,relation-reasoning-agent-eval-v3.1
2026-09-04T10:50:00+09:00,CMP-S02-L02-01,S02,S02-L02,1,running,177.476,434.5122,100.3729,34.6905,-1.0097,B,relation-reasoning-agent-eval-v3.1
2026-09-04T10:50:00+09:00,CMP-S02-L03-01,S02,S02-L03,1,running,173.2606,464.2935,91.6353,36.5082,-0.9509,A,relation-reasoning-agent-eval-v3.1
2026-09-04T10:50:00+09:00,CMP-S02-L04-01,S02,S02-L04,1,running,179.1831,456.5349,104.8351,45.9899,0.752,A,relation-reasoning-agent-eval-v3.1
2026-09-04T10:50:00+09:00,CMP-S02-L05-01,S02,S02-L05,1,running,176.241,408.4848,96.7055,39.3712,-0.1785,A,relation-reasoning-agent-eval-v3.1
2026-09-04T11:00:00+09:00,CMP-S02-L01-01,S02,S02-L01,1,running,142.5396,490.4638,102.2209,50.6513,2.1344,C,relation-reasoning-agent-eval-v3.1
2026-09-04T11:00:00+09:00,CMP-S02-L02-01,S02,S02-L02,1,running,172.1546,392.614,109.5822,38.1578,-0.3676,A,relation-reasoning-agent-eval-v3.1
2026-09-04T11:00:00+09:00,CMP-S02-L03-01,S02,S02-L03,1,running,166.5507,454.6359,98.3585,33.2017,-1.5633,B,relation-reasoning-agent-eval-v3.1
2026-09-04T11:00:00+09:00,CMP-S02-L04-01,S02,S02-L04,1,running,177.6314,439.461,111.4408,50.3439,1.5583,B,relation-reasoning-agent-eval-v3.1
2026-09-04T11:00:00+09:00,CMP-S02-L05-01,S02,S02-L05,1,running,161.9254,425.6632,96.7372,38.0242,-0.4279,A,relation-reasoning-agent-eval-v3.1
2026-09-04T11:10:00+09:00,CMP-S02-L01-01,S02,S02-L01,1,running,153.1626,526.4465,104.6908,47.4141,1.5349,B,relation-reasoning-agent-eval-v3.1
2026-09-04T11:10:00+09:00,CMP-S02-L02-01,S02,S02-L02,1,running,183.2942,389.1044,105.5008,31.639,-1.5748,B,relation-reasoning-agent-eval-v3.1
2026-09-04T11:10:00+09:00,CMP-S02-L03-01,S02,S02-L03,1,running,201.8669,441.2083,93.3444,42.9257,0.2375,A,relation-reasoning-agent-eval-v3.1
2026-09-04T11:10:00+09:00,CMP-S02-L04-01,S02,S02-L04,1,running,184.2521,434.5656,105.6553,48.1046,1.1436,B,relation-reasoning-agent-eval-v3.1
2026-09-04T11:10:00+09:00,CMP-S02-L05-01,S02,S02-L05,1,running,179.3913,449.5458,98.4647,41.1054,0.1427,A,relation-reasoning-agent-eval-v3.1
2026-09-04T11:20:00+09:00,CMP-S02-L01-01,S02,S02-L01,1,running,175.5562,536.9284,101.9313,49.4908,1.9195,B,relation-reasoning-agent-eval-v3.1
2026-09-04T11:20:00+09:00,CMP-S02-L02-01,S02,S02-L02,1,running,172.2611,377.1967,100.5994,41.4197,0.2365,A,relation-reasoning-agent-eval-v3.1
2026-09-04T11:20:00+09:00,CMP-S02-L03-01,S02,S02-L03,1,running,204.1188,402.779,93.8557,37.0068,-0.8586,A,relation-reasoning-agent-eval-v3.1
2026-09-04T11:20:00+09:00,CMP-S02-L04-01,S02,S02-L04,1,running,183.582,450.1624,100.6897,49.546,1.4105,B,relation-reasoning-agent-eval-v3.1
2026-09-04T11:20:00+09:00,CMP-S02-L05-01,S02,S02-L05,1,running,150.6863,447.1838,101.5722,43.6081,0.6061,A,relation-reasoning-agent-eval-v3.1
2026-09-04T11:30:00+09:00,CMP-S02-L01-01,S02,S02-L01,1,running,162.7301,563.1138,97.8399,47.7159,1.5908,B,relation-reasoning-agent-eval-v3.1
2026-09-04T11:30:00+09:00,CMP-S02-L02-01,S02,S02-L02,1,running,161.9894,401.0849,96.7614,43.0341,0.5354,A,relation-reasoning-agent-eval-v3.1
2026-09-04T11:30:00+09:00,CMP-S02-L03-01,S02,S02-L03,1,running,185.9523,432.2534,90.0574,37.1052,-0.8403,A,relation-reasoning-agent-eval-v3.1
2026-09-04T11:30:00+09:00,CMP-S02-L04-01,S02,S02-L04,1,running,190.0952,512.0786,93.4634,50.4492,1.5778,B,relation-reasoning-agent-eval-v3.1
2026-09-04T11:30:00+09:00,CMP-S02-L05-01,S02,S02-L05,1,running,157.0904,496.4823,105.1648,46.3221,1.1087,B,relation-reasoning-agent-eval-v3.1
2026-09-04T11:40:00+09:00,CMP-S02-L01-01,S02,S02-L01,1,running,179.9737,525.0097,104.115,44.6945,1.0313,B,relation-reasoning-agent-eval-v3.1
2026-09-04T11:40:00+09:00,CMP-S02-L02-01,S02,S02-L02,1,running,162.8473,409.7058,91.9326,34.777,-0.9936,A,relation-reasoning-agent-eval-v3.1
2026-09-04T11:40:00+09:00,CMP-S02-L03-01,S02,S02-L03,1,running,191.2082,453.1824,98.7626,36.2885,-0.9916,A,relation-reasoning-agent-eval-v3.1
2026-09-04T11:40:00+09:00,CMP-S02-L04-01,S02,S02-L04,1,running,183.5849,465.8157,95.5915,50.0506,1.504,B,relation-reasoning-agent-eval-v3.1
2026-09-04T11:40:00+09:00,CMP-S02-L05-01,S02,S02-L05,1,running,148.2173,473.9012,100.57,51.8308,2.1289,C,relation-reasoning-agent-eval-v3.1
2026-09-04T11:50:00+09:00,CMP-S02-L01-01,S02,S02-L01,1,running,184.9966,466.62,104.6228,36.5192,-0.4827,A,relation-reasoning-agent-eval-v3.1
2026-09-04T11:50:00+09:00,CMP-S02-L02-01,S02,S02-L02,1,running,157.9722,371.1577,94.1613,34.1536,-1.1091,B,relation-reasoning-agent-eval-v3.1
2026-09-04T11:50:00+09:00,CMP-S02-L03-01,S02,S02-L03,1,running,177.9941,454.9814,102.2221,39.0836,-0.474,A,relation-reasoning-agent-eval-v3.1
2026-09-04T11:50:00+09:00,CMP-S02-L04-01,S02,S02-L04,1,running,184.9298,439.8939,95.3845,43.6579,0.3201,A,relation-reasoning-agent-eval-v3.1
2026-09-04T11:50:00+09:00,CMP-S02-L05-01,S02,S02-L05,1,running,141.4436,418.9682,102.3267,54.3118,2.5883,C,relation-reasoning-agent-eval-v3.1
2026-09-04T12:00:00+09:00,CMP-S02-L01-01,S02,S02-L01,1,running,180.63,469.8961,108.7915,39.5833,0.0847,A,relation-reasoning-agent-eval-v3.1
2026-09-04T12:00:00+09:00,CMP-S02-L02-01,S02,S02-L02,1,running,137.9736,401.2222,99.7224,38.8701,-0.2357,A,relation-reasoning-agent-eval-v3.1
2026-09-04T12:00:00+09:00,CMP-S02-L03-01,S02,S02-L03,1,running,182.6498,433.7113,93.5465,43.2857,0.3042,A,relation-reasoning-agent-eval-v3.1
2026-09-04T12:00:00+09:00,CMP-S02-L04-01,S02,S02-L04,1,running,182.8733,448.868,96.4264,49.6727,1.434,B,relation-reasoning-agent-eval-v3.1
2026-09-04T12:00:00+09:00,CMP-S02-L05-01,S02,S02-L05,1,running,147.6819,385.3887,97.0614,51.3254,2.0353,C,relation-reasoning-agent-eval-v3.1
2026-09-04T12:10:00+09:00,CMP-S02-L01-01,S02,S02-L01,1,running,179.7406,434.3068,103.9157,46.0838,1.2885,B,relation-reasoning-agent-eval-v3.1
2026-09-04T12:10:00+09:00,CMP-S02-L02-01,S02,S02-L02,1,running,142.4868,402.0339,99.5721,32.5147,-1.4126,B,relation-reasoning-agent-eval-v3.1
2026-09-04T12:10:00+09:00,CMP-S02-L03-01,S02,S02-L03,1,running,176.7664,500.2796,92.2014,38.6986,-0.5453,A,relation-reasoning-agent-eval-v3.1
2026-09-04T12:10:00+09:00,CMP-S02-L04-01,S02,S02-L04,1,running,168.3895,404.1217,91.9247,51.2602,1.728,B,relation-reasoning-agent-eval-v3.1
2026-09-04T12:10:00+09:00,CMP-S02-L05-01,S02,S02-L05,1,running,146.414,395.7075,91.0052,48.5142,1.5147,B,relation-reasoning-agent-eval-v3.1
2026-09-04T12:20:00+09:00,CMP-S02-L01-01,S02,S02-L01,1,running,190.0137,477.8613,100.0584,40.1212,0.1844,A,relation-reasoning-agent-eval-v3.1
2026-09-04T12:20:00+09:00,CMP-S02-L02-01,S02,S02-L02,1,running,163.6296,416.6184,101.7898,32.8664,-1.3475,B,relation-reasoning-agent-eval-v3.1
2026-09-04T12:20:00+09:00,CMP-S02-L03-01,S02,S02-L03,1,running,177.5132,461.2242,91.0248,41.1,-0.1006,A,relation-reasoning-agent-eval-v3.1
2026-09-04T12:20:00+09:00,CMP-S02-L04-01,S02,S02-L04,1,running,171.4324,434.5226,96.0598,40.224,-0.3158,A,relation-reasoning-agent-eval-v3.1
2026-09-04T12:20:00+09:00,CMP-S02-L05-01,S02,S02-L05,1,running,147.3344,337.6321,98.3023,40.971,0.1178,A,relation-reasoning-agent-eval-v3.1
2026-09-04T12:30:00+09:00,CMP-S02-L01-01,S02,S02-L01,1,running,173.4041,419.5571,100.9936,33.3411,-1.0712,B,relation-reasoning-agent-eval-v3.1
2026-09-04T12:30:00+09:00,CMP-S02-L02-01,S02,S02-L02,1,running,185.1763,366.4504,94.9405,32.6195,-1.3932,B,relation-reasoning-agent-eval-v3.1
2026-09-04T12:30:00+09:00,CMP-S02-L03-01,S02,S02-L03,1,running,177.7923,409.7264,86.7733,38.6629,-0.5519,A,relation-reasoning-agent-eval-v3.1
2026-09-04T12:30:00+09:00,CMP-S02-L04-01,S02,S02-L04,1,running,185.3971,447.1087,102.2572,39.0664,-0.5301,A,relation-reasoning-agent-eval-v3.1
2026-09-04T12:30:00+09:00,CMP-S02-L05-01,S02,S02-L05,1,running,154.2532,380.3419,98.4001,45.5509,0.9659,A,relation-reasoning-agent-eval-v3.1
2026-09-04T12:40:00+09:00,CMP-S02-L01-01,S02,S02-L01,1,running,173.5766,397.2476,100.8455,35.8765,-0.6017,A,relation-reasoning-agent-eval-v3.1
2026-09-04T12:40:00+09:00,CMP-S02-L02-01,S02,S02-L02,1,running,175.0554,402.0497,90.0185,23.0193,-3.171,D,relation-reasoning-agent-eval-v3.1
2026-09-04T12:40:00+09:00,CMP-S02-L03-01,S02,S02-L03,1,running,173.8434,426.0131,86.9618,42.6844,0.1928,A,relation-reasoning-agent-eval-v3.1
2026-09-04T12:40:00+09:00,CMP-S02-L04-01,S02,S02-L04,1,running,195.9602,445.6602,106.6569,34.4126,-1.392,B,relation-reasoning-agent-eval-v3.1
2026-09-04T12:40:00+09:00,CMP-S02-L05-01,S02,S02-L05,1,running,174.7443,402.9591,100.2662,52.055,2.1704,C,relation-reasoning-agent-eval-v3.1
2026-09-04T12:50:00+09:00,CMP-S02-L01-01,S02,S02-L01,1,running,178.0639,407.0697,99.7897,32.5414,-1.2193,B,relation-reasoning-agent-eval-v3.1
2026-09-04T12:50:00+09:00,CMP-S02-L02-01,S02,S02-L02,1,running,184.2948,387.3811,92.0276,34.8982,-0.9712,A,relation-reasoning-agent-eval-v3.1
2026-09-04T12:50:00+09:00,CMP-S02-L03-01,S02,S02-L03,1,running,173.0742,433.1405,84.2906,49.0917,1.3794,B,relation-reasoning-agent-eval-v3.1
2026-09-04T12:50:00+09:00,CMP-S02-L04-01,S02,S02-L04,1,running,177.5173,468.3995,105.9493,36.3553,-1.0322,B,relation-reasoning-agent-eval-v3.1
2026-09-04T12:50:00+09:00,CMP-S02-L05-01,S02,S02-L05,1,running,160.3359,440.5734,96.3574,51.4862,2.065,C,relation-reasoning-agent-eval-v3.1
2026-09-04T13:00:00+09:00,CMP-S02-L01-01,S02,S02-L01,1,running,192.456,402.3717,100.4037,39.3043,0.0331,A,relation-reasoning-agent-eval-v3.1
2026-09-04T13:00:00+09:00,CMP-S02-L02-01,S02,S02-L02,1,running,180.812,454.4825,96.7334,35.5259,-0.855,A,relation-reasoning-agent-eval-v3.1
2026-09-04T13:00:00+09:00,CMP-S02-L03-01,S02,S02-L03,1,running,186.86,450.4785,83.6942,40.5346,-0.2053,A,relation-reasoning-agent-eval-v3.1
2026-09-04T13:00:00+09:00,CMP-S02-L04-01,S02,S02-L04,1,running,170.3294,501.7867,98.1946,37.8596,-0.7536,A,relation-reasoning-agent-eval-v3.1
2026-09-04T13:00:00+09:00,CMP-S02-L05-01,S02,S02-L05,1,running,167.2996,396.7316,91.188,47.5983,1.345,B,relation-reasoning-agent-eval-v3.1
2026-09-04T13:10:00+09:00,CMP-S02-L01-01,S02,S02-L01,1,running,189.0324,387.7073,101.8344,39.6126,0.0902,A,relation-reasoning-agent-eval-v3.1
2026-09-04T13:10:00+09:00,CMP-S02-L02-01,S02,S02-L02,1,running,182.4414,457.9906,98.2911,36.5929,-0.6574,A,relation-reasoning-agent-eval-v3.1
2026-09-04T13:10:00+09:00,CMP-S02-L03-01,S02,S02-L03,1,running,181.3302,440.8903,83.4375,41.5644,-0.0146,A,relation-reasoning-agent-eval-v3.1
2026-09-04T13:10:00+09:00,CMP-S02-L04-01,S02,S02-L04,1,running,180.4611,520.509,99.2748,40.947,-0.1819,A,relation-reasoning-agent-eval-v3.1
2026-09-04T13:10:00+09:00,CMP-S02-L05-01,S02,S02-L05,1,running,164.7421,479.9954,92.699,44.6382,0.7969,A,relation-reasoning-agent-eval-v3.1
2026-09-04T13:20:00+09:00,CMP-S02-L01-01,S02,S02-L01,1,running,168.7704,387.984,103.3565,43.6886,0.845,A,relation-reasoning-agent-eval-v3.1
2026-09-04T13:20:00+09:00,CMP-S02-L02-01,S02,S02-L02,1,running,179.3393,433.184,95.5876,47.3783,1.3399,B,relation-reasoning-agent-eval-v3.1
2026-09-04T13:20:00+09:00,CMP-S02-L03-01,S02,S02-L03,1,running,186.32,484.9738,79.7598,38.965,-0.496,A,relation-reasoning-agent-eval-v3.1
2026-09-04T13:20:00+09:00,CMP-S02-L04-01,S02,S02-L04,1,running,168.5638,541.3956,99.6346,42.6812,0.1393,A,relation-reasoning-agent-eval-v3.1
2026-09-04T13:20:00+09:00,CMP-S02-L05-01,S02,S02-L05,1,running,184.0855,503.1155,81.5542,46.4391,1.1304,B,relation-reasoning-agent-eval-v3.1
2026-09-04T13:30:00+09:00,CMP-S02-L01-01,S02,S02-L01,1,running,162.4502,370.377,104.0199,40.7775,0.3059,A,relation-reasoning-agent-eval-v3.1
2026-09-04T13:30:00+09:00,CMP-S02-L02-01,S02,S02-L02,1,running,186.3869,445.7502,94.4962,46.5469,1.186,B,relation-reasoning-agent-eval-v3.1
2026-09-04T13:30:00+09:00,CMP-S02-L03-01,S02,S02-L03,1,running,196.8076,486.8457,78.3235,41.5075,-0.0251,A,relation-reasoning-agent-eval-v3.1
2026-09-04T13:30:00+09:00,CMP-S02-L04-01,S02,S02-L04,1,running,169.5452,487.3914,92.4993,43.35,0.2631,A,relation-reasoning-agent-eval-v3.1
2026-09-04T13:30:00+09:00,CMP-S02-L05-01,S02,S02-L05,1,running,167.8066,493.7419,80.703,43.8433,0.6497,A,relation-reasoning-agent-eval-v3.1
2026-09-04T13:40:00+09:00,CMP-S02-L01-01,S02,S02-L01,1,running,178.6216,434.2503,107.4359,41.0135,0.3496,A,relation-reasoning-agent-eval-v3.1
2026-09-04T13:40:00+09:00,CMP-S02-L02-01,S02,S02-L02,1,running,180.0873,484.8438,97.8824,47.2805,1.3218,B,relation-reasoning-agent-eval-v3.1
2026-09-04T13:40:00+09:00,CMP-S02-L03-01,S02,S02-L03,1,running,203.498,450.1384,81.9234,30.2892,-2.1026,C,relation-reasoning-agent-eval-v3.1
2026-09-04T13:40:00+09:00,CMP-S02-L04-01,S02,S02-L04,1,running,177.4217,502.4755,99.3684,43.0845,0.214,A,relation-reasoning-agent-eval-v3.1
2026-09-04T13:40:00+09:00,CMP-S02-L05-01,S02,S02-L05,1,running,178.3959,443.2086,84.7364,41.3484,0.1877,A,relation-reasoning-agent-eval-v3.1
2026-09-04T13:50:00+09:00,CMP-S02-L01-01,S02,S02-L01,1,running,175.1148,457.1548,101.6383,39.3043,0.0331,A,relation-reasoning-agent-eval-v3.1
2026-09-04T13:50:00+09:00,CMP-S02-L02-01,S02,S02-L02,1,running,179.9348,505.9917,97.0141,52.2177,2.2361,C,relation-reasoning-agent-eval-v3.1
2026-09-04T13:50:00+09:00,CMP-S02-L03-01,S02,S02-L03,1,running,192.2181,460.8945,82.7729,28.0899,-2.5099,C,relation-reasoning-agent-eval-v3.1
2026-09-04T13:50:00+09:00,CMP-S02-L04-01,S02,S02-L04,1,running,190.8237,465.5271,104.3558,43.3254,0.2586,A,relation-reasoning-agent-eval-v3.1
2026-09-04T13:50:00+09:00,CMP-S02-L05-01,S02,S02-L05,1,running,181.6276,455.6681,93.6592,39.2116,-0.208,A,relation-reasoning-agent-eval-v3.1
2026-09-04T14:00:00+09:00,CMP-S02-L01-01,S02,S02-L01,1,running,175.317,476.4089,98.2568,39.3647,0.0443,A,relation-reasoning-agent-eval-v3.1
2026-09-04T14:00:00+09:00,CMP-S02-L02-01,S02,S02-L02,1,running,182.6587,500.8111,94.3608,53.9212,2.5516,C,relation-reasoning-agent-eval-v3.1
2026-09-04T14:00:00+09:00,CMP-S02-L03-01,S02,S02-L03,1,running,210.3683,514.6477,83.935,24.2646,-3.2183,D,relation-reasoning-agent-eval-v3.1
2026-09-04T14:00:00+09:00,CMP-S02-L04-01,S02,S02-L04,1,running,177.5866,432.8947,101.7157,40.7261,-0.2228,A,relation-reasoning-agent-eval-v3.1
2026-09-04T14:00:00+09:00,CMP-S02-L05-01,S02,S02-L05,1,running,162.677,478.2881,91.4327,37.2175,-0.5773,A,relation-reasoning-agent-eval-v3.1
2026-09-04T14:10:00+09:00,CMP-S02-L01-01,S02,S02-L01,1,running,164.6905,462.5295,94.1688,33.7917,-0.9878,A,relation-reasoning-agent-eval-v3.1
2026-09-04T14:10:00+09:00,CMP-S02-L02-01,S02,S02-L02,1,running,184.8406,528.4512,97.1387,50.5139,1.9206,B,relation-reasoning-agent-eval-v3.1
2026-09-04T14:10:00+09:00,CMP-S02-L03-01,S02,S02-L03,1,running,216.1595,478.2802,85.387,31.3552,-1.9052,B,relation-reasoning-agent-eval-v3.1
2026-09-04T14:10:00+09:00,CMP-S02-L04-01,S02,S02-L04,1,running,182.5561,449.4228,97.4237,45.0495,0.5779,A,relation-reasoning-agent-eval-v3.1
2026-09-04T14:10:00+09:00,CMP-S02-L05-01,S02,S02-L05,1,running,139.3832,461.2737,92.6711,40.5234,0.0349,A,relation-reasoning-agent-eval-v3.1
2026-09-04T14:20:00+09:00,CMP-S02-L01-01,S02,S02-L01,1,running,166.7213,489.6984,92.7994,29.5256,-1.7778,B,relation-reasoning-agent-eval-v3.1
2026-09-04T14:20:00+09:00,CMP-S02-L02-01,S02,S02-L02,1,running,168.3593,472.7796,102.4075,46.5943,1.1947,B,relation-reasoning-agent-eval-v3.1
2026-09-04T14:20:00+09:00,CMP-S02-L03-01,S02,S02-L03,1,running,193.6153,495.125,89.8939,28.7834,-2.3815,C,relation-reasoning-agent-eval-v3.1
2026-09-04T14:20:00+09:00,CMP-S02-L04-01,S02,S02-L04,1,running,167.9212,459.1269,102.5409,48.3845,1.1954,B,relation-reasoning-agent-eval-v3.1
2026-09-04T14:20:00+09:00,CMP-S02-L05-01,S02,S02-L05,1,running,146.6579,504.0604,99.3813,35.3644,-0.9205,A,relation-reasoning-agent-eval-v3.1
2026-09-04T14:30:00+09:00,CMP-S02-L01-01,S02,S02-L01,1,running,178.6516,480.3494,93.6596,22.9956,-2.9871,C,relation-reasoning-agent-eval-v3.1
2026-09-04T14:30:00+09:00,CMP-S02-L02-01,S02,S02-L02,1,running,178.9792,504.0667,96.1692,40.6327,0.0907,A,relation-reasoning-agent-eval-v3.1
2026-09-04T14:30:00+09:00,CMP-S02-L03-01,S02,S02-L03,1,running,193.0964,458.493,89.3063,23.1699,-3.421,D,relation-reasoning-agent-eval-v3.1
2026-09-04T14:30:00+09:00,CMP-S02-L04-01,S02,S02-L04,1,running,164.1012,438.6221,108.3595,45.5835,0.6767,A,relation-reasoning-agent-eval-v3.1
2026-09-04T14:30:00+09:00,CMP-S02-L05-01,S02,S02-L05,1,running,156.3108,484.0989,107.3513,39.4108,-0.1712,A,relation-reasoning-agent-eval-v3.1
2026-09-04T14:40:00+09:00,CMP-S02-L01-01,S02,S02-L01,1,running,159.1838,437.0259,98.5926,25.4417,-2.5341,C,relation-reasoning-agent-eval-v3.1
2026-09-04T14:40:00+09:00,CMP-S02-L02-01,S02,S02-L02,1,running,181.9086,449.8401,94.0963,43.4215,0.6072,A,relation-reasoning-agent-eval-v3.1
2026-09-04T14:40:00+09:00,CMP-S02-L03-01,S02,S02-L03,1,running,185.3228,409.7458,96.8059,27.2828,-2.6594,C,relation-reasoning-agent-eval-v3.1
2026-09-04T14:40:00+09:00,CMP-S02-L04-01,S02,S02-L04,1,running,181.1268,410.3778,98.7295,43.6287,0.3147,A,relation-reasoning-agent-eval-v3.1
2026-09-04T14:40:00+09:00,CMP-S02-L05-01,S02,S02-L05,1,running,167.8839,471.8549,102.5377,40.1926,-0.0264,A,relation-reasoning-agent-eval-v3.1
2026-09-04T14:50:00+09:00,CMP-S02-L01-01,S02,S02-L01,1,running,170.2638,473.7279,100.3395,32.4763,-1.2314,B,relation-reasoning-agent-eval-v3.1
2026-09-04T14:50:00+09:00,CMP-S02-L02-01,S02,S02-L02,1,running,176.5715,465.9901,95.4516,42.4559,0.4284,A,relation-reasoning-agent-eval-v3.1
2026-09-04T14:50:00+09:00,CMP-S02-L03-01,S02,S02-L03,1,running,194.1405,439.5333,92.4475,29.0013,-2.341,C,relation-reasoning-agent-eval-v3.1
2026-09-04T14:50:00+09:00,CMP-S02-L04-01,S02,S02-L04,1,running,171.4969,415.1196,100.7864,45.6448,0.6881,A,relation-reasoning-agent-eval-v3.1
2026-09-04T14:50:00+09:00,CMP-S02-L05-01,S02,S02-L05,1,running,170.3093,479.697,103.4934,37.4446,-0.5353,A,relation-reasoning-agent-eval-v3.1
2026-09-04T15:00:00+09:00,CMP-S02-L01-01,S02,S02-L01,1,running,178.8686,498.8033,105.4266,33.836,-0.9796,A,relation-reasoning-agent-eval-v3.1
2026-09-04T15:00:00+09:00,CMP-S02-L02-01,S02,S02-L02,1,running,165.6216,478.2709,96.5552,43.7595,0.6698,A,relation-reasoning-agent-eval-v3.1
2026-09-04T15:00:00+09:00,CMP-S02-L03-01,S02,S02-L03,1,running,205.9306,416.0101,96.4206,35.555,-1.1274,B,relation-reasoning-agent-eval-v3.1
2026-09-04T15:00:00+09:00,CMP-S02-L04-01,S02,S02-L04,1,running,176.111,439.9021,109.4515,39.7181,-0.4095,A,relation-reasoning-agent-eval-v3.1
2026-09-04T15:00:00+09:00,CMP-S02-L05-01,S02,S02-L05,1,running,171.066,516.7153,100.7967,42.7311,0.4437,A,relation-reasoning-agent-eval-v3.1
2026-09-04T15:10:00+09:00,CMP-S02-L01-01,S02,S02-L01,1,running,189.4712,458.6458,102.3444,37.6616,-0.2711,A,relation-reasoning-agent-eval-v3.1
2026-09-04T15:10:00+09:00,CMP-S02-L02-01,S02,S02-L02,1,running,172.047,414.0092,94.4707,38.5634,-0.2925,A,relation-reasoning-agent-eval-v3.1
2026-09-04T15:10:00+09:00,CMP-S02-L03-01,S02,S02-L03,1,running,174.3737,431.672,92.9683,40.8572,-0.1456,A,relation-reasoning-agent-eval-v3.1
2026-09-04T15:10:00+09:00,CMP-S02-L04-01,S02,S02-L04,1,running,185.7535,453.2901,106.5706,45.8354,0.7234,A,relation-reasoning-agent-eval-v3.1
2026-09-04T15:10:00+09:00,CMP-S02-L05-01,S02,S02-L05,1,running,183.4376,516.812,99.0056,43.0303,0.4991,A,relation-reasoning-agent-eval-v3.1
2026-09-04T15:20:00+09:00,CMP-S02-L01-01,S02,S02-L01,1,running,193.4589,550.6966,103.2023,39.4707,0.0639,A,relation-reasoning-agent-eval-v3.1
2026-09-04T15:20:00+09:00,CMP-S02-L02-01,S02,S02-L02,1,running,169.6725,414.6347,99.4298,41.6154,0.2727,A,relation-reasoning-agent-eval-v3.1
2026-09-04T15:20:00+09:00,CMP-S02-L03-01,S02,S02-L03,1,running,191.6386,467.5323,91.1653,43.2517,0.2979,A,relation-reasoning-agent-eval-v3.1
2026-09-04T15:20:00+09:00,CMP-S02-L04-01,S02,S02-L04,1,running,177.2809,490.8325,110.6811,39.1594,-0.5129,A,relation-reasoning-agent-eval-v3.1
2026-09-04T15:20:00+09:00,CMP-S02-L05-01,S02,S02-L05,1,running,185.0672,494.4868,93.0866,39.9702,-0.0676,A,relation-reasoning-agent-eval-v3.1
2026-09-04T15:30:00+09:00,CMP-S02-L01-01,S02,S02-L01,1,running,169.6937,545.6556,105.2711,43.8499,0.8749,A,relation-reasoning-agent-eval-v3.1
2026-09-04T15:30:00+09:00,CMP-S02-L02-01,S02,S02-L02,1,running,178.1467,425.6308,96.8222,43.5141,0.6243,A,relation-reasoning-agent-eval-v3.1
2026-09-04T15:30:00+09:00,CMP-S02-L03-01,S02,S02-L03,1,running,207.8039,508.1687,97.7527,46.2025,0.8443,A,relation-reasoning-agent-eval-v3.1
2026-09-04T15:30:00+09:00,CMP-S02-L04-01,S02,S02-L04,1,running,192.2734,522.9092,114.2751,44.8377,0.5386,A,relation-reasoning-agent-eval-v3.1
2026-09-04T15:30:00+09:00,CMP-S02-L05-01,S02,S02-L05,1,running,190.6012,500.1387,94.2263,37.1025,-0.5986,A,relation-reasoning-agent-eval-v3.1
2026-09-04T15:40:00+09:00,CMP-S02-L01-01,S02,S02-L01,1,running,148.5095,512.286,108.0709,38.3193,-0.1493,A,relation-reasoning-agent-eval-v3.1
2026-09-04T15:40:00+09:00,CMP-S02-L02-01,S02,S02-L02,1,running,173.0767,420.9795,96.8599,45.4955,0.9913,A,relation-reasoning-agent-eval-v3.1
2026-09-04T15:40:00+09:00,CMP-S02-L03-01,S02,S02-L03,1,running,209.45,455.0615,94.4159,46.264,0.8557,A,relation-reasoning-agent-eval-v3.1
2026-09-04T15:40:00+09:00,CMP-S02-L04-01,S02,S02-L04,1,running,190.6512,496.7222,108.6028,44.0031,0.3841,A,relation-reasoning-agent-eval-v3.1
2026-09-04T15:40:00+09:00,CMP-S02-L05-01,S02,S02-L05,1,running,181.4233,471.5581,94.5271,33.6545,-1.2371,B,relation-reasoning-agent-eval-v3.1
2026-09-04T15:50:00+09:00,CMP-S02-L01-01,S02,S02-L01,1,running,146.2573,490.7372,102.2713,29.9997,-1.69,B,relation-reasoning-agent-eval-v3.1
2026-09-04T15:50:00+09:00,CMP-S02-L02-01,S02,S02-L02,1,running,173.9695,425.8115,95.4844,44.9588,0.8919,A,relation-reasoning-agent-eval-v3.1
2026-09-04T15:50:00+09:00,CMP-S02-L03-01,S02,S02-L03,1,running,184.6051,451.6327,97.1695,43.8721,0.4127,A,relation-reasoning-agent-eval-v3.1
2026-09-04T15:50:00+09:00,CMP-S02-L04-01,S02,S02-L04,1,running,195.0826,465.5729,100.6156,42.3131,0.0711,A,relation-reasoning-agent-eval-v3.1
2026-09-04T15:50:00+09:00,CMP-S02-L05-01,S02,S02-L05,1,running,167.4769,466.9986,87.6522,36.0972,-0.7848,A,relation-reasoning-agent-eval-v3.1
2026-09-04T16:00:00+09:00,CMP-S02-L01-01,S02,S02-L01,1,running,156.5501,517.5033,98.9278,30.6183,-1.5754,B,relation-reasoning-agent-eval-v3.1
2026-09-04T16:00:00+09:00,CMP-S02-L02-01,S02,S02-L02,1,running,152.0671,453.0466,105.1293,44.9205,0.8848,A,relation-reasoning-agent-eval-v3.1
2026-09-04T16:00:00+09:00,CMP-S02-L03-01,S02,S02-L03,1,running,172.5611,379.0568,98.987,43.4962,0.3431,A,relation-reasoning-agent-eval-v3.1
2026-09-04T16:00:00+09:00,CMP-S02-L04-01,S02,S02-L04,1,running,195.0556,444.9421,94.6226,48.152,1.1524,B,relation-reasoning-agent-eval-v3.1
2026-09-04T16:00:00+09:00,CMP-S02-L05-01,S02,S02-L05,1,running,159.0691,459.9912,94.734,38.3586,-0.366,A,relation-reasoning-agent-eval-v3.1
2026-09-04T16:10:00+09:00,CMP-S02-L01-01,S02,S02-L01,1,running,156.8232,513.6282,96.9747,41.4895,0.4377,A,relation-reasoning-agent-eval-v3.1
2026-09-04T16:10:00+09:00,CMP-S02-L02-01,S02,S02-L02,1,running,134.4864,457.9203,102.5463,51.4251,2.0893,C,relation-reasoning-agent-eval-v3.1
2026-09-04T16:10:00+09:00,CMP-S02-L03-01,S02,S02-L03,1,running,168.0672,379.8011,93.4799,37.5862,-0.7513,A,relation-reasoning-agent-eval-v3.1
2026-09-04T16:10:00+09:00,CMP-S02-L04-01,S02,S02-L04,1,running,195.6283,435.757,98.2459,42.4787,0.1018,A,relation-reasoning-agent-eval-v3.1
2026-09-04T16:10:00+09:00,CMP-S02-L05-01,S02,S02-L05,1,running,165.5606,409.1554,99.1666,33.5271,-1.2607,B,relation-reasoning-agent-eval-v3.1
2026-09-04T16:20:00+09:00,CMP-S02-L01-01,S02,S02-L01,1,running,176.471,531.7166,95.107,46.3167,1.3317,B,relation-reasoning-agent-eval-v3.1
2026-09-04T16:20:00+09:00,CMP-S02-L02-01,S02,S02-L02,1,running,137.7805,463.8737,101.376,48.4583,1.5399,B,relation-reasoning-agent-eval-v3.1
2026-09-04T16:20:00+09:00,CMP-S02-L03-01,S02,S02-L03,1,running,163.2019,413.1476,99.6864,38.312,-0.6169,A,relation-reasoning-agent-eval-v3.1
2026-09-04T16:20:00+09:00,CMP-S02-L04-01,S02,S02-L04,1,running,178.1704,423.4505,97.4903,39.1617,-0.5125,A,relation-reasoning-agent-eval-v3.1
2026-09-04T16:20:00+09:00,CMP-S02-L05-01,S02,S02-L05,1,running,158.5398,445.4398,102.1912,35.0632,-0.9763,A,relation-reasoning-agent-eval-v3.1
2026-09-04T16:30:00+09:00,CMP-S02-L01-01,S02,S02-L01,1,running,176.6912,505.5528,98.9671,45.727,1.2225,B,relation-reasoning-agent-eval-v3.1
2026-09-04T16:30:00+09:00,CMP-S02-L02-01,S02,S02-L02,1,running,139.4024,438.6089,101.2569,44.2401,0.7588,A,relation-reasoning-agent-eval-v3.1
2026-09-04T16:30:00+09:00,CMP-S02-L03-01,S02,S02-L03,1,running,170.0564,421.6742,98.0797,35.0709,-1.2171,B,relation-reasoning-agent-eval-v3.1
2026-09-04T16:30:00+09:00,CMP-S02-L04-01,S02,S02-L04,1,running,189.1857,482.7621,95.1497,41.8538,-0.014,A,relation-reasoning-agent-eval-v3.1
2026-09-04T16:30:00+09:00,CMP-S02-L05-01,S02,S02-L05,1,running,147.2172,436.3692,99.4721,36.2077,-0.7643,A,relation-reasoning-agent-eval-v3.1
2026-09-04T16:40:00+09:00,CMP-S02-L01-01,S02,S02-L01,1,running,158.6028,462.5372,91.9025,47.8343,1.6127,B,relation-reasoning-agent-eval-v3.1
2026-09-04T16:40:00+09:00,CMP-S02-L02-01,S02,S02-L02,1,running,138.0781,407.1502,102.2702,39.5075,-0.1176,A,relation-reasoning-agent-eval-v3.1
2026-09-04T16:40:00+09:00,CMP-S02-L03-01,S02,S02-L03,1,running,177.857,410.1101,94.5961,39.6459,-0.3698,A,relation-reasoning-agent-eval-v3.1
2026-09-04T16:40:00+09:00,CMP-S02-L04-01,S02,S02-L04,1,running,185.7677,478.628,106.0281,43.5353,0.2974,A,relation-reasoning-agent-eval-v3.1
2026-09-04T16:40:00+09:00,CMP-S02-L05-01,S02,S02-L05,1,running,164.9073,424.1929,99.5942,31.612,-1.6154,B,relation-reasoning-agent-eval-v3.1
2026-09-04T16:50:00+09:00,CMP-S02-L01-01,S02,S02-L01,1,running,171.143,457.9912,87.5858,46.763,1.4143,B,relation-reasoning-agent-eval-v3.1
2026-09-04T16:50:00+09:00,CMP-S02-L02-01,S02,S02-L02,1,running,166.1093,434.3803,108.1709,39.4722,-0.1242,A,relation-reasoning-agent-eval-v3.1
2026-09-04T16:50:00+09:00,CMP-S02-L03-01,S02,S02-L03,1,running,182.8117,407.1905,88.0352,43.2508,0.2977,A,relation-reasoning-agent-eval-v3.1
2026-09-04T16:50:00+09:00,CMP-S02-L04-01,S02,S02-L04,1,running,171.4646,443.9336,108.6562,42.2767,0.0644,A,relation-reasoning-agent-eval-v3.1
2026-09-04T16:50:00+09:00,CMP-S02-L05-01,S02,S02-L05,1,running,174.4953,394.5996,93.3442,42.019,0.3118,A,relation-reasoning-agent-eval-v3.1
2026-09-04T17:00:00+09:00,CMP-S02-L01-01,S02,S02-L01,1,running,169.5227,434.4036,95.3498,43.2015,0.7548,A,relation-reasoning-agent-eval-v3.1
2026-09-04T17:00:00+09:00,CMP-S02-L02-01,S02,S02-L02,1,running,159.8276,434.3216,105.559,44.5273,0.812,A,relation-reasoning-agent-eval-v3.1
2026-09-04T17:00:00+09:00,CMP-S02-L03-01,S02,S02-L03,1,running,185.467,448.3758,86.4532,43.3417,0.3146,A,relation-reasoning-agent-eval-v3.1
2026-09-04T17:00:00+09:00,CMP-S02-L04-01,S02,S02-L04,1,running,175.3879,432.457,105.2447,35.944,-1.1084,B,relation-reasoning-agent-eval-v3.1
2026-09-04T17:00:00+09:00,CMP-S02-L05-01,S02,S02-L05,1,running,167.0371,419.3418,95.5462,43.7946,0.6407,A,relation-reasoning-agent-eval-v3.1
2026-09-04T17:10:00+09:00,CMP-S02-L01-01,S02,S02-L01,1,running,164.1728,472.6515,96.4044,36.379,-0.5086,A,relation-reasoning-agent-eval-v3.1
2026-09-04T17:10:00+09:00,CMP-S02-L02-01,S02,S02-L02,1,running,156.0832,461.4963,108.4744,44.279,0.766,A,relation-reasoning-agent-eval-v3.1
2026-09-04T17:10:00+09:00,CMP-S02-L03-01,S02,S02-L03,1,running,198.8214,426.5446,86.1695,40.4329,-0.2242,A,relation-reasoning-agent-eval-v3.1
2026-09-04T17:10:00+09:00,CMP-S02-L04-01,S02,S02-L04,1,running,181.8389,422.7669,114.8043,41.8698,-0.011,A,relation-reasoning-agent-eval-v3.1
2026-09-04T17:10:00+09:00,CMP-S02-L05-01,S02,S02-L05,1,running,173.8771,455.2338,96.218,48.9537,1.5961,B,relation-reasoning-agent-eval-v3.1
2026-09-04T17:20:00+09:00,CMP-S02-L01-01,S02,S02-L01,1,running,150.1689,459.0154,97.0145,41.5242,0.4442,A,relation-reasoning-agent-eval-v3.1
2026-09-04T17:20:00+09:00,CMP-S02-L02-01,S02,S02-L02,1,running,172.8218,421.7103,104.1692,46.0121,1.0869,B,relation-reasoning-agent-eval-v3.1
2026-09-04T17:20:00+09:00,CMP-S02-L03-01,S02,S02-L03,1,running,189.5379,434.9878,84.2155,41.0767,-0.1049,A,relation-reasoning-agent-eval-v3.1
2026-09-04T17:20:00+09:00,CMP-S02-L04-01,S02,S02-L04,1,running,193.6555,424.8683,110.1176,42.1611,0.0429,A,relation-reasoning-agent-eval-v3.1
2026-09-04T17:20:00+09:00,CMP-S02-L05-01,S02,S02-L05,1,running,167.8766,482.7732,94.3392,52.2541,2.2072,C,relation-reasoning-agent-eval-v3.1
2026-09-04T17:30:00+09:00,CMP-S02-L01-01,S02,S02-L01,1,running,159.4175,405.3719,90.5302,35.029,-0.7586,A,relation-reasoning-agent-eval-v3.1
2026-09-04T17:30:00+09:00,CMP-S02-L02-01,S02,S02-L02,1,running,165.3535,445.6627,104.4092,45.7132,1.0316,B,relation-reasoning-agent-eval-v3.1
2026-09-04T17:30:00+09:00,CMP-S02-L03-01,S02,S02-L03,1,running,178.059,434.9113,89.9828,45.858,0.7806,A,relation-reasoning-agent-eval-v3.1
2026-09-04T17:30:00+09:00,CMP-S02-L04-01,S02,S02-L04,1,running,188.1015,438.6552,110.5299,38.3475,-0.6633,A,relation-reasoning-agent-eval-v3.1
2026-09-04T17:30:00+09:00,CMP-S02-L05-01,S02,S02-L05,1,running,151.2521,431.6229,92.2946,51.5824,2.0828,C,relation-reasoning-agent-eval-v3.1
2026-09-04T17:40:00+09:00,CMP-S02-L01-01,S02,S02-L01,1,running,170.942,405.1826,90.2388,33.559,-1.0309,B,relation-reasoning-agent-eval-v3.1
2026-09-04T17:40:00+09:00,CMP-S02-L02-01,S02,S02-L02,1,running,166.9806,429.2562,101.9032,40.2859,0.0265,A,relation-reasoning-agent-eval-v3.1
2026-09-04T17:40:00+09:00,CMP-S02-L03-01,S02,S02-L03,1,running,176.2503,453.2722,85.7284,46.0667,0.8192,A,relation-reasoning-agent-eval-v3.1
2026-09-04T17:40:00+09:00,CMP-S02-L04-01,S02,S02-L04,1,running,180.3062,477.1076,109.32,37.0496,-0.9036,A,relation-reasoning-agent-eval-v3.1
2026-09-04T17:40:00+09:00,CMP-S02-L05-01,S02,S02-L05,1,running,155.599,428.3986,104.1688,49.1336,1.6294,B,relation-reasoning-agent-eval-v3.1
2026-09-04T17:50:00+09:00,CMP-S02-L01-01,S02,S02-L01,1,running,165.0889,408.0704,97.465,40.0749,0.1758,A,relation-reasoning-agent-eval-v3.1
2026-09-04T17:50:00+09:00,CMP-S02-L02-01,S02,S02-L02,1,running,172.5369,440.0028,107.5645,37.3201,-0.5227,A,relation-reasoning-agent-eval-v3.1
2026-09-04T17:50:00+09:00,CMP-S02-L03-01,S02,S02-L03,1,running,171.5462,427.4969,89.8874,40.2278,-0.2621,A,relation-reasoning-agent-eval-v3.1
2026-09-04T17:50:00+09:00,CMP-S02-L04-01,S02,S02-L04,1,running,193.9044,481.8769,109.3045,34.7761,-1.3246,B,relation-reasoning-agent-eval-v3.1
2026-09-04T17:50:00+09:00,CMP-S02-L05-01,S02,S02-L05,1,running,157.2231,389.4465,101.0543,48.8227,1.5718,B,relation-reasoning-agent-eval-v3.1
2026-09-04T18:00:00+09:00,CMP-S02-L01-01,S02,S02-L01,1,running,166.5968,412.4912,97.5622,37.7333,-0.2578,A,relation-reasoning-agent-eval-v3.1
2026-09-04T18:00:00+09:00,CMP-S02-L02-01,S02,S02-L02,1,running,172.3143,442.8122,111.4901,41.8398,0.3143,A,relation-reasoning-agent-eval-v3.1
2026-09-04T18:00:00+09:00,CMP-S02-L03-01,S02,S02-L03,1,running,172.9861,346.0931,93.2885,43.7057,0.382,A,relation-reasoning-agent-eval-v3.1
2026-09-04T18:00:00+09:00,CMP-S02-L04-01,S02,S02-L04,1,running,171.7425,482.8716,101.6169,41.1021,-0.1532,A,relation-reasoning-agent-eval-v3.1
2026-09-04T18:00:00+09:00,CMP-S02-L05-01,S02,S02-L05,1,running,152.9599,413.8007,99.4762,46.555,1.1519,B,relation-reasoning-agent-eval-v3.1
2026-09-04T18:10:00+09:00,CMP-S02-L01-01,S02,S02-L01,1,running,168.5377,429.1863,105.4662,37.7465,-0.2554,A,relation-reasoning-agent-eval-v3.1
2026-09-04T18:10:00+09:00,CMP-S02-L02-01,S02,S02-L02,1,running,182.8665,455.4829,109.2322,37.3618,-0.515,A,relation-reasoning-agent-eval-v3.1
2026-09-04T18:10:00+09:00,CMP-S02-L03-01,S02,S02-L03,1,running,175.3339,403.3362,92.9706,39.7974,-0.3419,A,relation-reasoning-agent-eval-v3.1
2026-09-04T18:10:00+09:00,CMP-S02-L04-01,S02,S02-L04,1,running,166.6462,455.0062,100.8796,41.9203,-0.0016,A,relation-reasoning-agent-eval-v3.1
2026-09-04T18:10:00+09:00,CMP-S02-L05-01,S02,S02-L05,1,running,150.9612,457.6232,99.8305,47.6305,1.351,B,relation-reasoning-agent-eval-v3.1
2026-09-04T18:20:00+09:00,CMP-S02-L01-01,S02,S02-L01,1,running,178.4079,435.376,102.9723,38.851,-0.0509,A,relation-reasoning-agent-eval-v3.1
2026-09-04T18:20:00+09:00,CMP-S02-L02-01,S02,S02-L02,1,running,180.4495,463.3417,107.5337,36.0812,-0.7521,A,relation-reasoning-agent-eval-v3.1
2026-09-04T18:20:00+09:00,CMP-S02-L03-01,S02,S02-L03,1,running,166.7719,370.1799,95.8589,43.9748,0.4317,A,relation-reasoning-agent-eval-v3.1
2026-09-04T18:20:00+09:00,CMP-S02-L04-01,S02,S02-L04,1,running,163.1596,504.3711,107.1359,48.6466,1.244,B,relation-reasoning-agent-eval-v3.1
2026-09-04T18:20:00+09:00,CMP-S02-L05-01,S02,S02-L05,1,running,165.3732,465.2662,100.4538,43.3964,0.5669,A,relation-reasoning-agent-eval-v3.1
2026-09-04T18:30:00+09:00,CMP-S02-L01-01,S02,S02-L01,1,running,166.8437,447.5033,98.211,34.8928,-0.7839,A,relation-reasoning-agent-eval-v3.1
2026-09-04T18:30:00+09:00,CMP-S02-L02-01,S02,S02-L02,1,running,165.195,481.575,106.0513,40.5338,0.0724,A,relation-reasoning-agent-eval-v3.1
2026-09-04T18:30:00+09:00,CMP-S02-L03-01,S02,S02-L03,1,running,155.1532,426.7953,93.859,44.3373,0.4989,A,relation-reasoning-agent-eval-v3.1
2026-09-04T18:30:00+09:00,CMP-S02-L04-01,S02,S02-L04,1,running,154.4507,512.6925,104.812,48.7341,1.2602,B,relation-reasoning-agent-eval-v3.1
2026-09-04T18:30:00+09:00,CMP-S02-L05-01,S02,S02-L05,1,running,166.6682,452.1615,107.6739,36.209,-0.7641,A,relation-reasoning-agent-eval-v3.1
2026-09-04T18:40:00+09:00,CMP-S02-L01-01,S02,S02-L01,1,running,172.2181,442.8048,95.7773,34.3156,-0.8908,A,relation-reasoning-agent-eval-v3.1
2026-09-04T18:40:00+09:00,CMP-S02-L02-01,S02,S02-L02,1,running,163.7141,420.6923,105.9803,48.2869,1.5082,B,relation-reasoning-agent-eval-v3.1
2026-09-04T18:40:00+09:00,CMP-S02-L03-01,S02,S02-L03,1,running,155.2369,419.1696,100.5355,43.003,0.2518,A,relation-reasoning-agent-eval-v3.1
2026-09-04T18:40:00+09:00,CMP-S02-L04-01,S02,S02-L04,1,running,156.7786,470.6749,97.3175,51.6025,1.7914,B,relation-reasoning-agent-eval-v3.1
2026-09-04T18:40:00+09:00,CMP-S02-L05-01,S02,S02-L05,1,running,160.943,448.7529,110.5384,39.2211,-0.2063,A,relation-reasoning-agent-eval-v3.1
2026-09-04T18:50:00+09:00,CMP-S02-L01-01,S02,S02-L01,1,running,186.4683,448.5629,99.5486,39.6104,0.0898,A,relation-reasoning-agent-eval-v3.1
2026-09-04T18:50:00+09:00,CMP-S02-L02-01,S02,S02-L02,1,running,162.9425,389.7686,107.421,47.6247,1.3856,B,relation-reasoning-agent-eval-v3.1
2026-09-04T18:50:00+09:00,CMP-S02-L03-01,S02,S02-L03,1,running,143.9747,432.1844,92.7112,40.4016,-0.2299,A,relation-reasoning-agent-eval-v3.1
2026-09-04T18:50:00+09:00,CMP-S02-L04-01,S02,S02-L04,1,running,146.5985,438.9271,101.0556,45.4933,0.66,A,relation-reasoning-agent-eval-v3.1
2026-09-04T18:50:00+09:00,CMP-S02-L05-01,S02,S02-L05,1,running,146.6781,479.1205,104.6454,39.5661,-0.1424,A,relation-reasoning-agent-eval-v3.1
2026-09-04T19:00:00+09:00,CMP-S02-L01-01,S02,S02-L01,1,running,184.7175,425.9467,99.7921,40.7195,0.2952,A,relation-reasoning-agent-eval-v3.1
2026-09-04T19:00:00+09:00,CMP-S02-L02-01,S02,S02-L02,1,running,162.0799,346.2779,107.4779,41.5237,0.2557,A,relation-reasoning-agent-eval-v3.1
2026-09-04T19:00:00+09:00,CMP-S02-L03-01,S02,S02-L03,1,running,160.8587,429.3913,90.7177,41.4809,-0.0301,A,relation-reasoning-agent-eval-v3.1
2026-09-04T19:00:00+09:00,CMP-S02-L04-01,S02,S02-L04,1,running,134.2949,448.8276,101.9965,48.3148,1.1825,B,relation-reasoning-agent-eval-v3.1
2026-09-04T19:00:00+09:00,CMP-S02-L05-01,S02,S02-L05,1,running,160.2265,469.7507,95.1206,40.9087,0.1062,A,relation-reasoning-agent-eval-v3.1
2026-09-04T19:10:00+09:00,CMP-S02-L01-01,S02,S02-L01,1,running,196.1952,493.0764,98.5068,44.9303,1.0749,B,relation-reasoning-agent-eval-v3.1
2026-09-04T19:10:00+09:00,CMP-S02-L02-01,S02,S02-L02,1,running,148.5505,404.3758,100.4741,40.4376,0.0546,A,relation-reasoning-agent-eval-v3.1
2026-09-04T19:10:00+09:00,CMP-S02-L03-01,S02,S02-L03,1,running,164.2853,443.0519,89.8991,42.3544,0.1317,A,relation-reasoning-agent-eval-v3.1
2026-09-04T19:10:00+09:00,CMP-S02-L04-01,S02,S02-L04,1,running,137.8972,426.5471,100.5804,45.9327,0.7414,A,relation-reasoning-agent-eval-v3.1
2026-09-04T19:10:00+09:00,CMP-S02-L05-01,S02,S02-L05,1,running,171.1822,458.9099,101.7507,41.8079,0.2728,A,relation-reasoning-agent-eval-v3.1
2026-09-04T19:20:00+09:00,CMP-S02-L01-01,S02,S02-L01,1,running,190.6529,490.371,98.4025,48.3243,1.7035,B,relation-reasoning-agent-eval-v3.1
2026-09-04T19:20:00+09:00,CMP-S02-L02-01,S02,S02-L02,1,running,158.1678,458.5035,95.5755,33.5829,-1.2148,B,relation-reasoning-agent-eval-v3.1
2026-09-04T19:20:00+09:00,CMP-S02-L03-01,S02,S02-L03,1,running,170.6526,458.385,87.8382,44.1301,0.4605,A,relation-reasoning-agent-eval-v3.1
2026-09-04T19:20:00+09:00,CMP-S02-L04-01,S02,S02-L04,1,running,144.6974,468.0423,100.077,50.8623,1.6543,B,relation-reasoning-agent-eval-v3.1
2026-09-04T19:20:00+09:00,CMP-S02-L05-01,S02,S02-L05,1,running,180.5678,459.8871,98.8007,38.5775,-0.3255,A,relation-reasoning-agent-eval-v3.1
2026-09-04T19:30:00+09:00,CMP-S02-L01-01,S02,S02-L01,1,running,187.1455,425.351,91.1754,47.3878,1.53,B,relation-reasoning-agent-eval-v3.1
2026-09-04T19:30:00+09:00,CMP-S02-L02-01,S02,S02-L02,1,running,141.7824,508.2805,96.4341,41.2112,0.1979,A,relation-reasoning-agent-eval-v3.1
2026-09-04T19:30:00+09:00,CMP-S02-L03-01,S02,S02-L03,1,running,173.5979,403.5957,92.6387,41.9638,0.0594,A,relation-reasoning-agent-eval-v3.1
2026-09-04T19:30:00+09:00,CMP-S02-L04-01,S02,S02-L04,1,running,172.5174,447.6136,94.4479,46.1279,0.7775,A,relation-reasoning-agent-eval-v3.1
2026-09-04T19:30:00+09:00,CMP-S02-L05-01,S02,S02-L05,1,running,198.3799,435.8622,93.5071,39.9318,-0.0747,A,relation-reasoning-agent-eval-v3.1
2026-09-04T19:40:00+09:00,CMP-S02-L01-01,S02,S02-L01,1,running,188.7788,442.8594,87.7898,43.1031,0.7366,A,relation-reasoning-agent-eval-v3.1
2026-09-04T19:40:00+09:00,CMP-S02-L02-01,S02,S02-L02,1,running,144.4999,509.4528,101.1023,40.9004,0.1403,A,relation-reasoning-agent-eval-v3.1
2026-09-04T19:40:00+09:00,CMP-S02-L03-01,S02,S02-L03,1,running,166.0166,431.9912,91.3959,41.0903,-0.1024,A,relation-reasoning-agent-eval-v3.1
2026-09-04T19:40:00+09:00,CMP-S02-L04-01,S02,S02-L04,1,running,165.7697,453.1022,90.2002,40.2696,-0.3073,A,relation-reasoning-agent-eval-v3.1
2026-09-04T19:40:00+09:00,CMP-S02-L05-01,S02,S02-L05,1,running,178.1142,453.762,97.1384,44.2191,0.7193,A,relation-reasoning-agent-eval-v3.1
2026-09-04T19:50:00+09:00,CMP-S02-L01-01,S02,S02-L01,1,running,193.0651,488.86,91.117,43.0598,0.7285,A,relation-reasoning-agent-eval-v3.1
2026-09-04T19:50:00+09:00,CMP-S02-L02-01,S02,S02-L02,1,running,153.4192,476.8995,103.066,45.2551,0.9467,A,relation-reasoning-agent-eval-v3.1
2026-09-04T19:50:00+09:00,CMP-S02-L03-01,S02,S02-L03,1,running,167.0391,431.8334,94.3147,35.1022,-1.2113,B,relation-reasoning-agent-eval-v3.1
2026-09-04T19:50:00+09:00,CMP-S02-L04-01,S02,S02-L04,1,running,177.7734,430.4574,85.1403,40.7642,-0.2157,A,relation-reasoning-agent-eval-v3.1
2026-09-04T19:50:00+09:00,CMP-S02-L05-01,S02,S02-L05,1,running,183.055,489.1026,99.1619,49.8043,1.7536,B,relation-reasoning-agent-eval-v3.1
2026-09-04T20:00:00+09:00,CMP-S02-L01-01,S02,S02-L01,1,running,188.1379,478.4138,98.1436,44.2913,0.9566,A,relation-reasoning-agent-eval-v3.1
2026-09-04T20:00:00+09:00,CMP-S02-L02-01,S02,S02-L02,1,running,165.0556,453.1244,106.6473,42.336,0.4062,A,relation-reasoning-agent-eval-v3.1
2026-09-04T20:00:00+09:00,CMP-S02-L03-01,S02,S02-L03,1,running,170.4873,425.5366,92.8197,34.9344,-1.2424,B,relation-reasoning-agent-eval-v3.1
2026-09-04T20:00:00+09:00,CMP-S02-L04-01,S02,S02-L04,1,running,182.3634,413.0261,88.1334,40.0887,-0.3408,A,relation-reasoning-agent-eval-v3.1
2026-09-04T20:00:00+09:00,CMP-S02-L05-01,S02,S02-L05,1,running,189.2002,458.204,101.3083,44.3288,0.7396,A,relation-reasoning-agent-eval-v3.1
2026-09-04T20:10:00+09:00,CMP-S02-L01-01,S02,S02-L01,1,running,185.6983,433.2018,94.1571,45.6265,1.2039,B,relation-reasoning-agent-eval-v3.1
2026-09-04T20:10:00+09:00,CMP-S02-L02-01,S02,S02-L02,1,running,157.2621,487.4126,106.2459,38.3554,-0.331,A,relation-reasoning-agent-eval-v3.1
2026-09-04T20:10:00+09:00,CMP-S02-L03-01,S02,S02-L03,1,running,162.7356,394.9924,93.4559,37.5719,-0.7539,A,relation-reasoning-agent-eval-v3.1
2026-09-04T20:10:00+09:00,CMP-S02-L04-01,S02,S02-L04,1,running,169.8022,482.4545,96.2682,41.5643,-0.0676,A,relation-reasoning-agent-eval-v3.1
2026-09-04T20:10:00+09:00,CMP-S02-L05-01,S02,S02-L05,1,running,192.2917,487.2812,103.9807,44.1415,0.7049,A,relation-reasoning-agent-eval-v3.1
2026-09-04T20:20:00+09:00,CMP-S02-L01-01,S02,S02-L01,1,running,165.8507,432.3797,101.2261,45.1874,1.1225,B,relation-reasoning-agent-eval-v3.1
2026-09-04T20:20:00+09:00,CMP-S02-L02-01,S02,S02-L02,1,running,149.9205,492.6603,102.6007,40.8563,0.1322,A,relation-reasoning-agent-eval-v3.1
2026-09-04T20:20:00+09:00,CMP-S02-L03-01,S02,S02-L03,1,running,161.6921,415.4161,91.3279,44.0673,0.4489,A,relation-reasoning-agent-eval-v3.1
2026-09-04T20:20:00+09:00,CMP-S02-L04-01,S02,S02-L04,1,running,180.403,471.6017,93.6657,40.4021,-0.2828,A,relation-reasoning-agent-eval-v3.1
2026-09-04T20:20:00+09:00,CMP-S02-L05-01,S02,S02-L05,1,running,184.4167,483.8556,99.4841,44.2953,0.7334,A,relation-reasoning-agent-eval-v3.1
2026-09-04T20:30:00+09:00,CMP-S02-L01-01,S02,S02-L01,1,running,175.4939,398.7993,100.7563,39.9396,0.1507,A,relation-reasoning-agent-eval-v3.1
2026-09-04T20:30:00+09:00,CMP-S02-L02-01,S02,S02-L02,1,running,176.3736,460.6194,99.8855,40.653,0.0945,A,relation-reasoning-agent-eval-v3.1
2026-09-04T20:30:00+09:00,CMP-S02-L03-01,S02,S02-L03,1,running,161.5812,393.5545,83.1073,46.7975,0.9545,A,relation-reasoning-agent-eval-v3.1
2026-09-04T20:30:00+09:00,CMP-S02-L04-01,S02,S02-L04,1,running,178.0932,502.4193,100.4929,36.7789,-0.9537,A,relation-reasoning-agent-eval-v3.1
2026-09-04T20:30:00+09:00,CMP-S02-L05-01,S02,S02-L05,1,running,164.3779,463.3197,106.1713,46.3888,1.1211,B,relation-reasoning-agent-eval-v3.1
2026-09-04T20:40:00+09:00,CMP-S02-L01-01,S02,S02-L01,1,running,152.0562,392.1347,101.1607,39.8805,0.1398,A,relation-reasoning-agent-eval-v3.1
2026-09-04T20:40:00+09:00,CMP-S02-L02-01,S02,S02-L02,1,running,158.6947,434.8278,106.1949,41.9546,0.3355,A,relation-reasoning-agent-eval-v3.1
2026-09-04T20:40:00+09:00,CMP-S02-L03-01,S02,S02-L03,1,running,162.9064,336.416,86.1638,48.0671,1.1896,B,relation-reasoning-agent-eval-v3.1
2026-09-04T20:40:00+09:00,CMP-S02-L04-01,S02,S02-L04,1,running,187.5527,481.7206,101.9924,38.0266,-0.7227,A,relation-reasoning-agent-eval-v3.1
2026-09-04T20:40:00+09:00,CMP-S02-L05-01,S02,S02-L05,1,running,158.7799,490.9054,105.3096,46.9913,1.2326,B,relation-reasoning-agent-eval-v3.1
2026-09-04T20:50:00+09:00,CMP-S02-L01-01,S02,S02-L01,1,running,138.8767,409.0547,107.9088,37.7841,-0.2484,A,relation-reasoning-agent-eval-v3.1
2026-09-04T20:50:00+09:00,CMP-S02-L02-01,S02,S02-L02,1,running,157.7725,442.2669,99.6882,36.8624,-0.6075,A,relation-reasoning-agent-eval-v3.1
2026-09-04T20:50:00+09:00,CMP-S02-L03-01,S02,S02-L03,1,running,162.5234,359.6889,83.0143,47.5643,1.0965,B,relation-reasoning-agent-eval-v3.1
2026-09-04T20:50:00+09:00,CMP-S02-L04-01,S02,S02-L04,1,running,193.6391,509.1069,105.5969,39.3684,-0.4742,A,relation-reasoning-agent-eval-v3.1
2026-09-04T20:50:00+09:00,CMP-S02-L05-01,S02,S02-L05,1,running,163.9585,488.4098,100.4496,41.8309,0.277,A,relation-reasoning-agent-eval-v3.1
2026-09-04T21:00:00+09:00,CMP-S02-L01-01,S02,S02-L01,1,running,150.9213,437.1366,99.7557,43.4406,0.7991,A,relation-reasoning-agent-eval-v3.1
2026-09-04T21:00:00+09:00,CMP-S02-L02-01,S02,S02-L02,1,running,141.7273,418.9865,99.8352,32.9712,-1.328,B,relation-reasoning-agent-eval-v3.1
2026-09-04T21:00:00+09:00,CMP-S02-L03-01,S02,S02-L03,1,running,153.6065,289.7331,79.1405,49.2185,1.4028,B,relation-reasoning-agent-eval-v3.1
2026-09-04T21:00:00+09:00,CMP-S02-L04-01,S02,S02-L04,1,running,188.9091,463.1789,104.8396,38.2202,-0.6868,A,relation-reasoning-agent-eval-v3.1
2026-09-04T21:00:00+09:00,CMP-S02-L05-01,S02,S02-L05,1,running,170.3833,484.5621,101.1389,43.1025,0.5125,A,relation-reasoning-agent-eval-v3.1
2026-09-04T21:10:00+09:00,CMP-S02-L01-01,S02,S02-L01,1,running,152.3432,391.6437,108.3842,45.6339,1.2052,B,relation-reasoning-agent-eval-v3.1
2026-09-04T21:10:00+09:00,CMP-S02-L02-01,S02,S02-L02,1,running,149.4283,408.5069,98.5772,30.2393,-1.834,B,relation-reasoning-agent-eval-v3.1
2026-09-04T21:10:00+09:00,CMP-S02-L03-01,S02,S02-L03,1,running,160.3362,363.4801,87.8875,49.0562,1.3727,B,relation-reasoning-agent-eval-v3.1
2026-09-04T21:10:00+09:00,CMP-S02-L04-01,S02,S02-L04,1,running,198.5436,458.0256,101.0415,41.5033,-0.0789,A,relation-reasoning-agent-eval-v3.1
2026-09-04T21:10:00+09:00,CMP-S02-L05-01,S02,S02-L05,1,running,169.9251,484.3115,95.9878,46.1669,1.08,B,relation-reasoning-agent-eval-v3.1
2026-09-04T21:20:00+09:00,CMP-S02-L01-01,S02,S02-L01,1,running,149.369,436.7957,107.6895,40.2779,0.2134,A,relation-reasoning-agent-eval-v3.1
2026-09-04T21:20:00+09:00,CMP-S02-L02-01,S02,S02-L02,1,running,163.8261,384.5957,102.0422,35.2042,-0.9145,A,relation-reasoning-agent-eval-v3.1
2026-09-04T21:20:00+09:00,CMP-S02-L03-01,S02,S02-L03,1,running,161.9267,376.3083,90.0652,42.4911,0.157,A,relation-reasoning-agent-eval-v3.1
2026-09-04T21:20:00+09:00,CMP-S02-L04-01,S02,S02-L04,1,running,173.5546,426.7882,95.8976,45.9244,0.7399,A,relation-reasoning-agent-eval-v3.1
2026-09-04T21:20:00+09:00,CMP-S02-L05-01,S02,S02-L05,1,running,164.8072,551.0723,99.5185,49.3502,1.6695,B,relation-reasoning-agent-eval-v3.1
2026-09-04T21:30:00+09:00,CMP-S02-L01-01,S02,S02-L01,1,running,161.4633,456.148,105.2746,41.5898,0.4563,A,relation-reasoning-agent-eval-v3.1
2026-09-04T21:30:00+09:00,CMP-S02-L02-01,S02,S02-L02,1,running,165.0659,419.5593,108.2942,38.4336,-0.3165,A,relation-reasoning-agent-eval-v3.1
2026-09-04T21:30:00+09:00,CMP-S02-L03-01,S02,S02-L03,1,running,165.3575,362.8614,93.2002,40.4341,-0.2239,A,relation-reasoning-agent-eval-v3.1
2026-09-04T21:30:00+09:00,CMP-S02-L04-01,S02,S02-L04,1,running,180.2509,438.9418,94.2173,48.4621,1.2098,B,relation-reasoning-agent-eval-v3.1
2026-09-04T21:30:00+09:00,CMP-S02-L05-01,S02,S02-L05,1,running,173.2112,521.2523,98.6389,39.5855,-0.1388,A,relation-reasoning-agent-eval-v3.1
2026-09-04T21:40:00+09:00,CMP-S02-L01-01,S02,S02-L01,1,running,161.4076,460.3214,100.7739,37.8192,-0.2419,A,relation-reasoning-agent-eval-v3.1
2026-09-04T21:40:00+09:00,CMP-S02-L02-01,S02,S02-L02,1,running,149.6219,424.2749,113.3706,34.472,-1.0501,B,relation-reasoning-agent-eval-v3.1
2026-09-04T21:40:00+09:00,CMP-S02-L03-01,S02,S02-L03,1,running,168.8197,400.9869,91.6165,48.5293,1.2752,B,relation-reasoning-agent-eval-v3.1
2026-09-04T21:40:00+09:00,CMP-S02-L04-01,S02,S02-L04,1,running,188.0525,410.9929,107.129,44.4377,0.4646,A,relation-reasoning-agent-eval-v3.1
2026-09-04T21:40:00+09:00,CMP-S02-L05-01,S02,S02-L05,1,running,177.3317,496.9154,98.0789,35.7735,-0.8447,A,relation-reasoning-agent-eval-v3.1
2026-09-04T21:50:00+09:00,CMP-S02-L01-01,S02,S02-L01,1,running,157.4269,528.7944,100.8044,38.3227,-0.1487,A,relation-reasoning-agent-eval-v3.1
2026-09-04T21:50:00+09:00,CMP-S02-L02-01,S02,S02-L02,1,running,158.5091,453.1063,116.906,40.0247,-0.0219,A,relation-reasoning-agent-eval-v3.1
2026-09-04T21:50:00+09:00,CMP-S02-L03-01,S02,S02-L03,1,running,155.9559,414.3408,96.1338,49.2453,1.4078,B,relation-reasoning-agent-eval-v3.1
2026-09-04T21:50:00+09:00,CMP-S02-L04-01,S02,S02-L04,1,running,195.6722,423.2441,108.0532,41.7141,-0.0398,A,relation-reasoning-agent-eval-v3.1
2026-09-04T21:50:00+09:00,CMP-S02-L05-01,S02,S02-L05,1,running,175.3593,464.7268,102.7876,33.2034,-1.3207,B,relation-reasoning-agent-eval-v3.1
2026-09-04T22:00:00+09:00,CMP-S02-L01-01,S02,S02-L01,1,running,147.175,564.7771,101.9824,35.428,-0.6847,A,relation-reasoning-agent-eval-v3.1
2026-09-04T22:00:00+09:00,CMP-S02-L02-01,S02,S02-L02,1,running,154.8311,448.7656,107.2366,40.7315,0.109,A,relation-reasoning-agent-eval-v3.1
2026-09-04T22:00:00+09:00,CMP-S02-L03-01,S02,S02-L03,1,running,147.1566,424.3217,90.2235,51.7451,1.8708,B,relation-reasoning-agent-eval-v3.1
2026-09-04T22:00:00+09:00,CMP-S02-L04-01,S02,S02-L04,1,running,200.9348,380.3797,100.4996,48.0817,1.1394,B,relation-reasoning-agent-eval-v3.1
2026-09-04T22:00:00+09:00,CMP-S02-L05-01,S02,S02-L05,1,running,191.0357,459.0998,98.7425,41.9001,0.2898,A,relation-reasoning-agent-eval-v3.1
2026-09-04T22:10:00+09:00,CMP-S02-L01-01,S02,S02-L01,1,running,132.7459,501.4894,104.4378,40.2368,0.2058,A,relation-reasoning-agent-eval-v3.1
2026-09-04T22:10:00+09:00,CMP-S02-L02-01,S02,S02-L02,1,running,170.1942,423.1662,107.4227,42.0121,0.3462,A,relation-reasoning-agent-eval-v3.1
2026-09-04T22:10:00+09:00,CMP-S02-L03-01,S02,S02-L03,1,running,171.7927,442.4379,89.3285,50.8867,1.7117,B,relation-reasoning-agent-eval-v3.1
2026-09-04T22:10:00+09:00,CMP-S02-L04-01,S02,S02-L04,1,running,198.7729,362.5797,98.9869,52.4581,1.9498,B,relation-reasoning-agent-eval-v3.1
2026-09-04T22:10:00+09:00,CMP-S02-L05-01,S02,S02-L05,1,running,177.8574,478.085,93.6988,42.1789,0.3415,A,relation-reasoning-agent-eval-v3.1
2026-09-04T22:20:00+09:00,CMP-S02-L01-01,S02,S02-L01,1,running,155.4876,503.2602,103.134,35.7124,-0.6321,A,relation-reasoning-agent-eval-v3.1
2026-09-04T22:20:00+09:00,CMP-S02-L02-01,S02,S02-L02,1,running,169.8565,420.4234,100.8569,43.2745,0.58,A,relation-reasoning-agent-eval-v3.1
2026-09-04T22:20:00+09:00,CMP-S02-L03-01,S02,S02-L03,1,running,172.0705,480.739,89.8697,48.0152,1.18,B,relation-reasoning-agent-eval-v3.1
2026-09-04T22:20:00+09:00,CMP-S02-L04-01,S02,S02-L04,1,running,199.5531,388.8812,103.0014,49.9096,1.4779,B,relation-reasoning-agent-eval-v3.1
2026-09-04T22:20:00+09:00,CMP-S02-L05-01,S02,S02-L05,1,running,165.4313,488.0794,93.9405,36.8084,-0.6531,A,relation-reasoning-agent-eval-v3.1
2026-09-04T22:30:00+09:00,CMP-S02-L01-01,S02,S02-L01,1,running,149.7781,490.585,104.1282,37.0594,-0.3826,A,relation-reasoning-agent-eval-v3.1
2026-09-04T22:30:00+09:00,CMP-S02-L02-01,S02,S02-L02,1,running,164.8766,446.997,99.7113,36.0804,-0.7523,A,relation-reasoning-agent-eval-v3.1
2026-09-04T22:30:00+09:00,CMP-S02-L03-01,S02,S02-L03,1,running,159.4542,478.0166,96.5659,48.0393,1.1844,B,relation-reasoning-agent-eval-v3.1
2026-09-04T22:30:00+09:00,CMP-S02-L04-01,S02,S02-L04,1,running,189.4709,381.879,104.2628,50.4923,1.5858,B,relation-reasoning-agent-eval-v3.1
2026-09-04T22:30:00+09:00,CMP-S02-L05-01,S02,S02-L05,1,running,163.3266,463.1049,96.6699,37.2618,-0.5691,A,relation-reasoning-agent-eval-v3.1
2026-09-04T22:40:00+09:00,CMP-S02-L01-01,S02,S02-L01,1,running,152.0026,492.8937,98.0327,42.02,0.536,A,relation-reasoning-agent-eval-v3.1
2026-09-04T22:40:00+09:00,CMP-S02-L02-01,S02,S02-L02,1,running,160.5066,447.5913,93.8503,44.1401,0.7403,A,relation-reasoning-agent-eval-v3.1
2026-09-04T22:40:00+09:00,CMP-S02-L03-01,S02,S02-L03,1,running,164.8856,455.4227,90.5247,53.6329,2.2203,C,relation-reasoning-agent-eval-v3.1
2026-09-04T22:40:00+09:00,CMP-S02-L04-01,S02,S02-L04,1,running,193.2134,399.8112,98.3267,51.7371,1.8163,B,relation-reasoning-agent-eval-v3.1
2026-09-04T22:40:00+09:00,CMP-S02-L05-01,S02,S02-L05,1,running,173.8895,450.0806,95.6602,40.9663,0.1169,A,relation-reasoning-agent-eval-v3.1
2026-09-04T22:50:00+09:00,CMP-S02-L01-01,S02,S02-L01,1,running,165.8526,488.8295,98.0763,41.9543,0.5238,A,relation-reasoning-agent-eval-v3.1
2026-09-04T22:50:00+09:00,CMP-S02-L02-01,S02,S02-L02,1,running,157.9764,435.3999,97.0271,34.2302,-1.0949,B,relation-reasoning-agent-eval-v3.1
2026-09-04T22:50:00+09:00,CMP-S02-L03-01,S02,S02-L03,1,running,170.1541,453.8683,89.2857,44.234,0.4797,A,relation-reasoning-agent-eval-v3.1
2026-09-04T22:50:00+09:00,CMP-S02-L04-01,S02,S02-L04,1,running,187.6832,367.0425,101.7745,47.8978,1.1053,B,relation-reasoning-agent-eval-v3.1
2026-09-04T22:50:00+09:00,CMP-S02-L05-01,S02,S02-L05,1,running,177.5676,435.4513,92.6493,38.4586,-0.3475,A,relation-reasoning-agent-eval-v3.1
2026-09-04T23:00:00+09:00,CMP-S02-L01-01,S02,S02-L01,1,running,174.4645,540.211,104.6867,45.7634,1.2292,B,relation-reasoning-agent-eval-v3.1
2026-09-04T23:00:00+09:00,CMP-S02-L02-01,S02,S02-L02,1,running,162.9878,457.0393,98.167,39.801,-0.0633,A,relation-reasoning-agent-eval-v3.1
2026-09-04T23:00:00+09:00,CMP-S02-L03-01,S02,S02-L03,1,running,152.3393,426.3823,88.9484,45.4487,0.7048,A,relation-reasoning-agent-eval-v3.1
2026-09-04T23:00:00+09:00,CMP-S02-L04-01,S02,S02-L04,1,running,186.2778,373.7821,101.1995,49.6538,1.4305,B,relation-reasoning-agent-eval-v3.1
2026-09-04T23:00:00+09:00,CMP-S02-L05-01,S02,S02-L05,1,running,178.8834,473.5253,93.3366,38.8933,-0.267,A,relation-reasoning-agent-eval-v3.1
2026-09-04T23:10:00+09:00,CMP-S02-L01-01,S02,S02-L01,1,running,170.975,477.9676,113.69,46.0521,1.2827,B,relation-reasoning-agent-eval-v3.1
2026-09-04T23:10:00+09:00,CMP-S02-L02-01,S02,S02-L02,1,running,176.2861,478.3458,95.7922,35.9304,-0.78,A,relation-reasoning-agent-eval-v3.1
2026-09-04T23:10:00+09:00,CMP-S02-L03-01,S02,S02-L03,1,running,166.2152,408.1478,94.2919,44.935,0.6096,A,relation-reasoning-agent-eval-v3.1
2026-09-04T23:10:00+09:00,CMP-S02-L04-01,S02,S02-L04,1,running,180.9608,360.6608,100.8217,56.6183,2.7202,C,relation-reasoning-agent-eval-v3.1
2026-09-04T23:10:00+09:00,CMP-S02-L05-01,S02,S02-L05,1,running,172.1766,495.3851,94.0906,41.2465,0.1688,A,relation-reasoning-agent-eval-v3.1
2026-09-04T23:20:00+09:00,CMP-S02-L01-01,S02,S02-L01,1,running,164.5947,460.0881,110.3475,49.7533,1.9681,B,relation-reasoning-agent-eval-v3.1
2026-09-04T23:20:00+09:00,CMP-S02-L02-01,S02,S02-L02,1,running,166.0043,462.9026,97.8032,41.9983,0.3436,A,relation-reasoning-agent-eval-v3.1
2026-09-04T23:20:00+09:00,CMP-S02-L03-01,S02,S02-L03,1,running,181.3557,402.1236,93.7349,48.1196,1.1994,B,relation-reasoning-agent-eval-v3.1
2026-09-04T23:20:00+09:00,CMP-S02-L04-01,S02,S02-L04,1,running,170.2688,382.5404,107.9888,55.3548,2.4862,C,relation-reasoning-agent-eval-v3.1
2026-09-04T23:20:00+09:00,CMP-S02-L05-01,S02,S02-L05,1,running,154.2398,477.8522,95.0278,37.2299,-0.575,A,relation-reasoning-agent-eval-v3.1
2026-09-04T23:30:00+09:00,CMP-S02-L01-01,S02,S02-L01,1,running,171.7353,475.6185,99.8902,45.3835,1.1589,B,relation-reasoning-agent-eval-v3.1
2026-09-04T23:30:00+09:00,CMP-S02-L02-01,S02,S02-L02,1,running,164.8141,425.7394,102.0297,41.2035,0.1964,A,relation-reasoning-agent-eval-v3.1
2026-09-04T23:30:00+09:00,CMP-S02-L03-01,S02,S02-L03,1,running,168.923,381.4961,93.7121,47.9503,1.168,B,relation-reasoning-agent-eval-v3.1
2026-09-04T23:30:00+09:00,CMP-S02-L04-01,S02,S02-L04,1,running,153.2504,360.6518,105.796,50.8366,1.6495,B,relation-reasoning-agent-eval-v3.1
2026-09-04T23:30:00+09:00,CMP-S02-L05-01,S02,S02-L05,1,running,154.3129,549.4478,93.5578,35.9827,-0.806,A,relation-reasoning-agent-eval-v3.1
2026-09-04T23:40:00+09:00,CMP-S02-L01-01,S02,S02-L01,1,running,154.1357,422.9001,94.3768,44.7918,1.0493,B,relation-reasoning-agent-eval-v3.1
2026-09-04T23:40:00+09:00,CMP-S02-L02-01,S02,S02-L02,1,running,162.3008,491.1551,103.0909,40.6555,0.095,A,relation-reasoning-agent-eval-v3.1
2026-09-04T23:40:00+09:00,CMP-S02-L03-01,S02,S02-L03,1,running,151.4782,442.8983,88.7898,43.4264,0.3302,A,relation-reasoning-agent-eval-v3.1
2026-09-04T23:40:00+09:00,CMP-S02-L04-01,S02,S02-L04,1,running,162.2491,391.9154,103.8592,47.96,1.1168,B,relation-reasoning-agent-eval-v3.1
2026-09-04T23:40:00+09:00,CMP-S02-L05-01,S02,S02-L05,1,running,136.5749,559.4885,97.8581,44.397,0.7522,A,relation-reasoning-agent-eval-v3.1
2026-09-04T23:50:00+09:00,CMP-S02-L01-01,S02,S02-L01,1,running,144.1993,427.4524,103.7739,43.3791,0.7877,A,relation-reasoning-agent-eval-v3.1
2026-09-04T23:50:00+09:00,CMP-S02-L02-01,S02,S02-L02,1,running,160.1672,543.1955,106.9017,35.2886,-0.8989,A,relation-reasoning-agent-eval-v3.1
2026-09-04T23:50:00+09:00,CMP-S02-L03-01,S02,S02-L03,1,running,173.0178,461.4659,90.124,45.2595,0.6697,A,relation-reasoning-agent-eval-v3.1
2026-09-04T23:50:00+09:00,CMP-S02-L04-01,S02,S02-L04,1,running,167.641,410.8481,104.1784,46.4911,0.8448,A,relation-reasoning-agent-eval-v3.1
2026-09-04T23:50:00+09:00,CMP-S02-L05-01,S02,S02-L05,1,running,125.3572,553.4165,105.2079,43.6586,0.6155,A,relation-reasoning-agent-eval-v3.1
2026-09-05T00:00:00+09:00,CMP-S02-L01-01,S02,S02-L01,1,running,138.8455,464.5702,101.774,46.1669,1.3039,B,relation-reasoning-agent-eval-v3.1
2026-09-05T00:00:00+09:00,CMP-S02-L02-01,S02,S02-L02,1,running,169.1615,589.4461,101.725,40.6997,0.1032,A,relation-reasoning-agent-eval-v3.1
2026-09-05T00:00:00+09:00,CMP-S02-L03-01,S02,S02-L03,1,running,164.0069,489.5101,92.2768,45.3045,0.6781,A,relation-reasoning-agent-eval-v3.1
2026-09-05T00:00:00+09:00,CMP-S02-L04-01,S02,S02-L04,1,running,164.7011,426.5951,100.1566,42.4154,0.0901,A,relation-reasoning-agent-eval-v3.1
2026-09-05T00:00:00+09:00,CMP-S02-L05-01,S02,S02-L05,1,running,139.81,546.8854,97.011,46.6729,1.1737,B,relation-reasoning-agent-eval-v3.1
2026-09-05T00:10:00+09:00,CMP-S02-L01-01,S02,S02-L01,1,running,153.4544,434.2385,94.517,37.2062,-0.3555,A,relation-reasoning-agent-eval-v3.1
2026-09-05T00:10:00+09:00,CMP-S02-L02-01,S02,S02-L02,1,running,174.8478,518.9768,106.9784,42.529,0.4419,A,relation-reasoning-agent-eval-v3.1
2026-09-05T00:10:00+09:00,CMP-S02-L03-01,S02,S02-L03,1,running,177.9617,520.6213,82.7957,43.6869,0.3785,A,relation-reasoning-agent-eval-v3.1
2026-09-05T00:10:00+09:00,CMP-S02-L04-01,S02,S02-L04,1,running,168.4363,444.3257,95.4539,49.1035,1.3286,B,relation-reasoning-agent-eval-v3.1
2026-09-05T00:10:00+09:00,CMP-S02-L05-01,S02,S02-L05,1,running,136.5743,535.9482,95.1538,49.0318,1.6105,B,relation-reasoning-agent-eval-v3.1
2026-09-05T00:20:00+09:00,CMP-S02-L01-01,S02,S02-L01,1,running,165.9912,410.9103,102.135,37.5805,-0.2861,A,relation-reasoning-agent-eval-v3.1
2026-09-05T00:20:00+09:00,CMP-S02-L02-01,S02,S02-L02,1,running,160.9996,488.0655,102.5747,43.1159,0.5506,A,relation-reasoning-agent-eval-v3.1
2026-09-05T00:20:00+09:00,CMP-S02-L03-01,S02,S02-L03,1,running,181.6794,468.5626,83.9217,44.4605,0.5218,A,relation-reasoning-agent-eval-v3.1
2026-09-05T00:20:00+09:00,CMP-S02-L04-01,S02,S02-L04,1,running,157.6082,485.0496,94.35,46.9553,0.9308,A,relation-reasoning-agent-eval-v3.1
2026-09-05T00:20:00+09:00,CMP-S02-L05-01,S02,S02-L05,1,running,152.9374,540.6983,96.6379,43.3547,0.5592,A,relation-reasoning-agent-eval-v3.1
2026-09-05T00:30:00+09:00,CMP-S02-L01-01,S02,S02-L01,1,running,174.1466,471.9926,96.9167,40.3412,0.2251,A,relation-reasoning-agent-eval-v3.1
2026-09-05T00:30:00+09:00,CMP-S02-L02-01,S02,S02-L02,1,running,163.6523,463.0331,97.3064,35.6575,-0.8306,A,relation-reasoning-agent-eval-v3.1
2026-09-05T00:30:00+09:00,CMP-S02-L03-01,S02,S02-L03,1,running,178.4053,419.262,87.7621,46.4051,0.8818,A,relation-reasoning-agent-eval-v3.1
2026-09-05T00:30:00+09:00,CMP-S02-L04-01,S02,S02-L04,1,running,162.5508,538.3257,93.166,45.8096,0.7186,A,relation-reasoning-agent-eval-v3.1
2026-09-05T00:30:00+09:00,CMP-S02-L05-01,S02,S02-L05,1,running,159.9391,492.2329,94.8402,41.3172,0.1819,A,relation-reasoning-agent-eval-v3.1
2026-09-05T00:40:00+09:00,CMP-S02-L01-01,S02,S02-L01,1,running,166.7256,499.0482,97.5526,38.0392,-0.2012,A,relation-reasoning-agent-eval-v3.1
2026-09-05T00:40:00+09:00,CMP-S02-L02-01,S02,S02-L02,1,running,167.8453,514.0576,93.2133,39.3416,-0.1483,A,relation-reasoning-agent-eval-v3.1
2026-09-05T00:40:00+09:00,CMP-S02-L03-01,S02,S02-L03,1,running,193.1083,466.0795,82.7556,45.412,0.698,A,relation-reasoning-agent-eval-v3.1
2026-09-05T00:40:00+09:00,CMP-S02-L04-01,S02,S02-L04,1,running,152.2173,526.562,97.7536,38.8258,-0.5747,A,relation-reasoning-agent-eval-v3.1
2026-09-05T00:40:00+09:00,CMP-S02-L05-01,S02,S02-L05,1,running,163.2771,437.1301,96.5607,40.2135,-0.0225,A,relation-reasoning-agent-eval-v3.1
2026-09-05T00:50:00+09:00,CMP-S02-L01-01,S02,S02-L01,1,running,166.145,489.0323,97.2637,32.721,-1.1861,B,relation-reasoning-agent-eval-v3.1
2026-09-05T00:50:00+09:00,CMP-S02-L02-01,S02,S02-L02,1,running,174.2578,516.0465,91.4453,35.0113,-0.9503,A,relation-reasoning-agent-eval-v3.1
2026-09-05T00:50:00+09:00,CMP-S02-L03-01,S02,S02-L03,1,running,182.3357,459.667,86.2886,39.6911,-0.3615,A,relation-reasoning-agent-eval-v3.1
2026-09-05T00:50:00+09:00,CMP-S02-L04-01,S02,S02-L04,1,running,148.9873,508.1175,98.7451,44.5166,0.4792,A,relation-reasoning-agent-eval-v3.1
2026-09-05T00:50:00+09:00,CMP-S02-L05-01,S02,S02-L05,1,running,164.4596,440.8375,101.1763,42.502,0.4013,A,relation-reasoning-agent-eval-v3.1
2026-09-05T01:00:00+09:00,CMP-S02-L01-01,S02,S02-L01,1,running,156.8057,443.4939,95.8406,32.0644,-1.3076,B,relation-reasoning-agent-eval-v3.1
2026-09-05T01:00:00+09:00,CMP-S02-L02-01,S02,S02-L02,1,running,164.9805,544.5312,93.359,28.0759,-2.2346,C,relation-reasoning-agent-eval-v3.1
2026-09-05T01:00:00+09:00,CMP-S02-L03-01,S02,S02-L03,1,running,175.8097,464.1145,88.4261,39.5867,-0.3808,A,relation-reasoning-agent-eval-v3.1
2026-09-05T01:00:00+09:00,CMP-S02-L04-01,S02,S02-L04,1,running,158.7807,493.2706,99.9354,38.7673,-0.5855,A,relation-reasoning-agent-eval-v3.1
2026-09-05T01:00:00+09:00,CMP-S02-L05-01,S02,S02-L05,1,running,185.9881,487.5826,100.6749,38.515,-0.337,A,relation-reasoning-agent-eval-v3.1
2026-09-05T01:10:00+09:00,CMP-S02-L01-01,S02,S02-L01,1,running,167.4105,470.0949,95.5272,31.9132,-1.3356,B,relation-reasoning-agent-eval-v3.1
2026-09-05T01:10:00+09:00,CMP-S02-L02-01,S02,S02-L02,1,running,180.4741,499.646,95.9076,34.3053,-1.081,B,relation-reasoning-agent-eval-v3.1
2026-09-05T01:10:00+09:00,CMP-S02-L03-01,S02,S02-L03,1,running,188.0032,404.9256,90.6768,30.3253,-2.0959,C,relation-reasoning-agent-eval-v3.1
2026-09-05T01:10:00+09:00,CMP-S02-L04-01,S02,S02-L04,1,running,167.0014,473.8743,95.8953,36.0586,-1.0871,B,relation-reasoning-agent-eval-v3.1
2026-09-05T01:10:00+09:00,CMP-S02-L05-01,S02,S02-L05,1,running,178.7146,468.1016,98.847,40.3977,0.0116,A,relation-reasoning-agent-eval-v3.1
2026-09-05T01:20:00+09:00,CMP-S02-L01-01,S02,S02-L01,1,running,160.8718,474.5641,94.3739,27.3155,-2.1871,C,relation-reasoning-agent-eval-v3.1
2026-09-05T01:20:00+09:00,CMP-S02-L02-01,S02,S02-L02,1,running,174.1348,527.4657,98.103,35.6463,-0.8327,A,relation-reasoning-agent-eval-v3.1
2026-09-05T01:20:00+09:00,CMP-S02-L03-01,S02,S02-L03,1,running,181.3405,410.7181,88.8204,35.0341,-1.2239,B,relation-reasoning-agent-eval-v3.1
2026-09-05T01:20:00+09:00,CMP-S02-L04-01,S02,S02-L04,1,running,174.4003,454.0463,91.7913,32.7215,-1.7051,B,relation-reasoning-agent-eval-v3.1
2026-09-05T01:20:00+09:00,CMP-S02-L05-01,S02,S02-L05,1,running,177.2579,477.7238,93.2156,44.1842,0.7128,A,relation-reasoning-agent-eval-v3.1
2026-09-05T01:30:00+09:00,CMP-S02-L01-01,S02,S02-L01,1,running,159.5994,454.8436,88.2924,35.1912,-0.7286,A,relation-reasoning-agent-eval-v3.1
2026-09-05T01:30:00+09:00,CMP-S02-L02-01,S02,S02-L02,1,running,145.4694,473.5759,99.0602,39.5404,-0.1115,A,relation-reasoning-agent-eval-v3.1
2026-09-05T01:30:00+09:00,CMP-S02-L03-01,S02,S02-L03,1,running,194.7661,447.2656,86.5845,38.7333,-0.5389,A,relation-reasoning-agent-eval-v3.1
2026-09-05T01:30:00+09:00,CMP-S02-L04-01,S02,S02-L04,1,running,177.0688,466.0176,92.4925,30.3471,-2.1448,C,relation-reasoning-agent-eval-v3.1
2026-09-05T01:30:00+09:00,CMP-S02-L05-01,S02,S02-L05,1,running,165.2745,492.2419,96.1117,46.9314,1.2215,B,relation-reasoning-agent-eval-v3.1
2026-09-05T01:40:00+09:00,CMP-S02-L01-01,S02,S02-L01,1,running,176.7546,456.0811,95.1488,32.0445,-1.3113,B,relation-reasoning-agent-eval-v3.1
2026-09-05T01:40:00+09:00,CMP-S02-L02-01,S02,S02-L02,1,running,149.1283,509.4827,96.9058,44.701,0.8441,A,relation-reasoning-agent-eval-v3.1
2026-09-05T01:40:00+09:00,CMP-S02-L03-01,S02,S02-L03,1,running,183.293,400.7901,89.5782,40.2649,-0.2552,A,relation-reasoning-agent-eval-v3.1
2026-09-05T01:40:00+09:00,CMP-S02-L04-01,S02,S02-L04,1,running,176.2925,443.8721,91.522,37.3955,-0.8396,A,relation-reasoning-agent-eval-v3.1
2026-09-05T01:40:00+09:00,CMP-S02-L05-01,S02,S02-L05,1,running,168.4391,461.4941,96.0009,46.2745,1.0999,B,relation-reasoning-agent-eval-v3.1
2026-09-05T01:50:00+09:00,CMP-S02-L01-01,S02,S02-L01,1,running,187.7946,465.1338,107.1723,33.5843,-1.0262,B,relation-reasoning-agent-eval-v3.1
2026-09-05T01:50:00+09:00,CMP-S02-L02-01,S02,S02-L02,1,running,151.9355,467.4693,101.7645,45.1401,0.9254,A,relation-reasoning-agent-eval-v3.1
2026-09-05T01:50:00+09:00,CMP-S02-L03-01,S02,S02-L03,1,running,179.2423,342.5502,87.0031,40.8809,-0.1412,A,relation-reasoning-agent-eval-v3.1
2026-09-05T01:50:00+09:00,CMP-S02-L04-01,S02,S02-L04,1,running,172.6864,444.8184,90.434,40.4844,-0.2675,A,relation-reasoning-agent-eval-v3.1
2026-09-05T01:50:00+09:00,CMP-S02-L05-01,S02,S02-L05,1,running,169.9636,478.2352,89.0112,44.7812,0.8234,A,relation-reasoning-agent-eval-v3.1
2026-09-05T02:00:00+09:00,CMP-S02-L01-01,S02,S02-L01,1,running,186.697,420.3685,102.8795,36.4773,-0.4904,A,relation-reasoning-agent-eval-v3.1
2026-09-05T02:00:00+09:00,CMP-S02-L02-01,S02,S02-L02,1,running,146.9039,500.0788,102.6253,52.1022,2.2147,C,relation-reasoning-agent-eval-v3.1
2026-09-05T02:00:00+09:00,CMP-S02-L03-01,S02,S02-L03,1,running,169.6959,365.5788,87.276,34.5112,-1.3207,B,relation-reasoning-agent-eval-v3.1
2026-09-05T02:00:00+09:00,CMP-S02-L04-01,S02,S02-L04,1,running,160.309,486.2762,98.1724,37.5341,-0.8139,A,relation-reasoning-agent-eval-v3.1
2026-09-05T02:00:00+09:00,CMP-S02-L05-01,S02,S02-L05,1,running,176.7073,484.7572,94.669,46.268,1.0987,B,relation-reasoning-agent-eval-v3.1
2026-09-05T02:10:00+09:00,CMP-S02-L01-01,S02,S02-L01,1,running,188.7694,399.5071,102.7881,37.5676,-0.2885,A,relation-reasoning-agent-eval-v3.1
2026-09-05T02:10:00+09:00,CMP-S02-L02-01,S02,S02-L02,1,running,148.8357,469.6991,100.0664,50.4733,1.9131,B,relation-reasoning-agent-eval-v3.1
2026-09-05T02:10:00+09:00,CMP-S02-L03-01,S02,S02-L03,1,running,161.2226,397.1545,87.5949,35.4633,-1.1444,B,relation-reasoning-agent-eval-v3.1
2026-09-05T02:10:00+09:00,CMP-S02-L04-01,S02,S02-L04,1,running,160.0408,552.5835,104.6332,36.5155,-1.0025,B,relation-reasoning-agent-eval-v3.1
2026-09-05T02:10:00+09:00,CMP-S02-L05-01,S02,S02-L05,1,running,162.6861,474.4185,98.0553,50.6102,1.9028,B,relation-reasoning-agent-eval-v3.1
2026-09-05T02:20:00+09:00,CMP-S02-L01-01,S02,S02-L01,1,running,193.4887,421.3039,109.001,34.7166,-0.8165,A,relation-reasoning-agent-eval-v3.1
2026-09-05T02:20:00+09:00,CMP-S02-L02-01,S02,S02-L02,1,running,159.0708,478.319,101.8916,47.168,1.301,B,relation-reasoning-agent-eval-v3.1
2026-09-05T02:20:00+09:00,CMP-S02-L03-01,S02,S02-L03,1,running,158.8111,428.4053,96.6085,36.7773,-0.9011,A,relation-reasoning-agent-eval-v3.1
2026-09-05T02:20:00+09:00,CMP-S02-L04-01,S02,S02-L04,1,running,172.0705,553.7963,103.574,36.1457,-1.071,B,relation-reasoning-agent-eval-v3.1
2026-09-05T02:20:00+09:00,CMP-S02-L05-01,S02,S02-L05,1,running,156.4199,502.5754,100.5172,53.8594,2.5045,C,relation-reasoning-agent-eval-v3.1
2026-09-05T02:30:00+09:00,CMP-S02-L01-01,S02,S02-L01,1,running,190.9999,427.8269,113.7954,47.3659,1.526,B,relation-reasoning-agent-eval-v3.1
2026-09-05T02:30:00+09:00,CMP-S02-L02-01,S02,S02-L02,1,running,149.4209,532.3699,109.5839,49.1273,1.6638,B,relation-reasoning-agent-eval-v3.1
2026-09-05T02:30:00+09:00,CMP-S02-L03-01,S02,S02-L03,1,running,157.8578,423.5802,98.7205,37.1207,-0.8375,A,relation-reasoning-agent-eval-v3.1
2026-09-05T02:30:00+09:00,CMP-S02-L04-01,S02,S02-L04,1,running,174.3124,513.4358,101.0658,32.3374,-1.7763,B,relation-reasoning-agent-eval-v3.1
2026-09-05T02:30:00+09:00,CMP-S02-L05-01,S02,S02-L05,1,running,160.0288,504.509,98.2632,50.3334,1.8516,B,relation-reasoning-agent-eval-v3.1
2026-09-05T02:40:00+09:00,CMP-S02-L01-01,S02,S02-L01,1,running,186.296,438.8072,101.1703,42.4924,0.6235,A,relation-reasoning-agent-eval-v3.1
2026-09-05T02:40:00+09:00,CMP-S02-L02-01,S02,S02-L02,1,running,171.451,499.7901,113.5943,48.4952,1.5468,B,relation-reasoning-agent-eval-v3.1
2026-09-05T02:40:00+09:00,CMP-S02-L03-01,S02,S02-L03,1,running,156.3022,403.899,102.7853,35.1734,-1.1981,B,relation-reasoning-agent-eval-v3.1
2026-09-05T02:40:00+09:00,CMP-S02-L04-01,S02,S02-L04,1,running,170.808,483.0773,102.5414,38.2273,-0.6855,A,relation-reasoning-agent-eval-v3.1
2026-09-05T02:40:00+09:00,CMP-S02-L05-01,S02,S02-L05,1,running,163.0705,499.1549,94.3803,47.9931,1.4182,B,relation-reasoning-agent-eval-v3.1
2026-09-05T02:50:00+09:00,CMP-S02-L01-01,S02,S02-L01,1,running,183.3206,436.1884,101.1826,42.8225,0.6846,A,relation-reasoning-agent-eval-v3.1
2026-09-05T02:50:00+09:00,CMP-S02-L02-01,S02,S02-L02,1,running,177.2352,490.5278,104.2185,52.5554,2.2987,C,relation-reasoning-agent-eval-v3.1
2026-09-05T02:50:00+09:00,CMP-S02-L03-01,S02,S02-L03,1,running,158.2661,422.2061,95.9535,35.7379,-1.0936,B,relation-reasoning-agent-eval-v3.1
2026-09-05T02:50:00+09:00,CMP-S02-L04-01,S02,S02-L04,1,running,160.7501,465.1646,105.3718,40.0697,-0.3443,A,relation-reasoning-agent-eval-v3.1
2026-09-05T02:50:00+09:00,CMP-S02-L05-01,S02,S02-L05,1,running,172.8338,462.746,102.1933,45.5985,0.9747,A,relation-reasoning-agent-eval-v3.1
2026-09-05T03:00:00+09:00,CMP-S02-L01-01,S02,S02-L01,1,running,167.4545,424.4074,100.1303,41.2997,0.4026,A,relation-reasoning-agent-eval-v3.1
2026-09-05T03:00:00+09:00,CMP-S02-L02-01,S02,S02-L02,1,running,161.0921,452.1432,104.8747,53.2734,2.4316,C,relation-reasoning-agent-eval-v3.1
2026-09-05T03:00:00+09:00,CMP-S02-L03-01,S02,S02-L03,1,running,181.2247,391.7858,93.8107,36.1775,-1.0122,B,relation-reasoning-agent-eval-v3.1
2026-09-05T03:00:00+09:00,CMP-S02-L04-01,S02,S02-L04,1,running,156.4228,449.0952,95.6791,43.9003,0.365,A,relation-reasoning-agent-eval-v3.1
2026-09-05T03:00:00+09:00,CMP-S02-L05-01,S02,S02-L05,1,running,175.4232,430.087,92.1569,49.2103,1.6436,B,relation-reasoning-agent-eval-v3.1
2026-09-05T03:10:00+09:00,CMP-S02-L01-01,S02,S02-L01,1,running,177.5496,427.1999,96.4542,39.2119,0.016,A,relation-reasoning-agent-eval-v3.1
2026-09-05T03:10:00+09:00,CMP-S02-L02-01,S02,S02-L02,1,running,152.5619,468.1371,101.9229,53.4546,2.4652,C,relation-reasoning-agent-eval-v3.1
2026-09-05T03:10:00+09:00,CMP-S02-L03-01,S02,S02-L03,1,running,168.431,366.3173,89.6122,40.3419,-0.241,A,relation-reasoning-agent-eval-v3.1
2026-09-05T03:10:00+09:00,CMP-S02-L04-01,S02,S02-L04,1,running,178.1317,490.8133,101.3115,41.476,-0.0839,A,relation-reasoning-agent-eval-v3.1
2026-09-05T03:10:00+09:00,CMP-S02-L05-01,S02,S02-L05,1,running,164.2624,466.2849,92.4808,42.0674,0.3208,A,relation-reasoning-agent-eval-v3.1
2026-09-05T03:20:00+09:00,CMP-S02-L01-01,S02,S02-L01,1,running,181.5428,437.8026,98.4186,38.5573,-0.1052,A,relation-reasoning-agent-eval-v3.1
2026-09-05T03:20:00+09:00,CMP-S02-L02-01,S02,S02-L02,1,running,158.6464,464.8714,106.7013,51.0247,2.0152,C,relation-reasoning-agent-eval-v3.1
2026-09-05T03:20:00+09:00,CMP-S02-L03-01,S02,S02-L03,1,running,162.7567,388.8986,94.1719,41.8472,0.0378,A,relation-reasoning-agent-eval-v3.1
2026-09-05T03:20:00+09:00,CMP-S02-L04-01,S02,S02-L04,1,running,171.8742,495.4911,97.4464,37.4923,-0.8216,A,relation-reasoning-agent-eval-v3.1
2026-09-05T03:20:00+09:00,CMP-S02-L05-01,S02,S02-L05,1,running,157.9698,505.6843,92.5383,42.5586,0.4118,A,relation-reasoning-agent-eval-v3.1
2026-09-05T03:30:00+09:00,CMP-S02-L01-01,S02,S02-L01,1,running,193.1667,445.1774,93.4384,35.0936,-0.7467,A,relation-reasoning-agent-eval-v3.1
2026-09-05T03:30:00+09:00,CMP-S02-L02-01,S02,S02-L02,1,running,176.7291,431.7926,109.458,50.8359,1.9802,B,relation-reasoning-agent-eval-v3.1
2026-09-05T03:30:00+09:00,CMP-S02-L03-01,S02,S02-L03,1,running,150.3671,398.4464,95.6228,43.6586,0.3732,A,relation-reasoning-agent-eval-v3.1
2026-09-05T03:30:00+09:00,CMP-S02-L04-01,S02,S02-L04,1,running,156.1346,506.4848,101.2606,35.1741,-1.2509,B,relation-reasoning-agent-eval-v3.1
2026-09-05T03:30:00+09:00,CMP-S02-L05-01,S02,S02-L05,1,running,167.1967,514.7291,92.9109,40.4364,0.0188,A,relation-reasoning-agent-eval-v3.1
2026-09-05T03:40:00+09:00,CMP-S02-L01-01,S02,S02-L01,1,running,180.3928,451.3279,85.9476,31.7914,-1.3582,B,relation-reasoning-agent-eval-v3.1
2026-09-05T03:40:00+09:00,CMP-S02-L02-01,S02,S02-L02,1,running,172.0796,403.6378,110.5968,49.9669,1.8193,B,relation-reasoning-agent-eval-v3.1
2026-09-05T03:40:00+09:00,CMP-S02-L03-01,S02,S02-L03,1,running,155.7971,399.6359,102.3609,44.8892,0.6012,A,relation-reasoning-agent-eval-v3.1
2026-09-05T03:40:00+09:00,CMP-S02-L04-01,S02,S02-L04,1,running,157.485,491.4052,104.6775,34.0576,-1.4577,B,relation-reasoning-agent-eval-v3.1
2026-09-05T03:40:00+09:00,CMP-S02-L05-01,S02,S02-L05,1,running,175.4123,530.9057,96.0774,33.3128,-1.3004,B,relation-reasoning-agent-eval-v3.1
2026-09-05T03:50:00+09:00,CMP-S02-L01-01,S02,S02-L01,1,running,169.7561,518.9596,87.185,39.0634,-0.0115,A,relation-reasoning-agent-eval-v3.1
2026-09-05T03:50:00+09:00,CMP-S02-L02-01,S02,S02-L02,1,running,175.7211,395.8163,109.231,49.1809,1.6737,B,relation-reasoning-agent-eval-v3.1
2026-09-05T03:50:00+09:00,CMP-S02-L03-01,S02,S02-L03,1,running,150.5445,407.2175,95.0083,46.596,0.9172,A,relation-reasoning-agent-eval-v3.1
2026-09-05T03:50:00+09:00,CMP-S02-L04-01,S02,S02-L04,1,running,151.838,501.7407,97.1339,35.6957,-1.1543,B,relation-reasoning-agent-eval-v3.1
2026-09-05T03:50:00+09:00,CMP-S02-L05-01,S02,S02-L05,1,running,168.3317,524.7732,97.1736,32.6541,-1.4224,B,relation-reasoning-agent-eval-v3.1
2026-09-05T04:00:00+09:00,CMP-S02-L01-01,S02,S02-L01,1,running,193.6421,515.2731,92.7422,38.5464,-0.1073,A,relation-reasoning-agent-eval-v3.1
2026-09-05T04:00:00+09:00,CMP-S02-L02-01,S02,S02-L02,1,running,178.2367,402.5089,107.7341,53.2709,2.4311,C,relation-reasoning-agent-eval-v3.1
2026-09-05T04:00:00+09:00,CMP-S02-L03-01,S02,S02-L03,1,running,145.5554,456.4348,96.2043,46.5623,0.911,A,relation-reasoning-agent-eval-v3.1
2026-09-05T04:00:00+09:00,CMP-S02-L04-01,S02,S02-L04,1,running,164.3613,477.7327,94.0165,38.327,-0.6671,A,relation-reasoning-agent-eval-v3.1
2026-09-05T04:00:00+09:00,CMP-S02-L05-01,S02,S02-L05,1,running,154.35,498.9046,93.7502,38.2431,-0.3874,A,relation-reasoning-agent-eval-v3.1
2026-09-05T04:10:00+09:00,CMP-S02-L01-01,S02,S02-L01,1,running,184.0886,525.4444,89.3905,39.7144,0.109,A,relation-reasoning-agent-eval-v3.1
2026-09-05T04:10:00+09:00,CMP-S02-L02-01,S02,S02-L02,1,running,154.6103,451.8784,106.7923,50.2341,1.8688,B,relation-reasoning-agent-eval-v3.1
2026-09-05T04:10:00+09:00,CMP-S02-L03-01,S02,S02-L03,1,running,166.0039,423.7773,95.8574,40.3259,-0.244,A,relation-reasoning-agent-eval-v3.1
2026-09-05T04:10:00+09:00,CMP-S02-L04-01,S02,S02-L04,1,running,181.741,433.0813,99.2374,42.3982,0.0869,A,relation-reasoning-agent-eval-v3.1
2026-09-05T04:10:00+09:00,CMP-S02-L05-01,S02,S02-L05,1,running,153.2721,502.6646,97.7783,39.0285,-0.2419,A,relation-reasoning-agent-eval-v3.1
2026-09-05T04:20:00+09:00,CMP-S02-L01-01,S02,S02-L01,1,running,190.9934,524.6605,89.8458,35.3772,-0.6941,A,relation-reasoning-agent-eval-v3.1
2026-09-05T04:20:00+09:00,CMP-S02-L02-01,S02,S02-L02,1,running,159.0748,457.7295,106.6596,45.8611,1.059,B,relation-reasoning-agent-eval-v3.1
2026-09-05T04:20:00+09:00,CMP-S02-L03-01,S02,S02-L03,1,running,186.1665,482.5078,95.3604,40.5849,-0.196,A,relation-reasoning-agent-eval-v3.1
2026-09-05T04:20:00+09:00,CMP-S02-L04-01,S02,S02-L04,1,running,159.498,422.2879,102.8135,47.7467,1.0773,B,relation-reasoning-agent-eval-v3.1
2026-09-05T04:20:00+09:00,CMP-S02-L05-01,S02,S02-L05,1,running,145.121,471.3495,90.767,39.346,-0.1831,A,relation-reasoning-agent-eval-v3.1
2026-09-05T04:30:00+09:00,CMP-S02-L01-01,S02,S02-L01,1,running,184.628,518.354,86.9057,39.985,0.1591,A,relation-reasoning-agent-eval-v3.1
2026-09-05T04:30:00+09:00,CMP-S02-L02-01,S02,S02-L02,1,running,151.9106,473.4563,111.9851,47.2833,1.3223,B,relation-reasoning-agent-eval-v3.1
2026-09-05T04:30:00+09:00,CMP-S02-L03-01,S02,S02-L03,1,running,189.3687,485.2452,89.9922,32.09,-1.7691,B,relation-reasoning-agent-eval-v3.1
2026-09-05T04:30:00+09:00,CMP-S02-L04-01,S02,S02-L04,1,running,182.8594,481.5016,102.6439,53.7807,2.1947,C,relation-reasoning-agent-eval-v3.1
2026-09-05T04:30:00+09:00,CMP-S02-L05-01,S02,S02-L05,1,running,170.3594,419.9803,87.8439,39.0406,-0.2397,A,relation-reasoning-agent-eval-v3.1
2026-09-05T04:40:00+09:00,CMP-S02-L01-01,S02,S02-L01,1,running,176.1155,544.7753,86.6025,41.1293,0.371,A,relation-reasoning-agent-eval-v3.1
2026-09-05T04:40:00+09:00,CMP-S02-L02-01,S02,S02-L02,1,running,148.4263,516.5537,114.5497,39.427,-0.1325,A,relation-reasoning-agent-eval-v3.1
2026-09-05T04:40:00+09:00,CMP-S02-L03-01,S02,S02-L03,1,running,192.2512,463.4087,88.936,34.3681,-1.3473,B,relation-reasoning-agent-eval-v3.1
2026-09-05T04:40:00+09:00,CMP-S02-L04-01,S02,S02-L04,1,running,177.8695,436.3527,101.1004,51.836,1.8346,B,relation-reasoning-agent-eval-v3.1
2026-09-05T04:40:00+09:00,CMP-S02-L05-01,S02,S02-L05,1,running,163.4862,427.8559,86.6497,40.2612,-0.0137,A,relation-reasoning-agent-eval-v3.1
2026-09-05T04:50:00+09:00,CMP-S02-L01-01,S02,S02-L01,1,running,181.4315,508.4777,90.284,37.4903,-0.3028,A,relation-reasoning-agent-eval-v3.1
2026-09-05T04:50:00+09:00,CMP-S02-L02-01,S02,S02-L02,1,running,181.433,507.3382,117.6626,40.4952,0.0653,A,relation-reasoning-agent-eval-v3.1
2026-09-05T04:50:00+09:00,CMP-S02-L03-01,S02,S02-L03,1,running,185.8981,407.6209,90.2656,39.1304,-0.4654,A,relation-reasoning-agent-eval-v3.1
2026-09-05T04:50:00+09:00,CMP-S02-L04-01,S02,S02-L04,1,running,164.024,482.3906,99.8769,44.9799,0.565,A,relation-reasoning-agent-eval-v3.1
2026-09-05T04:50:00+09:00,CMP-S02-L05-01,S02,S02-L05,1,running,161.6814,406.1849,93.2811,38.4757,-0.3443,A,relation-reasoning-agent-eval-v3.1
2026-09-05T05:00:00+09:00,CMP-S02-L01-01,S02,S02-L01,1,running,183.3935,455.5345,99.746,44.4429,0.9847,A,relation-reasoning-agent-eval-v3.1
2026-09-05T05:00:00+09:00,CMP-S02-L02-01,S02,S02-L02,1,running,186.4897,490.3006,120.0022,40.7317,0.1091,A,relation-reasoning-agent-eval-v3.1
2026-09-05T05:00:00+09:00,CMP-S02-L03-01,S02,S02-L03,1,running,177.3062,400.1448,98.5419,37.342,-0.7966,A,relation-reasoning-agent-eval-v3.1
2026-09-05T05:00:00+09:00,CMP-S02-L04-01,S02,S02-L04,1,running,151.0213,478.6883,103.1283,42.5177,0.109,A,relation-reasoning-agent-eval-v3.1
2026-09-05T05:00:00+09:00,CMP-S02-L05-01,S02,S02-L05,1,running,170.7606,387.3305,93.1669,46.3924,1.1217,B,relation-reasoning-agent-eval-v3.1
2026-09-05T05:10:00+09:00,CMP-S02-L01-01,S02,S02-L01,1,running,183.3566,456.3095,99.0579,46.3897,1.3452,B,relation-reasoning-agent-eval-v3.1
2026-09-05T05:10:00+09:00,CMP-S02-L02-01,S02,S02-L02,1,running,182.8183,459.8095,113.8687,36.4537,-0.6831,A,relation-reasoning-agent-eval-v3.1
2026-09-05T05:10:00+09:00,CMP-S02-L03-01,S02,S02-L03,1,running,174.5996,399.5297,100.1904,39.9043,-0.3221,A,relation-reasoning-agent-eval-v3.1
2026-09-05T05:10:00+09:00,CMP-S02-L04-01,S02,S02-L04,1,running,154.3435,502.5291,107.8836,50.4239,1.5731,B,relation-reasoning-agent-eval-v3.1
2026-09-05T05:10:00+09:00,CMP-S02-L05-01,S02,S02-L05,1,running,171.7116,418.8248,96.2166,45.2691,0.9137,A,relation-reasoning-agent-eval-v3.1
2026-09-05T05:20:00+09:00,CMP-S02-L01-01,S02,S02-L01,1,running,166.8008,450.7584,97.1614,43.0036,0.7181,A,relation-reasoning-agent-eval-v3.1
2026-09-05T05:20:00+09:00,CMP-S02-L02-01,S02,S02-L02,1,running,166.3566,434.2217,110.0673,46.3627,1.1519,B,relation-reasoning-agent-eval-v3.1
2026-09-05T05:20:00+09:00,CMP-S02-L03-01,S02,S02-L03,1,running,188.5177,386.4419,101.6754,38.5129,-0.5797,A,relation-reasoning-agent-eval-v3.1
2026-09-05T05:20:00+09:00,CMP-S02-L04-01,S02,S02-L04,1,running,174.9314,459.5035,96.8628,52.1629,1.8951,B,relation-reasoning-agent-eval-v3.1
2026-09-05T05:20:00+09:00,CMP-S02-L05-01,S02,S02-L05,1,running,168.1556,419.4603,91.0717,52.8469,2.317,C,relation-reasoning-agent-eval-v3.1
2026-09-05T05:30:00+09:00,CMP-S02-L01-01,S02,S02-L01,1,running,160.8215,389.2814,103.5516,48.5988,1.7543,B,relation-reasoning-agent-eval-v3.1
2026-09-05T05:30:00+09:00,CMP-S02-L02-01,S02,S02-L02,1,running,163.5909,424.8828,107.2975,44.4621,0.7999,A,relation-reasoning-agent-eval-v3.1
2026-09-05T05:30:00+09:00,CMP-S02-L03-01,S02,S02-L03,1,running,185.7716,339.8751,97.8406,39.9441,-0.3146,A,relation-reasoning-agent-eval-v3.1
2026-09-05T05:30:00+09:00,CMP-S02-L04-01,S02,S02-L04,1,running,185.826,432.3351,94.3956,52.6475,1.9849,B,relation-reasoning-agent-eval-v3.1
2026-09-05T05:30:00+09:00,CMP-S02-L05-01,S02,S02-L05,1,running,168.5798,437.2265,83.3389,47.4195,1.3119,B,relation-reasoning-agent-eval-v3.1
2026-09-05T05:40:00+09:00,CMP-S02-L01-01,S02,S02-L01,1,running,163.3002,436.3551,99.2713,44.8701,1.0638,B,relation-reasoning-agent-eval-v3.1
2026-09-05T05:40:00+09:00,CMP-S02-L02-01,S02,S02-L02,1,running,178.7086,405.1611,106.3265,44.613,0.8278,A,relation-reasoning-agent-eval-v3.1
2026-09-05T05:40:00+09:00,CMP-S02-L03-01,S02,S02-L03,1,running,181.8453,326.886,98.4767,39.4942,-0.3979,A,relation-reasoning-agent-eval-v3.1
2026-09-05T05:40:00+09:00,CMP-S02-L04-01,S02,S02-L04,1,running,183.6791,464.8203,88.1606,51.9137,1.849,B,relation-reasoning-agent-eval-v3.1
2026-09-05T05:40:00+09:00,CMP-S02-L05-01,S02,S02-L05,1,running,184.6506,414.104,89.4675,52.0193,2.1638,C,relation-reasoning-agent-eval-v3.1
2026-09-05T05:50:00+09:00,CMP-S02-L01-01,S02,S02-L01,1,running,154.624,459.3821,95.2762,45.9117,1.2567,B,relation-reasoning-agent-eval-v3.1
2026-09-05T05:50:00+09:00,CMP-S02-L02-01,S02,S02-L02,1,running,181.2523,391.6053,103.2639,37.7703,-0.4393,A,relation-reasoning-agent-eval-v3.1
2026-09-05T05:50:00+09:00,CMP-S02-L03-01,S02,S02-L03,1,running,199.3128,364.265,94.6779,31.2794,-1.9192,B,relation-reasoning-agent-eval-v3.1
2026-09-05T05:50:00+09:00,CMP-S02-L04-01,S02,S02-L04,1,running,179.0159,441.6776,99.369,54.8185,2.3869,C,relation-reasoning-agent-eval-v3.1
2026-09-05T05:50:00+09:00,CMP-S02-L05-01,S02,S02-L05,1,running,171.4348,423.4574,98.3245,48.3248,1.4796,B,relation-reasoning-agent-eval-v3.1
2026-09-05T06:00:00+09:00,CMP-S02-L01-01,S02,S02-L01,1,running,156.821,458.284,95.5724,46.6004,1.3842,B,relation-reasoning-agent-eval-v3.1
2026-09-05T06:00:00+09:00,CMP-S02-L02-01,S02,S02-L02,1,running,185.9627,388.9073,105.0689,40.5863,0.0821,A,relation-reasoning-agent-eval-v3.1
2026-09-05T06:00:00+09:00,CMP-S02-L03-01,S02,S02-L03,1,running,195.6056,392.6009,86.4341,31.2016,-1.9336,B,relation-reasoning-agent-eval-v3.1
2026-09-05T06:00:00+09:00,CMP-S02-L04-01,S02,S02-L04,1,running,190.1122,431.6563,92.834,51.5763,1.7865,B,relation-reasoning-agent-eval-v3.1
2026-09-05T06:00:00+09:00,CMP-S02-L05-01,S02,S02-L05,1,running,160.4069,441.4232,96.7281,41.0801,0.138,A,relation-reasoning-agent-eval-v3.1
2026-09-05T06:10:00+09:00,CMP-S02-L01-01,S02,S02-L01,1,running,174.0246,467.9922,104.2165,39.9694,0.1563,A,relation-reasoning-agent-eval-v3.1
2026-09-05T06:10:00+09:00,CMP-S02-L02-01,S02,S02-L02,1,running,183.6028,427.5775,110.834,37.1708,-0.5503,A,relation-reasoning-agent-eval-v3.1
2026-09-05T06:10:00+09:00,CMP-S02-L03-01,S02,S02-L03,1,running,181.5539,438.5859,88.4352,38.3134,-0.6166,A,relation-reasoning-agent-eval-v3.1
2026-09-05T06:10:00+09:00,CMP-S02-L04-01,S02,S02-L04,1,running,189.0203,415.6518,99.231,43.5337,0.2971,A,relation-reasoning-agent-eval-v3.1
2026-09-05T06:10:00+09:00,CMP-S02-L05-01,S02,S02-L05,1,running,165.3225,452.0005,88.8562,40.2152,-0.0222,A,relation-reasoning-agent-eval-v3.1
2026-09-05T06:20:00+09:00,CMP-S02-L01-01,S02,S02-L01,1,running,176.7485,413.7269,100.985,38.0546,-0.1983,A,relation-reasoning-agent-eval-v3.1
2026-09-05T06:20:00+09:00,CMP-S02-L02-01,S02,S02-L02,1,running,187.4503,424.3059,106.009,36.0426,-0.7593,A,relation-reasoning-agent-eval-v3.1
2026-09-05T06:20:00+09:00,CMP-S02-L03-01,S02,S02-L03,1,running,154.2915,428.0398,97.2254,42.2697,0.116,A,relation-reasoning-agent-eval-v3.1
2026-09-05T06:20:00+09:00,CMP-S02-L04-01,S02,S02-L04,1,running,191.9374,464.2021,99.4418,46.8936,0.9193,A,relation-reasoning-agent-eval-v3.1
2026-09-05T06:20:00+09:00,CMP-S02-L05-01,S02,S02-L05,1,running,153.9907,447.1239,88.4971,40.92,0.1083,A,relation-reasoning-agent-eval-v3.1
2026-09-05T06:30:00+09:00,CMP-S02-L01-01,S02,S02-L01,1,running,170.8124,416.1172,106.0385,43.9664,0.8964,A,relation-reasoning-agent-eval-v3.1
2026-09-05T06:30:00+09:00,CMP-S02-L02-01,S02,S02-L02,1,running,176.8017,448.3692,100.4012,35.4865,-0.8623,A,relation-reasoning-agent-eval-v3.1
2026-09-05T06:30:00+09:00,CMP-S02-L03-01,S02,S02-L03,1,running,174.2092,441.6799,96.5722,41.4344,-0.0386,A,relation-reasoning-agent-eval-v3.1
2026-09-05T06:30:00+09:00,CMP-S02-L04-01,S02,S02-L04,1,running,178.8631,483.0519,106.0903,52.1003,1.8836,B,relation-reasoning-agent-eval-v3.1
2026-09-05T06:30:00+09:00,CMP-S02-L05-01,S02,S02-L05,1,running,149.8704,448.1963,85.5851,47.2404,1.2788,B,relation-reasoning-agent-eval-v3.1
2026-09-05T06:40:00+09:00,CMP-S02-L01-01,S02,S02-L01,1,running,181.2606,400.192,102.4579,42.7506,0.6713,A,relation-reasoning-agent-eval-v3.1
2026-09-05T06:40:00+09:00,CMP-S02-L02-01,S02,S02-L02,1,running,163.9386,439.5889,98.5981,34.7797,-0.9931,A,relation-reasoning-agent-eval-v3.1
2026-09-05T06:40:00+09:00,CMP-S02-L03-01,S02,S02-L03,1,running,165.3625,481.6353,97.3154,39.0922,-0.4724,A,relation-reasoning-agent-eval-v3.1
2026-09-05T06:40:00+09:00,CMP-S02-L04-01,S02,S02-L04,1,running,199.9255,429.4996,98.6233,47.9136,1.1082,B,relation-reasoning-agent-eval-v3.1
2026-09-05T06:40:00+09:00,CMP-S02-L05-01,S02,S02-L05,1,running,154.7153,450.7007,92.4744,39.5781,-0.1402,A,relation-reasoning-agent-eval-v3.1
2026-09-05T06:50:00+09:00,CMP-S02-L01-01,S02,S02-L01,1,running,186.0969,485.9397,108.1066,44.6371,1.0206,B,relation-reasoning-agent-eval-v3.1
2026-09-05T06:50:00+09:00,CMP-S02-L02-01,S02,S02-L02,1,running,157.4449,471.9299,95.5419,30.3102,-1.8208,B,relation-reasoning-agent-eval-v3.1
2026-09-05T06:50:00+09:00,CMP-S02-L03-01,S02,S02-L03,1,running,179.8494,450.3385,92.9633,37.6254,-0.744,A,relation-reasoning-agent-eval-v3.1
2026-09-05T06:50:00+09:00,CMP-S02-L04-01,S02,S02-L04,1,running,211.7631,483.3288,96.8221,45.6076,0.6812,A,relation-reasoning-agent-eval-v3.1
2026-09-05T06:50:00+09:00,CMP-S02-L05-01,S02,S02-L05,1,running,166.1086,487.0581,87.1094,35.4732,-0.9003,A,relation-reasoning-agent-eval-v3.1
2026-09-05T07:00:00+09:00,CMP-S02-L01-01,S02,S02-L01,1,running,174.7055,487.4666,96.6299,44.6832,1.0292,B,relation-reasoning-agent-eval-v3.1
2026-09-05T07:00:00+09:00,CMP-S02-L02-01,S02,S02-L02,1,running,158.1054,459.3814,95.6068,33.4909,-1.2318,B,relation-reasoning-agent-eval-v3.1
2026-09-05T07:00:00+09:00,CMP-S02-L03-01,S02,S02-L03,1,running,180.4625,455.594,96.2048,42.7835,0.2112,A,relation-reasoning-agent-eval-v3.1
2026-09-05T07:00:00+09:00,CMP-S02-L04-01,S02,S02-L04,1,running,205.9319,487.1327,94.9876,45.2496,0.6149,A,relation-reasoning-agent-eval-v3.1
2026-09-05T07:00:00+09:00,CMP-S02-L05-01,S02,S02-L05,1,running,187.8139,523.1904,93.2133,31.5625,-1.6245,B,relation-reasoning-agent-eval-v3.1
2026-09-05T07:10:00+09:00,CMP-S02-L01-01,S02,S02-L01,1,running,167.4777,459.4281,96.2808,46.3478,1.3374,B,relation-reasoning-agent-eval-v3.1
2026-09-05T07:10:00+09:00,CMP-S02-L02-01,S02,S02-L02,1,running,160.5787,475.304,103.1337,34.6038,-1.0257,B,relation-reasoning-agent-eval-v3.1
2026-09-05T07:10:00+09:00,CMP-S02-L03-01,S02,S02-L03,1,running,182.6474,394.5132,103.0624,39.3777,-0.4195,A,relation-reasoning-agent-eval-v3.1
2026-09-05T07:10:00+09:00,CMP-S02-L04-01,S02,S02-L04,1,running,201.5091,452.212,91.2547,45.3509,0.6337,A,relation-reasoning-agent-eval-v3.1
2026-09-05T07:10:00+09:00,CMP-S02-L05-01,S02,S02-L05,1,running,186.8015,488.1097,95.1678,38.0924,-0.4153,A,relation-reasoning-agent-eval-v3.1
2026-09-05T07:20:00+09:00,CMP-S02-L01-01,S02,S02-L01,1,running,156.8555,497.0559,96.0645,45.6913,1.2159,B,relation-reasoning-agent-eval-v3.1
2026-09-05T07:20:00+09:00,CMP-S02-L02-01,S02,S02-L02,1,running,157.3782,481.8272,113.6469,42.3155,0.4024,A,relation-reasoning-agent-eval-v3.1
2026-09-05T07:20:00+09:00,CMP-S02-L03-01,S02,S02-L03,1,running,167.3908,407.6944,99.6069,27.1284,-2.6879,C,relation-reasoning-agent-eval-v3.1
2026-09-05T07:20:00+09:00,CMP-S02-L04-01,S02,S02-L04,1,running,192.7857,411.9161,83.8624,40.7228,-0.2234,A,relation-reasoning-agent-eval-v3.1
2026-09-05T07:20:00+09:00,CMP-S02-L05-01,S02,S02-L05,1,running,193.9328,476.3408,100.2329,40.0368,-0.0552,A,relation-reasoning-agent-eval-v3.1
2026-09-05T07:30:00+09:00,CMP-S02-L01-01,S02,S02-L01,1,running,138.5889,481.8253,100.9908,45.7702,1.2305,B,relation-reasoning-agent-eval-v3.1
2026-09-05T07:30:00+09:00,CMP-S02-L02-01,S02,S02-L02,1,running,177.2413,492.5791,112.0355,42.6051,0.456,A,relation-reasoning-agent-eval-v3.1
2026-09-05T07:30:00+09:00,CMP-S02-L03-01,S02,S02-L03,1,running,188.5529,395.3341,99.3759,39.2159,-0.4495,A,relation-reasoning-agent-eval-v3.1
2026-09-05T07:30:00+09:00,CMP-S02-L04-01,S02,S02-L04,1,running,209.5579,405.5359,90.7043,42.2053,0.0511,A,relation-reasoning-agent-eval-v3.1
2026-09-05T07:30:00+09:00,CMP-S02-L05-01,S02,S02-L05,1,running,181.0744,484.3475,96.2115,36.7598,-0.6621,A,relation-reasoning-agent-eval-v3.1
2026-09-05T07:40:00+09:00,CMP-S02-L01-01,S02,S02-L01,1,running,156.0909,453.3213,103.8722,37.2355,-0.35,A,relation-reasoning-agent-eval-v3.1
2026-09-05T07:40:00+09:00,CMP-S02-L02-01,S02,S02-L02,1,running,181.9357,467.0626,103.2208,41.3965,0.2322,A,relation-reasoning-agent-eval-v3.1
2026-09-05T07:40:00+09:00,CMP-S02-L03-01,S02,S02-L03,1,running,201.0938,411.0597,98.8502,37.6739,-0.735,A,relation-reasoning-agent-eval-v3.1
2026-09-05T07:40:00+09:00,CMP-S02-L04-01,S02,S02-L04,1,running,181.8237,392.7255,101.4047,41.7667,-0.0301,A,relation-reasoning-agent-eval-v3.1
2026-09-05T07:40:00+09:00,CMP-S02-L05-01,S02,S02-L05,1,running,177.0637,483.3831,94.0621,34.7981,-1.0254,B,relation-reasoning-agent-eval-v3.1
2026-09-05T07:50:00+09:00,CMP-S02-L01-01,S02,S02-L01,1,running,165.1612,424.2356,104.1096,38.4092,-0.1327,A,relation-reasoning-agent-eval-v3.1
2026-09-05T07:50:00+09:00,CMP-S02-L02-01,S02,S02-L02,1,running,198.4112,516.7546,103.1171,40.9005,0.1403,A,relation-reasoning-agent-eval-v3.1
2026-09-05T07:50:00+09:00,CMP-S02-L03-01,S02,S02-L03,1,running,199.6559,404.7953,107.624,35.1656,-1.1996,B,relation-reasoning-agent-eval-v3.1
2026-09-05T07:50:00+09:00,CMP-S02-L04-01,S02,S02-L04,1,running,179.9682,416.5411,99.6803,44.432,0.4635,A,relation-reasoning-agent-eval-v3.1
2026-09-05T07:50:00+09:00,CMP-S02-L05-01,S02,S02-L05,1,running,181.6313,469.0773,84.0698,38.7161,-0.2998,A,relation-reasoning-agent-eval-v3.1
2026-09-05T08:00:00+09:00,CMP-S02-L01-01,S02,S02-L01,1,running,173.4856,418.3767,110.2351,44.3693,0.971,A,relation-reasoning-agent-eval-v3.1
2026-09-05T08:00:00+09:00,CMP-S02-L02-01,S02,S02-L02,1,running,203.1278,480.6805,102.9089,42.3174,0.4027,A,relation-reasoning-agent-eval-v3.1
2026-09-05T08:00:00+09:00,CMP-S02-L03-01,S02,S02-L03,1,running,192.3766,448.5172,112.262,35.4521,-1.1465,B,relation-reasoning-agent-eval-v3.1
2026-09-05T08:00:00+09:00,CMP-S02-L04-01,S02,S02-L04,1,running,166.5462,425.1184,98.5608,43.8115,0.3486,A,relation-reasoning-agent-eval-v3.1
2026-09-05T08:00:00+09:00,CMP-S02-L05-01,S02,S02-L05,1,running,175.6976,469.8116,83.1296,37.0613,-0.6062,A,relation-reasoning-agent-eval-v3.1
2026-09-05T08:10:00+09:00,CMP-S02-L01-01,S02,S02-L01,1,running,157.6985,369.643,107.2268,31.3375,-1.4422,B,relation-reasoning-agent-eval-v3.1
2026-09-05T08:10:00+09:00,CMP-S02-L02-01,S02,S02-L02,1,running,180.5261,510.8042,101.9236,44.4873,0.8046,A,relation-reasoning-agent-eval-v3.1
2026-09-05T08:10:00+09:00,CMP-S02-L03-01,S02,S02-L03,1,running,183.3086,472.7969,106.4801,37.3313,-0.7985,A,relation-reasoning-agent-eval-v3.1
2026-09-05T08:10:00+09:00,CMP-S02-L04-01,S02,S02-L04,1,running,167.9044,422.0591,98.1608,46.073,0.7674,A,relation-reasoning-agent-eval-v3.1
2026-09-05T08:10:00+09:00,CMP-S02-L05-01,S02,S02-L05,1,running,180.5732,503.1521,82.5398,36.0778,-0.7884,A,relation-reasoning-agent-eval-v3.1
2026-09-05T08:20:00+09:00,CMP-S02-L01-01,S02,S02-L01,1,running,150.3687,392.6893,108.5997,31.137,-1.4794,B,relation-reasoning-agent-eval-v3.1
2026-09-05T08:20:00+09:00,CMP-S02-L02-01,S02,S02-L02,1,running,174.4709,517.9373,97.4059,45.6145,1.0133,B,relation-reasoning-agent-eval-v3.1
2026-09-05T08:20:00+09:00,CMP-S02-L03-01,S02,S02-L03,1,running,175.327,398.2775,105.7228,39.8511,-0.3319,A,relation-reasoning-agent-eval-v3.1
2026-09-05T08:20:00+09:00,CMP-S02-L04-01,S02,S02-L04,1,running,183.4722,396.4449,97.0466,36.3783,-1.0279,B,relation-reasoning-agent-eval-v3.1
2026-09-05T08:20:00+09:00,CMP-S02-L05-01,S02,S02-L05,1,running,160.0746,491.0705,76.045,39.6879,-0.1198,A,relation-reasoning-agent-eval-v3.1
2026-09-05T08:30:00+09:00,CMP-S02-L01-01,S02,S02-L01,1,running,143.1448,387.8666,107.7055,28.9553,-1.8834,B,relation-reasoning-agent-eval-v3.1
2026-09-05T08:30:00+09:00,CMP-S02-L02-01,S02,S02-L02,1,running,197.6912,495.3729,91.9083,39.3213,-0.1521,A,relation-reasoning-agent-eval-v3.1
2026-09-05T08:30:00+09:00,CMP-S02-L03-01,S02,S02-L03,1,running,163.3483,421.8676,103.8166,43.5412,0.3515,A,relation-reasoning-agent-eval-v3.1
2026-09-05T08:30:00+09:00,CMP-S02-L04-01,S02,S02-L04,1,running,185.7882,422.7487,93.3523,43.5318,0.2968,A,relation-reasoning-agent-eval-v3.1
2026-09-05T08:30:00+09:00,CMP-S02-L05-01,S02,S02-L05,1,running,168.5846,437.0047,87.3472,31.6297,-1.6121,B,relation-reasoning-agent-eval-v3.1
2026-09-05T08:40:00+09:00,CMP-S02-L01-01,S02,S02-L01,1,running,148.6338,354.3897,104.1527,27.8469,-2.0887,C,relation-reasoning-agent-eval-v3.1
2026-09-05T08:40:00+09:00,CMP-S02-L02-01,S02,S02-L02,1,running,194.832,493.834,93.8462,42.4142,0.4206,A,relation-reasoning-agent-eval-v3.1
2026-09-05T08:40:00+09:00,CMP-S02-L03-01,S02,S02-L03,1,running,168.4221,439.4548,98.7815,41.8559,0.0394,A,relation-reasoning-agent-eval-v3.1
2026-09-05T08:40:00+09:00,CMP-S02-L04-01,S02,S02-L04,1,running,190.0348,445.7507,97.5474,45.982,0.7505,A,relation-reasoning-agent-eval-v3.1
2026-09-05T08:40:00+09:00,CMP-S02-L05-01,S02,S02-L05,1,running,161.8509,433.2201,96.6339,38.932,-0.2598,A,relation-reasoning-agent-eval-v3.1
2026-09-05T08:50:00+09:00,CMP-S02-L01-01,S02,S02-L01,1,running,156.3005,394.1637,99.259,25.7862,-2.4703,C,relation-reasoning-agent-eval-v3.1
2026-09-05T08:50:00+09:00,CMP-S02-L02-01,S02,S02-L02,1,running,171.1717,475.4673,88.4169,45.1078,0.9195,A,relation-reasoning-agent-eval-v3.1
2026-09-05T08:50:00+09:00,CMP-S02-L03-01,S02,S02-L03,1,running,175.3507,456.5121,94.2102,45.3184,0.6806,A,relation-reasoning-agent-eval-v3.1
2026-09-05T08:50:00+09:00,CMP-S02-L04-01,S02,S02-L04,1,running,184.0591,380.8152,99.3547,43.9243,0.3695,A,relation-reasoning-agent-eval-v3.1
2026-09-05T08:50:00+09:00,CMP-S02-L05-01,S02,S02-L05,1,running,156.6514,445.2571,102.8687,34.9462,-0.9979,A,relation-reasoning-agent-eval-v3.1
2026-09-05T09:00:00+09:00,CMP-S02-L01-01,S02,S02-L01,1,running,154.8534,414.5381,98.6786,24.5821,-2.6933,C,relation-reasoning-agent-eval-v3.1
2026-09-05T09:00:00+09:00,CMP-S02-L02-01,S02,S02-L02,1,running,162.1859,441.5641,93.4269,42.7184,0.477,A,relation-reasoning-agent-eval-v3.1
2026-09-05T09:00:00+09:00,CMP-S02-L03-01,S02,S02-L03,1,running,152.1297,446.5775,95.628,35.4402,-1.1487,B,relation-reasoning-agent-eval-v3.1
2026-09-05T09:00:00+09:00,CMP-S02-L04-01,S02,S02-L04,1,running,185.2105,417.7554,95.016,43.1555,0.2271,A,relation-reasoning-agent-eval-v3.1
2026-09-05T09:00:00+09:00,CMP-S02-L05-01,S02,S02-L05,1,running,162.6927,505.1866,102.4748,36.8708,-0.6415,A,relation-reasoning-agent-eval-v3.1
2026-09-05T09:10:00+09:00,CMP-S02-L01-01,S02,S02-L01,1,running,138.1224,471.8463,104.3359,32.3099,-1.2622,B,relation-reasoning-agent-eval-v3.1
2026-09-05T09:10:00+09:00,CMP-S02-L02-01,S02,S02-L02,1,running,167.8303,483.2215,84.9108,44.4384,0.7955,A,relation-reasoning-agent-eval-v3.1
2026-09-05T09:10:00+09:00,CMP-S02-L03-01,S02,S02-L03,1,running,164.2932,388.0638,93.9397,44.4484,0.5195,A,relation-reasoning-agent-eval-v3.1
2026-09-05T09:10:00+09:00,CMP-S02-L04-01,S02,S02-L04,1,running,187.5254,384.3799,95.9124,43.5501,0.3002,A,relation-reasoning-agent-eval-v3.1
2026-09-05T09:10:00+09:00,CMP-S02-L05-01,S02,S02-L05,1,running,161.1292,505.3567,98.9703,38.6666,-0.309,A,relation-reasoning-agent-eval-v3.1
2026-09-05T09:20:00+09:00,CMP-S02-L01-01,S02,S02-L01,1,running,153.8998,441.8922,107.472,37.2169,-0.3535,A,relation-reasoning-agent-eval-v3.1
2026-09-05T09:20:00+09:00,CMP-S02-L02-01,S02,S02-L02,1,running,178.025,491.3838,90.7544,45.4726,0.987,A,relation-reasoning-agent-eval-v3.1
2026-09-05T09:20:00+09:00,CMP-S02-L03-01,S02,S02-L03,1,running,166.4141,447.0602,103.2625,46.4828,0.8962,A,relation-reasoning-agent-eval-v3.1
2026-09-05T09:20:00+09:00,CMP-S02-L04-01,S02,S02-L04,1,running,185.4407,403.0235,101.7904,46.3786,0.824,A,relation-reasoning-agent-eval-v3.1
2026-09-05T09:20:00+09:00,CMP-S02-L05-01,S02,S02-L05,1,running,167.1255,464.0157,104.1597,37.6932,-0.4892,A,relation-reasoning-agent-eval-v3.1
2026-09-05T09:30:00+09:00,CMP-S02-L01-01,S02,S02-L01,1,running,161.9441,490.4433,110.3529,34.7784,-0.805,A,relation-reasoning-agent-eval-v3.1
2026-09-05T09:30:00+09:00,CMP-S02-L02-01,S02,S02-L02,1,running,194.8829,449.9254,98.7408,44.9808,0.896,A,relation-reasoning-agent-eval-v3.1
2026-09-05T09:30:00+09:00,CMP-S02-L03-01,S02,S02-L03,1,running,190.9432,456.0972,110.9085,39.8109,-0.3393,A,relation-reasoning-agent-eval-v3.1
2026-09-05T09:30:00+09:00,CMP-S02-L04-01,S02,S02-L04,1,running,189.3008,402.3622,103.7109,47.996,1.1235,B,relation-reasoning-agent-eval-v3.1
2026-09-05T09:30:00+09:00,CMP-S02-L05-01,S02,S02-L05,1,running,163.8272,473.4273,97.6689,34.4815,-1.084,B,relation-reasoning-agent-eval-v3.1
2026-09-05T09:40:00+09:00,CMP-S02-L01-01,S02,S02-L01,1,running,158.7024,480.92,108.7692,40.1582,0.1912,A,relation-reasoning-agent-eval-v3.1
2026-09-05T09:40:00+09:00,CMP-S02-L02-01,S02,S02-L02,1,running,165.1699,433.0916,97.9193,42.9731,0.5242,A,relation-reasoning-agent-eval-v3.1
2026-09-05T09:40:00+09:00,CMP-S02-L03-01,S02,S02-L03,1,running,202.9136,471.544,112.4349,37.3752,-0.7904,A,relation-reasoning-agent-eval-v3.1
2026-09-05T09:40:00+09:00,CMP-S02-L04-01,S02,S02-L04,1,running,195.5447,404.3807,104.02,48.3389,1.187,B,relation-reasoning-agent-eval-v3.1
2026-09-05T09:40:00+09:00,CMP-S02-L05-01,S02,S02-L05,1,running,151.4521,446.708,102.5999,29.3365,-2.0368,C,relation-reasoning-agent-eval-v3.1
2026-09-05T09:50:00+09:00,CMP-S02-L01-01,S02,S02-L01,1,running,174.8698,482.1142,117.777,35.2227,-0.7228,A,relation-reasoning-agent-eval-v3.1
2026-09-05T09:50:00+09:00,CMP-S02-L02-01,S02,S02-L02,1,running,185.3178,426.5638,101.4778,43.832,0.6832,A,relation-reasoning-agent-eval-v3.1
2026-09-05T09:50:00+09:00,CMP-S02-L03-01,S02,S02-L03,1,running,173.8091,444.7651,102.1798,46.1498,0.8346,A,relation-reasoning-agent-eval-v3.1
2026-09-05T09:50:00+09:00,CMP-S02-L04-01,S02,S02-L04,1,running,199.4867,390.8508,99.6945,41.9941,0.012,A,relation-reasoning-agent-eval-v3.1
2026-09-05T09:50:00+09:00,CMP-S02-L05-01,S02,S02-L05,1,running,158.9991,448.9116,102.1884,30.1665,-1.883,B,relation-reasoning-agent-eval-v3.1
2026-09-05T10:00:00+09:00,CMP-S02-L01-01,S02,S02-L01,1,running,180.0183,439.8305,123.2492,33.767,-0.9923,A,relation-reasoning-agent-eval-v3.1
2026-09-05T10:00:00+09:00,CMP-S02-L02-01,S02,S02-L02,1,running,194.9883,432.2258,100.0525,45.7611,1.0404,B,relation-reasoning-agent-eval-v3.1
2026-09-05T10:00:00+09:00,CMP-S02-L03-01,S02,S02-L03,1,running,182.8744,493.5724,105.5307,49.7718,1.5053,B,relation-reasoning-agent-eval-v3.1
2026-09-05T10:00:00+09:00,CMP-S02-L04-01,S02,S02-L04,1,running,206.1511,398.1006,94.0739,41.075,-0.1582,A,relation-reasoning-agent-eval-v3.1
2026-09-05T10:00:00+09:00,CMP-S02-L05-01,S02,S02-L05,1,running,163.6029,460.5276,94.2888,35.0296,-0.9825,A,relation-reasoning-agent-eval-v3.1
2026-09-05T10:10:00+09:00,CMP-S02-L01-01,S02,S02-L01,1,running,190.0956,476.9948,115.3161,32.791,-1.1731,B,relation-reasoning-agent-eval-v3.1
2026-09-05T10:10:00+09:00,CMP-S02-L02-01,S02,S02-L02,1,running,179.8209,425.7809,96.5548,42.9996,0.5291,A,relation-reasoning-agent-eval-v3.1
2026-09-05T10:10:00+09:00,CMP-S02-L03-01,S02,S02-L03,1,running,184.7937,473.3751,102.2301,46.6608,0.9292,A,relation-reasoning-agent-eval-v3.1
2026-09-05T10:10:00+09:00,CMP-S02-L04-01,S02,S02-L04,1,running,205.7164,400.7967,92.5814,35.4956,-1.1914,B,relation-reasoning-agent-eval-v3.1
2026-09-05T10:10:00+09:00,CMP-S02-L05-01,S02,S02-L05,1,running,157.0776,501.1185,102.8795,31.5891,-1.6196,B,relation-reasoning-agent-eval-v3.1
2026-09-05T10:20:00+09:00,CMP-S02-L01-01,S02,S02-L01,1,running,187.399,499.7602,102.7951,33.6535,-1.0134,B,relation-reasoning-agent-eval-v3.1
2026-09-05T10:20:00+09:00,CMP-S02-L02-01,S02,S02-L02,1,running,170.8327,478.041,96.5722,40.1448,0.0004,A,relation-reasoning-agent-eval-v3.1
2026-09-05T10:20:00+09:00,CMP-S02-L03-01,S02,S02-L03,1,running,186.5611,460.9574,101.2949,48.8398,1.3327,B,relation-reasoning-agent-eval-v3.1
2026-09-05T10:20:00+09:00,CMP-S02-L04-01,S02,S02-L04,1,running,187.2111,397.4792,92.0626,29.1895,-2.3592,C,relation-reasoning-agent-eval-v3.1
2026-09-05T10:20:00+09:00,CMP-S02-L05-01,S02,S02-L05,1,running,160.7139,492.4655,110.9807,34.5061,-1.0794,B,relation-reasoning-agent-eval-v3.1
2026-09-05T10:30:00+09:00,CMP-S02-L01-01,S02,S02-L01,1,running,190.6409,455.6807,97.6929,36.0162,-0.5758,A,relation-reasoning-agent-eval-v3.1
2026-09-05T10:30:00+09:00,CMP-S02-L02-01,S02,S02-L02,1,running,161.2684,474.4308,101.5331,43.9854,0.7116,A,relation-reasoning-agent-eval-v3.1
2026-09-05T10:30:00+09:00,CMP-S02-L03-01,S02,S02-L03,1,running,172.3746,458.071,94.3764,47.6279,1.1083,B,relation-reasoning-agent-eval-v3.1
2026-09-05T10:30:00+09:00,CMP-S02-L04-01,S02,S02-L04,1,running,200.9359,325.9521,93.2859,36.7669,-0.956,A,relation-reasoning-agent-eval-v3.1
2026-09-05T10:30:00+09:00,CMP-S02-L05-01,S02,S02-L05,1,running,166.647,468.0731,110.6846,28.7013,-2.1544,C,relation-reasoning-agent-eval-v3.1
2026-09-05T10:40:00+09:00,CMP-S02-L01-01,S02,S02-L01,1,running,188.4233,500.6463,100.8371,38.3379,-0.1459,A,relation-reasoning-agent-eval-v3.1
2026-09-05T10:40:00+09:00,CMP-S02-L02-01,S02,S02-L02,1,running,170.5692,449.6252,103.0841,41.0481,0.1677,A,relation-reasoning-agent-eval-v3.1
2026-09-05T10:40:00+09:00,CMP-S02-L03-01,S02,S02-L03,1,running,166.7339,515.8973,91.9848,44.1599,0.4661,A,relation-reasoning-agent-eval-v3.1
2026-09-05T10:40:00+09:00,CMP-S02-L04-01,S02,S02-L04,1,running,183.1752,355.5149,95.7665,35.9501,-1.1072,B,relation-reasoning-agent-eval-v3.1
2026-09-05T10:40:00+09:00,CMP-S02-L05-01,S02,S02-L05,1,running,160.6112,475.7431,97.7154,35.0245,-0.9834,A,relation-reasoning-agent-eval-v3.1
2026-09-05T10:50:00+09:00,CMP-S02-L01-01,S02,S02-L01,1,running,172.1739,491.9303,99.1638,36.3779,-0.5088,A,relation-reasoning-agent-eval-v3.1
2026-09-05T10:50:00+09:00,CMP-S02-L02-01,S02,S02-L02,1,running,161.6992,417.38,107.1121,41.1887,0.1937,A,relation-reasoning-agent-eval-v3.1
2026-09-05T10:50:00+09:00,CMP-S02-L03-01,S02,S02-L03,1,running,147.7355,495.1755,96.1472,50.9213,1.7182,B,relation-reasoning-agent-eval-v3.1
2026-09-05T10:50:00+09:00,CMP-S02-L04-01,S02,S02-L04,1,running,186.1951,403.6489,100.3242,33.1667,-1.6227,B,relation-reasoning-agent-eval-v3.1
2026-09-05T10:50:00+09:00,CMP-S02-L05-01,S02,S02-L05,1,running,170.4496,448.8097,101.6265,38.2631,-0.3837,A,relation-reasoning-agent-eval-v3.1
2026-09-05T11:00:00+09:00,CMP-S02-L01-01,S02,S02-L01,1,running,164.2235,489.9779,99.2005,44.9443,1.0775,B,relation-reasoning-agent-eval-v3.1
2026-09-05T11:00:00+09:00,CMP-S02-L02-01,S02,S02-L02,1,running,171.4909,431.1613,105.9179,40.0212,-0.0225,A,relation-reasoning-agent-eval-v3.1
2026-09-05T11:00:00+09:00,CMP-S02-L03-01,S02,S02-L03,1,running,160.6228,496.0536,96.4919,47.8765,1.1543,B,relation-reasoning-agent-eval-v3.1
2026-09-05T11:00:00+09:00,CMP-S02-L04-01,S02,S02-L04,1,running,194.4402,389.6375,105.1518,31.5375,-1.9244,B,relation-reasoning-agent-eval-v3.1
2026-09-05T11:00:00+09:00,CMP-S02-L05-01,S02,S02-L05,1,running,183.0277,442.0458,96.2753,37.0281,-0.6124,A,relation-reasoning-agent-eval-v3.1
2026-09-05T11:10:00+09:00,CMP-S02-L01-01,S02,S02-L01,1,running,161.3593,486.4482,105.9783,37.306,-0.337,A,relation-reasoning-agent-eval-v3.1
2026-09-05T11:10:00+09:00,CMP-S02-L02-01,S02,S02-L02,1,running,165.7987,413.4172,104.9822,47.4424,1.3518,B,relation-reasoning-agent-eval-v3.1
2026-09-05T11:10:00+09:00,CMP-S02-L03-01,S02,S02-L03,1,running,171.4123,475.6426,94.9386,39.5025,-0.3964,A,relation-reasoning-agent-eval-v3.1
2026-09-05T11:10:00+09:00,CMP-S02-L04-01,S02,S02-L04,1,running,199.8208,414.9009,104.5833,40.8097,-0.2073,A,relation-reasoning-agent-eval-v3.1
2026-09-05T11:10:00+09:00,CMP-S02-L05-01,S02,S02-L05,1,running,170.4492,464.5221,93.0011,35.9824,-0.806,A,relation-reasoning-agent-eval-v3.1
2026-09-05T11:20:00+09:00,CMP-S02-L01-01,S02,S02-L01,1,running,147.5856,502.9205,107.653,41.261,0.3954,A,relation-reasoning-agent-eval-v3.1
2026-09-05T11:20:00+09:00,CMP-S02-L02-01,S02,S02-L02,1,running,158.3081,418.8307,107.7017,46.6307,1.2015,B,relation-reasoning-agent-eval-v3.1
2026-09-05T11:20:00+09:00,CMP-S02-L03-01,S02,S02-L03,1,running,173.1125,457.3964,94.4452,39.5287,-0.3916,A,relation-reasoning-agent-eval-v3.1
2026-09-05T11:20:00+09:00,CMP-S02-L04-01,S02,S02-L04,1,running,193.0513,423.4831,104.7282,39.8994,-0.3759,A,relation-reasoning-agent-eval-v3.1
2026-09-05T11:20:00+09:00,CMP-S02-L05-01,S02,S02-L05,1,running,130.5202,467.3295,91.5831,32.5274,-1.4459,B,relation-reasoning-agent-eval-v3.1
2026-09-05T11:30:00+09:00,CMP-S02-L01-01,S02,S02-L01,1,running,169.474,511.8225,110.3932,38.7688,-0.0661,A,relation-reasoning-agent-eval-v3.1
2026-09-05T11:30:00+09:00,CMP-S02-L02-01,S02,S02-L02,1,running,154.1387,451.8995,97.9164,39.8289,-0.0581,A,relation-reasoning-agent-eval-v3.1
2026-09-05T11:30:00+09:00,CMP-S02-L03-01,S02,S02-L03,1,running,181.8377,430.3433,96.0207,43.4664,0.3376,A,relation-reasoning-agent-eval-v3.1
2026-09-05T11:30:00+09:00,CMP-S02-L04-01,S02,S02-L04,1,running,184.5871,415.4925,100.7277,40.6915,-0.2292,A,relation-reasoning-agent-eval-v3.1
2026-09-05T11:30:00+09:00,CMP-S02-L05-01,S02,S02-L05,1,running,120.2261,418.6343,92.5137,37.4429,-0.5356,A,relation-reasoning-agent-eval-v3.1
2026-09-05T11:40:00+09:00,CMP-S02-L01-01,S02,S02-L01,1,running,182.9012,467.5052,107.7659,35.7191,-0.6308,A,relation-reasoning-agent-eval-v3.1
2026-09-05T11:40:00+09:00,CMP-S02-L02-01,S02,S02-L02,1,running,152.2227,417.1454,99.7345,39.7692,-0.0692,A,relation-reasoning-agent-eval-v3.1
2026-09-05T11:40:00+09:00,CMP-S02-L03-01,S02,S02-L03,1,running,184.0614,417.429,97.5095,41.5273,-0.0215,A,relation-reasoning-agent-eval-v3.1
2026-09-05T11:40:00+09:00,CMP-S02-L04-01,S02,S02-L04,1,running,163.1674,409.2766,104.3808,44.8213,0.5356,A,relation-reasoning-agent-eval-v3.1
2026-09-05T11:40:00+09:00,CMP-S02-L05-01,S02,S02-L05,1,running,147.2608,433.7518,93.8323,39.1337,-0.2225,A,relation-reasoning-agent-eval-v3.1
2026-09-05T11:50:00+09:00,CMP-S02-L01-01,S02,S02-L01,1,running,178.245,423.8474,108.394,42.9061,0.7001,A,relation-reasoning-agent-eval-v3.1
2026-09-05T11:50:00+09:00,CMP-S02-L02-01,S02,S02-L02,1,running,165.3739,438.842,103.5818,34.7301,-1.0023,B,relation-reasoning-agent-eval-v3.1
2026-09-05T11:50:00+09:00,CMP-S02-L03-01,S02,S02-L03,1,running,178.4317,428.0485,92.9369,40.237,-0.2604,A,relation-reasoning-agent-eval-v3.1
2026-09-05T11:50:00+09:00,CMP-S02-L04-01,S02,S02-L04,1,running,176.3559,416.4003,102.2774,47.8076,1.0886,B,relation-reasoning-agent-eval-v3.1
2026-09-05T11:50:00+09:00,CMP-S02-L05-01,S02,S02-L05,1,running,164.6005,481.2957,99.8058,34.1037,-1.1539,B,relation-reasoning-agent-eval-v3.1
2026-09-05T12:00:00+09:00,CMP-S02-L01-01,S02,S02-L01,1,running,167.6968,479.2124,107.4677,41.1935,0.3829,A,relation-reasoning-agent-eval-v3.1
2026-09-05T12:00:00+09:00,CMP-S02-L02-01,S02,S02-L02,1,running,182.0304,465.2519,106.8005,31.6101,-1.5801,B,relation-reasoning-agent-eval-v3.1
2026-09-05T12:00:00+09:00,CMP-S02-L03-01,S02,S02-L03,1,running,176.4367,446.7674,96.6768,42.9693,0.2456,A,relation-reasoning-agent-eval-v3.1
2026-09-05T12:00:00+09:00,CMP-S02-L04-01,S02,S02-L04,1,running,175.5918,425.4425,103.5525,49.5448,1.4103,B,relation-reasoning-agent-eval-v3.1
2026-09-05T12:00:00+09:00,CMP-S02-L05-01,S02,S02-L05,1,running,159.0747,454.3578,100.0154,32.508,-1.4495,B,relation-reasoning-agent-eval-v3.1
2026-09-05T12:10:00+09:00,CMP-S02-L01-01,S02,S02-L01,1,running,192.4267,479.0323,106.2854,42.5648,0.6369,A,relation-reasoning-agent-eval-v3.1
2026-09-05T12:10:00+09:00,CMP-S02-L02-01,S02,S02-L02,1,running,181.5954,487.4627,103.2045,35.3758,-0.8828,A,relation-reasoning-agent-eval-v3.1
2026-09-05T12:10:00+09:00,CMP-S02-L03-01,S02,S02-L03,1,running,170.7446,480.8829,94.8648,41.0304,-0.1135,A,relation-reasoning-agent-eval-v3.1
2026-09-05T12:10:00+09:00,CMP-S02-L04-01,S02,S02-L04,1,running,197.8175,461.6238,94.9739,48.9916,1.3079,B,relation-reasoning-agent-eval-v3.1
2026-09-05T12:10:00+09:00,CMP-S02-L05-01,S02,S02-L05,1,running,159.6716,396.2898,102.1012,39.6807,-0.1212,A,relation-reasoning-agent-eval-v3.1
2026-09-05T12:20:00+09:00,CMP-S02-L01-01,S02,S02-L01,1,running,200.5992,498.5447,103.2912,44.7248,1.0369,B,relation-reasoning-agent-eval-v3.1
2026-09-05T12:20:00+09:00,CMP-S02-L02-01,S02,S02-L02,1,running,178.1967,505.4086,101.4861,32.9784,-1.3267,B,relation-reasoning-agent-eval-v3.1
2026-09-05T12:20:00+09:00,CMP-S02-L03-01,S02,S02-L03,1,running,171.0116,433.9253,101.0607,37.9903,-0.6765,A,relation-reasoning-agent-eval-v3.1
2026-09-05T12:20:00+09:00,CMP-S02-L04-01,S02,S02-L04,1,running,194.5451,471.2419,100.1644,48.386,1.1957,B,relation-reasoning-agent-eval-v3.1
2026-09-05T12:20:00+09:00,CMP-S02-L05-01,S02,S02-L05,1,running,141.4728,404.2504,95.8538,39.7649,-0.1056,A,relation-reasoning-agent-eval-v3.1
2026-09-05T12:30:00+09:00,CMP-S02-L01-01,S02,S02-L01,1,running,173.9721,462.4314,107.6018,44.8952,1.0684,B,relation-reasoning-agent-eval-v3.1
2026-09-05T12:30:00+09:00,CMP-S02-L02-01,S02,S02-L02,1,running,167.1706,523.0223,102.6237,35.1633,-0.9221,A,relation-reasoning-agent-eval-v3.1
2026-09-05T12:30:00+09:00,CMP-S02-L03-01,S02,S02-L03,1,running,168.9622,428.1122,93.8049,44.3657,0.5042,A,relation-reasoning-agent-eval-v3.1
2026-09-05T12:30:00+09:00,CMP-S02-L04-01,S02,S02-L04,1,running,167.3299,486.003,98.0871,41.9388,0.0018,A,relation-reasoning-agent-eval-v3.1
2026-09-05T12:30:00+09:00,CMP-S02-L05-01,S02,S02-L05,1,running,166.1091,460.7968,94.4091,37.9274,-0.4458,A,relation-reasoning-agent-eval-v3.1
2026-09-05T12:40:00+09:00,CMP-S02-L01-01,S02,S02-L01,1,running,163.0002,453.4873,102.6417,44.354,0.9682,A,relation-reasoning-agent-eval-v3.1
2026-09-05T12:40:00+09:00,CMP-S02-L02-01,S02,S02-L02,1,running,177.7576,482.0542,108.5478,39.8633,-0.0517,A,relation-reasoning-agent-eval-v3.1
2026-09-05T12:40:00+09:00,CMP-S02-L03-01,S02,S02-L03,1,running,172.3243,450.2587,96.4363,43.6059,0.3635,A,relation-reasoning-agent-eval-v3.1
2026-09-05T12:40:00+09:00,CMP-S02-L04-01,S02,S02-L04,1,running,186.4191,428.8247,100.6928,41.0277,-0.1669,A,relation-reasoning-agent-eval-v3.1
2026-09-05T12:40:00+09:00,CMP-S02-L05-01,S02,S02-L05,1,running,152.4438,428.6392,90.9647,35.3271,-0.9274,A,relation-reasoning-agent-eval-v3.1
2026-09-05T12:50:00+09:00,CMP-S02-L01-01,S02,S02-L01,1,running,175.0764,472.7862,97.4414,42.2491,0.5784,A,relation-reasoning-agent-eval-v3.1
2026-09-05T12:50:00+09:00,CMP-S02-L02-01,S02,S02-L02,1,running,157.8044,458.368,107.1946,40.3748,0.043,A,relation-reasoning-agent-eval-v3.1
2026-09-05T12:50:00+09:00,CMP-S02-L03-01,S02,S02-L03,1,running,173.3756,449.6346,102.0519,49.8159,1.5135,B,relation-reasoning-agent-eval-v3.1
2026-09-05T12:50:00+09:00,CMP-S02-L04-01,S02,S02-L04,1,running,178.6683,434.009,96.6944,40.7273,-0.2226,A,relation-reasoning-agent-eval-v3.1
2026-09-05T12:50:00+09:00,CMP-S02-L05-01,S02,S02-L05,1,running,158.5828,413.4523,97.8895,40.6849,0.0648,A,relation-reasoning-agent-eval-v3.1
2026-09-05T13:00:00+09:00,CMP-S02-L01-01,S02,S02-L01,1,running,178.0077,399.6384,107.3548,41.4072,0.4225,A,relation-reasoning-agent-eval-v3.1
2026-09-05T13:00:00+09:00,CMP-S02-L02-01,S02,S02-L02,1,running,149.3857,474.3348,110.687,36.6244,-0.6515,A,relation-reasoning-agent-eval-v3.1
2026-09-05T13:00:00+09:00,CMP-S02-L03-01,S02,S02-L03,1,running,179.7145,444.5069,99.6776,47.366,1.0598,B,relation-reasoning-agent-eval-v3.1
2026-09-05T13:00:00+09:00,CMP-S02-L04-01,S02,S02-L04,1,running,161.6413,415.9589,101.2028,45.4866,0.6588,A,relation-reasoning-agent-eval-v3.1
2026-09-05T13:00:00+09:00,CMP-S02-L05-01,S02,S02-L05,1,running,166.9285,373.396,91.9829,43.7076,0.6246,A,relation-reasoning-agent-eval-v3.1
2026-09-05T13:10:00+09:00,CMP-S02-L01-01,S02,S02-L01,1,running,175.2789,404.3033,103.2504,40.027,0.1669,A,relation-reasoning-agent-eval-v3.1
2026-09-05T13:10:00+09:00,CMP-S02-L02-01,S02,S02-L02,1,running,148.9748,517.7243,108.9195,30.7744,-1.7349,B,relation-reasoning-agent-eval-v3.1
2026-09-05T13:10:00+09:00,CMP-S02-L03-01,S02,S02-L03,1,running,181.9949,408.3549,93.5643,40.2598,-0.2562,A,relation-reasoning-agent-eval-v3.1
2026-09-05T13:10:00+09:00,CMP-S02-L04-01,S02,S02-L04,1,running,178.9349,458.5894,108.9971,44.4302,0.4632,A,relation-reasoning-agent-eval-v3.1
2026-09-05T13:10:00+09:00,CMP-S02-L05-01,S02,S02-L05,1,running,155.5398,389.393,103.3249,43.9508,0.6696,A,relation-reasoning-agent-eval-v3.1
2026-09-05T13:20:00+09:00,CMP-S02-L01-01,S02,S02-L01,1,running,179.8832,440.8154,100.4364,39.9928,0.1606,A,relation-reasoning-agent-eval-v3.1
2026-09-05T13:20:00+09:00,CMP-S02-L02-01,S02,S02-L02,1,running,149.1042,485.2517,101.2188,31.7099,-1.5616,B,relation-reasoning-agent-eval-v3.1
2026-09-05T13:20:00+09:00,CMP-S02-L03-01,S02,S02-L03,1,running,167.9258,394.151,89.9999,45.6278,0.7379,A,relation-reasoning-agent-eval-v3.1
2026-09-05T13:20:00+09:00,CMP-S02-L04-01,S02,S02-L04,1,running,179.1483,455.8738,106.6576,45.5382,0.6683,A,relation-reasoning-agent-eval-v3.1
2026-09-05T13:20:00+09:00,CMP-S02-L05-01,S02,S02-L05,1,running,173.4444,408.2231,101.7044,44.2814,0.7308,A,relation-reasoning-agent-eval-v3.1
2026-09-05T13:30:00+09:00,CMP-S02-L01-01,S02,S02-L01,1,running,165.2532,448.873,98.4004,45.2051,1.1258,B,relation-reasoning-agent-eval-v3.1
2026-09-05T13:30:00+09:00,CMP-S02-L02-01,S02,S02-L02,1,running,141.5015,468.3171,101.503,38.8124,-0.2463,A,relation-reasoning-agent-eval-v3.1
2026-09-05T13:30:00+09:00,CMP-S02-L03-01,S02,S02-L03,1,running,191.2853,398.9349,90.4658,42.6566,0.1877,A,relation-reasoning-agent-eval-v3.1
2026-09-05T13:30:00+09:00,CMP-S02-L04-01,S02,S02-L04,1,running,161.3238,467.2095,103.3577,46.5832,0.8619,A,relation-reasoning-agent-eval-v3.1
2026-09-05T13:30:00+09:00,CMP-S02-L05-01,S02,S02-L05,1,running,184.2404,372.2452,107.4661,48.5487,1.5211,B,relation-reasoning-agent-eval-v3.1
2026-09-05T13:40:00+09:00,CMP-S02-L01-01,S02,S02-L01,1,running,166.3316,480.4027,90.2903,49.2738,1.8793,B,relation-reasoning-agent-eval-v3.1
2026-09-05T13:40:00+09:00,CMP-S02-L02-01,S02,S02-L02,1,running,149.2677,460.4103,103.0163,36.8873,-0.6029,A,relation-reasoning-agent-eval-v3.1
2026-09-05T13:40:00+09:00,CMP-S02-L03-01,S02,S02-L03,1,running,199.1606,431.722,93.4709,40.2928,-0.2501,A,relation-reasoning-agent-eval-v3.1
2026-09-05T13:40:00+09:00,CMP-S02-L04-01,S02,S02-L04,1,running,165.6455,496.9687,104.496,46.8082,0.9035,A,relation-reasoning-agent-eval-v3.1
2026-09-05T13:40:00+09:00,CMP-S02-L05-01,S02,S02-L05,1,running,165.4156,390.6555,103.9248,45.204,0.9017,A,relation-reasoning-agent-eval-v3.1
2026-09-05T13:50:00+09:00,CMP-S02-L01-01,S02,S02-L01,1,running,163.1913,486.271,89.4556,48.7925,1.7902,B,relation-reasoning-agent-eval-v3.1
2026-09-05T13:50:00+09:00,CMP-S02-L02-01,S02,S02-L02,1,running,149.5898,432.3553,103.386,42.4737,0.4317,A,relation-reasoning-agent-eval-v3.1
2026-09-05T13:50:00+09:00,CMP-S02-L03-01,S02,S02-L03,1,running,210.1369,459.0001,93.2217,42.4014,0.1404,A,relation-reasoning-agent-eval-v3.1
2026-09-05T13:50:00+09:00,CMP-S02-L04-01,S02,S02-L04,1,running,151.8859,530.5362,108.9235,39.8502,-0.385,A,relation-reasoning-agent-eval-v3.1
2026-09-05T13:50:00+09:00,CMP-S02-L05-01,S02,S02-L05,1,running,144.5581,424.6167,102.2133,45.5248,0.9611,A,relation-reasoning-agent-eval-v3.1
2026-09-05T14:00:00+09:00,CMP-S02-L01-01,S02,S02-L01,1,running,166.3523,476.3941,88.3746,43.0525,0.7272,A,relation-reasoning-agent-eval-v3.1
2026-09-05T14:00:00+09:00,CMP-S02-L02-01,S02,S02-L02,1,running,162.5953,427.4238,102.2816,34.6236,-1.0221,B,relation-reasoning-agent-eval-v3.1
2026-09-05T14:00:00+09:00,CMP-S02-L03-01,S02,S02-L03,1,running,212.6907,440.23,98.8112,41.3665,-0.0512,A,relation-reasoning-agent-eval-v3.1
2026-09-05T14:00:00+09:00,CMP-S02-L04-01,S02,S02-L04,1,running,146.4082,508.5092,110.032,37.5153,-0.8174,A,relation-reasoning-agent-eval-v3.1
2026-09-05T14:00:00+09:00,CMP-S02-L05-01,S02,S02-L05,1,running,167.9961,442.4996,98.4647,46.6288,1.1655,B,relation-reasoning-agent-eval-v3.1
2026-09-05T14:10:00+09:00,CMP-S02-L01-01,S02,S02-L01,1,running,174.6696,529.0148,95.9967,38.6953,-0.0797,A,relation-reasoning-agent-eval-v3.1
2026-09-05T14:10:00+09:00,CMP-S02-L02-01,S02,S02-L02,1,running,160.5739,471.2424,103.3158,42.9887,0.527,A,relation-reasoning-agent-eval-v3.1
2026-09-05T14:10:00+09:00,CMP-S02-L03-01,S02,S02-L03,1,running,206.0795,504.589,97.2632,34.9907,-1.2319,B,relation-reasoning-agent-eval-v3.1
2026-09-05T14:10:00+09:00,CMP-S02-L04-01,S02,S02-L04,1,running,149.1658,484.4521,102.1095,38.9921,-0.5439,A,relation-reasoning-agent-eval-v3.1
2026-09-05T14:10:00+09:00,CMP-S02-L05-01,S02,S02-L05,1,running,161.605,513.7866,95.8693,41.9655,0.302,A,relation-reasoning-agent-eval-v3.1
2026-09-05T14:20:00+09:00,CMP-S02-L01-01,S02,S02-L01,1,running,167.1999,485.3317,93.8108,30.9734,-1.5097,B,relation-reasoning-agent-eval-v3.1
2026-09-05T14:20:00+09:00,CMP-S02-L02-01,S02,S02-L02,1,running,144.9183,494.0336,104.4523,41.9744,0.3392,A,relation-reasoning-agent-eval-v3.1
2026-09-05T14:20:00+09:00,CMP-S02-L03-01,S02,S02-L03,1,running,196.0575,526.8835,97.3148,37.8226,-0.7075,A,relation-reasoning-agent-eval-v3.1
2026-09-05T14:20:00+09:00,CMP-S02-L04-01,S02,S02-L04,1,running,156.669,476.9647,102.908,38.2594,-0.6796,A,relation-reasoning-agent-eval-v3.1
2026-09-05T14:20:00+09:00,CMP-S02-L05-01,S02,S02-L05,1,running,157.7221,495.1364,99.7766,34.7545,-1.0334,B,relation-reasoning-agent-eval-v3.1
2026-09-05T14:30:00+09:00,CMP-S02-L01-01,S02,S02-L01,1,running,164.256,471.7005,94.5428,29.5746,-1.7687,B,relation-reasoning-agent-eval-v3.1
2026-09-05T14:30:00+09:00,CMP-S02-L02-01,S02,S02-L02,1,running,151.8083,469.3259,103.1721,41.3199,0.218,A,relation-reasoning-agent-eval-v3.1
2026-09-05T14:30:00+09:00,CMP-S02-L03-01,S02,S02-L03,1,running,203.5278,497.6283,98.8713,38.3405,-0.6116,A,relation-reasoning-agent-eval-v3.1
2026-09-05T14:30:00+09:00,CMP-S02-L04-01,S02,S02-L04,1,running,153.0232,461.1014,102.1389,37.2711,-0.8626,A,relation-reasoning-agent-eval-v3.1
2026-09-05T14:30:00+09:00,CMP-S02-L05-01,S02,S02-L05,1,running,139.9854,509.1929,101.7268,36.0839,-0.7872,A,relation-reasoning-agent-eval-v3.1
2026-09-05T14:40:00+09:00,CMP-S02-L01-01,S02,S02-L01,1,running,175.4802,431.4807,95.6425,34.2042,-0.9114,A,relation-reasoning-agent-eval-v3.1
2026-09-05T14:40:00+09:00,CMP-S02-L02-01,S02,S02-L02,1,running,162.401,486.4256,103.8557,37.1999,-0.545,A,relation-reasoning-agent-eval-v3.1
2026-09-05T14:40:00+09:00,CMP-S02-L03-01,S02,S02-L03,1,running,207.7695,487.9414,100.4772,39.3286,-0.4286,A,relation-reasoning-agent-eval-v3.1
2026-09-05T14:40:00+09:00,CMP-S02-L04-01,S02,S02-L04,1,running,156.1815,390.9085,103.4945,38.4119,-0.6513,A,relation-reasoning-agent-eval-v3.1
2026-09-05T14:40:00+09:00,CMP-S02-L05-01,S02,S02-L05,1,running,147.6402,461.6582,97.5716,35.2008,-0.9508,A,relation-reasoning-agent-eval-v3.1
2026-09-05T14:50:00+09:00,CMP-S02-L01-01,S02,S02-L01,1,running,168.8289,485.379,103.1528,42.203,0.5699,A,relation-reasoning-agent-eval-v3.1
2026-09-05T14:50:00+09:00,CMP-S02-L02-01,S02,S02-L02,1,running,156.5171,476.2814,111.89,36.4497,-0.6839,A,relation-reasoning-agent-eval-v3.1
2026-09-05T14:50:00+09:00,CMP-S02-L03-01,S02,S02-L03,1,running,214.1199,433.8983,93.9691,44.1609,0.4662,A,relation-reasoning-agent-eval-v3.1
2026-09-05T14:50:00+09:00,CMP-S02-L04-01,S02,S02-L04,1,running,155.6961,463.3465,106.576,43.0977,0.2164,A,relation-reasoning-agent-eval-v3.1
2026-09-05T14:50:00+09:00,CMP-S02-L05-01,S02,S02-L05,1,running,155.9558,417.2663,99.628,32.9513,-1.3674,B,relation-reasoning-agent-eval-v3.1
2026-09-05T15:00:00+09:00,CMP-S02-L01-01,S02,S02-L01,1,running,179.7327,473.7725,105.4782,42.7073,0.6633,A,relation-reasoning-agent-eval-v3.1
2026-09-05T15:00:00+09:00,CMP-S02-L02-01,S02,S02-L02,1,running,143.4403,466.1436,111.6135,37.632,-0.4649,A,relation-reasoning-agent-eval-v3.1
2026-09-05T15:00:00+09:00,CMP-S02-L03-01,S02,S02-L03,1,running,217.0137,417.6776,98.4724,43.6125,0.3647,A,relation-reasoning-agent-eval-v3.1
2026-09-05T15:00:00+09:00,CMP-S02-L04-01,S02,S02-L04,1,running,133.747,457.4618,99.4912,40.9122,-0.1883,A,relation-reasoning-agent-eval-v3.1
2026-09-05T15:00:00+09:00,CMP-S02-L05-01,S02,S02-L05,1,running,158.1228,442.5967,96.217,35.8002,-0.8398,A,relation-reasoning-agent-eval-v3.1
2026-09-05T15:10:00+09:00,CMP-S02-L01-01,S02,S02-L01,1,running,196.7415,511.6185,104.2561,37.6007,-0.2824,A,relation-reasoning-agent-eval-v3.1
2026-09-05T15:10:00+09:00,CMP-S02-L02-01,S02,S02-L02,1,running,140.1865,470.1044,105.2567,42.203,0.3815,A,relation-reasoning-agent-eval-v3.1
2026-09-05T15:10:00+09:00,CMP-S02-L03-01,S02,S02-L03,1,running,203.5177,457.1979,99.4867,39.9636,-0.311,A,relation-reasoning-agent-eval-v3.1
2026-09-05T15:10:00+09:00,CMP-S02-L04-01,S02,S02-L04,1,running,146.1186,483.1244,95.057,44.2785,0.4351,A,relation-reasoning-agent-eval-v3.1
2026-09-05T15:10:00+09:00,CMP-S02-L05-01,S02,S02-L05,1,running,169.9854,429.3282,96.1868,34.3889,-1.1011,B,relation-reasoning-agent-eval-v3.1
2026-09-05T15:20:00+09:00,CMP-S02-L01-01,S02,S02-L01,1,running,198.4262,508.122,99.437,34.3903,-0.8769,A,relation-reasoning-agent-eval-v3.1
2026-09-05T15:20:00+09:00,CMP-S02-L02-01,S02,S02-L02,1,running,157.9564,456.1968,103.4969,38.1827,-0.363,A,relation-reasoning-agent-eval-v3.1
2026-09-05T15:20:00+09:00,CMP-S02-L03-01,S02,S02-L03,1,running,214.2179,452.4808,100.5025,41.6275,-0.0029,A,relation-reasoning-agent-eval-v3.1
2026-09-05T15:20:00+09:00,CMP-S02-L04-01,S02,S02-L04,1,running,149.034,485.687,99.5895,42.1987,0.0499,A,relation-reasoning-agent-eval-v3.1
2026-09-05T15:20:00+09:00,CMP-S02-L05-01,S02,S02-L05,1,running,169.0532,432.4618,98.4368,39.5527,-0.1449,A,relation-reasoning-agent-eval-v3.1
2026-09-05T15:30:00+09:00,CMP-S02-L01-01,S02,S02-L01,1,running,207.2984,505.2642,94.1522,33.6692,-1.0105,B,relation-reasoning-agent-eval-v3.1
2026-09-05T15:30:00+09:00,CMP-S02-L02-01,S02,S02-L02,1,running,159.294,412.084,105.3229,42.2401,0.3884,A,relation-reasoning-agent-eval-v3.1
2026-09-05T15:30:00+09:00,CMP-S02-L03-01,S02,S02-L03,1,running,214.6419,464.9461,99.9069,44.7395,0.5734,A,relation-reasoning-agent-eval-v3.1
2026-09-05T15:30:00+09:00,CMP-S02-L04-01,S02,S02-L04,1,running,123.3108,511.1701,98.8741,41.3044,-0.1157,A,relation-reasoning-agent-eval-v3.1
2026-09-05T15:30:00+09:00,CMP-S02-L05-01,S02,S02-L05,1,running,162.279,462.6688,93.6461,38.4415,-0.3507,A,relation-reasoning-agent-eval-v3.1
2026-09-05T15:40:00+09:00,CMP-S02-L01-01,S02,S02-L01,1,running,204.3162,503.1493,93.7988,37.0327,-0.3876,A,relation-reasoning-agent-eval-v3.1
2026-09-05T15:40:00+09:00,CMP-S02-L02-01,S02,S02-L02,1,running,149.3769,438.8683,97.0942,47.5234,1.3668,B,relation-reasoning-agent-eval-v3.1
2026-09-05T15:40:00+09:00,CMP-S02-L03-01,S02,S02-L03,1,running,208.4713,430.4976,95.7834,43.5102,0.3457,A,relation-reasoning-agent-eval-v3.1
2026-09-05T15:40:00+09:00,CMP-S02-L04-01,S02,S02-L04,1,running,132.417,487.4423,99.7077,36.3774,-1.0281,B,relation-reasoning-agent-eval-v3.1
2026-09-05T15:40:00+09:00,CMP-S02-L05-01,S02,S02-L05,1,running,151.2894,391.523,92.9403,36.9526,-0.6264,A,relation-reasoning-agent-eval-v3.1
2026-09-05T15:50:00+09:00,CMP-S02-L01-01,S02,S02-L01,1,running,170.5816,490.6763,91.6714,32.4615,-1.2341,B,relation-reasoning-agent-eval-v3.1
2026-09-05T15:50:00+09:00,CMP-S02-L02-01,S02,S02-L02,1,running,145.1143,412.7905,99.9882,46.7988,1.2326,B,relation-reasoning-agent-eval-v3.1
2026-09-05T15:50:00+09:00,CMP-S02-L03-01,S02,S02-L03,1,running,185.5573,383.3648,100.313,36.5682,-0.9398,A,relation-reasoning-agent-eval-v3.1
2026-09-05T15:50:00+09:00,CMP-S02-L04-01,S02,S02-L04,1,running,130.5948,518.5481,97.703,39.4879,-0.4521,A,relation-reasoning-agent-eval-v3.1
2026-09-05T15:50:00+09:00,CMP-S02-L05-01,S02,S02-L05,1,running,153.0094,434.0052,96.8999,36.049,-0.7937,A,relation-reasoning-agent-eval-v3.1
2026-09-05T16:00:00+09:00,CMP-S02-L01-01,S02,S02-L01,1,running,180.9414,479.15,99.2732,37.0393,-0.3864,A,relation-reasoning-agent-eval-v3.1
2026-09-05T16:00:00+09:00,CMP-S02-L02-01,S02,S02-L02,1,running,142.4302,439.4826,101.0783,39.1651,-0.181,A,relation-reasoning-agent-eval-v3.1
2026-09-05T16:00:00+09:00,CMP-S02-L03-01,S02,S02-L03,1,running,182.0295,412.6966,103.0359,38.6019,-0.5632,A,relation-reasoning-agent-eval-v3.1
2026-09-05T16:00:00+09:00,CMP-S02-L04-01,S02,S02-L04,1,running,127.889,533.2036,95.8231,41.8091,-0.0222,A,relation-reasoning-agent-eval-v3.1
2026-09-05T16:00:00+09:00,CMP-S02-L05-01,S02,S02-L05,1,running,150.2815,481.4413,93.6743,42.0164,0.3114,A,relation-reasoning-agent-eval-v3.1
2026-09-05T16:10:00+09:00,CMP-S02-L01-01,S02,S02-L01,1,running,183.6308,466.112,98.3669,39.4324,0.0568,A,relation-reasoning-agent-eval-v3.1
2026-09-05T16:10:00+09:00,CMP-S02-L02-01,S02,S02-L02,1,running,154.2976,479.8639,105.8258,34.9722,-0.9575,A,relation-reasoning-agent-eval-v3.1
2026-09-05T16:10:00+09:00,CMP-S02-L03-01,S02,S02-L03,1,running,218.7428,412.8026,96.1353,38.8968,-0.5086,A,relation-reasoning-agent-eval-v3.1
2026-09-05T16:10:00+09:00,CMP-S02-L04-01,S02,S02-L04,1,running,134.7755,547.3618,98.3229,41.8588,-0.013,A,relation-reasoning-agent-eval-v3.1
2026-09-05T16:10:00+09:00,CMP-S02-L05-01,S02,S02-L05,1,running,152.9147,451.8817,99.9605,34.1982,-1.1364,B,relation-reasoning-agent-eval-v3.1
2026-09-05T16:20:00+09:00,CMP-S02-L01-01,S02,S02-L01,1,running,161.9385,486.3285,102.0282,38.1347,-0.1835,A,relation-reasoning-agent-eval-v3.1
2026-09-05T16:20:00+09:00,CMP-S02-L02-01,S02,S02-L02,1,running,182.4279,531.7192,105.7587,35.9861,-0.7697,A,relation-reasoning-agent-eval-v3.1
2026-09-05T16:20:00+09:00,CMP-S02-L03-01,S02,S02-L03,1,running,216.9203,395.1659,95.133,41.2953,-0.0644,A,relation-reasoning-agent-eval-v3.1
2026-09-05T16:20:00+09:00,CMP-S02-L04-01,S02,S02-L04,1,running,154.7977,522.0577,97.532,46.772,0.8968,A,relation-reasoning-agent-eval-v3.1
2026-09-05T16:20:00+09:00,CMP-S02-L05-01,S02,S02-L05,1,running,154.4461,406.7465,104.0274,35.2728,-0.9375,A,relation-reasoning-agent-eval-v3.1
2026-09-05T16:30:00+09:00,CMP-S02-L01-01,S02,S02-L01,1,running,164.4587,428.2564,108.4127,36.6501,-0.4584,A,relation-reasoning-agent-eval-v3.1
2026-09-05T16:30:00+09:00,CMP-S02-L02-01,S02,S02-L02,1,running,187.99,536.9018,103.72,36.1877,-0.7324,A,relation-reasoning-agent-eval-v3.1
2026-09-05T16:30:00+09:00,CMP-S02-L03-01,S02,S02-L03,1,running,217.4264,367.3582,99.0381,39.553,-0.3871,A,relation-reasoning-agent-eval-v3.1
2026-09-05T16:30:00+09:00,CMP-S02-L04-01,S02,S02-L04,1,running,162.9724,505.1005,91.5177,46.7241,0.888,A,relation-reasoning-agent-eval-v3.1
2026-09-05T16:30:00+09:00,CMP-S02-L05-01,S02,S02-L05,1,running,168.7193,448.9774,101.4382,43.973,0.6737,A,relation-reasoning-agent-eval-v3.1
2026-09-05T16:40:00+09:00,CMP-S02-L01-01,S02,S02-L01,1,running,159.3901,474.3611,99.849,30.5443,-1.5891,B,relation-reasoning-agent-eval-v3.1
2026-09-05T16:40:00+09:00,CMP-S02-L02-01,S02,S02-L02,1,running,189.9967,504.7558,98.8222,31.3232,-1.6332,B,relation-reasoning-agent-eval-v3.1
2026-09-05T16:40:00+09:00,CMP-S02-L03-01,S02,S02-L03,1,running,220.2971,418.8631,102.9678,36.2171,-1.0048,B,relation-reasoning-agent-eval-v3.1
2026-09-05T16:40:00+09:00,CMP-S02-L04-01,S02,S02-L04,1,running,184.3473,485.9024,89.3339,43.3163,0.2569,A,relation-reasoning-agent-eval-v3.1
2026-09-05T16:40:00+09:00,CMP-S02-L05-01,S02,S02-L05,1,running,143.5043,468.9751,103.9479,45.5673,0.9689,A,relation-reasoning-agent-eval-v3.1
2026-09-05T16:50:00+09:00,CMP-S02-L01-01,S02,S02-L01,1,running,165.7101,473.6123,104.2041,34.8893,-0.7845,A,relation-reasoning-agent-eval-v3.1
2026-09-05T16:50:00+09:00,CMP-S02-L02-01,S02,S02-L02,1,running,179.4327,494.8899,98.7421,31.2331,-1.6499,B,relation-reasoning-agent-eval-v3.1
2026-09-05T16:50:00+09:00,CMP-S02-L03-01,S02,S02-L03,1,running,204.3261,399.2856,105.0419,45.1026,0.6406,A,relation-reasoning-agent-eval-v3.1
2026-09-05T16:50:00+09:00,CMP-S02-L04-01,S02,S02-L04,1,running,186.5425,425.3727,96.7666,36.8719,-0.9365,A,relation-reasoning-agent-eval-v3.1
2026-09-05T16:50:00+09:00,CMP-S02-L05-01,S02,S02-L05,1,running,144.455,470.9098,100.9556,46.7406,1.1862,B,relation-reasoning-agent-eval-v3.1
2026-09-05T17:00:00+09:00,CMP-S02-L01-01,S02,S02-L01,1,running,161.5507,454.0585,100.8791,28.1188,-2.0383,C,relation-reasoning-agent-eval-v3.1
2026-09-05T17:00:00+09:00,CMP-S02-L02-01,S02,S02-L02,1,running,187.9272,498.1057,102.5095,35.7642,-0.8108,A,relation-reasoning-agent-eval-v3.1
2026-09-05T17:00:00+09:00,CMP-S02-L03-01,S02,S02-L03,1,running,219.7171,350.3494,105.7034,40.8099,-0.1543,A,relation-reasoning-agent-eval-v3.1
2026-09-05T17:00:00+09:00,CMP-S02-L04-01,S02,S02-L04,1,running,182.4575,425.0824,93.0482,36.8385,-0.9427,A,relation-reasoning-agent-eval-v3.1
2026-09-05T17:00:00+09:00,CMP-S02-L05-01,S02,S02-L05,1,running,145.5771,463.815,93.0047,44.9222,0.8495,A,relation-reasoning-agent-eval-v3.1
2026-09-05T17:10:00+09:00,CMP-S02-L01-01,S02,S02-L01,1,running,161.7154,442.0677,97.8244,29.6201,-1.7603,B,relation-reasoning-agent-eval-v3.1
2026-09-05T17:10:00+09:00,CMP-S02-L02-01,S02,S02-L02,1,running,181.0068,468.4712,109.6902,36.2597,-0.7191,A,relation-reasoning-agent-eval-v3.1
2026-09-05T17:10:00+09:00,CMP-S02-L03-01,S02,S02-L03,1,running,206.037,362.6382,100.7928,43.543,0.3518,A,relation-reasoning-agent-eval-v3.1
2026-09-05T17:10:00+09:00,CMP-S02-L04-01,S02,S02-L04,1,running,178.6026,423.4651,95.2972,36.4125,-1.0216,B,relation-reasoning-agent-eval-v3.1
2026-09-05T17:10:00+09:00,CMP-S02-L05-01,S02,S02-L05,1,running,165.1016,443.3415,95.4273,50.0009,1.79,B,relation-reasoning-agent-eval-v3.1
2026-09-05T17:20:00+09:00,CMP-S02-L01-01,S02,S02-L01,1,running,157.9591,445.241,98.9062,35.653,-0.6431,A,relation-reasoning-agent-eval-v3.1
2026-09-05T17:20:00+09:00,CMP-S02-L02-01,S02,S02-L02,1,running,177.4488,431.7624,104.7863,39.5923,-0.1019,A,relation-reasoning-agent-eval-v3.1
2026-09-05T17:20:00+09:00,CMP-S02-L03-01,S02,S02-L03,1,running,201.7079,399.5348,97.8266,41.7737,0.0242,A,relation-reasoning-agent-eval-v3.1
2026-09-05T17:20:00+09:00,CMP-S02-L04-01,S02,S02-L04,1,running,171.2095,461.4622,95.8262,36.0475,-1.0892,B,relation-reasoning-agent-eval-v3.1
2026-09-05T17:20:00+09:00,CMP-S02-L05-01,S02,S02-L05,1,running,174.152,485.3323,102.3334,47.3889,1.3063,B,relation-reasoning-agent-eval-v3.1
2026-09-05T17:30:00+09:00,CMP-S02-L01-01,S02,S02-L01,1,running,163.3101,487.2302,96.6799,31.1438,-1.4781,B,relation-reasoning-agent-eval-v3.1
2026-09-05T17:30:00+09:00,CMP-S02-L02-01,S02,S02-L02,1,running,166.2288,439.0425,107.6575,45.238,0.9436,A,relation-reasoning-agent-eval-v3.1
2026-09-05T17:30:00+09:00,CMP-S02-L03-01,S02,S02-L03,1,running,210.6193,402.228,91.7819,44.8369,0.5914,A,relation-reasoning-agent-eval-v3.1
2026-09-05T17:30:00+09:00,CMP-S02-L04-01,S02,S02-L04,1,running,183.9542,469.9801,98.6274,38.4532,-0.6437,A,relation-reasoning-agent-eval-v3.1
2026-09-05T17:30:00+09:00,CMP-S02-L05-01,S02,S02-L05,1,running,171.5755,500.5848,101.3597,41.9525,0.2995,A,relation-reasoning-agent-eval-v3.1
2026-09-05T17:40:00+09:00,CMP-S02-L01-01,S02,S02-L01,1,running,157.8836,472.4034,94.9801,34.8134,-0.7986,A,relation-reasoning-agent-eval-v3.1
2026-09-05T17:40:00+09:00,CMP-S02-L02-01,S02,S02-L02,1,running,172.8188,466.3433,102.4695,37.2769,-0.5307,A,relation-reasoning-agent-eval-v3.1
2026-09-05T17:40:00+09:00,CMP-S02-L03-01,S02,S02-L03,1,running,204.4119,356.0316,90.8807,44.9888,0.6196,A,relation-reasoning-agent-eval-v3.1
2026-09-05T17:40:00+09:00,CMP-S02-L04-01,S02,S02-L04,1,running,186.8126,491.2868,99.2612,37.1625,-0.8827,A,relation-reasoning-agent-eval-v3.1
2026-09-05T17:40:00+09:00,CMP-S02-L05-01,S02,S02-L05,1,running,177.0682,463.7713,106.9775,44.6874,0.806,A,relation-reasoning-agent-eval-v3.1
2026-09-05T17:50:00+09:00,CMP-S02-L01-01,S02,S02-L01,1,running,164.2933,439.3784,96.3374,35.0635,-0.7523,A,relation-reasoning-agent-eval-v3.1
2026-09-05T17:50:00+09:00,CMP-S02-L02-01,S02,S02-L02,1,running,171.3528,538.4046,102.7878,38.8691,-0.2359,A,relation-reasoning-agent-eval-v3.1
2026-09-05T17:50:00+09:00,CMP-S02-L03-01,S02,S02-L03,1,running,182.0137,340.0527,88.3576,41.3318,-0.0577,A,relation-reasoning-agent-eval-v3.1
2026-09-05T17:50:00+09:00,CMP-S02-L04-01,S02,S02-L04,1,running,193.271,487.7717,109.0248,41.0431,-0.1641,A,relation-reasoning-agent-eval-v3.1
2026-09-05T17:50:00+09:00,CMP-S02-L05-01,S02,S02-L05,1,running,175.6637,412.2059,113.4715,38.9507,-0.2564,A,relation-reasoning-agent-eval-v3.1
2026-09-05T18:00:00+09:00,CMP-S02-L01-01,S02,S02-L01,1,running,164.3984,466.2461,92.3313,37.3411,-0.3305,A,relation-reasoning-agent-eval-v3.1
2026-09-05T18:00:00+09:00,CMP-S02-L02-01,S02,S02-L02,1,running,173.7944,519.0624,100.1096,34.1311,-1.1133,B,relation-reasoning-agent-eval-v3.1
2026-09-05T18:00:00+09:00,CMP-S02-L03-01,S02,S02-L03,1,running,187.7761,352.3388,88.3647,44.3822,0.5072,A,relation-reasoning-agent-eval-v3.1
2026-09-05T18:00:00+09:00,CMP-S02-L04-01,S02,S02-L04,1,running,208.8935,485.9849,102.5256,43.0398,0.2057,A,relation-reasoning-agent-eval-v3.1
2026-09-05T18:00:00+09:00,CMP-S02-L05-01,S02,S02-L05,1,running,172.6306,444.3607,107.5003,35.0533,-0.9781,A,relation-reasoning-agent-eval-v3.1
2026-09-05T18:10:00+09:00,CMP-S02-L01-01,S02,S02-L01,1,running,151.0679,449.036,90.0299,36.1588,-0.5494,A,relation-reasoning-agent-eval-v3.1
2026-09-05T18:10:00+09:00,CMP-S02-L02-01,S02,S02-L02,1,running,161.874,491.0454,98.5036,41.3327,0.2204,A,relation-reasoning-agent-eval-v3.1
2026-09-05T18:10:00+09:00,CMP-S02-L03-01,S02,S02-L03,1,running,188.6849,395.3453,96.002,47.407,1.0674,B,relation-reasoning-agent-eval-v3.1
2026-09-05T18:10:00+09:00,CMP-S02-L04-01,S02,S02-L04,1,running,202.8548,491.1093,97.3201,46.0973,0.7719,A,relation-reasoning-agent-eval-v3.1
2026-09-05T18:10:00+09:00,CMP-S02-L05-01,S02,S02-L05,1,running,179.6904,491.7107,105.1596,37.3961,-0.5442,A,relation-reasoning-agent-eval-v3.1
2026-09-05T18:20:00+09:00,CMP-S02-L01-01,S02,S02-L01,1,running,175.8089,446.8312,89.226,33.2444,-1.0891,B,relation-reasoning-agent-eval-v3.1
2026-09-05T18:20:00+09:00,CMP-S02-L02-01,S02,S02-L02,1,running,174.5828,483.2214,96.9871,44.5439,0.815,A,relation-reasoning-agent-eval-v3.1
2026-09-05T18:20:00+09:00,CMP-S02-L03-01,S02,S02-L03,1,running,179.2339,392.5245,100.0934,48.6336,1.2945,B,relation-reasoning-agent-eval-v3.1
2026-09-05T18:20:00+09:00,CMP-S02-L04-01,S02,S02-L04,1,running,192.1507,472.187,99.5251,47.8884,1.1036,B,relation-reasoning-agent-eval-v3.1
2026-09-05T18:20:00+09:00,CMP-S02-L05-01,S02,S02-L05,1,running,176.2972,518.8691,104.0739,39.3863,-0.1757,A,relation-reasoning-agent-eval-v3.1
2026-09-05T18:30:00+09:00,CMP-S02-L01-01,S02,S02-L01,1,running,182.8071,488.4329,83.2306,40.1823,0.1957,A,relation-reasoning-agent-eval-v3.1
2026-09-05T18:30:00+09:00,CMP-S02-L02-01,S02,S02-L02,1,running,146.6989,485.6938,96.6546,49.4885,1.7307,B,relation-reasoning-agent-eval-v3.1
2026-09-05T18:30:00+09:00,CMP-S02-L03-01,S02,S02-L03,1,running,191.4571,341.8751,101.9537,45.6031,0.7333,A,relation-reasoning-agent-eval-v3.1
2026-09-05T18:30:00+09:00,CMP-S02-L04-01,S02,S02-L04,1,running,177.0291,445.949,103.397,46.1085,0.7739,A,relation-reasoning-agent-eval-v3.1
2026-09-05T18:30:00+09:00,CMP-S02-L05-01,S02,S02-L05,1,running,181.3801,449.2896,105.3151,37.6462,-0.4979,A,relation-reasoning-agent-eval-v3.1
2026-09-05T18:40:00+09:00,CMP-S02-L01-01,S02,S02-L01,1,running,174.7015,474.4436,85.8747,34.4699,-0.8622,A,relation-reasoning-agent-eval-v3.1
2026-09-05T18:40:00+09:00,CMP-S02-L02-01,S02,S02-L02,1,running,172.7636,483.8783,94.6029,47.4175,1.3472,B,relation-reasoning-agent-eval-v3.1
2026-09-05T18:40:00+09:00,CMP-S02-L03-01,S02,S02-L03,1,running,186.3482,413.4846,101.1695,55.4381,2.5546,C,relation-reasoning-agent-eval-v3.1
2026-09-05T18:40:00+09:00,CMP-S02-L04-01,S02,S02-L04,1,running,202.3604,403.3205,102.896,44.6615,0.506,A,relation-reasoning-agent-eval-v3.1
2026-09-05T18:40:00+09:00,CMP-S02-L05-01,S02,S02-L05,1,running,176.2006,458.3435,102.4527,38.844,-0.2761,A,relation-reasoning-agent-eval-v3.1
2026-09-05T18:50:00+09:00,CMP-S02-L01-01,S02,S02-L01,1,running,178.3745,472.2602,93.4921,32.1786,-1.2865,B,relation-reasoning-agent-eval-v3.1
2026-09-05T18:50:00+09:00,CMP-S02-L02-01,S02,S02-L02,1,running,180.5489,484.885,93.6595,45.7796,1.0439,B,relation-reasoning-agent-eval-v3.1
2026-09-05T18:50:00+09:00,CMP-S02-L03-01,S02,S02-L03,1,running,166.7372,386.1017,94.2309,48.6933,1.3056,B,relation-reasoning-agent-eval-v3.1
2026-09-05T18:50:00+09:00,CMP-S02-L04-01,S02,S02-L04,1,running,206.5454,444.2385,102.4209,43.0961,0.2161,A,relation-reasoning-agent-eval-v3.1
2026-09-05T18:50:00+09:00,CMP-S02-L05-01,S02,S02-L05,1,running,179.001,447.6284,105.1278,42.5177,0.4042,A,relation-reasoning-agent-eval-v3.1
2026-09-05T19:00:00+09:00,CMP-S02-L01-01,S02,S02-L01,1,running,195.8524,442.8322,89.906,35.3399,-0.7011,A,relation-reasoning-agent-eval-v3.1
2026-09-05T19:00:00+09:00,CMP-S02-L02-01,S02,S02-L02,1,running,175.8351,428.6259,91.5682,42.3884,0.4159,A,relation-reasoning-agent-eval-v3.1
2026-09-05T19:00:00+09:00,CMP-S02-L03-01,S02,S02-L03,1,running,184.0118,407.8542,101.5059,52.8185,2.0695,C,relation-reasoning-agent-eval-v3.1
2026-09-05T19:00:00+09:00,CMP-S02-L04-01,S02,S02-L04,1,running,191.3722,487.5727,98.6322,40.9197,-0.1869,A,relation-reasoning-agent-eval-v3.1
2026-09-05T19:00:00+09:00,CMP-S02-L05-01,S02,S02-L05,1,running,178.3789,450.933,102.5449,40.0058,-0.061,A,relation-reasoning-agent-eval-v3.1
2026-09-05T19:10:00+09:00,CMP-S02-L01-01,S02,S02-L01,1,running,185.2756,447.8815,85.6479,32.4837,-1.23,B,relation-reasoning-agent-eval-v3.1
2026-09-05T19:10:00+09:00,CMP-S02-L02-01,S02,S02-L02,1,running,163.8265,460.5069,100.5648,45.6611,1.0219,B,relation-reasoning-agent-eval-v3.1
2026-09-05T19:10:00+09:00,CMP-S02-L03-01,S02,S02-L03,1,running,189.6375,415.1095,98.2104,48.9457,1.3523,B,relation-reasoning-agent-eval-v3.1
2026-09-05T19:10:00+09:00,CMP-S02-L04-01,S02,S02-L04,1,running,179.5155,539.1323,99.616,44.5259,0.4809,A,relation-reasoning-agent-eval-v3.1
2026-09-05T19:10:00+09:00,CMP-S02-L05-01,S02,S02-L05,1,running,184.5353,458.5338,102.1943,37.8621,-0.458,A,relation-reasoning-agent-eval-v3.1
2026-09-05T19:20:00+09:00,CMP-S02-L01-01,S02,S02-L01,1,running,180.1874,432.5365,93.573,34.6417,-0.8304,A,relation-reasoning-agent-eval-v3.1
2026-09-05T19:20:00+09:00,CMP-S02-L02-01,S02,S02-L02,1,running,172.1565,418.7111,98.9082,45.3881,0.9714,A,relation-reasoning-agent-eval-v3.1
2026-09-05T19:20:00+09:00,CMP-S02-L03-01,S02,S02-L03,1,running,201.9942,410.525,113.3041,44.2354,0.48,A,relation-reasoning-agent-eval-v3.1
2026-09-05T19:20:00+09:00,CMP-S02-L04-01,S02,S02-L04,1,running,194.1439,475.0222,100.2865,39.4825,-0.4531,A,relation-reasoning-agent-eval-v3.1
2026-09-05T19:20:00+09:00,CMP-S02-L05-01,S02,S02-L05,1,running,184.7114,423.1137,100.0684,34.0884,-1.1568,B,relation-reasoning-agent-eval-v3.1
2026-09-05T19:30:00+09:00,CMP-S02-L01-01,S02,S02-L01,1,running,173.8964,408.5697,92.1182,29.7066,-1.7443,B,relation-reasoning-agent-eval-v3.1
2026-09-05T19:30:00+09:00,CMP-S02-L02-01,S02,S02-L02,1,running,157.6871,406.8433,105.4269,45.0074,0.9009,A,relation-reasoning-agent-eval-v3.1
2026-09-05T19:30:00+09:00,CMP-S02-L03-01,S02,S02-L03,1,running,189.2535,440.5613,104.834,48.9783,1.3584,B,relation-reasoning-agent-eval-v3.1
2026-09-05T19:30:00+09:00,CMP-S02-L04-01,S02,S02-L04,1,running,192.8677,491.6289,101.0607,47.0818,0.9542,A,relation-reasoning-agent-eval-v3.1
2026-09-05T19:30:00+09:00,CMP-S02-L05-01,S02,S02-L05,1,running,171.6762,481.4148,99.3165,34.5246,-1.076,B,relation-reasoning-agent-eval-v3.1
2026-09-05T19:40:00+09:00,CMP-S02-L01-01,S02,S02-L01,1,running,176.5451,427.9031,86.4217,31.6755,-1.3797,B,relation-reasoning-agent-eval-v3.1
2026-09-05T19:40:00+09:00,CMP-S02-L02-01,S02,S02-L02,1,running,149.8055,409.4855,101.6745,42.1526,0.3722,A,relation-reasoning-agent-eval-v3.1
2026-09-05T19:40:00+09:00,CMP-S02-L03-01,S02,S02-L03,1,running,167.82,473.5832,101.0086,47.3839,1.0631,B,relation-reasoning-agent-eval-v3.1
2026-09-05T19:40:00+09:00,CMP-S02-L04-01,S02,S02-L04,1,running,185.6638,480.5436,107.611,44.1063,0.4032,A,relation-reasoning-agent-eval-v3.1
2026-09-05T19:40:00+09:00,CMP-S02-L05-01,S02,S02-L05,1,running,169.6202,494.0494,99.4974,33.0178,-1.355,B,relation-reasoning-agent-eval-v3.1
2026-09-05T19:50:00+09:00,CMP-S02-L01-01,S02,S02-L01,1,running,168.2019,397.8546,84.6096,31.4031,-1.4301,B,relation-reasoning-agent-eval-v3.1
2026-09-05T19:50:00+09:00,CMP-S02-L02-01,S02,S02-L02,1,running,157.5271,426.5648,102.0946,38.8184,-0.2452,A,relation-reasoning-agent-eval-v3.1
2026-09-05T19:50:00+09:00,CMP-S02-L03-01,S02,S02-L03,1,running,173.4823,392.9143,102.4478,50.533,1.6463,B,relation-reasoning-agent-eval-v3.1
2026-09-05T19:50:00+09:00,CMP-S02-L04-01,S02,S02-L04,1,running,195.1864,549.8388,106.1577,37.8627,-0.753,A,relation-reasoning-agent-eval-v3.1
2026-09-05T19:50:00+09:00,CMP-S02-L05-01,S02,S02-L05,1,running,182.3502,432.0833,95.8763,37.6972,-0.4885,A,relation-reasoning-agent-eval-v3.1
2026-09-05T20:00:00+09:00,CMP-S02-L01-01,S02,S02-L01,1,running,169.4425,419.5816,88.758,30.8352,-1.5353,B,relation-reasoning-agent-eval-v3.1
2026-09-05T20:00:00+09:00,CMP-S02-L02-01,S02,S02-L02,1,running,162.8564,416.519,104.0446,41.2985,0.214,A,relation-reasoning-agent-eval-v3.1
2026-09-05T20:00:00+09:00,CMP-S02-L03-01,S02,S02-L03,1,running,164.8579,409.6908,106.993,48.8829,1.3407,B,relation-reasoning-agent-eval-v3.1
2026-09-05T20:00:00+09:00,CMP-S02-L04-01,S02,S02-L04,1,running,181.3287,565.3756,96.6808,32.761,-1.6978,B,relation-reasoning-agent-eval-v3.1
2026-09-05T20:00:00+09:00,CMP-S02-L05-01,S02,S02-L05,1,running,163.8823,421.6628,97.7577,39.9616,-0.0692,A,relation-reasoning-agent-eval-v3.1
2026-09-05T20:10:00+09:00,CMP-S02-L01-01,S02,S02-L01,1,running,173.8905,469.9775,93.0836,30.1046,-1.6706,B,relation-reasoning-agent-eval-v3.1
2026-09-05T20:10:00+09:00,CMP-S02-L02-01,S02,S02-L02,1,running,150.9853,412.9433,101.6063,36.976,-0.5864,A,relation-reasoning-agent-eval-v3.1
2026-09-05T20:10:00+09:00,CMP-S02-L03-01,S02,S02-L03,1,running,173.4649,448.4393,108.8083,42.3829,0.137,A,relation-reasoning-agent-eval-v3.1
2026-09-05T20:10:00+09:00,CMP-S02-L04-01,S02,S02-L04,1,running,181.2721,511.8143,95.5174,40.2567,-0.3097,A,relation-reasoning-agent-eval-v3.1
2026-09-05T20:10:00+09:00,CMP-S02-L05-01,S02,S02-L05,1,running,173.3997,406.3414,103.5725,34.7125,-1.0412,B,relation-reasoning-agent-eval-v3.1
2026-09-05T20:20:00+09:00,CMP-S02-L01-01,S02,S02-L01,1,running,182.7382,576.562,96.9879,37.3817,-0.323,A,relation-reasoning-agent-eval-v3.1
2026-09-05T20:20:00+09:00,CMP-S02-L02-01,S02,S02-L02,1,running,150.7613,439.2148,97.2147,36.4267,-0.6882,A,relation-reasoning-agent-eval-v3.1
2026-09-05T20:20:00+09:00,CMP-S02-L03-01,S02,S02-L03,1,running,173.2289,420.2956,108.2272,42.6831,0.1926,A,relation-reasoning-agent-eval-v3.1
2026-09-05T20:20:00+09:00,CMP-S02-L04-01,S02,S02-L04,1,running,176.4799,535.8803,101.7774,39.6955,-0.4136,A,relation-reasoning-agent-eval-v3.1
2026-09-05T20:20:00+09:00,CMP-S02-L05-01,S02,S02-L05,1,running,168.7696,419.7705,103.7268,37.4268,-0.5386,A,relation-reasoning-agent-eval-v3.1
2026-09-05T20:30:00+09:00,CMP-S02-L01-01,S02,S02-L01,1,running,186.1554,510.0559,102.0419,43.3589,0.7839,A,relation-reasoning-agent-eval-v3.1
2026-09-05T20:30:00+09:00,CMP-S02-L02-01,S02,S02-L02,1,running,158.1144,440.6663,104.5947,37.7416,-0.4447,A,relation-reasoning-agent-eval-v3.1
2026-09-05T20:30:00+09:00,CMP-S02-L03-01,S02,S02-L03,1,running,182.2284,438.4474,100.9812,44.9445,0.6114,A,relation-reasoning-agent-eval-v3.1
2026-09-05T20:30:00+09:00,CMP-S02-L04-01,S02,S02-L04,1,running,180.0796,528.0035,98.5889,30.7856,-2.0636,C,relation-reasoning-agent-eval-v3.1
2026-09-05T20:30:00+09:00,CMP-S02-L05-01,S02,S02-L05,1,running,167.8911,432.4051,104.3868,38.1194,-0.4103,A,relation-reasoning-agent-eval-v3.1
2026-09-05T20:40:00+09:00,CMP-S02-L01-01,S02,S02-L01,1,running,180.9096,492.4761,107.4019,42.3411,0.5955,A,relation-reasoning-agent-eval-v3.1
2026-09-05T20:40:00+09:00,CMP-S02-L02-01,S02,S02-L02,1,running,165.2696,446.7861,97.684,41.8188,0.3104,A,relation-reasoning-agent-eval-v3.1
2026-09-05T20:40:00+09:00,CMP-S02-L03-01,S02,S02-L03,1,running,184.5653,456.8643,99.5637,44.5315,0.5349,A,relation-reasoning-agent-eval-v3.1
2026-09-05T20:40:00+09:00,CMP-S02-L04-01,S02,S02-L04,1,running,177.0375,531.7311,101.2273,28.7543,-2.4398,C,relation-reasoning-agent-eval-v3.1
2026-09-05T20:40:00+09:00,CMP-S02-L05-01,S02,S02-L05,1,running,169.5492,436.9758,99.5348,41.2537,0.1701,A,relation-reasoning-agent-eval-v3.1
2026-09-05T20:50:00+09:00,CMP-S02-L01-01,S02,S02-L01,1,running,187.7913,486.0965,102.0063,37.7845,-0.2484,A,relation-reasoning-agent-eval-v3.1
2026-09-05T20:50:00+09:00,CMP-S02-L02-01,S02,S02-L02,1,running,171.1325,446.8695,97.1499,43.3074,0.5861,A,relation-reasoning-agent-eval-v3.1
2026-09-05T20:50:00+09:00,CMP-S02-L03-01,S02,S02-L03,1,running,189.9422,414.5547,101.3919,41.3462,-0.055,A,relation-reasoning-agent-eval-v3.1
2026-09-05T20:50:00+09:00,CMP-S02-L04-01,S02,S02-L04,1,running,185.909,485.7491,96.4771,36.4765,-1.0097,B,relation-reasoning-agent-eval-v3.1
2026-09-05T20:50:00+09:00,CMP-S02-L05-01,S02,S02-L05,1,running,165.9677,441.2656,97.7193,42.2313,0.3512,A,relation-reasoning-agent-eval-v3.1
2026-09-05T21:00:00+09:00,CMP-S02-L01-01,S02,S02-L01,1,running,168.5409,487.3168,107.2092,41.4006,0.4213,A,relation-reasoning-agent-eval-v3.1
2026-09-05T21:00:00+09:00,CMP-S02-L02-01,S02,S02-L02,1,running,179.8047,413.0604,99.6572,51.098,2.0288,C,relation-reasoning-agent-eval-v3.1
2026-09-05T21:00:00+09:00,CMP-S02-L03-01,S02,S02-L03,1,running,200.3443,448.1444,101.1382,34.705,-1.2848,B,relation-reasoning-agent-eval-v3.1
2026-09-05T21:00:00+09:00,CMP-S02-L04-01,S02,S02-L04,1,running,187.3045,479.3243,99.8551,34.7632,-1.327,B,relation-reasoning-agent-eval-v3.1
2026-09-05T21:00:00+09:00,CMP-S02-L05-01,S02,S02-L05,1,running,162.4838,445.8434,94.8509,37.9314,-0.4451,A,relation-reasoning-agent-eval-v3.1
2026-09-05T21:10:00+09:00,CMP-S02-L01-01,S02,S02-L01,1,running,170.5094,478.8083,106.5204,39.4996,0.0693,A,relation-reasoning-agent-eval-v3.1
2026-09-05T21:10:00+09:00,CMP-S02-L02-01,S02,S02-L02,1,running,184.2649,433.1196,102.7386,41.7988,0.3067,A,relation-reasoning-agent-eval-v3.1
2026-09-05T21:10:00+09:00,CMP-S02-L03-01,S02,S02-L03,1,running,202.1427,449.8458,99.7944,38.0671,-0.6622,A,relation-reasoning-agent-eval-v3.1
2026-09-05T21:10:00+09:00,CMP-S02-L04-01,S02,S02-L04,1,running,184.6005,498.3373,99.5989,31.1252,-2.0007,C,relation-reasoning-agent-eval-v3.1
2026-09-05T21:10:00+09:00,CMP-S02-L05-01,S02,S02-L05,1,running,148.7514,446.9317,94.6962,38.3347,-0.3704,A,relation-reasoning-agent-eval-v3.1
2026-09-05T21:20:00+09:00,CMP-S02-L01-01,S02,S02-L01,1,running,176.7448,444.0368,111.0768,37.878,-0.231,A,relation-reasoning-agent-eval-v3.1
2026-09-05T21:20:00+09:00,CMP-S02-L02-01,S02,S02-L02,1,running,186.6123,397.2796,106.032,41.2104,0.1977,A,relation-reasoning-agent-eval-v3.1
2026-09-05T21:20:00+09:00,CMP-S02-L03-01,S02,S02-L03,1,running,182.1317,399.2544,94.5717,43.4694,0.3382,A,relation-reasoning-agent-eval-v3.1
2026-09-05T21:20:00+09:00,CMP-S02-L04-01,S02,S02-L04,1,running,172.3715,494.4272,98.1997,23.7297,-3.3703,D,relation-reasoning-agent-eval-v3.1
2026-09-05T21:20:00+09:00,CMP-S02-L05-01,S02,S02-L05,1,running,157.3356,469.4236,94.299,32.9714,-1.3636,B,relation-reasoning-agent-eval-v3.1
2026-09-05T21:30:00+09:00,CMP-S02-L01-01,S02,S02-L01,1,running,176.8382,442.3552,109.1228,33.3348,-1.0724,B,relation-reasoning-agent-eval-v3.1
2026-09-05T21:30:00+09:00,CMP-S02-L02-01,S02,S02-L02,1,running,198.7237,398.7927,112.0157,40.1529,0.0019,A,relation-reasoning-agent-eval-v3.1
2026-09-05T21:30:00+09:00,CMP-S02-L03-01,S02,S02-L03,1,running,188.5507,363.4402,92.0404,43.7247,0.3855,A,relation-reasoning-agent-eval-v3.1
2026-09-05T21:30:00+09:00,CMP-S02-L04-01,S02,S02-L04,1,running,181.7603,525.0616,101.4346,29.2713,-2.344,C,relation-reasoning-agent-eval-v3.1
2026-09-05T21:30:00+09:00,CMP-S02-L05-01,S02,S02-L05,1,running,180.9453,486.3337,98.3771,39.2144,-0.2075,A,relation-reasoning-agent-eval-v3.1
2026-09-05T21:40:00+09:00,CMP-S02-L01-01,S02,S02-L01,1,running,177.5516,445.3112,101.922,35.0686,-0.7513,A,relation-reasoning-agent-eval-v3.1
2026-09-05T21:40:00+09:00,CMP-S02-L02-01,S02,S02-L02,1,running,188.7201,447.3562,104.626,44.8619,0.8739,A,relation-reasoning-agent-eval-v3.1
2026-09-05T21:40:00+09:00,CMP-S02-L03-01,S02,S02-L03,1,running,194.752,401.1248,86.2156,51.24,1.7772,B,relation-reasoning-agent-eval-v3.1
2026-09-05T21:40:00+09:00,CMP-S02-L04-01,S02,S02-L04,1,running,186.6174,532.6244,103.8672,36.3064,-1.0412,B,relation-reasoning-agent-eval-v3.1
2026-09-05T21:40:00+09:00,CMP-S02-L05-01,S02,S02-L05,1,running,174.0644,492.5474,97.3738,43.3071,0.5504,A,relation-reasoning-agent-eval-v3.1
2026-09-05T21:50:00+09:00,CMP-S02-L01-01,S02,S02-L01,1,running,183.0954,417.2698,105.5653,40.3235,0.2218,A,relation-reasoning-agent-eval-v3.1
2026-09-05T21:50:00+09:00,CMP-S02-L02-01,S02,S02-L02,1,running,184.546,454.3287,97.3727,42.1595,0.3735,A,relation-reasoning-agent-eval-v3.1
2026-09-05T21:50:00+09:00,CMP-S02-L03-01,S02,S02-L03,1,running,186.3974,382.7707,86.1929,42.8351,0.2207,A,relation-reasoning-agent-eval-v3.1
2026-09-05T21:50:00+09:00,CMP-S02-L04-01,S02,S02-L04,1,running,187.4706,506.8025,109.8526,34.2505,-1.422,B,relation-reasoning-agent-eval-v3.1
2026-09-05T21:50:00+09:00,CMP-S02-L05-01,S02,S02-L05,1,running,181.2588,451.8565,97.6866,40.5925,0.0477,A,relation-reasoning-agent-eval-v3.1
2026-09-05T22:00:00+09:00,CMP-S02-L01-01,S02,S02-L01,1,running,172.2341,467.7606,101.1768,40.7978,0.3097,A,relation-reasoning-agent-eval-v3.1
2026-09-05T22:00:00+09:00,CMP-S02-L02-01,S02,S02-L02,1,running,193.7442,449.8311,90.5161,43.324,0.5891,A,relation-reasoning-agent-eval-v3.1
2026-09-05T22:00:00+09:00,CMP-S02-L03-01,S02,S02-L03,1,running,189.3413,437.3078,94.3938,40.7044,-0.1739,A,relation-reasoning-agent-eval-v3.1
2026-09-05T22:00:00+09:00,CMP-S02-L04-01,S02,S02-L04,1,running,170.9946,480.0351,111.8467,41.9881,0.0109,A,relation-reasoning-agent-eval-v3.1
2026-09-05T22:00:00+09:00,CMP-S02-L05-01,S02,S02-L05,1,running,175.2926,497.392,90.5589,37.0359,-0.6109,A,relation-reasoning-agent-eval-v3.1
2026-09-05T22:10:00+09:00,CMP-S02-L01-01,S02,S02-L01,1,running,185.2184,473.9591,103.3835,45.4503,1.1712,B,relation-reasoning-agent-eval-v3.1
2026-09-05T22:10:00+09:00,CMP-S02-L02-01,S02,S02-L02,1,running,191.447,433.8745,90.808,44.8456,0.8709,A,relation-reasoning-agent-eval-v3.1
2026-09-05T22:10:00+09:00,CMP-S02-L03-01,S02,S02-L03,1,running,180.07,527.3053,99.0336,39.3446,-0.4257,A,relation-reasoning-agent-eval-v3.1
2026-09-05T22:10:00+09:00,CMP-S02-L04-01,S02,S02-L04,1,running,173.5507,460.0723,101.4223,37.2078,-0.8743,A,relation-reasoning-agent-eval-v3.1
2026-09-05T22:10:00+09:00,CMP-S02-L05-01,S02,S02-L05,1,running,180.5433,547.899,92.4396,34.5993,-1.0622,B,relation-reasoning-agent-eval-v3.1
2026-09-05T22:20:00+09:00,CMP-S02-L01-01,S02,S02-L01,1,running,156.8798,510.1492,111.8861,50.6996,2.1433,C,relation-reasoning-agent-eval-v3.1
2026-09-05T22:20:00+09:00,CMP-S02-L02-01,S02,S02-L02,1,running,190.2469,444.3391,95.9152,52.2746,2.2466,C,relation-reasoning-agent-eval-v3.1
2026-09-05T22:20:00+09:00,CMP-S02-L03-01,S02,S02-L03,1,running,207.8219,498.3879,101.5109,38.8627,-0.5149,A,relation-reasoning-agent-eval-v3.1
2026-09-05T22:20:00+09:00,CMP-S02-L04-01,S02,S02-L04,1,running,161.5894,488.5875,104.1298,33.0777,-1.6392,B,relation-reasoning-agent-eval-v3.1
2026-09-05T22:20:00+09:00,CMP-S02-L05-01,S02,S02-L05,1,running,189.9558,563.6171,98.9596,36.6267,-0.6867,A,relation-reasoning-agent-eval-v3.1
2026-09-05T22:30:00+09:00,CMP-S02-L01-01,S02,S02-L01,1,running,145.3051,556.9277,113.3188,43.9604,0.8953,A,relation-reasoning-agent-eval-v3.1
2026-09-05T22:30:00+09:00,CMP-S02-L02-01,S02,S02-L02,1,running,203.0624,434.6656,93.0307,43.2763,0.5803,A,relation-reasoning-agent-eval-v3.1
2026-09-05T22:30:00+09:00,CMP-S02-L03-01,S02,S02-L03,1,running,203.6653,477.1189,94.691,36.7002,-0.9154,A,relation-reasoning-agent-eval-v3.1
2026-09-05T22:30:00+09:00,CMP-S02-L04-01,S02,S02-L04,1,running,152.3027,455.6325,104.2377,30.1999,-2.1721,C,relation-reasoning-agent-eval-v3.1
2026-09-05T22:30:00+09:00,CMP-S02-L05-01,S02,S02-L05,1,running,175.3999,560.4562,100.707,38.201,-0.3952,A,relation-reasoning-agent-eval-v3.1
2026-09-05T22:40:00+09:00,CMP-S02-L01-01,S02,S02-L01,1,running,176.8295,494.7174,115.8471,41.3817,0.4178,A,relation-reasoning-agent-eval-v3.1
2026-09-05T22:40:00+09:00,CMP-S02-L02-01,S02,S02-L02,1,running,199.493,423.5305,96.8297,48.9677,1.6343,B,relation-reasoning-agent-eval-v3.1
2026-09-05T22:40:00+09:00,CMP-S02-L03-01,S02,S02-L03,1,running,192.8791,473.7081,94.5327,37.242,-0.815,A,relation-reasoning-agent-eval-v3.1
2026-09-05T22:40:00+09:00,CMP-S02-L04-01,S02,S02-L04,1,running,148.8909,426.3044,101.3806,32.3233,-1.7789,B,relation-reasoning-agent-eval-v3.1
2026-09-05T22:40:00+09:00,CMP-S02-L05-01,S02,S02-L05,1,running,172.388,494.4682,96.2352,35.3819,-0.9172,A,relation-reasoning-agent-eval-v3.1
2026-09-05T22:50:00+09:00,CMP-S02-L01-01,S02,S02-L01,1,running,183.1877,468.9078,106.5935,42.6477,0.6522,A,relation-reasoning-agent-eval-v3.1
2026-09-05T22:50:00+09:00,CMP-S02-L02-01,S02,S02-L02,1,running,169.1021,393.9522,98.967,54.1893,2.6012,C,relation-reasoning-agent-eval-v3.1
2026-09-05T22:50:00+09:00,CMP-S02-L03-01,S02,S02-L03,1,running,186.8714,464.9895,98.6694,38.4621,-0.5891,A,relation-reasoning-agent-eval-v3.1
2026-09-05T22:50:00+09:00,CMP-S02-L04-01,S02,S02-L04,1,running,174.2185,433.0397,106.456,37.696,-0.7839,A,relation-reasoning-agent-eval-v3.1
2026-09-05T22:50:00+09:00,CMP-S02-L05-01,S02,S02-L05,1,running,166.7372,453.0742,92.8565,36.7744,-0.6594,A,relation-reasoning-agent-eval-v3.1
2026-09-05T23:00:00+09:00,CMP-S02-L01-01,S02,S02-L01,1,running,176.0024,444.0636,102.0582,40.9464,0.3372,A,relation-reasoning-agent-eval-v3.1
2026-09-05T23:00:00+09:00,CMP-S02-L02-01,S02,S02-L02,1,running,156.6694,380.6907,99.9611,49.8449,1.7967,B,relation-reasoning-agent-eval-v3.1
2026-09-05T23:00:00+09:00,CMP-S02-L03-01,S02,S02-L03,1,running,196.4879,423.8709,100.1147,42.2308,0.1088,A,relation-reasoning-agent-eval-v3.1
2026-09-05T23:00:00+09:00,CMP-S02-L04-01,S02,S02-L04,1,running,180.2888,490.2124,103.4391,36.7026,-0.9679,A,relation-reasoning-agent-eval-v3.1
2026-09-05T23:00:00+09:00,CMP-S02-L05-01,S02,S02-L05,1,running,170.917,424.0827,94.6538,42.633,0.4256,A,relation-reasoning-agent-eval-v3.1
2026-09-05T23:10:00+09:00,CMP-S02-L01-01,S02,S02-L01,1,running,199.7986,443.9313,100.3194,41.59,0.4564,A,relation-reasoning-agent-eval-v3.1
2026-09-05T23:10:00+09:00,CMP-S02-L02-01,S02,S02-L02,1,running,157.6677,413.6644,100.7694,42.7259,0.4784,A,relation-reasoning-agent-eval-v3.1
2026-09-05T23:10:00+09:00,CMP-S02-L03-01,S02,S02-L03,1,running,169.3565,432.1938,97.8756,43.1789,0.2844,A,relation-reasoning-agent-eval-v3.1
2026-09-05T23:10:00+09:00,CMP-S02-L04-01,S02,S02-L04,1,running,183.3895,466.9615,108.8006,33.2076,-1.6151,B,relation-reasoning-agent-eval-v3.1
2026-09-05T23:10:00+09:00,CMP-S02-L05-01,S02,S02-L05,1,running,156.4756,429.8258,95.1004,46.4841,1.1387,B,relation-reasoning-agent-eval-v3.1
2026-09-05T23:20:00+09:00,CMP-S02-L01-01,S02,S02-L01,1,running,186.8127,459.4731,98.4367,43.6578,0.8393,A,relation-reasoning-agent-eval-v3.1
2026-09-05T23:20:00+09:00,CMP-S02-L02-01,S02,S02-L02,1,running,168.0176,396.0259,101.4589,40.0917,-0.0094,A,relation-reasoning-agent-eval-v3.1
2026-09-05T23:20:00+09:00,CMP-S02-L03-01,S02,S02-L03,1,running,182.6921,447.0035,97.392,42.0673,0.0785,A,relation-reasoning-agent-eval-v3.1
2026-09-05T23:20:00+09:00,CMP-S02-L04-01,S02,S02-L04,1,running,176.6091,468.9552,103.4249,43.4726,0.2858,A,relation-reasoning-agent-eval-v3.1
2026-09-05T23:20:00+09:00,CMP-S02-L05-01,S02,S02-L05,1,running,155.4758,448.1502,98.3512,40.2404,-0.0175,A,relation-reasoning-agent-eval-v3.1
2026-09-05T23:30:00+09:00,CMP-S02-L01-01,S02,S02-L01,1,running,178.809,481.7814,99.2293,35.7619,-0.6229,A,relation-reasoning-agent-eval-v3.1
2026-09-05T23:30:00+09:00,CMP-S02-L02-01,S02,S02-L02,1,running,182.5198,388.6167,98.6928,45.4345,0.98,A,relation-reasoning-agent-eval-v3.1
2026-09-05T23:30:00+09:00,CMP-S02-L03-01,S02,S02-L03,1,running,179.4922,416.9319,94.6216,41.8042,0.0298,A,relation-reasoning-agent-eval-v3.1
2026-09-05T23:30:00+09:00,CMP-S02-L04-01,S02,S02-L04,1,running,175.8265,480.404,105.6483,39.3167,-0.4838,A,relation-reasoning-agent-eval-v3.1
2026-09-05T23:30:00+09:00,CMP-S02-L05-01,S02,S02-L05,1,running,158.9178,436.7659,104.1787,43.6032,0.6052,A,relation-reasoning-agent-eval-v3.1
2026-09-05T23:40:00+09:00,CMP-S02-L01-01,S02,S02-L01,1,running,176.6695,498.5314,95.1685,37.6127,-0.2802,A,relation-reasoning-agent-eval-v3.1
2026-09-05T23:40:00+09:00,CMP-S02-L02-01,S02,S02-L02,1,running,167.1783,422.4348,93.7169,39.7366,-0.0752,A,relation-reasoning-agent-eval-v3.1
2026-09-05T23:40:00+09:00,CMP-S02-L03-01,S02,S02-L03,1,running,187.6633,397.9924,93.8843,40.0822,-0.2891,A,relation-reasoning-agent-eval-v3.1
2026-09-05T23:40:00+09:00,CMP-S02-L04-01,S02,S02-L04,1,running,182.2152,498.4882,91.8719,34.4923,-1.3772,B,relation-reasoning-agent-eval-v3.1
2026-09-05T23:40:00+09:00,CMP-S02-L05-01,S02,S02-L05,1,running,162.8647,429.0448,102.6945,51.6818,2.1013,C,relation-reasoning-agent-eval-v3.1
2026-09-05T23:50:00+09:00,CMP-S02-L01-01,S02,S02-L01,1,running,193.8526,494.1417,92.9996,32.2515,-1.273,B,relation-reasoning-agent-eval-v3.1
2026-09-05T23:50:00+09:00,CMP-S02-L02-01,S02,S02-L02,1,running,145.7741,400.2664,96.431,38.8815,-0.2335,A,relation-reasoning-agent-eval-v3.1
2026-09-05T23:50:00+09:00,CMP-S02-L03-01,S02,S02-L03,1,running,194.2282,410.1506,97.0191,41.0752,-0.1052,A,relation-reasoning-agent-eval-v3.1
2026-09-05T23:50:00+09:00,CMP-S02-L04-01,S02,S02-L04,1,running,172.7576,541.9934,97.4217,42.939,0.187,A,relation-reasoning-agent-eval-v3.1
2026-09-05T23:50:00+09:00,CMP-S02-L05-01,S02,S02-L05,1,running,159.9209,414.6957,101.0011,45.853,1.0219,B,relation-reasoning-agent-eval-v3.1
2026-09-06T00:00:00+09:00,CMP-S02-L01-01,S02,S02-L01,1,running,204.2067,484.6136,95.4359,38.7855,-0.063,A,relation-reasoning-agent-eval-v3.1
2026-09-06T00:00:00+09:00,CMP-S02-L02-01,S02,S02-L02,1,running,134.8478,407.2402,98.8272,38.2141,-0.3571,A,relation-reasoning-agent-eval-v3.1
2026-09-06T00:00:00+09:00,CMP-S02-L03-01,S02,S02-L03,1,running,196.1212,424.465,100.1205,42.7686,0.2084,A,relation-reasoning-agent-eval-v3.1
2026-09-06T00:00:00+09:00,CMP-S02-L04-01,S02,S02-L04,1,running,183.0973,444.002,107.5165,43.821,0.3503,A,relation-reasoning-agent-eval-v3.1
2026-09-06T00:00:00+09:00,CMP-S02-L05-01,S02,S02-L05,1,running,162.7118,436.6439,100.2818,41.3621,0.1902,A,relation-reasoning-agent-eval-v3.1
2026-09-06T00:10:00+09:00,CMP-S02-L01-01,S02,S02-L01,1,running,190.2919,490.7827,97.0284,38.1704,-0.1769,A,relation-reasoning-agent-eval-v3.1
2026-09-06T00:10:00+09:00,CMP-S02-L02-01,S02,S02-L02,1,running,139.5411,483.5771,98.7387,31.9165,-1.5234,B,relation-reasoning-agent-eval-v3.1
2026-09-06T00:10:00+09:00,CMP-S02-L03-01,S02,S02-L03,1,running,182.7053,412.2398,98.9625,46.1757,0.8394,A,relation-reasoning-agent-eval-v3.1
2026-09-06T00:10:00+09:00,CMP-S02-L04-01,S02,S02-L04,1,running,181.1859,459.1932,109.4377,47.3696,1.0075,B,relation-reasoning-agent-eval-v3.1
2026-09-06T00:10:00+09:00,CMP-S02-L05-01,S02,S02-L05,1,running,170.6114,469.0881,99.1091,45.7198,0.9972,A,relation-reasoning-agent-eval-v3.1
2026-09-06T00:20:00+09:00,CMP-S02-L01-01,S02,S02-L01,1,running,185.3881,495.1541,95.3819,34.2988,-0.8939,A,relation-reasoning-agent-eval-v3.1
2026-09-06T00:20:00+09:00,CMP-S02-L02-01,S02,S02-L02,1,running,162.0776,460.7373,100.1175,33.4035,-1.248,B,relation-reasoning-agent-eval-v3.1
2026-09-06T00:20:00+09:00,CMP-S02-L03-01,S02,S02-L03,1,running,173.8926,434.0835,95.3046,36.9555,-0.8681,A,relation-reasoning-agent-eval-v3.1
2026-09-06T00:20:00+09:00,CMP-S02-L04-01,S02,S02-L04,1,running,168.2106,466.7011,113.7254,49.2336,1.3527,B,relation-reasoning-agent-eval-v3.1
2026-09-06T00:20:00+09:00,CMP-S02-L05-01,S02,S02-L05,1,running,187.355,422.4228,99.126,38.6094,-0.3196,A,relation-reasoning-agent-eval-v3.1
2026-09-06T00:30:00+09:00,CMP-S02-L01-01,S02,S02-L01,1,running,176.5728,513.6395,97.8761,33.4599,-1.0492,B,relation-reasoning-agent-eval-v3.1
2026-09-06T00:30:00+09:00,CMP-S02-L02-01,S02,S02-L02,1,running,177.2816,432.5385,93.6922,34.6702,-1.0134,B,relation-reasoning-agent-eval-v3.1
2026-09-06T00:30:00+09:00,CMP-S02-L03-01,S02,S02-L03,1,running,182.2005,392.3927,103.3937,32.3269,-1.7252,B,relation-reasoning-agent-eval-v3.1
2026-09-06T00:30:00+09:00,CMP-S02-L04-01,S02,S02-L04,1,running,167.8381,437.0174,109.8457,49.101,1.3281,B,relation-reasoning-agent-eval-v3.1
2026-09-06T00:30:00+09:00,CMP-S02-L05-01,S02,S02-L05,1,running,157.5509,444.6857,98.8545,44.9372,0.8523,A,relation-reasoning-agent-eval-v3.1
2026-09-06T00:40:00+09:00,CMP-S02-L01-01,S02,S02-L01,1,running,167.1609,526.211,98.4499,35.9666,-0.585,A,relation-reasoning-agent-eval-v3.1
2026-09-06T00:40:00+09:00,CMP-S02-L02-01,S02,S02-L02,1,running,158.1566,473.2474,98.0986,38.9129,-0.2277,A,relation-reasoning-agent-eval-v3.1
2026-09-06T00:40:00+09:00,CMP-S02-L03-01,S02,S02-L03,1,running,193.3228,432.0944,94.0971,32.5377,-1.6862,B,relation-reasoning-agent-eval-v3.1
2026-09-06T00:40:00+09:00,CMP-S02-L04-01,S02,S02-L04,1,running,146.2851,485.0318,108.3173,41.9553,0.0048,A,relation-reasoning-agent-eval-v3.1
2026-09-06T00:40:00+09:00,CMP-S02-L05-01,S02,S02-L05,1,running,168.8068,499.4694,97.1378,42.9718,0.4883,A,relation-reasoning-agent-eval-v3.1
2026-09-06T00:50:00+09:00,CMP-S02-L01-01,S02,S02-L01,1,running,166.5108,502.6417,99.3456,41.1611,0.3769,A,relation-reasoning-agent-eval-v3.1
2026-09-06T00:50:00+09:00,CMP-S02-L02-01,S02,S02-L02,1,running,166.4435,470.9853,87.4992,31.6813,-1.5669,B,relation-reasoning-agent-eval-v3.1
2026-09-06T00:50:00+09:00,CMP-S02-L03-01,S02,S02-L03,1,running,179.601,409.7702,89.9588,32.0789,-1.7712,B,relation-reasoning-agent-eval-v3.1
2026-09-06T00:50:00+09:00,CMP-S02-L04-01,S02,S02-L04,1,running,140.2302,514.4836,105.7367,45.2509,0.6151,A,relation-reasoning-agent-eval-v3.1
2026-09-06T00:50:00+09:00,CMP-S02-L05-01,S02,S02-L05,1,running,168.595,526.6434,100.2011,35.6547,-0.8667,A,relation-reasoning-agent-eval-v3.1
2026-09-06T01:00:00+09:00,CMP-S02-L01-01,S02,S02-L01,1,running,164.3918,507.9921,100.78,39.2678,0.0263,A,relation-reasoning-agent-eval-v3.1
2026-09-06T01:00:00+09:00,CMP-S02-L02-01,S02,S02-L02,1,running,189.8292,499.8321,87.6456,36.8381,-0.612,A,relation-reasoning-agent-eval-v3.1
2026-09-06T01:00:00+09:00,CMP-S02-L03-01,S02,S02-L03,1,running,192.9817,369.159,92.9594,36.6033,-0.9333,A,relation-reasoning-agent-eval-v3.1
2026-09-06T01:00:00+09:00,CMP-S02-L04-01,S02,S02-L04,1,running,154.6389,457.7245,102.9115,37.4672,-0.8263,A,relation-reasoning-agent-eval-v3.1
2026-09-06T01:00:00+09:00,CMP-S02-L05-01,S02,S02-L05,1,running,168.8041,501.9105,106.2324,36.2031,-0.7652,A,relation-reasoning-agent-eval-v3.1
2026-09-06T01:10:00+09:00,CMP-S02-L01-01,S02,S02-L01,1,running,159.8164,457.9095,97.6911,47.0591,1.4692,B,relation-reasoning-agent-eval-v3.1
2026-09-06T01:10:00+09:00,CMP-S02-L02-01,S02,S02-L02,1,running,183.7983,444.7465,89.2084,36.145,-0.7403,A,relation-reasoning-agent-eval-v3.1
2026-09-06T01:10:00+09:00,CMP-S02-L03-01,S02,S02-L03,1,running,180.4319,389.2944,97.432,46.9569,0.984,A,relation-reasoning-agent-eval-v3.1
2026-09-06T01:10:00+09:00,CMP-S02-L04-01,S02,S02-L04,1,running,169.1343,470.7771,109.4968,41.1057,-0.1525,A,relation-reasoning-agent-eval-v3.1
2026-09-06T01:10:00+09:00,CMP-S02-L05-01,S02,S02-L05,1,running,155.4918,466.6254,105.7257,38.168,-0.4013,A,relation-reasoning-agent-eval-v3.1
2026-09-06T01:20:00+09:00,CMP-S02-L01-01,S02,S02-L01,1,running,152.2202,476.7812,100.3994,46.0271,1.278,B,relation-reasoning-agent-eval-v3.1
2026-09-06T01:20:00+09:00,CMP-S02-L02-01,S02,S02-L02,1,running,189.0445,432.6955,93.864,38.4394,-0.3154,A,relation-reasoning-agent-eval-v3.1
2026-09-06T01:20:00+09:00,CMP-S02-L03-01,S02,S02-L03,1,running,200.305,370.4362,97.9972,46.8157,0.9579,A,relation-reasoning-agent-eval-v3.1
2026-09-06T01:20:00+09:00,CMP-S02-L04-01,S02,S02-L04,1,running,166.838,469.6598,106.8061,43.3291,0.2592,A,relation-reasoning-agent-eval-v3.1
2026-09-06T01:20:00+09:00,CMP-S02-L05-01,S02,S02-L05,1,running,166.3656,396.0785,104.5114,32.813,-1.393,B,relation-reasoning-agent-eval-v3.1
2026-09-06T01:30:00+09:00,CMP-S02-L01-01,S02,S02-L01,1,running,161.6146,480.4122,106.566,44.101,0.9214,A,relation-reasoning-agent-eval-v3.1
2026-09-06T01:30:00+09:00,CMP-S02-L02-01,S02,S02-L02,1,running,184.9232,450.4096,92.0539,38.2059,-0.3587,A,relation-reasoning-agent-eval-v3.1
2026-09-06T01:30:00+09:00,CMP-S02-L03-01,S02,S02-L03,1,running,178.8471,399.6559,106.2174,50.1475,1.5749,B,relation-reasoning-agent-eval-v3.1
2026-09-06T01:30:00+09:00,CMP-S02-L04-01,S02,S02-L04,1,running,164.683,428.2156,107.4299,42.7475,0.1516,A,relation-reasoning-agent-eval-v3.1
2026-09-06T01:30:00+09:00,CMP-S02-L05-01,S02,S02-L05,1,running,169.1495,416.6846,104.0329,32.086,-1.5276,B,relation-reasoning-agent-eval-v3.1
2026-09-06T01:40:00+09:00,CMP-S02-L01-01,S02,S02-L01,1,running,149.0001,503.9941,107.9825,41.5688,0.4524,A,relation-reasoning-agent-eval-v3.1
2026-09-06T01:40:00+09:00,CMP-S02-L02-01,S02,S02-L02,1,running,191.9583,489.7515,93.0897,37.382,-0.5112,A,relation-reasoning-agent-eval-v3.1
2026-09-06T01:40:00+09:00,CMP-S02-L03-01,S02,S02-L03,1,running,175.4698,400.8136,108.2667,46.7303,0.9421,A,relation-reasoning-agent-eval-v3.1
2026-09-06T01:40:00+09:00,CMP-S02-L04-01,S02,S02-L04,1,running,151.3174,446.8586,108.6842,40.0573,-0.3466,A,relation-reasoning-agent-eval-v3.1
2026-09-06T01:40:00+09:00,CMP-S02-L05-01,S02,S02-L05,1,running,167.1787,440.2032,97.6334,35.8374,-0.8329,A,relation-reasoning-agent-eval-v3.1
2026-09-06T01:50:00+09:00,CMP-S02-L01-01,S02,S02-L01,1,running,166.5948,487.1499,106.1608,36.7788,-0.4346,A,relation-reasoning-agent-eval-v3.1
2026-09-06T01:50:00+09:00,CMP-S02-L02-01,S02,S02-L02,1,running,191.7883,507.9776,92.7619,31.441,-1.6114,B,relation-reasoning-agent-eval-v3.1
2026-09-06T01:50:00+09:00,CMP-S02-L03-01,S02,S02-L03,1,running,159.6662,349.3128,110.0212,46.2768,0.8581,A,relation-reasoning-agent-eval-v3.1
2026-09-06T01:50:00+09:00,CMP-S02-L04-01,S02,S02-L04,1,running,152.398,406.0376,111.2176,43.6425,0.3173,A,relation-reasoning-agent-eval-v3.1
2026-09-06T01:50:00+09:00,CMP-S02-L05-01,S02,S02-L05,1,running,158.9865,407.0486,100.5305,35.6042,-0.8761,A,relation-reasoning-agent-eval-v3.1
2026-09-06T02:00:00+09:00,CMP-S02-L01-01,S02,S02-L01,1,running,166.7082,453.4972,103.4041,36.0393,-0.5716,A,relation-reasoning-agent-eval-v3.1
2026-09-06T02:00:00+09:00,CMP-S02-L02-01,S02,S02-L02,1,running,181.4332,524.728,97.5265,38.1499,-0.369,A,relation-reasoning-agent-eval-v3.1
2026-09-06T02:00:00+09:00,CMP-S02-L03-01,S02,S02-L03,1,running,166.336,433.7416,111.296,42.9094,0.2345,A,relation-reasoning-agent-eval-v3.1
2026-09-06T02:00:00+09:00,CMP-S02-L04-01,S02,S02-L04,1,running,163.5667,394.7699,118.2552,44.4074,0.4589,A,relation-reasoning-agent-eval-v3.1
2026-09-06T02:00:00+09:00,CMP-S02-L05-01,S02,S02-L05,1,running,161.6023,450.1421,96.7488,40.5426,0.0385,A,relation-reasoning-agent-eval-v3.1
2026-09-06T02:10:00+09:00,CMP-S02-L01-01,S02,S02-L01,1,running,176.3441,433.6989,112.7267,35.5316,-0.6656,A,relation-reasoning-agent-eval-v3.1
2026-09-06T02:10:00+09:00,CMP-S02-L02-01,S02,S02-L02,1,running,168.3037,494.2354,101.23,39.8693,-0.0506,A,relation-reasoning-agent-eval-v3.1
2026-09-06T02:10:00+09:00,CMP-S02-L03-01,S02,S02-L03,1,running,157.8303,478.0594,113.0281,36.1215,-1.0225,B,relation-reasoning-agent-eval-v3.1
2026-09-06T02:10:00+09:00,CMP-S02-L04-01,S02,S02-L04,1,running,169.2175,414.9813,110.1756,44.6418,0.5023,A,relation-reasoning-agent-eval-v3.1
2026-09-06T02:10:00+09:00,CMP-S02-L05-01,S02,S02-L05,1,running,150.8467,443.724,96.887,36.9886,-0.6197,A,relation-reasoning-agent-eval-v3.1
2026-09-06T02:20:00+09:00,CMP-S02-L01-01,S02,S02-L01,1,running,174.6084,481.2352,102.4574,35.3241,-0.704,A,relation-reasoning-agent-eval-v3.1
2026-09-06T02:20:00+09:00,CMP-S02-L02-01,S02,S02-L02,1,running,172.7942,494.9434,98.7925,37.4796,-0.4932,A,relation-reasoning-agent-eval-v3.1
2026-09-06T02:20:00+09:00,CMP-S02-L03-01,S02,S02-L03,1,running,156.6335,491.7585,116.0112,36.1464,-1.0179,B,relation-reasoning-agent-eval-v3.1
2026-09-06T02:20:00+09:00,CMP-S02-L04-01,S02,S02-L04,1,running,168.5307,433.5438,105.1936,48.2743,1.175,B,relation-reasoning-agent-eval-v3.1
2026-09-06T02:20:00+09:00,CMP-S02-L05-01,S02,S02-L05,1,running,142.6805,427.3719,101.8712,40.614,0.0517,A,relation-reasoning-agent-eval-v3.1
2026-09-06T02:30:00+09:00,CMP-S02-L01-01,S02,S02-L01,1,running,176.6511,442.9516,104.6094,38.4932,-0.1171,A,relation-reasoning-agent-eval-v3.1
2026-09-06T02:30:00+09:00,CMP-S02-L02-01,S02,S02-L02,1,running,178.7682,493.4117,97.9179,35.6389,-0.834,A,relation-reasoning-agent-eval-v3.1
2026-09-06T02:30:00+09:00,CMP-S02-L03-01,S02,S02-L03,1,running,166.5205,473.9566,112.1298,28.7791,-2.3822,C,relation-reasoning-agent-eval-v3.1
2026-09-06T02:30:00+09:00,CMP-S02-L04-01,S02,S02-L04,1,running,172.7221,434.279,105.7192,44.9731,0.5637,A,relation-reasoning-agent-eval-v3.1
2026-09-06T02:30:00+09:00,CMP-S02-L05-01,S02,S02-L05,1,running,155.0821,427.2289,91.7005,43.005,0.4944,A,relation-reasoning-agent-eval-v3.1
2026-09-06T02:40:00+09:00,CMP-S02-L01-01,S02,S02-L01,1,running,165.7732,417.1218,101.801,33.6831,-1.0079,B,relation-reasoning-agent-eval-v3.1
2026-09-06T02:40:00+09:00,CMP-S02-L02-01,S02,S02-L02,1,running,167.208,471.3243,100.4161,34.8628,-0.9778,A,relation-reasoning-agent-eval-v3.1
2026-09-06T02:40:00+09:00,CMP-S02-L03-01,S02,S02-L03,1,running,168.7893,420.1929,103.0448,23.7983,-3.3046,D,relation-reasoning-agent-eval-v3.1
2026-09-06T02:40:00+09:00,CMP-S02-L04-01,S02,S02-L04,1,running,172.1202,425.0358,103.8018,42.0058,0.0142,A,relation-reasoning-agent-eval-v3.1
2026-09-06T02:40:00+09:00,CMP-S02-L05-01,S02,S02-L05,1,running,161.1824,447.103,93.7136,44.5916,0.7883,A,relation-reasoning-agent-eval-v3.1
2026-09-06T02:50:00+09:00,CMP-S02-L01-01,S02,S02-L01,1,running,149.5512,432.5462,98.8017,31.5558,-1.4018,B,relation-reasoning-agent-eval-v3.1
2026-09-06T02:50:00+09:00,CMP-S02-L02-01,S02,S02-L02,1,running,183.3287,434.2165,94.7087,40.0997,-0.008,A,relation-reasoning-agent-eval-v3.1
2026-09-06T02:50:00+09:00,CMP-S02-L03-01,S02,S02-L03,1,running,168.3331,421.3653,103.7757,26.9633,-2.7185,C,relation-reasoning-agent-eval-v3.1
2026-09-06T02:50:00+09:00,CMP-S02-L04-01,S02,S02-L04,1,running,160.5595,455.9711,103.5776,38.7966,-0.5801,A,relation-reasoning-agent-eval-v3.1
2026-09-06T02:50:00+09:00,CMP-S02-L05-01,S02,S02-L05,1,running,174.0722,427.3905,100.8819,42.551,0.4104,A,relation-reasoning-agent-eval-v3.1
2026-09-06T03:00:00+09:00,CMP-S02-L01-01,S02,S02-L01,1,running,156.0077,488.4805,101.7917,32.0621,-1.3081,B,relation-reasoning-agent-eval-v3.1
2026-09-06T03:00:00+09:00,CMP-S02-L02-01,S02,S02-L02,1,running,181.38,489.6558,97.7331,43.5739,0.6354,A,relation-reasoning-agent-eval-v3.1
2026-09-06T03:00:00+09:00,CMP-S02-L03-01,S02,S02-L03,1,running,145.8484,400.8401,103.5232,35.2913,-1.1763,B,relation-reasoning-agent-eval-v3.1
2026-09-06T03:00:00+09:00,CMP-S02-L04-01,S02,S02-L04,1,running,178.4179,435.2709,101.6241,35.9819,-1.1013,B,relation-reasoning-agent-eval-v3.1
2026-09-06T03:00:00+09:00,CMP-S02-L05-01,S02,S02-L05,1,running,178.1954,406.1253,93.0525,41.1648,0.1537,A,relation-reasoning-agent-eval-v3.1
2026-09-06T03:10:00+09:00,CMP-S02-L01-01,S02,S02-L01,1,running,151.9585,494.5664,102.49,31.8524,-1.3469,B,relation-reasoning-agent-eval-v3.1
2026-09-06T03:10:00+09:00,CMP-S02-L02-01,S02,S02-L02,1,running,163.7586,466.283,96.1628,40.5844,0.0818,A,relation-reasoning-agent-eval-v3.1
2026-09-06T03:10:00+09:00,CMP-S02-L03-01,S02,S02-L03,1,running,152.4838,412.4225,104.1566,36.6835,-0.9185,A,relation-reasoning-agent-eval-v3.1
2026-09-06T03:10:00+09:00,CMP-S02-L04-01,S02,S02-L04,1,running,175.1297,423.0366,97.6631,45.2322,0.6117,A,relation-reasoning-agent-eval-v3.1
2026-09-06T03:10:00+09:00,CMP-S02-L05-01,S02,S02-L05,1,running,193.2735,383.8678,89.7193,38.0533,-0.4225,A,relation-reasoning-agent-eval-v3.1
2026-09-06T03:20:00+09:00,CMP-S02-L01-01,S02,S02-L01,1,running,145.6037,440.5509,102.207,26.3628,-2.3635,C,relation-reasoning-agent-eval-v3.1
2026-09-06T03:20:00+09:00,CMP-S02-L02-01,S02,S02-L02,1,running,174.6063,460.8792,103.1413,39.4874,-0.1214,A,relation-reasoning-agent-eval-v3.1
2026-09-06T03:20:00+09:00,CMP-S02-L03-01,S02,S02-L03,1,running,165.672,445.6803,106.9169,42.8833,0.2296,A,relation-reasoning-agent-eval-v3.1
2026-09-06T03:20:00+09:00,CMP-S02-L04-01,S02,S02-L04,1,running,180.8865,445.674,96.9989,49.0918,1.3264,B,relation-reasoning-agent-eval-v3.1
2026-09-06T03:20:00+09:00,CMP-S02-L05-01,S02,S02-L05,1,running,195.4604,366.4137,95.5558,38.0287,-0.4271,A,relation-reasoning-agent-eval-v3.1
2026-09-06T03:30:00+09:00,CMP-S02-L01-01,S02,S02-L01,1,running,133.745,460.6206,99.7517,34.4044,-0.8743,A,relation-reasoning-agent-eval-v3.1
2026-09-06T03:30:00+09:00,CMP-S02-L02-01,S02,S02-L02,1,running,168.3417,458.2304,98.7194,39.8157,-0.0606,A,relation-reasoning-agent-eval-v3.1
2026-09-06T03:30:00+09:00,CMP-S02-L03-01,S02,S02-L03,1,running,157.8727,408.2689,105.5099,39.4209,-0.4115,A,relation-reasoning-agent-eval-v3.1
2026-09-06T03:30:00+09:00,CMP-S02-L04-01,S02,S02-L04,1,running,188.6914,456.7043,96.6472,56.7018,2.7357,C,relation-reasoning-agent-eval-v3.1
2026-09-06T03:30:00+09:00,CMP-S02-L05-01,S02,S02-L05,1,running,187.4955,430.2182,96.742,40.4972,0.03,A,relation-reasoning-agent-eval-v3.1
2026-09-06T03:40:00+09:00,CMP-S02-L01-01,S02,S02-L01,1,running,147.7041,417.9077,102.1566,37.9088,-0.2253,A,relation-reasoning-agent-eval-v3.1
2026-09-06T03:40:00+09:00,CMP-S02-L02-01,S02,S02-L02,1,running,160.2358,433.5478,92.0326,38.8537,-0.2387,A,relation-reasoning-agent-eval-v3.1
2026-09-06T03:40:00+09:00,CMP-S02-L03-01,S02,S02-L03,1,running,173.0539,422.5847,103.7223,36.7504,-0.9061,A,relation-reasoning-agent-eval-v3.1
2026-09-06T03:40:00+09:00,CMP-S02-L04-01,S02,S02-L04,1,running,198.8169,445.0455,98.2331,56.6057,2.7179,C,relation-reasoning-agent-eval-v3.1
2026-09-06T03:40:00+09:00,CMP-S02-L05-01,S02,S02-L05,1,running,172.4395,414.6289,105.4463,44.168,0.7098,A,relation-reasoning-agent-eval-v3.1
2026-09-06T03:50:00+09:00,CMP-S02-L01-01,S02,S02-L01,1,running,153.2482,440.1657,104.3492,43.0792,0.7321,A,relation-reasoning-agent-eval-v3.1
2026-09-06T03:50:00+09:00,CMP-S02-L02-01,S02,S02-L02,1,running,160.1631,427.9698,92.5685,38.6188,-0.2822,A,relation-reasoning-agent-eval-v3.1
2026-09-06T03:50:00+09:00,CMP-S02-L03-01,S02,S02-L03,1,running,185.5447,456.0468,105.0886,41.3566,-0.0531,A,relation-reasoning-agent-eval-v3.1
2026-09-06T03:50:00+09:00,CMP-S02-L04-01,S02,S02-L04,1,running,194.0434,462.8637,97.8954,49.9436,1.4842,B,relation-reasoning-agent-eval-v3.1
2026-09-06T03:50:00+09:00,CMP-S02-L05-01,S02,S02-L05,1,running,161.1257,416.3743,100.5168,36.4695,-0.7158,A,relation-reasoning-agent-eval-v3.1
2026-09-06T04:00:00+09:00,CMP-S02-L01-01,S02,S02-L01,1,running,164.2526,433.3078,105.2985,41.9084,0.5153,A,relation-reasoning-agent-eval-v3.1
2026-09-06T04:00:00+09:00,CMP-S02-L02-01,S02,S02-L02,1,running,155.886,417.6073,98.819,37.846,-0.4253,A,relation-reasoning-agent-eval-v3.1
2026-09-06T04:00:00+09:00,CMP-S02-L03-01,S02,S02-L03,1,running,172.5304,469.751,99.5697,43.3428,0.3147,A,relation-reasoning-agent-eval-v3.1
2026-09-06T04:00:00+09:00,CMP-S02-L04-01,S02,S02-L04,1,running,182.1486,489.5221,101.8501,44.9559,0.5605,A,relation-reasoning-agent-eval-v3.1
2026-09-06T04:00:00+09:00,CMP-S02-L05-01,S02,S02-L05,1,running,163.1986,432.092,91.6137,35.5352,-0.8888,A,relation-reasoning-agent-eval-v3.1
2026-09-06T04:10:00+09:00,CMP-S02-L01-01,S02,S02-L01,1,running,164.4098,504.1573,96.9881,42.6207,0.6472,A,relation-reasoning-agent-eval-v3.1
2026-09-06T04:10:00+09:00,CMP-S02-L02-01,S02,S02-L02,1,running,151.7618,435.9676,99.6658,35.3641,-0.8849,A,relation-reasoning-agent-eval-v3.1
2026-09-06T04:10:00+09:00,CMP-S02-L03-01,S02,S02-L03,1,running,167.1648,526.3017,98.5625,36.3133,-0.987,A,relation-reasoning-agent-eval-v3.1
2026-09-06T04:10:00+09:00,CMP-S02-L04-01,S02,S02-L04,1,running,188.5963,491.9531,101.4015,44.5443,0.4843,A,relation-reasoning-agent-eval-v3.1
2026-09-06T04:10:00+09:00,CMP-S02-L05-01,S02,S02-L05,1,running,160.8533,476.8004,97.7154,38.5833,-0.3244,A,relation-reasoning-agent-eval-v3.1
2026-09-06T04:20:00+09:00,CMP-S02-L01-01,S02,S02-L01,1,running,165.6384,520.1862,92.8872,47.3446,1.522,B,relation-reasoning-agent-eval-v3.1
2026-09-06T04:20:00+09:00,CMP-S02-L02-01,S02,S02-L02,1,running,155.1798,398.7685,104.6865,37.0401,-0.5746,A,relation-reasoning-agent-eval-v3.1
2026-09-06T04:20:00+09:00,CMP-S02-L03-01,S02,S02-L03,1,running,163.2475,505.9913,95.2165,36.2997,-0.9895,A,relation-reasoning-agent-eval-v3.1
2026-09-06T04:20:00+09:00,CMP-S02-L04-01,S02,S02-L04,1,running,194.28,487.5825,100.941,43.4381,0.2794,A,relation-reasoning-agent-eval-v3.1
2026-09-06T04:20:00+09:00,CMP-S02-L05-01,S02,S02-L05,1,running,162.4541,476.3167,95.9332,38.2259,-0.3906,A,relation-reasoning-agent-eval-v3.1
2026-09-06T04:30:00+09:00,CMP-S02-L01-01,S02,S02-L01,1,running,161.2752,511.7736,100.6793,46.1849,1.3073,B,relation-reasoning-agent-eval-v3.1
2026-09-06T04:30:00+09:00,CMP-S02-L02-01,S02,S02-L02,1,running,160.8894,404.067,99.058,39.9337,-0.0387,A,relation-reasoning-agent-eval-v3.1
2026-09-06T04:30:00+09:00,CMP-S02-L03-01,S02,S02-L03,1,running,171.7479,478.0753,95.6022,40.121,-0.2819,A,relation-reasoning-agent-eval-v3.1
2026-09-06T04:30:00+09:00,CMP-S02-L04-01,S02,S02-L04,1,running,203.4749,468.2271,99.6965,39.7452,-0.4044,A,relation-reasoning-agent-eval-v3.1
2026-09-06T04:30:00+09:00,CMP-S02-L05-01,S02,S02-L05,1,running,160.1521,464.0702,95.4683,32.8842,-1.3798,B,relation-reasoning-agent-eval-v3.1
2026-09-06T04:40:00+09:00,CMP-S02-L01-01,S02,S02-L01,1,running,165.1547,453.1245,100.1206,45.0437,1.0959,B,relation-reasoning-agent-eval-v3.1
2026-09-06T04:40:00+09:00,CMP-S02-L02-01,S02,S02-L02,1,running,160.6159,445.4721,102.144,37.5884,-0.473,A,relation-reasoning-agent-eval-v3.1
2026-09-06T04:40:00+09:00,CMP-S02-L03-01,S02,S02-L03,1,running,171.5152,480.8287,95.3034,34.0835,-1.3999,B,relation-reasoning-agent-eval-v3.1
2026-09-06T04:40:00+09:00,CMP-S02-L04-01,S02,S02-L04,1,running,193.0965,480.3765,97.4637,33.7415,-1.5162,B,relation-reasoning-agent-eval-v3.1
2026-09-06T04:40:00+09:00,CMP-S02-L05-01,S02,S02-L05,1,running,160.4998,514.7748,94.066,36.0519,-0.7932,A,relation-reasoning-agent-eval-v3.1
2026-09-06T04:50:00+09:00,CMP-S02-L01-01,S02,S02-L01,1,running,174.0011,459.004,100.7287,36.1511,-0.5508,A,relation-reasoning-agent-eval-v3.1
2026-09-06T04:50:00+09:00,CMP-S02-L02-01,S02,S02-L02,1,running,144.3356,443.1286,104.3004,35.1157,-0.9309,A,relation-reasoning-agent-eval-v3.1
2026-09-06T04:50:00+09:00,CMP-S02-L03-01,S02,S02-L03,1,running,160.633,434.8408,102.3289,34.3604,-1.3487,B,relation-reasoning-agent-eval-v3.1
2026-09-06T04:50:00+09:00,CMP-S02-L04-01,S02,S02-L04,1,running,189.0847,458.9137,100.5024,42.3355,0.0753,A,relation-reasoning-agent-eval-v3.1
2026-09-06T04:50:00+09:00,CMP-S02-L05-01,S02,S02-L05,1,running,164.6925,491.8664,93.4507,35.7257,-0.8536,A,relation-reasoning-agent-eval-v3.1
2026-09-06T05:00:00+09:00,CMP-S02-L01-01,S02,S02-L01,1,running,183.5381,477.1105,101.4278,39.2957,0.0315,A,relation-reasoning-agent-eval-v3.1
2026-09-06T05:00:00+09:00,CMP-S02-L02-01,S02,S02-L02,1,running,154.0103,468.1465,102.102,41.0482,0.1677,A,relation-reasoning-agent-eval-v3.1
2026-09-06T05:00:00+09:00,CMP-S02-L03-01,S02,S02-L03,1,running,191.5017,500.4399,99.2492,42.4189,0.1437,A,relation-reasoning-agent-eval-v3.1
2026-09-06T05:00:00+09:00,CMP-S02-L04-01,S02,S02-L04,1,running,183.4728,501.9512,99.4623,44.5971,0.4941,A,relation-reasoning-agent-eval-v3.1
2026-09-06T05:00:00+09:00,CMP-S02-L05-01,S02,S02-L05,1,running,182.0264,504.4063,98.6289,33.7453,-1.2203,B,relation-reasoning-agent-eval-v3.1
2026-09-06T05:10:00+09:00,CMP-S02-L01-01,S02,S02-L01,1,running,181.8622,440.8372,97.0295,42.5143,0.6275,A,relation-reasoning-agent-eval-v3.1
2026-09-06T05:10:00+09:00,CMP-S02-L02-01,S02,S02-L02,1,running,162.5896,421.4284,97.9252,40.4189,0.0512,A,relation-reasoning-agent-eval-v3.1
2026-09-06T05:10:00+09:00,CMP-S02-L03-01,S02,S02-L03,1,running,214.344,498.5815,98.7402,46.6713,0.9311,A,relation-reasoning-agent-eval-v3.1
2026-09-06T05:10:00+09:00,CMP-S02-L04-01,S02,S02-L04,1,running,183.5339,486.9013,95.1367,43.2718,0.2486,A,relation-reasoning-agent-eval-v3.1
2026-09-06T05:10:00+09:00,CMP-S02-L05-01,S02,S02-L05,1,running,181.8562,539.494,102.2858,44.2098,0.7176,A,relation-reasoning-agent-eval-v3.1
2026-09-06T05:20:00+09:00,CMP-S02-L01-01,S02,S02-L01,1,running,181.3105,458.0377,93.5649,40.1684,0.1931,A,relation-reasoning-agent-eval-v3.1
2026-09-06T05:20:00+09:00,CMP-S02-L02-01,S02,S02-L02,1,running,167.0998,396.1577,108.623,44.3553,0.7801,A,relation-reasoning-agent-eval-v3.1
2026-09-06T05:20:00+09:00,CMP-S02-L03-01,S02,S02-L03,1,running,218.7864,537.7191,93.2201,48.3693,1.2456,B,relation-reasoning-agent-eval-v3.1
2026-09-06T05:20:00+09:00,CMP-S02-L04-01,S02,S02-L04,1,running,194.987,486.48,90.1236,34.7839,-1.3232,B,relation-reasoning-agent-eval-v3.1
2026-09-06T05:20:00+09:00,CMP-S02-L05-01,S02,S02-L05,1,running,176.9178,540.1019,94.8311,46.5401,1.1491,B,relation-reasoning-agent-eval-v3.1
2026-09-06T05:30:00+09:00,CMP-S02-L01-01,S02,S02-L01,1,running,163.5689,447.8632,92.3551,36.1182,-0.5569,A,relation-reasoning-agent-eval-v3.1
2026-09-06T05:30:00+09:00,CMP-S02-L02-01,S02,S02-L02,1,running,156.9114,392.1669,108.5434,39.312,-0.1538,A,relation-reasoning-agent-eval-v3.1
2026-09-06T05:30:00+09:00,CMP-S02-L03-01,S02,S02-L03,1,running,211.1923,511.9947,94.4325,52.4347,1.9984,B,relation-reasoning-agent-eval-v3.1
2026-09-06T05:30:00+09:00,CMP-S02-L04-01,S02,S02-L04,1,running,185.1238,439.2878,93.9993,40.7529,-0.2178,A,relation-reasoning-agent-eval-v3.1
2026-09-06T05:30:00+09:00,CMP-S02-L05-01,S02,S02-L05,1,running,169.2932,457.4704,93.9686,47.1592,1.2637,B,relation-reasoning-agent-eval-v3.1
2026-09-06T05:40:00+09:00,CMP-S02-L01-01,S02,S02-L01,1,running,177.2486,478.3322,98.9751,36.7384,-0.4421,A,relation-reasoning-agent-eval-v3.1
2026-09-06T05:40:00+09:00,CMP-S02-L02-01,S02,S02-L02,1,running,178.0726,386.7458,106.8628,37.5695,-0.4765,A,relation-reasoning-agent-eval-v3.1
2026-09-06T05:40:00+09:00,CMP-S02-L03-01,S02,S02-L03,1,running,196.374,482.7628,101.4222,48.246,1.2227,B,relation-reasoning-agent-eval-v3.1
2026-09-06T05:40:00+09:00,CMP-S02-L04-01,S02,S02-L04,1,running,176.1459,450.0301,96.3632,42.8509,0.1707,A,relation-reasoning-agent-eval-v3.1
2026-09-06T05:40:00+09:00,CMP-S02-L05-01,S02,S02-L05,1,running,164.8056,422.9122,95.7521,44.6133,0.7923,A,relation-reasoning-agent-eval-v3.1
2026-09-06T05:50:00+09:00,CMP-S02-L01-01,S02,S02-L01,1,running,170.2858,479.1593,96.3104,40.8554,0.3203,A,relation-reasoning-agent-eval-v3.1
2026-09-06T05:50:00+09:00,CMP-S02-L02-01,S02,S02-L02,1,running,181.2909,399.6562,94.104,41.3842,0.2299,A,relation-reasoning-agent-eval-v3.1
2026-09-06T05:50:00+09:00,CMP-S02-L03-01,S02,S02-L03,1,running,162.2303,489.423,100.6128,38.7807,-0.5301,A,relation-reasoning-agent-eval-v3.1
2026-09-06T05:50:00+09:00,CMP-S02-L04-01,S02,S02-L04,1,running,184.0492,399.6193,100.4703,42.8262,0.1661,A,relation-reasoning-agent-eval-v3.1
2026-09-06T05:50:00+09:00,CMP-S02-L05-01,S02,S02-L05,1,running,140.9382,448.7375,99.8496,50.409,1.8656,B,relation-reasoning-agent-eval-v3.1
2026-09-06T06:00:00+09:00,CMP-S02-L01-01,S02,S02-L01,1,running,173.6909,531.9313,89.8181,43.2152,0.7573,A,relation-reasoning-agent-eval-v3.1
2026-09-06T06:00:00+09:00,CMP-S02-L02-01,S02,S02-L02,1,running,165.2679,385.3114,97.1591,43.272,0.5795,A,relation-reasoning-agent-eval-v3.1
2026-09-06T06:00:00+09:00,CMP-S02-L03-01,S02,S02-L03,1,running,161.312,434.4755,103.4556,48.0986,1.1954,B,relation-reasoning-agent-eval-v3.1
2026-09-06T06:00:00+09:00,CMP-S02-L04-01,S02,S02-L04,1,running,175.3651,406.9849,103.9578,47.743,1.0766,B,relation-reasoning-agent-eval-v3.1
2026-09-06T06:00:00+09:00,CMP-S02-L05-01,S02,S02-L05,1,running,128.9655,480.9361,101.6983,49.4081,1.6802,B,relation-reasoning-agent-eval-v3.1
2026-09-06T06:10:00+09:00,CMP-S02-L01-01,S02,S02-L01,1,running,184.5358,540.3459,92.5394,38.5047,-0.115,A,relation-reasoning-agent-eval-v3.1
2026-09-06T06:10:00+09:00,CMP-S02-L02-01,S02,S02-L02,1,running,170.5699,393.8712,95.279,37.9614,-0.4039,A,relation-reasoning-agent-eval-v3.1
2026-09-06T06:10:00+09:00,CMP-S02-L03-01,S02,S02-L03,1,running,181.4813,414.3419,102.7433,43.461,0.3366,A,relation-reasoning-agent-eval-v3.1
2026-09-06T06:10:00+09:00,CMP-S02-L04-01,S02,S02-L04,1,running,164.9637,446.2242,105.9332,43.1094,0.2186,A,relation-reasoning-agent-eval-v3.1
2026-09-06T06:10:00+09:00,CMP-S02-L05-01,S02,S02-L05,1,running,135.8458,468.1683,111.0363,47.1321,1.2587,B,relation-reasoning-agent-eval-v3.1
2026-09-06T06:20:00+09:00,CMP-S02-L01-01,S02,S02-L01,1,running,167.3651,478.7969,92.7471,39.0394,-0.016,A,relation-reasoning-agent-eval-v3.1
2026-09-06T06:20:00+09:00,CMP-S02-L02-01,S02,S02-L02,1,running,166.589,409.0886,94.5841,33.0865,-1.3067,B,relation-reasoning-agent-eval-v3.1
2026-09-06T06:20:00+09:00,CMP-S02-L03-01,S02,S02-L03,1,running,179.0866,417.5674,107.9165,41.5221,-0.0224,A,relation-reasoning-agent-eval-v3.1
2026-09-06T06:20:00+09:00,CMP-S02-L04-01,S02,S02-L04,1,running,178.8709,435.7978,107.3357,45.955,0.7455,A,relation-reasoning-agent-eval-v3.1
2026-09-06T06:20:00+09:00,CMP-S02-L05-01,S02,S02-L05,1,running,146.0265,451.016,105.5205,44.0541,0.6887,A,relation-reasoning-agent-eval-v3.1
2026-09-06T06:30:00+09:00,CMP-S02-L01-01,S02,S02-L01,1,running,159.0224,493.8114,90.7068,39.904,0.1441,A,relation-reasoning-agent-eval-v3.1
2026-09-06T06:30:00+09:00,CMP-S02-L02-01,S02,S02-L02,1,running,170.2193,434.641,100.7457,36.9572,-0.5899,A,relation-reasoning-agent-eval-v3.1
2026-09-06T06:30:00+09:00,CMP-S02-L03-01,S02,S02-L03,1,running,175.9573,397.5397,111.972,39.2893,-0.4359,A,relation-reasoning-agent-eval-v3.1
2026-09-06T06:30:00+09:00,CMP-S02-L04-01,S02,S02-L04,1,running,194.3826,434.612,107.0928,43.9894,0.3815,A,relation-reasoning-agent-eval-v3.1
2026-09-06T06:30:00+09:00,CMP-S02-L05-01,S02,S02-L05,1,running,166.3508,465.537,97.2495,40.4528,0.0218,A,relation-reasoning-agent-eval-v3.1
2026-09-06T06:40:00+09:00,CMP-S02-L01-01,S02,S02-L01,1,running,168.2468,462.6383,95.3547,41.8181,0.4986,A,relation-reasoning-agent-eval-v3.1
2026-09-06T06:40:00+09:00,CMP-S02-L02-01,S02,S02-L02,1,running,165.9025,415.9575,104.9634,33.752,-1.1835,B,relation-reasoning-agent-eval-v3.1
2026-09-06T06:40:00+09:00,CMP-S02-L03-01,S02,S02-L03,1,running,176.0064,400.2016,108.965,35.7518,-1.091,B,relation-reasoning-agent-eval-v3.1
2026-09-06T06:40:00+09:00,CMP-S02-L04-01,S02,S02-L04,1,running,199.1819,463.0122,100.0503,42.0484,0.0221,A,relation-reasoning-agent-eval-v3.1
2026-09-06T06:40:00+09:00,CMP-S02-L05-01,S02,S02-L05,1,running,170.9575,480.4448,98.2497,37.4078,-0.5421,A,relation-reasoning-agent-eval-v3.1
2026-09-06T06:50:00+09:00,CMP-S02-L01-01,S02,S02-L01,1,running,181.5837,424.2593,102.0911,47.7321,1.5938,B,relation-reasoning-agent-eval-v3.1
2026-09-06T06:50:00+09:00,CMP-S02-L02-01,S02,S02-L02,1,running,158.4155,399.1596,99.9336,41.5303,0.257,A,relation-reasoning-agent-eval-v3.1
2026-09-06T06:50:00+09:00,CMP-S02-L03-01,S02,S02-L03,1,running,169.3534,397.3901,109.48,36.7032,-0.9148,A,relation-reasoning-agent-eval-v3.1
2026-09-06T06:50:00+09:00,CMP-S02-L04-01,S02,S02-L04,1,running,202.1945,472.3573,96.2603,37.7723,-0.7698,A,relation-reasoning-agent-eval-v3.1
2026-09-06T06:50:00+09:00,CMP-S02-L05-01,S02,S02-L05,1,running,167.192,500.9049,92.935,38.4773,-0.344,A,relation-reasoning-agent-eval-v3.1
2026-09-06T07:00:00+09:00,CMP-S02-L01-01,S02,S02-L01,1,running,183.6992,470.8437,107.119,38.0111,-0.2064,A,relation-reasoning-agent-eval-v3.1
2026-09-06T07:00:00+09:00,CMP-S02-L02-01,S02,S02-L02,1,running,143.3228,385.8742,107.1083,41.1761,0.1914,A,relation-reasoning-agent-eval-v3.1
2026-09-06T07:00:00+09:00,CMP-S02-L03-01,S02,S02-L03,1,running,161.7316,413.4995,111.4797,35.087,-1.2141,B,relation-reasoning-agent-eval-v3.1
2026-09-06T07:00:00+09:00,CMP-S02-L04-01,S02,S02-L04,1,running,192.3105,480.0144,100.036,36.5441,-0.9972,A,relation-reasoning-agent-eval-v3.1
2026-09-06T07:00:00+09:00,CMP-S02-L05-01,S02,S02-L05,1,running,172.1168,502.4541,92.9849,41.5529,0.2255,A,relation-reasoning-agent-eval-v3.1
2026-09-06T07:10:00+09:00,CMP-S02-L01-01,S02,S02-L01,1,running,172.7166,489.313,99.1314,45.4484,1.1709,B,relation-reasoning-agent-eval-v3.1
2026-09-06T07:10:00+09:00,CMP-S02-L02-01,S02,S02-L02,1,running,140.9384,416.0287,111.4957,38.9748,-0.2163,A,relation-reasoning-agent-eval-v3.1
2026-09-06T07:10:00+09:00,CMP-S02-L03-01,S02,S02-L03,1,running,179.4892,384.6772,115.8515,41.3978,-0.0454,A,relation-reasoning-agent-eval-v3.1
2026-09-06T07:10:00+09:00,CMP-S02-L04-01,S02,S02-L04,1,running,194.1338,476.8988,99.3634,40.4557,-0.2729,A,relation-reasoning-agent-eval-v3.1
2026-09-06T07:10:00+09:00,CMP-S02-L05-01,S02,S02-L05,1,running,178.5369,486.2847,84.6476,38.9137,-0.2632,A,relation-reasoning-agent-eval-v3.1
2026-09-06T07:20:00+09:00,CMP-S02-L01-01,S02,S02-L01,1,running,167.7751,473.8993,104.6046,43.4461,0.8001,A,relation-reasoning-agent-eval-v3.1
2026-09-06T07:20:00+09:00,CMP-S02-L02-01,S02,S02-L02,1,running,150.3108,433.5729,107.446,36.8113,-0.6169,A,relation-reasoning-agent-eval-v3.1
2026-09-06T07:20:00+09:00,CMP-S02-L03-01,S02,S02-L03,1,running,184.0866,412.1658,115.2112,46.7264,0.9413,A,relation-reasoning-agent-eval-v3.1
2026-09-06T07:20:00+09:00,CMP-S02-L04-01,S02,S02-L04,1,running,178.1741,489.8009,103.8196,40.6788,-0.2315,A,relation-reasoning-agent-eval-v3.1
2026-09-06T07:20:00+09:00,CMP-S02-L05-01,S02,S02-L05,1,running,180.2882,474.0145,96.1701,38.4279,-0.3532,A,relation-reasoning-agent-eval-v3.1
2026-09-06T07:30:00+09:00,CMP-S02-L01-01,S02,S02-L01,1,running,166.0828,452.9284,103.4596,38.8299,-0.0548,A,relation-reasoning-agent-eval-v3.1
2026-09-06T07:30:00+09:00,CMP-S02-L02-01,S02,S02-L02,1,running,155.5082,446.3037,107.9044,36.5394,-0.6673,A,relation-reasoning-agent-eval-v3.1
2026-09-06T07:30:00+09:00,CMP-S02-L03-01,S02,S02-L03,1,running,181.6116,414.8655,109.2437,40.9212,-0.1337,A,relation-reasoning-agent-eval-v3.1
2026-09-06T07:30:00+09:00,CMP-S02-L04-01,S02,S02-L04,1,running,178.745,475.6683,103.3584,49.8596,1.4686,B,relation-reasoning-agent-eval-v3.1
2026-09-06T07:30:00+09:00,CMP-S02-L05-01,S02,S02-L05,1,running,167.0926,477.3664,97.9169,35.6443,-0.8687,A,relation-reasoning-agent-eval-v3.1
2026-09-06T07:40:00+09:00,CMP-S02-L01-01,S02,S02-L01,1,running,171.9323,454.0626,98.1995,33.1936,-1.0985,B,relation-reasoning-agent-eval-v3.1
2026-09-06T07:40:00+09:00,CMP-S02-L02-01,S02,S02-L02,1,running,173.3866,427.717,104.7608,38.8028,-0.2481,A,relation-reasoning-agent-eval-v3.1
2026-09-06T07:40:00+09:00,CMP-S02-L03-01,S02,S02-L03,1,running,176.6191,400.4577,112.8523,33.8627,-1.4408,B,relation-reasoning-agent-eval-v3.1
2026-09-06T07:40:00+09:00,CMP-S02-L04-01,S02,S02-L04,1,running,164.8421,424.4571,107.486,50.8554,1.653,B,relation-reasoning-agent-eval-v3.1
2026-09-06T07:40:00+09:00,CMP-S02-L05-01,S02,S02-L05,1,running,172.7553,509.5435,100.2502,40.0666,-0.0497,A,relation-reasoning-agent-eval-v3.1
2026-09-06T07:50:00+09:00,CMP-S02-L01-01,S02,S02-L01,1,running,170.9543,509.016,105.4711,30.6393,-1.5715,B,relation-reasoning-agent-eval-v3.1
2026-09-06T07:50:00+09:00,CMP-S02-L02-01,S02,S02-L02,1,running,176.939,426.0459,105.1428,37.1327,-0.5574,A,relation-reasoning-agent-eval-v3.1
2026-09-06T07:50:00+09:00,CMP-S02-L03-01,S02,S02-L03,1,running,189.2749,375.9676,110.8322,38.9248,-0.5034,A,relation-reasoning-agent-eval-v3.1
2026-09-06T07:50:00+09:00,CMP-S02-L04-01,S02,S02-L04,1,running,163.1939,443.3491,109.4675,51.7711,1.8226,B,relation-reasoning-agent-eval-v3.1
2026-09-06T07:50:00+09:00,CMP-S02-L05-01,S02,S02-L05,1,running,185.3718,551.3214,99.3179,42.1933,0.3441,A,relation-reasoning-agent-eval-v3.1
2026-09-06T08:00:00+09:00,CMP-S02-L01-01,S02,S02-L01,1,running,182.7759,456.5197,100.4212,42.3908,0.6047,A,relation-reasoning-agent-eval-v3.1
2026-09-06T08:00:00+09:00,CMP-S02-L02-01,S02,S02-L02,1,running,164.7211,432.2195,105.6433,37.5587,-0.4785,A,relation-reasoning-agent-eval-v3.1
2026-09-06T08:00:00+09:00,CMP-S02-L03-01,S02,S02-L03,1,running,172.1178,368.2793,112.2064,42.3049,0.1225,A,relation-reasoning-agent-eval-v3.1
2026-09-06T08:00:00+09:00,CMP-S02-L04-01,S02,S02-L04,1,running,157.5471,451.6011,111.2226,56.8779,2.7683,C,relation-reasoning-agent-eval-v3.1
2026-09-06T08:00:00+09:00,CMP-S02-L05-01,S02,S02-L05,1,running,196.2403,523.7507,99.8525,41.1854,0.1575,A,relation-reasoning-agent-eval-v3.1
